Datetime,Ticker,Open,High,Low,Close,Volume
1996-03-18,EWA,10.125,10.125,10.0,10.0,35200
1996-03-19,EWA,10.125,10.125,10.125,10.125,500
1996-03-20,EWA,10.125,10.125,10.125,10.125,500
1996-03-21,EWA,10.25,10.25,10.25,10.25,37700
1996-03-22,EWA,10.25,10.25,10.25,10.25,600
1996-03-25,EWA,10.25,10.25,10.25,10.25,500
1996-03-26,EWA,10.25,10.25,10.25,10.25,0
1996-03-27,EWA,10.25,10.25,10.25,10.25,400
1996-03-28,EWA,10.25,10.25,10.25,10.25,100
1996-03-29,EWA,10.125,10.25,10.125,10.25,200200
1996-04-01,EWA,10.375,10.375,10.375,10.375,900
1996-04-02,EWA,10.375,10.375,10.375,10.375,3700
1996-04-03,EWA,10.25,10.25,10.1875,10.25,5300
1996-04-04,EWA,10.375,10.375,10.375,10.375,100
1996-04-08,EWA,10.125,10.1875,10.125,10.1875,10300
1996-04-09,EWA,10.3125,10.3125,10.3125,10.3125,10000
1996-04-10,EWA,10.3125,10.375,10.25,10.25,8600
1996-04-11,EWA,10.25,10.25,10.25,10.25,0
1996-04-12,EWA,10.25,10.25,10.25,10.25,0
1996-04-15,EWA,10.375,10.5,10.375,10.5,65300
1996-04-16,EWA,10.5,10.5,10.375,10.4375,16000
1996-04-17,EWA,10.4375,10.4375,10.4375,10.4375,1300
1996-04-18,EWA,10.375,10.5,10.375,10.5,19200
1996-04-19,EWA,10.5,10.5,10.5,10.5,2200
1996-04-22,EWA,10.5625,10.5625,10.5,10.5,1400
1996-04-23,EWA,10.625,10.6875,10.625,10.625,246000
1996-04-24,EWA,10.6875,10.6875,10.6875,10.6875,5400
1996-04-25,EWA,10.6875,10.75,10.6875,10.6875,21100
1996-04-26,EWA,10.8125,10.875,10.75,10.8125,51800
1996-04-29,EWA,10.875,10.875,10.6875,10.75,35900
1996-04-30,EWA,10.6875,10.6875,10.6875,10.6875,1600
1996-05-01,EWA,10.6875,10.6875,10.625,10.6875,3900
1996-05-02,EWA,10.75,10.875,10.6875,10.8125,145600
1996-05-03,EWA,10.8125,10.8125,10.75,10.8125,19000
1996-05-06,EWA,10.875,10.875,10.75,10.75,51500
1996-05-07,EWA,10.8125,10.8125,10.8125,10.8125,14600
1996-05-08,EWA,10.8125,10.8125,10.6875,10.8125,16500
1996-05-09,EWA,10.75,10.75,10.6875,10.75,4000
1996-05-10,EWA,10.75,10.75,10.75,10.75,1000
1996-05-13,EWA,10.6875,10.6875,10.5625,10.5625,25500
1996-05-14,EWA,10.6875,10.75,10.6875,10.75,2100
1996-05-15,EWA,10.625,10.6875,10.625,10.6875,3100
1996-05-16,EWA,10.5625,10.625,10.4375,10.5625,18300
1996-05-17,EWA,10.4375,10.5625,10.4375,10.5625,5100
1996-05-20,EWA,10.5,10.625,10.5,10.625,3500
1996-05-21,EWA,10.75,10.8125,10.4375,10.5625,29000
1996-05-22,EWA,10.5625,10.5625,10.5625,10.5625,700
1996-05-23,EWA,10.5625,10.5625,10.5625,10.5625,7700
1996-05-24,EWA,10.5625,10.5625,10.5625,10.5625,900
1996-05-28,EWA,10.625,10.625,10.5625,10.5625,600
1996-05-29,EWA,10.625,10.625,10.625,10.625,12000
1996-05-30,EWA,10.625,10.625,10.5625,10.5625,3600
1996-05-31,EWA,10.625,10.625,10.625,10.625,7600
1996-06-03,EWA,10.5,10.5,10.375,10.375,3400
1996-06-04,EWA,10.5,10.5,10.5,10.5,7100
1996-06-05,EWA,10.4375,10.4375,10.4375,10.4375,2300
1996-06-06,EWA,10.375,10.375,10.375,10.375,3100
1996-06-07,EWA,10.25,10.25,10.25,10.25,11000
1996-06-10,EWA,10.25,10.3125,10.25,10.3125,16800
1996-06-11,EWA,10.3125,10.375,10.3125,10.375,5800
1996-06-12,EWA,10.5,10.5,10.4375,10.4375,10600
1996-06-13,EWA,10.5,10.5,10.375,10.5,38500
1996-06-14,EWA,10.5,10.5,10.4375,10.5,7300
1996-06-17,EWA,10.4375,10.4375,10.4375,10.4375,7400
1996-06-18,EWA,10.5,10.5,10.375,10.5,5600
1996-06-19,EWA,10.5,10.5,10.375,10.375,7200
1996-06-20,EWA,10.5625,10.5625,10.5,10.5625,7500
1996-06-21,EWA,10.5625,10.625,10.5625,10.5625,9800
1996-06-24,EWA,10.625,10.625,10.5625,10.5625,10700
1996-06-25,EWA,10.5625,10.625,10.5625,10.5625,2100
1996-06-26,EWA,10.5,10.5625,10.5,10.5625,4200
1996-06-27,EWA,10.5,10.5,10.375,10.375,3200
1996-06-28,EWA,10.4375,10.4375,10.4375,10.4375,2400
1996-07-01,EWA,10.4375,10.4375,10.4375,10.4375,4700
1996-07-02,EWA,10.4375,10.5,10.4375,10.5,7000
1996-07-03,EWA,10.4375,10.4375,10.25,10.3125,13000
1996-07-05,EWA,10.25,10.375,10.25,10.375,7400
1996-07-08,EWA,10.5625,10.5625,10.25,10.25,22500
1996-07-09,EWA,10.375,10.375,10.375,10.375,22200
1996-07-10,EWA,10.375,10.375,10.25,10.375,11200
1996-07-11,EWA,10.25,10.25,10.0625,10.0625,35000
1996-07-12,EWA,10.125,10.125,10.0,10.125,20700
1996-07-15,EWA,9.875,9.875,9.75,9.75,3300
1996-07-16,EWA,9.75,9.75,9.5625,9.5625,18700
1996-07-17,EWA,9.6875,9.875,9.5625,9.875,13000
1996-07-18,EWA,9.875,9.875,9.875,9.875,300
1996-07-19,EWA,10.25,10.25,10.0,10.0,11700
1996-07-22,EWA,9.875,10.0,9.875,10.0,9900
1996-07-23,EWA,9.875,10.0,9.875,10.0,4600
1996-07-24,EWA,9.75,9.75,9.5,9.625,99000
1996-07-25,EWA,9.625,9.75,9.625,9.625,21900
1996-07-26,EWA,9.75,9.8125,9.75,9.8125,1200
1996-07-29,EWA,9.8125,9.8125,9.8125,9.8125,17400
1996-07-30,EWA,9.8125,9.8125,9.8125,9.8125,600
1996-07-31,EWA,9.9375,10.125,9.9375,10.0,27700
1996-08-01,EWA,10.0625,10.0625,9.9375,10.0,3200
1996-08-02,EWA,10.0,10.0,10.0,10.0,600
1996-08-05,EWA,10.0,10.0,10.0,10.0,600
1996-08-06,EWA,10.0,10.0,10.0,10.0,1300
1996-08-07,EWA,10.0625,10.125,10.0625,10.125,2900
1996-08-08,EWA,10.125,10.125,10.125,10.125,0
1996-08-09,EWA,10.0,10.0,10.0,10.0,10000
1996-08-12,EWA,10.0,10.0,10.0,10.0,0
1996-08-13,EWA,10.0,10.0,10.0,10.0,0
1996-08-14,EWA,10.125,10.125,10.125,10.125,1200
1996-08-15,EWA,10.0625,10.125,10.0625,10.125,700
1996-08-16,EWA,10.125,10.125,10.125,10.125,200
1996-08-19,EWA,10.375,10.4375,10.375,10.4375,1500
1996-08-20,EWA,10.375,10.375,10.375,10.375,300
1996-08-21,EWA,10.5,10.625,10.5,10.5,3200
1996-08-22,EWA,10.5,10.5,10.375,10.375,3700
1996-08-23,EWA,10.5,10.5,10.4375,10.4375,9600
1996-08-26,EWA,10.375,10.375,10.25,10.25,500
1996-08-27,EWA,10.1875,10.1875,10.1875,10.1875,300
1996-08-28,EWA,10.125,10.125,10.125,10.125,2700
1996-08-29,EWA,10.125,10.125,10.125,10.125,300
1996-08-30,EWA,10.1875,10.1875,10.1875,10.1875,1900
1996-09-03,EWA,10.125,10.125,10.0,10.0,1900
1996-09-04,EWA,10.0625,10.1875,10.0625,10.1875,700
1996-09-05,EWA,10.0625,10.0625,10.0625,10.0625,300
1996-09-06,EWA,10.125,10.125,10.125,10.125,10000
1996-09-09,EWA,10.25,10.25,10.125,10.125,2000
1996-09-10,EWA,10.25,10.25,10.25,10.25,200
1996-09-11,EWA,10.25,10.25,10.25,10.25,900
1996-09-12,EWA,10.25,10.25,10.25,10.25,0
1996-09-13,EWA,10.25,10.25,10.125,10.125,2100
1996-09-16,EWA,10.125,10.125,10.125,10.125,0
1996-09-17,EWA,10.125,10.125,10.0,10.125,1400
1996-09-18,EWA,9.9375,9.9375,9.8125,9.875,78400
1996-09-19,EWA,9.875,9.9375,9.875,9.9375,700
1996-09-20,EWA,10.0,10.0,9.875,9.875,200
1996-09-23,EWA,9.75,9.75,9.75,9.75,1700
1996-09-24,EWA,9.875,9.875,9.875,9.875,1400
1996-09-25,EWA,9.9375,10.125,9.9375,10.125,4300
1996-09-26,EWA,10.125,10.125,10.125,10.125,0
1996-09-27,EWA,10.0625,10.0625,10.0625,10.0625,600
1996-09-30,EWA,10.0625,10.1875,10.0625,10.1875,1800
1996-10-01,EWA,10.1875,10.1875,10.0625,10.125,1100
1996-10-02,EWA,10.25,10.375,10.25,10.375,2100
1996-10-03,EWA,10.3125,10.3125,10.25,10.25,5800
1996-10-04,EWA,10.375,10.375,10.3125,10.3125,1200
1996-10-07,EWA,10.25,10.4375,10.25,10.4375,13600
1996-10-08,EWA,10.3125,10.375,10.3125,10.375,700
1996-10-09,EWA,10.375,10.375,10.25,10.3125,600
1996-10-10,EWA,10.3125,10.375,10.3125,10.375,700
1996-10-11,EWA,10.375,10.5,10.375,10.5,36000
1996-10-14,EWA,10.375,10.625,10.375,10.5625,6000
1996-10-15,EWA,10.6875,10.6875,10.5,10.5,16800
1996-10-16,EWA,10.625,10.625,10.5,10.625,4100
1996-10-17,EWA,10.625,10.625,10.5625,10.625,9400
1996-10-18,EWA,10.5625,10.75,10.5625,10.6875,2200
1996-10-21,EWA,10.6875,10.75,10.6875,10.75,3700
1996-10-22,EWA,10.75,10.75,10.75,10.75,1900
1996-10-23,EWA,10.75,10.75,10.625,10.75,13400
1996-10-24,EWA,10.6875,10.8125,10.6875,10.8125,3400
1996-10-25,EWA,10.625,10.625,10.625,10.625,8700
1996-10-28,EWA,10.5625,10.5625,10.375,10.375,4300
1996-10-29,EWA,10.375,10.375,10.3125,10.375,1500
1996-10-30,EWA,10.5,10.5625,10.5,10.5,4300
1996-10-31,EWA,10.625,10.625,10.625,10.625,200
1996-11-01,EWA,10.5625,10.5625,10.5,10.5,11100
1996-11-04,EWA,10.625,10.625,10.5,10.625,1500
1996-11-05,EWA,10.625,10.625,10.5,10.5,20100
1996-11-06,EWA,10.5,10.625,10.5,10.5,2600
1996-11-07,EWA,10.5,10.5,10.375,10.375,1200
1996-11-08,EWA,10.4375,10.4375,10.4375,10.4375,40000
1996-11-11,EWA,10.375,10.4375,10.3125,10.4375,28600
1996-11-12,EWA,10.4375,10.4375,10.4375,10.4375,0
1996-11-13,EWA,10.375,10.375,10.375,10.375,1200
1996-11-14,EWA,10.375,10.5,10.375,10.5,39300
1996-11-15,EWA,10.5,10.625,10.5,10.625,20100
1996-11-18,EWA,10.625,10.625,10.5,10.625,3300
1996-11-19,EWA,10.625,10.625,10.5625,10.625,3100
1996-11-20,EWA,10.75,10.75,10.6875,10.6875,1300
1996-11-21,EWA,10.875,11.0,10.875,10.9375,21200
1996-11-22,EWA,10.9375,10.9375,10.875,10.875,4200
1996-11-25,EWA,11.0,11.125,11.0,11.0625,28000
1996-11-26,EWA,11.0,11.0,11.0,11.0,6300
1996-11-27,EWA,11.0,11.0,10.875,10.9375,30600
1996-11-29,EWA,11.0,11.0,10.9375,10.9375,12300
1996-12-02,EWA,11.0,11.0625,11.0,11.0625,9900
1996-12-03,EWA,10.9375,11.0,10.75,10.75,8000
1996-12-04,EWA,10.75,10.75,10.625,10.625,1100
1996-12-05,EWA,10.75,10.75,10.75,10.75,1100
1996-12-06,EWA,10.5,10.5625,10.5,10.5,48800
1996-12-09,EWA,10.625,10.6875,10.5625,10.6875,2900
1996-12-10,EWA,10.75,10.75,10.75,10.75,3000
1996-12-11,EWA,10.5,10.625,10.5,10.625,5400
1996-12-12,EWA,10.4375,10.5625,10.4375,10.5,5100
1996-12-13,EWA,10.4375,10.4375,10.375,10.4375,3400
1996-12-16,EWA,10.5625,10.5625,10.5625,10.5625,300
1996-12-17,EWA,10.4375,10.4375,10.375,10.375,2900
1996-12-18,EWA,10.375,10.375,10.375,10.375,0
1996-12-19,EWA,10.5625,10.5625,10.5,10.5,1600
1996-12-20,EWA,10.6875,10.8125,10.6875,10.8125,6900
1996-12-23,EWA,10.75,10.8125,10.75,10.8125,22200
1996-12-24,EWA,10.75,10.75,10.75,10.75,4100
1996-12-26,EWA,10.6875,10.6875,10.6875,10.6875,100
1996-12-27,EWA,10.6875,10.875,10.6875,10.6875,2700
1996-12-30,EWA,10.8125,10.9375,10.8125,10.9375,4300
1996-12-31,EWA,10.9375,11.0,10.8125,11.0,3800
1997-01-02,EWA,10.8125,10.875,10.75,10.75,3900
1997-01-03,EWA,10.8125,10.8125,10.6875,10.6875,5700
1997-01-06,EWA,10.6875,10.75,10.625,10.75,7100
1997-01-07,EWA,10.625,10.75,10.625,10.75,19700
1997-01-08,EWA,10.625,10.6875,10.625,10.6875,800
1997-01-09,EWA,10.5625,10.6875,10.5625,10.625,4800
1997-01-10,EWA,10.625,10.625,10.625,10.625,300
1997-01-13,EWA,10.6875,10.6875,10.625,10.6875,2900
1997-01-14,EWA,10.6875,10.75,10.625,10.6875,6000
1997-01-15,EWA,10.75,10.75,10.625,10.75,4900
1997-01-16,EWA,10.75,10.8125,10.6875,10.8125,13300
1997-01-17,EWA,10.8125,10.8125,10.8125,10.8125,1100
1997-01-20,EWA,10.8125,10.8125,10.75,10.8125,20700
1997-01-21,EWA,10.75,10.75,10.625,10.625,12100
1997-01-22,EWA,10.6875,10.75,10.625,10.75,13900
1997-01-23,EWA,10.6875,10.6875,10.6875,10.6875,900
1997-01-24,EWA,10.625,10.625,10.5,10.625,2900
1997-01-27,EWA,10.625,10.625,10.625,10.625,13600
1997-01-28,EWA,10.5,10.5,10.4375,10.4375,300
1997-01-29,EWA,10.5,10.5,10.5,10.5,600
1997-01-30,EWA,10.5,10.5,10.375,10.375,11700
1997-01-31,EWA,10.5,10.5,10.5,10.5,22600
1997-02-03,EWA,10.4375,10.625,10.4375,10.5625,3800
1997-02-04,EWA,10.4375,10.4375,10.4375,10.4375,3700
1997-02-05,EWA,10.5625,10.5625,10.4375,10.5,1900
1997-02-06,EWA,10.5,10.5625,10.4375,10.4375,7900
1997-02-07,EWA,10.4375,10.5625,10.4375,10.5625,5300
1997-02-10,EWA,10.5,10.5,10.375,10.375,12200
1997-02-11,EWA,10.375,10.5625,10.375,10.5625,6500
1997-02-12,EWA,10.5625,10.625,10.5625,10.625,1900
1997-02-13,EWA,10.75,10.9375,10.75,10.75,23300
1997-02-14,EWA,10.75,10.75,10.625,10.625,1500
1997-02-18,EWA,10.875,10.875,10.875,10.875,4700
1997-02-19,EWA,10.8125,10.8125,10.6875,10.75,4200
1997-02-20,EWA,10.75,10.75,10.625,10.75,23000
1997-02-21,EWA,10.875,10.875,10.875,10.875,12700
1997-02-24,EWA,10.875,11.0,10.875,11.0,3100
1997-02-25,EWA,11.0,11.0,11.0,11.0,2200
1997-02-26,EWA,10.75,10.75,10.6875,10.6875,100900
1997-02-27,EWA,10.6875,10.8125,10.6875,10.8125,6700
1997-02-28,EWA,10.75,10.75,10.75,10.75,17100
1997-03-03,EWA,10.625,10.6875,10.625,10.625,6700
1997-03-04,EWA,10.75,10.875,10.75,10.875,23500
1997-03-05,EWA,10.75,10.75,10.75,10.75,500
1997-03-06,EWA,10.9375,10.9375,10.9375,10.9375,7800
1997-03-07,EWA,10.9375,10.9375,10.9375,10.9375,1200
1997-03-10,EWA,10.875,10.9375,10.875,10.875,11900
1997-03-11,EWA,11.0625,11.0625,11.0,11.0,4900
1997-03-12,EWA,10.9375,11.0,10.9375,10.9375,6700
1997-03-13,EWA,11.0,11.0,10.875,10.875,2800
1997-03-14,EWA,10.8125,10.9375,10.8125,10.8125,17100
1997-03-17,EWA,10.75,10.75,10.75,10.75,500
1997-03-18,EWA,10.75,10.75,10.625,10.625,1000
1997-03-19,EWA,10.625,10.625,10.625,10.625,0
1997-03-20,EWA,10.625,10.625,10.5625,10.5625,2000
1997-03-21,EWA,10.5,10.625,10.5,10.625,1100
1997-03-24,EWA,10.6875,10.8125,10.6875,10.8125,121900
1997-03-25,EWA,10.75,10.75,10.5625,10.6875,19400
1997-03-26,EWA,10.5625,10.6875,10.5625,10.6875,1300
1997-03-27,EWA,10.6875,10.75,10.6875,10.75,2100
1997-03-31,EWA,10.625,10.6875,10.625,10.6875,5100
1997-04-01,EWA,10.5,10.5,10.5,10.5,8900
1997-04-02,EWA,10.4375,10.4375,10.3125,10.3125,3100
1997-04-03,EWA,10.3125,10.4375,10.3125,10.4375,2900
1997-04-04,EWA,10.4375,10.4375,10.4375,10.4375,7300
1997-04-07,EWA,10.5,10.5,10.4375,10.5,8000
1997-04-08,EWA,10.5,10.5,10.5,10.5,0
1997-04-09,EWA,10.5,10.5,10.5,10.5,900
1997-04-10,EWA,10.5,10.5625,10.4375,10.5625,4100
1997-04-11,EWA,10.625,10.625,10.5,10.5,6600
1997-04-14,EWA,10.5625,10.5625,10.5625,10.5625,400
1997-04-15,EWA,10.5,10.5,10.4375,10.5,6000
1997-04-16,EWA,10.5625,10.5625,10.5625,10.5625,100
1997-04-17,EWA,10.625,10.625,10.5,10.625,1000
1997-04-18,EWA,10.625,10.6875,10.625,10.6875,5900
1997-04-21,EWA,10.75,10.75,10.6875,10.6875,74700
1997-04-22,EWA,10.8125,10.8125,10.6875,10.8125,4300
1997-04-23,EWA,10.75,10.75,10.75,10.75,1400
1997-04-24,EWA,10.875,10.875,10.8125,10.8125,5800
1997-04-25,EWA,10.875,10.875,10.875,10.875,3000
1997-04-28,EWA,10.875,10.875,10.875,10.875,2000
1997-04-29,EWA,11.0625,11.0625,10.9375,10.9375,900
1997-04-30,EWA,10.9375,11.0,10.9375,11.0,900
1997-05-01,EWA,11.0,11.0,11.0,11.0,0
1997-05-02,EWA,11.0,11.0,11.0,11.0,1800
1997-05-05,EWA,11.0,11.0,10.875,10.9375,8200
1997-05-06,EWA,10.9375,11.0,10.9375,11.0,5000
1997-05-07,EWA,11.0,11.0,11.0,11.0,0
1997-05-08,EWA,11.0,11.0625,10.9375,10.9375,31700
1997-05-09,EWA,11.125,11.125,11.0625,11.125,1200
1997-05-12,EWA,11.25,11.25,11.125,11.1875,75800
1997-05-13,EWA,11.1875,11.25,11.125,11.25,6600
1997-05-14,EWA,11.25,11.3125,11.1875,11.1875,21000
1997-05-15,EWA,11.125,11.125,11.0625,11.125,55900
1997-05-16,EWA,11.125,11.25,11.0625,11.0625,82800
1997-05-19,EWA,11.0625,11.125,11.0625,11.125,900
1997-05-20,EWA,11.1875,11.1875,11.1875,11.1875,5100
1997-05-21,EWA,11.25,11.25,11.25,11.25,23000
1997-05-22,EWA,11.3125,11.375,11.3125,11.375,6600
1997-05-23,EWA,11.1875,11.1875,11.0625,11.0625,4000
1997-05-27,EWA,11.125,11.1875,11.125,11.1875,3500
1997-05-28,EWA,11.1875,11.1875,11.1875,11.1875,400
1997-05-29,EWA,11.125,11.25,11.125,11.1875,2200
1997-05-30,EWA,11.1875,11.25,11.1875,11.25,2200
1997-06-02,EWA,11.1875,11.3125,11.1875,11.1875,28600
1997-06-03,EWA,11.125,11.1875,11.125,11.1875,9700
1997-06-04,EWA,11.3125,11.3125,11.125,11.1875,20700
1997-06-05,EWA,11.25,11.25,11.25,11.25,2500
1997-06-06,EWA,11.1875,11.25,11.1875,11.25,2700
1997-06-09,EWA,11.25,11.25,11.125,11.125,6200
1997-06-10,EWA,11.3125,11.3125,11.25,11.25,3700
1997-06-11,EWA,11.25,11.3125,11.1875,11.1875,2100
1997-06-12,EWA,11.1875,11.25,11.1875,11.1875,1300
1997-06-13,EWA,11.25,11.375,11.25,11.375,26700
1997-06-16,EWA,11.375,11.4375,11.3125,11.3125,51800
1997-06-17,EWA,11.375,11.375,11.375,11.375,9200
1997-06-18,EWA,11.4375,11.5,11.375,11.4375,92100
1997-06-19,EWA,11.5,11.5625,11.5,11.5625,28400
1997-06-20,EWA,11.5625,11.625,11.5625,11.625,6900
1997-06-23,EWA,11.625,11.6875,11.625,11.625,36300
1997-06-24,EWA,11.5625,11.5625,11.5625,11.5625,11000
1997-06-25,EWA,11.625,11.625,11.5625,11.5625,20500
1997-06-26,EWA,11.5625,11.625,11.5,11.625,2235400
1997-06-27,EWA,11.5625,11.5625,11.5625,11.5625,1800
1997-06-30,EWA,11.625,11.625,11.625,11.625,900
1997-07-01,EWA,11.625,11.75,11.625,11.75,14000
1997-07-02,EWA,11.8125,11.875,11.8125,11.875,9600
1997-07-03,EWA,11.875,11.875,11.8125,11.875,14500
1997-07-07,EWA,11.625,11.625,11.4375,11.5,71700
1997-07-08,EWA,11.4375,11.5,11.375,11.5,3900
1997-07-09,EWA,11.5625,11.5625,11.4375,11.4375,4400
1997-07-10,EWA,11.5,11.5,11.4375,11.4375,4900
1997-07-11,EWA,11.4375,11.5,11.4375,11.5,1200
1997-07-14,EWA,11.1875,11.3125,11.1875,11.25,33800
1997-07-15,EWA,11.125,11.125,10.9375,10.9375,7500
1997-07-16,EWA,11.0,11.125,11.0,11.0,10100
1997-07-17,EWA,11.3125,11.3125,11.125,11.3125,5600
1997-07-18,EWA,11.375,11.375,11.1875,11.25,18800
1997-07-21,EWA,11.25,11.25,11.125,11.125,5100
1997-07-22,EWA,11.125,11.25,11.125,11.25,11500
1997-07-23,EWA,11.1875,11.3125,11.1875,11.3125,9000
1997-07-24,EWA,11.3125,11.3125,11.25,11.3125,6700
1997-07-25,EWA,11.3125,11.375,11.3125,11.375,8100
1997-07-28,EWA,11.5,11.5,11.4375,11.5,5100
1997-07-29,EWA,11.5,11.5625,11.5,11.5625,300
1997-07-30,EWA,11.5,11.5625,11.5,11.5625,2900
1997-07-31,EWA,11.5625,11.5625,11.4375,11.5625,4100
1997-08-01,EWA,11.4375,11.4375,11.3125,11.4375,7600
1997-08-04,EWA,11.3125,11.375,11.1875,11.1875,18900
1997-08-05,EWA,11.25,11.25,11.25,11.25,1000
1997-08-06,EWA,11.25,11.25,11.25,11.25,5000
1997-08-07,EWA,11.25,11.25,11.25,11.25,0
1997-08-08,EWA,11.25,11.25,11.125,11.125,4200
1997-08-11,EWA,11.125,11.125,11.0,11.0,5300
1997-08-12,EWA,11.0,11.0,10.9375,11.0,20700
1997-08-13,EWA,10.9375,11.0625,10.9375,11.0625,2000
1997-08-14,EWA,10.875,11.0625,10.875,11.0625,4700
1997-08-15,EWA,11.125,11.1875,11.0625,11.0625,19600
1997-08-18,EWA,11.0,11.0,10.9375,10.9375,3700
1997-08-19,EWA,10.875,11.0,10.875,10.9375,4900
1997-08-20,EWA,10.875,11.0,10.875,11.0,1800
1997-08-21,EWA,11.0625,11.25,11.0625,11.25,2700
1997-08-22,EWA,10.9375,11.0,10.9375,11.0,5200
1997-08-25,EWA,10.875,10.9375,10.75,10.75,1700
1997-08-26,EWA,10.625,10.625,10.5625,10.5625,3300
1997-08-27,EWA,10.6875,10.75,10.5625,10.75,21900
1997-08-28,EWA,10.625,10.625,10.5625,10.5625,1700
1997-08-29,EWA,10.5,10.5,10.375,10.4375,5300
1997-09-02,EWA,10.3125,10.3125,10.25,10.25,4900
1997-09-03,EWA,10.4375,10.4375,10.1875,10.25,75000
1997-09-04,EWA,10.3125,10.4375,10.3125,10.3125,3000
1997-09-05,EWA,10.5,10.5625,10.375,10.375,3800
1997-09-08,EWA,10.5,10.6875,10.5,10.6875,21000
1997-09-09,EWA,10.75,10.75,10.75,10.75,14400
1997-09-10,EWA,10.5625,10.6875,10.5625,10.6875,6500
1997-09-11,EWA,10.4375,10.625,10.4375,10.4375,57600
1997-09-12,EWA,10.5625,10.5625,10.375,10.4375,30300
1997-09-15,EWA,10.4375,10.4375,10.4375,10.4375,0
1997-09-16,EWA,10.375,10.375,10.3125,10.3125,12600
1997-09-17,EWA,10.5,10.5,10.375,10.375,31700
1997-09-18,EWA,10.625,10.625,10.5625,10.5625,3600
1997-09-19,EWA,10.75,11.0,10.75,11.0,48200
1997-09-22,EWA,11.0625,11.125,10.9375,10.9375,7400
1997-09-23,EWA,11.125,11.125,11.0,11.0,7600
1997-09-24,EWA,10.875,11.0625,10.875,11.0625,4600
1997-09-25,EWA,11.0625,11.25,11.0625,11.25,16200
1997-09-26,EWA,11.1875,11.1875,11.1875,11.1875,400
1997-09-29,EWA,10.9375,10.9375,10.875,10.875,33000
1997-09-30,EWA,10.875,11.0,10.8125,10.9375,12100
1997-10-01,EWA,11.125,11.1875,11.0,11.125,21000
1997-10-02,EWA,11.125,11.1875,11.125,11.1875,4000
1997-10-03,EWA,11.1875,11.1875,11.0,11.125,4000
1997-10-06,EWA,11.0625,11.0625,10.875,10.875,3300
1997-10-07,EWA,11.0,11.0,10.8125,11.0,6000
1997-10-08,EWA,11.0625,11.125,11.0625,11.125,8000
1997-10-09,EWA,11.0,11.125,10.8125,10.8125,3000
1997-10-10,EWA,10.8125,10.8125,10.75,10.75,1600
1997-10-13,EWA,10.75,10.75,10.75,10.75,2200
1997-10-14,EWA,10.625,10.625,10.5625,10.5625,2000
1997-10-15,EWA,10.5,10.625,10.5,10.625,3300
1997-10-16,EWA,10.5,10.5625,10.4375,10.5,10200
1997-10-17,EWA,10.5,10.5625,10.375,10.375,2300
1997-10-20,EWA,10.5625,10.5625,10.375,10.375,2300
1997-10-21,EWA,10.5,10.5,10.5,10.5,7700
1997-10-22,EWA,10.5,10.5,10.375,10.5,7300
1997-10-23,EWA,9.8125,9.875,9.8125,9.875,11000
1997-10-24,EWA,9.875,9.9375,9.75,9.875,2900
1997-10-27,EWA,9.25,9.375,9.0,9.0,6700
1997-10-28,EWA,8.625,9.75,8.5625,9.75,60400
1997-10-29,EWA,9.5,9.625,9.25,9.3125,29700
1997-10-30,EWA,9.1875,9.3125,9.1875,9.1875,14500
1997-10-31,EWA,9.5,9.625,9.5,9.5625,233200
1997-11-03,EWA,9.5625,9.9375,9.5625,9.9375,322600
1997-11-04,EWA,9.875,9.9375,9.6875,9.9375,23000
1997-11-05,EWA,9.9375,9.9375,9.9375,9.9375,1500
1997-11-06,EWA,9.9375,9.9375,9.6875,9.8125,26600
1997-11-07,EWA,9.375,9.4375,9.375,9.4375,3900
1997-11-10,EWA,9.625,9.625,9.5,9.5,2800
1997-11-11,EWA,9.6875,9.8125,9.6875,9.8125,5400
1997-11-12,EWA,9.625,9.625,9.5625,9.5625,3500
1997-11-13,EWA,9.625,9.625,9.4375,9.4375,24400
1997-11-14,EWA,9.375,9.375,9.25,9.25,17300
1997-11-17,EWA,9.375,9.375,9.375,9.375,1900
1997-11-18,EWA,9.375,9.375,9.3125,9.375,11600
1997-11-19,EWA,9.25,9.375,9.0625,9.375,4100
1997-11-20,EWA,9.3125,9.3125,9.25,9.3125,9900
1997-11-21,EWA,9.5,9.625,9.5,9.625,7800
1997-11-24,EWA,9.375,9.5,9.375,9.5,8900
1997-11-25,EWA,9.25,9.375,9.25,9.25,9300
1997-11-26,EWA,9.25,9.375,9.1875,9.1875,17900
1997-11-28,EWA,9.1875,9.1875,9.1875,9.1875,0
1997-12-01,EWA,9.375,9.375,9.3125,9.3125,18200
1997-12-02,EWA,9.375,9.5625,9.375,9.4375,7100
1997-12-03,EWA,9.5,9.5,9.4375,9.4375,1000
1997-12-04,EWA,9.5625,9.5625,9.5625,9.5625,200
1997-12-05,EWA,9.5625,9.5625,9.375,9.4375,3600
1997-12-08,EWA,9.625,9.625,9.5,9.625,5100
1997-12-09,EWA,9.625,9.625,9.4375,9.4375,27900
1997-12-10,EWA,9.375,9.375,9.375,9.375,32300
1997-12-11,EWA,9.375,9.375,9.125,9.125,30100
1997-12-12,EWA,9.125,9.125,9.0625,9.0625,16800
1997-12-15,EWA,9.0,9.0,8.9375,9.0,56900
1997-12-16,EWA,9.0,9.0625,9.0,9.0625,6800
1997-12-17,EWA,9.3125,9.375,9.25,9.3125,68400
1997-12-18,EWA,9.3125,9.4375,9.25,9.3125,68700
1997-12-19,EWA,9.0625,9.125,8.8125,8.8125,26300
1997-12-22,EWA,9.0,9.125,8.9375,9.0625,18600
1997-12-23,EWA,9.1875,9.25,9.125,9.125,13700
1997-12-24,EWA,9.125,9.3125,9.125,9.125,8600
1997-12-26,EWA,9.0625,9.0625,9.0625,9.0625,3400
1997-12-29,EWA,9.25,9.25,9.1875,9.25,64100
1997-12-30,EWA,9.375,9.375,9.25,9.375,12600
1997-12-31,EWA,9.375,9.375,9.3125,9.3125,4900
1998-01-02,EWA,9.375,9.375,9.25,9.25,6300
1998-01-05,EWA,9.375,9.375,9.375,9.375,48000
1998-01-06,EWA,9.3125,9.3125,9.3125,9.3125,20000
1998-01-07,EWA,9.25,9.4375,9.25,9.4375,80000
1998-01-08,EWA,9.375,9.375,9.25,9.25,14000
1998-01-09,EWA,9.0625,9.25,9.0625,9.0625,8500
1998-01-12,EWA,9.0,9.125,8.875,8.9375,32600
1998-01-13,EWA,9.0625,9.125,9.0625,9.125,4100
1998-01-14,EWA,9.375,9.4375,9.375,9.4375,5100
1998-01-15,EWA,9.25,9.25,9.1875,9.1875,3000
1998-01-16,EWA,9.5,9.5,9.5,9.5,4300
1998-01-20,EWA,9.5625,9.75,9.5625,9.75,14100
1998-01-21,EWA,9.6875,9.6875,9.4375,9.625,40200
1998-01-22,EWA,9.3125,9.5,9.3125,9.3125,33600
1998-01-23,EWA,9.3125,9.3125,9.3125,9.3125,0
1998-01-26,EWA,9.625,9.75,9.625,9.625,5700
1998-01-27,EWA,9.75,9.8125,9.6875,9.8125,4300
1998-01-28,EWA,9.875,9.875,9.875,9.875,15000
1998-01-29,EWA,9.75,9.9375,9.75,9.875,11300
1998-01-30,EWA,10.0625,10.0625,9.9375,10.0625,7900
1998-02-02,EWA,10.125,10.125,9.9375,10.0,12500
1998-02-03,EWA,9.875,9.875,9.75,9.8125,68800
1998-02-04,EWA,9.75,10.0,9.75,10.0,408400
1998-02-05,EWA,10.0,10.0625,10.0,10.0625,18300
1998-02-06,EWA,10.0625,10.0625,9.9375,10.0,16600
1998-02-09,EWA,10.0,10.0,9.9375,9.9375,3600
1998-02-10,EWA,10.125,10.125,10.125,10.125,3700
1998-02-11,EWA,10.125,10.125,10.0,10.0,60100
1998-02-12,EWA,9.875,10.0625,9.875,10.0625,7100
1998-02-13,EWA,9.875,9.875,9.8125,9.875,30300
1998-02-17,EWA,9.8125,9.8125,9.75,9.75,3900
1998-02-18,EWA,9.75,9.9375,9.75,9.9375,5800
1998-02-19,EWA,9.9375,9.9375,9.8125,9.9375,2000
1998-02-20,EWA,9.9375,9.9375,9.8125,9.9375,3300
1998-02-23,EWA,9.875,9.875,9.875,9.875,500
1998-02-24,EWA,9.75,9.875,9.75,9.875,3200
1998-02-25,EWA,9.8125,9.9375,9.8125,9.9375,2500
1998-02-26,EWA,10.0,10.125,10.0,10.0625,7600
1998-02-27,EWA,10.125,10.125,9.9375,10.0,4000
1998-03-02,EWA,10.125,10.1875,10.125,10.1875,13900
1998-03-03,EWA,10.1875,10.1875,10.1875,10.1875,5700
1998-03-04,EWA,10.25,10.25,10.125,10.125,900
1998-03-05,EWA,9.8125,9.8125,9.75,9.75,5100
1998-03-06,EWA,10.0,10.0,9.875,9.875,22500
1998-03-09,EWA,9.9375,9.9375,9.75,9.75,43000
1998-03-10,EWA,9.875,10.0625,9.875,10.0625,2600
1998-03-11,EWA,10.25,10.25,10.0,10.0625,4700
1998-03-12,EWA,10.1875,10.1875,10.125,10.1875,14000
1998-03-13,EWA,10.3125,10.3125,10.125,10.125,1300
1998-03-16,EWA,10.1875,10.25,10.125,10.25,8300
1998-03-17,EWA,10.0,10.125,10.0,10.125,192000
1998-03-18,EWA,10.0625,10.1875,10.0625,10.1875,65300
1998-03-19,EWA,10.1875,10.3125,10.1875,10.3125,25700
1998-03-20,EWA,10.375,10.5,10.25,10.5,386200
1998-03-23,EWA,10.4375,10.4375,10.25,10.25,27900
1998-03-24,EWA,10.3125,10.5,10.3125,10.3125,28600
1998-03-25,EWA,10.25,10.375,10.1875,10.1875,3700
1998-03-26,EWA,10.375,10.4375,10.25,10.25,18000
1998-03-27,EWA,10.25,10.25,10.1875,10.25,20900
1998-03-30,EWA,10.1875,10.1875,10.0625,10.0625,3000
1998-03-31,EWA,10.1875,10.3125,10.1875,10.3125,272100
1998-04-01,EWA,10.25,10.25,10.25,10.25,1000
1998-04-02,EWA,10.25,10.25,10.125,10.125,2600
1998-04-03,EWA,10.25,10.25,10.1875,10.1875,800
1998-04-06,EWA,10.375,10.5625,10.375,10.4375,18900
1998-04-07,EWA,10.375,10.375,10.1875,10.3125,52800
1998-04-08,EWA,10.25,10.3125,10.25,10.3125,10100
1998-04-09,EWA,10.375,10.375,10.25,10.3125,10300
1998-04-13,EWA,10.3125,10.5625,10.3125,10.5625,32500
1998-04-14,EWA,10.5,10.5,10.375,10.375,61400
1998-04-15,EWA,10.4375,10.4375,10.375,10.4375,2400
1998-04-16,EWA,10.5,10.5,10.375,10.5,4200
1998-04-17,EWA,10.4375,10.5,10.375,10.5,13400
1998-04-20,EWA,10.5,10.5,10.4375,10.4375,8300
1998-04-21,EWA,10.4375,10.5,10.4375,10.5,17700
1998-04-22,EWA,10.5625,10.625,10.5625,10.5625,11500
1998-04-23,EWA,10.5,10.625,10.5,10.625,1300
1998-04-24,EWA,10.4375,10.4375,10.4375,10.4375,1600
1998-04-27,EWA,10.25,10.25,10.125,10.125,37500
1998-04-28,EWA,10.1875,10.1875,10.0625,10.0625,6100
1998-04-29,EWA,10.0,10.0,10.0,10.0,9500
1998-04-30,EWA,10.3125,10.3125,10.25,10.25,30000
1998-05-01,EWA,10.375,10.375,10.3125,10.3125,19500
1998-05-04,EWA,10.25,10.25,10.1875,10.1875,700
1998-05-05,EWA,10.125,10.125,10.0,10.125,6100
1998-05-06,EWA,10.0,10.0,9.875,9.9375,25000
1998-05-07,EWA,9.8125,9.9375,9.8125,9.875,8600
1998-05-08,EWA,10.0,10.0625,10.0,10.0625,400
1998-05-11,EWA,9.875,10.0625,9.8125,10.0625,2100
1998-05-12,EWA,10.0,10.0,9.8125,9.9375,6000
1998-05-13,EWA,9.75,9.8125,9.75,9.8125,21300
1998-05-14,EWA,9.75,9.8125,9.75,9.75,15300
1998-05-15,EWA,9.8125,9.8125,9.625,9.8125,4600
1998-05-18,EWA,9.4375,9.4375,9.375,9.375,5300
1998-05-19,EWA,9.4375,9.625,9.4375,9.5625,8200
1998-05-20,EWA,9.6875,9.6875,9.6875,9.6875,700
1998-05-21,EWA,9.625,9.75,9.625,9.75,13200
1998-05-22,EWA,9.75,9.75,9.75,9.75,5800
1998-05-26,EWA,9.625,9.6875,9.4375,9.6875,86100
1998-05-27,EWA,9.375,9.375,9.375,9.375,500
1998-05-28,EWA,9.25,9.5,9.25,9.3125,10000
1998-05-29,EWA,9.5625,9.5625,9.375,9.4375,6900
1998-06-01,EWA,9.3125,9.3125,9.1875,9.1875,3800
1998-06-02,EWA,9.3125,9.3125,9.25,9.25,6700
1998-06-03,EWA,9.3125,9.3125,9.125,9.1875,8300
1998-06-04,EWA,9.0625,9.0625,9.0,9.0,6600
1998-06-05,EWA,8.8125,8.9375,8.8125,8.875,3900
1998-06-08,EWA,8.8125,8.8125,8.625,8.75,123800
1998-06-09,EWA,8.75,8.75,8.5625,8.625,236100
1998-06-10,EWA,8.6875,8.6875,8.5,8.625,10300
1998-06-11,EWA,8.625,8.625,8.375,8.4375,6700
1998-06-12,EWA,8.5,8.5,8.4375,8.5,1200
1998-06-15,EWA,8.5,8.5,8.3125,8.3125,20900
1998-06-16,EWA,8.4375,8.4375,8.3125,8.4375,2600
1998-06-17,EWA,8.8125,8.9375,8.8125,8.9375,22500
1998-06-18,EWA,8.9375,9.0,8.8125,8.8125,12500
1998-06-19,EWA,9.1875,9.1875,9.0,9.125,8200
1998-06-22,EWA,9.0,9.0,8.9375,8.9375,400
1998-06-23,EWA,9.0,9.0,9.0,9.0,10700
1998-06-24,EWA,9.0,9.0,9.0,9.0,100
1998-06-25,EWA,8.8125,8.8125,8.8125,8.8125,22900
1998-06-26,EWA,8.9375,8.9375,8.8125,8.8125,10300
1998-06-29,EWA,8.875,9.0625,8.875,8.9375,4800
1998-06-30,EWA,9.25,9.4375,9.25,9.4375,37300
1998-07-01,EWA,9.5,9.5625,9.4375,9.5,37900
1998-07-02,EWA,9.4375,9.5625,9.375,9.375,10000
1998-07-06,EWA,9.375,9.4375,9.375,9.375,16600
1998-07-07,EWA,9.6875,9.6875,9.5,9.6875,7800
1998-07-08,EWA,9.75,9.75,9.625,9.6875,9700
1998-07-09,EWA,9.625,9.6875,9.5625,9.5625,6300
1998-07-10,EWA,9.5,9.625,9.5,9.625,2800
1998-07-13,EWA,9.625,9.625,9.5625,9.5625,2100
1998-07-14,EWA,9.5625,9.75,9.5625,9.75,8300
1998-07-15,EWA,9.8125,9.9375,9.75,9.75,11800
1998-07-16,EWA,10.0625,10.125,10.0,10.125,128600
1998-07-17,EWA,10.125,10.1875,10.0625,10.1875,178900
1998-07-20,EWA,10.0625,10.0625,9.875,10.0625,26000
1998-07-21,EWA,10.0,10.0,9.8125,9.9375,9700
1998-07-22,EWA,9.875,9.875,9.625,9.625,3100
1998-07-23,EWA,9.625,9.6875,9.625,9.625,15000
1998-07-24,EWA,9.875,9.875,9.6875,9.875,4500
1998-07-27,EWA,9.5,9.5,9.25,9.4375,43700
1998-07-28,EWA,9.375,9.5,9.3125,9.3125,1300
1998-07-29,EWA,9.25,9.4375,9.25,9.375,15300
1998-07-30,EWA,9.5625,9.5625,9.4375,9.5,21400
1998-07-31,EWA,9.25,9.25,9.25,9.25,500
1998-08-03,EWA,9.1875,9.1875,9.0625,9.0625,51400
1998-08-04,EWA,9.1875,9.1875,9.0,9.1875,60500
1998-08-05,EWA,9.0,9.0625,8.9375,8.9375,10200
1998-08-06,EWA,8.8125,8.8125,8.75,8.75,16800
1998-08-07,EWA,8.9375,8.9375,8.6875,8.6875,22600
1998-08-10,EWA,8.8125,8.8125,8.75,8.75,3000
1998-08-11,EWA,8.5625,8.5625,8.375,8.375,50700
1998-08-12,EWA,8.5,8.5625,8.5,8.5625,12500
1998-08-13,EWA,8.5625,8.5625,8.5625,8.5625,1300
1998-08-14,EWA,8.5,8.5,8.5,8.5,23400
1998-08-17,EWA,8.375,8.5625,8.375,8.5625,22400
1998-08-18,EWA,8.625,8.625,8.625,8.625,8700
1998-08-19,EWA,8.8125,8.875,8.8125,8.875,5500
1998-08-20,EWA,8.875,8.875,8.8125,8.875,4300
1998-08-21,EWA,8.6875,8.6875,8.5625,8.625,10100
1998-08-24,EWA,8.625,8.625,8.5,8.625,1500
1998-08-25,EWA,8.5,8.5,8.5,8.5,700
1998-08-26,EWA,8.375,8.375,8.125,8.125,113800
1998-08-27,EWA,7.8125,7.8125,7.375,7.4375,34300
1998-08-28,EWA,7.6875,7.75,7.625,7.625,68900
1998-08-31,EWA,7.8125,7.8125,7.625,7.625,5400
1998-09-01,EWA,7.9375,8.0,7.875,7.875,12700
1998-09-02,EWA,8.125,8.125,8.0625,8.0625,5300
1998-09-03,EWA,8.0,8.0,7.8125,7.9375,9000
1998-09-04,EWA,8.0625,8.0625,8.0625,8.0625,700
1998-09-08,EWA,8.375,8.375,8.25,8.3125,20900
1998-09-09,EWA,8.25,8.25,8.0625,8.0625,8500
1998-09-10,EWA,7.875,8.125,7.875,8.125,4900
1998-09-11,EWA,8.125,8.125,8.125,8.125,2800
1998-09-14,EWA,8.25,8.3125,8.25,8.3125,9000
1998-09-15,EWA,8.375,8.375,8.25,8.25,1700
1998-09-16,EWA,8.375,8.375,8.375,8.375,4600
1998-09-17,EWA,8.0,8.1875,8.0,8.1875,2000
1998-09-18,EWA,8.125,8.125,8.125,8.125,1200
1998-09-21,EWA,8.0625,8.125,7.9375,8.125,7000
1998-09-22,EWA,8.0,8.0,8.0,8.0,3600
1998-09-23,EWA,8.1875,8.25,8.1875,8.25,24000
1998-09-24,EWA,8.25,8.4375,8.25,8.4375,1300
1998-09-25,EWA,8.25,8.25,8.0625,8.0625,3600
1998-09-28,EWA,8.375,8.375,8.25,8.25,3600
1998-09-29,EWA,8.375,8.375,8.375,8.375,4800
1998-09-30,EWA,8.25,8.3125,8.25,8.3125,2100
1998-10-01,EWA,8.3125,8.3125,8.125,8.125,1800
1998-10-02,EWA,8.3125,8.3125,8.25,8.25,1300
1998-10-05,EWA,8.0625,8.0625,8.0625,8.0625,1500
1998-10-06,EWA,7.875,8.0,7.875,8.0,5000
1998-10-07,EWA,8.375,8.5625,8.375,8.5,4400
1998-10-08,EWA,8.375,8.4375,8.375,8.4375,3800
1998-10-09,EWA,8.25,8.375,8.25,8.25,6200
1998-10-12,EWA,8.5,8.625,8.5,8.625,20500
1998-10-13,EWA,8.375,8.375,8.25,8.3125,16900
1998-10-14,EWA,8.5,8.5,8.4375,8.4375,21600
1998-10-15,EWA,8.375,8.5,8.375,8.375,1400
1998-10-16,EWA,8.75,8.75,8.6875,8.75,1800
1998-10-19,EWA,8.5625,8.75,8.5625,8.75,14700
1998-10-20,EWA,8.6875,8.6875,8.5625,8.6875,1500
1998-10-21,EWA,8.75,8.8125,8.75,8.75,10600
1998-10-22,EWA,8.75,8.75,8.625,8.75,900
1998-10-23,EWA,8.75,8.75,8.75,8.75,2800
1998-10-26,EWA,8.625,8.6875,8.5625,8.6875,2300
1998-10-27,EWA,8.625,8.6875,8.5625,8.6875,2700
1998-10-28,EWA,8.875,9.0,8.875,9.0,3000
1998-10-29,EWA,8.875,9.0,8.875,8.9375,3400
1998-10-30,EWA,9.125,9.125,8.9375,8.9375,8900
1998-11-02,EWA,9.25,9.375,9.25,9.375,9400
1998-11-03,EWA,9.3125,9.3125,9.3125,9.3125,2100
1998-11-04,EWA,9.3125,9.5,9.25,9.5,22500
1998-11-05,EWA,9.375,9.375,9.25,9.25,800
1998-11-06,EWA,9.375,9.5625,9.375,9.5,15800
1998-11-09,EWA,9.4375,9.4375,9.25,9.4375,8500
1998-11-10,EWA,9.375,9.375,9.1875,9.25,2200
1998-11-11,EWA,9.5625,9.625,9.4375,9.625,2600
1998-11-12,EWA,9.5,9.625,9.4375,9.5,21500
1998-11-13,EWA,9.5625,9.5625,9.4375,9.4375,900
1998-11-16,EWA,9.5625,9.5625,9.375,9.375,4300
1998-11-17,EWA,9.25,9.5625,9.25,9.5625,115300
1998-11-18,EWA,9.5625,9.5625,9.375,9.5625,5000
1998-11-19,EWA,9.4375,9.75,9.4375,9.5625,19000
1998-11-20,EWA,9.5625,9.75,9.5625,9.5625,19900
1998-11-23,EWA,9.625,9.8125,9.625,9.6875,6400
1998-11-24,EWA,9.875,9.9375,9.8125,9.9375,27500
1998-11-25,EWA,9.6875,9.8125,9.6875,9.6875,3700
1998-11-27,EWA,9.75,9.75,9.625,9.625,1600
1998-11-30,EWA,9.75,9.75,9.5625,9.5625,27000
1998-12-01,EWA,9.4375,9.5625,9.4375,9.5625,7900
1998-12-02,EWA,9.8125,9.8125,9.75,9.8125,31900
1998-12-03,EWA,9.4375,9.5,9.375,9.5,6800
1998-12-04,EWA,9.5625,9.5625,9.375,9.5625,11300
1998-12-07,EWA,9.625,9.625,9.4375,9.5625,5700
1998-12-08,EWA,9.4375,9.5625,9.375,9.5,2800
1998-12-09,EWA,9.4375,9.4375,9.375,9.375,3900
1998-12-10,EWA,9.5,9.5,9.375,9.375,3000
1998-12-11,EWA,9.3125,9.3125,9.3125,9.3125,5200
1998-12-14,EWA,9.25,9.3125,9.125,9.125,8400
1998-12-15,EWA,9.375,9.5625,9.3125,9.375,18200
1998-12-16,EWA,9.4375,9.4375,9.25,9.25,65700
1998-12-17,EWA,9.625,9.625,9.5625,9.5625,13900
1998-12-18,EWA,9.625,9.625,9.5,9.5,16500
1998-12-21,EWA,9.5,9.5,9.5,9.5,1000
1998-12-22,EWA,9.3125,9.4375,9.3125,9.3125,24800
1998-12-23,EWA,9.3125,9.375,9.25,9.3125,79300
1998-12-24,EWA,9.4375,9.4375,9.3125,9.3125,2200
1998-12-28,EWA,9.1875,9.3125,9.1875,9.3125,9800
1998-12-29,EWA,9.1875,9.375,9.1875,9.375,2600
1998-12-30,EWA,9.5,9.5,9.25,9.5,4600
1998-12-31,EWA,9.375,9.5,9.375,9.5,800
1999-01-04,EWA,9.75,9.8125,9.5625,9.625,26500
1999-01-05,EWA,9.625,9.625,9.625,9.625,1800
1999-01-06,EWA,10.0625,10.0625,9.9375,9.9375,4200
1999-01-07,EWA,10.125,10.25,10.125,10.125,16100
1999-01-08,EWA,10.1875,10.1875,10.0,10.125,37600
1999-01-11,EWA,9.9375,10.125,9.9375,9.9375,8600
1999-01-12,EWA,10.0,10.0625,9.875,10.0625,26600
1999-01-13,EWA,9.625,9.8125,9.625,9.75,14100
1999-01-14,EWA,9.9375,9.9375,9.6875,9.6875,30400
1999-01-15,EWA,9.75,9.9375,9.75,9.9375,15400
1999-01-19,EWA,10.125,10.125,9.9375,10.125,99700
1999-01-20,EWA,10.0,10.125,10.0,10.125,345900
1999-01-21,EWA,10.0,10.125,10.0,10.0,15900
1999-01-22,EWA,9.875,9.9375,9.875,9.9375,4300
1999-01-25,EWA,9.875,9.875,9.75,9.875,22200
1999-01-26,EWA,9.8125,9.875,9.8125,9.8125,8100
1999-01-27,EWA,10.0,10.0,9.8125,9.8125,11400
1999-01-28,EWA,9.9375,10.0625,9.875,10.0,15800
1999-01-29,EWA,10.125,10.125,9.9375,10.0,6500
1999-02-01,EWA,10.1875,10.25,10.125,10.1875,19400
1999-02-02,EWA,10.125,10.125,10.0,10.125,26900
1999-02-03,EWA,10.0625,10.1875,10.0625,10.125,36000
1999-02-04,EWA,10.1875,10.25,10.1875,10.1875,47500
1999-02-05,EWA,10.0625,10.1875,10.0625,10.125,65500
1999-02-08,EWA,10.125,10.1875,10.125,10.1875,4300
1999-02-09,EWA,10.0,10.0625,9.9375,10.0625,13000
1999-02-10,EWA,9.875,9.875,9.8125,9.8125,10900
1999-02-11,EWA,10.0625,10.125,10.0,10.125,6100
1999-02-12,EWA,10.25,10.25,9.9375,9.9375,33300
1999-02-16,EWA,10.0,10.0625,9.8125,9.875,16900
1999-02-17,EWA,9.9375,10.0,9.8125,9.8125,12400
1999-02-18,EWA,10.0625,10.0625,10.0625,10.0625,1700
1999-02-19,EWA,10.0625,10.1875,10.0,10.125,14600
1999-02-22,EWA,10.1875,10.25,10.1875,10.25,10600
1999-02-23,EWA,10.125,10.125,10.125,10.125,2200
1999-02-24,EWA,10.0625,10.25,10.0625,10.0625,8900
1999-02-25,EWA,10.0,10.0625,9.9375,10.0625,1200
1999-02-26,EWA,9.875,9.9375,9.75,9.9375,32400
1999-03-01,EWA,9.875,9.875,9.625,9.875,21200
1999-03-02,EWA,9.75,9.8125,9.6875,9.8125,7300
1999-03-03,EWA,9.75,9.9375,9.75,9.8125,5500
1999-03-04,EWA,9.75,9.75,9.75,9.75,1000
1999-03-05,EWA,10.125,10.25,10.0625,10.1875,64400
1999-03-08,EWA,10.0625,10.25,10.0625,10.0625,10400
1999-03-09,EWA,10.125,10.125,10.125,10.125,800
1999-03-10,EWA,10.125,10.3125,10.125,10.3125,6300
1999-03-11,EWA,10.375,10.375,10.1875,10.375,15800
1999-03-12,EWA,10.25,10.375,10.25,10.375,6200
1999-03-15,EWA,10.375,10.375,10.25,10.3125,5800
1999-03-16,EWA,10.375,10.375,10.1875,10.375,5900
1999-03-17,EWA,10.375,10.375,10.125,10.25,3600
1999-03-18,EWA,10.125,10.25,10.0625,10.25,1900
1999-03-19,EWA,10.3125,10.3125,10.1875,10.3125,2200
1999-03-22,EWA,10.3125,10.4375,10.3125,10.4375,8600
1999-03-23,EWA,10.5,10.5,10.125,10.375,41700
1999-03-24,EWA,10.4375,10.4375,10.25,10.25,1400
1999-03-25,EWA,10.25,10.5,10.25,10.5,3400
1999-03-26,EWA,10.4375,10.4375,10.125,10.125,17000
1999-03-29,EWA,10.25,10.4375,10.25,10.4375,11800
1999-03-30,EWA,10.25,10.375,10.25,10.25,15500
1999-03-31,EWA,10.25,10.25,10.125,10.125,3900
1999-04-01,EWA,10.375,10.375,10.25,10.25,2200
1999-04-05,EWA,10.3125,10.5,10.25,10.25,19100
1999-04-06,EWA,10.25,10.3125,10.25,10.3125,1100
1999-04-07,EWA,10.5625,10.5625,10.375,10.5625,3300
1999-04-08,EWA,10.5625,10.5625,10.5,10.5,35800
1999-04-09,EWA,10.4375,10.5625,10.375,10.5625,23500
1999-04-12,EWA,10.5625,10.5625,10.375,10.375,3900
1999-04-13,EWA,10.6875,10.75,10.5625,10.75,13600
1999-04-14,EWA,10.75,10.75,10.625,10.625,2000
1999-04-15,EWA,10.625,10.625,10.5625,10.625,600
1999-04-16,EWA,10.875,11.0,10.75,10.9375,16000
1999-04-19,EWA,11.1875,11.1875,11.0,11.0,21700
1999-04-20,EWA,10.9375,11.0625,10.9375,11.0625,3800
1999-04-21,EWA,11.0625,11.0625,11.0,11.0625,20100
1999-04-22,EWA,11.1875,11.1875,11.0,11.1875,9100
1999-04-23,EWA,11.25,11.25,11.1875,11.1875,8400
1999-04-26,EWA,11.1875,11.1875,11.0625,11.0625,15100
1999-04-27,EWA,11.25,11.3125,11.125,11.125,17200
1999-04-28,EWA,11.125,11.4375,11.125,11.4375,32200
1999-04-29,EWA,11.375,11.5,11.3125,11.4375,38200
1999-04-30,EWA,11.4375,11.4375,11.25,11.4375,8500
1999-05-03,EWA,11.375,11.4375,11.375,11.375,18400
1999-05-04,EWA,11.4375,11.4375,11.25,11.4375,6700
1999-05-05,EWA,11.0625,11.25,11.0625,11.25,6800
1999-05-06,EWA,11.25,11.375,11.25,11.25,2400
1999-05-07,EWA,11.1875,11.1875,11.0,11.1875,8500
1999-05-10,EWA,11.1875,11.25,11.0625,11.25,43500
1999-05-11,EWA,11.25,11.25,11.25,11.25,15000
1999-05-12,EWA,11.125,11.1875,11.0,11.125,82800
1999-05-13,EWA,11.125,11.3125,11.125,11.3125,86900
1999-05-14,EWA,11.3125,11.3125,11.125,11.3125,4400
1999-05-17,EWA,11.0,11.0625,10.8125,10.875,52800
1999-05-18,EWA,11.1875,11.1875,11.125,11.125,8300
1999-05-19,EWA,10.875,10.9375,10.875,10.9375,29600
1999-05-20,EWA,10.75,10.8125,10.625,10.6875,48800
1999-05-21,EWA,10.6875,10.875,10.6875,10.875,37600
1999-05-24,EWA,10.6875,10.6875,10.5625,10.6875,8100
1999-05-25,EWA,10.5,10.625,10.4375,10.4375,12100
1999-05-26,EWA,10.4375,10.5,10.3125,10.3125,18100
1999-05-27,EWA,10.375,10.375,10.25,10.25,9900
1999-05-28,EWA,10.25,10.4375,10.25,10.4375,4100
1999-06-01,EWA,10.3125,10.3125,10.0625,10.125,75100
1999-06-02,EWA,10.5,10.5,10.25,10.25,8000
1999-06-03,EWA,10.4375,10.625,10.4375,10.625,800
1999-06-04,EWA,10.75,10.75,10.625,10.625,7100
1999-06-07,EWA,10.9375,10.9375,10.75,10.8125,11500
1999-06-08,EWA,10.8125,10.8125,10.625,10.625,203300
1999-06-09,EWA,10.8125,10.9375,10.8125,10.875,7100
1999-06-10,EWA,10.9375,10.9375,10.9375,10.9375,13700
1999-06-11,EWA,10.9375,10.9375,10.8125,10.8125,20400
1999-06-14,EWA,10.8125,10.8125,10.625,10.6875,31600
1999-06-15,EWA,10.6875,10.8125,10.6875,10.8125,2000
1999-06-16,EWA,10.9375,10.9375,10.75,10.75,8800
1999-06-17,EWA,11.0,11.0,10.8125,10.875,6100
1999-06-18,EWA,10.875,10.875,10.8125,10.875,11800
1999-06-21,EWA,10.9375,10.9375,10.75,10.75,27500
1999-06-22,EWA,10.75,10.875,10.75,10.75,6300
1999-06-23,EWA,10.75,10.8125,10.6875,10.8125,29500
1999-06-24,EWA,10.6875,10.875,10.6875,10.8125,11600
1999-06-25,EWA,10.875,11.0625,10.8125,11.0625,16600
1999-06-28,EWA,10.8125,11.0,10.8125,10.9375,4300
1999-06-29,EWA,11.0,11.0625,11.0,11.0625,2200
1999-06-30,EWA,10.875,11.1875,10.875,11.1875,10400
1999-07-01,EWA,11.25,11.25,11.125,11.25,11600
1999-07-02,EWA,11.25,11.375,11.1875,11.375,13400
1999-07-06,EWA,11.5625,11.625,11.5625,11.625,9200
1999-07-07,EWA,11.4375,11.4375,11.3125,11.4375,12900
1999-07-08,EWA,11.5625,11.5625,11.4375,11.5625,21700
1999-07-09,EWA,11.4375,11.5,11.375,11.375,8900
1999-07-12,EWA,11.375,11.375,11.1875,11.1875,7200
1999-07-13,EWA,11.1875,11.1875,11.0625,11.125,23600
1999-07-14,EWA,11.1875,11.375,11.1875,11.3125,6300
1999-07-15,EWA,11.25,11.4375,11.25,11.4375,24800
1999-07-16,EWA,11.3125,11.375,11.1875,11.1875,15800
1999-07-19,EWA,11.1875,11.375,11.1875,11.3125,14500
1999-07-20,EWA,11.4375,11.4375,11.1875,11.3125,13700
1999-07-21,EWA,11.0625,11.1875,11.0625,11.1875,2100
1999-07-22,EWA,11.1875,11.1875,11.0,11.0625,17400
1999-07-23,EWA,10.875,11.0,10.8125,11.0,8000
1999-07-26,EWA,10.75,10.875,10.75,10.875,3900
1999-07-27,EWA,10.75,10.9375,10.6875,10.9375,23000
1999-07-28,EWA,11.0,11.0,10.875,10.875,6400
1999-07-29,EWA,10.8125,11.0,10.8125,10.875,11200
1999-07-30,EWA,10.9375,11.0,10.9375,11.0,3100
1999-08-02,EWA,10.8125,10.875,10.75,10.875,7500
1999-08-03,EWA,10.875,11.0625,10.875,11.0625,5100
1999-08-04,EWA,10.9375,10.9375,10.9375,10.9375,1200
1999-08-05,EWA,11.0,11.0,10.8125,11.0,216100
1999-08-06,EWA,10.75,10.9375,10.75,10.9375,2400
1999-08-09,EWA,10.9375,10.9375,10.75,10.9375,26500
1999-08-10,EWA,10.4375,10.5625,10.4375,10.5,80000
1999-08-11,EWA,10.5,10.5625,10.5,10.5,13300
1999-08-12,EWA,10.375,10.75,10.375,10.75,22200
1999-08-13,EWA,10.8125,10.8125,10.6875,10.6875,3000
1999-08-16,EWA,10.875,10.9375,10.8125,10.8125,2900
1999-08-17,EWA,10.625,10.75,10.625,10.75,2000
1999-08-18,EWA,10.6875,10.8125,10.6875,10.6875,8700
1999-08-19,EWA,10.5,10.625,10.5,10.625,3700
1999-08-20,EWA,10.75,10.75,10.625,10.625,2600
1999-08-23,EWA,10.75,10.875,10.75,10.8125,2100
1999-08-24,EWA,10.875,10.875,10.6875,10.75,12200
1999-08-25,EWA,10.3125,10.4375,10.25,10.4375,11600
1999-08-26,EWA,10.3125,10.4375,10.25,10.4375,16900
1999-08-27,EWA,10.25,10.375,10.25,10.375,3200
1999-08-30,EWA,10.125,10.3125,10.125,10.25,4100
1999-08-31,EWA,10.1875,10.1875,9.875,10.0,15600
1999-09-01,EWA,10.1875,10.5,10.1875,10.4375,321300
1999-09-02,EWA,10.5,10.5,10.125,10.25,7500
1999-09-03,EWA,10.4375,10.4375,10.3125,10.375,17800
1999-09-07,EWA,10.375,10.4375,10.3125,10.375,19700
1999-09-08,EWA,10.375,10.5625,10.375,10.375,10000
1999-09-09,EWA,10.4375,10.5625,10.4375,10.4375,4900
1999-09-10,EWA,10.5,10.5625,10.4375,10.5,8800
1999-09-13,EWA,10.625,10.625,10.5,10.5625,4400
1999-09-14,EWA,10.4375,10.5625,10.375,10.5,7800
1999-09-15,EWA,10.375,10.375,10.1875,10.1875,11400
1999-09-16,EWA,10.1875,10.25,10.1875,10.1875,6500
1999-09-17,EWA,10.3125,10.375,10.1875,10.375,1700
1999-09-20,EWA,10.1875,10.1875,10.0,10.0,5600
1999-09-21,EWA,10.125,10.125,9.9375,9.9375,16200
1999-09-22,EWA,10.0625,10.0625,10.0625,10.0625,4200
1999-09-23,EWA,10.125,10.3125,10.125,10.125,7600
1999-09-24,EWA,10.1875,10.25,10.0625,10.1875,25700
1999-09-27,EWA,10.375,10.375,10.125,10.125,38400
1999-09-28,EWA,10.375,10.375,10.3125,10.3125,9400
1999-09-29,EWA,10.25,10.375,10.125,10.25,19900
1999-09-30,EWA,10.25,10.3125,10.1875,10.3125,29000
1999-10-01,EWA,10.25,10.25,10.1875,10.25,6900
1999-10-04,EWA,10.375,10.375,10.1875,10.1875,1500
1999-10-05,EWA,10.4375,10.5,10.3125,10.375,8900
1999-10-06,EWA,10.3125,10.5,10.3125,10.5,25400
1999-10-07,EWA,10.25,10.3125,10.1875,10.25,22100
1999-10-08,EWA,10.125,10.3125,10.125,10.3125,6500
1999-10-11,EWA,10.1875,10.1875,10.1875,10.1875,2700
1999-10-12,EWA,10.375,10.375,10.1875,10.375,11000
1999-10-13,EWA,10.1875,10.3125,10.125,10.125,5300
1999-10-14,EWA,10.0,10.125,9.9375,10.125,205300
1999-10-15,EWA,9.9375,9.9375,9.75,9.75,5700
1999-10-18,EWA,9.625,9.75,9.625,9.6875,109700
1999-10-19,EWA,9.8125,9.8125,9.8125,9.8125,41800
1999-10-20,EWA,9.75,9.9375,9.75,9.9375,139700
1999-10-21,EWA,9.9375,10.0,9.8125,10.0,74900
1999-10-22,EWA,9.9375,10.0,9.875,10.0,4000
1999-10-25,EWA,10.0,10.0,9.875,10.0,156400
1999-10-26,EWA,9.9375,10.0,9.8125,10.0,57300
1999-10-27,EWA,9.875,9.875,9.875,9.875,16400
1999-10-28,EWA,10.0,10.0,9.875,9.9375,8200
1999-10-29,EWA,10.0,10.0625,9.9375,10.0625,24600
1999-11-01,EWA,9.9375,9.9375,9.9375,9.9375,1500
1999-11-02,EWA,9.9375,9.9375,9.875,9.875,8100
1999-11-03,EWA,10.0,10.125,9.9375,10.0625,20500
1999-11-04,EWA,10.125,10.125,9.9375,9.9375,17300
1999-11-05,EWA,10.0625,10.0625,9.8125,9.8125,10900
1999-11-08,EWA,9.875,9.875,9.875,9.875,6300
1999-11-09,EWA,9.6875,9.875,9.6875,9.8125,17000
1999-11-10,EWA,10.0,10.0,9.8125,9.875,5700
1999-11-11,EWA,10.1875,10.1875,10.0,10.0625,9700
1999-11-12,EWA,10.25,10.3125,10.1875,10.3125,10000
1999-11-15,EWA,10.25,10.3125,10.1875,10.3125,8400
1999-11-16,EWA,10.3125,10.3125,10.125,10.125,10100
1999-11-17,EWA,10.1875,10.375,10.1875,10.375,4600
1999-11-18,EWA,10.4375,10.5,10.25,10.4375,23000
1999-11-19,EWA,10.3125,10.5,10.3125,10.5,9900
1999-11-22,EWA,10.4375,10.4375,10.25,10.375,8400
1999-11-23,EWA,10.375,10.5,10.375,10.375,26800
1999-11-24,EWA,10.25,10.25,10.0625,10.25,117700
1999-11-26,EWA,10.1875,10.5,10.1875,10.5,25100
1999-11-29,EWA,10.5,10.5,10.3125,10.375,14900
1999-11-30,EWA,10.1875,10.375,10.1875,10.3125,3100
1999-12-01,EWA,10.1875,10.25,10.1875,10.1875,5000
1999-12-02,EWA,10.5625,10.5625,10.4375,10.5625,40600
1999-12-03,EWA,10.5625,10.5625,10.5,10.5,3100
1999-12-06,EWA,10.5,10.6875,10.5,10.625,18000
1999-12-07,EWA,10.4375,10.625,10.4375,10.5625,12300
1999-12-08,EWA,10.625,10.6875,10.5,10.6875,5100
1999-12-09,EWA,10.8125,10.8125,10.5,10.6875,4200
1999-12-10,EWA,10.625,10.6875,10.5,10.6875,3700
1999-12-13,EWA,10.625,10.625,10.625,10.625,4400
1999-12-14,EWA,10.625,10.625,10.4375,10.5,2900
1999-12-15,EWA,10.4375,10.625,10.375,10.625,5500
1999-12-16,EWA,10.75,10.75,10.625,10.625,900
1999-12-17,EWA,10.8125,10.875,10.8125,10.875,9100
1999-12-20,EWA,10.6875,10.75,10.6875,10.75,10600
1999-12-21,EWA,10.5,10.6875,10.5,10.6875,10200
1999-12-22,EWA,10.625,10.8125,10.625,10.625,16300
1999-12-23,EWA,10.625,10.8125,10.625,10.75,4900
1999-12-27,EWA,10.8125,10.8125,10.75,10.8125,5000
1999-12-28,EWA,10.6875,10.875,10.6875,10.875,5000
1999-12-29,EWA,10.875,10.875,10.875,10.875,600
1999-12-30,EWA,11.0625,11.0625,10.9375,11.0625,11200
1999-12-31,EWA,11.0625,11.0625,11.0625,11.0625,1100
2000-01-03,EWA,11.3125,11.3125,11.0,11.0,3800
2000-01-04,EWA,10.75,10.8125,10.5625,10.75,9700
2000-01-05,EWA,10.5625,10.8125,10.5625,10.8125,3600
2000-01-06,EWA,10.5,10.6875,10.5,10.6875,5800
2000-01-07,EWA,10.75,10.75,10.625,10.625,19300
2000-01-10,EWA,10.9375,11.125,10.875,11.0,10000
2000-01-11,EWA,11.0625,11.25,11.0625,11.0625,11000
2000-01-12,EWA,10.75,10.9375,10.75,10.875,5400
2000-01-13,EWA,10.875,11.0,10.875,10.9375,207500
2000-01-14,EWA,11.0625,11.25,11.0625,11.25,13800
2000-01-18,EWA,11.125,11.25,11.0,11.25,13200
2000-01-19,EWA,11.0,11.0625,10.875,11.0,6300
2000-01-20,EWA,11.1875,11.1875,10.9375,11.0625,6700
2000-01-21,EWA,11.0,11.125,10.9375,10.9375,3200
2000-01-24,EWA,10.75,10.875,10.625,10.625,27500
2000-01-25,EWA,10.75,10.75,10.5625,10.6875,13500
2000-01-26,EWA,10.625,10.8125,10.625,10.75,6100
2000-01-27,EWA,10.8125,10.8125,10.75,10.75,5300
2000-01-28,EWA,10.875,10.875,10.125,10.375,32900
2000-01-31,EWA,10.625,10.625,10.375,10.625,14000
2000-02-01,EWA,10.5,10.5625,10.375,10.5625,36300
2000-02-02,EWA,10.75,10.75,10.5,10.75,22700
2000-02-03,EWA,10.75,10.75,10.5625,10.6875,12600
2000-02-04,EWA,10.5,10.625,10.5,10.5,30100
2000-02-07,EWA,10.6875,10.6875,10.5,10.5,5600
2000-02-08,EWA,10.5625,10.625,10.5625,10.625,9000
2000-02-09,EWA,10.75,10.75,10.5,10.6875,101500
2000-02-10,EWA,10.6875,10.6875,10.5,10.625,7500
2000-02-11,EWA,10.625,10.625,10.4375,10.4375,4600
2000-02-14,EWA,10.6875,10.6875,10.375,10.375,25100
2000-02-15,EWA,10.25,10.4375,10.25,10.3125,3000
2000-02-16,EWA,10.5,10.5,10.3125,10.3125,8500
2000-02-17,EWA,10.3125,10.5625,10.3125,10.5625,22800
2000-02-18,EWA,10.25,10.3125,10.125,10.125,22500
2000-02-22,EWA,10.25,10.25,10.0625,10.0625,7900
2000-02-23,EWA,10.1875,10.375,10.1875,10.375,12800
2000-02-24,EWA,10.1875,10.1875,10.0,10.0,56100
2000-02-25,EWA,10.0,10.1875,10.0,10.125,13200
2000-02-28,EWA,10.0625,10.25,10.0625,10.125,9600
2000-02-29,EWA,10.125,10.3125,10.125,10.3125,11500
2000-03-01,EWA,10.25,10.25,10.25,10.25,5700
2000-03-02,EWA,10.25,10.5,10.25,10.5,14400
2000-03-03,EWA,10.6875,10.6875,10.4375,10.6875,18400
2000-03-06,EWA,10.125,10.75,10.125,10.4375,133200
2000-03-07,EWA,10.1875,10.625,10.1875,10.5625,9400
2000-03-08,EWA,10.375,10.375,10.1875,10.375,11500
2000-03-09,EWA,10.5,10.5,10.25,10.25,4300
2000-03-10,EWA,10.375,10.4375,10.1875,10.25,10800
2000-03-13,EWA,10.5,10.5,10.25,10.25,7800
2000-03-14,EWA,10.4375,10.4375,10.1875,10.4375,3900
2000-03-15,EWA,10.0,10.25,10.0,10.125,6500
2000-03-16,EWA,10.375,10.375,10.125,10.375,11100
2000-03-17,EWA,10.3125,10.5625,10.25,10.25,20600
2000-03-20,EWA,10.5,10.5,10.25,10.5,10200
2000-03-21,EWA,10.625,10.625,10.375,10.625,5800
2000-03-22,EWA,10.375,10.625,10.375,10.375,6200
2000-03-23,EWA,10.0625,10.5,10.0625,10.5,23700
2000-03-24,EWA,10.5,10.5,10.25,10.25,5200
2000-03-27,EWA,10.5,10.625,10.375,10.375,4900
2000-03-28,EWA,10.625,10.625,10.625,10.625,3100
2000-03-29,EWA,10.5,10.5,10.25,10.3125,5700
2000-03-30,EWA,10.25,10.5,10.25,10.3125,15300
2000-03-31,EWA,10.125,10.125,9.875,9.875,3500
2000-04-03,EWA,10.25,10.375,10.125,10.375,17700
2000-04-04,EWA,10.4375,10.4375,10.1875,10.375,10500
2000-04-05,EWA,10.0625,10.25,10.0,10.0,5200
2000-04-06,EWA,10.3125,10.3125,10.125,10.3125,6000
2000-04-07,EWA,10.0625,10.25,10.0625,10.25,1800
2000-04-10,EWA,10.375,10.4375,10.1875,10.1875,5000
2000-04-11,EWA,10.0,10.1875,10.0,10.1875,10900
2000-04-12,EWA,10.0625,10.0625,9.9375,9.9375,10200
2000-04-13,EWA,9.875,9.9375,9.75,9.9375,12500
2000-04-14,EWA,9.8125,9.8125,9.4375,9.6875,13900
2000-04-17,EWA,9.125,9.5,9.125,9.4375,20200
2000-04-18,EWA,9.4375,9.6875,9.4375,9.4375,1600
2000-04-19,EWA,9.875,9.875,9.75,9.875,2400
2000-04-20,EWA,9.6875,9.875,9.6875,9.8125,10700
2000-04-24,EWA,9.5,9.625,9.5,9.5,1900
2000-04-25,EWA,9.75,9.75,9.6875,9.6875,7500
2000-04-26,EWA,9.75,10.0,9.75,10.0,6400
2000-04-27,EWA,9.6875,9.875,9.6875,9.6875,1500
2000-04-28,EWA,9.9375,9.9375,9.75,9.9375,5000
2000-05-01,EWA,9.875,9.875,9.625,9.8125,6600
2000-05-02,EWA,9.8125,9.9375,9.8125,9.9375,2500
2000-05-03,EWA,9.8125,9.9375,9.75,9.875,6400
2000-05-04,EWA,9.5625,9.6875,9.5,9.5,270900
2000-05-05,EWA,9.75,9.9375,9.625,9.8125,85300
2000-05-08,EWA,9.8125,9.8125,9.625,9.625,11500
2000-05-09,EWA,9.625,9.75,9.625,9.75,10100
2000-05-10,EWA,9.6875,9.6875,9.4375,9.5,46300
2000-05-11,EWA,9.25,9.4375,9.25,9.4375,290200
2000-05-12,EWA,9.375,9.625,9.375,9.5,5000
2000-05-15,EWA,9.375,9.375,9.3125,9.3125,66600
2000-05-16,EWA,9.5,9.6875,9.5,9.6875,29300
2000-05-17,EWA,9.375,9.5,9.3125,9.3125,21300
2000-05-18,EWA,9.4375,9.4375,9.1875,9.1875,14600
2000-05-19,EWA,9.375,9.4375,9.25,9.4375,17100
2000-05-22,EWA,9.3125,9.3125,9.125,9.125,12200
2000-05-23,EWA,9.25,9.5,9.25,9.5,11000
2000-05-24,EWA,9.375,9.5,9.125,9.5,5100
2000-05-25,EWA,9.3125,9.375,9.1875,9.1875,30800
2000-05-26,EWA,9.3125,9.3125,9.1875,9.1875,4600
2000-05-30,EWA,9.6875,9.75,9.5625,9.625,4300
2000-05-31,EWA,9.5,9.625,9.4375,9.4375,8700
2000-06-01,EWA,9.375,9.625,9.375,9.5625,17600
2000-06-02,EWA,9.6875,9.9375,9.6875,9.9375,7000
2000-06-05,EWA,9.9375,9.9375,9.75,9.9375,8000
2000-06-06,EWA,9.9375,10.0,9.875,9.875,5000
2000-06-07,EWA,9.875,10.125,9.875,10.0,31400
2000-06-08,EWA,9.9375,10.0625,9.9375,10.0625,4700
2000-06-09,EWA,10.0,10.125,10.0,10.125,2100
2000-06-12,EWA,10.0,10.1875,10.0,10.0,23400
2000-06-13,EWA,10.0625,10.125,10.0625,10.125,1900
2000-06-14,EWA,10.0625,10.0625,10.0625,10.0625,100
2000-06-15,EWA,10.125,10.25,10.125,10.25,42300
2000-06-16,EWA,10.375,10.4375,10.125,10.125,33400
2000-06-19,EWA,10.4375,10.4375,10.1875,10.25,4000
2000-06-20,EWA,10.375,10.375,10.375,10.375,1800
2000-06-21,EWA,10.375,10.4375,10.25,10.3125,2700
2000-06-22,EWA,10.3125,10.3125,10.25,10.25,14400
2000-06-23,EWA,10.1875,10.3125,10.1875,10.25,4200
2000-06-26,EWA,10.3125,10.3125,10.1875,10.3125,5300
2000-06-27,EWA,10.25,10.4375,10.25,10.4375,4900
2000-06-28,EWA,10.5,10.5,10.375,10.5,10500
2000-06-29,EWA,10.625,10.6875,10.5,10.5,5000
2000-06-30,EWA,10.6875,10.8125,10.625,10.8125,13700
2000-07-03,EWA,10.5625,10.8125,10.5625,10.8125,4300
2000-07-05,EWA,10.6875,10.6875,10.4375,10.4375,10300
2000-07-06,EWA,10.4375,10.625,10.4375,10.5,3100
2000-07-07,EWA,10.625,10.6875,10.625,10.6875,24400
2000-07-10,EWA,10.75,10.75,10.625,10.75,3700
2000-07-11,EWA,10.5625,10.6875,10.5625,10.6875,2100
2000-07-12,EWA,10.625,10.75,10.5625,10.75,8400
2000-07-13,EWA,10.625,10.8125,10.5,10.625,45900
2000-07-14,EWA,10.625,10.625,10.4375,10.5625,8200
2000-07-17,EWA,10.4375,10.5,10.4375,10.4375,4600
2000-07-18,EWA,10.375,10.5,10.375,10.375,10300
2000-07-19,EWA,10.4375,10.4375,10.1875,10.3125,2900
2000-07-20,EWA,10.375,10.4375,10.3125,10.375,5300
2000-07-21,EWA,10.375,10.625,10.375,10.625,5000
2000-07-24,EWA,10.4375,10.5625,10.4375,10.4375,10400
2000-07-25,EWA,10.3125,10.375,10.3125,10.375,10600
2000-07-26,EWA,10.375,10.4375,10.375,10.4375,6900
2000-07-27,EWA,10.4375,10.4375,10.3125,10.3125,2300
2000-07-28,EWA,10.3125,10.3125,10.25,10.25,900
2000-07-31,EWA,10.25,10.25,10.125,10.125,2500
2000-08-01,EWA,10.125,10.1875,10.125,10.1875,8400
2000-08-02,EWA,10.125,10.375,10.125,10.25,10000
2000-08-03,EWA,10.125,10.375,10.125,10.375,143400
2000-08-04,EWA,10.4375,10.4375,10.3125,10.4375,6600
2000-08-07,EWA,10.375,10.5625,10.375,10.5625,2300
2000-08-08,EWA,10.4375,10.4375,10.375,10.375,500
2000-08-09,EWA,10.25,10.375,10.1875,10.1875,5200
2000-08-10,EWA,10.1875,10.375,10.1875,10.25,21000
2000-08-11,EWA,10.1875,10.375,10.1875,10.25,3400
2000-08-14,EWA,10.1875,10.4375,10.1875,10.25,4900
2000-08-15,EWA,10.3125,10.5,10.3125,10.3125,54800
2000-08-16,EWA,10.5625,10.625,10.5,10.5625,1900
2000-08-17,EWA,10.5625,10.6875,10.5,10.6875,72100
2000-08-18,EWA,10.5625,10.75,10.5625,10.75,9100
2000-08-21,EWA,10.6875,10.6875,10.625,10.6875,2400
2000-08-22,EWA,10.625,10.6875,10.5625,10.5625,26900
2000-08-23,EWA,10.375,10.5,10.375,10.5,5400
2000-08-24,EWA,10.4375,10.4375,10.1875,10.25,18600
2000-08-25,EWA,10.0625,10.25,10.0625,10.125,1600
2000-08-28,EWA,10.25,10.25,10.25,10.25,200
2000-08-29,EWA,10.1875,10.1875,10.0625,10.0625,16400
2000-08-30,EWA,10.125,10.125,10.0,10.0,6000
2000-08-31,EWA,10.0,10.0625,9.875,9.9375,33300
2000-09-01,EWA,10.0625,10.1875,10.0625,10.0625,18500
2000-09-05,EWA,9.9375,10.25,9.9375,10.0,56000
2000-09-06,EWA,9.9375,10.0,9.875,9.9375,35800
2000-09-07,EWA,9.875,9.875,9.6875,9.6875,3300
2000-09-08,EWA,9.8125,9.8125,9.625,9.625,11300
2000-09-11,EWA,9.6875,9.75,9.625,9.75,12200
2000-09-12,EWA,9.75,9.9375,9.75,9.75,28800
2000-09-13,EWA,9.8125,9.875,9.75,9.8125,20300
2000-09-14,EWA,9.875,9.875,9.75,9.75,9200
2000-09-15,EWA,9.6875,9.8125,9.625,9.6875,47000
2000-09-18,EWA,9.6875,9.6875,9.375,9.4375,17100
2000-09-19,EWA,9.3125,9.4375,9.3125,9.375,15600
2000-09-20,EWA,9.375,9.375,9.25,9.25,14700
2000-09-21,EWA,9.3125,9.4375,9.3125,9.3125,9100
2000-09-22,EWA,9.4375,9.4375,9.25,9.3125,10900
2000-09-25,EWA,9.4375,9.4375,9.25,9.25,9400
2000-09-26,EWA,9.4375,9.5625,9.375,9.375,13800
2000-09-27,EWA,9.625,9.625,9.4375,9.5625,12700
2000-09-28,EWA,9.625,9.75,9.5625,9.5625,35400
2000-09-29,EWA,9.625,9.625,9.4375,9.5,11200
2000-10-02,EWA,9.5,9.75,9.5,9.75,4300
2000-10-03,EWA,9.5,9.5,9.5,9.5,13600
2000-10-04,EWA,9.625,9.625,9.5625,9.625,11700
2000-10-05,EWA,9.4375,9.625,9.4375,9.625,23200
2000-10-06,EWA,9.3125,9.3125,9.25,9.25,16000
2000-10-09,EWA,9.3125,9.3125,9.1875,9.25,11300
2000-10-10,EWA,9.1875,9.1875,9.125,9.125,5400
2000-10-11,EWA,9.1875,9.3125,9.0625,9.3125,3500
2000-10-12,EWA,9.25,9.25,9.0,9.0,25700
2000-10-13,EWA,9.0,9.25,9.0,9.0625,7400
2000-10-16,EWA,9.0,9.125,9.0,9.0625,30600
2000-10-17,EWA,9.0,9.0625,8.9375,9.0,21000
2000-10-18,EWA,8.9375,9.0625,8.8125,9.0,20600
2000-10-19,EWA,8.9375,9.125,8.75,9.125,43700
2000-10-20,EWA,9.125,9.1875,9.0,9.0625,13100
2000-10-23,EWA,9.25,9.25,9.0625,9.1875,23200
2000-10-24,EWA,9.25,9.25,9.0625,9.0625,11300
2000-10-25,EWA,9.0,9.125,8.9375,9.125,34700
2000-10-26,EWA,9.0,9.0,8.875,9.0,11100
2000-10-27,EWA,9.0625,9.0625,8.875,8.875,12700
2000-10-30,EWA,9.1875,9.1875,9.0625,9.0625,4200
2000-10-31,EWA,8.875,9.0,8.8125,9.0,30800
2000-11-01,EWA,9.0625,9.1875,9.0,9.125,30400
2000-11-02,EWA,9.125,9.1875,9.0625,9.125,24500
2000-11-03,EWA,9.125,9.25,9.125,9.1875,18400
2000-11-06,EWA,9.25,9.375,9.25,9.375,8400
2000-11-07,EWA,9.375,9.5,9.375,9.5,6600
2000-11-08,EWA,9.5,9.5,9.3125,9.3125,7600
2000-11-09,EWA,9.375,9.375,9.1875,9.3125,11800
2000-11-10,EWA,9.25,9.25,9.0625,9.0625,15600
2000-11-13,EWA,9.0,9.125,8.875,9.0,19600
2000-11-14,EWA,9.0,9.1875,9.0,9.125,3900
2000-11-15,EWA,9.1875,9.25,9.1875,9.1875,37800
2000-11-16,EWA,9.125,9.125,9.0,9.125,14700
2000-11-17,EWA,9.0625,9.25,9.0,9.25,10000
2000-11-20,EWA,9.125,9.125,9.0625,9.0625,17500
2000-11-21,EWA,9.0625,9.1875,9.0625,9.1875,132600
2000-11-22,EWA,9.125,9.1875,9.0625,9.125,22300
2000-11-24,EWA,9.0625,9.125,9.0625,9.0625,23100
2000-11-27,EWA,9.125,9.375,9.125,9.25,75700
2000-11-28,EWA,9.1875,9.4375,9.1875,9.4375,83700
2000-11-29,EWA,9.0625,9.25,9.0625,9.1875,10400
2000-11-30,EWA,9.1875,9.1875,9.0625,9.0625,4900
2000-12-01,EWA,9.4375,9.4375,9.25,9.25,12000
2000-12-04,EWA,9.5,9.625,9.375,9.5625,24200
2000-12-05,EWA,9.5,9.5625,9.3125,9.375,72900
2000-12-06,EWA,9.5,9.625,9.4375,9.625,22300
2000-12-07,EWA,9.5625,9.625,9.5625,9.625,3800
2000-12-08,EWA,9.5,9.5625,9.4375,9.5625,7800
2000-12-11,EWA,9.5,9.5625,9.4375,9.5,15100
2000-12-12,EWA,9.5625,9.5625,9.4375,9.5625,8400
2000-12-13,EWA,9.5625,9.5625,9.375,9.375,2100
2000-12-14,EWA,9.5,9.5,9.375,9.375,7500
2000-12-15,EWA,9.4375,9.4375,9.3125,9.375,45800
2000-12-18,EWA,9.3125,9.4375,9.25,9.4375,6300
2000-12-19,EWA,9.3125,9.5,9.3125,9.3125,3100
2000-12-20,EWA,9.4375,9.4375,9.25,9.3125,7600
2000-12-21,EWA,9.4375,9.4375,9.25,9.375,24300
2000-12-22,EWA,9.4375,9.5,9.3125,9.5,40500
2000-12-26,EWA,9.3125,9.4375,9.3125,9.3125,18300
2000-12-27,EWA,9.4375,9.5625,9.4375,9.5625,23200
2000-12-28,EWA,9.625,9.625,9.4375,9.625,16700
2000-12-29,EWA,9.25,9.5,9.25,9.5,97800
2001-01-02,EWA,9.625,9.75,9.5625,9.75,10100
2001-01-03,EWA,9.75,9.9375,9.75,9.9375,18600
2001-01-04,EWA,9.8125,10.0,9.8125,10.0,93600
2001-01-05,EWA,10.0,10.0625,10.0,10.0,7100
2001-01-08,EWA,9.9375,9.9375,9.6875,9.6875,44000
2001-01-09,EWA,9.75,9.75,9.5625,9.75,6600
2001-01-10,EWA,9.75,9.75,9.6875,9.75,7100
2001-01-11,EWA,9.5,9.75,9.5,9.75,12700
2001-01-12,EWA,9.5,9.6875,9.5,9.6875,7400
2001-01-16,EWA,9.6875,9.6875,9.625,9.6875,2500
2001-01-17,EWA,9.75,9.75,9.625,9.75,3800
2001-01-18,EWA,9.8125,9.8125,9.8125,9.8125,12300
2001-01-19,EWA,9.9375,10.0,9.8125,9.875,27700
2001-01-22,EWA,9.8125,9.9375,9.75,9.875,5900
2001-01-23,EWA,9.6875,9.8125,9.6875,9.8125,11900
2001-01-24,EWA,9.625,9.625,9.5,9.625,6800
2001-01-25,EWA,9.5,9.6875,9.5,9.6875,5300
2001-01-26,EWA,9.5625,9.75,9.5625,9.75,6200
2001-01-29,EWA,9.699999809265137,9.699999809265137,9.520000457763672,9.5600004196167,29300
2001-01-30,EWA,9.75,9.75,9.649999618530273,9.649999618530273,5400
2001-01-31,EWA,9.699999809265137,9.920000076293945,9.699999809265137,9.920000076293945,23400
2001-02-01,EWA,9.979999542236328,9.979999542236328,9.899999618530273,9.979999542236328,2600
2001-02-02,EWA,9.949999809265137,9.949999809265137,9.819999694824219,9.949999809265137,14500
2001-02-05,EWA,9.640000343322754,9.789999961853027,9.630000114440918,9.699999809265137,4200
2001-02-06,EWA,9.699999809265137,9.800000190734863,9.699999809265137,9.800000190734863,2300
2001-02-07,EWA,9.699999809265137,9.75,9.600000381469727,9.75,4000
2001-02-08,EWA,9.5600004196167,9.6899995803833,9.5600004196167,9.6899995803833,4000
2001-02-09,EWA,9.5,9.550000190734863,9.449999809265137,9.550000190734863,10400
2001-02-12,EWA,9.649999618530273,9.680000305175781,9.550000190734863,9.680000305175781,42100
2001-02-13,EWA,9.609999656677246,9.630000114440918,9.449999809265137,9.449999809265137,58900
2001-02-14,EWA,9.4399995803833,9.539999961853027,9.430000305175781,9.539999961853027,7000
2001-02-15,EWA,9.449999809265137,9.449999809265137,9.350000381469727,9.4399995803833,3100
2001-02-16,EWA,9.300000190734863,9.300000190734863,9.25,9.25,3000
2001-02-20,EWA,9.300000190734863,9.350000381469727,9.199999809265137,9.199999809265137,32000
2001-02-21,EWA,9.300000190734863,9.4399995803833,9.25,9.350000381469727,38900
2001-02-22,EWA,9.149999618530273,9.149999618530273,9.100000381469727,9.149999618530273,2100
2001-02-23,EWA,9.229999542236328,9.229999542236328,9.119999885559082,9.180000305175781,3000
2001-02-26,EWA,9.229999542236328,9.25,9.149999618530273,9.25,15300
2001-02-27,EWA,9.149999618530273,9.449999809265137,9.149999618530273,9.399999618530273,45800
2001-02-28,EWA,9.300000190734863,9.449999809265137,9.300000190734863,9.449999809265137,54300
2001-03-01,EWA,9.430000305175781,9.430000305175781,9.430000305175781,9.430000305175781,5400
2001-03-02,EWA,9.420000076293945,9.449999809265137,9.399999618530273,9.40999984741211,2400
2001-03-05,EWA,9.300000190734863,9.390000343322754,9.289999961853027,9.390000343322754,12100
2001-03-06,EWA,9.350000381469727,9.350000381469727,9.210000038146973,9.300000190734863,16500
2001-03-07,EWA,9.300000190734863,9.300000190734863,9.199999809265137,9.300000190734863,10000
2001-03-08,EWA,9.149999618530273,9.149999618530273,9.130000114440918,9.140000343322754,1600
2001-03-09,EWA,9.149999618530273,9.229999542236328,9.100000381469727,9.100000381469727,13300
2001-03-12,EWA,9.050000190734863,9.180000305175781,9.050000190734863,9.180000305175781,24400
2001-03-13,EWA,8.899999618530273,8.899999618530273,8.800000190734863,8.899999618530273,6800
2001-03-14,EWA,8.75,8.75,8.5,8.5,19900
2001-03-15,EWA,8.600000381469727,8.6899995803833,8.600000381469727,8.600000381469727,2300
2001-03-16,EWA,8.729999542236328,8.729999542236328,8.649999618530273,8.649999618530273,3000
2001-03-19,EWA,8.649999618530273,8.75,8.649999618530273,8.75,3000
2001-03-20,EWA,8.800000190734863,8.800000190734863,8.699999809265137,8.800000190734863,11700
2001-03-21,EWA,8.600000381469727,8.699999809265137,8.600000381469727,8.699999809265137,15200
2001-03-22,EWA,8.539999961853027,8.539999961853027,8.350000381469727,8.4399995803833,17600
2001-03-23,EWA,8.550000190734863,8.550000190734863,8.350000381469727,8.479999542236328,10000
2001-03-26,EWA,8.600000381469727,8.699999809265137,8.600000381469727,8.699999809265137,10600
2001-03-27,EWA,8.649999618530273,8.75,8.5600004196167,8.75,35000
2001-03-28,EWA,8.550000190734863,8.600000381469727,8.5,8.600000381469727,48100
2001-03-29,EWA,8.600000381469727,8.600000381469727,8.449999809265137,8.449999809265137,16000
2001-03-30,EWA,8.3100004196167,8.390000343322754,8.25,8.300000190734863,3200
2001-04-02,EWA,8.449999809265137,8.449999809265137,8.300000190734863,8.390000343322754,2600
2001-04-03,EWA,8.350000381469727,8.449999809265137,8.300000190734863,8.3100004196167,5700
2001-04-04,EWA,8.550000190734863,8.699999809265137,8.449999809265137,8.699999809265137,29500
2001-04-05,EWA,8.649999618530273,8.6899995803833,8.649999618530273,8.6899995803833,6400
2001-04-06,EWA,8.75,8.75,8.609999656677246,8.609999656677246,1100
2001-04-09,EWA,8.649999618530273,8.739999771118164,8.649999618530273,8.65999984741211,25000
2001-04-10,EWA,8.75,8.899999618530273,8.710000038146973,8.75,14200
2001-04-11,EWA,9.0,9.09000015258789,9.0,9.020000457763672,39400
2001-04-12,EWA,9.210000038146973,9.25,9.050000190734863,9.25,16200
2001-04-16,EWA,9.149999618530273,9.25,9.09000015258789,9.239999771118164,16800
2001-04-17,EWA,9.0,9.100000381469727,9.0,9.0,2500
2001-04-18,EWA,9.050000190734863,9.1899995803833,8.899999618530273,9.149999618530273,33400
2001-04-19,EWA,9.25,9.399999618530273,9.25,9.399999618530273,18200
2001-04-20,EWA,9.25,9.380000114440918,9.25,9.380000114440918,10300
2001-04-23,EWA,9.25,9.25,9.149999618530273,9.199999809265137,5300
2001-04-24,EWA,9.25,9.25,9.149999618530273,9.149999618530273,9700
2001-04-25,EWA,9.149999618530273,9.279999732971191,9.149999618530273,9.279999732971191,18000
2001-04-26,EWA,9.270000457763672,9.350000381469727,9.25,9.300000190734863,2000
2001-04-27,EWA,9.319999694824219,9.319999694824219,9.25,9.25,10600
2001-04-30,EWA,9.359999656677246,9.399999618530273,9.3100004196167,9.399999618530273,18500
2001-05-01,EWA,9.449999809265137,9.5,9.449999809265137,9.449999809265137,1000
2001-05-02,EWA,9.5,9.59000015258789,9.5,9.59000015258789,20400
2001-05-03,EWA,9.640000343322754,9.649999618530273,9.59000015258789,9.600000381469727,13800
2001-05-04,EWA,9.59000015258789,9.59000015258789,9.5,9.579999923706055,1400
2001-05-07,EWA,9.59000015258789,9.59000015258789,9.5,9.5,5600
2001-05-08,EWA,9.609999656677246,9.609999656677246,9.520000457763672,9.520000457763672,7000
2001-05-09,EWA,9.649999618530273,9.65999984741211,9.600000381469727,9.600000381469727,600
2001-05-10,EWA,9.75,9.819999694824219,9.729999542236328,9.819999694824219,8600
2001-05-11,EWA,9.800000190734863,9.800000190734863,9.699999809265137,9.699999809265137,5800
2001-05-14,EWA,9.699999809265137,9.699999809265137,9.600000381469727,9.699999809265137,3700
2001-05-15,EWA,9.600000381469727,9.779999732971191,9.600000381469727,9.600000381469727,3100
2001-05-16,EWA,9.649999618530273,9.75,9.649999618530273,9.75,1500
2001-05-17,EWA,9.800000190734863,9.899999618530273,9.800000190734863,9.899999618530273,3800
2001-05-18,EWA,9.869999885559082,9.869999885559082,9.770000457763672,9.850000381469727,6500
2001-05-21,EWA,9.899999618530273,10.0,9.880000114440918,9.920000076293945,34200
2001-05-22,EWA,9.949999809265137,9.949999809265137,9.800000190734863,9.819999694824219,13900
2001-05-23,EWA,9.819999694824219,9.819999694824219,9.720000267028809,9.720000267028809,10700
2001-05-24,EWA,9.779999732971191,9.779999732971191,9.680000305175781,9.770000457763672,4000
2001-05-25,EWA,9.850000381469727,9.859999656677246,9.850000381469727,9.859999656677246,4000
2001-05-29,EWA,9.699999809265137,9.699999809265137,9.600000381469727,9.6899995803833,8300
2001-05-30,EWA,9.649999618530273,9.800000190734863,9.550000190734863,9.699999809265137,47600
2001-05-31,EWA,9.470000267028809,9.470000267028809,9.40999984741211,9.460000038146973,2200
2001-06-01,EWA,9.40999984741211,9.5,9.40999984741211,9.5,6300
2001-06-04,EWA,9.630000114440918,9.630000114440918,9.520000457763672,9.520000457763672,47200
2001-06-05,EWA,9.649999618530273,9.699999809265137,9.630000114440918,9.630000114440918,19200
2001-06-06,EWA,9.75,9.75,9.649999618530273,9.739999771118164,19100
2001-06-07,EWA,9.760000228881836,9.850000381469727,9.760000228881836,9.850000381469727,15900
2001-06-08,EWA,9.899999618530273,9.979999542236328,9.899999618530273,9.90999984741211,3300
2001-06-11,EWA,10.0,10.0,9.850000381469727,9.869999885559082,6000
2001-06-12,EWA,9.899999618530273,9.899999618530273,9.800000190734863,9.899999618530273,6500
2001-06-13,EWA,9.880000114440918,9.9399995803833,9.880000114440918,9.9399995803833,53000
2001-06-14,EWA,9.859999656677246,9.949999809265137,9.859999656677246,9.949999809265137,4200
2001-06-15,EWA,10.050000190734863,10.050000190734863,9.850000381469727,9.949999809265137,13800
2001-06-18,EWA,9.710000038146973,9.800000190734863,9.710000038146973,9.75,2300
2001-06-19,EWA,9.789999961853027,9.800000190734863,9.699999809265137,9.699999809265137,3300
2001-06-20,EWA,9.710000038146973,9.789999961853027,9.699999809265137,9.710000038146973,7700
2001-06-21,EWA,9.699999809265137,9.699999809265137,9.619999885559082,9.619999885559082,2900
2001-06-22,EWA,9.800000190734863,9.819999694824219,9.770000457763672,9.770000457763672,2000
2001-06-25,EWA,9.739999771118164,9.75,9.65999984741211,9.65999984741211,6200
2001-06-26,EWA,9.699999809265137,9.949999809265137,9.699999809265137,9.949999809265137,3700
2001-06-27,EWA,9.779999732971191,9.850000381469727,9.699999809265137,9.800000190734863,385500
2001-06-28,EWA,9.550000190734863,9.699999809265137,9.550000190734863,9.609999656677246,126000
2001-06-29,EWA,9.699999809265137,9.779999732971191,9.680000305175781,9.6899995803833,9700
2001-07-02,EWA,9.640000343322754,9.699999809265137,9.600000381469727,9.699999809265137,15400
2001-07-03,EWA,9.8100004196167,9.819999694824219,9.800000190734863,9.819999694824219,356600
2001-07-05,EWA,9.600000381469727,9.600000381469727,9.479999542236328,9.5,13500
2001-07-06,EWA,9.380000114440918,9.380000114440918,9.210000038146973,9.210000038146973,3400
2001-07-09,EWA,9.15999984741211,9.300000190734863,9.15999984741211,9.300000190734863,25900
2001-07-10,EWA,9.3100004196167,9.399999618530273,9.3100004196167,9.3100004196167,5700
2001-07-11,EWA,9.390000343322754,9.390000343322754,9.300000190734863,9.3100004196167,17800
2001-07-12,EWA,9.399999618530273,9.449999809265137,9.350000381469727,9.350000381469727,42400
2001-07-13,EWA,9.350000381469727,9.5,9.350000381469727,9.449999809265137,4200
2001-07-16,EWA,9.529999732971191,9.630000114440918,9.479999542236328,9.550000190734863,11800
2001-07-17,EWA,9.449999809265137,9.5,9.449999809265137,9.5,10100
2001-07-18,EWA,9.529999732971191,9.640000343322754,9.529999732971191,9.600000381469727,18600
2001-07-19,EWA,9.649999618530273,9.65999984741211,9.649999618530273,9.65999984741211,16300
2001-07-20,EWA,9.5,9.5,9.369999885559082,9.460000038146973,52100
2001-07-23,EWA,9.4399995803833,9.4399995803833,9.329999923706055,9.420000076293945,4800
2001-07-24,EWA,9.369999885559082,9.380000114440918,9.369999885559082,9.380000114440918,15900
2001-07-25,EWA,9.270000457763672,9.279999732971191,9.180000305175781,9.260000228881836,13600
2001-07-26,EWA,9.180000305175781,9.180000305175781,9.050000190734863,9.100000381469727,106800
2001-07-27,EWA,9.100000381469727,9.170000076293945,9.100000381469727,9.170000076293945,2600
2001-07-30,EWA,9.220000267028809,9.25,9.119999885559082,9.25,51700
2001-07-31,EWA,9.279999732971191,9.350000381469727,9.1899995803833,9.350000381469727,39400
2001-08-01,EWA,9.5,9.680000305175781,9.5,9.680000305175781,15600
2001-08-02,EWA,9.680000305175781,9.739999771118164,9.609999656677246,9.609999656677246,8200
2001-08-03,EWA,9.670000076293945,9.670000076293945,9.579999923706055,9.600000381469727,16300
2001-08-06,EWA,9.649999618530273,9.65999984741211,9.569999694824219,9.609999656677246,2400
2001-08-07,EWA,9.550000190734863,9.649999618530273,9.550000190734863,9.649999618530273,4700
2001-08-08,EWA,9.5,9.5,9.5,9.5,4000
2001-08-09,EWA,9.600000381469727,9.600000381469727,9.5,9.5,4200
2001-08-10,EWA,9.550000190734863,9.600000381469727,9.550000190734863,9.550000190734863,3100
2001-08-13,EWA,9.619999885559082,9.619999885559082,9.619999885559082,9.619999885559082,1600
2001-08-14,EWA,9.550000190734863,9.619999885559082,9.550000190734863,9.609999656677246,12800
2001-08-15,EWA,9.699999809265137,9.739999771118164,9.670000076293945,9.670000076293945,5200
2001-08-16,EWA,9.649999618530273,9.649999618530273,9.5600004196167,9.5600004196167,13300
2001-08-17,EWA,9.649999618530273,9.699999809265137,9.649999618530273,9.649999618530273,6000
2001-08-20,EWA,9.649999618530273,9.65999984741211,9.5600004196167,9.65999984741211,7300
2001-08-21,EWA,9.609999656677246,9.739999771118164,9.609999656677246,9.699999809265137,700
2001-08-22,EWA,9.739999771118164,9.829999923706055,9.65999984741211,9.800000190734863,31800
2001-08-23,EWA,9.65999984741211,9.75,9.65999984741211,9.739999771118164,1300
2001-08-24,EWA,9.510000228881836,9.649999618530273,9.510000228881836,9.529999732971191,18900
2001-08-27,EWA,9.5,9.649999618530273,9.5,9.5600004196167,113900
2001-08-28,EWA,9.520000457763672,9.600000381469727,9.520000457763672,9.600000381469727,2200
2001-08-29,EWA,9.59000015258789,9.59000015258789,9.510000228881836,9.59000015258789,2800
2001-08-30,EWA,9.59000015258789,9.59000015258789,9.5,9.59000015258789,7000
2001-08-31,EWA,9.399999618530273,9.399999618530273,9.3100004196167,9.350000381469727,2700
2001-09-04,EWA,9.3100004196167,9.3100004196167,9.25,9.300000190734863,4200
2001-09-05,EWA,9.210000038146973,9.25,9.149999618530273,9.25,13500
2001-09-06,EWA,9.109999656677246,9.199999809265137,9.109999656677246,9.199999809265137,110500
2001-09-07,EWA,9.050000190734863,9.0600004196167,9.020000457763672,9.050000190734863,11500
2001-09-10,EWA,8.949999809265137,8.949999809265137,8.859999656677246,8.859999656677246,20900
2001-09-17,EWA,7.650000095367432,8.100000381469727,7.650000095367432,7.849999904632568,27300
2001-09-18,EWA,7.920000076293945,8.449999809265137,7.849999904632568,8.199999809265137,21600
2001-09-19,EWA,8.0,8.0,7.75,8.0,13000
2001-09-20,EWA,7.949999809265137,7.949999809265137,7.710000038146973,7.849999904632568,19900
2001-09-21,EWA,7.699999809265137,7.75,7.5,7.599999904632568,18000
2001-09-24,EWA,7.75,7.75,7.5,7.599999904632568,38200
2001-09-25,EWA,7.900000095367432,8.0,7.900000095367432,8.0,4700
2001-09-26,EWA,7.75,7.949999809265137,7.71999979019165,7.75,3800
2001-09-27,EWA,7.800000190734863,7.800000190734863,7.599999904632568,7.599999904632568,10100
2001-09-28,EWA,7.849999904632568,7.880000114440918,7.699999809265137,7.710000038146973,8500
2001-10-01,EWA,8.119999885559082,8.15999984741211,8.100000381469727,8.119999885559082,67700
2001-10-02,EWA,8.300000190734863,8.390000343322754,8.229999542236328,8.390000343322754,39000
2001-10-03,EWA,8.300000190734863,8.380000114440918,8.289999961853027,8.380000114440918,15300
2001-10-04,EWA,8.329999923706055,8.420000076293945,8.329999923706055,8.329999923706055,12300
2001-10-05,EWA,8.600000381469727,8.699999809265137,8.600000381469727,8.600000381469727,7900
2001-10-08,EWA,8.600000381469727,8.600000381469727,8.510000228881836,8.510000228881836,1800
2001-10-09,EWA,8.449999809265137,8.539999961853027,8.359999656677246,8.539999961853027,13000
2001-10-10,EWA,8.449999809265137,8.5,8.449999809265137,8.5,16600
2001-10-11,EWA,8.619999885559082,8.649999618530273,8.5,8.649999618530273,21700
2001-10-12,EWA,8.65999984741211,8.670000076293945,8.600000381469727,8.640000343322754,12400
2001-10-15,EWA,8.770000457763672,8.84000015258789,8.760000228881836,8.760000228881836,15200
2001-10-16,EWA,8.800000190734863,8.899999618530273,8.800000190734863,8.899999618530273,20200
2001-10-17,EWA,8.869999885559082,8.899999618530273,8.800000190734863,8.850000381469727,13600
2001-10-18,EWA,8.850000381469727,8.850000381469727,8.75,8.779999732971191,5700
2001-10-19,EWA,8.729999542236328,8.729999542236328,8.630000114440918,8.630000114440918,1900
2001-10-22,EWA,8.609999656677246,8.699999809265137,8.609999656677246,8.649999618530273,4200
2001-10-23,EWA,8.819999694824219,8.819999694824219,8.729999542236328,8.8100004196167,25000
2001-10-24,EWA,8.8100004196167,8.899999618530273,8.8100004196167,8.899999618530273,16500
2001-10-25,EWA,8.800000190734863,8.850000381469727,8.800000190734863,8.850000381469727,5300
2001-10-26,EWA,8.8100004196167,8.899999618530273,8.800000190734863,8.880000114440918,8900
2001-10-29,EWA,8.800000190734863,8.800000190734863,8.800000190734863,8.800000190734863,1100
2001-10-30,EWA,8.899999618530273,8.899999618530273,8.800000190734863,8.800000190734863,2400
2001-10-31,EWA,8.699999809265137,8.880000114440918,8.699999809265137,8.779999732971191,20600
2001-11-01,EWA,8.970000267028809,8.970000267028809,8.850000381469727,8.949999809265137,9700
2001-11-02,EWA,8.800000190734863,8.899999618530273,8.800000190734863,8.890000343322754,8100
2001-11-05,EWA,8.859999656677246,8.859999656677246,8.850000381469727,8.850000381469727,5400
2001-11-06,EWA,9.050000190734863,9.149999618530273,9.039999961853027,9.050000190734863,10900
2001-11-07,EWA,9.050000190734863,9.050000190734863,8.949999809265137,9.0,31300
2001-11-08,EWA,9.010000228881836,9.100000381469727,9.010000228881836,9.039999961853027,18800
2001-11-09,EWA,9.119999885559082,9.119999885559082,9.050000190734863,9.050000190734863,24100
2001-11-12,EWA,9.149999618530273,9.300000190734863,9.029999732971191,9.289999961853027,13900
2001-11-13,EWA,9.239999771118164,9.300000190734863,9.15999984741211,9.300000190734863,35800
2001-11-14,EWA,9.350000381469727,9.449999809265137,9.3100004196167,9.3100004196167,6800
2001-11-15,EWA,9.34000015258789,9.40999984741211,9.3100004196167,9.3100004196167,1800
2001-11-16,EWA,9.4399995803833,9.4399995803833,9.350000381469727,9.350000381469727,12400
2001-11-19,EWA,9.359999656677246,9.399999618530273,9.300000190734863,9.399999618530273,19900
2001-11-20,EWA,9.350000381469727,9.449999809265137,9.350000381469727,9.4399995803833,13500
2001-11-21,EWA,9.199999809265137,9.399999618530273,9.199999809265137,9.390000343322754,10100
2001-11-23,EWA,9.350000381469727,9.350000381469727,9.34000015258789,9.34000015258789,7300
2001-11-26,EWA,9.399999618530273,9.399999618530273,9.199999809265137,9.289999961853027,31300
2001-11-27,EWA,9.5,9.5,9.399999618530273,9.399999618530273,30800
2001-11-28,EWA,9.449999809265137,9.5,9.350000381469727,9.350000381469727,19300
2001-11-29,EWA,9.350000381469727,9.350000381469727,9.260000228881836,9.319999694824219,5300
2001-11-30,EWA,9.3100004196167,9.390000343322754,9.300000190734863,9.3100004196167,8000
2001-12-03,EWA,9.34000015258789,9.34000015258789,9.25,9.25,3200
2001-12-04,EWA,9.25,9.289999961853027,9.199999809265137,9.289999961853027,15200
2001-12-05,EWA,9.350000381469727,9.489999771118164,9.3100004196167,9.449999809265137,18400
2001-12-06,EWA,9.369999885559082,9.449999809265137,9.279999732971191,9.449999809265137,40200
2001-12-07,EWA,9.489999771118164,9.489999771118164,9.260000228881836,9.260000228881836,11300
2001-12-10,EWA,9.279999732971191,9.369999885559082,9.279999732971191,9.369999885559082,3100
2001-12-11,EWA,9.25,9.449999809265137,9.210000038146973,9.449999809265137,60000
2001-12-12,EWA,9.329999923706055,9.329999923706055,9.239999771118164,9.25,12400
2001-12-13,EWA,9.199999809265137,9.319999694824219,9.170000076293945,9.170000076293945,18000
2001-12-14,EWA,9.170000076293945,9.260000228881836,9.15999984741211,9.170000076293945,12400
2001-12-17,EWA,9.100000381469727,9.140000343322754,9.100000381469727,9.100000381469727,33300
2001-12-18,EWA,9.199999809265137,9.289999961853027,9.100000381469727,9.149999618530273,27300
2001-12-19,EWA,9.25,9.25,9.149999618530273,9.199999809265137,31100
2001-12-20,EWA,9.239999771118164,9.239999771118164,9.029999732971191,9.180000305175781,11100
2001-12-21,EWA,9.149999618530273,9.329999923706055,9.149999618530273,9.210000038146973,15300
2001-12-24,EWA,9.229999542236328,9.289999961853027,9.15999984741211,9.279999732971191,1700
2001-12-26,EWA,9.220000267028809,9.270000457763672,9.220000267028809,9.270000457763672,5400
2001-12-27,EWA,9.25,9.390000343322754,9.25,9.260000228881836,10900
2001-12-28,EWA,9.3100004196167,9.40999984741211,9.3100004196167,9.40999984741211,7800
2001-12-31,EWA,9.350000381469727,9.479999542236328,9.329999923706055,9.449999809265137,16100
2002-01-02,EWA,9.460000038146973,9.5,9.449999809265137,9.460000038146973,7200
2002-01-03,EWA,9.449999809265137,9.539999961853027,9.449999809265137,9.460000038146973,4100
2002-01-04,EWA,9.5,9.800000190734863,9.5,9.800000190734863,44600
2002-01-07,EWA,9.649999618530273,9.75,9.640000343322754,9.75,37000
2002-01-08,EWA,9.520000457763672,9.649999618530273,9.520000457763672,9.569999694824219,7100
2002-01-09,EWA,9.609999656677246,9.619999885559082,9.550000190734863,9.619999885559082,7300
2002-01-10,EWA,9.600000381469727,9.649999618530273,9.550000190734863,9.630000114440918,10500
2002-01-11,EWA,9.600000381469727,9.699999809265137,9.550000190734863,9.680000305175781,185700
2002-01-14,EWA,9.550000190734863,9.600000381469727,9.449999809265137,9.449999809265137,82600
2002-01-15,EWA,9.529999732971191,9.539999961853027,9.5,9.539999961853027,6500
2002-01-16,EWA,9.539999961853027,9.539999961853027,9.449999809265137,9.470000267028809,16400
2002-01-17,EWA,9.300000190734863,9.5,9.300000190734863,9.4399995803833,48700
2002-01-18,EWA,9.390000343322754,9.399999618530273,9.3100004196167,9.3100004196167,2800
2002-01-22,EWA,9.510000228881836,9.600000381469727,9.5,9.59000015258789,131100
2002-01-23,EWA,9.59000015258789,9.600000381469727,9.529999732971191,9.5600004196167,15800
2002-01-24,EWA,9.59000015258789,9.640000343322754,9.59000015258789,9.600000381469727,106500
2002-01-25,EWA,9.609999656677246,9.65999984741211,9.539999961853027,9.539999961853027,15200
2002-01-28,EWA,9.600000381469727,9.600000381469727,9.569999694824219,9.579999923706055,4000
2002-01-29,EWA,9.600000381469727,9.600000381469727,9.300000190734863,9.390000343322754,19000
2002-01-30,EWA,9.4399995803833,9.5,9.350000381469727,9.5,83000
2002-01-31,EWA,9.520000457763672,9.600000381469727,9.420000076293945,9.59000015258789,80400
2002-02-01,EWA,9.5,9.5,9.430000305175781,9.479999542236328,3400
2002-02-04,EWA,9.579999923706055,9.600000381469727,9.5,9.600000381469727,16300
2002-02-05,EWA,9.569999694824219,9.59000015258789,9.449999809265137,9.5,13600
2002-02-06,EWA,9.399999618530273,9.430000305175781,9.3100004196167,9.430000305175781,28100
2002-02-07,EWA,9.399999618530273,9.399999618530273,9.380000114440918,9.399999618530273,12300
2002-02-08,EWA,9.5,9.59000015258789,9.5,9.510000228881836,12500
2002-02-11,EWA,9.510000228881836,9.649999618530273,9.510000228881836,9.600000381469727,13500
2002-02-12,EWA,9.600000381469727,9.630000114440918,9.510000228881836,9.520000457763672,28400
2002-02-13,EWA,9.579999923706055,9.600000381469727,9.510000228881836,9.600000381469727,14700
2002-02-14,EWA,9.710000038146973,9.710000038146973,9.609999656677246,9.649999618530273,20700
2002-02-15,EWA,9.729999542236328,9.779999732971191,9.680000305175781,9.680000305175781,5300
2002-02-19,EWA,9.75,9.75,9.600000381469727,9.680000305175781,134600
2002-02-20,EWA,9.680000305175781,9.680000305175781,9.649999618530273,9.680000305175781,17300
2002-02-21,EWA,9.630000114440918,9.640000343322754,9.539999961853027,9.539999961853027,21100
2002-02-22,EWA,9.579999923706055,9.579999923706055,9.5,9.579999923706055,36500
2002-02-25,EWA,9.579999923706055,9.640000343322754,9.520000457763672,9.640000343322754,16800
2002-02-26,EWA,9.619999885559082,9.619999885559082,9.5,9.600000381469727,54700
2002-02-27,EWA,9.550000190734863,9.600000381469727,9.5,9.600000381469727,11400
2002-02-28,EWA,9.529999732971191,9.529999732971191,9.529999732971191,9.529999732971191,100
2002-03-01,EWA,9.529999732971191,9.619999885559082,9.529999732971191,9.550000190734863,33900
2002-03-04,EWA,9.699999809265137,9.720000267028809,9.670000076293945,9.670000076293945,232500
2002-03-05,EWA,9.710000038146973,9.720000267028809,9.600000381469727,9.600000381469727,17000
2002-03-06,EWA,9.739999771118164,9.789999961853027,9.649999618530273,9.789999961853027,12600
2002-03-07,EWA,9.970000267028809,10.0,9.949999809265137,9.989999771118164,99500
2002-03-08,EWA,9.899999618530273,9.9399995803833,9.8100004196167,9.899999618530273,13700
2002-03-11,EWA,9.850000381469727,9.850000381469727,9.75,9.760000228881836,21800
2002-03-12,EWA,9.699999809265137,9.770000457763672,9.630000114440918,9.65999984741211,21900
2002-03-13,EWA,9.640000343322754,9.729999542236328,9.640000343322754,9.649999618530273,35200
2002-03-14,EWA,9.789999961853027,9.789999961853027,9.779999732971191,9.779999732971191,55000
2002-03-15,EWA,9.699999809265137,9.710000038146973,9.619999885559082,9.710000038146973,79400
2002-03-18,EWA,9.84000015258789,9.850000381469727,9.779999732971191,9.84000015258789,5000
2002-03-19,EWA,9.850000381469727,9.859999656677246,9.65999984741211,9.84000015258789,56800
2002-03-20,EWA,9.899999618530273,10.0,9.899999618530273,9.899999618530273,71000
2002-03-21,EWA,9.930000305175781,9.930000305175781,9.84000015258789,9.899999618530273,22500
2002-03-22,EWA,9.949999809265137,9.949999809265137,9.899999618530273,9.899999618530273,44500
2002-03-25,EWA,9.890000343322754,9.890000343322754,9.8100004196167,9.8100004196167,27600
2002-03-26,EWA,9.680000305175781,9.720000267028809,9.65999984741211,9.65999984741211,126500
2002-03-27,EWA,9.75,9.770000457763672,9.6899995803833,9.75,16200
2002-03-28,EWA,9.8100004196167,9.899999618530273,9.8100004196167,9.899999618530273,39200
2002-04-01,EWA,9.8100004196167,9.850000381469727,9.760000228881836,9.84000015258789,16200
2002-04-02,EWA,9.819999694824219,9.850000381469727,9.720000267028809,9.720000267028809,27400
2002-04-03,EWA,9.739999771118164,9.770000457763672,9.649999618530273,9.699999809265137,5200
2002-04-04,EWA,9.6899995803833,9.75,9.65999984741211,9.65999984741211,10600
2002-04-05,EWA,9.800000190734863,9.800000190734863,9.789999961853027,9.789999961853027,5700
2002-04-08,EWA,9.65999984741211,9.75,9.600000381469727,9.75,87500
2002-04-09,EWA,9.680000305175781,9.680000305175781,9.550000190734863,9.550000190734863,35300
2002-04-10,EWA,9.640000343322754,9.789999961853027,9.640000343322754,9.789999961853027,19600
2002-04-11,EWA,9.800000190734863,9.800000190734863,9.600000381469727,9.600000381469727,19100
2002-04-12,EWA,9.770000457763672,9.770000457763672,9.680000305175781,9.739999771118164,24600
2002-04-15,EWA,9.729999542236328,9.729999542236328,9.619999885559082,9.619999885559082,17000
2002-04-16,EWA,9.800000190734863,9.960000038146973,9.710000038146973,9.960000038146973,43700
2002-04-17,EWA,9.979999542236328,9.979999542236328,9.829999923706055,9.979999542236328,35300
2002-04-18,EWA,9.989999771118164,10.100000381469727,9.989999771118164,10.100000381469727,64400
2002-04-19,EWA,10.0,10.079999923706055,9.989999771118164,10.050000190734863,325100
2002-04-22,EWA,10.039999961853027,10.039999961853027,9.989999771118164,10.029999732971191,362900
2002-04-23,EWA,10.0,10.050000190734863,9.979999542236328,9.979999542236328,160600
2002-04-24,EWA,9.899999618530273,10.0,9.859999656677246,9.989999771118164,16300
2002-04-25,EWA,9.989999771118164,10.050000190734863,9.9399995803833,10.050000190734863,32800
2002-04-26,EWA,10.050000190734863,10.050000190734863,9.930000305175781,9.930000305175781,20500
2002-04-29,EWA,9.869999885559082,9.899999618530273,9.75,9.84000015258789,24100
2002-04-30,EWA,9.84000015258789,9.899999618530273,9.779999732971191,9.899999618530273,21800
2002-05-01,EWA,9.829999923706055,9.880000114440918,9.760000228881836,9.850000381469727,6800
2002-05-02,EWA,9.880000114440918,9.880000114440918,9.75,9.75,30500
2002-05-03,EWA,9.8100004196167,9.869999885559082,9.779999732971191,9.779999732971191,11800
2002-05-06,EWA,9.850000381469727,9.880000114440918,9.760000228881836,9.770000457763672,8300
2002-05-07,EWA,9.859999656677246,9.859999656677246,9.75,9.84000015258789,38900
2002-05-08,EWA,9.880000114440918,10.0,9.859999656677246,10.0,54000
2002-05-09,EWA,9.829999923706055,9.899999618530273,9.800000190734863,9.890000343322754,48000
2002-05-10,EWA,9.899999618530273,9.899999618530273,9.819999694824219,9.890000343322754,7700
2002-05-13,EWA,9.890000343322754,9.930000305175781,9.800000190734863,9.930000305175781,20800
2002-05-14,EWA,9.90999984741211,10.0,9.899999618530273,10.0,8300
2002-05-15,EWA,9.979999542236328,10.149999618530273,9.979999542236328,10.020000457763672,41700
2002-05-16,EWA,10.020000457763672,10.359999656677246,10.020000457763672,10.199999809265137,116200
2002-05-17,EWA,10.34000015258789,10.420000076293945,10.3100004196167,10.350000381469727,60700
2002-05-20,EWA,10.220000267028809,10.289999961853027,10.149999618530273,10.239999771118164,101800
2002-05-21,EWA,10.15999984741211,10.289999961853027,10.140000343322754,10.25,48400
2002-05-22,EWA,10.319999694824219,10.420000076293945,10.239999771118164,10.420000076293945,63400
2002-05-23,EWA,10.270000457763672,10.40999984741211,10.210000038146973,10.40999984741211,88200
2002-05-24,EWA,10.300000190734863,10.350000381469727,10.220000267028809,10.300000190734863,41400
2002-05-28,EWA,10.300000190734863,10.430000305175781,10.300000190734863,10.420000076293945,49700
2002-05-29,EWA,10.420000076293945,10.470000267028809,10.319999694824219,10.449999809265137,165300
2002-05-30,EWA,10.449999809265137,10.470000267028809,10.430000305175781,10.4399995803833,58400
2002-05-31,EWA,10.489999771118164,10.529999732971191,10.449999809265137,10.520000457763672,104300
2002-06-03,EWA,10.510000228881836,10.550000190734863,10.479999542236328,10.550000190734863,52800
2002-06-04,EWA,10.539999961853027,10.579999923706055,10.449999809265137,10.579999923706055,188200
2002-06-05,EWA,10.550000190734863,10.59000015258789,10.470000267028809,10.59000015258789,52900
2002-06-06,EWA,10.539999961853027,10.600000381469727,10.489999771118164,10.59000015258789,63000
2002-06-07,EWA,10.550000190734863,10.550000190734863,10.479999542236328,10.5,46400
2002-06-10,EWA,10.510000228881836,10.569999694824219,10.449999809265137,10.569999694824219,52000
2002-06-11,EWA,10.430000305175781,10.470000267028809,10.229999542236328,10.229999542236328,80700
2002-06-12,EWA,10.300000190734863,10.449999809265137,10.300000190734863,10.430000305175781,46900
2002-06-13,EWA,10.3100004196167,10.390000343322754,10.149999618530273,10.199999809265137,49900
2002-06-14,EWA,10.140000343322754,10.149999618530273,9.930000305175781,9.970000267028809,557500
2002-06-17,EWA,9.899999618530273,10.140000343322754,9.899999618530273,10.140000343322754,77800
2002-06-18,EWA,10.199999809265137,10.279999732971191,10.09000015258789,10.279999732971191,34900
2002-06-19,EWA,10.25,10.25,9.930000305175781,9.9399995803833,90000
2002-06-20,EWA,10.149999618530273,10.25,10.079999923706055,10.109999656677246,83200
2002-06-21,EWA,10.25,10.289999961853027,10.100000381469727,10.149999618530273,75100
2002-06-24,EWA,10.100000381469727,10.109999656677246,10.0,10.069999694824219,428800
2002-06-25,EWA,10.069999694824219,10.199999809265137,10.069999694824219,10.130000114440918,96600
2002-06-26,EWA,9.850000381469727,9.9399995803833,9.649999618530273,9.8100004196167,131200
2002-06-27,EWA,9.920000076293945,10.079999923706055,9.890000343322754,10.010000228881836,224200
2002-06-28,EWA,9.899999618530273,10.029999732971191,9.899999618530273,10.0,448600
2002-07-01,EWA,9.899999618530273,9.989999771118164,9.899999618530273,9.9399995803833,11100
2002-07-02,EWA,9.819999694824219,9.899999618530273,9.8100004196167,9.84000015258789,21400
2002-07-03,EWA,9.699999809265137,9.760000228881836,9.649999618530273,9.760000228881836,38300
2002-07-05,EWA,9.800000190734863,9.979999542236328,9.75,9.979999542236328,14200
2002-07-08,EWA,10.0,10.09000015258789,9.960000038146973,10.020000457763672,25200
2002-07-09,EWA,10.09000015258789,10.199999809265137,10.029999732971191,10.149999618530273,27200
2002-07-10,EWA,10.050000190734863,10.100000381469727,9.960000038146973,10.0,48500
2002-07-11,EWA,9.75,9.869999885559082,9.649999618530273,9.869999885559082,76100
2002-07-12,EWA,9.850000381469727,9.880000114440918,9.670000076293945,9.770000457763672,69600
2002-07-15,EWA,9.819999694824219,9.829999923706055,9.510000228881836,9.829999923706055,69100
2002-07-16,EWA,9.600000381469727,9.670000076293945,9.449999809265137,9.460000038146973,45100
2002-07-17,EWA,9.399999618530273,9.460000038146973,9.279999732971191,9.350000381469727,143400
2002-07-18,EWA,9.420000076293945,9.569999694824219,9.359999656677246,9.359999656677246,248400
2002-07-19,EWA,9.350000381469727,9.4399995803833,9.149999618530273,9.149999618530273,38500
2002-07-22,EWA,9.180000305175781,9.180000305175781,9.010000228881836,9.029999732971191,8300
2002-07-23,EWA,9.079999923706055,9.170000076293945,9.010000228881836,9.079999923706055,17600
2002-07-24,EWA,8.699999809265137,9.199999809265137,8.649999618530273,9.199999809265137,64600
2002-07-25,EWA,8.989999771118164,9.100000381469727,8.84000015258789,8.84000015258789,24100
2002-07-26,EWA,8.619999885559082,8.800000190734863,8.59000015258789,8.609999656677246,21200
2002-07-29,EWA,8.819999694824219,9.039999961853027,8.819999694824219,8.949999809265137,25900
2002-07-30,EWA,9.0,9.149999618530273,8.960000038146973,9.0,28500
2002-07-31,EWA,9.09000015258789,9.140000343322754,8.979999542236328,9.140000343322754,32800
2002-08-01,EWA,8.949999809265137,9.109999656677246,8.819999694824219,9.0,7300
2002-08-02,EWA,8.960000038146973,9.039999961853027,8.720000267028809,8.720000267028809,33200
2002-08-05,EWA,8.75,8.75,8.399999618530273,8.399999618530273,20900
2002-08-06,EWA,8.510000228881836,8.699999809265137,8.510000228881836,8.619999885559082,28500
2002-08-07,EWA,8.880000114440918,8.890000343322754,8.75,8.75,6300
2002-08-08,EWA,8.960000038146973,9.119999885559082,8.960000038146973,9.010000228881836,13700
2002-08-09,EWA,9.109999656677246,9.119999885559082,9.109999656677246,9.119999885559082,18700
2002-08-12,EWA,9.109999656677246,9.149999618530273,9.100000381469727,9.109999656677246,7800
2002-08-13,EWA,9.109999656677246,9.149999618530273,8.949999809265137,8.949999809265137,137600
2002-08-14,EWA,8.970000267028809,9.130000114440918,8.949999809265137,8.949999809265137,8300
2002-08-15,EWA,9.140000343322754,9.149999618530273,9.0600004196167,9.0600004196167,5800
2002-08-16,EWA,9.199999809265137,9.319999694824219,9.1899995803833,9.300000190734863,7700
2002-08-19,EWA,9.329999923706055,9.449999809265137,9.300000190734863,9.449999809265137,9700
2002-08-20,EWA,9.449999809265137,9.569999694824219,9.359999656677246,9.550000190734863,18000
2002-08-21,EWA,9.359999656677246,9.5,9.25,9.300000190734863,103800
2002-08-22,EWA,9.399999618530273,9.449999809265137,9.34000015258789,9.449999809265137,11600
2002-08-23,EWA,9.449999809265137,9.470000267028809,9.229999542236328,9.229999542236328,11500
2002-08-26,EWA,9.319999694824219,9.430000305175781,9.289999961853027,9.420000076293945,23100
2002-08-27,EWA,9.520000457763672,9.5600004196167,9.380000114440918,9.380000114440918,14500
2002-08-28,EWA,9.4399995803833,9.449999809265137,9.229999542236328,9.239999771118164,5800
2002-08-29,EWA,9.260000228881836,9.479999542236328,9.260000228881836,9.289999961853027,18500
2002-08-30,EWA,9.390000343322754,9.449999809265137,9.3100004196167,9.449999809265137,4600
2002-09-03,EWA,9.329999923706055,9.359999656677246,9.220000267028809,9.220000267028809,4800
2002-09-04,EWA,9.1899995803833,9.279999732971191,9.069999694824219,9.25,23400
2002-09-05,EWA,9.199999809265137,9.229999542236328,9.09000015258789,9.149999618530273,6700
2002-09-06,EWA,9.220000267028809,9.449999809265137,9.220000267028809,9.449999809265137,15400
2002-09-09,EWA,9.449999809265137,9.529999732971191,9.359999656677246,9.399999618530273,6100
2002-09-10,EWA,9.359999656677246,9.489999771118164,9.300000190734863,9.300000190734863,15100
2002-09-11,EWA,9.369999885559082,9.5,9.350000381469727,9.359999656677246,5900
2002-09-12,EWA,9.5,9.5,9.479999542236328,9.479999542236328,9100
2002-09-13,EWA,9.489999771118164,9.5,9.359999656677246,9.40999984741211,5700
2002-09-16,EWA,9.449999809265137,9.489999771118164,9.279999732971191,9.329999923706055,5900
2002-09-17,EWA,9.449999809265137,9.489999771118164,9.359999656677246,9.399999618530273,5100
2002-09-18,EWA,9.399999618530273,9.399999618530273,9.239999771118164,9.390000343322754,14400
2002-09-19,EWA,9.300000190734863,9.300000190734863,9.180000305175781,9.210000038146973,104300
2002-09-20,EWA,9.239999771118164,9.239999771118164,9.0,9.130000114440918,177500
2002-09-23,EWA,9.0,9.050000190734863,8.920000076293945,8.920000076293945,8100
2002-09-24,EWA,8.930000305175781,9.039999961853027,8.850000381469727,8.880000114440918,32300
2002-09-25,EWA,9.0,9.0,8.770000457763672,8.789999961853027,182000
2002-09-26,EWA,8.84000015258789,8.960000038146973,8.789999961853027,8.800000190734863,48600
2002-09-27,EWA,9.0,9.029999732971191,8.800000190734863,8.850000381469727,4300
2002-09-30,EWA,8.869999885559082,8.869999885559082,8.630000114440918,8.640000343322754,24200
2002-10-01,EWA,8.859999656677246,8.989999771118164,8.670000076293945,8.989999771118164,30500
2002-10-02,EWA,8.90999984741211,8.970000267028809,8.8100004196167,8.8100004196167,10800
2002-10-03,EWA,8.850000381469727,8.970000267028809,8.829999923706055,8.9399995803833,5200
2002-10-04,EWA,9.0,9.0,8.779999732971191,8.779999732971191,11200
2002-10-07,EWA,8.819999694824219,8.949999809265137,8.760000228881836,8.899999618530273,12200
2002-10-08,EWA,8.960000038146973,8.970000267028809,8.710000038146973,8.970000267028809,14400
2002-10-09,EWA,8.8100004196167,8.8100004196167,8.59000015258789,8.600000381469727,28400
2002-10-10,EWA,8.649999618530273,8.850000381469727,8.529999732971191,8.850000381469727,29900
2002-10-11,EWA,8.6899995803833,8.899999618530273,8.6899995803833,8.899999618530273,16000
2002-10-14,EWA,8.880000114440918,8.989999771118164,8.800000190734863,8.920000076293945,73600
2002-10-15,EWA,9.069999694824219,9.069999694824219,8.920000076293945,9.0,168000
2002-10-16,EWA,9.0,9.050000190734863,8.779999732971191,8.789999961853027,5300
2002-10-17,EWA,9.0,9.039999961853027,8.869999885559082,8.960000038146973,27900
2002-10-18,EWA,9.0,9.0,8.960000038146973,8.960000038146973,4200
2002-10-21,EWA,9.09000015258789,9.09000015258789,8.970000267028809,9.09000015258789,22000
2002-10-22,EWA,9.100000381469727,9.100000381469727,9.0,9.0,13600
2002-10-23,EWA,9.100000381469727,9.270000457763672,9.039999961853027,9.170000076293945,33100
2002-10-24,EWA,9.199999809265137,9.369999885559082,9.109999656677246,9.15999984741211,32800
2002-10-25,EWA,9.25,9.270000457763672,9.039999961853027,9.260000228881836,787900
2002-10-28,EWA,9.300000190734863,9.34000015258789,9.210000038146973,9.210000038146973,11000
2002-10-29,EWA,9.079999923706055,9.300000190734863,9.079999923706055,9.300000190734863,8600
2002-10-30,EWA,9.039999961853027,9.239999771118164,9.039999961853027,9.199999809265137,9500
2002-10-31,EWA,9.300000190734863,9.390000343322754,9.149999618530273,9.170000076293945,11800
2002-11-01,EWA,9.25,9.289999961853027,9.130000114440918,9.289999961853027,5200
2002-11-04,EWA,9.34000015258789,9.5,9.34000015258789,9.350000381469727,15500
2002-11-05,EWA,9.470000267028809,9.5,9.350000381469727,9.350000381469727,6900
2002-11-06,EWA,9.550000190734863,9.630000114440918,9.40999984741211,9.40999984741211,12400
2002-11-07,EWA,9.420000076293945,9.520000457763672,9.300000190734863,9.300000190734863,86000
2002-11-08,EWA,9.399999618530273,9.479999542236328,9.300000190734863,9.3100004196167,30300
2002-11-11,EWA,9.289999961853027,9.289999961853027,9.029999732971191,9.029999732971191,4600
2002-11-12,EWA,9.170000076293945,9.350000381469727,9.149999618530273,9.149999618530273,16000
2002-11-13,EWA,9.260000228881836,9.300000190734863,9.149999618530273,9.149999618530273,8300
2002-11-14,EWA,9.25,9.3100004196167,9.15999984741211,9.15999984741211,11600
2002-11-15,EWA,9.260000228881836,9.4399995803833,9.260000228881836,9.279999732971191,11200
2002-11-18,EWA,9.279999732971191,9.470000267028809,9.25,9.399999618530273,29200
2002-11-19,EWA,9.3100004196167,9.399999618530273,9.199999809265137,9.300000190734863,8000
2002-11-20,EWA,9.350000381469727,9.4399995803833,9.350000381469727,9.350000381469727,7100
2002-11-21,EWA,9.449999809265137,9.600000381469727,9.399999618530273,9.5,169500
2002-11-22,EWA,9.520000457763672,9.649999618530273,9.40999984741211,9.4399995803833,449200
2002-11-25,EWA,9.5,9.59000015258789,9.399999618530273,9.449999809265137,6900
2002-11-26,EWA,9.289999961853027,9.4399995803833,9.270000457763672,9.399999618530273,28100
2002-11-27,EWA,9.470000267028809,9.550000190734863,9.3100004196167,9.550000190734863,13000
2002-11-29,EWA,9.579999923706055,9.640000343322754,9.460000038146973,9.630000114440918,25200
2002-12-02,EWA,9.619999885559082,9.710000038146973,9.520000457763672,9.529999732971191,97500
2002-12-03,EWA,9.59000015258789,9.59000015258789,9.520000457763672,9.5600004196167,13000
2002-12-04,EWA,9.510000228881836,9.510000228881836,9.279999732971191,9.279999732971191,251700
2002-12-05,EWA,9.510000228881836,9.510000228881836,9.279999732971191,9.449999809265137,60600
2002-12-06,EWA,9.3100004196167,9.449999809265137,9.300000190734863,9.449999809265137,26000
2002-12-09,EWA,9.449999809265137,9.5,9.350000381469727,9.350000381469727,9300
2002-12-10,EWA,9.229999542236328,9.430000305175781,9.229999542236328,9.430000305175781,15500
2002-12-11,EWA,9.25,9.34000015258789,9.1899995803833,9.1899995803833,3100
2002-12-12,EWA,9.300000190734863,9.479999542236328,9.289999961853027,9.460000038146973,10700
2002-12-13,EWA,9.399999618530273,9.420000076293945,9.199999809265137,9.210000038146973,47800
2002-12-16,EWA,9.279999732971191,9.380000114440918,9.180000305175781,9.279999732971191,6500
2002-12-17,EWA,9.5,9.5,9.279999732971191,9.289999961853027,10200
2002-12-18,EWA,9.350000381469727,9.4399995803833,9.300000190734863,9.380000114440918,15200
2002-12-19,EWA,9.359999656677246,9.430000305175781,9.239999771118164,9.40999984741211,46500
2002-12-20,EWA,9.5,9.510000228881836,9.449999809265137,9.510000228881836,8100
2002-12-23,EWA,9.319999694824219,9.350000381469727,9.25,9.300000190734863,14300
2002-12-24,EWA,9.300000190734863,9.350000381469727,9.289999961853027,9.289999961853027,14700
2002-12-26,EWA,9.289999961853027,9.34000015258789,9.149999618530273,9.319999694824219,7100
2002-12-27,EWA,9.300000190734863,9.300000190734863,9.0600004196167,9.260000228881836,7000
2002-12-30,EWA,9.130000114440918,9.199999809265137,9.119999885559082,9.170000076293945,13100
2002-12-31,EWA,9.15999984741211,9.170000076293945,9.0600004196167,9.079999923706055,8700
2003-01-02,EWA,9.1899995803833,9.300000190734863,9.119999885559082,9.25,13200
2003-01-03,EWA,9.300000190734863,9.34000015258789,9.170000076293945,9.319999694824219,7100
2003-01-06,EWA,9.5,9.65999984741211,9.470000267028809,9.600000381469727,36000
2003-01-07,EWA,9.600000381469727,9.649999618530273,9.5,9.550000190734863,59600
2003-01-08,EWA,9.5,9.569999694824219,9.5,9.510000228881836,6100
2003-01-09,EWA,9.5,9.649999618530273,9.5,9.649999618530273,7700
2003-01-10,EWA,9.600000381469727,9.760000228881836,9.510000228881836,9.739999771118164,81300
2003-01-13,EWA,9.65999984741211,9.739999771118164,9.550000190734863,9.550000190734863,4100
2003-01-14,EWA,9.779999732971191,9.789999961853027,9.59000015258789,9.779999732971191,23700
2003-01-15,EWA,9.770000457763672,9.770000457763672,9.710000038146973,9.739999771118164,15000
2003-01-16,EWA,9.739999771118164,9.75,9.710000038146973,9.75,30800
2003-01-17,EWA,9.779999732971191,9.779999732971191,9.65999984741211,9.779999732971191,5900
2003-01-21,EWA,9.630000114440918,9.729999542236328,9.619999885559082,9.699999809265137,30600
2003-01-22,EWA,9.600000381469727,9.609999656677246,9.529999732971191,9.529999732971191,28200
2003-01-23,EWA,9.579999923706055,9.710000038146973,9.579999923706055,9.609999656677246,9100
2003-01-24,EWA,9.529999732971191,9.739999771118164,9.529999732971191,9.710000038146973,91800
2003-01-27,EWA,9.670000076293945,9.6899995803833,9.550000190734863,9.5600004196167,129900
2003-01-28,EWA,9.359999656677246,9.489999771118164,9.300000190734863,9.489999771118164,30000
2003-01-29,EWA,9.420000076293945,9.449999809265137,9.25,9.399999618530273,13500
2003-01-30,EWA,9.430000305175781,9.430000305175781,9.260000228881836,9.319999694824219,41200
2003-01-31,EWA,9.199999809265137,9.449999809265137,9.199999809265137,9.4399995803833,25300
2003-02-03,EWA,9.199999809265137,9.300000190734863,9.180000305175781,9.260000228881836,14500
2003-02-04,EWA,9.199999809265137,9.420000076293945,9.100000381469727,9.270000457763672,28700
2003-02-05,EWA,9.319999694824219,9.319999694824219,9.229999542236328,9.229999542236328,3500
2003-02-06,EWA,9.109999656677246,9.199999809265137,9.109999656677246,9.15999984741211,10800
2003-02-07,EWA,9.149999618530273,9.279999732971191,9.149999618530273,9.199999809265137,11300
2003-02-10,EWA,9.15999984741211,9.25,9.100000381469727,9.130000114440918,16600
2003-02-11,EWA,9.09000015258789,9.199999809265137,9.09000015258789,9.15999984741211,20400
2003-02-12,EWA,9.130000114440918,9.229999542236328,9.109999656677246,9.119999885559082,8300
2003-02-13,EWA,9.069999694824219,9.09000015258789,8.90999984741211,8.989999771118164,26800
2003-02-14,EWA,8.920000076293945,9.050000190734863,8.920000076293945,9.0,13500
2003-02-18,EWA,9.130000114440918,9.180000305175781,8.9399995803833,9.119999885559082,922600
2003-02-19,EWA,9.15999984741211,9.210000038146973,8.979999542236328,9.1899995803833,596700
2003-02-20,EWA,9.050000190734863,9.100000381469727,9.0,9.09000015258789,281900
2003-02-21,EWA,9.050000190734863,9.170000076293945,8.989999771118164,9.109999656677246,284200
2003-02-24,EWA,9.199999809265137,9.359999656677246,9.15999984741211,9.220000267028809,25500
2003-02-25,EWA,9.15999984741211,9.239999771118164,9.050000190734863,9.239999771118164,43700
2003-02-26,EWA,9.199999809265137,9.329999923706055,9.199999809265137,9.25,5900
2003-02-27,EWA,9.149999618530273,9.270000457763672,9.069999694824219,9.220000267028809,4200
2003-02-28,EWA,9.199999809265137,9.300000190734863,9.199999809265137,9.289999961853027,2200
2003-03-03,EWA,9.3100004196167,9.460000038146973,9.3100004196167,9.34000015258789,6900
2003-03-04,EWA,9.329999923706055,9.399999618530273,9.220000267028809,9.390000343322754,20800
2003-03-05,EWA,9.300000190734863,9.380000114440918,9.229999542236328,9.25,45900
2003-03-06,EWA,9.300000190734863,9.3100004196167,9.149999618530273,9.279999732971191,84300
2003-03-07,EWA,9.109999656677246,9.220000267028809,9.109999656677246,9.140000343322754,58600
2003-03-10,EWA,9.0600004196167,9.170000076293945,9.0600004196167,9.100000381469727,33600
2003-03-11,EWA,9.050000190734863,9.050000190734863,8.9399995803833,8.9399995803833,16300
2003-03-12,EWA,8.739999771118164,8.819999694824219,8.619999885559082,8.779999732971191,37900
2003-03-13,EWA,8.800000190734863,8.800000190734863,8.619999885559082,8.720000267028809,26100
2003-03-14,EWA,8.9399995803833,8.970000267028809,8.800000190734863,8.869999885559082,18700
2003-03-17,EWA,8.979999542236328,9.0600004196167,8.970000267028809,9.050000190734863,22100
2003-03-18,EWA,9.130000114440918,9.229999542236328,9.100000381469727,9.229999542236328,25700
2003-03-19,EWA,9.199999809265137,9.239999771118164,9.140000343322754,9.140000343322754,14400
2003-03-20,EWA,9.319999694824219,9.319999694824219,9.130000114440918,9.170000076293945,25700
2003-03-21,EWA,9.220000267028809,9.449999809265137,9.210000038146973,9.350000381469727,11000
2003-03-24,EWA,9.289999961853027,9.300000190734863,9.15999984741211,9.180000305175781,15300
2003-03-25,EWA,9.350000381469727,9.369999885559082,9.350000381469727,9.359999656677246,31000
2003-03-26,EWA,9.369999885559082,9.369999885559082,9.369999885559082,9.369999885559082,500
2003-03-27,EWA,9.529999732971191,9.550000190734863,9.380000114440918,9.380000114440918,9400
2003-03-28,EWA,9.5600004196167,9.630000114440918,9.5600004196167,9.630000114440918,36100
2003-03-31,EWA,9.430000305175781,9.609999656677246,9.430000305175781,9.59000015258789,34700
2003-04-01,EWA,9.489999771118164,9.630000114440918,9.399999618530273,9.609999656677246,16200
2003-04-02,EWA,9.460000038146973,9.579999923706055,9.40999984741211,9.579999923706055,8500
2003-04-03,EWA,9.579999923706055,9.600000381469727,9.579999923706055,9.600000381469727,2200
2003-04-04,EWA,9.640000343322754,9.770000457763672,9.640000343322754,9.760000228881836,25900
2003-04-07,EWA,9.760000228881836,9.850000381469727,9.75,9.75,61300
2003-04-08,EWA,9.84000015258789,9.890000343322754,9.720000267028809,9.720000267028809,10700
2003-04-09,EWA,9.720000267028809,9.720000267028809,9.720000267028809,9.720000267028809,0
2003-04-10,EWA,9.699999809265137,9.84000015258789,9.699999809265137,9.829999923706055,18700
2003-04-11,EWA,9.600000381469727,9.739999771118164,9.600000381469727,9.739999771118164,5600
2003-04-14,EWA,9.800000190734863,9.800000190734863,9.609999656677246,9.75,22800
2003-04-15,EWA,9.800000190734863,9.880000114440918,9.699999809265137,9.880000114440918,18800
2003-04-16,EWA,9.880000114440918,10.100000381469727,9.880000114440918,9.960000038146973,12500
2003-04-17,EWA,9.960000038146973,10.039999961853027,9.859999656677246,9.970000267028809,17900
2003-04-21,EWA,9.949999809265137,10.020000457763672,9.859999656677246,9.979999542236328,32500
2003-04-22,EWA,10.0600004196167,10.289999961853027,10.0600004196167,10.289999961853027,10500
2003-04-23,EWA,10.199999809265137,10.34000015258789,10.149999618530273,10.34000015258789,10400
2003-04-24,EWA,10.300000190734863,10.300000190734863,10.079999923706055,10.199999809265137,40200
2003-04-25,EWA,10.09000015258789,10.25,10.069999694824219,10.239999771118164,13500
2003-04-28,EWA,10.199999809265137,10.220000267028809,10.100000381469727,10.15999984741211,51900
2003-04-29,EWA,10.149999618530273,10.350000381469727,10.149999618530273,10.170000076293945,36700
2003-04-30,EWA,10.34000015258789,10.359999656677246,10.220000267028809,10.229999542236328,6300
2003-05-01,EWA,10.260000228881836,10.4399995803833,10.260000228881836,10.300000190734863,22900
2003-05-02,EWA,10.329999923706055,10.489999771118164,10.199999809265137,10.399999618530273,51300
2003-05-05,EWA,10.350000381469727,10.380000114440918,10.199999809265137,10.369999885559082,52500
2003-05-06,EWA,10.350000381469727,10.5,10.1899995803833,10.479999542236328,26900
2003-05-07,EWA,10.319999694824219,10.359999656677246,10.239999771118164,10.239999771118164,10200
2003-05-08,EWA,10.260000228881836,10.390000343322754,10.260000228881836,10.369999885559082,4800
2003-05-09,EWA,10.3100004196167,10.479999542236328,10.25,10.399999618530273,6200
2003-05-12,EWA,10.479999542236328,10.550000190734863,10.470000267028809,10.470000267028809,8900
2003-05-13,EWA,10.5,10.529999732971191,10.319999694824219,10.520000457763672,33400
2003-05-14,EWA,10.449999809265137,10.520000457763672,10.420000076293945,10.420000076293945,9600
2003-05-15,EWA,10.399999618530273,10.489999771118164,10.350000381469727,10.399999618530273,13000
2003-05-16,EWA,10.359999656677246,10.600000381469727,10.319999694824219,10.5,65800
2003-05-19,EWA,10.4399995803833,10.609999656677246,10.420000076293945,10.600000381469727,45700
2003-05-20,EWA,10.5,10.619999885559082,10.460000038146973,10.569999694824219,11300
2003-05-21,EWA,10.609999656677246,10.609999656677246,10.510000228881836,10.609999656677246,3500
2003-05-22,EWA,10.609999656677246,10.770000457763672,10.579999923706055,10.699999809265137,17700
2003-05-23,EWA,10.699999809265137,10.84000015258789,10.699999809265137,10.84000015258789,24400
2003-05-27,EWA,10.649999618530273,10.880000114440918,10.630000114440918,10.850000381469727,87200
2003-05-28,EWA,10.779999732971191,10.850000381469727,10.640000343322754,10.649999618530273,68700
2003-05-29,EWA,10.720000267028809,10.720000267028809,10.550000190734863,10.720000267028809,27100
2003-05-30,EWA,10.770000457763672,10.84000015258789,10.6899995803833,10.829999923706055,28200
2003-06-02,EWA,10.899999618530273,10.989999771118164,10.789999961853027,10.989999771118164,28900
2003-06-03,EWA,10.989999771118164,10.989999771118164,10.869999885559082,10.869999885559082,15900
2003-06-04,EWA,11.100000381469727,11.1899995803833,10.9399995803833,11.100000381469727,44800
2003-06-05,EWA,11.149999618530273,11.1899995803833,10.970000267028809,11.100000381469727,34600
2003-06-06,EWA,11.100000381469727,11.140000343322754,10.920000076293945,10.920000076293945,26200
2003-06-09,EWA,10.920000076293945,11.069999694824219,10.800000190734863,10.869999885559082,19600
2003-06-10,EWA,10.90999984741211,11.100000381469727,10.899999618530273,10.930000305175781,62900
2003-06-11,EWA,11.050000190734863,11.149999618530273,11.039999961853027,11.130000114440918,15200
2003-06-12,EWA,11.149999618530273,11.289999961853027,11.130000114440918,11.199999809265137,52900
2003-06-13,EWA,11.199999809265137,11.270000457763672,11.09000015258789,11.180000305175781,31800
2003-06-16,EWA,11.199999809265137,11.399999618530273,11.199999809265137,11.399999618530273,69400
2003-06-17,EWA,11.300000190734863,11.470000267028809,11.300000190734863,11.449999809265137,43100
2003-06-18,EWA,11.300000190734863,11.420000076293945,11.25,11.40999984741211,13300
2003-06-19,EWA,11.300000190734863,11.430000305175781,11.229999542236328,11.279999732971191,32600
2003-06-20,EWA,11.380000114440918,11.4399995803833,11.260000228881836,11.3100004196167,23300
2003-06-23,EWA,11.279999732971191,11.279999732971191,10.920000076293945,10.960000038146973,70900
2003-06-24,EWA,11.050000190734863,11.140000343322754,10.9399995803833,10.979999542236328,28200
2003-06-25,EWA,11.069999694824219,11.25,11.069999694824219,11.149999618530273,18100
2003-06-26,EWA,10.960000038146973,11.039999961853027,10.8100004196167,11.010000228881836,37700
2003-06-27,EWA,11.010000228881836,11.100000381469727,10.880000114440918,11.039999961853027,3316200
2003-06-30,EWA,10.949999809265137,11.100000381469727,10.90999984741211,11.100000381469727,18700
2003-07-01,EWA,11.010000228881836,11.149999618530273,11.010000228881836,11.109999656677246,26300
2003-07-02,EWA,11.130000114440918,11.399999618530273,11.130000114440918,11.300000190734863,11000
2003-07-03,EWA,11.319999694824219,11.380000114440918,11.210000038146973,11.319999694824219,10200
2003-07-07,EWA,11.350000381469727,11.430000305175781,11.300000190734863,11.300000190734863,333700
2003-07-08,EWA,11.149999618530273,11.149999618530273,10.970000267028809,11.029999732971191,47000
2003-07-09,EWA,10.9399995803833,10.9399995803833,10.649999618530273,10.6899995803833,122200
2003-07-10,EWA,10.789999961853027,10.789999961853027,10.680000305175781,10.699999809265137,85300
2003-07-11,EWA,10.789999961853027,10.979999542236328,10.789999961853027,10.850000381469727,34200
2003-07-14,EWA,11.050000190734863,11.0600004196167,10.880000114440918,10.979999542236328,18600
2003-07-15,EWA,11.0,11.020000457763672,10.8100004196167,10.899999618530273,4900
2003-07-16,EWA,10.899999618530273,11.0,10.770000457763672,10.789999961853027,41200
2003-07-17,EWA,10.890000343322754,10.949999809265137,10.800000190734863,10.819999694824219,32200
2003-07-18,EWA,10.819999694824219,10.850000381469727,10.710000038146973,10.84000015258789,17800
2003-07-21,EWA,10.75,10.859999656677246,10.720000267028809,10.819999694824219,19400
2003-07-22,EWA,10.800000190734863,10.869999885559082,10.75,10.800000190734863,15300
2003-07-23,EWA,10.970000267028809,10.970000267028809,10.859999656677246,10.890000343322754,991300
2003-07-24,EWA,11.0,11.229999542236328,11.0,11.149999618530273,35500
2003-07-25,EWA,11.09000015258789,11.25,11.09000015258789,11.199999809265137,51900
2003-07-28,EWA,11.220000267028809,11.3100004196167,11.199999809265137,11.289999961853027,11700
2003-07-29,EWA,11.220000267028809,11.279999732971191,11.149999618530273,11.149999618530273,10200
2003-07-30,EWA,11.020000457763672,11.09000015258789,10.859999656677246,10.979999542236328,20800
2003-07-31,EWA,10.960000038146973,11.130000114440918,10.960000038146973,10.960000038146973,256500
2003-08-01,EWA,10.90999984741211,11.029999732971191,10.899999618530273,11.029999732971191,24700
2003-08-04,EWA,11.050000190734863,11.100000381469727,10.880000114440918,10.970000267028809,11700
2003-08-05,EWA,10.949999809265137,11.050000190734863,10.880000114440918,10.960000038146973,17800
2003-08-06,EWA,10.989999771118164,11.050000190734863,10.920000076293945,10.970000267028809,38000
2003-08-07,EWA,11.09000015258789,11.100000381469727,10.989999771118164,11.09000015258789,8500
2003-08-08,EWA,11.180000305175781,11.180000305175781,11.0600004196167,11.149999618530273,1300
2003-08-11,EWA,11.15999984741211,11.279999732971191,11.119999885559082,11.229999542236328,19100
2003-08-12,EWA,11.25,11.260000228881836,11.170000076293945,11.25,6400
2003-08-13,EWA,11.25,11.350000381469727,11.15999984741211,11.34000015258789,17100
2003-08-14,EWA,11.25,11.25,11.119999885559082,11.199999809265137,12100
2003-08-15,EWA,11.25,11.25,11.25,11.25,4300
2003-08-18,EWA,11.25,11.380000114440918,11.220000267028809,11.359999656677246,27700
2003-08-19,EWA,11.3100004196167,11.369999885559082,11.239999771118164,11.369999885559082,65500
2003-08-20,EWA,11.319999694824219,11.4399995803833,11.319999694824219,11.40999984741211,26000
2003-08-21,EWA,11.399999618530273,11.40999984741211,11.239999771118164,11.300000190734863,43300
2003-08-22,EWA,11.260000228881836,11.319999694824219,11.170000076293945,11.170000076293945,152200
2003-08-25,EWA,11.199999809265137,11.279999732971191,11.199999809265137,11.199999809265137,86800
2003-08-26,EWA,11.180000305175781,11.180000305175781,11.010000228881836,11.149999618530273,23500
2003-08-27,EWA,11.119999885559082,11.149999618530273,11.050000190734863,11.149999618530273,100200
2003-08-28,EWA,11.140000343322754,11.199999809265137,11.109999656677246,11.199999809265137,11600
2003-08-29,EWA,11.1899995803833,11.350000381469727,11.1899995803833,11.350000381469727,36500
2003-09-02,EWA,11.229999542236328,11.300000190734863,11.199999809265137,11.300000190734863,65100
2003-09-03,EWA,11.149999618530273,11.300000190734863,11.149999618530273,11.289999961853027,32200
2003-09-04,EWA,11.289999961853027,11.300000190734863,11.15999984741211,11.300000190734863,20500
2003-09-05,EWA,11.300000190734863,11.350000381469727,11.260000228881836,11.300000190734863,11200
2003-09-08,EWA,11.300000190734863,11.510000228881836,11.300000190734863,11.449999809265137,103000
2003-09-09,EWA,11.550000190734863,11.630000114440918,11.5,11.5,22400
2003-09-10,EWA,11.5,11.5600004196167,11.380000114440918,11.460000038146973,31100
2003-09-11,EWA,11.479999542236328,11.539999961853027,11.399999618530273,11.539999961853027,9200
2003-09-12,EWA,11.529999732971191,11.609999656677246,11.510000228881836,11.609999656677246,19600
2003-09-15,EWA,11.59000015258789,11.649999618530273,11.5,11.649999618530273,29700
2003-09-16,EWA,11.630000114440918,11.699999809265137,11.600000381469727,11.649999618530273,25900
2003-09-17,EWA,11.619999885559082,11.720000267028809,11.5600004196167,11.649999618530273,28300
2003-09-18,EWA,11.779999732971191,11.869999885559082,11.699999809265137,11.869999885559082,23500
2003-09-19,EWA,11.75,11.84000015258789,11.699999809265137,11.800000190734863,28800
2003-09-22,EWA,11.800000190734863,11.899999618530273,11.670000076293945,11.819999694824219,13500
2003-09-23,EWA,11.779999732971191,11.800000190734863,11.619999885559082,11.619999885559082,19000
2003-09-24,EWA,11.8100004196167,11.8100004196167,11.729999542236328,11.75,26800
2003-09-25,EWA,11.75,11.84000015258789,11.65999984741211,11.699999809265137,51000
2003-09-26,EWA,11.670000076293945,11.75,11.59000015258789,11.649999618530273,18800
2003-09-29,EWA,11.600000381469727,11.8100004196167,11.600000381469727,11.800000190734863,35900
2003-09-30,EWA,11.739999771118164,11.770000457763672,11.579999923706055,11.760000228881836,13300
2003-10-01,EWA,11.770000457763672,11.899999618530273,11.699999809265137,11.890000343322754,22700
2003-10-02,EWA,11.899999618530273,12.0,11.850000381469727,11.899999618530273,20100
2003-10-03,EWA,11.90999984741211,12.029999732971191,11.90999984741211,11.90999984741211,73300
2003-10-06,EWA,12.050000190734863,12.100000381469727,11.90999984741211,12.100000381469727,36700
2003-10-07,EWA,12.050000190734863,12.180000305175781,12.050000190734863,12.149999618530273,41300
2003-10-08,EWA,12.270000457763672,12.270000457763672,12.130000114440918,12.130000114440918,71800
2003-10-09,EWA,12.399999618530273,12.420000076293945,12.109999656677246,12.279999732971191,52500
2003-10-10,EWA,12.350000381469727,12.399999618530273,12.260000228881836,12.399999618530273,17500
2003-10-13,EWA,12.449999809265137,12.529999732971191,12.300000190734863,12.520000457763672,125300
2003-10-14,EWA,12.319999694824219,12.5,12.3100004196167,12.5,84500
2003-10-15,EWA,12.550000190734863,12.550000190734863,12.4399995803833,12.4399995803833,147500
2003-10-16,EWA,12.5,12.5,12.319999694824219,12.40999984741211,51500
2003-10-17,EWA,12.449999809265137,12.539999961853027,12.420000076293945,12.449999809265137,169300
2003-10-20,EWA,12.470000267028809,12.520000457763672,12.380000114440918,12.5,76300
2003-10-21,EWA,12.59000015258789,12.6899995803833,12.569999694824219,12.680000305175781,107700
2003-10-22,EWA,12.65999984741211,12.739999771118164,12.649999618530273,12.739999771118164,194700
2003-10-23,EWA,12.420000076293945,12.539999961853027,12.420000076293945,12.539999961853027,189800
2003-10-24,EWA,12.5,12.550000190734863,12.359999656677246,12.5,54800
2003-10-27,EWA,12.5,12.579999923706055,12.5,12.579999923706055,86800
2003-10-28,EWA,12.510000228881836,12.630000114440918,12.430000305175781,12.630000114440918,169800
2003-10-29,EWA,12.5600004196167,12.640000343322754,12.5600004196167,12.630000114440918,117300
2003-10-30,EWA,12.65999984741211,12.729999542236328,12.630000114440918,12.729999542236328,91200
2003-10-31,EWA,12.649999618530273,12.720000267028809,12.539999961853027,12.699999809265137,55300
2003-11-03,EWA,12.649999618530273,12.6899995803833,12.600000381469727,12.680000305175781,163800
2003-11-04,EWA,12.569999694824219,12.600000381469727,12.510000228881836,12.520000457763672,112300
2003-11-05,EWA,12.5,12.59000015258789,12.449999809265137,12.59000015258789,58600
2003-11-06,EWA,12.529999732971191,12.600000381469727,12.449999809265137,12.550000190734863,71200
2003-11-07,EWA,12.600000381469727,12.619999885559082,12.550000190734863,12.619999885559082,40100
2003-11-10,EWA,12.640000343322754,12.729999542236328,12.600000381469727,12.630000114440918,56000
2003-11-11,EWA,12.5600004196167,12.619999885559082,12.5,12.59000015258789,73300
2003-11-12,EWA,12.649999618530273,12.75,12.600000381469727,12.699999809265137,183200
2003-11-13,EWA,12.770000457763672,12.770000457763672,12.649999618530273,12.770000457763672,54700
2003-11-14,EWA,12.630000114440918,12.720000267028809,12.609999656677246,12.640000343322754,112600
2003-11-17,EWA,12.380000114440918,12.489999771118164,12.270000457763672,12.420000076293945,80900
2003-11-18,EWA,12.5,12.619999885559082,12.430000305175781,12.579999923706055,81900
2003-11-19,EWA,12.579999923706055,12.699999809265137,12.579999923706055,12.6899995803833,97400
2003-11-20,EWA,12.680000305175781,12.729999542236328,12.59000015258789,12.640000343322754,46100
2003-11-21,EWA,12.539999961853027,12.640000343322754,12.510000228881836,12.550000190734863,25900
2003-11-24,EWA,12.5600004196167,12.59000015258789,12.5,12.5600004196167,71600
2003-11-25,EWA,12.5600004196167,12.670000076293945,12.550000190734863,12.670000076293945,238100
2003-11-26,EWA,12.609999656677246,12.739999771118164,12.609999656677246,12.699999809265137,42400
2003-11-28,EWA,12.680000305175781,12.699999809265137,12.550000190734863,12.6899995803833,65500
2003-12-01,EWA,12.6899995803833,12.779999732971191,12.510000228881836,12.739999771118164,325900
2003-12-02,EWA,12.739999771118164,12.859999656677246,12.630000114440918,12.819999694824219,80600
2003-12-03,EWA,12.960000038146973,13.09000015258789,12.960000038146973,13.050000190734863,787400
2003-12-04,EWA,13.109999656677246,13.140000343322754,13.010000228881836,13.100000381469727,137000
2003-12-05,EWA,13.010000228881836,13.100000381469727,12.949999809265137,13.0600004196167,107500
2003-12-08,EWA,13.100000381469727,13.220000267028809,13.100000381469727,13.220000267028809,85400
2003-12-09,EWA,13.15999984741211,13.220000267028809,13.09000015258789,13.220000267028809,118600
2003-12-10,EWA,13.149999618530273,13.15999984741211,13.010000228881836,13.100000381469727,164100
2003-12-11,EWA,12.970000267028809,13.100000381469727,12.75,13.100000381469727,71200
2003-12-12,EWA,13.109999656677246,13.1899995803833,13.020000457763672,13.180000305175781,36000
2003-12-15,EWA,13.3100004196167,13.369999885559082,13.220000267028809,13.229999542236328,59600
2003-12-16,EWA,13.149999618530273,13.270000457763672,13.100000381469727,13.270000457763672,31200
2003-12-17,EWA,13.229999542236328,13.239999771118164,13.119999885559082,13.210000038146973,42200
2003-12-18,EWA,13.109999656677246,13.25,13.109999656677246,13.180000305175781,49200
2003-12-19,EWA,13.100000381469727,13.180000305175781,13.050000190734863,13.180000305175781,44400
2003-12-22,EWA,12.779999732971191,12.84000015258789,12.720000267028809,12.819999694824219,151500
2003-12-23,EWA,12.819999694824219,12.859999656677246,12.729999542236328,12.84000015258789,73900
2003-12-24,EWA,12.979999542236328,13.0,12.90999984741211,13.0,25400
2003-12-26,EWA,13.0,13.050000190734863,12.880000114440918,13.050000190734863,44100
2003-12-29,EWA,13.050000190734863,13.15999984741211,13.020000457763672,13.140000343322754,76900
2003-12-30,EWA,13.140000343322754,13.25,13.130000114440918,13.239999771118164,115800
2003-12-31,EWA,13.25,13.359999656677246,13.199999809265137,13.359999656677246,114200
2004-01-02,EWA,13.380000114440918,13.460000038146973,13.359999656677246,13.4399995803833,118600
2004-01-05,EWA,13.520000457763672,13.600000381469727,13.5,13.579999923706055,168600
2004-01-06,EWA,13.6899995803833,13.699999809265137,13.600000381469727,13.680000305175781,645000
2004-01-07,EWA,13.600000381469727,13.640000343322754,13.510000228881836,13.529999732971191,150700
2004-01-08,EWA,13.529999732971191,13.729999542236328,13.529999732971191,13.729999542236328,109000
2004-01-09,EWA,13.680000305175781,13.8100004196167,13.609999656677246,13.619999885559082,123200
2004-01-12,EWA,13.680000305175781,13.800000190734863,13.600000381469727,13.770000457763672,105000
2004-01-13,EWA,13.729999542236328,13.729999542236328,13.630000114440918,13.670000076293945,105800
2004-01-14,EWA,13.699999809265137,13.789999961853027,13.640000343322754,13.779999732971191,58800
2004-01-15,EWA,13.609999656677246,13.649999618530273,13.5,13.600000381469727,170800
2004-01-16,EWA,13.4399995803833,13.479999542236328,13.329999923706055,13.399999618530273,565900
2004-01-20,EWA,13.5,13.59000015258789,13.40999984741211,13.539999961853027,111000
2004-01-21,EWA,13.539999961853027,13.699999809265137,13.539999961853027,13.6899995803833,61700
2004-01-22,EWA,13.770000457763672,13.859999656677246,13.609999656677246,13.829999923706055,196600
2004-01-23,EWA,13.789999961853027,13.850000381469727,13.699999809265137,13.739999771118164,83600
2004-01-26,EWA,13.800000190734863,13.8100004196167,13.640000343322754,13.779999732971191,85000
2004-01-27,EWA,13.699999809265137,13.739999771118164,13.640000343322754,13.729999542236328,86800
2004-01-28,EWA,13.59000015258789,13.649999618530273,13.3100004196167,13.34000015258789,131100
2004-01-29,EWA,13.329999923706055,13.329999923706055,13.079999923706055,13.210000038146973,286200
2004-01-30,EWA,13.100000381469727,13.300000190734863,13.100000381469727,13.260000228881836,107800
2004-02-02,EWA,13.260000228881836,13.260000228881836,13.100000381469727,13.229999542236328,73500
2004-02-03,EWA,13.15999984741211,13.270000457763672,13.149999618530273,13.270000457763672,88400
2004-02-04,EWA,13.180000305175781,13.199999809265137,13.09000015258789,13.119999885559082,135800
2004-02-05,EWA,13.239999771118164,13.25,13.170000076293945,13.220000267028809,38000
2004-02-06,EWA,13.300000190734863,13.5,13.300000190734863,13.479999542236328,156600
2004-02-09,EWA,13.5600004196167,13.640000343322754,13.5600004196167,13.640000343322754,73200
2004-02-10,EWA,13.720000267028809,13.779999732971191,13.710000038146973,13.779999732971191,137000
2004-02-11,EWA,13.760000228881836,13.989999771118164,13.699999809265137,13.890000343322754,77900
2004-02-12,EWA,13.989999771118164,14.039999961853027,13.869999885559082,14.0,104100
2004-02-13,EWA,14.09000015258789,14.1899995803833,14.0,14.050000190734863,119700
2004-02-17,EWA,14.210000038146973,14.300000190734863,14.100000381469727,14.279999732971191,128300
2004-02-18,EWA,14.300000190734863,14.319999694824219,14.199999809265137,14.239999771118164,85800
2004-02-19,EWA,14.220000267028809,14.260000228881836,14.119999885559082,14.25,108200
2004-02-20,EWA,14.050000190734863,14.09000015258789,13.630000114440918,13.829999923706055,131000
2004-02-23,EWA,13.829999923706055,13.880000114440918,13.699999809265137,13.8100004196167,56300
2004-02-24,EWA,13.739999771118164,13.960000038146973,13.670000076293945,13.9399995803833,74200
2004-02-25,EWA,13.960000038146973,14.0,13.84000015258789,13.84000015258789,134800
2004-02-26,EWA,13.84000015258789,13.899999618530273,13.800000190734863,13.8100004196167,80100
2004-02-27,EWA,13.880000114440918,14.0,13.760000228881836,13.949999809265137,129800
2004-03-01,EWA,13.979999542236328,14.119999885559082,13.970000267028809,14.119999885559082,163700
2004-03-02,EWA,14.050000190734863,14.119999885559082,13.970000267028809,14.020000457763672,255400
2004-03-03,EWA,13.720000267028809,13.739999771118164,13.4399995803833,13.739999771118164,267300
2004-03-04,EWA,13.720000267028809,13.789999961853027,13.640000343322754,13.75,148200
2004-03-05,EWA,13.949999809265137,14.050000190734863,13.949999809265137,13.989999771118164,150500
2004-03-08,EWA,13.970000267028809,14.020000457763672,13.899999618530273,13.949999809265137,132400
2004-03-09,EWA,14.029999732971191,14.079999923706055,13.949999809265137,13.970000267028809,179300
2004-03-10,EWA,13.779999732971191,13.819999694824219,13.619999885559082,13.649999618530273,145600
2004-03-11,EWA,13.399999618530273,13.600000381469727,13.260000228881836,13.350000381469727,195400
2004-03-12,EWA,13.34000015258789,13.520000457763672,13.270000457763672,13.520000457763672,130600
2004-03-15,EWA,13.5,13.510000228881836,13.25,13.319999694824219,158800
2004-03-16,EWA,13.520000457763672,13.640000343322754,13.470000267028809,13.510000228881836,64100
2004-03-17,EWA,13.609999656677246,13.859999656677246,13.569999694824219,13.850000381469727,71800
2004-03-18,EWA,13.800000190734863,13.949999809265137,13.720000267028809,13.949999809265137,96700
2004-03-19,EWA,13.880000114440918,13.880000114440918,13.729999542236328,13.770000457763672,84900
2004-03-22,EWA,13.829999923706055,13.859999656677246,13.609999656677246,13.819999694824219,111000
2004-03-23,EWA,13.779999732971191,13.819999694824219,13.699999809265137,13.770000457763672,95700
2004-03-24,EWA,13.670000076293945,13.739999771118164,13.600000381469727,13.619999885559082,92400
2004-03-25,EWA,13.630000114440918,13.779999732971191,13.5,13.75,1235300
2004-03-26,EWA,13.8100004196167,13.899999618530273,13.720000267028809,13.880000114440918,205300
2004-03-29,EWA,13.800000190734863,13.899999618530273,13.800000190734863,13.890000343322754,254600
2004-03-30,EWA,13.869999885559082,14.0,13.869999885559082,13.979999542236328,94700
2004-03-31,EWA,14.0,14.140000343322754,13.979999542236328,14.069999694824219,86900
2004-04-01,EWA,14.25,14.390000343322754,14.180000305175781,14.359999656677246,309400
2004-04-02,EWA,14.130000114440918,14.1899995803833,14.050000190734863,14.119999885559082,168000
2004-04-05,EWA,14.079999923706055,14.149999618530273,13.979999542236328,14.140000343322754,143000
2004-04-06,EWA,14.279999732971191,14.289999961853027,14.239999771118164,14.279999732971191,178600
2004-04-07,EWA,14.329999923706055,14.420000076293945,14.300000190734863,14.329999923706055,121300
2004-04-08,EWA,14.210000038146973,14.25,14.140000343322754,14.239999771118164,111200
2004-04-12,EWA,14.420000076293945,14.420000076293945,14.329999923706055,14.40999984741211,128800
2004-04-13,EWA,14.09000015258789,14.15999984741211,13.470000267028809,13.970000267028809,163200
2004-04-14,EWA,13.680000305175781,13.6899995803833,13.510000228881836,13.569999694824219,144000
2004-04-15,EWA,13.579999923706055,13.770000457763672,13.579999923706055,13.720000267028809,79900
2004-04-16,EWA,13.699999809265137,13.84000015258789,13.609999656677246,13.800000190734863,99200
2004-04-19,EWA,13.800000190734863,13.890000343322754,13.800000190734863,13.880000114440918,59000
2004-04-20,EWA,13.800000190734863,14.449999809265137,13.65999984741211,13.65999984741211,136400
2004-04-21,EWA,13.550000190734863,13.720000267028809,13.510000228881836,13.529999732971191,76300
2004-04-22,EWA,13.539999961853027,13.699999809265137,13.5,13.699999809265137,75400
2004-04-23,EWA,13.6899995803833,13.699999809265137,13.520000457763672,13.630000114440918,73700
2004-04-26,EWA,13.569999694824219,13.699999809265137,13.489999771118164,13.579999923706055,174100
2004-04-27,EWA,13.449999809265137,13.619999885559082,13.449999809265137,13.539999961853027,185600
2004-04-28,EWA,13.420000076293945,13.510000228881836,13.15999984741211,13.199999809265137,1880300
2004-04-29,EWA,13.079999923706055,13.210000038146973,12.949999809265137,13.0600004196167,389300
2004-04-30,EWA,13.09000015258789,13.100000381469727,12.979999542236328,13.010000228881836,230200
2004-05-03,EWA,12.970000267028809,13.069999694824219,12.949999809265137,13.0600004196167,109600
2004-05-04,EWA,13.180000305175781,13.319999694824219,13.130000114440918,13.289999961853027,66200
2004-05-05,EWA,13.399999618530273,13.470000267028809,13.369999885559082,13.380000114440918,54900
2004-05-06,EWA,13.25,13.270000457763672,13.0,13.130000114440918,180300
2004-05-07,EWA,12.9399995803833,12.949999809265137,12.609999656677246,12.609999656677246,157300
2004-05-10,EWA,12.319999694824219,12.319999694824219,12.010000228881836,12.100000381469727,690600
2004-05-11,EWA,12.5,12.5,12.300000190734863,12.390000343322754,104200
2004-05-12,EWA,12.550000190734863,12.600000381469727,12.390000343322754,12.520000457763672,384200
2004-05-13,EWA,12.430000305175781,12.430000305175781,12.300000190734863,12.390000343322754,78800
2004-05-14,EWA,12.350000381469727,12.420000076293945,12.34000015258789,12.420000076293945,114100
2004-05-17,EWA,12.300000190734863,12.380000114440918,12.210000038146973,12.25,100700
2004-05-18,EWA,12.3100004196167,12.460000038146973,12.270000457763672,12.460000038146973,72300
2004-05-19,EWA,12.600000381469727,12.800000190734863,12.600000381469727,12.65999984741211,75100
2004-05-20,EWA,12.699999809265137,12.699999809265137,12.510000228881836,12.510000228881836,114900
2004-05-21,EWA,12.75,12.800000190734863,12.649999618530273,12.75,65500
2004-05-24,EWA,12.8100004196167,12.829999923706055,12.670000076293945,12.699999809265137,147400
2004-05-25,EWA,12.890000343322754,12.979999542236328,12.800000190734863,12.920000076293945,50700
2004-05-26,EWA,13.039999961853027,13.069999694824219,12.9399995803833,13.0,67700
2004-05-27,EWA,13.25,13.300000190734863,13.199999809265137,13.279999732971191,107300
2004-05-28,EWA,13.279999732971191,13.279999732971191,13.140000343322754,13.199999809265137,13700
2004-06-01,EWA,13.180000305175781,13.25,13.010000228881836,13.1899995803833,28400
2004-06-02,EWA,13.100000381469727,13.140000343322754,13.0,13.069999694824219,107700
2004-06-03,EWA,12.9399995803833,12.979999542236328,12.720000267028809,12.850000381469727,38500
2004-06-04,EWA,12.850000381469727,13.039999961853027,12.850000381469727,13.0,18000
2004-06-07,EWA,13.079999923706055,13.430000305175781,13.069999694824219,13.369999885559082,191500
2004-06-08,EWA,13.279999732971191,13.279999732971191,13.140000343322754,13.239999771118164,79900
2004-06-09,EWA,12.899999618530273,13.0,12.850000381469727,12.9399995803833,70700
2004-06-10,EWA,12.970000267028809,13.119999885559082,12.970000267028809,13.010000228881836,45600
2004-06-14,EWA,12.850000381469727,12.9399995803833,12.789999961853027,12.850000381469727,81100
2004-06-15,EWA,12.779999732971191,13.119999885559082,12.779999732971191,13.020000457763672,43000
2004-06-16,EWA,12.949999809265137,12.989999771118164,12.850000381469727,12.949999809265137,1152000
2004-06-17,EWA,12.949999809265137,13.050000190734863,12.859999656677246,12.979999542236328,27900
2004-06-18,EWA,13.029999732971191,13.1899995803833,13.010000228881836,13.1899995803833,20300
2004-06-21,EWA,13.1899995803833,13.279999732971191,13.119999885559082,13.199999809265137,43300
2004-06-22,EWA,13.140000343322754,13.199999809265137,13.0,13.079999923706055,16900
2004-06-23,EWA,13.170000076293945,13.229999542236328,13.100000381469727,13.210000038146973,18600
2004-06-24,EWA,13.300000190734863,13.449999809265137,13.300000190734863,13.399999618530273,52600
2004-06-25,EWA,13.369999885559082,13.399999618530273,13.279999732971191,13.350000381469727,29400
2004-06-28,EWA,13.449999809265137,13.449999809265137,13.300000190734863,13.300000190734863,57000
2004-06-29,EWA,13.239999771118164,13.25,13.0600004196167,13.170000076293945,44800
2004-06-30,EWA,13.300000190734863,13.449999809265137,13.149999618530273,13.420000076293945,39300
2004-07-01,EWA,13.399999618530273,13.399999618530273,13.25,13.300000190734863,29100
2004-07-02,EWA,13.479999542236328,13.630000114440918,13.460000038146973,13.529999732971191,38300
2004-07-06,EWA,13.649999618530273,13.75,13.600000381469727,13.720000267028809,169500
2004-07-07,EWA,13.819999694824219,13.949999809265137,13.819999694824219,13.949999809265137,65200
2004-07-08,EWA,13.9399995803833,13.960000038146973,13.8100004196167,13.859999656677246,131700
2004-07-09,EWA,13.960000038146973,13.970000267028809,13.8100004196167,13.970000267028809,44900
2004-07-12,EWA,13.960000038146973,14.039999961853027,13.850000381469727,14.0,42600
2004-07-13,EWA,13.979999542236328,13.989999771118164,13.789999961853027,13.989999771118164,55000
2004-07-14,EWA,13.739999771118164,13.8100004196167,13.630000114440918,13.760000228881836,57300
2004-07-15,EWA,13.779999732971191,13.779999732971191,13.619999885559082,13.670000076293945,39400
2004-07-16,EWA,13.850000381469727,13.989999771118164,13.819999694824219,13.859999656677246,26200
2004-07-19,EWA,13.949999809265137,14.050000190734863,13.850000381469727,13.880000114440918,22300
2004-07-20,EWA,13.850000381469727,13.850000381469727,13.710000038146973,13.819999694824219,33600
2004-07-21,EWA,13.739999771118164,13.739999771118164,13.460000038146973,13.460000038146973,62300
2004-07-22,EWA,13.40999984741211,13.479999542236328,13.359999656677246,13.430000305175781,39800
2004-07-23,EWA,13.180000305175781,13.329999923706055,13.130000114440918,13.15999984741211,73900
2004-07-26,EWA,13.220000267028809,13.380000114440918,13.180000305175781,13.1899995803833,70700
2004-07-27,EWA,13.210000038146973,13.210000038146973,13.029999732971191,13.109999656677246,22700
2004-07-28,EWA,13.050000190734863,13.239999771118164,13.0,13.170000076293945,55900
2004-07-29,EWA,13.130000114440918,13.229999542236328,13.029999732971191,13.180000305175781,65500
2004-07-30,EWA,13.34000015258789,13.430000305175781,13.239999771118164,13.239999771118164,30600
2004-08-02,EWA,13.260000228881836,13.460000038146973,13.260000228881836,13.399999618530273,36300
2004-08-03,EWA,13.4399995803833,13.5,13.40999984741211,13.470000267028809,63800
2004-08-04,EWA,13.369999885559082,13.510000228881836,13.359999656677246,13.40999984741211,47300
2004-08-05,EWA,13.350000381469727,13.420000076293945,13.300000190734863,13.399999618530273,15300
2004-08-06,EWA,13.369999885559082,13.470000267028809,13.100000381469727,13.369999885559082,37100
2004-08-09,EWA,13.399999618530273,13.539999961853027,13.399999618530273,13.489999771118164,76300
2004-08-10,EWA,13.449999809265137,13.489999771118164,13.399999618530273,13.430000305175781,35300
2004-08-11,EWA,13.420000076293945,13.460000038146973,13.390000343322754,13.4399995803833,42800
2004-08-12,EWA,13.350000381469727,13.40999984741211,13.289999961853027,13.329999923706055,34700
2004-08-13,EWA,13.300000190734863,13.420000076293945,13.300000190734863,13.420000076293945,60300
2004-08-16,EWA,13.420000076293945,13.5,13.399999618530273,13.5,21100
2004-08-17,EWA,13.539999961853027,13.539999961853027,13.399999618530273,13.430000305175781,23800
2004-08-18,EWA,13.380000114440918,13.489999771118164,13.34000015258789,13.489999771118164,11600
2004-08-19,EWA,13.5,13.649999618530273,13.479999542236328,13.630000114440918,39200
2004-08-20,EWA,13.65999984741211,13.710000038146973,13.609999656677246,13.710000038146973,26400
2004-08-23,EWA,13.770000457763672,13.789999961853027,13.619999885559082,13.670000076293945,38700
2004-08-24,EWA,13.550000190734863,13.550000190734863,13.380000114440918,13.430000305175781,62700
2004-08-25,EWA,13.369999885559082,13.5,13.369999885559082,13.390000343322754,21400
2004-08-26,EWA,13.399999618530273,13.449999809265137,13.359999656677246,13.420000076293945,35300
2004-08-27,EWA,13.630000114440918,13.630000114440918,13.489999771118164,13.5600004196167,48400
2004-08-30,EWA,13.399999618530273,13.5,13.369999885559082,13.369999885559082,37200
2004-08-31,EWA,13.399999618530273,13.640000343322754,13.399999618530273,13.539999961853027,28700
2004-09-01,EWA,13.699999809265137,13.710000038146973,13.600000381469727,13.680000305175781,51800
2004-09-02,EWA,13.5600004196167,13.680000305175781,13.539999961853027,13.680000305175781,34600
2004-09-03,EWA,13.420000076293945,13.489999771118164,13.369999885559082,13.420000076293945,32400
2004-09-07,EWA,13.460000038146973,13.600000381469727,13.449999809265137,13.5600004196167,120200
2004-09-08,EWA,13.449999809265137,13.600000381469727,13.380000114440918,13.550000190734863,71100
2004-09-09,EWA,13.430000305175781,13.479999542236328,13.369999885559082,13.479999542236328,27900
2004-09-10,EWA,13.529999732971191,13.710000038146973,13.529999732971191,13.670000076293945,112800
2004-09-13,EWA,13.699999809265137,13.739999771118164,13.65999984741211,13.710000038146973,39600
2004-09-14,EWA,13.800000190734863,13.899999618530273,13.800000190734863,13.880000114440918,66300
2004-09-15,EWA,13.800000190734863,13.8100004196167,13.6899995803833,13.739999771118164,50600
2004-09-16,EWA,13.779999732971191,13.850000381469727,13.699999809265137,13.760000228881836,85000
2004-09-17,EWA,13.760000228881836,13.829999923706055,13.75,13.829999923706055,39700
2004-09-20,EWA,13.770000457763672,13.859999656677246,13.760000228881836,13.850000381469727,41800
2004-09-21,EWA,13.899999618530273,13.970000267028809,13.850000381469727,13.949999809265137,69500
2004-09-22,EWA,13.899999618530273,14.0,13.899999618530273,13.9399995803833,84600
2004-09-23,EWA,14.039999961853027,14.149999618530273,14.039999961853027,14.09000015258789,70400
2004-09-24,EWA,14.140000343322754,14.149999618530273,14.079999923706055,14.149999618530273,55400
2004-09-27,EWA,14.0600004196167,14.140000343322754,14.050000190734863,14.050000190734863,46700
2004-09-28,EWA,14.149999618530273,14.270000457763672,14.149999618530273,14.270000457763672,73100
2004-09-29,EWA,14.359999656677246,14.369999885559082,14.25,14.359999656677246,106600
2004-09-30,EWA,14.300000190734863,14.569999694824219,14.300000190734863,14.520000457763672,290000
2004-10-01,EWA,14.550000190734863,14.640000343322754,14.479999542236328,14.600000381469727,164300
2004-10-04,EWA,14.670000076293945,14.670000076293945,14.600000381469727,14.649999618530273,281600
2004-10-05,EWA,14.649999618530273,14.699999809265137,14.600000381469727,14.630000114440918,90400
2004-10-06,EWA,14.600000381469727,14.680000305175781,14.520000457763672,14.680000305175781,94300
2004-10-07,EWA,14.640000343322754,14.739999771118164,14.609999656677246,14.6899995803833,84900
2004-10-08,EWA,14.770000457763672,14.850000381469727,14.710000038146973,14.84000015258789,124600
2004-10-11,EWA,14.859999656677246,14.890000343322754,14.819999694824219,14.890000343322754,92400
2004-10-12,EWA,14.800000190734863,14.899999618530273,14.75,14.880000114440918,156600
2004-10-13,EWA,14.710000038146973,14.710000038146973,14.520000457763672,14.65999984741211,303800
2004-10-14,EWA,14.699999809265137,14.789999961853027,14.649999618530273,14.6899995803833,415200
2004-10-15,EWA,14.850000381469727,14.869999885559082,14.770000457763672,14.829999923706055,61700
2004-10-18,EWA,14.8100004196167,14.8100004196167,14.600000381469727,14.699999809265137,128600
2004-10-19,EWA,14.720000267028809,14.819999694824219,14.649999618530273,14.649999618530273,104000
2004-10-20,EWA,14.850000381469727,14.850000381469727,14.699999809265137,14.729999542236328,112400
2004-10-21,EWA,14.880000114440918,14.960000038146973,14.829999923706055,14.960000038146973,107600
2004-10-22,EWA,14.949999809265137,15.010000228881836,14.800000190734863,14.930000305175781,169800
2004-10-25,EWA,14.90999984741211,15.050000190734863,14.899999618530273,15.010000228881836,338700
2004-10-26,EWA,15.119999885559082,15.180000305175781,15.039999961853027,15.109999656677246,193300
2004-10-27,EWA,15.1899995803833,15.34000015258789,15.15999984741211,15.270000457763672,269200
2004-10-28,EWA,15.399999618530273,15.449999809265137,15.3100004196167,15.350000381469727,204500
2004-10-29,EWA,15.369999885559082,15.479999542236328,15.350000381469727,15.470000267028809,108900
2004-11-01,EWA,15.489999771118164,15.619999885559082,15.489999771118164,15.579999923706055,342400
2004-11-02,EWA,15.579999923706055,15.579999923706055,15.479999542236328,15.5,190300
2004-11-03,EWA,15.760000228881836,15.880000114440918,15.75,15.880000114440918,201600
2004-11-04,EWA,15.890000343322754,16.049999237060547,15.800000190734863,15.979999542236328,299500
2004-11-05,EWA,16.0,16.059999465942383,15.949999809265137,16.049999237060547,313500
2004-11-08,EWA,15.899999618530273,15.960000038146973,15.8100004196167,15.899999618530273,168700
2004-11-09,EWA,15.84000015258789,15.880000114440918,15.760000228881836,15.84000015258789,124500
2004-11-10,EWA,15.899999618530273,15.989999771118164,15.829999923706055,15.979999542236328,125100
2004-11-11,EWA,16.049999237060547,16.209999084472656,16.010000228881836,16.18000030517578,181900
2004-11-12,EWA,16.170000076293945,16.309999465942383,16.170000076293945,16.309999465942383,212300
2004-11-15,EWA,16.40999984741211,16.420000076293945,16.350000381469727,16.3700008392334,311500
2004-11-16,EWA,16.299999237060547,16.350000381469727,16.25,16.299999237060547,216800
2004-11-17,EWA,16.5,16.65999984741211,16.450000762939453,16.59000015258789,243700
2004-11-18,EWA,16.549999237060547,16.579999923706055,16.43000030517578,16.530000686645508,296600
2004-11-19,EWA,16.530000686645508,16.65999984741211,16.469999313354492,16.520000457763672,286500
2004-11-22,EWA,16.40999984741211,16.459999084472656,16.25,16.440000534057617,242400
2004-11-23,EWA,16.700000762939453,16.709999084472656,16.56999969482422,16.68000030517578,200300
2004-11-24,EWA,16.829999923706055,16.84000015258789,16.739999771118164,16.81999969482422,278100
2004-11-26,EWA,16.959999084472656,17.0,16.93000030517578,16.989999771118164,213900
2004-11-29,EWA,16.969999313354492,17.020000457763672,16.8799991607666,16.959999084472656,921100
2004-11-30,EWA,16.739999771118164,16.809999465942383,16.559999465942383,16.6299991607666,618400
2004-12-01,EWA,16.540000915527344,16.68000030517578,16.5,16.65999984741211,272300
2004-12-02,EWA,16.81999969482422,16.8799991607666,16.670000076293945,16.75,264600
2004-12-03,EWA,16.75,16.8799991607666,16.670000076293945,16.8799991607666,188400
2004-12-06,EWA,16.780000686645508,16.780000686645508,16.670000076293945,16.700000762939453,245300
2004-12-07,EWA,16.649999618530273,16.690000534057617,16.459999084472656,16.549999237060547,561200
2004-12-08,EWA,15.949999809265137,16.06999969482422,15.84000015258789,16.0,623400
2004-12-09,EWA,15.800000190734863,16.0,15.760000228881836,15.979999542236328,598800
2004-12-10,EWA,15.890000343322754,15.949999809265137,15.800000190734863,15.930000305175781,122300
2004-12-13,EWA,15.9399995803833,16.25,15.9399995803833,16.200000762939453,498200
2004-12-14,EWA,16.34000015258789,16.350000381469727,16.200000762939453,16.299999237060547,226900
2004-12-15,EWA,16.31999969482422,16.559999465942383,16.31999969482422,16.489999771118164,228100
2004-12-16,EWA,16.469999313354492,16.469999313354492,16.31999969482422,16.350000381469727,182700
2004-12-17,EWA,16.5,16.600000381469727,16.329999923706055,16.579999923706055,284100
2004-12-20,EWA,16.670000076293945,16.700000762939453,16.559999465942383,16.579999923706055,303900
2004-12-21,EWA,16.829999923706055,16.829999923706055,16.65999984741211,16.75,532200
2004-12-22,EWA,16.889999389648438,16.90999984741211,16.770000457763672,16.889999389648438,322700
2004-12-23,EWA,16.420000076293945,16.420000076293945,16.260000228881836,16.31999969482422,887800
2004-12-27,EWA,16.549999237060547,16.700000762939453,16.5,16.6299991607666,610500
2004-12-28,EWA,16.700000762939453,16.799999237060547,16.670000076293945,16.75,373100
2004-12-29,EWA,16.549999237060547,16.549999237060547,16.389999389648438,16.469999313354492,887000
2004-12-30,EWA,16.6200008392334,16.649999618530273,16.530000686645508,16.600000381469727,371700
2004-12-31,EWA,16.65999984741211,16.739999771118164,16.56999969482422,16.700000762939453,675000
2005-01-03,EWA,16.6200008392334,16.65999984741211,16.469999313354492,16.469999313354492,449800
2005-01-04,EWA,16.579999923706055,16.59000015258789,16.1200008392334,16.18000030517578,932300
2005-01-05,EWA,16.200000762939453,16.31999969482422,16.200000762939453,16.239999771118164,1151600
2005-01-06,EWA,16.299999237060547,16.299999237060547,16.1299991607666,16.270000457763672,140900
2005-01-07,EWA,16.469999313354492,16.469999313354492,16.149999618530273,16.25,258200
2005-01-10,EWA,16.3799991607666,16.459999084472656,16.31999969482422,16.329999923706055,249500
2005-01-11,EWA,16.399999618530273,16.43000030517578,16.280000686645508,16.350000381469727,433900
2005-01-12,EWA,16.459999084472656,16.639999389648438,16.3799991607666,16.6299991607666,618300
2005-01-13,EWA,16.56999969482422,16.56999969482422,16.360000610351562,16.360000610351562,506600
2005-01-14,EWA,16.34000015258789,16.5,16.31999969482422,16.489999771118164,1404900
2005-01-18,EWA,16.200000762939453,16.309999465942383,16.1200008392334,16.309999465942383,726200
2005-01-19,EWA,16.299999237060547,16.389999389648438,16.170000076293945,16.229999542236328,524100
2005-01-20,EWA,16.1299991607666,16.270000457763672,16.1299991607666,16.170000076293945,456300
2005-01-21,EWA,16.350000381469727,16.489999771118164,16.299999237060547,16.420000076293945,91900
2005-01-24,EWA,16.549999237060547,16.549999237060547,16.299999237060547,16.510000228881836,134200
2005-01-25,EWA,16.549999237060547,16.59000015258789,16.420000076293945,16.5,193400
2005-01-26,EWA,16.739999771118164,16.790000915527344,16.6299991607666,16.770000457763672,464600
2005-01-27,EWA,16.950000762939453,17.0,16.829999923706055,17.0,318900
2005-01-28,EWA,16.75,16.8700008392334,16.68000030517578,16.790000915527344,302500
2005-01-31,EWA,16.860000610351562,16.93000030517578,16.790000915527344,16.829999923706055,561200
2005-02-01,EWA,16.8700008392334,16.989999771118164,16.790000915527344,16.989999771118164,356500
2005-02-02,EWA,17.100000381469727,17.219999313354492,17.030000686645508,17.209999084472656,655400
2005-02-03,EWA,17.0,17.020000457763672,16.899999618530273,16.989999771118164,271600
2005-02-04,EWA,17.049999237060547,17.18000030517578,17.049999237060547,17.170000076293945,416300
2005-02-07,EWA,17.209999084472656,17.260000228881836,17.06999969482422,17.1299991607666,427700
2005-02-08,EWA,17.010000228881836,17.100000381469727,16.940000534057617,17.06999969482422,145700
2005-02-09,EWA,16.969999313354492,17.059999465942383,16.90999984741211,17.010000228881836,356700
2005-02-10,EWA,17.309999465942383,17.469999313354492,17.219999313354492,17.469999313354492,309600
2005-02-11,EWA,17.40999984741211,17.6299991607666,17.360000610351562,17.549999237060547,309200
2005-02-14,EWA,17.5,17.56999969482422,17.440000534057617,17.440000534057617,468600
2005-02-15,EWA,17.350000381469727,17.5,17.299999237060547,17.5,248000
2005-02-16,EWA,17.3799991607666,17.5,17.229999542236328,17.489999771118164,298900
2005-02-17,EWA,17.489999771118164,17.639999389648438,17.440000534057617,17.489999771118164,162400
2005-02-18,EWA,17.579999923706055,17.639999389648438,17.5,17.549999237060547,294400
2005-02-22,EWA,17.540000915527344,17.690000534057617,17.530000686645508,17.639999389648438,303500
2005-02-23,EWA,17.5,17.520000457763672,17.350000381469727,17.479999542236328,372400
2005-02-24,EWA,17.34000015258789,17.34000015258789,17.1200008392334,17.309999465942383,239600
2005-02-25,EWA,17.420000076293945,17.530000686645508,17.350000381469727,17.510000228881836,229300
2005-02-28,EWA,17.760000228881836,17.809999465942383,17.6299991607666,17.739999771118164,340300
2005-03-01,EWA,17.690000534057617,17.739999771118164,17.639999389648438,17.639999389648438,361700
2005-03-02,EWA,17.639999389648438,17.729999542236328,17.549999237060547,17.6299991607666,234900
2005-03-03,EWA,17.719999313354492,17.790000915527344,17.649999618530273,17.760000228881836,235000
2005-03-04,EWA,17.950000762939453,18.139999389648438,17.899999618530273,18.040000915527344,572200
2005-03-07,EWA,18.09000015258789,18.1299991607666,18.06999969482422,18.079999923706055,678800
2005-03-08,EWA,18.290000915527344,18.290000915527344,18.170000076293945,18.219999313354492,321300
2005-03-09,EWA,18.1200008392334,18.209999084472656,18.030000686645508,18.09000015258789,286600
2005-03-10,EWA,18.030000686645508,18.040000915527344,17.850000381469727,18.0,300100
2005-03-11,EWA,17.959999084472656,18.059999465942383,17.8700008392334,17.899999618530273,256200
2005-03-14,EWA,17.989999771118164,18.030000686645508,17.899999618530273,17.989999771118164,225100
2005-03-15,EWA,17.989999771118164,18.030000686645508,17.899999618530273,17.93000030517578,205600
2005-03-16,EWA,18.010000228881836,18.110000610351562,17.979999542236328,18.040000915527344,290000
2005-03-17,EWA,18.049999237060547,18.079999923706055,17.969999313354492,18.06999969482422,370200
2005-03-18,EWA,18.110000610351562,18.139999389648438,18.049999237060547,18.139999389648438,389600
2005-03-21,EWA,18.100000381469727,18.100000381469727,17.8700008392334,17.959999084472656,356400
2005-03-22,EWA,17.81999969482422,18.020000457763672,17.549999237060547,17.649999618530273,344700
2005-03-23,EWA,17.149999618530273,17.299999237060547,17.0,17.110000610351562,1065300
2005-03-24,EWA,17.049999237060547,17.18000030517578,16.899999618530273,16.93000030517578,554100
2005-03-28,EWA,17.1299991607666,17.1299991607666,17.0,17.049999237060547,182400
2005-03-29,EWA,16.920000076293945,17.030000686645508,16.75,16.799999237060547,459000
2005-03-30,EWA,16.920000076293945,17.030000686645508,16.899999618530273,17.0,132100
2005-03-31,EWA,17.06999969482422,17.149999618530273,16.950000762939453,16.959999084472656,130700
2005-04-01,EWA,17.149999618530273,17.229999542236328,16.979999542236328,17.079999923706055,197300
2005-04-04,EWA,16.920000076293945,17.0,16.850000381469727,16.969999313354492,167400
2005-04-05,EWA,17.049999237060547,17.18000030517578,16.959999084472656,17.100000381469727,278100
2005-04-06,EWA,16.969999313354492,17.079999923706055,16.8700008392334,16.90999984741211,172000
2005-04-07,EWA,17.149999618530273,17.149999618530273,16.969999313354492,17.030000686645508,178600
2005-04-08,EWA,17.209999084472656,17.31999969482422,17.100000381469727,17.18000030517578,197300
2005-04-11,EWA,17.18000030517578,17.280000686645508,17.1200008392334,17.239999771118164,186400
2005-04-12,EWA,17.229999542236328,17.3799991607666,17.100000381469727,17.3799991607666,321300
2005-04-13,EWA,17.309999465942383,17.360000610351562,17.149999618530273,17.149999618530273,271100
2005-04-14,EWA,16.959999084472656,16.959999084472656,16.639999389648438,16.670000076293945,400000
2005-04-15,EWA,16.450000762939453,16.6299991607666,16.329999923706055,16.329999923706055,466400
2005-04-18,EWA,16.280000686645508,16.440000534057617,16.229999542236328,16.350000381469727,285900
2005-04-19,EWA,16.549999237060547,16.780000686645508,16.510000228881836,16.770000457763672,209900
2005-04-20,EWA,16.739999771118164,16.739999771118164,16.549999237060547,16.579999923706055,669700
2005-04-21,EWA,16.850000381469727,16.920000076293945,16.770000457763672,16.90999984741211,508300
2005-04-22,EWA,16.850000381469727,17.0,16.850000381469727,16.93000030517578,234700
2005-04-25,EWA,16.950000762939453,17.0,16.8700008392334,17.0,92000
2005-04-26,EWA,16.93000030517578,16.93000030517578,16.68000030517578,16.68000030517578,341900
2005-04-27,EWA,16.739999771118164,16.81999969482422,16.68000030517578,16.799999237060547,329200
2005-04-28,EWA,16.850000381469727,16.8700008392334,16.649999618530273,16.690000534057617,144100
2005-04-29,EWA,16.799999237060547,16.899999618530273,16.729999542236328,16.84000015258789,154900
2005-05-02,EWA,16.889999389648438,16.950000762939453,16.799999237060547,16.799999237060547,185300
2005-05-03,EWA,16.649999618530273,16.75,16.579999923706055,16.639999389648438,218600
2005-05-04,EWA,16.530000686645508,16.739999771118164,16.469999313354492,16.68000030517578,338600
2005-05-05,EWA,16.729999542236328,16.75,16.559999465942383,16.6200008392334,259800
2005-05-06,EWA,16.68000030517578,16.780000686645508,16.600000381469727,16.670000076293945,167900
2005-05-09,EWA,16.600000381469727,16.790000915527344,16.600000381469727,16.75,130100
2005-05-10,EWA,16.610000610351562,16.790000915527344,16.610000610351562,16.709999084472656,99900
2005-05-11,EWA,16.719999313354492,16.84000015258789,16.690000534057617,16.739999771118164,121400
2005-05-12,EWA,16.75,16.75,16.540000915527344,16.559999465942383,312000
2005-05-13,EWA,16.489999771118164,16.6200008392334,16.299999237060547,16.350000381469727,125900
2005-05-16,EWA,16.229999542236328,16.309999465942383,16.149999618530273,16.200000762939453,406000
2005-05-17,EWA,16.200000762939453,16.299999237060547,16.1200008392334,16.280000686645508,156700
2005-05-18,EWA,16.40999984741211,16.649999618530273,16.329999923706055,16.549999237060547,385500
2005-05-19,EWA,16.65999984741211,16.739999771118164,16.56999969482422,16.690000534057617,93100
2005-05-20,EWA,16.479999542236328,16.59000015258789,16.479999542236328,16.530000686645508,143500
2005-05-23,EWA,16.809999465942383,16.8799991607666,16.709999084472656,16.8799991607666,333300
2005-05-24,EWA,16.969999313354492,17.0,16.81999969482422,16.90999984741211,135500
2005-05-25,EWA,16.799999237060547,16.850000381469727,16.75,16.799999237060547,83100
2005-05-26,EWA,16.799999237060547,16.920000076293945,16.799999237060547,16.889999389648438,121200
2005-05-27,EWA,16.850000381469727,17.010000228881836,16.850000381469727,16.979999542236328,143900
2005-05-31,EWA,16.84000015258789,16.84000015258789,16.729999542236328,16.75,231800
2005-06-01,EWA,16.739999771118164,16.969999313354492,16.739999771118164,16.889999389648438,169000
2005-06-02,EWA,17.0,17.149999618530273,17.0,17.1299991607666,304400
2005-06-03,EWA,17.25,17.25,17.06999969482422,17.15999984741211,110800
2005-06-06,EWA,17.170000076293945,17.420000076293945,17.170000076293945,17.3799991607666,142000
2005-06-07,EWA,17.40999984741211,17.56999969482422,17.40999984741211,17.479999542236328,305900
2005-06-08,EWA,17.510000228881836,17.639999389648438,17.440000534057617,17.489999771118164,114900
2005-06-09,EWA,17.549999237060547,17.59000015258789,17.469999313354492,17.5,92400
2005-06-10,EWA,17.56999969482422,17.56999969482422,17.360000610351562,17.459999084472656,80500
2005-06-13,EWA,17.489999771118164,17.510000228881836,17.40999984741211,17.489999771118164,214900
2005-06-14,EWA,17.559999465942383,17.579999923706055,17.479999542236328,17.5,100000
2005-06-15,EWA,17.700000762939453,17.760000228881836,17.600000381469727,17.709999084472656,183400
2005-06-16,EWA,17.799999237060547,17.950000762939453,17.770000457763672,17.8799991607666,405700
2005-06-17,EWA,18.200000762939453,18.280000686645508,18.149999618530273,18.219999313354492,286500
2005-06-20,EWA,18.190000534057617,18.190000534057617,18.020000457763672,18.149999618530273,289600
2005-06-21,EWA,18.139999389648438,18.25,18.030000686645508,18.25,156300
2005-06-22,EWA,18.149999618530273,18.149999618530273,18.059999465942383,18.139999389648438,172300
2005-06-23,EWA,17.989999771118164,17.989999771118164,17.719999313354492,17.799999237060547,317300
2005-06-24,EWA,17.81999969482422,17.81999969482422,17.649999618530273,17.65999984741211,93100
2005-06-27,EWA,17.700000762939453,17.760000228881836,17.6299991607666,17.670000076293945,136700
2005-06-28,EWA,17.850000381469727,17.889999389648438,17.760000228881836,17.860000610351562,110100
2005-06-29,EWA,17.68000030517578,17.709999084472656,17.520000457763672,17.6200008392334,231500
2005-06-30,EWA,17.719999313354492,17.739999771118164,17.559999465942383,17.68000030517578,133600
2005-07-01,EWA,17.6200008392334,17.6200008392334,17.459999084472656,17.5,88000
2005-07-05,EWA,17.399999618530273,17.469999313354492,17.209999084472656,17.3799991607666,231600
2005-07-06,EWA,17.299999237060547,17.299999237060547,17.149999618530273,17.149999618530273,203000
2005-07-07,EWA,16.90999984741211,17.049999237060547,16.8799991607666,17.049999237060547,223800
2005-07-08,EWA,17.09000015258789,17.139999389648438,16.959999084472656,17.1299991607666,164400
2005-07-11,EWA,17.229999542236328,17.450000762939453,17.229999542236328,17.360000610351562,154500
2005-07-12,EWA,17.540000915527344,17.649999618530273,17.450000762939453,17.6299991607666,139800
2005-07-13,EWA,17.510000228881836,17.540000915527344,17.450000762939453,17.479999542236328,144900
2005-07-14,EWA,17.649999618530273,17.65999984741211,17.5,17.600000381469727,101800
2005-07-15,EWA,17.40999984741211,17.5,17.389999389648438,17.489999771118164,86200
2005-07-18,EWA,17.540000915527344,17.6299991607666,17.5,17.549999237060547,116900
2005-07-19,EWA,17.450000762939453,17.56999969482422,17.40999984741211,17.510000228881836,140300
2005-07-20,EWA,17.719999313354492,17.829999923706055,17.549999237060547,17.739999771118164,110300
2005-07-21,EWA,18.030000686645508,18.200000762939453,18.010000228881836,18.149999618530273,171000
2005-07-22,EWA,18.219999313354492,18.31999969482422,18.200000762939453,18.229999542236328,156400
2005-07-25,EWA,18.229999542236328,18.229999542236328,18.059999465942383,18.059999465942383,182000
2005-07-26,EWA,18.030000686645508,18.100000381469727,18.0,18.030000686645508,158000
2005-07-27,EWA,18.010000228881836,18.110000610351562,17.950000762939453,18.040000915527344,150000
2005-07-28,EWA,18.059999465942383,18.149999618530273,17.950000762939453,18.100000381469727,67900
2005-07-29,EWA,18.219999313354492,18.219999313354492,18.010000228881836,18.010000228881836,115500
2005-08-01,EWA,18.100000381469727,18.200000762939453,18.059999465942383,18.100000381469727,161300
2005-08-02,EWA,18.149999618530273,18.329999923706055,18.149999618530273,18.229999542236328,425700
2005-08-03,EWA,18.309999465942383,18.3799991607666,18.25,18.31999969482422,253400
2005-08-04,EWA,18.360000610351562,18.420000076293945,18.239999771118164,18.239999771118164,132400
2005-08-05,EWA,18.350000381469727,18.350000381469727,18.170000076293945,18.270000457763672,113600
2005-08-08,EWA,18.479999542236328,18.479999542236328,18.299999237060547,18.34000015258789,661800
2005-08-09,EWA,18.399999618530273,18.459999084472656,18.350000381469727,18.459999084472656,224600
2005-08-10,EWA,18.549999237060547,18.610000610351562,18.5,18.549999237060547,212700
2005-08-11,EWA,18.860000610351562,18.93000030517578,18.770000457763672,18.93000030517578,230300
2005-08-12,EWA,18.950000762939453,18.950000762939453,18.850000381469727,18.93000030517578,270100
2005-08-15,EWA,18.84000015258789,18.860000610351562,18.75,18.84000015258789,405700
2005-08-16,EWA,18.8700008392334,18.8700008392334,18.770000457763672,18.780000686645508,188000
2005-08-17,EWA,18.670000076293945,18.670000076293945,18.520000457763672,18.600000381469727,158500
2005-08-18,EWA,18.25,18.350000381469727,18.229999542236328,18.299999237060547,253000
2005-08-19,EWA,18.25,18.360000610351562,18.25,18.34000015258789,209600
2005-08-22,EWA,18.489999771118164,18.649999618530273,18.489999771118164,18.600000381469727,173500
2005-08-23,EWA,18.59000015258789,18.59000015258789,18.450000762939453,18.540000915527344,98200
2005-08-24,EWA,18.450000762939453,18.450000762939453,18.25,18.260000228881836,157300
2005-08-25,EWA,18.3700008392334,18.399999618530273,18.260000228881836,18.3799991607666,273200
2005-08-26,EWA,18.5,18.520000457763672,18.350000381469727,18.399999618530273,77400
2005-08-29,EWA,18.209999084472656,18.270000457763672,18.100000381469727,18.270000457763672,190100
2005-08-30,EWA,18.139999389648438,18.139999389648438,17.979999542236328,18.06999969482422,187800
2005-08-31,EWA,18.209999084472656,18.5,18.209999084472656,18.489999771118164,328100
2005-09-01,EWA,18.799999237060547,18.940000534057617,18.68000030517578,18.8700008392334,743900
2005-09-02,EWA,18.850000381469727,18.8799991607666,18.760000228881836,18.850000381469727,126800
2005-09-06,EWA,18.940000534057617,19.049999237060547,18.8700008392334,19.049999237060547,221600
2005-09-07,EWA,19.059999465942383,19.1299991607666,19.0,19.049999237060547,314400
2005-09-08,EWA,19.079999923706055,19.079999923706055,18.93000030517578,18.969999313354492,250800
2005-09-09,EWA,19.06999969482422,19.15999984741211,18.989999771118164,19.15999984741211,264800
2005-09-12,EWA,19.079999923706055,19.079999923706055,18.979999542236328,19.0,310400
2005-09-13,EWA,19.06999969482422,19.079999923706055,18.93000030517578,18.950000762939453,168800
2005-09-14,EWA,19.270000457763672,19.270000457763672,19.149999618530273,19.219999313354492,113900
2005-09-15,EWA,19.209999084472656,19.209999084472656,19.040000915527344,19.139999389648438,120600
2005-09-16,EWA,19.34000015258789,19.40999984741211,19.299999237060547,19.40999984741211,166200
2005-09-19,EWA,19.280000686645508,19.31999969482422,19.18000030517578,19.309999465942383,358700
2005-09-20,EWA,19.510000228881836,19.549999237060547,19.31999969482422,19.3700008392334,614900
2005-09-21,EWA,19.420000076293945,19.420000076293945,19.299999237060547,19.309999465942383,206900
2005-09-22,EWA,19.309999465942383,19.309999465942383,19.139999389648438,19.200000762939453,218500
2005-09-23,EWA,19.110000610351562,19.149999618530273,19.040000915527344,19.100000381469727,104400
2005-09-26,EWA,19.399999618530273,19.43000030517578,19.25,19.3799991607666,285100
2005-09-27,EWA,19.43000030517578,19.43000030517578,19.299999237060547,19.389999389648438,184100
2005-09-28,EWA,19.479999542236328,19.540000915527344,19.399999618530273,19.479999542236328,450900
2005-09-29,EWA,19.690000534057617,19.799999237060547,19.56999969482422,19.770000457763672,338300
2005-09-30,EWA,19.610000610351562,19.6299991607666,19.520000457763672,19.610000610351562,239300
2005-10-03,EWA,19.690000534057617,19.709999084472656,19.610000610351562,19.6299991607666,452100
2005-10-04,EWA,19.65999984741211,19.65999984741211,19.450000762939453,19.450000762939453,257500
2005-10-05,EWA,19.149999618530273,19.149999618530273,18.799999237060547,18.829999923706055,493900
2005-10-06,EWA,18.6200008392334,18.6200008392334,18.350000381469727,18.479999542236328,652500
2005-10-07,EWA,18.479999542236328,18.610000610351562,18.479999542236328,18.56999969482422,230600
2005-10-10,EWA,18.690000534057617,18.799999237060547,18.610000610351562,18.700000762939453,305800
2005-10-11,EWA,18.200000762939453,18.450000762939453,18.200000762939453,18.389999389648438,1164900
2005-10-12,EWA,18.479999542236328,18.600000381469727,18.399999618530273,18.459999084472656,446100
2005-10-13,EWA,18.149999618530273,18.299999237060547,18.049999237060547,18.270000457763672,440300
2005-10-14,EWA,18.170000076293945,18.399999618530273,18.170000076293945,18.389999389648438,261200
2005-10-17,EWA,18.3799991607666,18.3799991607666,18.200000762939453,18.270000457763672,191500
2005-10-18,EWA,18.25,18.3700008392334,18.239999771118164,18.280000686645508,146100
2005-10-19,EWA,18.31999969482422,18.31999969482422,17.899999618530273,18.25,384500
2005-10-20,EWA,18.110000610351562,18.200000762939453,17.899999618530273,17.899999618530273,153800
2005-10-21,EWA,17.93000030517578,18.100000381469727,17.829999923706055,17.93000030517578,150000
2005-10-24,EWA,17.959999084472656,18.25,17.950000762939453,18.25,146800
2005-10-25,EWA,18.25,18.329999923706055,18.200000762939453,18.239999771118164,103500
2005-10-26,EWA,18.43000030517578,18.600000381469727,18.389999389648438,18.469999313354492,202600
2005-10-27,EWA,18.59000015258789,18.59000015258789,18.299999237060547,18.299999237060547,89800
2005-10-28,EWA,18.190000534057617,18.31999969482422,18.149999618530273,18.299999237060547,164100
2005-10-31,EWA,18.549999237060547,18.549999237060547,18.40999984741211,18.510000228881836,514200
2005-11-01,EWA,18.459999084472656,18.489999771118164,18.360000610351562,18.450000762939453,175700
2005-11-02,EWA,18.329999923706055,18.5,18.260000228881836,18.489999771118164,355200
2005-11-03,EWA,18.670000076293945,18.700000762939453,18.530000686645508,18.559999465942383,191500
2005-11-04,EWA,18.510000228881836,18.510000228881836,18.239999771118164,18.350000381469727,164100
2005-11-07,EWA,18.399999618530273,18.469999313354492,18.309999465942383,18.40999984741211,110600
2005-11-08,EWA,18.520000457763672,18.540000915527344,18.420000076293945,18.469999313354492,84700
2005-11-09,EWA,18.43000030517578,18.56999969482422,18.350000381469727,18.56999969482422,144800
2005-11-10,EWA,18.540000915527344,18.549999237060547,18.350000381469727,18.479999542236328,110600
2005-11-11,EWA,18.6200008392334,18.729999542236328,18.559999465942383,18.719999313354492,247000
2005-11-14,EWA,18.68000030517578,18.700000762939453,18.579999923706055,18.610000610351562,100500
2005-11-15,EWA,18.68000030517578,18.860000610351562,18.649999618530273,18.700000762939453,246100
2005-11-16,EWA,18.739999771118164,18.8799991607666,18.700000762939453,18.850000381469727,173400
2005-11-17,EWA,18.899999618530273,19.049999237060547,18.899999618530273,19.030000686645508,279200
2005-11-18,EWA,19.139999389648438,19.200000762939453,19.0,19.190000534057617,260000
2005-11-21,EWA,19.25,19.25,19.100000381469727,19.209999084472656,218900
2005-11-22,EWA,19.0,19.139999389648438,18.829999923706055,19.1200008392334,194800
2005-11-23,EWA,19.030000686645508,19.100000381469727,18.959999084472656,19.030000686645508,260300
2005-11-25,EWA,19.079999923706055,19.200000762939453,19.049999237060547,19.079999923706055,145000
2005-11-28,EWA,19.190000534057617,19.299999237060547,19.059999465942383,19.190000534057617,238800
2005-11-29,EWA,19.15999984741211,19.18000030517578,19.010000228881836,19.079999923706055,130400
2005-11-30,EWA,19.100000381469727,19.100000381469727,18.850000381469727,18.850000381469727,228000
2005-12-01,EWA,18.860000610351562,19.239999771118164,18.860000610351562,19.200000762939453,258800
2005-12-02,EWA,19.25,19.3700008392334,19.149999618530273,19.3700008392334,194800
2005-12-05,EWA,19.399999618530273,19.399999618530273,19.270000457763672,19.3799991607666,420800
2005-12-06,EWA,19.450000762939453,19.510000228881836,19.350000381469727,19.450000762939453,195200
2005-12-07,EWA,19.329999923706055,19.440000534057617,19.139999389648438,19.25,231700
2005-12-08,EWA,19.030000686645508,19.190000534057617,19.0,19.06999969482422,209400
2005-12-09,EWA,19.06999969482422,19.270000457763672,19.06999969482422,19.209999084472656,99600
2005-12-12,EWA,19.450000762939453,19.459999084472656,19.31999969482422,19.450000762939453,210600
2005-12-13,EWA,19.34000015258789,19.450000762939453,19.239999771118164,19.350000381469727,274200
2005-12-14,EWA,19.510000228881836,19.59000015258789,19.43000030517578,19.43000030517578,288500
2005-12-15,EWA,19.31999969482422,19.31999969482422,19.149999618530273,19.25,284400
2005-12-16,EWA,19.290000915527344,19.290000915527344,19.190000534057617,19.270000457763672,178300
2005-12-19,EWA,19.350000381469727,19.350000381469727,19.110000610351562,19.1200008392334,164500
2005-12-20,EWA,19.170000076293945,19.299999237060547,19.149999618530273,19.209999084472656,188300
2005-12-21,EWA,19.40999984741211,19.489999771118164,19.329999923706055,19.440000534057617,195700
2005-12-22,EWA,19.309999465942383,19.360000610351562,19.229999542236328,19.360000610351562,94500
2005-12-23,EWA,18.989999771118164,18.989999771118164,18.530000686645508,18.6200008392334,258700
2005-12-27,EWA,18.68000030517578,18.700000762939453,18.399999618530273,18.40999984741211,223200
2005-12-28,EWA,18.600000381469727,18.780000686645508,18.600000381469727,18.690000534057617,432400
2005-12-29,EWA,18.75,18.8700008392334,18.75,18.84000015258789,294600
2005-12-30,EWA,18.799999237060547,18.809999465942383,18.700000762939453,18.809999465942383,112800
2006-01-03,EWA,18.8700008392334,19.290000915527344,18.8700008392334,19.190000534057617,365400
2006-01-04,EWA,19.420000076293945,19.559999465942383,19.31999969482422,19.469999313354492,290300
2006-01-05,EWA,19.450000762939453,19.520000457763672,19.399999618530273,19.440000534057617,181600
2006-01-06,EWA,19.549999237060547,19.670000076293945,19.489999771118164,19.649999618530273,483600
2006-01-09,EWA,19.700000762939453,19.799999237060547,19.6200008392334,19.649999618530273,222500
2006-01-10,EWA,19.600000381469727,19.600000381469727,19.43000030517578,19.530000686645508,262700
2006-01-11,EWA,19.739999771118164,19.790000915527344,19.670000076293945,19.670000076293945,682700
2006-01-12,EWA,19.690000534057617,19.690000534057617,19.469999313354492,19.469999313354492,248200
2006-01-13,EWA,19.639999389648438,19.739999771118164,19.540000915527344,19.700000762939453,283000
2006-01-17,EWA,19.760000228881836,19.760000228881836,19.6200008392334,19.709999084472656,579900
2006-01-18,EWA,19.360000610351562,19.399999618530273,19.18000030517578,19.389999389648438,397700
2006-01-19,EWA,19.510000228881836,19.65999984741211,19.450000762939453,19.6200008392334,306100
2006-01-20,EWA,19.719999313354492,19.719999313354492,19.3700008392334,19.459999084472656,181300
2006-01-23,EWA,19.610000610351562,19.649999618530273,19.5,19.649999618530273,238200
2006-01-24,EWA,19.600000381469727,19.68000030517578,19.520000457763672,19.649999618530273,269300
2006-01-25,EWA,19.809999465942383,19.979999542236328,19.809999465942383,19.8799991607666,318600
2006-01-26,EWA,19.959999084472656,20.18000030517578,19.920000076293945,20.1299991607666,381800
2006-01-27,EWA,20.190000534057617,20.260000228881836,20.059999465942383,20.219999313354492,397700
2006-01-30,EWA,20.209999084472656,20.209999084472656,20.079999923706055,20.170000076293945,337800
2006-01-31,EWA,20.34000015258789,20.399999618530273,20.209999084472656,20.399999618530273,220000
2006-02-01,EWA,20.3700008392334,20.389999389648438,20.200000762939453,20.299999237060547,209100
2006-02-02,EWA,20.200000762939453,20.200000762939453,19.950000762939453,19.950000762939453,438100
2006-02-03,EWA,19.829999923706055,19.850000381469727,19.610000610351562,19.799999237060547,325000
2006-02-06,EWA,19.8799991607666,19.8799991607666,19.739999771118164,19.84000015258789,236000
2006-02-07,EWA,19.799999237060547,19.799999237060547,19.520000457763672,19.549999237060547,344700
2006-02-08,EWA,19.25,19.450000762939453,19.219999313354492,19.450000762939453,344600
2006-02-09,EWA,19.5,19.700000762939453,19.5,19.510000228881836,348200
2006-02-10,EWA,19.649999618530273,19.649999618530273,19.290000915527344,19.469999313354492,479700
2006-02-13,EWA,19.239999771118164,19.3799991607666,19.170000076293945,19.200000762939453,288700
2006-02-14,EWA,19.450000762939453,19.65999984741211,19.34000015258789,19.600000381469727,328700
2006-02-15,EWA,19.5,19.56999969482422,19.25,19.31999969482422,264500
2006-02-16,EWA,19.209999084472656,19.389999389648438,19.18000030517578,19.360000610351562,302800
2006-02-17,EWA,19.190000534057617,19.329999923706055,19.110000610351562,19.290000915527344,204100
2006-02-21,EWA,19.690000534057617,19.700000762939453,19.530000686645508,19.6200008392334,242500
2006-02-22,EWA,19.6299991607666,19.719999313354492,19.540000915527344,19.68000030517578,138100
2006-02-23,EWA,19.829999923706055,19.829999923706055,19.65999984741211,19.690000534057617,228800
2006-02-24,EWA,19.65999984741211,19.799999237060547,19.65999984741211,19.770000457763672,260700
2006-02-27,EWA,19.889999389648438,19.899999618530273,19.75,19.84000015258789,278400
2006-02-28,EWA,19.920000076293945,19.920000076293945,19.75,19.860000610351562,185000
2006-03-01,EWA,19.75,19.760000228881836,19.610000610351562,19.760000228881836,182300
2006-03-02,EWA,19.90999984741211,19.950000762939453,19.75,19.90999984741211,204400
2006-03-03,EWA,19.90999984741211,19.920000076293945,19.700000762939453,19.850000381469727,137300
2006-03-06,EWA,19.860000610351562,19.940000534057617,19.600000381469727,19.68000030517578,166800
2006-03-07,EWA,19.5,19.5,19.389999389648438,19.440000534057617,865900
2006-03-08,EWA,19.34000015258789,19.440000534057617,19.25,19.389999389648438,459600
2006-03-09,EWA,19.75,19.75,19.5,19.520000457763672,362000
2006-03-10,EWA,19.549999237060547,19.559999465942383,19.40999984741211,19.469999313354492,654600
2006-03-13,EWA,19.809999465942383,19.809999465942383,19.709999084472656,19.780000686645508,331000
2006-03-14,EWA,19.739999771118164,19.889999389648438,19.59000015258789,19.8700008392334,465400
2006-03-15,EWA,20.030000686645508,20.030000686645508,19.860000610351562,19.979999542236328,135100
2006-03-16,EWA,20.06999969482422,20.06999969482422,19.920000076293945,19.950000762939453,121600
2006-03-17,EWA,19.84000015258789,19.84000015258789,19.700000762939453,19.75,175100
2006-03-20,EWA,19.729999542236328,19.75,19.600000381469727,19.600000381469727,156000
2006-03-21,EWA,19.559999465942383,19.649999618530273,19.450000762939453,19.5,467100
2006-03-22,EWA,19.549999237060547,19.690000534057617,19.549999237060547,19.639999389648438,343300
2006-03-23,EWA,19.719999313354492,19.719999313354492,19.549999237060547,19.56999969482422,120000
2006-03-24,EWA,19.5,19.56999969482422,19.450000762939453,19.520000457763672,169600
2006-03-27,EWA,19.510000228881836,19.65999984741211,19.510000228881836,19.56999969482422,127400
2006-03-28,EWA,19.709999084472656,19.719999313354492,19.5,19.549999237060547,173000
2006-03-29,EWA,19.56999969482422,19.799999237060547,19.549999237060547,19.799999237060547,100400
2006-03-30,EWA,19.829999923706055,20.059999465942383,19.829999923706055,20.059999465942383,541900
2006-03-31,EWA,19.979999542236328,20.06999969482422,19.8799991607666,20.020000457763672,703100
2006-04-03,EWA,20.139999389648438,20.440000534057617,20.139999389648438,20.350000381469727,410800
2006-04-04,EWA,20.200000762939453,20.450000762939453,20.200000762939453,20.3700008392334,336600
2006-04-05,EWA,20.6299991607666,20.829999923706055,20.510000228881836,20.719999313354492,301800
2006-04-06,EWA,20.979999542236328,21.010000228881836,20.850000381469727,20.979999542236328,193200
2006-04-07,EWA,20.90999984741211,20.979999542236328,20.670000076293945,20.790000915527344,450100
2006-04-10,EWA,20.799999237060547,20.81999969482422,20.639999389648438,20.739999771118164,260100
2006-04-11,EWA,20.979999542236328,21.0,20.75,20.809999465942383,256500
2006-04-12,EWA,20.799999237060547,20.84000015258789,20.690000534057617,20.84000015258789,140300
2006-04-13,EWA,20.68000030517578,20.700000762939453,20.530000686645508,20.65999984741211,172200
2006-04-17,EWA,20.8799991607666,20.989999771118164,20.760000228881836,20.959999084472656,158300
2006-04-18,EWA,21.200000762939453,21.579999923706055,21.200000762939453,21.56999969482422,347700
2006-04-19,EWA,21.579999923706055,21.790000915527344,21.489999771118164,21.790000915527344,264400
2006-04-20,EWA,21.579999923706055,21.579999923706055,21.149999618530273,21.25,625000
2006-04-21,EWA,21.399999618530273,21.579999923706055,21.309999465942383,21.540000915527344,591000
2006-04-24,EWA,21.5,21.540000915527344,21.309999465942383,21.5,124000
2006-04-25,EWA,21.6200008392334,21.65999984741211,21.399999618530273,21.510000228881836,197700
2006-04-26,EWA,21.950000762939453,22.0,21.850000381469727,21.940000534057617,384800
2006-04-27,EWA,21.75,21.950000762939453,21.559999465942383,21.81999969482422,384800
2006-04-28,EWA,21.809999465942383,21.950000762939453,21.719999313354492,21.940000534057617,385100
2006-05-01,EWA,22.299999237060547,22.34000015258789,22.06999969482422,22.149999618530273,619700
2006-05-02,EWA,22.06999969482422,22.18000030517578,21.989999771118164,22.1299991607666,2824400
2006-05-03,EWA,22.280000686645508,22.299999237060547,22.059999465942383,22.15999984741211,1483200
2006-05-04,EWA,21.979999542236328,22.219999313354492,21.899999618530273,22.110000610351562,1191000
2006-05-05,EWA,22.440000534057617,22.510000228881836,22.25,22.399999618530273,915100
2006-05-08,EWA,22.559999465942383,22.649999618530273,22.3799991607666,22.469999313354492,722900
2006-05-09,EWA,22.549999237060547,22.829999923706055,22.540000915527344,22.799999237060547,699800
2006-05-10,EWA,22.600000381469727,22.790000915527344,22.559999465942383,22.709999084472656,483400
2006-05-11,EWA,22.690000534057617,22.81999969482422,22.549999237060547,22.700000762939453,633300
2006-05-12,EWA,22.56999969482422,22.6299991607666,22.059999465942383,22.139999389648438,744600
2006-05-15,EWA,21.719999313354492,21.860000610351562,21.200000762939453,21.6299991607666,773500
2006-05-16,EWA,21.729999542236328,21.93000030517578,21.700000762939453,21.920000076293945,757900
2006-05-17,EWA,21.850000381469727,21.8799991607666,20.899999618530273,21.229999542236328,744900
2006-05-18,EWA,21.229999542236328,21.489999771118164,21.219999313354492,21.280000686645508,560200
2006-05-19,EWA,21.1200008392334,21.149999618530273,20.799999237060547,21.149999618530273,676300
2006-05-22,EWA,20.530000686645508,20.799999237060547,20.3700008392334,20.649999618530273,1249900
2006-05-23,EWA,20.65999984741211,21.18000030517578,20.65999984741211,20.93000030517578,434700
2006-05-24,EWA,20.6299991607666,20.850000381469727,20.43000030517578,20.68000030517578,2698100
2006-05-25,EWA,20.8700008392334,20.950000762939453,20.6299991607666,20.950000762939453,281100
2006-05-26,EWA,21.079999923706055,21.1299991607666,20.799999237060547,21.09000015258789,438900
2006-05-30,EWA,21.309999465942383,21.309999465942383,20.8700008392334,20.989999771118164,435100
2006-05-31,EWA,20.700000762939453,20.979999542236328,20.670000076293945,20.799999237060547,470000
2006-06-01,EWA,20.440000534057617,20.860000610351562,20.440000534057617,20.709999084472656,719400
2006-06-02,EWA,21.010000228881836,21.010000228881836,20.760000228881836,20.950000762939453,360100
2006-06-05,EWA,21.010000228881836,21.1200008392334,20.600000381469727,20.719999313354492,502400
2006-06-06,EWA,20.6200008392334,20.6299991607666,20.110000610351562,20.360000610351562,1384900
2006-06-07,EWA,20.260000228881836,20.520000457763672,20.200000762939453,20.200000762939453,1020800
2006-06-08,EWA,19.850000381469727,20.010000228881836,19.600000381469727,19.920000076293945,1419900
2006-06-09,EWA,20.25,20.389999389648438,20.110000610351562,20.170000076293945,604700
2006-06-12,EWA,20.25,20.350000381469727,19.920000076293945,20.030000686645508,418200
2006-06-13,EWA,19.34000015258789,19.760000228881836,19.09000015258789,19.18000030517578,846400
2006-06-14,EWA,19.299999237060547,19.700000762939453,19.260000228881836,19.59000015258789,871600
2006-06-15,EWA,19.649999618530273,20.1299991607666,19.549999237060547,20.1299991607666,415900
2006-06-16,EWA,20.049999237060547,20.049999237060547,19.809999465942383,19.950000762939453,346900
2006-06-19,EWA,19.760000228881836,19.899999618530273,19.579999923706055,19.700000762939453,179500
2006-06-20,EWA,19.690000534057617,19.829999923706055,19.5,19.690000534057617,169000
2006-06-21,EWA,19.649999618530273,20.079999923706055,19.649999618530273,20.06999969482422,143900
2006-06-22,EWA,20.100000381469727,20.110000610351562,19.850000381469727,20.030000686645508,178700
2006-06-23,EWA,19.959999084472656,20.110000610351562,19.850000381469727,20.020000457763672,172800
2006-06-26,EWA,19.8799991607666,20.079999923706055,19.829999923706055,20.059999465942383,118800
2006-06-27,EWA,20.149999618530273,20.200000762939453,19.850000381469727,19.950000762939453,304300
2006-06-28,EWA,19.75,19.889999389648438,19.649999618530273,19.889999389648438,640900
2006-06-29,EWA,20.190000534057617,20.780000686645508,20.100000381469727,20.700000762939453,236900
2006-06-30,EWA,20.8700008392334,20.899999618530273,20.6299991607666,20.75,353600
2006-07-03,EWA,20.860000610351562,20.889999389648438,20.75,20.889999389648438,150200
2006-07-05,EWA,20.959999084472656,21.0,20.450000762939453,20.6299991607666,414200
2006-07-06,EWA,20.850000381469727,21.049999237060547,20.799999237060547,20.8700008392334,202100
2006-07-07,EWA,21.1200008392334,21.299999237060547,21.049999237060547,21.18000030517578,245800
2006-07-10,EWA,21.1200008392334,21.239999771118164,21.0,21.15999984741211,371700
2006-07-11,EWA,21.100000381469727,21.190000534057617,20.93000030517578,21.18000030517578,144100
2006-07-12,EWA,21.15999984741211,21.209999084472656,20.860000610351562,20.889999389648438,119000
2006-07-13,EWA,20.8700008392334,20.959999084472656,20.670000076293945,20.709999084472656,183000
2006-07-14,EWA,20.3799991607666,20.469999313354492,20.1299991607666,20.290000915527344,193900
2006-07-17,EWA,20.229999542236328,20.350000381469727,20.18000030517578,20.25,176100
2006-07-18,EWA,20.25,20.31999969482422,19.940000534057617,20.15999984741211,139400
2006-07-19,EWA,19.920000076293945,20.520000457763672,19.90999984741211,20.5,146200
2006-07-20,EWA,20.68000030517578,20.770000457763672,20.3799991607666,20.43000030517578,281900
2006-07-21,EWA,20.3799991607666,20.549999237060547,20.229999542236328,20.31999969482422,428700
2006-07-24,EWA,20.399999618530273,20.799999237060547,20.3799991607666,20.75,310200
2006-07-25,EWA,20.549999237060547,21.100000381469727,20.450000762939453,20.719999313354492,326500
2006-07-26,EWA,20.639999389648438,20.719999313354492,20.459999084472656,20.6200008392334,241400
2006-07-27,EWA,21.030000686645508,21.09000015258789,20.850000381469727,20.899999618530273,253300
2006-07-28,EWA,20.8799991607666,21.139999389648438,20.799999237060547,21.1299991607666,381000
2006-07-31,EWA,20.979999542236328,21.0,20.889999389648438,20.959999084472656,140400
2006-08-01,EWA,20.84000015258789,20.889999389648438,20.68000030517578,20.8799991607666,364800
2006-08-02,EWA,20.700000762939453,20.899999618530273,20.700000762939453,20.829999923706055,531700
2006-08-03,EWA,20.770000457763672,20.899999618530273,20.68000030517578,20.790000915527344,385700
2006-08-04,EWA,20.8799991607666,20.969999313354492,20.59000015258789,20.809999465942383,146100
2006-08-07,EWA,20.780000686645508,20.780000686645508,20.6200008392334,20.719999313354492,150900
2006-08-08,EWA,20.950000762939453,21.079999923706055,20.84000015258789,20.889999389648438,280100
2006-08-09,EWA,20.84000015258789,21.110000610351562,20.700000762939453,20.780000686645508,440800
2006-08-10,EWA,20.829999923706055,20.860000610351562,20.700000762939453,20.850000381469727,379200
2006-08-11,EWA,20.75,20.860000610351562,20.639999389648438,20.700000762939453,367700
2006-08-14,EWA,20.829999923706055,20.959999084472656,20.739999771118164,20.75,337200
2006-08-15,EWA,20.899999618530273,21.09000015258789,20.850000381469727,21.049999237060547,476100
2006-08-16,EWA,21.200000762939453,21.239999771118164,21.0,21.110000610351562,205200
2006-08-17,EWA,21.309999465942383,21.34000015258789,21.09000015258789,21.170000076293945,315300
2006-08-18,EWA,21.15999984741211,21.18000030517578,21.010000228881836,21.15999984741211,209200
2006-08-21,EWA,21.290000915527344,21.389999389648438,21.290000915527344,21.389999389648438,172500
2006-08-22,EWA,21.350000381469727,21.360000610351562,21.200000762939453,21.260000228881836,268600
2006-08-23,EWA,21.450000762939453,21.489999771118164,21.1299991607666,21.170000076293945,808800
2006-08-24,EWA,21.1299991607666,21.190000534057617,20.81999969482422,20.8700008392334,273100
2006-08-25,EWA,20.899999618530273,21.049999237060547,20.81999969482422,20.950000762939453,257100
2006-08-28,EWA,21.059999465942383,21.149999618530273,21.0,21.09000015258789,230400
2006-08-29,EWA,21.329999923706055,21.399999618530273,21.170000076293945,21.399999618530273,315600
2006-08-30,EWA,21.469999313354492,21.489999771118164,21.31999969482422,21.399999618530273,141000
2006-08-31,EWA,21.610000610351562,21.610000610351562,21.450000762939453,21.540000915527344,942400
2006-09-01,EWA,21.530000686645508,21.709999084472656,21.450000762939453,21.649999618530273,456500
2006-09-05,EWA,22.020000457763672,22.030000686645508,21.799999237060547,22.010000228881836,479300
2006-09-06,EWA,21.670000076293945,21.719999313354492,21.5,21.559999465942383,438600
2006-09-07,EWA,21.40999984741211,21.5,21.229999542236328,21.34000015258789,257400
2006-09-08,EWA,21.329999923706055,21.329999923706055,21.209999084472656,21.309999465942383,222400
2006-09-11,EWA,20.8799991607666,21.079999923706055,20.25,20.780000686645508,607000
2006-09-12,EWA,20.709999084472656,20.860000610351562,20.690000534057617,20.84000015258789,283100
2006-09-13,EWA,20.8700008392334,21.020000457763672,20.850000381469727,21.010000228881836,254000
2006-09-14,EWA,21.149999618530273,21.200000762939453,21.020000457763672,21.049999237060547,307200
2006-09-15,EWA,21.09000015258789,21.09000015258789,20.899999618530273,21.020000457763672,499500
2006-09-18,EWA,21.040000915527344,21.299999237060547,21.040000915527344,21.280000686645508,352300
2006-09-19,EWA,21.219999313354492,21.25,20.75,20.93000030517578,323600
2006-09-20,EWA,20.850000381469727,20.969999313354492,20.84000015258789,20.90999984741211,448900
2006-09-21,EWA,20.940000534057617,20.979999542236328,20.780000686645508,20.829999923706055,445900
2006-09-22,EWA,20.81999969482422,20.81999969482422,20.520000457763672,20.579999923706055,873900
2006-09-25,EWA,20.600000381469727,20.860000610351562,20.5,20.84000015258789,438200
2006-09-26,EWA,20.729999542236328,20.8799991607666,20.700000762939453,20.860000610351562,923200
2006-09-27,EWA,20.950000762939453,21.200000762939453,20.93000030517578,21.149999618530273,555100
2006-09-28,EWA,21.1200008392334,21.170000076293945,21.049999237060547,21.170000076293945,461600
2006-09-29,EWA,21.149999618530273,21.270000457763672,21.149999618530273,21.200000762939453,349200
2006-10-02,EWA,21.290000915527344,21.489999771118164,21.290000915527344,21.3799991607666,377500
2006-10-03,EWA,21.299999237060547,21.360000610351562,21.110000610351562,21.139999389648438,558300
2006-10-04,EWA,21.09000015258789,21.43000030517578,21.030000686645508,21.3799991607666,752400
2006-10-05,EWA,21.540000915527344,21.639999389648438,21.479999542236328,21.639999389648438,261900
2006-10-06,EWA,21.459999084472656,21.459999084472656,21.350000381469727,21.440000534057617,296900
2006-10-09,EWA,21.3799991607666,21.540000915527344,21.3799991607666,21.489999771118164,163300
2006-10-10,EWA,21.579999923706055,21.6200008392334,21.5,21.56999969482422,564700
2006-10-11,EWA,21.600000381469727,21.709999084472656,21.520000457763672,21.6200008392334,327300
2006-10-12,EWA,21.790000915527344,22.0,21.790000915527344,21.989999771118164,295500
2006-10-13,EWA,21.959999084472656,22.06999969482422,21.8799991607666,22.0,292900
2006-10-16,EWA,22.239999771118164,22.3700008392334,22.049999237060547,22.239999771118164,516300
2006-10-17,EWA,22.049999237060547,22.100000381469727,21.790000915527344,21.889999389648438,648300
2006-10-18,EWA,22.200000762939453,22.200000762939453,22.06999969482422,22.100000381469727,350000
2006-10-19,EWA,22.110000610351562,22.280000686645508,22.110000610351562,22.209999084472656,212500
2006-10-20,EWA,22.440000534057617,22.5,22.270000457763672,22.5,517900
2006-10-23,EWA,22.5,22.5,22.25,22.420000076293945,371200
2006-10-24,EWA,22.270000457763672,22.450000762939453,22.200000762939453,22.450000762939453,263000
2006-10-25,EWA,22.299999237060547,22.59000015258789,22.299999237060547,22.530000686645508,392400
2006-10-26,EWA,22.600000381469727,23.0,22.56999969482422,23.0,362500
2006-10-27,EWA,22.739999771118164,22.8700008392334,22.639999389648438,22.700000762939453,459700
2006-10-30,EWA,22.700000762939453,23.25,22.700000762939453,23.25,525900
2006-10-31,EWA,22.610000610351562,23.030000686645508,22.610000610351562,23.020000457763672,170900
2006-11-01,EWA,23.18000030517578,23.399999618530273,23.030000686645508,23.399999618530273,2846300
2006-11-02,EWA,22.989999771118164,23.200000762939453,22.989999771118164,23.1299991607666,547500
2006-11-03,EWA,23.600000381469727,23.600000381469727,23.0,23.25,469700
2006-11-06,EWA,23.25,23.540000915527344,23.170000076293945,23.5,883500
2006-11-07,EWA,22.940000534057617,23.700000762939453,22.940000534057617,23.700000762939453,775000
2006-11-08,EWA,23.100000381469727,23.40999984741211,23.049999237060547,23.309999465942383,463300
2006-11-09,EWA,24.059999465942383,24.059999465942383,23.06999969482422,23.270000457763672,334600
2006-11-10,EWA,23.139999389648438,23.190000534057617,23.040000915527344,23.18000030517578,328900
2006-11-13,EWA,23.020000457763672,23.020000457763672,22.899999618530273,22.959999084472656,466200
2006-11-14,EWA,23.190000534057617,23.290000915527344,23.049999237060547,23.219999313354492,329100
2006-11-15,EWA,23.079999923706055,23.15999984741211,22.950000762939453,23.059999465942383,328800
2006-11-16,EWA,23.190000534057617,23.190000534057617,22.899999618530273,22.899999618530273,324400
2006-11-17,EWA,22.90999984741211,23.1299991607666,22.899999618530273,23.079999923706055,324400
2006-11-20,EWA,22.989999771118164,22.989999771118164,22.549999237060547,22.700000762939453,1681300
2006-11-21,EWA,22.969999313354492,23.049999237060547,22.81999969482422,23.040000915527344,734700
2006-11-22,EWA,23.200000762939453,23.40999984741211,23.200000762939453,23.40999984741211,438500
2006-11-24,EWA,23.329999923706055,23.56999969482422,23.329999923706055,23.540000915527344,187700
2006-11-27,EWA,23.450000762939453,23.479999542236328,23.219999313354492,23.260000228881836,555300
2006-11-28,EWA,23.1200008392334,23.700000762939453,23.020000457763672,23.700000762939453,368300
2006-11-29,EWA,23.760000228881836,23.84000015258789,23.700000762939453,23.81999969482422,512800
2006-11-30,EWA,23.969999313354492,24.049999237060547,23.81999969482422,24.020000457763672,370500
2006-12-01,EWA,23.889999389648438,23.889999389648438,23.559999465942383,23.649999618530273,2972700
2006-12-04,EWA,24.139999389648438,24.139999389648438,23.68000030517578,23.989999771118164,489100
2006-12-05,EWA,23.6299991607666,23.8700008392334,23.6299991607666,23.8700008392334,699000
2006-12-06,EWA,23.850000381469727,24.0,23.68000030517578,24.0,598000
2006-12-07,EWA,23.860000610351562,24.030000686645508,23.700000762939453,23.84000015258789,383800
2006-12-08,EWA,23.75,23.8700008392334,23.399999618530273,23.540000915527344,360100
2006-12-11,EWA,23.610000610351562,23.90999984741211,23.610000610351562,23.81999969482422,888200
2006-12-12,EWA,23.760000228881836,23.8799991607666,23.690000534057617,23.850000381469727,331300
2006-12-13,EWA,23.959999084472656,24.040000915527344,23.899999618530273,24.030000686645508,341200
2006-12-14,EWA,24.309999465942383,24.420000076293945,24.18000030517578,24.399999618530273,549300
2006-12-15,EWA,24.239999771118164,24.3700008392334,24.1299991607666,24.219999313354492,249900
2006-12-18,EWA,24.25,24.25,24.059999465942383,24.149999618530273,827800
2006-12-19,EWA,23.989999771118164,24.190000534057617,23.989999771118164,24.15999984741211,340900
2006-12-20,EWA,23.290000915527344,23.329999923706055,23.15999984741211,23.270000457763672,355800
2006-12-21,EWA,23.18000030517578,23.239999771118164,23.059999465942383,23.139999389648438,359300
2006-12-22,EWA,23.270000457763672,23.270000457763672,23.139999389648438,23.219999313354492,305700
2006-12-26,EWA,23.31999969482422,23.389999389648438,23.25,23.280000686645508,255400
2006-12-27,EWA,23.3799991607666,23.65999984741211,23.3799991607666,23.65999984741211,533400
2006-12-28,EWA,23.989999771118164,23.989999771118164,23.59000015258789,23.739999771118164,260800
2006-12-29,EWA,24.399999618530273,24.399999618530273,23.5,23.5,330500
2007-01-03,EWA,23.780000686645508,23.920000076293945,23.459999084472656,23.540000915527344,878800
2007-01-04,EWA,23.209999084472656,23.290000915527344,22.719999313354492,23.100000381469727,781900
2007-01-05,EWA,22.979999542236328,23.0,22.6200008392334,22.719999313354492,515600
2007-01-08,EWA,22.68000030517578,22.899999618530273,22.5,22.850000381469727,428600
2007-01-09,EWA,23.110000610351562,23.110000610351562,22.84000015258789,22.979999542236328,519600
2007-01-10,EWA,22.610000610351562,22.860000610351562,22.549999237060547,22.81999969482422,379700
2007-01-11,EWA,22.979999542236328,23.25,22.920000076293945,23.030000686645508,731700
2007-01-12,EWA,23.290000915527344,23.420000076293945,23.200000762939453,23.420000076293945,1191400
2007-01-16,EWA,23.5,23.5,23.200000762939453,23.3799991607666,1093800
2007-01-17,EWA,23.329999923706055,23.489999771118164,23.290000915527344,23.360000610351562,839100
2007-01-18,EWA,23.540000915527344,23.65999984741211,23.440000534057617,23.5,688100
2007-01-19,EWA,23.549999237060547,23.850000381469727,23.549999237060547,23.809999465942383,1023600
2007-01-22,EWA,23.969999313354492,23.969999313354492,23.709999084472656,23.760000228881836,356000
2007-01-23,EWA,24.100000381469727,24.260000228881836,24.030000686645508,24.260000228881836,814400
2007-01-24,EWA,23.829999923706055,24.059999465942383,23.829999923706055,24.059999465942383,926900
2007-01-25,EWA,23.799999237060547,24.059999465942383,23.440000534057617,23.520000457763672,986000
2007-01-26,EWA,23.6200008392334,23.6200008392334,23.389999389648438,23.530000686645508,656800
2007-01-29,EWA,23.559999465942383,23.6200008392334,23.489999771118164,23.540000915527344,1435300
2007-01-30,EWA,24.09000015258789,24.09000015258789,23.709999084472656,23.950000762939453,565100
2007-01-31,EWA,23.600000381469727,23.950000762939453,23.579999923706055,23.920000076293945,651800
2007-02-01,EWA,24.520000457763672,24.520000457763672,23.850000381469727,23.860000610351562,647300
2007-02-02,EWA,23.940000534057617,23.989999771118164,23.729999542236328,23.860000610351562,1460400
2007-02-05,EWA,23.950000762939453,24.0,23.850000381469727,23.969999313354492,678800
2007-02-06,EWA,24.110000610351562,24.290000915527344,24.06999969482422,24.229999542236328,705400
2007-02-07,EWA,24.350000381469727,24.43000030517578,24.299999237060547,24.389999389648438,761300
2007-02-08,EWA,24.469999313354492,24.559999465942383,24.3700008392334,24.530000686645508,958100
2007-02-09,EWA,24.549999237060547,24.56999969482422,24.260000228881836,24.3799991607666,710200
2007-02-12,EWA,24.520000457763672,24.520000457763672,24.100000381469727,24.229999542236328,409300
2007-02-13,EWA,24.459999084472656,24.719999313354492,24.040000915527344,24.690000534057617,841400
2007-02-14,EWA,24.709999084472656,24.950000762939453,24.670000076293945,24.950000762939453,1158400
2007-02-15,EWA,24.969999313354492,24.979999542236328,24.850000381469727,24.93000030517578,305300
2007-02-16,EWA,24.950000762939453,25.030000686645508,24.739999771118164,24.989999771118164,2324900
2007-02-20,EWA,25.079999923706055,25.459999084472656,24.899999618530273,25.1299991607666,913400
2007-02-21,EWA,25.049999237060547,25.149999618530273,24.93000030517578,25.1200008392334,521800
2007-02-22,EWA,25.399999618530273,25.450000762939453,25.25,25.290000915527344,559600
2007-02-23,EWA,25.5,25.84000015258789,25.40999984741211,25.709999084472656,616000
2007-02-26,EWA,26.149999618530273,26.149999618530273,25.530000686645508,25.75,937900
2007-02-27,EWA,25.209999084472656,25.290000915527344,24.200000762939453,24.459999084472656,2333000
2007-02-28,EWA,24.5,25.06999969482422,24.010000228881836,24.600000381469727,766900
2007-03-01,EWA,23.969999313354492,24.5,23.5,24.5,1015600
2007-03-02,EWA,24.110000610351562,24.420000076293945,23.65999984741211,24.420000076293945,593300
2007-03-05,EWA,23.309999465942383,23.510000228881836,22.75,23.0,1872700
2007-03-06,EWA,23.969999313354492,24.43000030517578,23.690000534057617,24.43000030517578,997600
2007-03-07,EWA,24.190000534057617,24.43000030517578,24.020000457763672,24.170000076293945,701700
2007-03-08,EWA,24.360000610351562,24.420000076293945,24.209999084472656,24.270000457763672,566300
2007-03-09,EWA,24.479999542236328,24.729999542236328,24.25,24.25,557000
2007-03-12,EWA,22.5,24.950000762939453,22.350000381469727,24.84000015258789,519400
2007-03-13,EWA,24.700000762939453,24.920000076293945,24.1200008392334,24.15999984741211,1178900
2007-03-14,EWA,23.940000534057617,24.56999969482422,23.860000610351562,24.56999969482422,948600
2007-03-15,EWA,24.8700008392334,25.0,24.6299991607666,25.0,536400
2007-03-16,EWA,24.969999313354492,24.979999542236328,24.739999771118164,24.84000015258789,361900
2007-03-19,EWA,25.219999313354492,25.280000686645508,25.059999465942383,25.209999084472656,734300
2007-03-20,EWA,25.200000762939453,25.540000915527344,25.110000610351562,25.540000915527344,549200
2007-03-21,EWA,25.540000915527344,25.969999313354492,25.200000762939453,25.770000457763672,1490700
2007-03-22,EWA,26.510000228881836,26.510000228881836,25.709999084472656,25.8700008392334,800500
2007-03-23,EWA,25.850000381469727,25.8799991607666,25.709999084472656,25.75,426200
2007-03-26,EWA,26.450000762939453,26.450000762939453,25.799999237060547,26.3700008392334,747600
2007-03-27,EWA,26.209999084472656,26.209999084472656,25.780000686645508,25.809999465942383,715100
2007-03-28,EWA,25.770000457763672,25.770000457763672,25.31999969482422,25.479999542236328,692900
2007-03-29,EWA,25.950000762939453,25.950000762939453,25.56999969482422,25.719999313354492,604800
2007-03-30,EWA,25.989999771118164,26.020000457763672,25.860000610351562,25.950000762939453,692600
2007-04-02,EWA,25.8700008392334,26.280000686645508,25.850000381469727,26.010000228881836,382000
2007-04-03,EWA,26.3799991607666,26.790000915527344,26.25,26.479999542236328,575400
2007-04-04,EWA,26.6200008392334,26.75,26.450000762939453,26.700000762939453,1056100
2007-04-05,EWA,26.81999969482422,26.850000381469727,26.399999618530273,26.829999923706055,1476600
2007-04-09,EWA,27.6200008392334,27.6200008392334,26.719999313354492,26.81999969482422,1769700
2007-04-10,EWA,27.229999542236328,27.5,27.079999923706055,27.350000381469727,1792400
2007-04-11,EWA,27.350000381469727,27.350000381469727,27.06999969482422,27.110000610351562,2009300
2007-04-12,EWA,27.31999969482422,27.549999237060547,27.139999389648438,27.530000686645508,2433900
2007-04-13,EWA,27.549999237060547,27.579999923706055,27.3700008392334,27.559999465942383,1786600
2007-04-16,EWA,27.799999237060547,27.850000381469727,27.6299991607666,27.770000457763672,1624100
2007-04-17,EWA,27.950000762939453,27.959999084472656,27.770000457763672,27.850000381469727,1167100
2007-04-18,EWA,27.850000381469727,27.90999984741211,27.700000762939453,27.860000610351562,1621400
2007-04-19,EWA,27.59000015258789,27.649999618530273,27.329999923706055,27.579999923706055,874700
2007-04-20,EWA,27.850000381469727,28.030000686645508,27.709999084472656,27.709999084472656,942000
2007-04-23,EWA,27.649999618530273,28.260000228881836,26.649999618530273,27.6200008392334,1498000
2007-04-24,EWA,27.280000686645508,27.459999084472656,27.1200008392334,27.200000762939453,1964800
2007-04-25,EWA,27.5,27.770000457763672,27.459999084472656,27.709999084472656,1150600
2007-04-26,EWA,27.459999084472656,27.559999465942383,27.309999465942383,27.450000762939453,739500
2007-04-27,EWA,27.420000076293945,27.5,27.290000915527344,27.3700008392334,698300
2007-04-30,EWA,27.43000030517578,27.489999771118164,27.09000015258789,27.09000015258789,901400
2007-05-01,EWA,27.229999542236328,27.350000381469727,27.09000015258789,27.1299991607666,729800
2007-05-02,EWA,27.459999084472656,27.65999984741211,27.399999618530273,27.65999984741211,1168700
2007-05-03,EWA,27.520000457763672,27.59000015258789,27.420000076293945,27.579999923706055,828200
2007-05-04,EWA,27.639999389648438,27.860000610351562,27.549999237060547,27.860000610351562,649600
2007-05-07,EWA,28.200000762939453,28.25,27.790000915527344,27.850000381469727,522100
2007-05-08,EWA,27.850000381469727,27.850000381469727,27.56999969482422,27.780000686645508,1178600
2007-05-09,EWA,28.040000915527344,28.25,27.920000076293945,28.25,2017400
2007-05-10,EWA,28.209999084472656,28.209999084472656,27.729999542236328,27.799999237060547,1661700
2007-05-11,EWA,27.979999542236328,28.280000686645508,27.850000381469727,28.219999313354492,835000
2007-05-14,EWA,28.280000686645508,28.299999237060547,27.93000030517578,28.100000381469727,2120000
2007-05-15,EWA,27.989999771118164,28.299999237060547,27.899999618530273,28.059999465942383,1069100
2007-05-16,EWA,27.889999389648438,27.940000534057617,27.649999618530273,27.799999237060547,2149400
2007-05-17,EWA,27.889999389648438,28.0,27.790000915527344,27.989999771118164,1954900
2007-05-18,EWA,27.979999542236328,28.170000076293945,27.84000015258789,28.09000015258789,1310400
2007-05-21,EWA,27.889999389648438,28.110000610351562,27.850000381469727,28.0,1913800
2007-05-22,EWA,28.0,28.0,27.729999542236328,27.790000915527344,857200
2007-05-23,EWA,28.040000915527344,28.219999313354492,27.90999984741211,27.950000762939453,544600
2007-05-24,EWA,27.690000534057617,27.739999771118164,27.100000381469727,27.100000381469727,1694500
2007-05-25,EWA,27.360000610351562,27.649999618530273,27.31999969482422,27.649999618530273,805800
2007-05-29,EWA,27.670000076293945,27.690000534057617,27.389999389648438,27.59000015258789,1731800
2007-05-30,EWA,27.25,27.65999984741211,27.219999313354492,27.579999923706055,569700
2007-05-31,EWA,27.889999389648438,28.040000915527344,27.81999969482422,27.899999618530273,519400
2007-06-01,EWA,28.100000381469727,28.239999771118164,28.0,28.190000534057617,843700
2007-06-04,EWA,28.350000381469727,28.520000457763672,28.270000457763672,28.459999084472656,678800
2007-06-05,EWA,28.469999313354492,28.579999923706055,28.270000457763672,28.5,813000
2007-06-06,EWA,28.239999771118164,28.309999465942383,27.989999771118164,28.100000381469727,813300
2007-06-07,EWA,28.200000762939453,28.34000015258789,27.790000915527344,27.90999984741211,1282100
2007-06-08,EWA,27.81999969482422,28.219999313354492,27.719999313354492,28.18000030517578,599200
2007-06-11,EWA,28.1299991607666,28.350000381469727,28.0,28.350000381469727,694900
2007-06-12,EWA,27.829999923706055,28.030000686645508,27.670000076293945,27.670000076293945,875400
2007-06-13,EWA,27.739999771118164,28.079999923706055,27.729999542236328,28.020000457763672,766100
2007-06-14,EWA,28.020000457763672,28.149999618530273,28.0,28.100000381469727,518600
2007-06-15,EWA,28.389999389648438,28.5,28.299999237060547,28.5,771900
2007-06-18,EWA,28.690000534057617,28.690000534057617,28.469999313354492,28.6299991607666,593600
2007-06-19,EWA,28.739999771118164,29.06999969482422,28.739999771118164,28.989999771118164,577300
2007-06-20,EWA,29.079999923706055,29.170000076293945,28.770000457763672,28.950000762939453,643400
2007-06-21,EWA,28.8700008392334,29.079999923706055,28.75,29.020000457763672,995300
2007-06-22,EWA,29.0,29.0,28.600000381469727,28.850000381469727,950300
2007-06-25,EWA,28.950000762939453,29.049999237060547,28.700000762939453,29.049999237060547,647900
2007-06-26,EWA,28.739999771118164,28.84000015258789,28.520000457763672,28.549999237060547,973300
2007-06-27,EWA,27.93000030517578,28.100000381469727,27.829999923706055,28.0,1280800
2007-06-28,EWA,28.399999618530273,28.59000015258789,28.399999618530273,28.489999771118164,661700
2007-06-29,EWA,28.639999389648438,28.649999618530273,28.290000915527344,28.469999313354492,1430700
2007-07-02,EWA,28.68000030517578,29.1200008392334,28.68000030517578,29.1200008392334,866400
2007-07-03,EWA,28.969999313354492,29.020000457763672,28.899999618530273,29.020000457763672,717400
2007-07-05,EWA,29.350000381469727,29.3700008392334,29.110000610351562,29.350000381469727,688100
2007-07-06,EWA,29.479999542236328,29.799999237060547,29.290000915527344,29.450000762939453,1612800
2007-07-09,EWA,29.649999618530273,29.709999084472656,29.549999237060547,29.690000534057617,1107400
2007-07-10,EWA,29.299999237060547,29.3700008392334,29.15999984741211,29.31999969482422,1240300
2007-07-11,EWA,29.309999465942383,29.40999984741211,29.149999618530273,29.350000381469727,903700
2007-07-12,EWA,29.40999984741211,29.90999984741211,29.40999984741211,29.850000381469727,983400
2007-07-13,EWA,29.719999313354492,29.93000030517578,29.68000030517578,29.93000030517578,553500
2007-07-16,EWA,29.899999618530273,29.969999313354492,29.780000686645508,29.969999313354492,563800
2007-07-17,EWA,29.8799991607666,30.010000228881836,29.799999237060547,29.8700008392334,758900
2007-07-18,EWA,29.770000457763672,29.8799991607666,29.649999618530273,29.84000015258789,1386600
2007-07-19,EWA,30.18000030517578,30.229999542236328,30.1200008392334,30.200000762939453,798800
2007-07-20,EWA,30.239999771118164,30.329999923706055,29.81999969482422,30.1299991607666,835100
2007-07-23,EWA,30.309999465942383,30.399999618530273,30.239999771118164,30.350000381469727,556700
2007-07-24,EWA,30.239999771118164,30.299999237060547,29.850000381469727,29.989999771118164,1147700
2007-07-25,EWA,30.09000015258789,30.170000076293945,29.780000686645508,30.100000381469727,1242000
2007-07-26,EWA,28.969999313354492,29.149999618530273,28.110000610351562,28.479999542236328,6576300
2007-07-27,EWA,27.81999969482422,28.479999542236328,27.5,27.5,8716200
2007-07-30,EWA,27.860000610351562,28.229999542236328,27.639999389648438,28.1299991607666,1163100
2007-07-31,EWA,28.5,28.530000686645508,27.799999237060547,28.040000915527344,2464400
2007-08-01,EWA,27.389999389648438,27.600000381469727,26.920000076293945,27.540000915527344,2195400
2007-08-02,EWA,27.579999923706055,28.25,27.56999969482422,27.799999237060547,1169500
2007-08-03,EWA,27.510000228881836,27.6200008392334,26.799999237060547,26.799999237060547,1334000
2007-08-06,EWA,27.229999542236328,27.639999389648438,26.950000762939453,27.479999542236328,1087700
2007-08-07,EWA,27.3799991607666,27.719999313354492,27.139999389648438,27.719999313354492,559600
2007-08-08,EWA,28.309999465942383,28.579999923706055,28.15999984741211,28.489999771118164,1319000
2007-08-09,EWA,27.600000381469727,28.059999465942383,27.290000915527344,27.290000915527344,1689100
2007-08-10,EWA,26.649999618530273,27.350000381469727,26.469999313354492,27.350000381469727,3050100
2007-08-13,EWA,27.709999084472656,27.770000457763672,27.350000381469727,27.40999984741211,2293800
2007-08-14,EWA,27.15999984741211,27.15999984741211,26.25,26.3700008392334,740900
2007-08-15,EWA,25.780000686645508,26.06999969482422,25.170000076293945,25.209999084472656,3136700
2007-08-16,EWA,23.670000076293945,24.290000915527344,23.1299991607666,24.139999389648438,5535900
2007-08-17,EWA,24.93000030517578,25.43000030517578,24.420000076293945,24.93000030517578,3244000
2007-08-20,EWA,25.68000030517578,26.5,25.229999542236328,25.850000381469727,2555200
2007-08-21,EWA,25.59000015258789,25.850000381469727,25.399999618530273,25.75,1931800
2007-08-22,EWA,26.3799991607666,26.649999618530273,26.25,26.600000381469727,1275600
2007-08-23,EWA,27.549999237060547,27.549999237060547,27.0,27.420000076293945,2361200
2007-08-24,EWA,27.329999923706055,27.969999313354492,27.200000762939453,27.850000381469727,3189100
2007-08-27,EWA,27.899999618530273,27.899999618530273,27.649999618530273,27.649999618530273,452800
2007-08-28,EWA,27.3799991607666,27.5,26.610000610351562,26.829999923706055,978600
2007-08-29,EWA,27.079999923706055,27.829999923706055,27.079999923706055,27.780000686645508,1788700
2007-08-30,EWA,27.040000915527344,27.610000610351562,27.0,27.1200008392334,770700
2007-08-31,EWA,28.100000381469727,28.100000381469727,27.649999618530273,27.940000534057617,815200
2007-09-04,EWA,28.100000381469727,28.610000610351562,28.100000381469727,28.469999313354492,1690000
2007-09-05,EWA,27.809999465942383,27.850000381469727,27.540000915527344,27.600000381469727,1138800
2007-09-06,EWA,28.239999771118164,28.540000915527344,27.530000686645508,28.34000015258789,699300
2007-09-07,EWA,27.950000762939453,28.09000015258789,27.610000610351562,27.809999465942383,882900
2007-09-10,EWA,27.920000076293945,28.040000915527344,27.450000762939453,27.84000015258789,877000
2007-09-11,EWA,28.25,28.8700008392334,28.200000762939453,28.8700008392334,1591600
2007-09-12,EWA,28.440000534057617,28.84000015258789,28.229999542236328,28.549999237060547,1598100
2007-09-13,EWA,28.6299991607666,29.0,28.559999465942383,28.889999389648438,2052500
2007-09-14,EWA,28.6200008392334,29.0,28.540000915527344,28.940000534057617,1049200
2007-09-17,EWA,28.510000228881836,28.850000381469727,28.280000686645508,28.40999984741211,931400
2007-09-18,EWA,28.549999237060547,29.610000610351562,28.299999237060547,29.34000015258789,1213200
2007-09-19,EWA,29.920000076293945,30.040000915527344,29.739999771118164,29.989999771118164,1065800
2007-09-20,EWA,30.170000076293945,30.239999771118164,29.979999542236328,30.020000457763672,661800
2007-09-21,EWA,30.31999969482422,30.399999618530273,30.190000534057617,30.200000762939453,727600
2007-09-24,EWA,30.649999618530273,30.670000076293945,30.299999237060547,30.530000686645508,810700
2007-09-25,EWA,30.479999542236328,31.020000457763672,30.43000030517578,30.959999084472656,1812700
2007-09-26,EWA,31.139999389648438,31.329999923706055,31.0,31.299999237060547,4942500
2007-09-27,EWA,31.479999542236328,31.549999237060547,31.280000686645508,31.549999237060547,3716300
2007-09-28,EWA,31.770000457763672,31.959999084472656,31.600000381469727,31.790000915527344,1049900
2007-10-01,EWA,32.0,32.599998474121094,31.959999084472656,32.59000015258789,4222600
2007-10-02,EWA,32.349998474121094,32.36000061035156,32.0099983215332,32.2599983215332,6580800
2007-10-03,EWA,32.279998779296875,32.439998626708984,31.959999084472656,32.130001068115234,2014600
2007-10-04,EWA,32.04999923706055,32.27000045776367,31.940000534057617,32.09000015258789,2504300
2007-10-05,EWA,32.56999969482422,32.84000015258789,32.47999954223633,32.63999938964844,2267700
2007-10-08,EWA,32.56999969482422,32.58000183105469,32.13999938964844,32.20000076293945,1397600
2007-10-09,EWA,32.58000183105469,33.25,32.58000183105469,33.060001373291016,1839200
2007-10-10,EWA,33.0,33.119998931884766,32.75,33.02000045776367,1837400
2007-10-11,EWA,33.70000076293945,33.97999954223633,33.029998779296875,33.25,2683300
2007-10-12,EWA,33.34000015258789,33.59000015258789,33.27000045776367,33.47999954223633,1395500
2007-10-15,EWA,33.470001220703125,33.4900016784668,32.77000045776367,33.0,1717600
2007-10-16,EWA,32.41999816894531,32.4900016784668,32.029998779296875,32.33000183105469,2047200
2007-10-17,EWA,32.900001525878906,32.91999816894531,32.0099983215332,32.41999816894531,1912400
2007-10-18,EWA,32.900001525878906,33.15999984741211,32.75,33.099998474121094,1390900
2007-10-19,EWA,32.959999084472656,32.959999084472656,31.829999923706055,31.829999923706055,1739400
2007-10-22,EWA,31.280000686645508,31.959999084472656,31.170000076293945,31.920000076293945,2119000
2007-10-23,EWA,32.709999084472656,32.90999984741211,32.279998779296875,32.77000045776367,1407800
2007-10-24,EWA,32.7400016784668,32.86000061035156,31.989999771118164,32.86000061035156,2149200
2007-10-25,EWA,32.88999938964844,32.97999954223633,32.52000045776367,32.95000076293945,1033900
2007-10-26,EWA,33.5099983215332,33.95000076293945,33.5099983215332,33.91999816894531,840700
2007-10-29,EWA,34.22999954223633,34.34000015258789,34.099998474121094,34.31999969482422,1778000
2007-10-30,EWA,33.97999954223633,34.08000183105469,33.84000015258789,33.84000015258789,1789700
2007-10-31,EWA,34.2400016784668,34.83000183105469,34.0099983215332,34.709999084472656,1997700
2007-11-01,EWA,34.06999969482422,34.09000015258789,33.2400016784668,33.380001068115234,5096300
2007-11-02,EWA,33.63999938964844,33.779998779296875,33.04999923706055,33.7400016784668,3042000
2007-11-05,EWA,32.83000183105469,33.22999954223633,32.7599983215332,33.0,1756500
2007-11-06,EWA,33.45000076293945,33.689998626708984,33.2599983215332,33.66999816894531,2044000
2007-11-07,EWA,33.7599983215332,33.970001220703125,33.06999969482422,33.11000061035156,3282600
2007-11-08,EWA,33.470001220703125,33.75,32.59000015258789,33.400001525878906,5980600
2007-11-09,EWA,32.470001220703125,34.540000915527344,32.06999969482422,32.209999084472656,3182900
2007-11-12,EWA,31.15999984741211,31.920000076293945,30.270000457763672,30.760000228881836,3281600
2007-11-13,EWA,31.799999237060547,32.27000045776367,31.6299991607666,32.2400016784668,2762900
2007-11-14,EWA,32.790000915527344,32.81999969482422,32.0,32.25,2332800
2007-11-15,EWA,31.600000381469727,31.84000015258789,31.190000534057617,31.260000228881836,2109800
2007-11-16,EWA,31.780000686645508,31.84000015258789,31.260000228881836,31.639999389648438,3121900
2007-11-19,EWA,31.440000534057617,31.700000762939453,30.690000534057617,30.84000015258789,2208800
2007-11-20,EWA,31.06999969482422,31.479999542236328,30.790000915527344,31.399999618530273,2200300
2007-11-21,EWA,30.290000915527344,30.549999237060547,29.959999084472656,30.190000534057617,3398800
2007-11-23,EWA,30.260000228881836,30.68000030517578,30.149999618530273,30.559999465942383,972200
2007-11-26,EWA,31.020000457763672,31.190000534057617,30.079999923706055,30.100000381469727,3149900
2007-11-27,EWA,30.280000686645508,30.75,30.139999389648438,30.649999618530273,5144600
2007-11-28,EWA,30.940000534057617,31.65999984741211,30.829999923706055,31.649999618530273,5480400
2007-11-29,EWA,30.989999771118164,31.469999313354492,30.860000610351562,31.360000610351562,2177800
2007-11-30,EWA,32.0099983215332,32.09000015258789,31.360000610351562,31.639999389648438,1816600
2007-12-03,EWA,31.579999923706055,31.81999969482422,31.3700008392334,31.510000228881836,1788200
2007-12-04,EWA,31.059999465942383,31.229999542236328,30.950000762939453,31.09000015258789,1140800
2007-12-05,EWA,31.34000015258789,31.65999984741211,31.290000915527344,31.479999542236328,3284500
2007-12-06,EWA,31.459999084472656,32.11000061035156,31.440000534057617,32.08000183105469,2225900
2007-12-07,EWA,32.099998474121094,32.119998931884766,31.760000228881836,31.760000228881836,1648300
2007-12-10,EWA,31.93000030517578,32.369998931884766,31.84000015258789,32.369998931884766,1223900
2007-12-11,EWA,32.52000045776367,32.75,31.190000534057617,31.520000457763672,1587800
2007-12-12,EWA,32.560001373291016,32.630001068115234,31.670000076293945,31.899999618530273,2400000
2007-12-13,EWA,31.420000076293945,31.670000076293945,31.15999984741211,31.670000076293945,3030400
2007-12-14,EWA,30.700000762939453,30.790000915527344,30.270000457763672,30.31999969482422,2734000
2007-12-17,EWA,29.309999465942383,29.5,29.040000915527344,29.200000762939453,3059600
2007-12-18,EWA,29.5,29.649999618530273,28.809999465942383,29.34000015258789,4342800
2007-12-19,EWA,29.190000534057617,29.309999465942383,28.959999084472656,29.200000762939453,1996800
2007-12-20,EWA,27.889999389648438,28.010000228881836,27.600000381469727,27.950000762939453,3205500
2007-12-21,EWA,28.530000686645508,28.809999465942383,28.489999771118164,28.719999313354492,1755200
2007-12-24,EWA,28.940000534057617,29.219999313354492,28.65999984741211,29.0,612500
2007-12-26,EWA,28.920000076293945,29.079999923706055,28.770000457763672,29.030000686645508,771400
2007-12-27,EWA,29.059999465942383,29.110000610351562,28.700000762939453,28.84000015258789,1564300
2007-12-28,EWA,28.979999542236328,29.200000762939453,28.829999923706055,29.1200008392334,922900
2007-12-31,EWA,28.8799991607666,29.200000762939453,28.770000457763672,28.81999969482422,629000
2008-01-02,EWA,29.020000457763672,29.18000030517578,28.600000381469727,28.780000686645508,2417300
2008-01-03,EWA,29.110000610351562,29.149999618530273,28.84000015258789,28.920000076293945,2167300
2008-01-04,EWA,28.540000915527344,28.6200008392334,28.030000686645508,28.09000015258789,3007000
2008-01-07,EWA,28.139999389648438,28.239999771118164,27.780000686645508,28.020000457763672,4147000
2008-01-08,EWA,28.209999084472656,28.489999771118164,27.75,27.770000457763672,2468700
2008-01-09,EWA,27.81999969482422,28.149999618530273,27.600000381469727,28.1200008392334,3001600
2008-01-10,EWA,27.729999542236328,28.639999389648438,27.729999542236328,28.540000915527344,2311100
2008-01-11,EWA,27.8799991607666,27.969999313354492,27.56999969482422,27.670000076293945,1957600
2008-01-14,EWA,28.190000534057617,28.31999969482422,27.90999984741211,28.139999389648438,1871300
2008-01-15,EWA,27.790000915527344,27.850000381469727,26.959999084472656,27.0,2720200
2008-01-16,EWA,26.649999618530273,26.940000534057617,26.260000228881836,26.639999389648438,2891500
2008-01-17,EWA,26.799999237060547,26.93000030517578,25.6299991607666,25.709999084472656,3137500
2008-01-18,EWA,26.520000457763672,26.790000915527344,25.799999237060547,26.09000015258789,3942900
2008-01-22,EWA,23.600000381469727,25.059999465942383,23.0,24.860000610351562,4109400
2008-01-23,EWA,23.610000610351562,25.540000915527344,23.34000015258789,24.899999618530273,6285000
2008-01-24,EWA,25.639999389648438,25.950000762939453,25.3700008392334,25.950000762939453,3169500
2008-01-25,EWA,27.219999313354492,27.329999923706055,26.6200008392334,26.790000915527344,2631100
2008-01-28,EWA,26.5,27.25,26.209999084472656,27.25,2304900
2008-01-29,EWA,26.719999313354492,26.889999389648438,26.530000686645508,26.860000610351562,1338900
2008-01-30,EWA,26.030000686645508,26.899999618530273,26.010000228881836,26.200000762939453,2393100
2008-01-31,EWA,25.90999984741211,27.06999969482422,25.889999389648438,26.8799991607666,2390100
2008-02-01,EWA,27.860000610351562,28.43000030517578,27.860000610351562,28.43000030517578,2601800
2008-02-04,EWA,27.920000076293945,27.920000076293945,27.3700008392334,27.770000457763672,6850100
2008-02-05,EWA,26.75,26.899999618530273,26.43000030517578,26.459999084472656,6091800
2008-02-06,EWA,26.540000915527344,26.75,26.25,26.270000457763672,2664500
2008-02-07,EWA,25.90999984741211,26.540000915527344,25.850000381469727,26.25,3447300
2008-02-08,EWA,25.950000762939453,26.3700008392334,25.950000762939453,26.229999542236328,2812700
2008-02-11,EWA,26.209999084472656,26.450000762939453,26.020000457763672,26.3799991607666,2861700
2008-02-12,EWA,26.889999389648438,27.149999618530273,26.600000381469727,26.739999771118164,1601100
2008-02-13,EWA,26.049999237060547,26.309999465942383,25.829999923706055,26.260000228881836,2086600
2008-02-14,EWA,26.81999969482422,26.81999969482422,26.299999237060547,26.329999923706055,2446400
2008-02-15,EWA,26.610000610351562,26.75,26.360000610351562,26.729999542236328,2850000
2008-02-19,EWA,27.190000534057617,27.270000457763672,26.780000686645508,26.84000015258789,2395100
2008-02-20,EWA,25.920000076293945,26.600000381469727,25.889999389648438,26.520000457763672,2518400
2008-02-21,EWA,26.8799991607666,27.030000686645508,26.3700008392334,26.450000762939453,1992700
2008-02-22,EWA,26.799999237060547,26.93000030517578,26.3700008392334,26.829999923706055,1448400
2008-02-25,EWA,27.219999313354492,27.739999771118164,26.979999542236328,27.68000030517578,2236700
2008-02-26,EWA,27.510000228881836,28.040000915527344,27.469999313354492,27.950000762939453,2119600
2008-02-27,EWA,28.09000015258789,28.34000015258789,27.8799991607666,28.219999313354492,2988700
2008-02-28,EWA,27.84000015258789,28.06999969482422,27.709999084472656,27.809999465942383,2012900
2008-02-29,EWA,27.190000534057617,27.200000762939453,26.520000457763672,26.540000915527344,1252100
2008-03-03,EWA,26.459999084472656,26.829999923706055,26.389999389648438,26.81999969482422,1768100
2008-03-04,EWA,26.1200008392334,26.309999465942383,25.670000076293945,26.079999923706055,1872300
2008-03-05,EWA,26.239999771118164,26.670000076293945,26.200000762939453,26.600000381469727,1570500
2008-03-06,EWA,26.579999923706055,26.579999923706055,25.809999465942383,25.809999465942383,1866400
2008-03-07,EWA,25.200000762939453,25.559999465942383,24.809999465942383,25.219999313354492,2245200
2008-03-10,EWA,25.18000030517578,25.270000457763672,24.610000610351562,24.729999542236328,2268800
2008-03-11,EWA,25.670000076293945,25.829999923706055,25.299999237060547,25.760000228881836,2618000
2008-03-12,EWA,25.690000534057617,25.90999984741211,25.549999237060547,25.639999389648438,1753500
2008-03-13,EWA,25.260000228881836,25.979999542236328,25.170000076293945,25.8700008392334,3180000
2008-03-14,EWA,26.200000762939453,26.200000762939453,25.1299991607666,25.280000686645508,2806000
2008-03-17,EWA,24.43000030517578,25.059999465942383,24.34000015258789,24.709999084472656,3269200
2008-03-18,EWA,25.149999618530273,25.670000076293945,24.989999771118164,25.360000610351562,2147500
2008-03-19,EWA,26.06999969482422,26.190000534057617,24.90999984741211,24.90999984741211,3568100
2008-03-20,EWA,24.649999618530273,25.139999389648438,24.34000015258789,24.84000015258789,3837800
2008-03-24,EWA,25.049999237060547,25.850000381469727,24.979999542236328,25.520000457763672,2261600
2008-03-25,EWA,25.799999237060547,25.989999771118164,25.520000457763672,25.520000457763672,1514900
2008-03-26,EWA,26.170000076293945,26.229999542236328,25.93000030517578,26.030000686645508,1067900
2008-03-27,EWA,26.3700008392334,26.3700008392334,25.790000915527344,25.850000381469727,1702000
2008-03-28,EWA,26.030000686645508,26.040000915527344,25.690000534057617,25.780000686645508,1313500
2008-03-31,EWA,25.690000534057617,25.920000076293945,25.68000030517578,25.760000228881836,1307100
2008-04-01,EWA,26.15999984741211,26.440000534057617,26.049999237060547,26.389999389648438,1839800
2008-04-02,EWA,26.690000534057617,26.950000762939453,26.530000686645508,26.700000762939453,1016900
2008-04-03,EWA,26.84000015258789,27.440000534057617,26.84000015258789,27.260000228881836,2839600
2008-04-04,EWA,27.520000457763672,27.719999313354492,27.399999618530273,27.59000015258789,6465400
2008-04-07,EWA,27.829999923706055,28.0,27.0,27.670000076293945,2018900
2008-04-08,EWA,27.290000915527344,27.75,27.219999313354492,27.68000030517578,1901900
2008-04-09,EWA,27.18000030517578,27.229999542236328,26.899999618530273,27.010000228881836,1308000
2008-04-10,EWA,26.799999237060547,26.989999771118164,26.6200008392334,26.940000534057617,1330800
2008-04-11,EWA,26.559999465942383,26.719999313354492,26.459999084472656,26.5,850700
2008-04-14,EWA,26.299999237060547,26.389999389648438,26.1299991607666,26.270000457763672,947300
2008-04-15,EWA,26.649999618530273,26.799999237060547,26.510000228881836,26.799999237060547,1159200
2008-04-16,EWA,27.43000030517578,27.959999084472656,27.3799991607666,27.889999389648438,1237500
2008-04-17,EWA,27.25,27.43000030517578,27.170000076293945,27.3799991607666,1320600
2008-04-18,EWA,27.190000534057617,27.399999618530273,27.059999465942383,27.3700008392334,1371500
2008-04-21,EWA,28.049999237060547,28.18000030517578,27.93000030517578,28.18000030517578,1054800
2008-04-22,EWA,27.8700008392334,28.049999237060547,27.700000762939453,27.860000610351562,839700
2008-04-23,EWA,28.420000076293945,28.540000915527344,28.219999313354492,28.389999389648438,969000
2008-04-24,EWA,27.969999313354492,28.100000381469727,27.579999923706055,27.93000030517578,1277300
2008-04-25,EWA,28.1299991607666,28.18000030517578,27.81999969482422,27.93000030517578,4743300
2008-04-28,EWA,28.09000015258789,28.139999389648438,27.770000457763672,27.770000457763672,914600
2008-04-29,EWA,27.5,27.559999465942383,27.360000610351562,27.459999084472656,1870000
2008-04-30,EWA,27.760000228881836,28.190000534057617,27.760000228881836,27.780000686645508,1771400
2008-05-01,EWA,27.530000686645508,28.020000457763672,27.5,27.959999084472656,1251100
2008-05-02,EWA,28.31999969482422,28.450000762939453,28.219999313354492,28.43000030517578,1613500
2008-05-05,EWA,28.540000915527344,28.6299991607666,28.309999465942383,28.610000610351562,5676800
2008-05-06,EWA,28.3799991607666,28.889999389648438,28.270000457763672,28.84000015258789,2880500
2008-05-07,EWA,28.299999237060547,28.350000381469727,27.81999969482422,27.860000610351562,1686200
2008-05-08,EWA,28.639999389648438,28.8700008392334,28.59000015258789,28.6200008392334,2185700
2008-05-09,EWA,28.610000610351562,28.8799991607666,28.56999969482422,28.790000915527344,1183700
2008-05-12,EWA,29.1200008392334,29.530000686645508,29.100000381469727,29.520000457763672,1273900
2008-05-13,EWA,29.329999923706055,29.34000015258789,29.110000610351562,29.260000228881836,1688400
2008-05-14,EWA,29.40999984741211,29.649999618530273,29.360000610351562,29.43000030517578,1835200
2008-05-15,EWA,29.520000457763672,29.90999984741211,29.489999771118164,29.8799991607666,2475000
2008-05-16,EWA,30.149999618530273,30.40999984741211,30.049999237060547,30.31999969482422,1228800
2008-05-19,EWA,30.350000381469727,30.540000915527344,30.190000534057617,30.190000534057617,1268500
2008-05-20,EWA,29.969999313354492,29.979999542236328,29.700000762939453,29.75,1076500
2008-05-21,EWA,29.8700008392334,29.989999771118164,29.440000534057617,29.469999313354492,1412000
2008-05-22,EWA,29.739999771118164,29.799999237060547,29.479999542236328,29.639999389648438,2023400
2008-05-23,EWA,29.360000610351562,29.440000534057617,29.020000457763672,29.1299991607666,1085100
2008-05-27,EWA,29.190000534057617,29.270000457763672,28.969999313354492,29.270000457763672,1294600
2008-05-28,EWA,29.030000686645508,29.200000762939453,28.90999984741211,29.1299991607666,1003600
2008-05-29,EWA,29.010000228881836,29.1200008392334,28.850000381469727,29.010000228881836,1470000
2008-05-30,EWA,28.889999389648438,29.280000686645508,28.860000610351562,29.270000457763672,1289000
2008-06-02,EWA,28.610000610351562,28.84000015258789,28.280000686645508,28.84000015258789,1510900
2008-06-03,EWA,28.389999389648438,28.469999313354492,28.030000686645508,28.18000030517578,2757800
2008-06-04,EWA,28.290000915527344,28.549999237060547,28.06999969482422,28.06999969482422,2528200
2008-06-05,EWA,28.079999923706055,28.6200008392334,28.049999237060547,28.600000381469727,2478000
2008-06-06,EWA,28.290000915527344,28.440000534057617,27.989999771118164,28.020000457763672,2267900
2008-06-09,EWA,28.049999237060547,28.049999237060547,27.469999313354492,27.700000762939453,1428300
2008-06-10,EWA,27.1299991607666,27.40999984741211,27.1200008392334,27.31999969482422,1403000
2008-06-11,EWA,27.469999313354492,27.510000228881836,27.06999969482422,27.079999923706055,2257900
2008-06-12,EWA,26.75,26.920000076293945,26.56999969482422,26.649999618530273,1831300
2008-06-13,EWA,26.81999969482422,27.139999389648438,26.739999771118164,27.09000015258789,1180500
2008-06-16,EWA,26.84000015258789,26.959999084472656,26.760000228881836,26.860000610351562,1630800
2008-06-17,EWA,27.299999237060547,27.489999771118164,27.170000076293945,27.329999923706055,1593900
2008-06-18,EWA,27.110000610351562,27.34000015258789,27.049999237060547,27.25,3767300
2008-06-19,EWA,27.15999984741211,27.469999313354492,27.079999923706055,27.389999389648438,1911100
2008-06-20,EWA,26.739999771118164,26.81999969482422,26.5,26.6299991607666,1156700
2008-06-23,EWA,26.809999465942383,26.829999923706055,26.600000381469727,26.729999542236328,1733000
2008-06-24,EWA,26.75,26.979999542236328,26.709999084472656,26.75,2554500
2008-06-25,EWA,26.860000610351562,27.239999771118164,26.84000015258789,26.950000762939453,1168700
2008-06-26,EWA,26.899999618530273,26.979999542236328,26.459999084472656,26.540000915527344,2402700
2008-06-27,EWA,26.93000030517578,27.139999389648438,26.81999969482422,26.899999618530273,2230100
2008-06-30,EWA,26.709999084472656,26.899999618530273,26.469999313354492,26.469999313354492,1596600
2008-07-01,EWA,25.81999969482422,26.09000015258789,25.68000030517578,25.979999542236328,3116400
2008-07-02,EWA,26.329999923706055,26.40999984741211,25.56999969482422,25.56999969482422,1700200
2008-07-03,EWA,25.690000534057617,25.770000457763672,25.3799991607666,25.549999237060547,1084400
2008-07-07,EWA,25.579999923706055,25.81999969482422,25.15999984741211,25.31999969482422,2654600
2008-07-08,EWA,25.239999771118164,25.520000457763672,25.09000015258789,25.469999313354492,2220300
2008-07-09,EWA,25.739999771118164,25.780000686645508,25.1200008392334,25.1200008392334,1510300
2008-07-10,EWA,25.360000610351562,25.610000610351562,25.270000457763672,25.56999969482422,1809300
2008-07-11,EWA,25.25,25.40999984741211,24.850000381469727,25.260000228881836,2747000
2008-07-14,EWA,25.719999313354492,25.780000686645508,25.399999618530273,25.450000762939453,2229200
2008-07-15,EWA,25.139999389648438,25.209999084472656,24.81999969482422,24.969999313354492,2754500
2008-07-16,EWA,25.06999969482422,25.670000076293945,25.040000915527344,25.6200008392334,2481000
2008-07-17,EWA,25.829999923706055,25.969999313354492,25.549999237060547,25.670000076293945,2421800
2008-07-18,EWA,25.459999084472656,25.59000015258789,25.360000610351562,25.489999771118164,1702200
2008-07-21,EWA,26.219999313354492,26.290000915527344,26.030000686645508,26.219999313354492,1425100
2008-07-22,EWA,26.020000457763672,26.25,25.84000015258789,26.219999313354492,1895100
2008-07-23,EWA,26.489999771118164,26.600000381469727,26.389999389648438,26.459999084472656,1677000
2008-07-24,EWA,26.329999923706055,26.3799991607666,25.850000381469727,25.8799991607666,1309100
2008-07-25,EWA,25.84000015258789,25.889999389648438,25.540000915527344,25.700000762939453,796300
2008-07-28,EWA,25.34000015258789,25.350000381469727,24.709999084472656,24.760000228881836,749600
2008-07-29,EWA,24.690000534057617,24.989999771118164,24.6200008392334,24.979999542236328,783800
2008-07-30,EWA,24.93000030517578,25.229999542236328,24.850000381469727,25.170000076293945,1447500
2008-07-31,EWA,25.100000381469727,25.229999542236328,24.809999465942383,24.8799991607666,1410500
2008-08-01,EWA,24.5,24.780000686645508,24.139999389648438,24.190000534057617,1467400
2008-08-04,EWA,24.200000762939453,24.280000686645508,23.8700008392334,23.959999084472656,1917400
2008-08-05,EWA,23.770000457763672,24.170000076293945,23.770000457763672,24.170000076293945,3074900
2008-08-06,EWA,24.170000076293945,24.399999618530273,24.06999969482422,24.3700008392334,2506600
2008-08-07,EWA,24.170000076293945,24.329999923706055,23.940000534057617,23.950000762939453,1158200
2008-08-08,EWA,23.600000381469727,24.059999465942383,23.549999237060547,23.979999542236328,2367000
2008-08-11,EWA,23.950000762939453,24.110000610351562,23.81999969482422,23.889999389648438,1570300
2008-08-12,EWA,23.790000915527344,23.850000381469727,23.520000457763672,23.610000610351562,1106600
2008-08-13,EWA,23.079999923706055,23.450000762939453,22.860000610351562,23.34000015258789,1701900
2008-08-14,EWA,23.170000076293945,23.459999084472656,23.149999618530273,23.190000534057617,2660200
2008-08-15,EWA,23.020000457763672,23.1200008392334,22.8799991607666,23.059999465942383,1093900
2008-08-18,EWA,23.450000762939453,23.540000915527344,22.979999542236328,23.030000686645508,1841600
2008-08-19,EWA,22.68000030517578,22.850000381469727,22.510000228881836,22.75,1945800
2008-08-20,EWA,23.040000915527344,23.290000915527344,22.920000076293945,23.270000457763672,2067500
2008-08-21,EWA,22.770000457763672,23.280000686645508,22.770000457763672,23.280000686645508,1707700
2008-08-22,EWA,23.260000228881836,23.43000030517578,23.18000030517578,23.309999465942383,1877200
2008-08-25,EWA,23.18000030517578,23.399999618530273,22.940000534057617,22.979999542236328,1430400
2008-08-26,EWA,23.030000686645508,23.239999771118164,22.969999313354492,23.040000915527344,1257000
2008-08-27,EWA,23.290000915527344,23.389999389648438,23.1200008392334,23.34000015258789,672300
2008-08-28,EWA,24.1200008392334,24.139999389648438,23.8700008392334,23.959999084472656,1245000
2008-08-29,EWA,24.020000457763672,24.059999465942383,23.760000228881836,23.81999969482422,926800
2008-09-02,EWA,23.40999984741211,23.56999969482422,23.219999313354492,23.239999771118164,2648300
2008-09-03,EWA,23.059999465942383,23.1299991607666,22.780000686645508,22.989999771118164,1740800
2008-09-04,EWA,22.56999969482422,22.56999969482422,21.6299991607666,21.670000076293945,7380700
2008-09-05,EWA,21.440000534057617,21.649999618530273,21.1200008392334,21.59000015258789,2620000
2008-09-08,EWA,22.809999465942383,22.829999923706055,21.93000030517578,22.389999389648438,5360200
2008-09-09,EWA,21.920000076293945,21.989999771118164,21.049999237060547,21.06999969482422,2573000
2008-09-10,EWA,21.479999542236328,21.649999618530273,21.190000534057617,21.450000762939453,2569600
2008-09-11,EWA,20.520000457763672,21.25,20.459999084472656,21.239999771118164,2468500
2008-09-12,EWA,21.450000762939453,22.260000228881836,21.399999618530273,22.260000228881836,2645600
2008-09-15,EWA,20.969999313354492,21.350000381469727,20.649999618530273,20.65999984741211,3906300
2008-09-16,EWA,20.010000228881836,20.959999084472656,20.0,20.940000534057617,5656200
2008-09-17,EWA,19.920000076293945,20.299999237060547,19.290000915527344,19.739999771118164,6852000
2008-09-18,EWA,20.350000381469727,20.93000030517578,19.6200008392334,20.739999771118164,5193600
2008-09-19,EWA,22.540000915527344,22.709999084472656,21.6299991607666,22.290000915527344,2177500
2008-09-22,EWA,22.899999618530273,23.149999618530273,22.639999389648438,22.68000030517578,2039200
2008-09-23,EWA,22.809999465942383,23.149999618530273,22.209999084472656,22.43000030517578,1983600
2008-09-24,EWA,22.809999465942383,22.950000762939453,22.530000686645508,22.700000762939453,1669400
2008-09-25,EWA,22.799999237060547,23.200000762939453,22.799999237060547,23.030000686645508,1622700
2008-09-26,EWA,22.209999084472656,22.6200008392334,22.100000381469727,22.600000381469727,1111300
2008-09-29,EWA,21.190000534057617,21.329999923706055,19.540000915527344,19.799999237060547,3671400
2008-09-30,EWA,20.489999771118164,20.770000457763672,20.149999618530273,20.540000915527344,1766000
2008-10-01,EWA,20.68000030517578,21.0,20.43000030517578,20.75,2758600
2008-10-02,EWA,20.290000915527344,20.290000915527344,19.489999771118164,19.600000381469727,2201800
2008-10-03,EWA,19.969999313354492,20.530000686645508,19.479999542236328,19.479999542236328,1595700
2008-10-06,EWA,18.40999984741211,18.420000076293945,16.389999389648438,17.110000610351562,5782500
2008-10-07,EWA,18.469999313354492,18.469999313354492,17.020000457763672,17.020000457763672,3475600
2008-10-08,EWA,15.430000305175781,16.700000762939453,15.260000228881836,15.960000038146973,5447500
2008-10-09,EWA,16.969999313354492,17.139999389648438,15.180000305175781,15.539999961853027,3356200
2008-10-10,EWA,14.050000190734863,15.140000343322754,13.140000343322754,14.40999984741211,4692000
2008-10-13,EWA,15.930000305175781,17.459999084472656,15.710000038146973,17.399999618530273,3143600
2008-10-14,EWA,17.709999084472656,17.8700008392334,16.0,16.579999923706055,3631400
2008-10-15,EWA,16.040000915527344,16.170000076293945,14.859999656677246,14.930000305175781,2300400
2008-10-16,EWA,15.359999656677246,16.0,14.40999984741211,15.960000038146973,3441300
2008-10-17,EWA,14.65999984741211,15.869999885559082,14.65999984741211,15.100000381469727,2985000
2008-10-20,EWA,15.779999732971191,16.709999084472656,15.779999732971191,16.709999084472656,3166800
2008-10-21,EWA,15.979999542236328,16.360000610351562,15.569999694824219,15.680000305175781,1806800
2008-10-22,EWA,15.25,15.289999961853027,14.3100004196167,14.5600004196167,3374500
2008-10-23,EWA,14.420000076293945,14.880000114440918,13.640000343322754,14.609999656677246,2956400
2008-10-24,EWA,12.380000114440918,13.520000457763672,12.220000267028809,13.239999771118164,4788500
2008-10-27,EWA,12.930000305175781,13.34000015258789,12.699999809265137,12.699999809265137,2994900
2008-10-28,EWA,13.510000228881836,14.460000038146973,12.899999618530273,14.399999618530273,5358400
2008-10-29,EWA,14.119999885559082,15.170000076293945,14.010000228881836,14.350000381469727,2590500
2008-10-30,EWA,15.319999694824219,15.430000305175781,14.520000457763672,15.239999771118164,3012600
2008-10-31,EWA,14.770000457763672,15.350000381469727,14.529999732971191,14.989999771118164,3812300
2008-11-03,EWA,15.5,15.930000305175781,15.4399995803833,15.800000190734863,4310000
2008-11-04,EWA,16.399999618530273,17.100000381469727,16.3799991607666,17.100000381469727,2902700
2008-11-05,EWA,16.639999389648438,17.030000686645508,16.0,16.229999542236328,3925400
2008-11-06,EWA,15.75,16.06999969482422,14.829999923706055,14.890000343322754,4057800
2008-11-07,EWA,15.239999771118164,15.600000381469727,15.069999694824219,15.550000190734863,4005900
2008-11-10,EWA,15.739999771118164,15.90999984741211,14.699999809265137,14.829999923706055,3512500
2008-11-11,EWA,14.510000228881836,14.65999984741211,13.880000114440918,14.279999732971191,2782700
2008-11-12,EWA,14.020000457763672,14.210000038146973,13.300000190734863,13.350000381469727,5280800
2008-11-13,EWA,13.350000381469727,14.550000190734863,12.6899995803833,14.520000457763672,6051100
2008-11-14,EWA,13.520000457763672,13.989999771118164,13.210000038146973,13.359999656677246,4207100
2008-11-17,EWA,13.069999694824219,13.5,12.850000381469727,12.890000343322754,2617700
2008-11-18,EWA,12.609999656677246,13.09000015258789,12.40999984741211,12.880000114440918,2054000
2008-11-19,EWA,12.84000015258789,12.920000076293945,11.899999618530273,11.920000076293945,2773400
2008-11-20,EWA,11.6899995803833,11.949999809265137,10.779999732971191,10.960000038146973,5750000
2008-11-21,EWA,11.949999809265137,12.399999618530273,11.470000267028809,12.369999885559082,5773300
2008-11-24,EWA,12.329999923706055,13.180000305175781,12.25,12.880000114440918,3881400
2008-11-25,EWA,13.649999618530273,13.760000228881836,13.09000015258789,13.479999542236328,3873000
2008-11-26,EWA,12.75,13.529999732971191,12.75,13.520000457763672,2796600
2008-11-28,EWA,13.40999984741211,13.789999961853027,13.369999885559082,13.65999984741211,827600
2008-12-01,EWA,12.930000305175781,13.069999694824219,12.5,12.5,3467500
2008-12-02,EWA,12.699999809265137,13.130000114440918,12.6899995803833,13.050000190734863,3279200
2008-12-03,EWA,12.550000190734863,13.229999542236328,12.510000228881836,13.229999542236328,3432100
2008-12-04,EWA,12.739999771118164,13.100000381469727,12.399999618530273,12.550000190734863,2757600
2008-12-05,EWA,12.229999542236328,13.0,12.079999923706055,12.920000076293945,2586200
2008-12-08,EWA,13.550000190734863,14.050000190734863,13.550000190734863,13.84000015258789,2808100
2008-12-09,EWA,13.260000228881836,13.539999961853027,13.109999656677246,13.130000114440918,3683800
2008-12-10,EWA,13.40999984741211,13.65999984741211,13.1899995803833,13.430000305175781,2745900
2008-12-11,EWA,13.300000190734863,13.75,13.119999885559082,13.350000381469727,3191500
2008-12-12,EWA,13.050000190734863,13.479999542236328,13.029999732971191,13.390000343322754,3265100
2008-12-15,EWA,13.460000038146973,13.65999984741211,13.199999809265137,13.380000114440918,2344500
2008-12-16,EWA,13.399999618530273,14.960000038146973,13.260000228881836,14.34000015258789,3740100
2008-12-17,EWA,13.84000015258789,14.34000015258789,13.8100004196167,14.100000381469727,2814400
2008-12-18,EWA,14.3100004196167,14.3100004196167,13.319999694824219,13.449999809265137,3879800
2008-12-19,EWA,13.850000381469727,14.079999923706055,13.710000038146973,13.710000038146973,2127000
2008-12-22,EWA,13.739999771118164,13.869999885559082,13.550000190734863,13.65999984741211,3821400
2008-12-23,EWA,12.75,12.949999809265137,12.59000015258789,12.59000015258789,4978000
2008-12-24,EWA,12.859999656677246,13.0,12.789999961853027,12.869999885559082,1142400
2008-12-26,EWA,12.75,13.15999984741211,12.75,13.119999885559082,884000
2008-12-29,EWA,13.170000076293945,13.220000267028809,12.9399995803833,12.9399995803833,2758900
2008-12-30,EWA,13.25,13.4399995803833,13.149999618530273,13.390000343322754,1476500
2008-12-31,EWA,13.420000076293945,14.100000381469727,13.270000457763672,14.010000228881836,1666400
2009-01-02,EWA,13.640000343322754,14.25,13.640000343322754,14.15999984741211,1940800
2009-01-05,EWA,13.960000038146973,14.180000305175781,13.789999961853027,13.970000267028809,4108600
2009-01-06,EWA,14.220000267028809,14.550000190734863,14.180000305175781,14.40999984741211,3520700
2009-01-07,EWA,14.180000305175781,14.25,13.8100004196167,13.850000381469727,2362800
2009-01-08,EWA,13.649999618530273,13.970000267028809,13.5600004196167,13.960000038146973,1069400
2009-01-09,EWA,13.84000015258789,13.899999618530273,13.5,13.5,1916800
2009-01-12,EWA,13.350000381469727,13.350000381469727,12.90999984741211,13.0,1991200
2009-01-13,EWA,12.739999771118164,12.880000114440918,12.539999961853027,12.75,2187700
2009-01-14,EWA,12.569999694824219,12.609999656677246,12.260000228881836,12.300000190734863,2394900
2009-01-15,EWA,12.380000114440918,12.59000015258789,11.869999885559082,12.510000228881836,3139000
2009-01-16,EWA,12.779999732971191,12.800000190734863,12.229999542236328,12.569999694824219,2144400
2009-01-20,EWA,12.140000343322754,12.15999984741211,11.4399995803833,11.510000228881836,3277100
2009-01-21,EWA,11.75,12.220000267028809,11.510000228881836,12.170000076293945,3421700
2009-01-22,EWA,12.079999923706055,12.079999923706055,11.569999694824219,11.800000190734863,2363000
2009-01-23,EWA,11.0600004196167,11.640000343322754,11.0600004196167,11.59000015258789,2522200
2009-01-26,EWA,11.710000038146973,11.899999618530273,11.5,11.65999984741211,2014900
2009-01-27,EWA,11.890000343322754,12.109999656677246,11.789999961853027,11.989999771118164,1926400
2009-01-28,EWA,12.359999656677246,12.649999618530273,12.300000190734863,12.420000076293945,2023600
2009-01-29,EWA,12.050000190734863,12.079999923706055,11.770000457763672,11.779999732971191,2217500
2009-01-30,EWA,11.90999984741211,11.949999809265137,11.479999542236328,11.609999656677246,2481100
2009-02-02,EWA,11.40999984741211,11.770000457763672,11.40999984741211,11.65999984741211,1818800
2009-02-03,EWA,11.720000267028809,12.140000343322754,11.609999656677246,12.09000015258789,2487500
2009-02-04,EWA,11.75,12.039999961853027,11.649999618530273,11.710000038146973,2738100
2009-02-05,EWA,11.699999809265137,12.079999923706055,11.579999923706055,12.029999732971191,2250400
2009-02-06,EWA,12.149999618530273,12.789999961853027,12.149999618530273,12.670000076293945,3076800
2009-02-09,EWA,12.779999732971191,12.890000343322754,12.5,12.6899995803833,1839600
2009-02-10,EWA,12.5,12.510000228881836,11.600000381469727,11.710000038146973,4410600
2009-02-11,EWA,12.149999618530273,12.1899995803833,11.800000190734863,12.0600004196167,1348900
2009-02-12,EWA,11.899999618530273,12.180000305175781,11.739999771118164,12.140000343322754,1859400
2009-02-13,EWA,12.180000305175781,12.460000038146973,12.180000305175781,12.25,2311500
2009-02-17,EWA,11.630000114440918,11.630000114440918,11.3100004196167,11.40999984741211,2289300
2009-02-18,EWA,11.479999542236328,11.5,11.25,11.470000267028809,1790800
2009-02-19,EWA,12.029999732971191,12.029999732971191,11.5600004196167,11.59000015258789,1392500
2009-02-20,EWA,11.40999984741211,11.699999809265137,11.25,11.579999923706055,3025100
2009-02-23,EWA,11.569999694824219,11.670000076293945,11.140000343322754,11.1899995803833,3884400
2009-02-24,EWA,11.270000457763672,11.800000190734863,11.270000457763672,11.739999771118164,3097500
2009-02-25,EWA,11.640000343322754,11.65999984741211,11.300000190734863,11.420000076293945,2166500
2009-02-26,EWA,11.670000076293945,11.739999771118164,11.319999694824219,11.390000343322754,1845200
2009-02-27,EWA,11.15999984741211,11.430000305175781,11.050000190734863,11.220000267028809,2426700
2009-03-02,EWA,10.84000015258789,10.920000076293945,10.579999923706055,10.59000015258789,2602100
2009-03-03,EWA,10.890000343322754,11.0,10.65999984741211,10.779999732971191,3192000
2009-03-04,EWA,11.0,11.390000343322754,10.970000267028809,11.229999542236328,3891200
2009-03-05,EWA,10.899999618530273,10.949999809265137,10.569999694824219,10.680000305175781,2629800
2009-03-06,EWA,10.930000305175781,11.020000457763672,10.569999694824219,10.770000457763672,3393000
2009-03-09,EWA,10.520000457763672,10.800000190734863,10.5,10.510000228881836,1862600
2009-03-10,EWA,11.050000190734863,11.390000343322754,11.0,11.3100004196167,2936700
2009-03-11,EWA,11.489999771118164,11.539999961853027,11.260000228881836,11.390000343322754,2575700
2009-03-12,EWA,11.289999961853027,11.729999542236328,11.239999771118164,11.649999618530273,3252700
2009-03-13,EWA,11.930000305175781,12.050000190734863,11.800000190734863,11.920000076293945,4079800
2009-03-16,EWA,12.0600004196167,12.289999961853027,11.9399995803833,11.970000267028809,2497000
2009-03-17,EWA,12.199999809265137,12.529999732971191,12.119999885559082,12.520000457763672,4041200
2009-03-18,EWA,12.399999618530273,12.890000343322754,12.1899995803833,12.710000038146973,4334200
2009-03-19,EWA,12.979999542236328,13.1899995803833,12.90999984741211,12.9399995803833,3500300
2009-03-20,EWA,13.0,13.119999885559082,12.8100004196167,12.850000381469727,3303500
2009-03-23,EWA,13.180000305175781,13.789999961853027,13.180000305175781,13.699999809265137,4590300
2009-03-24,EWA,13.399999618530273,13.739999771118164,13.329999923706055,13.390000343322754,4377600
2009-03-25,EWA,13.5600004196167,13.819999694824219,13.25,13.630000114440918,3611000
2009-03-26,EWA,13.890000343322754,14.109999656677246,13.859999656677246,14.010000228881836,7542100
2009-03-27,EWA,13.640000343322754,13.65999984741211,13.449999809265137,13.600000381469727,2136000
2009-03-30,EWA,13.0,13.100000381469727,12.850000381469727,12.949999809265137,2951000
2009-03-31,EWA,13.380000114440918,13.569999694824219,13.199999809265137,13.390000343322754,4863500
2009-04-01,EWA,13.329999923706055,13.710000038146973,13.239999771118164,13.619999885559082,7039700
2009-04-02,EWA,14.210000038146973,14.59000015258789,14.199999809265137,14.40999984741211,7049900
2009-04-03,EWA,14.300000190734863,14.569999694824219,14.180000305175781,14.5600004196167,3226700
2009-04-06,EWA,14.380000114440918,14.390000343322754,14.100000381469727,14.319999694824219,1916900
2009-04-07,EWA,14.130000114440918,14.220000267028809,13.949999809265137,13.979999542236328,4204300
2009-04-08,EWA,14.0,14.119999885559082,13.779999732971191,13.880000114440918,6369700
2009-04-09,EWA,14.34000015258789,14.449999809265137,14.220000267028809,14.420000076293945,2217600
2009-04-13,EWA,14.489999771118164,14.829999923706055,14.329999923706055,14.699999809265137,3061300
2009-04-14,EWA,14.640000343322754,14.770000457763672,14.470000267028809,14.5,3243300
2009-04-15,EWA,14.380000114440918,14.779999732971191,14.34000015258789,14.739999771118164,3786800
2009-04-16,EWA,14.779999732971191,14.859999656677246,14.5600004196167,14.779999732971191,2306300
2009-04-17,EWA,14.649999618530273,14.739999771118164,14.520000457763672,14.710000038146973,1895100
2009-04-20,EWA,14.039999961853027,14.15999984741211,13.729999542236328,13.729999542236328,2836800
2009-04-21,EWA,13.640000343322754,14.180000305175781,13.550000190734863,14.149999618530273,2247400
2009-04-22,EWA,13.90999984741211,14.180000305175781,13.770000457763672,13.869999885559082,2753300
2009-04-23,EWA,14.279999732971191,14.430000305175781,14.119999885559082,14.399999618530273,2866300
2009-04-24,EWA,14.550000190734863,14.710000038146973,14.5,14.59000015258789,2359400
2009-04-27,EWA,14.239999771118164,14.420000076293945,14.140000343322754,14.199999809265137,3203900
2009-04-28,EWA,13.819999694824219,14.199999809265137,13.789999961853027,13.989999771118164,3578000
2009-04-29,EWA,14.260000228881836,14.739999771118164,14.239999771118164,14.600000381469727,2234300
2009-04-30,EWA,14.930000305175781,15.130000114440918,14.6899995803833,14.6899995803833,6726700
2009-05-01,EWA,14.760000228881836,14.949999809265137,14.640000343322754,14.8100004196167,7226600
2009-05-04,EWA,15.369999885559082,15.6899995803833,15.229999542236328,15.640000343322754,6183000
2009-05-05,EWA,15.550000190734863,15.699999809265137,15.390000343322754,15.489999771118164,3582000
2009-05-06,EWA,15.739999771118164,15.949999809265137,15.539999961853027,15.800000190734863,6009400
2009-05-07,EWA,16.59000015258789,16.59000015258789,15.600000381469727,15.6899995803833,4624400
2009-05-08,EWA,16.200000762939453,16.489999771118164,15.90999984741211,16.3799991607666,4601500
2009-05-11,EWA,16.059999465942383,16.059999465942383,15.680000305175781,15.75,3824500
2009-05-12,EWA,15.970000267028809,16.020000457763672,15.609999656677246,15.880000114440918,3742400
2009-05-13,EWA,15.420000076293945,15.420000076293945,15.020000457763672,15.079999923706055,4071300
2009-05-14,EWA,15.0,15.359999656677246,14.949999809265137,15.300000190734863,2831800
2009-05-15,EWA,15.289999961853027,15.390000343322754,14.9399995803833,15.010000228881836,2146800
2009-05-18,EWA,15.300000190734863,15.739999771118164,15.300000190734863,15.649999618530273,3469300
2009-05-19,EWA,16.15999984741211,16.170000076293945,15.880000114440918,15.9399995803833,3403800
2009-05-20,EWA,16.139999389648438,16.31999969482422,15.949999809265137,15.949999809265137,4000400
2009-05-21,EWA,15.59000015258789,15.760000228881836,15.390000343322754,15.65999984741211,2808900
2009-05-22,EWA,15.890000343322754,15.989999771118164,15.779999732971191,15.8100004196167,3620700
2009-05-26,EWA,15.609999656677246,16.260000228881836,15.529999732971191,16.239999771118164,4571100
2009-05-27,EWA,16.049999237060547,16.110000610351562,15.630000114440918,15.680000305175781,3813000
2009-05-28,EWA,15.739999771118164,15.890000343322754,15.489999771118164,15.819999694824219,5530000
2009-05-29,EWA,16.280000686645508,16.5,16.15999984741211,16.469999313354492,4663500
2009-06-01,EWA,16.90999984741211,17.270000457763672,16.829999923706055,17.15999984741211,5234500
2009-06-02,EWA,17.270000457763672,17.579999923706055,17.229999542236328,17.450000762939453,4968700
2009-06-03,EWA,17.3700008392334,17.3799991607666,16.799999237060547,16.979999542236328,4913500
2009-06-04,EWA,16.760000228881836,17.040000915527344,16.610000610351562,16.899999618530273,4289700
2009-06-05,EWA,17.31999969482422,17.31999969482422,16.75,16.850000381469727,3149000
2009-06-08,EWA,16.579999923706055,16.75,16.329999923706055,16.610000610351562,2931700
2009-06-09,EWA,16.950000762939453,17.1299991607666,16.81999969482422,17.020000457763672,2410700
2009-06-10,EWA,17.530000686645508,17.59000015258789,17.049999237060547,17.350000381469727,4579000
2009-06-11,EWA,17.649999618530273,18.030000686645508,17.6200008392334,17.850000381469727,4219400
2009-06-12,EWA,17.59000015258789,17.700000762939453,17.389999389648438,17.649999618530273,2624100
2009-06-15,EWA,17.15999984741211,17.229999542236328,16.709999084472656,16.860000610351562,3741300
2009-06-16,EWA,17.170000076293945,17.18000030517578,16.6299991607666,16.719999313354492,5093600
2009-06-17,EWA,16.469999313354492,16.68000030517578,16.18000030517578,16.479999542236328,5261700
2009-06-18,EWA,16.610000610351562,16.8700008392334,16.459999084472656,16.719999313354492,5282600
2009-06-19,EWA,16.850000381469727,16.989999771118164,16.700000762939453,16.809999465942383,2162500
2009-06-22,EWA,16.5,16.530000686645508,16.100000381469727,16.110000610351562,4568200
2009-06-23,EWA,16.100000381469727,16.139999389648438,15.710000038146973,16.030000686645508,5244600
2009-06-24,EWA,16.3799991607666,16.530000686645508,16.09000015258789,16.309999465942383,3106400
2009-06-25,EWA,16.239999771118164,16.719999313354492,16.219999313354492,16.670000076293945,3001800
2009-06-26,EWA,16.760000228881836,16.899999618530273,16.690000534057617,16.809999465942383,1851400
2009-06-29,EWA,16.81999969482422,16.979999542236328,16.690000534057617,16.969999313354492,1874900
2009-06-30,EWA,16.979999542236328,17.06999969482422,16.719999313354492,16.799999237060547,1952300
2009-07-01,EWA,16.889999389648438,17.040000915527344,16.81999969482422,16.8700008392334,2417200
2009-07-02,EWA,16.389999389648438,16.43000030517578,16.18000030517578,16.219999313354492,3072300
2009-07-06,EWA,15.84000015258789,16.1200008392334,15.789999961853027,16.1200008392334,3156100
2009-07-07,EWA,16.139999389648438,16.139999389648438,15.579999923706055,15.649999618530273,3702400
2009-07-08,EWA,15.8100004196167,15.9399995803833,15.319999694824219,15.550000190734863,5084700
2009-07-09,EWA,15.869999885559082,15.899999618530273,15.619999885559082,15.75,2252700
2009-07-10,EWA,15.59000015258789,15.75,15.529999732971191,15.720000267028809,2668500
2009-07-13,EWA,15.569999694824219,15.920000076293945,15.399999618530273,15.850000381469727,3659900
2009-07-14,EWA,16.389999389648438,16.5,16.209999084472656,16.40999984741211,4202400
2009-07-15,EWA,16.93000030517578,17.219999313354492,16.889999389648438,17.219999313354492,6306500
2009-07-16,EWA,17.229999542236328,17.450000762939453,17.15999984741211,17.350000381469727,3095500
2009-07-17,EWA,17.25,17.329999923706055,17.1299991607666,17.280000686645508,3104700
2009-07-20,EWA,17.700000762939453,17.829999923706055,17.520000457763672,17.809999465942383,3720300
2009-07-21,EWA,17.979999542236328,17.989999771118164,17.5,17.719999313354492,5824000
2009-07-22,EWA,17.600000381469727,17.829999923706055,17.510000228881836,17.690000534057617,4550700
2009-07-23,EWA,17.719999313354492,18.149999618530273,17.700000762939453,18.030000686645508,4107000
2009-07-24,EWA,17.920000076293945,18.040000915527344,17.770000457763672,17.979999542236328,2368200
2009-07-27,EWA,18.15999984741211,18.260000228881836,18.0,18.219999313354492,2512600
2009-07-28,EWA,18.260000228881836,18.43000030517578,18.100000381469727,18.290000915527344,2929100
2009-07-29,EWA,18.1299991607666,18.149999618530273,17.850000381469727,18.030000686645508,2604600
2009-07-30,EWA,18.600000381469727,18.84000015258789,18.520000457763672,18.610000610351562,3581900
2009-07-31,EWA,18.59000015258789,18.989999771118164,18.56999969482422,18.93000030517578,2748400
2009-08-03,EWA,19.200000762939453,19.450000762939453,19.15999984741211,19.440000534057617,5408800
2009-08-04,EWA,19.260000228881836,19.520000457763672,19.190000534057617,19.43000030517578,3372100
2009-08-05,EWA,19.260000228881836,19.329999923706055,18.899999618530273,19.260000228881836,3153600
2009-08-06,EWA,19.6200008392334,19.649999618530273,19.229999542236328,19.3799991607666,5158900
2009-08-07,EWA,19.459999084472656,19.59000015258789,19.31999969482422,19.469999313354492,3006400
2009-08-10,EWA,19.309999465942383,19.440000534057617,19.049999237060547,19.25,4285300
2009-08-11,EWA,19.170000076293945,19.219999313354492,19.020000457763672,19.079999923706055,3559200
2009-08-12,EWA,19.15999984741211,19.709999084472656,19.06999969482422,19.530000686645508,3820100
2009-08-13,EWA,20.040000915527344,20.18000030517578,19.850000381469727,20.1200008392334,3006600
2009-08-14,EWA,20.170000076293945,20.18000030517578,19.440000534057617,19.610000610351562,7421400
2009-08-17,EWA,19.15999984741211,19.190000534057617,18.950000762939453,19.1200008392334,3851000
2009-08-18,EWA,19.280000686645508,19.559999465942383,19.200000762939453,19.469999313354492,2446600
2009-08-19,EWA,19.09000015258789,19.6299991607666,19.079999923706055,19.559999465942383,2732100
2009-08-20,EWA,19.329999923706055,19.520000457763672,19.209999084472656,19.5,2476800
2009-08-21,EWA,19.3700008392334,19.579999923706055,19.309999465942383,19.489999771118164,2923700
2009-08-24,EWA,20.1200008392334,20.190000534057617,19.899999618530273,19.90999984741211,3120300
2009-08-25,EWA,20.110000610351562,20.239999771118164,19.860000610351562,19.93000030517578,3629400
2009-08-26,EWA,19.75,19.860000610351562,19.610000610351562,19.739999771118164,1714600
2009-08-27,EWA,20.0,20.260000228881836,19.739999771118164,20.15999984741211,3359800
2009-08-28,EWA,20.56999969482422,20.610000610351562,20.25,20.3700008392334,2167300
2009-08-31,EWA,20.229999542236328,20.31999969482422,20.079999923706055,20.270000457763672,2750200
2009-09-01,EWA,20.31999969482422,20.59000015258789,19.809999465942383,19.850000381469727,6240300
2009-09-02,EWA,19.770000457763672,20.0,19.670000076293945,19.799999237060547,3920000
2009-09-03,EWA,20.100000381469727,20.229999542236328,19.889999389648438,20.190000534057617,5650100
2009-09-04,EWA,20.190000534057617,20.59000015258789,20.100000381469727,20.530000686645508,5375200
2009-09-08,EWA,21.260000228881836,21.280000686645508,21.079999923706055,21.1200008392334,5352000
2009-09-09,EWA,21.229999542236328,21.350000381469727,21.09000015258789,21.190000534057617,6490200
2009-09-10,EWA,21.190000534057617,21.510000228881836,21.049999237060547,21.469999313354492,2985200
2009-09-11,EWA,21.520000457763672,21.65999984741211,21.350000381469727,21.43000030517578,2824600
2009-09-14,EWA,21.09000015258789,21.34000015258789,21.040000915527344,21.31999969482422,3015500
2009-09-15,EWA,21.209999084472656,21.440000534057617,21.010000228881836,21.31999969482422,5399500
2009-09-16,EWA,22.09000015258789,22.34000015258789,21.979999542236328,22.31999969482422,9774000
2009-09-17,EWA,22.079999923706055,22.280000686645508,21.950000762939453,22.030000686645508,5067600
2009-09-18,EWA,22.170000076293945,22.170000076293945,21.93000030517578,22.049999237060547,2489600
2009-09-21,EWA,21.690000534057617,21.8700008392334,21.579999923706055,21.81999969482422,2379300
2009-09-22,EWA,22.209999084472656,22.25,22.06999969482422,22.209999084472656,3428000
2009-09-23,EWA,22.40999984741211,22.6200008392334,22.059999465942383,22.170000076293945,4721800
2009-09-24,EWA,22.350000381469727,22.420000076293945,21.739999771118164,21.790000915527344,6189500
2009-09-25,EWA,21.829999923706055,22.15999984741211,21.829999923706055,22.0,5274000
2009-09-28,EWA,22.040000915527344,22.450000762939453,21.979999542236328,22.360000610351562,3516300
2009-09-29,EWA,22.450000762939453,22.56999969482422,22.299999237060547,22.459999084472656,2880300
2009-09-30,EWA,22.760000228881836,22.809999465942383,22.34000015258789,22.600000381469727,4832100
2009-10-01,EWA,22.5,22.5,21.75,21.780000686645508,5851500
2009-10-02,EWA,21.260000228881836,21.6200008392334,21.1200008392334,21.440000534057617,5249000
2009-10-05,EWA,21.700000762939453,21.989999771118164,21.600000381469727,21.8700008392334,5571200
2009-10-06,EWA,22.25,22.510000228881836,22.200000762939453,22.360000610351562,5775300
2009-10-07,EWA,22.510000228881836,22.700000762939453,22.440000534057617,22.6299991607666,3372600
2009-10-08,EWA,23.309999465942383,23.649999618530273,23.229999542236328,23.479999542236328,7857900
2009-10-09,EWA,23.290000915527344,23.420000076293945,23.18000030517578,23.3700008392334,5384200
2009-10-12,EWA,23.450000762939453,23.540000915527344,23.350000381469727,23.440000534057617,3455100
2009-10-13,EWA,23.459999084472656,23.530000686645508,23.270000457763672,23.43000030517578,5715700
2009-10-14,EWA,24.079999923706055,24.219999313354492,23.969999313354492,24.149999618530273,5462200
2009-10-15,EWA,24.139999389648438,24.350000381469727,24.06999969482422,24.31999969482422,5540500
2009-10-16,EWA,23.920000076293945,24.1200008392334,23.829999923706055,24.040000915527344,3958300
2009-10-19,EWA,24.1299991607666,24.450000762939453,24.030000686645508,24.3700008392334,3778500
2009-10-20,EWA,24.459999084472656,24.459999084472656,23.959999084472656,24.110000610351562,5088700
2009-10-21,EWA,24.170000076293945,24.56999969482422,24.06999969482422,24.09000015258789,6986200
2009-10-22,EWA,24.06999969482422,24.420000076293945,23.81999969482422,24.40999984741211,4625300
2009-10-23,EWA,24.479999542236328,24.510000228881836,24.010000228881836,24.149999618530273,4849600
2009-10-26,EWA,24.139999389648438,24.440000534057617,23.709999084472656,23.809999465942383,6795300
2009-10-27,EWA,23.709999084472656,23.829999923706055,23.389999389648438,23.520000457763672,5717700
2009-10-28,EWA,22.850000381469727,22.950000762939453,22.260000228881836,22.459999084472656,12490500
2009-10-29,EWA,22.549999237060547,23.010000228881836,22.459999084472656,22.920000076293945,8961300
2009-10-30,EWA,22.600000381469727,22.709999084472656,21.739999771118164,21.93000030517578,8321400
2009-11-02,EWA,22.190000534057617,22.610000610351562,21.889999389648438,22.280000686645508,8385100
2009-11-03,EWA,21.729999542236328,22.149999618530273,21.559999465942383,22.1299991607666,7660200
2009-11-04,EWA,22.459999084472656,22.600000381469727,22.260000228881836,22.309999465942383,6459800
2009-11-05,EWA,22.450000762939453,22.600000381469727,22.360000610351562,22.530000686645508,4693500
2009-11-06,EWA,22.610000610351562,23.0,22.56999969482422,22.93000030517578,6838300
2009-11-09,EWA,23.700000762939453,24.010000228881836,23.649999618530273,23.959999084472656,8407200
2009-11-10,EWA,23.829999923706055,24.06999969482422,23.780000686645508,24.030000686645508,6344100
2009-11-11,EWA,24.219999313354492,24.3700008392334,24.030000686645508,24.1299991607666,6307600
2009-11-12,EWA,24.110000610351562,24.229999542236328,23.579999923706055,23.649999618530273,5711500
2009-11-13,EWA,23.790000915527344,24.139999389648438,23.649999618530273,24.110000610351562,4267000
2009-11-16,EWA,24.239999771118164,24.56999969482422,24.239999771118164,24.5,6596400
2009-11-17,EWA,23.8799991607666,24.15999984741211,23.719999313354492,24.1299991607666,5973800
2009-11-18,EWA,24.1299991607666,24.139999389648438,23.84000015258789,24.020000457763672,4738800
2009-11-19,EWA,23.6299991607666,23.639999389648438,23.190000534057617,23.520000457763672,6681500
2009-11-20,EWA,23.059999465942383,23.469999313354492,23.0,23.299999237060547,4284100
2009-11-23,EWA,23.959999084472656,23.979999542236328,23.719999313354492,23.790000915527344,3573900
2009-11-24,EWA,23.56999969482422,23.56999969482422,23.200000762939453,23.40999984741211,5357100
2009-11-25,EWA,23.780000686645508,24.020000457763672,23.65999984741211,23.989999771118164,3077400
2009-11-27,EWA,22.469999313354492,23.0,22.25,22.81999969482422,5999900
2009-11-30,EWA,23.1200008392334,23.43000030517578,23.030000686645508,23.329999923706055,4830800
2009-12-01,EWA,23.8700008392334,24.030000686645508,23.739999771118164,23.899999618530273,6323100
2009-12-02,EWA,23.93000030517578,24.170000076293945,23.84000015258789,23.8799991607666,3582900
2009-12-03,EWA,24.020000457763672,24.170000076293945,23.6200008392334,23.6200008392334,5279300
2009-12-04,EWA,23.899999618530273,24.040000915527344,23.260000228881836,23.520000457763672,7963400
2009-12-07,EWA,23.020000457763672,23.350000381469727,22.989999771118164,23.1299991607666,6158100
2009-12-08,EWA,22.889999389648438,22.889999389648438,22.56999969482422,22.670000076293945,7635400
2009-12-09,EWA,22.709999084472656,22.860000610351562,22.530000686645508,22.809999465942383,6964600
2009-12-10,EWA,23.100000381469727,23.190000534057617,22.989999771118164,23.06999969482422,4632600
2009-12-11,EWA,23.139999389648438,23.15999984741211,22.90999984741211,22.959999084472656,3854200
2009-12-14,EWA,23.079999923706055,23.200000762939453,22.950000762939453,23.170000076293945,2956400
2009-12-15,EWA,22.850000381469727,23.0,22.729999542236328,22.829999923706055,4359900
2009-12-16,EWA,22.799999237060547,22.899999618530273,22.700000762939453,22.739999771118164,4447200
2009-12-17,EWA,22.350000381469727,22.389999389648438,22.200000762939453,22.389999389648438,4702600
2009-12-18,EWA,22.469999313354492,22.540000915527344,22.200000762939453,22.530000686645508,3329800
2009-12-21,EWA,22.280000686645508,22.420000076293945,22.229999542236328,22.270000457763672,3862500
2009-12-22,EWA,21.90999984741211,21.940000534057617,21.739999771118164,21.780000686645508,5412000
2009-12-23,EWA,22.0,22.200000762939453,21.979999542236328,22.079999923706055,3836100
2009-12-24,EWA,22.350000381469727,22.530000686645508,22.260000228881836,22.530000686645508,1177500
2009-12-28,EWA,22.639999389648438,22.700000762939453,22.479999542236328,22.579999923706055,4359000
2009-12-29,EWA,23.040000915527344,23.110000610351562,22.809999465942383,22.809999465942383,4382200
2009-12-30,EWA,22.770000457763672,22.899999618530273,22.65999984741211,22.799999237060547,2428100
2009-12-31,EWA,23.049999237060547,23.100000381469727,22.84000015258789,22.84000015258789,2073600
2010-01-04,EWA,23.5,23.809999465942383,23.479999542236328,23.719999313354492,4967500
2010-01-05,EWA,23.799999237060547,23.899999618530273,23.6200008392334,23.790000915527344,5501300
2010-01-06,EWA,23.799999237060547,23.989999771118164,23.770000457763672,23.8799991607666,5656500
2010-01-07,EWA,23.770000457763672,23.799999237060547,23.610000610351562,23.770000457763672,3127300
2010-01-08,EWA,23.84000015258789,24.06999969482422,23.739999771118164,24.049999237060547,3014200
2010-01-11,EWA,24.360000610351562,24.3700008392334,24.100000381469727,24.290000915527344,5566400
2010-01-12,EWA,23.649999618530273,23.829999923706055,23.440000534057617,23.489999771118164,6107200
2010-01-13,EWA,23.68000030517578,23.8700008392334,23.479999542236328,23.850000381469727,4210100
2010-01-14,EWA,24.040000915527344,24.170000076293945,23.969999313354492,24.149999618530273,4347300
2010-01-15,EWA,23.889999389648438,23.940000534057617,23.549999237060547,23.639999389648438,4217500
2010-01-19,EWA,23.6299991607666,24.030000686645508,23.540000915527344,23.989999771118164,3202100
2010-01-20,EWA,23.420000076293945,23.440000534057617,23.100000381469727,23.280000686645508,4879900
2010-01-21,EWA,23.25,23.31999969482422,22.5,22.5,9086100
2010-01-22,EWA,22.5,22.610000610351562,22.040000915527344,22.040000915527344,6838800
2010-01-25,EWA,22.450000762939453,22.489999771118164,22.239999771118164,22.3799991607666,4901500
2010-01-26,EWA,22.0,22.299999237060547,21.8799991607666,21.979999542236328,6995700
2010-01-27,EWA,21.770000457763672,21.950000762939453,21.520000457763672,21.8799991607666,6399900
2010-01-28,EWA,22.239999771118164,22.25,21.59000015258789,21.68000030517578,4108800
2010-01-29,EWA,21.639999389648438,21.780000686645508,21.06999969482422,21.100000381469727,11208800
2010-02-01,EWA,21.280000686645508,21.610000610351562,21.229999542236328,21.610000610351562,6584200
2010-02-02,EWA,21.56999969482422,21.84000015258789,21.450000762939453,21.760000228881836,5981400
2010-02-03,EWA,21.649999618530273,21.739999771118164,21.450000762939453,21.489999771118164,5006300
2010-02-04,EWA,21.170000076293945,21.209999084472656,20.440000534057617,20.469999313354492,7085700
2010-02-05,EWA,20.469999313354492,20.649999618530273,20.030000686645508,20.59000015258789,11707300
2010-02-08,EWA,20.690000534057617,20.860000610351562,20.43000030517578,20.459999084472656,5037900
2010-02-09,EWA,20.979999542236328,21.31999969482422,20.770000457763672,21.059999465942383,5574900
2010-02-10,EWA,20.93000030517578,21.049999237060547,20.600000381469727,20.93000030517578,6618500
2010-02-11,EWA,21.239999771118164,21.65999984741211,21.09000015258789,21.65999984741211,5278800
2010-02-12,EWA,21.06999969482422,21.3799991607666,20.940000534057617,21.280000686645508,9460900
2010-02-16,EWA,21.860000610351562,22.15999984741211,21.780000686645508,22.139999389648438,3777700
2010-02-17,EWA,22.459999084472656,22.5,22.270000457763672,22.3799991607666,6785900
2010-02-18,EWA,22.25,22.56999969482422,22.25,22.549999237060547,3988600
2010-02-19,EWA,22.200000762939453,22.459999084472656,22.100000381469727,22.3799991607666,4593200
2010-02-22,EWA,22.75,22.760000228881836,22.559999465942383,22.68000030517578,4884000
2010-02-23,EWA,22.719999313354492,22.780000686645508,22.139999389648438,22.219999313354492,5147600
2010-02-24,EWA,22.079999923706055,22.360000610351562,22.010000228881836,22.34000015258789,4680000
2010-02-25,EWA,21.399999618530273,21.860000610351562,21.290000915527344,21.81999969482422,8232300
2010-02-26,EWA,22.06999969482422,22.25,21.84000015258789,22.139999389648438,6337000
2010-03-01,EWA,22.510000228881836,22.770000457763672,22.440000534057617,22.770000457763672,5769700
2010-03-02,EWA,22.920000076293945,23.09000015258789,22.850000381469727,22.889999389648438,5385200
2010-03-03,EWA,23.1200008392334,23.309999465942383,23.049999237060547,23.149999618530273,3270100
2010-03-04,EWA,23.149999618530273,23.18000030517578,22.920000076293945,23.020000457763672,3726100
2010-03-05,EWA,23.360000610351562,23.6299991607666,23.309999465942383,23.610000610351562,3570200
2010-03-08,EWA,23.610000610351562,23.639999389648438,23.479999542236328,23.479999542236328,4780600
2010-03-09,EWA,23.440000534057617,23.850000381469727,23.440000534057617,23.719999313354492,6434000
2010-03-10,EWA,23.780000686645508,23.959999084472656,23.639999389648438,23.799999237060547,4436700
2010-03-11,EWA,23.65999984741211,23.739999771118164,23.520000457763672,23.729999542236328,3077000
2010-03-12,EWA,23.84000015258789,23.850000381469727,23.639999389648438,23.719999313354492,2974600
2010-03-15,EWA,23.469999313354492,23.530000686645508,23.280000686645508,23.469999313354492,4209400
2010-03-16,EWA,23.6299991607666,23.889999389648438,23.540000915527344,23.889999389648438,4231800
2010-03-17,EWA,24.100000381469727,24.270000457763672,24.059999465942383,24.15999984741211,6219500
2010-03-18,EWA,24.06999969482422,24.110000610351562,23.899999618530273,23.979999542236328,6315100
2010-03-19,EWA,23.75,24.100000381469727,23.68000030517578,23.75,3420700
2010-03-22,EWA,23.469999313354492,23.959999084472656,23.459999084472656,23.90999984741211,5938200
2010-03-23,EWA,24.030000686645508,24.260000228881836,23.93000030517578,24.25,3924800
2010-03-24,EWA,23.809999465942383,23.989999771118164,23.75,23.760000228881836,6282600
2010-03-25,EWA,24.079999923706055,24.190000534057617,23.770000457763672,23.81999969482422,4700700
2010-03-26,EWA,23.889999389648438,23.979999542236328,23.65999984741211,23.829999923706055,4513800
2010-03-29,EWA,24.110000610351562,24.280000686645508,24.059999465942383,24.219999313354492,5755000
2010-03-30,EWA,24.309999465942383,24.3700008392334,24.1299991607666,24.260000228881836,3576300
2010-03-31,EWA,23.959999084472656,24.110000610351562,23.8799991607666,24.010000228881836,5340900
2010-04-01,EWA,24.290000915527344,24.469999313354492,24.270000457763672,24.469999313354492,3512600
2010-04-05,EWA,24.56999969482422,24.65999984741211,24.450000762939453,24.6200008392334,4393200
2010-04-06,EWA,24.530000686645508,24.799999237060547,24.510000228881836,24.780000686645508,4899200
2010-04-07,EWA,24.690000534057617,24.709999084472656,24.459999084472656,24.600000381469727,5255800
2010-04-08,EWA,24.360000610351562,24.649999618530273,24.280000686645508,24.59000015258789,3481600
2010-04-09,EWA,24.700000762939453,24.81999969482422,24.649999618530273,24.790000915527344,3822400
2010-04-12,EWA,24.739999771118164,24.799999237060547,24.68000030517578,24.709999084472656,3210800
2010-04-13,EWA,24.670000076293945,24.68000030517578,24.40999984741211,24.65999984741211,3379100
2010-04-14,EWA,24.950000762939453,25.139999389648438,24.899999618530273,25.1200008392334,3544500
2010-04-15,EWA,24.979999542236328,25.110000610351562,24.940000534057617,25.06999969482422,3338500
2010-04-16,EWA,24.8799991607666,24.940000534057617,24.309999465942383,24.479999542236328,4834800
2010-04-19,EWA,24.110000610351562,24.360000610351562,24.010000228881836,24.31999969482422,4721100
2010-04-20,EWA,24.670000076293945,24.729999542236328,24.559999465942383,24.670000076293945,3812400
2010-04-21,EWA,24.579999923706055,24.6299991607666,24.309999465942383,24.549999237060547,3487700
2010-04-22,EWA,24.139999389648438,24.399999618530273,23.93000030517578,24.3799991607666,4556400
2010-04-23,EWA,23.979999542236328,24.290000915527344,23.860000610351562,24.290000915527344,4887500
2010-04-26,EWA,24.360000610351562,24.420000076293945,24.170000076293945,24.239999771118164,3178400
2010-04-27,EWA,23.889999389648438,24.0,23.239999771118164,23.350000381469727,5619000
2010-04-28,EWA,23.719999313354492,23.8799991607666,23.510000228881836,23.75,4527900
2010-04-29,EWA,23.8799991607666,24.010000228881836,23.809999465942383,23.959999084472656,3594700
2010-04-30,EWA,23.920000076293945,23.950000762939453,23.3799991607666,23.440000534057617,5310100
2010-05-03,EWA,23.68000030517578,23.850000381469727,23.540000915527344,23.729999542236328,4666000
2010-05-04,EWA,22.790000915527344,22.799999237060547,22.360000610351562,22.489999771118164,8712700
2010-05-05,EWA,22.200000762939453,22.6299991607666,22.1200008392334,22.299999237060547,8141400
2010-05-06,EWA,21.860000610351562,22.040000915527344,18.270000457763672,20.809999465942383,12797400
2010-05-07,EWA,21.09000015258789,21.34000015258789,20.40999984741211,20.84000015258789,11688500
2010-05-10,EWA,22.309999465942383,22.559999465942383,22.170000076293945,22.43000030517578,15628600
2010-05-11,EWA,21.760000228881836,22.290000915527344,21.760000228881836,21.920000076293945,8974300
2010-05-12,EWA,22.059999465942383,22.18000030517578,21.940000534057617,22.079999923706055,5897300
2010-05-13,EWA,22.110000610351562,22.31999969482422,21.920000076293945,21.950000762939453,6030200
2010-05-14,EWA,21.639999389648438,21.709999084472656,21.059999465942383,21.209999084472656,10178300
2010-05-17,EWA,21.200000762939453,21.350000381469727,20.530000686645508,21.0,11222300
2010-05-18,EWA,21.100000381469727,21.15999984741211,20.31999969482422,20.440000534057617,6054700
2010-05-19,EWA,19.75,19.899999618530273,19.280000686645508,19.729999542236328,10444100
2010-05-20,EWA,18.760000228881836,18.950000762939453,18.260000228881836,18.469999313354492,10603000
2010-05-21,EWA,18.420000076293945,19.299999237060547,18.31999969482422,19.290000915527344,14377300
2010-05-24,EWA,19.440000534057617,19.649999618530273,19.239999771118164,19.25,5306000
2010-05-25,EWA,18.3700008392334,19.100000381469727,18.290000915527344,19.100000381469727,7534600
2010-05-26,EWA,19.260000228881836,19.59000015258789,18.860000610351562,18.940000534057617,8416400
2010-05-27,EWA,19.809999465942383,20.25,19.729999542236328,20.239999771118164,5902800
2010-05-28,EWA,20.280000686645508,20.350000381469727,19.899999618530273,20.110000610351562,5657600
2010-06-01,EWA,19.59000015258789,19.959999084472656,19.440000534057617,19.479999542236328,5043400
2010-06-02,EWA,19.540000915527344,20.079999923706055,19.459999084472656,20.059999465942383,3952300
2010-06-03,EWA,20.329999923706055,20.43000030517578,19.889999389648438,20.1200008392334,19465800
2010-06-04,EWA,19.549999237060547,19.6299991607666,18.93000030517578,19.079999923706055,11611200
2010-06-07,EWA,19.100000381469727,19.1299991607666,18.6299991607666,18.649999618530273,4612000
2010-06-08,EWA,19.0,19.520000457763672,18.8700008392334,19.43000030517578,7714500
2010-06-09,EWA,19.639999389648438,19.979999542236328,19.3700008392334,19.479999542236328,6151800
2010-06-10,EWA,20.350000381469727,20.56999969482422,20.280000686645508,20.520000457763672,6263200
2010-06-11,EWA,20.239999771118164,20.670000076293945,20.219999313354492,20.6299991607666,4051400
2010-06-14,EWA,21.010000228881836,21.209999084472656,20.75,20.780000686645508,6416300
2010-06-15,EWA,20.770000457763672,21.31999969482422,20.770000457763672,21.229999542236328,5916700
2010-06-16,EWA,20.8700008392334,21.229999542236328,20.8700008392334,21.09000015258789,7466000
2010-06-17,EWA,21.1299991607666,21.18000030517578,20.790000915527344,21.040000915527344,6823600
2010-06-18,EWA,21.280000686645508,21.34000015258789,21.149999618530273,21.229999542236328,2707100
2010-06-21,EWA,21.760000228881836,21.809999465942383,21.299999237060547,21.459999084472656,4570500
2010-06-22,EWA,21.450000762939453,21.510000228881836,20.950000762939453,21.059999465942383,4950100
2010-06-23,EWA,20.780000686645508,20.920000076293945,20.450000762939453,20.739999771118164,5196700
2010-06-24,EWA,20.479999542236328,20.540000915527344,20.200000762939453,20.31999969482422,6309500
2010-06-25,EWA,20.270000457763672,20.489999771118164,19.989999771118164,20.440000534057617,5201500
2010-06-28,EWA,20.31999969482422,20.31999969482422,20.040000915527344,20.15999984741211,6019700
2010-06-29,EWA,19.549999237060547,19.549999237060547,19.059999465942383,19.200000762939453,8047700
2010-06-30,EWA,19.06999969482422,19.31999969482422,18.899999618530273,18.979999542236328,9161800
2010-07-01,EWA,18.950000762939453,19.110000610351562,18.559999465942383,18.989999771118164,9332300
2010-07-02,EWA,19.200000762939453,19.280000686645508,18.809999465942383,18.979999542236328,3913700
2010-07-06,EWA,19.479999542236328,19.719999313354492,19.15999984741211,19.280000686645508,3681600
2010-07-07,EWA,19.299999237060547,19.90999984741211,19.280000686645508,19.8799991607666,7128500
2010-07-08,EWA,20.450000762939453,20.579999923706055,20.1299991607666,20.350000381469727,6486600
2010-07-09,EWA,20.360000610351562,20.559999465942383,20.299999237060547,20.5,3152100
2010-07-12,EWA,20.360000610351562,20.520000457763672,20.270000457763672,20.360000610351562,5539200
2010-07-13,EWA,20.489999771118164,20.75,20.469999313354492,20.6200008392334,4521700
2010-07-14,EWA,20.649999618530273,20.889999389648438,20.579999923706055,20.729999542236328,4546000
2010-07-15,EWA,20.75,20.790000915527344,20.329999923706055,20.709999084472656,6255800
2010-07-16,EWA,20.43000030517578,20.459999084472656,19.979999542236328,20.040000915527344,3752400
2010-07-19,EWA,20.100000381469727,20.190000534057617,19.860000610351562,20.100000381469727,2209800
2010-07-20,EWA,20.15999984741211,20.84000015258789,20.1299991607666,20.790000915527344,3632300
2010-07-21,EWA,20.790000915527344,20.81999969482422,20.219999313354492,20.31999969482422,5209300
2010-07-22,EWA,20.760000228881836,21.1299991607666,20.75,20.959999084472656,4868700
2010-07-23,EWA,21.1200008392334,21.3700008392334,21.020000457763672,21.309999465942383,3177100
2010-07-26,EWA,21.3799991607666,21.649999618530273,21.31999969482422,21.610000610351562,2663700
2010-07-27,EWA,21.690000534057617,21.75,21.399999618530273,21.530000686645508,7284800
2010-07-28,EWA,21.3700008392334,21.489999771118164,21.25,21.3799991607666,3921100
2010-07-29,EWA,21.709999084472656,21.790000915527344,21.280000686645508,21.559999465942383,4259100
2010-07-30,EWA,21.280000686645508,21.670000076293945,21.239999771118164,21.549999237060547,3763400
2010-08-02,EWA,22.06999969482422,22.329999923706055,21.950000762939453,22.260000228881836,3979100
2010-08-03,EWA,22.049999237060547,22.209999084472656,21.90999984741211,22.020000457763672,3517200
2010-08-04,EWA,22.100000381469727,22.309999465942383,22.0,22.25,3361900
2010-08-05,EWA,22.059999465942383,22.1200008392334,21.93000030517578,22.079999923706055,6518900
2010-08-06,EWA,21.850000381469727,22.110000610351562,21.700000762939453,22.06999969482422,5424300
2010-08-09,EWA,22.3799991607666,22.40999984741211,22.18000030517578,22.280000686645508,4739900
2010-08-10,EWA,21.75,22.030000686645508,21.59000015258789,21.889999389648438,4187200
2010-08-11,EWA,21.06999969482422,21.110000610351562,20.850000381469727,20.889999389648438,4491900
2010-08-12,EWA,20.600000381469727,20.920000076293945,20.56999969482422,20.84000015258789,5651100
2010-08-13,EWA,21.010000228881836,21.18000030517578,20.979999542236328,21.0,2504400
2010-08-16,EWA,20.940000534057617,21.299999237060547,20.899999618530273,21.229999542236328,1650100
2010-08-17,EWA,21.489999771118164,21.780000686645508,21.459999084472656,21.610000610351562,3355200
2010-08-18,EWA,21.690000534057617,21.690000534057617,21.31999969482422,21.459999084472656,2609300
2010-08-19,EWA,21.299999237060547,21.3700008392334,20.8700008392334,21.040000915527344,3032000
2010-08-20,EWA,20.799999237060547,21.100000381469727,20.719999313354492,21.100000381469727,1548200
2010-08-23,EWA,21.149999618530273,21.290000915527344,20.899999618530273,20.899999618530273,2714800
2010-08-24,EWA,20.40999984741211,20.559999465942383,20.219999313354492,20.40999984741211,4498800
2010-08-25,EWA,20.1299991607666,20.420000076293945,19.940000534057617,20.360000610351562,3418500
2010-08-26,EWA,20.670000076293945,20.790000915527344,20.389999389648438,20.450000762939453,3685100
2010-08-27,EWA,20.770000457763672,21.200000762939453,20.469999313354492,21.170000076293945,7941400
2010-08-30,EWA,21.200000762939453,21.309999465942383,21.020000457763672,21.020000457763672,3346000
2010-08-31,EWA,20.979999542236328,21.200000762939453,20.8799991607666,21.059999465942383,2943400
2010-09-01,EWA,21.8799991607666,22.329999923706055,21.8799991607666,22.229999542236328,7169600
2010-09-02,EWA,22.110000610351562,22.280000686645508,22.079999923706055,22.25,4895300
2010-09-03,EWA,22.479999542236328,22.540000915527344,22.299999237060547,22.420000076293945,5474700
2010-09-07,EWA,22.290000915527344,22.40999984741211,22.139999389648438,22.219999313354492,8633200
2010-09-08,EWA,22.299999237060547,22.549999237060547,22.290000915527344,22.43000030517578,4995000
2010-09-09,EWA,22.979999542236328,22.979999542236328,22.700000762939453,22.75,2975900
2010-09-10,EWA,22.700000762939453,22.790000915527344,22.59000015258789,22.700000762939453,3097500
2010-09-13,EWA,23.139999389648438,23.270000457763672,23.1200008392334,23.229999542236328,3411100
2010-09-14,EWA,23.149999618530273,23.549999237060547,23.079999923706055,23.420000076293945,4920000
2010-09-15,EWA,23.290000915527344,23.43000030517578,23.139999389648438,23.40999984741211,7392200
2010-09-16,EWA,23.059999465942383,23.200000762939453,22.979999542236328,23.200000762939453,3532800
2010-09-17,EWA,23.280000686645508,23.309999465942383,23.049999237060547,23.1200008392334,2418300
2010-09-20,EWA,23.40999984741211,23.709999084472656,23.31999969482422,23.639999389648438,4137500
2010-09-21,EWA,23.5,23.719999313354492,23.280000686645508,23.540000915527344,5602000
2010-09-22,EWA,23.65999984741211,23.809999465942383,23.440000534057617,23.559999465942383,5565500
2010-09-23,EWA,23.31999969482422,23.610000610351562,23.239999771118164,23.329999923706055,6323400
2010-09-24,EWA,23.739999771118164,24.0,23.719999313354492,23.950000762939453,3784200
2010-09-27,EWA,24.010000228881836,24.149999618530273,23.950000762939453,23.979999542236328,2837200
2010-09-28,EWA,24.149999618530273,24.40999984741211,23.860000610351562,24.3799991607666,5454400
2010-09-29,EWA,24.1200008392334,24.25,24.0,24.1299991607666,3480600
2010-09-30,EWA,24.020000457763672,24.1299991607666,23.549999237060547,23.739999771118164,5408300
2010-10-01,EWA,23.950000762939453,24.010000228881836,23.690000534057617,23.989999771118164,3745600
2010-10-04,EWA,23.920000076293945,24.030000686645508,23.6200008392334,23.780000686645508,6100000
2010-10-05,EWA,23.969999313354492,24.389999389648438,23.899999618530273,24.31999969482422,5629000
2010-10-06,EWA,24.510000228881836,24.65999984741211,24.459999084472656,24.530000686645508,2675200
2010-10-07,EWA,24.8700008392334,24.889999389648438,24.3799991607666,24.469999313354492,5242600
2010-10-08,EWA,24.510000228881836,24.889999389648438,24.43000030517578,24.860000610351562,4598100
2010-10-11,EWA,24.770000457763672,24.8700008392334,24.6299991607666,24.729999542236328,3550400
2010-10-12,EWA,24.389999389648438,24.56999969482422,24.1200008392334,24.510000228881836,5713700
2010-10-13,EWA,24.540000915527344,24.860000610351562,24.489999771118164,24.68000030517578,4078200
2010-10-14,EWA,24.860000610351562,25.0,24.690000534057617,24.889999389648438,2461700
2010-10-15,EWA,25.0,25.059999465942383,24.610000610351562,24.84000015258789,2474100
2010-10-18,EWA,24.649999618530273,24.950000762939453,24.549999237060547,24.760000228881836,2517000
2010-10-19,EWA,24.15999984741211,24.290000915527344,23.809999465942383,23.90999984741211,6438600
2010-10-20,EWA,24.100000381469727,24.649999618530273,24.049999237060547,24.469999313354492,3360500
2010-10-21,EWA,24.389999389648438,24.610000610351562,23.959999084472656,24.200000762939453,4067300
2010-10-22,EWA,24.399999618530273,24.450000762939453,24.260000228881836,24.34000015258789,2391600
2010-10-25,EWA,25.059999465942383,25.15999984741211,24.860000610351562,24.8799991607666,2989600
2010-10-26,EWA,24.540000915527344,24.709999084472656,24.489999771118164,24.65999984741211,2304500
2010-10-27,EWA,24.079999923706055,24.229999542236328,23.829999923706055,24.209999084472656,2799100
2010-10-28,EWA,24.600000381469727,24.6299991607666,24.329999923706055,24.459999084472656,4193700
2010-10-29,EWA,24.329999923706055,24.469999313354492,24.270000457763672,24.469999313354492,2473100
2010-11-01,EWA,24.84000015258789,24.93000030517578,24.510000228881836,24.639999389648438,3815600
2010-11-02,EWA,25.239999771118164,25.290000915527344,25.149999618530273,25.18000030517578,3582400
2010-11-03,EWA,25.219999313354492,25.420000076293945,24.8799991607666,25.389999389648438,4182400
2010-11-04,EWA,26.040000915527344,26.260000228881836,25.959999084472656,26.239999771118164,5239200
2010-11-05,EWA,26.209999084472656,26.360000610351562,26.149999618530273,26.270000457763672,4686900
2010-11-08,EWA,25.8700008392334,26.09000015258789,25.809999465942383,26.020000457763672,2889900
2010-11-09,EWA,26.020000457763672,26.059999465942383,25.40999984741211,25.459999084472656,6792400
2010-11-10,EWA,25.40999984741211,25.59000015258789,25.1299991607666,25.56999969482422,4129300
2010-11-11,EWA,25.34000015258789,25.34000015258789,25.139999389648438,25.280000686645508,5600600
2010-11-12,EWA,25.100000381469727,25.18000030517578,24.600000381469727,24.790000915527344,3297700
2010-11-15,EWA,25.010000228881836,25.1299991607666,24.780000686645508,24.809999465942383,3676500
2010-11-16,EWA,24.719999313354492,24.719999313354492,24.15999984741211,24.31999969482422,5765500
2010-11-17,EWA,24.299999237060547,24.459999084472656,24.219999313354492,24.31999969482422,3704000
2010-11-18,EWA,24.729999542236328,24.940000534057617,24.700000762939453,24.81999969482422,3594100
2010-11-19,EWA,24.469999313354492,24.6200008392334,24.350000381469727,24.6200008392334,2756300
2010-11-22,EWA,24.520000457763672,24.6299991607666,24.209999084472656,24.59000015258789,2429800
2010-11-23,EWA,23.889999389648438,23.989999771118164,23.6200008392334,23.709999084472656,8565900
2010-11-24,EWA,24.170000076293945,24.399999618530273,24.149999618530273,24.31999969482422,3301800
2010-11-26,EWA,23.690000534057617,23.829999923706055,23.639999389648438,23.649999618530273,3722200
2010-11-29,EWA,23.65999984741211,23.940000534057617,23.459999084472656,23.920000076293945,7119900
2010-11-30,EWA,23.450000762939453,23.729999542236328,23.420000076293945,23.520000457763672,7780000
2010-12-01,EWA,23.940000534057617,24.209999084472656,23.889999389648438,24.170000076293945,4684000
2010-12-02,EWA,24.360000610351562,24.84000015258789,24.329999923706055,24.739999771118164,3499800
2010-12-03,EWA,24.809999465942383,25.1200008392334,24.809999465942383,25.049999237060547,3089500
2010-12-06,EWA,24.8799991607666,25.0,24.809999465942383,24.899999618530273,2360600
2010-12-07,EWA,25.389999389648438,25.420000076293945,24.940000534057617,24.940000534057617,3018700
2010-12-08,EWA,24.889999389648438,24.899999618530273,24.530000686645508,24.780000686645508,4501800
2010-12-09,EWA,25.1299991607666,25.149999618530273,24.8799991607666,25.010000228881836,2539300
2010-12-10,EWA,25.200000762939453,25.239999771118164,25.079999923706055,25.200000762939453,1506200
2010-12-13,EWA,25.489999771118164,25.65999984741211,25.420000076293945,25.5,2024300
2010-12-14,EWA,25.610000610351562,25.84000015258789,25.549999237060547,25.6200008392334,5172200
2010-12-15,EWA,25.420000076293945,25.540000915527344,25.100000381469727,25.139999389648438,5240500
2010-12-16,EWA,25.31999969482422,25.43000030517578,25.170000076293945,25.40999984741211,2250300
2010-12-17,EWA,25.209999084472656,25.290000915527344,25.09000015258789,25.290000915527344,1658200
2010-12-20,EWA,25.31999969482422,25.3799991607666,25.15999984741211,25.290000915527344,1242700
2010-12-21,EWA,24.940000534057617,25.010000228881836,24.899999618530273,24.940000534057617,1895000
2010-12-22,EWA,24.989999771118164,25.1200008392334,24.979999542236328,25.09000015258789,2079100
2010-12-23,EWA,25.170000076293945,25.280000686645508,25.139999389648438,25.200000762939453,1829300
2010-12-27,EWA,25.139999389648438,25.170000076293945,24.940000534057617,25.170000076293945,1769500
2010-12-28,EWA,25.489999771118164,25.489999771118164,25.200000762939453,25.239999771118164,1382700
2010-12-29,EWA,25.43000030517578,25.5,25.3700008392334,25.43000030517578,1211900
2010-12-30,EWA,25.420000076293945,25.459999084472656,25.260000228881836,25.420000076293945,981700
2010-12-31,EWA,25.229999542236328,25.479999542236328,25.149999618530273,25.440000534057617,1096200
2011-01-03,EWA,25.549999237060547,25.739999771118164,25.469999313354492,25.59000015258789,2191400
2011-01-04,EWA,25.06999969482422,25.079999923706055,24.700000762939453,24.93000030517578,4275000
2011-01-05,EWA,24.540000915527344,24.799999237060547,24.5,24.760000228881836,2853400
2011-01-06,EWA,24.700000762939453,24.729999542236328,24.399999618530273,24.510000228881836,4409300
2011-01-07,EWA,24.5,24.559999465942383,24.18000030517578,24.420000076293945,4693500
2011-01-10,EWA,24.299999237060547,24.5,24.170000076293945,24.450000762939453,3859700
2011-01-11,EWA,24.360000610351562,24.459999084472656,24.270000457763672,24.40999984741211,4154900
2011-01-12,EWA,24.649999618530273,24.770000457763672,24.520000457763672,24.709999084472656,5263900
2011-01-13,EWA,25.0,25.1200008392334,24.809999465942383,24.8799991607666,3870100
2011-01-14,EWA,24.739999771118164,24.940000534057617,24.709999084472656,24.889999389648438,2690800
2011-01-18,EWA,25.020000457763672,25.110000610351562,24.950000762939453,25.100000381469727,2470000
2011-01-19,EWA,25.329999923706055,25.3700008392334,24.979999542236328,25.079999923706055,1851100
2011-01-20,EWA,24.6299991607666,24.719999313354492,24.389999389648438,24.65999984741211,3500500
2011-01-21,EWA,24.75,24.770000457763672,24.56999969482422,24.639999389648438,2170400
2011-01-24,EWA,24.760000228881836,25.1299991607666,24.739999771118164,25.030000686645508,1437800
2011-01-25,EWA,24.770000457763672,24.90999984741211,24.6299991607666,24.90999984741211,4466100
2011-01-26,EWA,25.0,25.170000076293945,24.920000076293945,25.100000381469727,5997800
2011-01-27,EWA,24.989999771118164,25.06999969482422,24.8700008392334,25.030000686645508,5493300
2011-01-28,EWA,25.010000228881836,25.06999969482422,24.5,24.56999969482422,3778000
2011-01-31,EWA,24.739999771118164,24.93000030517578,24.68000030517578,24.8700008392334,3533400
2011-02-01,EWA,25.170000076293945,25.5,25.139999389648438,25.3700008392334,4097800
2011-02-02,EWA,25.239999771118164,25.34000015258789,25.190000534057617,25.290000915527344,2644200
2011-02-03,EWA,25.469999313354492,25.65999984741211,25.299999237060547,25.6299991607666,2432300
2011-02-04,EWA,25.979999542236328,26.0,25.709999084472656,25.860000610351562,3328500
2011-02-07,EWA,25.90999984741211,26.059999465942383,25.899999618530273,25.950000762939453,2173000
2011-02-08,EWA,25.979999542236328,26.18000030517578,25.90999984741211,26.100000381469727,3326200
2011-02-09,EWA,25.950000762939453,26.040000915527344,25.809999465942383,25.969999313354492,2101800
2011-02-10,EWA,25.719999313354492,25.8700008392334,25.639999389648438,25.860000610351562,7575300
2011-02-11,EWA,25.579999923706055,25.860000610351562,25.549999237060547,25.790000915527344,3467400
2011-02-14,EWA,25.90999984741211,26.049999237060547,25.8799991607666,26.030000686645508,2471400
2011-02-15,EWA,25.8799991607666,25.93000030517578,25.709999084472656,25.770000457763672,3041700
2011-02-16,EWA,25.84000015258789,26.110000610351562,25.809999465942383,26.020000457763672,4499200
2011-02-17,EWA,26.010000228881836,26.350000381469727,25.950000762939453,26.309999465942383,6705500
2011-02-18,EWA,26.200000762939453,26.350000381469727,26.149999618530273,26.270000457763672,3100800
2011-02-22,EWA,25.6299991607666,25.739999771118164,25.239999771118164,25.31999969482422,3804000
2011-02-23,EWA,25.43000030517578,25.540000915527344,25.18000030517578,25.420000076293945,3130400
2011-02-24,EWA,25.540000915527344,25.649999618530273,25.270000457763672,25.530000686645508,3258100
2011-02-25,EWA,25.829999923706055,26.049999237060547,25.829999923706055,26.030000686645508,2411100
2011-02-28,EWA,26.049999237060547,26.15999984741211,25.989999771118164,26.110000610351562,2147100
2011-03-01,EWA,26.0,26.040000915527344,25.5,25.530000686645508,5554300
2011-03-02,EWA,25.690000534057617,25.940000534057617,25.690000534057617,25.84000015258789,4476800
2011-03-03,EWA,25.979999542236328,26.1200008392334,25.889999389648438,26.110000610351562,3202200
2011-03-04,EWA,26.0,26.020000457763672,25.719999313354492,25.950000762939453,5095500
2011-03-07,EWA,25.899999618530273,25.940000534057617,25.389999389648438,25.540000915527344,3327000
2011-03-08,EWA,25.540000915527344,25.84000015258789,25.450000762939453,25.729999542236328,5150700
2011-03-09,EWA,25.559999465942383,25.649999618530273,25.43000030517578,25.559999465942383,3834900
2011-03-10,EWA,24.8700008392334,24.8799991607666,24.639999389648438,24.68000030517578,4542200
2011-03-11,EWA,24.450000762939453,25.030000686645508,24.43000030517578,24.969999313354492,4449700
2011-03-14,EWA,24.56999969482422,24.719999313354492,24.40999984741211,24.709999084472656,3623100
2011-03-15,EWA,23.5,24.09000015258789,23.40999984741211,24.0,8315600
2011-03-16,EWA,23.8799991607666,23.969999313354492,23.170000076293945,23.450000762939453,8030200
2011-03-17,EWA,23.860000610351562,23.93000030517578,23.649999618530273,23.739999771118164,4044600
2011-03-18,EWA,24.440000534057617,24.479999542236328,24.280000686645508,24.399999618530273,7022900
2011-03-21,EWA,24.93000030517578,25.020000457763672,24.8799991607666,24.950000762939453,3813500
2011-03-22,EWA,25.010000228881836,25.06999969482422,24.90999984741211,24.950000762939453,3228900
2011-03-23,EWA,24.899999618530273,25.260000228881836,24.81999969482422,25.149999618530273,3387500
2011-03-24,EWA,25.510000228881836,25.739999771118164,25.40999984741211,25.65999984741211,4404600
2011-03-25,EWA,25.729999542236328,25.93000030517578,25.670000076293945,25.770000457763672,4292400
2011-03-28,EWA,25.780000686645508,25.899999618530273,25.739999771118164,25.75,3866500
2011-03-29,EWA,25.760000228881836,26.190000534057617,25.709999084472656,26.15999984741211,5391600
2011-03-30,EWA,26.440000534057617,26.59000015258789,26.3799991607666,26.540000915527344,3680800
2011-03-31,EWA,26.549999237060547,26.729999542236328,26.510000228881836,26.6200008392334,4715400
2011-04-01,EWA,26.81999969482422,27.020000457763672,26.690000534057617,26.93000030517578,5886600
2011-04-04,EWA,26.84000015258789,26.899999618530273,26.729999542236328,26.899999618530273,2723600
2011-04-05,EWA,26.739999771118164,26.969999313354492,26.709999084472656,26.8700008392334,2746800
2011-04-06,EWA,27.229999542236328,27.389999389648438,27.190000534057617,27.299999237060547,5599800
2011-04-07,EWA,27.389999389648438,27.479999542236328,27.06999969482422,27.280000686645508,3902800
2011-04-08,EWA,27.719999313354492,27.75,27.450000762939453,27.559999465942383,3293500
2011-04-11,EWA,27.90999984741211,27.959999084472656,27.56999969482422,27.6200008392334,2904000
2011-04-12,EWA,27.350000381469727,27.360000610351562,27.010000228881836,27.09000015258789,3192600
2011-04-13,EWA,27.350000381469727,27.469999313354492,27.139999389648438,27.299999237060547,3046100
2011-04-14,EWA,27.06999969482422,27.399999618530273,26.989999771118164,27.360000610351562,3697800
2011-04-15,EWA,27.209999084472656,27.31999969482422,27.09000015258789,27.229999542236328,3976900
2011-04-18,EWA,26.889999389648438,26.889999389648438,26.520000457763672,26.8700008392334,3727100
2011-04-19,EWA,26.809999465942383,26.950000762939453,26.739999771118164,26.90999984741211,2823100
2011-04-20,EWA,27.639999389648438,27.809999465942383,27.6299991607666,27.709999084472656,3066600
2011-04-21,EWA,27.8799991607666,28.049999237060547,27.829999923706055,28.040000915527344,2712100
2011-04-25,EWA,28.09000015258789,28.110000610351562,27.899999618530273,28.06999969482422,3034400
2011-04-26,EWA,28.06999969482422,28.31999969482422,28.0,28.219999313354492,5200000
2011-04-27,EWA,28.06999969482422,28.34000015258789,27.850000381469727,28.280000686645508,5320900
2011-04-28,EWA,28.139999389648438,28.360000610351562,28.049999237060547,28.350000381469727,4093600
2011-04-29,EWA,28.049999237060547,28.280000686645508,27.989999771118164,28.270000457763672,6585600
2011-05-02,EWA,28.06999969482422,28.219999313354492,27.8700008392334,27.93000030517578,2773600
2011-05-03,EWA,27.6299991607666,27.75,27.31999969482422,27.5,4210900
2011-05-04,EWA,27.260000228881836,27.280000686645508,26.739999771118164,26.81999969482422,4920500
2011-05-05,EWA,26.700000762939453,26.829999923706055,26.25,26.40999984741211,8228100
2011-05-06,EWA,27.190000534057617,27.31999969482422,26.719999313354492,26.8799991607666,5949700
2011-05-09,EWA,26.989999771118164,27.229999542236328,26.8799991607666,27.190000534057617,2335300
2011-05-10,EWA,27.100000381469727,27.3700008392334,27.040000915527344,27.329999923706055,6046200
2011-05-11,EWA,27.299999237060547,27.329999923706055,26.639999389648438,26.790000915527344,6795700
2011-05-12,EWA,26.420000076293945,26.709999084472656,26.209999084472656,26.6299991607666,4843000
2011-05-13,EWA,26.559999465942383,26.59000015258789,26.010000228881836,26.209999084472656,4565200
2011-05-16,EWA,26.219999313354492,26.530000686645508,26.079999923706055,26.200000762939453,7103600
2011-05-17,EWA,26.139999389648438,26.459999084472656,25.959999084472656,26.40999984741211,4997100
2011-05-18,EWA,26.3700008392334,26.719999313354492,26.299999237060547,26.649999618530273,5014600
2011-05-19,EWA,26.959999084472656,27.020000457763672,26.690000534057617,26.8799991607666,4512200
2011-05-20,EWA,26.719999313354492,26.84000015258789,26.420000076293945,26.6200008392334,3452800
2011-05-23,EWA,25.739999771118164,25.8799991607666,25.6299991607666,25.770000457763672,7716400
2011-05-24,EWA,26.0,26.110000610351562,25.850000381469727,25.950000762939453,3095600
2011-05-25,EWA,25.649999618530273,25.93000030517578,25.610000610351562,25.860000610351562,4756300
2011-05-26,EWA,26.190000534057617,26.420000076293945,26.020000457763672,26.299999237060547,5328900
2011-05-27,EWA,26.549999237060547,26.700000762939453,26.459999084472656,26.540000915527344,4812800
2011-05-31,EWA,26.729999542236328,26.770000457763672,26.489999771118164,26.719999313354492,6323100
2011-06-01,EWA,26.700000762939453,26.739999771118164,26.030000686645508,26.100000381469727,8041300
2011-06-02,EWA,26.010000228881836,26.1299991607666,25.709999084472656,26.06999969482422,4997300
2011-06-03,EWA,25.579999923706055,26.15999984741211,25.579999923706055,25.889999389648438,5173700
2011-06-06,EWA,26.049999237060547,26.06999969482422,25.729999542236328,25.780000686645508,5246100
2011-06-07,EWA,26.079999923706055,26.200000762939453,25.959999084472656,25.979999542236328,3371800
2011-06-08,EWA,25.56999969482422,25.690000534057617,25.450000762939453,25.510000228881836,4613700
2011-06-09,EWA,25.639999389648438,25.959999084472656,25.600000381469727,25.850000381469727,3399500
2011-06-10,EWA,25.649999618530273,25.690000534057617,25.239999771118164,25.329999923706055,6711800
2011-06-13,EWA,25.479999542236328,25.59000015258789,25.209999084472656,25.399999618530273,3413800
2011-06-14,EWA,25.93000030517578,26.170000076293945,25.90999984741211,26.059999465942383,4968400
2011-06-15,EWA,25.690000534057617,25.790000915527344,25.229999542236328,25.34000015258789,5897900
2011-06-16,EWA,25.040000915527344,25.229999542236328,24.8799991607666,25.110000610351562,5614100
2011-06-17,EWA,25.479999542236328,25.530000686645508,25.209999084472656,25.40999984741211,7774900
2011-06-20,EWA,25.09000015258789,25.280000686645508,25.059999465942383,25.229999542236328,7124900
2011-06-21,EWA,25.43000030517578,25.719999313354492,25.420000076293945,25.68000030517578,3811300
2011-06-22,EWA,25.09000015258789,25.350000381469727,25.020000457763672,25.040000915527344,2700600
2011-06-23,EWA,24.520000457763672,24.899999618530273,24.329999923706055,24.899999618530273,7347500
2011-06-24,EWA,24.940000534057617,24.959999084472656,24.59000015258789,24.639999389648438,2593300
2011-06-27,EWA,24.420000076293945,24.670000076293945,24.329999923706055,24.600000381469727,3354800
2011-06-28,EWA,24.760000228881836,25.100000381469727,24.709999084472656,25.09000015258789,5467300
2011-06-29,EWA,25.3799991607666,25.600000381469727,25.25,25.479999542236328,5102200
2011-06-30,EWA,25.979999542236328,26.139999389648438,25.93000030517578,26.049999237060547,3148000
2011-07-01,EWA,25.799999237060547,26.290000915527344,25.709999084472656,26.239999771118164,3528600
2011-07-05,EWA,25.850000381469727,25.90999984741211,25.709999084472656,25.809999465942383,4278000
2011-07-06,EWA,25.6200008392334,25.719999313354492,25.510000228881836,25.639999389648438,3073100
2011-07-07,EWA,25.989999771118164,26.190000534057617,25.969999313354492,26.079999923706055,4191300
2011-07-08,EWA,25.829999923706055,25.959999084472656,25.719999313354492,25.950000762939453,3165700
2011-07-11,EWA,25.3799991607666,25.469999313354492,25.1299991607666,25.219999313354492,3183900
2011-07-12,EWA,24.899999618530273,25.1299991607666,24.809999465942383,24.860000610351562,3632600
2011-07-13,EWA,25.209999084472656,25.610000610351562,25.1299991607666,25.329999923706055,5303900
2011-07-14,EWA,25.31999969482422,25.43000030517578,24.940000534057617,25.0,4409000
2011-07-15,EWA,24.90999984741211,24.950000762939453,24.68000030517578,24.850000381469727,3810700
2011-07-18,EWA,24.700000762939453,24.739999771118164,24.43000030517578,24.600000381469727,3491500
2011-07-19,EWA,25.010000228881836,25.280000686645508,24.979999542236328,25.190000534057617,4973200
2011-07-20,EWA,25.530000686645508,25.56999969482422,25.389999389648438,25.479999542236328,2434800
2011-07-21,EWA,25.6200008392334,26.030000686645508,25.579999923706055,25.899999618530273,4818400
2011-07-22,EWA,26.06999969482422,26.100000381469727,25.899999618530273,26.079999923706055,2113300
2011-07-25,EWA,25.690000534057617,25.850000381469727,25.6200008392334,25.739999771118164,3140500
2011-07-26,EWA,26.010000228881836,26.100000381469727,25.860000610351562,25.979999542236328,2650400
2011-07-27,EWA,26.059999465942383,26.059999465942383,25.579999923706055,25.68000030517578,4681600
2011-07-28,EWA,25.6299991607666,25.760000228881836,25.40999984741211,25.459999084472656,2534000
2011-07-29,EWA,25.059999465942383,25.389999389648438,24.989999771118164,25.209999084472656,4162500
2011-08-01,EWA,25.770000457763672,25.790000915527344,25.020000457763672,25.239999771118164,8076700
2011-08-02,EWA,24.8700008392334,25.0,24.459999084472656,24.479999542236328,5960600
2011-08-03,EWA,24.139999389648438,24.239999771118164,23.65999984741211,24.209999084472656,7117700
2011-08-04,EWA,23.329999923706055,23.3799991607666,22.459999084472656,22.5,7390200
2011-08-05,EWA,22.68000030517578,22.690000534057617,21.6200008392334,22.280000686645508,12368800
2011-08-08,EWA,21.360000610351562,21.670000076293945,20.450000762939453,20.489999771118164,11161900
2011-08-09,EWA,21.649999618530273,22.5,20.90999984741211,22.489999771118164,15588500
2011-08-10,EWA,22.010000228881836,22.110000610351562,21.389999389648438,21.43000030517578,10105000
2011-08-11,EWA,21.889999389648438,23.020000457763672,21.81999969482422,22.709999084472656,12662100
2011-08-12,EWA,22.90999984741211,23.030000686645508,22.6299991607666,22.84000015258789,8018400
2011-08-15,EWA,23.530000686645508,23.850000381469727,23.510000228881836,23.809999465942383,5127700
2011-08-16,EWA,23.200000762939453,23.510000228881836,22.969999313354492,23.31999969482422,9251700
2011-08-17,EWA,23.809999465942383,24.040000915527344,23.530000686645508,23.729999542236328,6234400
2011-08-18,EWA,22.8700008392334,22.889999389648438,22.260000228881836,22.610000610351562,9687100
2011-08-19,EWA,22.40999984741211,22.940000534057617,22.270000457763672,22.329999923706055,5291400
2011-08-22,EWA,22.889999389648438,22.889999389648438,22.309999465942383,22.360000610351562,9037800
2011-08-23,EWA,22.850000381469727,23.479999542236328,22.739999771118164,23.389999389648438,7092200
2011-08-24,EWA,23.100000381469727,23.399999618530273,22.93000030517578,23.280000686645508,4295100
2011-08-25,EWA,23.34000015258789,23.450000762939453,22.809999465942383,22.899999618530273,6497000
2011-08-26,EWA,22.959999084472656,23.56999969482422,22.610000610351562,23.469999313354492,5077000
2011-08-29,EWA,23.850000381469727,24.15999984741211,23.850000381469727,24.139999389648438,2681600
2011-08-30,EWA,23.850000381469727,24.219999313354492,23.709999084472656,24.1200008392334,8742400
2011-08-31,EWA,24.350000381469727,24.549999237060547,24.15999984741211,24.34000015258789,3885400
2011-09-01,EWA,24.209999084472656,24.459999084472656,24.06999969482422,24.09000015258789,5940900
2011-09-02,EWA,23.5,23.700000762939453,23.360000610351562,23.479999542236328,3702700
2011-09-06,EWA,22.639999389648438,22.979999542236328,22.559999465942383,22.940000534057617,7237300
2011-09-07,EWA,23.510000228881836,23.860000610351562,23.469999313354492,23.829999923706055,3483600
2011-09-08,EWA,23.450000762939453,23.719999313354492,23.239999771118164,23.31999969482422,5886400
2011-09-09,EWA,22.959999084472656,23.010000228881836,22.420000076293945,22.579999923706055,10190400
2011-09-12,EWA,21.920000076293945,22.260000228881836,21.709999084472656,22.239999771118164,5551400
2011-09-13,EWA,22.15999984741211,22.350000381469727,22.0,22.290000915527344,7419400
2011-09-14,EWA,22.0,22.309999465942383,21.59000015258789,22.09000015258789,5847400
2011-09-15,EWA,22.399999618530273,22.520000457763672,22.18000030517578,22.479999542236328,4361400
2011-09-16,EWA,22.65999984741211,22.760000228881836,22.450000762939453,22.65999984741211,2810000
2011-09-19,EWA,21.93000030517578,22.139999389648438,21.719999313354492,22.020000457763672,3189400
2011-09-20,EWA,22.1200008392334,22.329999923706055,21.8700008392334,21.889999389648438,4877000
2011-09-21,EWA,21.899999618530273,21.959999084472656,21.06999969482422,21.09000015258789,4542400
2011-09-22,EWA,20.100000381469727,20.200000762939453,19.639999389648438,19.93000030517578,8443200
2011-09-23,EWA,19.940000534057617,20.299999237060547,19.90999984741211,20.06999969482422,7576800
2011-09-26,EWA,20.329999923706055,20.639999389648438,19.959999084472656,20.600000381469727,8038000
2011-09-27,EWA,21.43000030517578,21.65999984741211,21.1299991607666,21.239999771118164,5291900
2011-09-28,EWA,21.270000457763672,21.43000030517578,20.6200008392334,20.670000076293945,4417700
2011-09-29,EWA,21.0,21.18000030517578,20.329999923706055,20.75,4859600
2011-09-30,EWA,20.239999771118164,20.540000915527344,20.030000686645508,20.059999465942383,4121100
2011-10-03,EWA,19.81999969482422,20.09000015258789,19.3700008392334,19.399999618530273,6360400
2011-10-04,EWA,19.139999389648438,19.850000381469727,18.90999984741211,19.84000015258789,8500000
2011-10-05,EWA,20.100000381469727,20.479999542236328,19.899999618530273,20.40999984741211,6150700
2011-10-06,EWA,20.799999237060547,21.350000381469727,20.670000076293945,21.299999237060547,4630400
2011-10-07,EWA,21.850000381469727,21.889999389648438,21.290000915527344,21.43000030517578,7450400
2011-10-10,EWA,22.1299991607666,22.479999542236328,22.100000381469727,22.420000076293945,4478400
2011-10-11,EWA,22.06999969482422,22.389999389648438,22.010000228881836,22.3700008392334,4737900
2011-10-12,EWA,22.760000228881836,23.110000610351562,22.700000762939453,22.770000457763672,4598400
2011-10-13,EWA,22.65999984741211,22.90999984741211,22.420000076293945,22.850000381469727,3266000
2011-10-14,EWA,23.190000534057617,23.360000610351562,23.079999923706055,23.31999969482422,2916000
2011-10-17,EWA,23.06999969482422,23.110000610351562,22.579999923706055,22.68000030517578,6862900
2011-10-18,EWA,22.549999237060547,23.239999771118164,22.25,23.020000457763672,5188400
2011-10-19,EWA,22.93000030517578,23.100000381469727,22.5,22.600000381469727,3286300
2011-10-20,EWA,22.540000915527344,22.610000610351562,22.100000381469727,22.540000915527344,3865100
2011-10-21,EWA,22.81999969482422,23.06999969482422,22.709999084472656,23.020000457763672,8927800
2011-10-24,EWA,23.31999969482422,23.850000381469727,23.309999465942383,23.760000228881836,4297000
2011-10-25,EWA,23.420000076293945,23.489999771118164,23.059999465942383,23.1200008392334,7267800
2011-10-26,EWA,23.450000762939453,23.520000457763672,22.969999313354492,23.450000762939453,4166500
2011-10-27,EWA,24.93000030517578,25.31999969482422,24.65999984741211,25.15999984741211,5289200
2011-10-28,EWA,24.649999618530273,24.920000076293945,24.610000610351562,24.8700008392334,5198900
2011-10-31,EWA,24.1299991607666,24.15999984741211,23.739999771118164,23.739999771118164,4277300
2011-11-01,EWA,22.670000076293945,23.200000762939453,22.59000015258789,22.860000610351562,6185300
2011-11-02,EWA,23.15999984741211,23.299999237060547,22.84000015258789,23.139999389648438,3926500
2011-11-03,EWA,23.440000534057617,23.709999084472656,23.0,23.6200008392334,4024200
2011-11-04,EWA,23.440000534057617,23.579999923706055,23.06999969482422,23.510000228881836,6823600
2011-11-07,EWA,23.520000457763672,23.709999084472656,23.270000457763672,23.670000076293945,3289000
2011-11-08,EWA,23.75,24.040000915527344,23.540000915527344,23.969999313354492,2602100
2011-11-09,EWA,23.149999618530273,23.170000076293945,22.729999542236328,22.760000228881836,2327200
2011-11-10,EWA,23.270000457763672,23.290000915527344,22.809999465942383,23.1299991607666,3557900
2011-11-11,EWA,23.510000228881836,23.90999984741211,23.5,23.799999237060547,2412200
2011-11-14,EWA,23.389999389648438,23.43000030517578,23.06999969482422,23.239999771118164,1973900
2011-11-15,EWA,23.15999984741211,23.40999984741211,23.0,23.290000915527344,1979900
2011-11-16,EWA,22.959999084472656,23.260000228881836,22.760000228881836,22.780000686645508,3545000
2011-11-17,EWA,22.760000228881836,22.850000381469727,22.170000076293945,22.299999237060547,4261800
2011-11-18,EWA,22.469999313354492,22.489999771118164,22.209999084472656,22.260000228881836,2349800
2011-11-21,EWA,21.709999084472656,21.75,21.360000610351562,21.56999969482422,3112900
2011-11-22,EWA,21.520000457763672,21.739999771118164,21.399999618530273,21.579999923706055,2031400
2011-11-23,EWA,21.079999923706055,21.1200008392334,20.780000686645508,20.81999969482422,2629000
2011-11-25,EWA,20.700000762939453,21.040000915527344,20.68000030517578,20.700000762939453,1901300
2011-11-28,EWA,21.790000915527344,21.860000610351562,21.440000534057617,21.6299991607666,2782100
2011-11-29,EWA,21.90999984741211,22.09000015258789,21.809999465942383,21.889999389648438,3889200
2011-11-30,EWA,23.06999969482422,23.280000686645508,23.020000457763672,23.260000228881836,7341000
2011-12-01,EWA,23.040000915527344,23.270000457763672,22.93000030517578,23.040000915527344,4830700
2011-12-02,EWA,23.65999984741211,23.690000534057617,23.290000915527344,23.309999465942383,3835800
2011-12-05,EWA,23.790000915527344,23.8799991607666,23.530000686645508,23.690000534057617,3767100
2011-12-06,EWA,23.40999984741211,23.59000015258789,23.309999465942383,23.399999618530273,2961700
2011-12-07,EWA,23.34000015258789,23.6299991607666,23.190000534057617,23.530000686645508,2508600
2011-12-08,EWA,23.260000228881836,23.280000686645508,22.700000762939453,22.760000228881836,3531100
2011-12-09,EWA,22.780000686645508,23.18000030517578,22.700000762939453,23.149999618530273,2168100
2011-12-12,EWA,22.579999923706055,22.6299991607666,22.299999237060547,22.440000534057617,2468600
2011-12-13,EWA,22.600000381469727,22.829999923706055,22.049999237060547,22.170000076293945,3115000
2011-12-14,EWA,22.0,22.100000381469727,21.739999771118164,21.8700008392334,3547200
2011-12-15,EWA,22.149999618530273,22.149999618530273,21.84000015258789,21.889999389648438,11313700
2011-12-16,EWA,22.049999237060547,22.18000030517578,21.780000686645508,21.889999389648438,7286000
2011-12-19,EWA,21.75,21.790000915527344,21.309999465942383,21.360000610351562,3479700
2011-12-20,EWA,21.239999771118164,21.479999542236328,21.209999084472656,21.459999084472656,3213200
2011-12-21,EWA,21.489999771118164,21.510000228881836,21.25,21.469999313354492,2839700
2011-12-22,EWA,21.540000915527344,21.75,21.489999771118164,21.670000076293945,1853500
2011-12-23,EWA,21.719999313354492,21.81999969482422,21.65999984741211,21.790000915527344,1324300
2011-12-27,EWA,21.739999771118164,21.860000610351562,21.690000534057617,21.75,1930700
2011-12-28,EWA,21.579999923706055,21.579999923706055,21.09000015258789,21.110000610351562,2277100
2011-12-29,EWA,21.18000030517578,21.479999542236328,21.1299991607666,21.450000762939453,2127200
2011-12-30,EWA,21.3700008392334,21.549999237060547,21.309999465942383,21.440000534057617,1498900
2012-01-03,EWA,21.959999084472656,22.190000534057617,21.950000762939453,22.079999923706055,2787500
2012-01-04,EWA,22.209999084472656,22.3799991607666,22.06999969482422,22.34000015258789,2432800
2012-01-05,EWA,21.989999771118164,22.100000381469727,21.809999465942383,22.049999237060547,1865800
2012-01-06,EWA,21.8799991607666,21.8799991607666,21.59000015258789,21.760000228881836,3673200
2012-01-09,EWA,21.780000686645508,21.829999923706055,21.59000015258789,21.829999923706055,1627700
2012-01-10,EWA,22.280000686645508,22.350000381469727,22.18000030517578,22.25,1645300
2012-01-11,EWA,22.239999771118164,22.420000076293945,22.170000076293945,22.3799991607666,1164400
2012-01-12,EWA,22.489999771118164,22.520000457763672,22.209999084472656,22.479999542236328,2735200
2012-01-13,EWA,22.18000030517578,22.31999969482422,21.93000030517578,22.299999237060547,4374200
2012-01-17,EWA,22.59000015258789,22.670000076293945,22.43000030517578,22.479999542236328,2381800
2012-01-18,EWA,22.56999969482422,22.889999389648438,22.510000228881836,22.8799991607666,2133500
2012-01-19,EWA,22.81999969482422,22.889999389648438,22.729999542236328,22.84000015258789,2679100
2012-01-20,EWA,22.84000015258789,22.950000762939453,22.790000915527344,22.940000534057617,2817000
2012-01-23,EWA,23.010000228881836,23.170000076293945,22.899999618530273,23.020000457763672,2865800
2012-01-24,EWA,22.709999084472656,22.90999984741211,22.639999389648438,22.84000015258789,4090700
2012-01-25,EWA,22.93000030517578,23.5,22.81999969482422,23.43000030517578,4276300
2012-01-26,EWA,23.719999313354492,23.799999237060547,23.3799991607666,23.5,3090900
2012-01-27,EWA,23.440000534057617,23.649999618530273,23.389999389648438,23.600000381469727,2510400
2012-01-30,EWA,23.200000762939453,23.440000534057617,23.09000015258789,23.3700008392334,2136100
2012-01-31,EWA,23.600000381469727,23.6200008392334,23.260000228881836,23.420000076293945,2357800
2012-02-01,EWA,23.600000381469727,23.81999969482422,23.600000381469727,23.65999984741211,3266700
2012-02-02,EWA,23.690000534057617,23.799999237060547,23.559999465942383,23.670000076293945,2592900
2012-02-03,EWA,23.8700008392334,24.059999465942383,23.799999237060547,24.020000457763672,5972100
2012-02-06,EWA,23.770000457763672,23.8799991607666,23.709999084472656,23.8700008392334,4365600
2012-02-07,EWA,23.84000015258789,23.959999084472656,23.729999542236328,23.860000610351562,3427000
2012-02-08,EWA,23.969999313354492,24.059999465942383,23.770000457763672,23.899999618530273,1714400
2012-02-09,EWA,24.0,24.010000228881836,23.799999237060547,23.8799991607666,1731900
2012-02-10,EWA,23.31999969482422,23.360000610351562,23.209999084472656,23.270000457763672,2534100
2012-02-13,EWA,23.690000534057617,23.75,23.579999923706055,23.649999618530273,3310500
2012-02-14,EWA,23.450000762939453,23.5,23.139999389648438,23.329999923706055,4796200
2012-02-15,EWA,23.469999313354492,23.510000228881836,23.209999084472656,23.260000228881836,2544100
2012-02-16,EWA,23.110000610351562,23.420000076293945,23.040000915527344,23.3700008392334,3130500
2012-02-17,EWA,23.329999923706055,23.34000015258789,23.09000015258789,23.190000534057617,3334400
2012-02-21,EWA,23.579999923706055,23.670000076293945,23.469999313354492,23.520000457763672,3876000
2012-02-22,EWA,23.479999542236328,23.59000015258789,23.43000030517578,23.479999542236328,3041700
2012-02-23,EWA,23.610000610351562,23.739999771118164,23.510000228881836,23.719999313354492,2838900
2012-02-24,EWA,23.809999465942383,23.950000762939453,23.729999542236328,23.760000228881836,3524600
2012-02-27,EWA,23.56999969482422,23.93000030517578,23.479999542236328,23.799999237060547,2794900
2012-02-28,EWA,23.760000228881836,23.860000610351562,23.68000030517578,23.809999465942383,2764500
2012-02-29,EWA,24.100000381469727,24.18000030517578,23.670000076293945,23.75,7614500
2012-03-01,EWA,23.860000610351562,24.0,23.809999465942383,23.899999618530273,4322000
2012-03-02,EWA,23.780000686645508,23.799999237060547,23.649999618530273,23.719999313354492,2770900
2012-03-05,EWA,23.6299991607666,23.639999389648438,23.420000076293945,23.510000228881836,1657600
2012-03-06,EWA,22.860000610351562,22.8799991607666,22.610000610351562,22.739999771118164,3297700
2012-03-07,EWA,22.690000534057617,22.90999984741211,22.649999618530273,22.8700008392334,2551300
2012-03-08,EWA,23.100000381469727,23.270000457763672,22.989999771118164,23.200000762939453,2345100
2012-03-09,EWA,23.18000030517578,23.329999923706055,23.110000610351562,23.149999618530273,1859300
2012-03-12,EWA,22.940000534057617,22.989999771118164,22.829999923706055,22.959999084472656,1876800
2012-03-13,EWA,23.170000076293945,23.479999542236328,23.1200008392334,23.450000762939453,2709400
2012-03-14,EWA,23.309999465942383,23.34000015258789,23.059999465942383,23.18000030517578,2260200
2012-03-15,EWA,23.31999969482422,23.5,23.239999771118164,23.479999542236328,2069400
2012-03-16,EWA,23.6200008392334,23.670000076293945,23.56999969482422,23.6200008392334,11836600
2012-03-19,EWA,23.549999237060547,23.829999923706055,23.510000228881836,23.729999542236328,2096000
2012-03-20,EWA,23.190000534057617,23.260000228881836,23.079999923706055,23.219999313354492,1694300
2012-03-21,EWA,23.100000381469727,23.149999618530273,22.979999542236328,23.110000610351562,2313000
2012-03-22,EWA,22.829999923706055,22.93000030517578,22.739999771118164,22.8799991607666,2756800
2012-03-23,EWA,23.0,23.239999771118164,22.8799991607666,23.200000762939453,2505100
2012-03-26,EWA,23.440000534057617,23.579999923706055,23.43000030517578,23.559999465942383,1713600
2012-03-27,EWA,23.520000457763672,23.549999237060547,23.350000381469727,23.350000381469727,1489000
2012-03-28,EWA,23.420000076293945,23.469999313354492,23.170000076293945,23.3799991607666,2480600
2012-03-29,EWA,23.200000762939453,23.43000030517578,23.049999237060547,23.389999389648438,4290300
2012-03-30,EWA,23.520000457763672,23.549999237060547,23.360000610351562,23.510000228881836,2442700
2012-04-02,EWA,23.399999618530273,23.739999771118164,23.34000015258789,23.6299991607666,1962000
2012-04-03,EWA,23.450000762939453,23.459999084472656,23.100000381469727,23.260000228881836,3390000
2012-04-04,EWA,23.030000686645508,23.100000381469727,22.889999389648438,22.979999542236328,3739000
2012-04-05,EWA,23.010000228881836,23.200000762939453,23.010000228881836,23.1200008392334,2165600
2012-04-09,EWA,22.899999618530273,23.06999969482422,22.850000381469727,22.93000030517578,946600
2012-04-10,EWA,22.950000762939453,22.989999771118164,22.549999237060547,22.610000610351562,2414600
2012-04-11,EWA,22.920000076293945,23.0,22.809999465942383,22.84000015258789,2209600
2012-04-12,EWA,23.149999618530273,23.469999313354492,23.149999618530273,23.450000762939453,2173800
2012-04-13,EWA,23.43000030517578,23.440000534057617,23.1299991607666,23.149999618530273,1684500
2012-04-16,EWA,23.34000015258789,23.3799991607666,23.110000610351562,23.239999771118164,2264700
2012-04-17,EWA,23.399999618530273,23.600000381469727,23.309999465942383,23.489999771118164,2130700
2012-04-18,EWA,23.469999313354492,23.600000381469727,23.43000030517578,23.459999084472656,1395800
2012-04-19,EWA,23.549999237060547,23.649999618530273,23.31999969482422,23.489999771118164,3553000
2012-04-20,EWA,23.6299991607666,23.729999542236328,23.579999923706055,23.610000610351562,1169000
2012-04-23,EWA,23.190000534057617,23.299999237060547,23.079999923706055,23.25,1598800
2012-04-24,EWA,23.399999618530273,23.540000915527344,23.360000610351562,23.440000534057617,1259300
2012-04-25,EWA,23.670000076293945,23.790000915527344,23.6200008392334,23.780000686645508,1445600
2012-04-26,EWA,23.6299991607666,23.889999389648438,23.610000610351562,23.81999969482422,1781000
2012-04-27,EWA,23.920000076293945,24.030000686645508,23.799999237060547,23.950000762939453,1532300
2012-04-30,EWA,23.84000015258789,23.860000610351562,23.75,23.84000015258789,1777600
2012-05-01,EWA,23.760000228881836,24.059999465942383,23.760000228881836,23.959999084472656,2229800
2012-05-02,EWA,23.75,23.920000076293945,23.65999984741211,23.899999618530273,1863700
2012-05-03,EWA,23.809999465942383,23.81999969482422,23.600000381469727,23.690000534057617,1461100
2012-05-04,EWA,23.309999465942383,23.360000610351562,23.06999969482422,23.100000381469727,2803300
2012-05-07,EWA,23.010000228881836,23.15999984741211,22.950000762939453,23.09000015258789,1555900
2012-05-08,EWA,22.65999984741211,22.700000762939453,22.389999389648438,22.6200008392334,3264300
2012-05-09,EWA,22.31999969482422,22.600000381469727,22.190000534057617,22.440000534057617,3814600
2012-05-10,EWA,22.920000076293945,22.959999084472656,22.68000030517578,22.719999313354492,6595900
2012-05-11,EWA,22.479999542236328,22.75,22.459999084472656,22.510000228881836,2190200
2012-05-14,EWA,22.309999465942383,22.469999313354492,22.239999771118164,22.290000915527344,2569300
2012-05-15,EWA,22.229999542236328,22.34000015258789,22.010000228881836,22.06999969482422,3271400
2012-05-16,EWA,21.850000381469727,21.979999542236328,21.579999923706055,21.579999923706055,3308200
2012-05-17,EWA,21.520000457763672,21.549999237060547,21.18000030517578,21.18000030517578,3280200
2012-05-18,EWA,21.18000030517578,21.200000762939453,20.809999465942383,20.850000381469727,3062000
2012-05-21,EWA,20.93000030517578,21.399999618530273,20.920000076293945,21.3700008392334,4338300
2012-05-22,EWA,21.40999984741211,21.520000457763672,21.06999969482422,21.229999542236328,2018400
2012-05-23,EWA,20.84000015258789,20.969999313354492,20.530000686645508,20.959999084472656,2957600
2012-05-24,EWA,20.940000534057617,20.969999313354492,20.639999389648438,20.850000381469727,2555100
2012-05-25,EWA,20.649999618530273,20.760000228881836,20.559999465942383,20.579999923706055,2108800
2012-05-29,EWA,21.170000076293945,21.280000686645508,20.979999542236328,21.209999084472656,2138200
2012-05-30,EWA,20.790000915527344,20.799999237060547,20.610000610351562,20.649999618530273,2428100
2012-05-31,EWA,20.809999465942383,20.889999389648438,20.5,20.760000228881836,2518100
2012-06-01,EWA,20.5,20.6299991607666,20.350000381469727,20.3700008392334,2894400
2012-06-04,EWA,20.56999969482422,20.639999389648438,20.360000610351562,20.56999969482422,2220300
2012-06-05,EWA,20.59000015258789,20.799999237060547,20.579999923706055,20.790000915527344,2643200
2012-06-06,EWA,21.1200008392334,21.510000228881836,21.1200008392334,21.510000228881836,4765400
2012-06-07,EWA,21.850000381469727,21.8700008392334,21.450000762939453,21.520000457763672,2295700
2012-06-08,EWA,21.06999969482422,21.5,21.030000686645508,21.489999771118164,1271700
2012-06-11,EWA,21.610000610351562,21.6299991607666,21.1200008392334,21.139999389648438,1692900
2012-06-12,EWA,21.3700008392334,21.5,21.200000762939453,21.489999771118164,1959900
2012-06-13,EWA,21.290000915527344,21.479999542236328,21.190000534057617,21.260000228881836,1439700
2012-06-14,EWA,21.200000762939453,21.43000030517578,21.100000381469727,21.3700008392334,1611100
2012-06-15,EWA,21.440000534057617,21.68000030517578,21.40999984741211,21.670000076293945,1479900
2012-06-18,EWA,21.739999771118164,22.020000457763672,21.690000534057617,21.940000534057617,1623300
2012-06-19,EWA,22.290000915527344,22.43000030517578,22.25,22.31999969482422,3483800
2012-06-20,EWA,22.299999237060547,22.459999084472656,22.059999465942383,22.190000534057617,3450500
2012-06-21,EWA,21.610000610351562,21.6299991607666,20.940000534057617,20.969999313354492,2001700
2012-06-22,EWA,21.079999923706055,21.170000076293945,20.950000762939453,21.110000610351562,1298100
2012-06-25,EWA,20.770000457763672,20.780000686645508,20.600000381469727,20.719999313354492,1700600
2012-06-26,EWA,20.93000030517578,21.110000610351562,20.760000228881836,21.0,1592100
2012-06-27,EWA,21.18000030517578,21.299999237060547,21.1200008392334,21.270000457763672,1053300
2012-06-28,EWA,20.959999084472656,21.110000610351562,20.809999465942383,21.049999237060547,1622400
2012-06-29,EWA,21.809999465942383,21.8799991607666,21.739999771118164,21.850000381469727,1491700
2012-07-02,EWA,21.989999771118164,22.040000915527344,21.860000610351562,22.030000686645508,945000
2012-07-03,EWA,21.950000762939453,22.18000030517578,21.940000534057617,22.18000030517578,1204400
2012-07-05,EWA,22.1299991607666,22.229999542236328,22.030000686645508,22.139999389648438,1162600
2012-07-06,EWA,21.8799991607666,21.950000762939453,21.729999542236328,21.889999389648438,1005200
2012-07-09,EWA,21.770000457763672,21.84000015258789,21.670000076293945,21.84000015258789,911900
2012-07-10,EWA,21.8799991607666,21.899999618530273,21.459999084472656,21.540000915527344,2323000
2012-07-11,EWA,21.739999771118164,21.84000015258789,21.56999969482422,21.75,1182800
2012-07-12,EWA,21.360000610351562,21.510000228881836,21.229999542236328,21.43000030517578,1466200
2012-07-13,EWA,21.510000228881836,21.84000015258789,21.510000228881836,21.809999465942383,780400
2012-07-16,EWA,21.829999923706055,21.889999389648438,21.700000762939453,21.850000381469727,952900
2012-07-17,EWA,22.059999465942383,22.209999084472656,21.809999465942383,22.170000076293945,1326900
2012-07-18,EWA,22.059999465942383,22.389999389648438,22.059999465942383,22.309999465942383,1745800
2012-07-19,EWA,22.670000076293945,22.770000457763672,22.56999969482422,22.690000534057617,1968700
2012-07-20,EWA,22.579999923706055,22.600000381469727,22.399999618530273,22.420000076293945,2969300
2012-07-23,EWA,21.850000381469727,22.040000915527344,21.760000228881836,22.0,2276800
2012-07-24,EWA,22.100000381469727,22.1200008392334,21.68000030517578,21.8700008392334,1415700
2012-07-25,EWA,22.149999618530273,22.260000228881836,21.950000762939453,22.139999389648438,3683800
2012-07-26,EWA,22.56999969482422,22.670000076293945,22.489999771118164,22.559999465942383,1725200
2012-07-27,EWA,22.860000610351562,23.229999542236328,22.829999923706055,23.170000076293945,2865000
2012-07-30,EWA,23.18000030517578,23.290000915527344,23.139999389648438,23.190000534057617,1159000
2012-07-31,EWA,23.270000457763672,23.329999923706055,23.139999389648438,23.18000030517578,3700200
2012-08-01,EWA,23.350000381469727,23.3700008392334,23.100000381469727,23.1200008392334,2522600
2012-08-02,EWA,23.030000686645508,23.280000686645508,22.8799991607666,23.06999969482422,3052300
2012-08-03,EWA,23.399999618530273,23.600000381469727,23.3700008392334,23.520000457763672,1831800
2012-08-06,EWA,23.489999771118164,23.639999389648438,23.459999084472656,23.520000457763672,1536200
2012-08-07,EWA,23.690000534057617,23.770000457763672,23.6200008392334,23.6200008392334,2532600
2012-08-08,EWA,23.690000534057617,23.8700008392334,23.670000076293945,23.780000686645508,1061900
2012-08-09,EWA,23.719999313354492,23.84000015258789,23.690000534057617,23.770000457763672,1380200
2012-08-10,EWA,23.520000457763672,23.760000228881836,23.479999542236328,23.760000228881836,1325500
2012-08-13,EWA,23.549999237060547,23.6200008392334,23.420000076293945,23.510000228881836,2177100
2012-08-14,EWA,23.489999771118164,23.549999237060547,23.389999389648438,23.469999313354492,2650500
2012-08-15,EWA,23.360000610351562,23.450000762939453,23.34000015258789,23.40999984741211,3172000
2012-08-16,EWA,23.56999969482422,23.799999237060547,23.510000228881836,23.739999771118164,2262500
2012-08-17,EWA,23.709999084472656,23.739999771118164,23.6200008392334,23.670000076293945,1608400
2012-08-20,EWA,23.790000915527344,23.850000381469727,23.719999313354492,23.84000015258789,844500
2012-08-21,EWA,24.139999389648438,24.239999771118164,23.979999542236328,24.049999237060547,4894400
2012-08-22,EWA,23.850000381469727,24.1200008392334,23.809999465942383,24.09000015258789,1468100
2012-08-23,EWA,23.93000030517578,23.950000762939453,23.729999542236328,23.790000915527344,2341000
2012-08-24,EWA,23.6200008392334,23.81999969482422,23.559999465942383,23.760000228881836,1351900
2012-08-27,EWA,23.65999984741211,23.719999313354492,23.56999969482422,23.600000381469727,1380100
2012-08-28,EWA,23.6299991607666,23.75,23.59000015258789,23.68000030517578,1286600
2012-08-29,EWA,23.709999084472656,23.739999771118164,23.59000015258789,23.6200008392334,1068900
2012-08-30,EWA,23.43000030517578,23.43000030517578,23.1299991607666,23.18000030517578,2404700
2012-08-31,EWA,23.450000762939453,23.600000381469727,23.239999771118164,23.469999313354492,2780800
2012-09-04,EWA,23.15999984741211,23.209999084472656,22.969999313354492,23.049999237060547,7548500
2012-09-05,EWA,22.989999771118164,23.059999465942383,22.8799991607666,22.989999771118164,2768800
2012-09-06,EWA,23.219999313354492,23.600000381469727,23.209999084472656,23.549999237060547,5736100
2012-09-07,EWA,23.610000610351562,23.760000228881836,23.610000610351562,23.729999542236328,2071100
2012-09-10,EWA,23.559999465942383,23.649999618530273,23.43000030517578,23.450000762939453,1790000
2012-09-11,EWA,23.700000762939453,23.8700008392334,23.690000534057617,23.809999465942383,2546100
2012-09-12,EWA,23.969999313354492,23.989999771118164,23.84000015258789,23.899999618530273,1664500
2012-09-13,EWA,23.84000015258789,24.450000762939453,23.770000457763672,24.329999923706055,3272900
2012-09-14,EWA,24.440000534057617,24.709999084472656,24.40999984741211,24.489999771118164,1930400
2012-09-17,EWA,24.3799991607666,24.420000076293945,24.139999389648438,24.209999084472656,1643200
2012-09-18,EWA,24.110000610351562,24.170000076293945,24.020000457763672,24.15999984741211,1901000
2012-09-19,EWA,24.219999313354492,24.389999389648438,24.170000076293945,24.329999923706055,1428100
2012-09-20,EWA,23.969999313354492,24.18000030517578,23.8799991607666,24.170000076293945,4116800
2012-09-21,EWA,24.309999465942383,24.329999923706055,24.15999984741211,24.15999984741211,1273700
2012-09-24,EWA,23.969999313354492,24.079999923706055,23.90999984741211,24.030000686645508,3496900
2012-09-25,EWA,24.06999969482422,24.1200008392334,23.65999984741211,23.700000762939453,4376900
2012-09-26,EWA,23.639999389648438,23.709999084472656,23.530000686645508,23.6200008392334,1452700
2012-09-27,EWA,23.93000030517578,24.149999618530273,23.829999923706055,24.059999465942383,1398400
2012-09-28,EWA,23.899999618530273,23.90999984741211,23.729999542236328,23.790000915527344,3303800
2012-10-01,EWA,24.030000686645508,24.260000228881836,23.969999313354492,24.020000457763672,2305500
2012-10-02,EWA,24.149999618530273,24.18000030517578,23.90999984741211,23.989999771118164,3128800
2012-10-03,EWA,23.93000030517578,23.979999542236328,23.780000686645508,23.809999465942383,4976500
2012-10-04,EWA,23.940000534057617,24.149999618530273,23.8799991607666,24.030000686645508,3949300
2012-10-05,EWA,24.299999237060547,24.34000015258789,23.90999984741211,24.010000228881836,2811900
2012-10-08,EWA,23.979999542236328,24.059999465942383,23.920000076293945,24.010000228881836,1226000
2012-10-09,EWA,24.139999389648438,24.190000534057617,23.920000076293945,23.969999313354492,3796500
2012-10-10,EWA,24.1299991607666,24.170000076293945,23.93000030517578,24.010000228881836,2397800
2012-10-11,EWA,24.31999969482422,24.350000381469727,24.149999618530273,24.149999618530273,2934000
2012-10-12,EWA,24.149999618530273,24.239999771118164,24.020000457763672,24.06999969482422,2622200
2012-10-15,EWA,24.209999084472656,24.3799991607666,24.09000015258789,24.309999465942383,3939000
2012-10-16,EWA,24.3700008392334,24.489999771118164,24.34000015258789,24.469999313354492,1951800
2012-10-17,EWA,24.719999313354492,24.940000534057617,24.65999984741211,24.889999389648438,6167900
2012-10-18,EWA,24.850000381469727,25.049999237060547,24.739999771118164,24.81999969482422,2781000
2012-10-19,EWA,24.829999923706055,24.850000381469727,24.520000457763672,24.559999465942383,2256700
2012-10-22,EWA,24.59000015258789,24.709999084472656,24.43000030517578,24.610000610351562,2481200
2012-10-23,EWA,24.329999923706055,24.329999923706055,24.1200008392334,24.260000228881836,3108100
2012-10-24,EWA,24.469999313354492,24.520000457763672,24.3700008392334,24.420000076293945,2217200
2012-10-25,EWA,24.690000534057617,24.75,24.450000762939453,24.600000381469727,1177100
2012-10-26,EWA,24.450000762939453,24.559999465942383,24.3700008392334,24.489999771118164,1402400
2012-10-31,EWA,24.56999969482422,24.639999389648438,24.479999542236328,24.579999923706055,1908500
2012-11-01,EWA,24.3799991607666,24.579999923706055,24.3700008392334,24.579999923706055,3061400
2012-11-02,EWA,24.540000915527344,24.549999237060547,24.149999618530273,24.200000762939453,2097100
2012-11-05,EWA,24.34000015258789,24.399999618530273,24.25,24.360000610351562,3226500
2012-11-06,EWA,24.6200008392334,24.760000228881836,24.610000610351562,24.719999313354492,5300900
2012-11-07,EWA,24.6200008392334,24.639999389648438,24.3700008392334,24.5,3271100
2012-11-08,EWA,24.56999969482422,24.690000534057617,24.399999618530273,24.399999618530273,3497700
2012-11-09,EWA,24.40999984741211,24.649999618530273,24.389999389648438,24.5,2959600
2012-11-12,EWA,24.579999923706055,24.6200008392334,24.5,24.530000686645508,1423300
2012-11-13,EWA,24.149999618530273,24.3799991607666,24.1200008392334,24.239999771118164,4079800
2012-11-14,EWA,24.18000030517578,24.229999542236328,23.809999465942383,23.860000610351562,4339000
2012-11-15,EWA,23.770000457763672,23.81999969482422,23.6299991607666,23.780000686645508,3497200
2012-11-16,EWA,23.700000762939453,23.84000015258789,23.459999084472656,23.790000915527344,2162900
2012-11-19,EWA,24.030000686645508,24.219999313354492,24.020000457763672,24.209999084472656,2767600
2012-11-20,EWA,24.100000381469727,24.15999984741211,23.950000762939453,24.100000381469727,1828400
2012-11-21,EWA,24.059999465942383,24.1200008392334,23.979999542236328,24.09000015258789,1568100
2012-11-23,EWA,24.299999237060547,24.559999465942383,24.299999237060547,24.559999465942383,853700
2012-11-26,EWA,24.43000030517578,24.5,24.34000015258789,24.489999771118164,1388300
2012-11-27,EWA,24.610000610351562,24.700000762939453,24.520000457763672,24.540000915527344,1737100
2012-11-28,EWA,24.5,24.760000228881836,24.420000076293945,24.729999542236328,3822700
2012-11-29,EWA,24.889999389648438,24.969999313354492,24.809999465942383,24.8799991607666,2324000
2012-11-30,EWA,24.950000762939453,25.030000686645508,24.90999984741211,24.969999313354492,1771700
2012-12-03,EWA,25.149999618530273,25.170000076293945,24.969999313354492,24.989999771118164,2919800
2012-12-04,EWA,25.049999237060547,25.1200008392334,25.010000228881836,25.040000915527344,3670800
2012-12-05,EWA,25.100000381469727,25.219999313354492,24.959999084472656,25.06999969482422,3348000
2012-12-06,EWA,25.139999389648438,25.260000228881836,25.110000610351562,25.18000030517578,2239900
2012-12-07,EWA,25.350000381469727,25.40999984741211,25.309999465942383,25.399999618530273,1771700
2012-12-10,EWA,25.420000076293945,25.489999771118164,25.40999984741211,25.459999084472656,1400200
2012-12-11,EWA,25.559999465942383,25.709999084472656,25.559999465942383,25.6200008392334,2160900
2012-12-12,EWA,25.729999542236328,25.8700008392334,25.68000030517578,25.700000762939453,1603800
2012-12-13,EWA,25.6200008392334,25.709999084472656,25.469999313354492,25.56999969482422,2032900
2012-12-14,EWA,25.530000686645508,25.68000030517578,25.520000457763672,25.600000381469727,1632100
2012-12-17,EWA,25.540000915527344,25.729999542236328,25.510000228881836,25.709999084472656,2092100
2012-12-18,EWA,24.829999923706055,24.969999313354492,24.760000228881836,24.899999618530273,3909400
2012-12-19,EWA,24.899999618530273,24.959999084472656,24.799999237060547,24.829999923706055,2066600
2012-12-20,EWA,24.889999389648438,24.959999084472656,24.81999969482422,24.950000762939453,1722300
2012-12-21,EWA,24.739999771118164,24.850000381469727,24.690000534057617,24.75,2546300
2012-12-24,EWA,24.709999084472656,24.729999542236328,24.6200008392334,24.649999618530273,544500
2012-12-26,EWA,24.600000381469727,24.770000457763672,24.530000686645508,24.610000610351562,1175900
2012-12-27,EWA,24.850000381469727,24.860000610351562,24.6299991607666,24.780000686645508,3889700
2012-12-28,EWA,24.770000457763672,24.889999389648438,24.670000076293945,24.690000534057617,2644000
2012-12-31,EWA,24.670000076293945,25.15999984741211,24.670000076293945,25.139999389648438,3194000
2013-01-02,EWA,25.420000076293945,25.5,25.309999465942383,25.489999771118164,3725200
2013-01-03,EWA,25.5,25.549999237060547,25.34000015258789,25.3700008392334,2103900
2013-01-04,EWA,25.360000610351562,25.520000457763672,25.290000915527344,25.479999542236328,1239800
2013-01-07,EWA,25.34000015258789,25.420000076293945,25.280000686645508,25.399999618530273,1548300
2013-01-08,EWA,25.229999542236328,25.270000457763672,25.139999389648438,25.229999542236328,1067700
2013-01-09,EWA,25.3799991607666,25.479999542236328,25.329999923706055,25.389999389648438,1814400
2013-01-10,EWA,25.610000610351562,25.700000762939453,25.520000457763672,25.68000030517578,1539000
2013-01-11,EWA,25.510000228881836,25.520000457763672,25.420000076293945,25.459999084472656,2267200
2013-01-14,EWA,25.459999084472656,25.549999237060547,25.399999618530273,25.530000686645508,1621100
2013-01-15,EWA,25.420000076293945,25.530000686645508,25.3799991607666,25.510000228881836,2309600
2013-01-16,EWA,25.56999969482422,25.709999084472656,25.540000915527344,25.690000534057617,2670800
2013-01-17,EWA,25.799999237060547,25.920000076293945,25.770000457763672,25.81999969482422,2504500
2013-01-18,EWA,25.719999313354492,25.809999465942383,25.649999618530273,25.770000457763672,1590900
2013-01-22,EWA,25.780000686645508,25.90999984741211,25.75,25.889999389648438,1957600
2013-01-23,EWA,25.90999984741211,25.950000762939453,25.850000381469727,25.920000076293945,2055500
2013-01-24,EWA,25.8799991607666,26.0,25.829999923706055,25.899999618530273,1069300
2013-01-25,EWA,26.030000686645508,26.049999237060547,25.920000076293945,25.989999771118164,1080700
2013-01-28,EWA,25.940000534057617,25.979999542236328,25.860000610351562,25.940000534057617,1296500
2013-01-29,EWA,26.149999618530273,26.25,26.110000610351562,26.209999084472656,1713100
2013-01-30,EWA,26.190000534057617,26.280000686645508,26.100000381469727,26.110000610351562,2546900
2013-01-31,EWA,26.09000015258789,26.200000762939453,26.059999465942383,26.1200008392334,1142800
2013-02-01,EWA,26.299999237060547,26.389999389648438,26.25,26.31999969482422,2426300
2013-02-04,EWA,26.110000610351562,26.15999984741211,26.010000228881836,26.049999237060547,1606400
2013-02-05,EWA,26.059999465942383,26.200000762939453,26.040000915527344,26.1299991607666,1480000
2013-02-06,EWA,25.989999771118164,26.139999389648438,25.959999084472656,26.1200008392334,1283900
2013-02-07,EWA,26.170000076293945,26.219999313354492,25.90999984741211,25.979999542236328,2710700
2013-02-08,EWA,26.260000228881836,26.350000381469727,26.25,26.299999237060547,1202200
2013-02-11,EWA,26.219999313354492,26.280000686645508,26.170000076293945,26.209999084472656,931700
2013-02-12,EWA,26.209999084472656,26.350000381469727,26.190000534057617,26.239999771118164,1979500
2013-02-13,EWA,26.520000457763672,26.6200008392334,26.479999542236328,26.540000915527344,1497600
2013-02-14,EWA,26.65999984741211,26.760000228881836,26.649999618530273,26.760000228881836,1289300
2013-02-15,EWA,26.829999923706055,26.84000015258789,26.649999618530273,26.739999771118164,1427400
2013-02-19,EWA,27.1200008392334,27.270000457763672,27.1200008392334,27.270000457763672,2671500
2013-02-20,EWA,27.190000534057617,27.200000762939453,26.84000015258789,26.850000381469727,1803200
2013-02-21,EWA,26.489999771118164,26.559999465942383,26.309999465942383,26.3799991607666,2233000
2013-02-22,EWA,26.719999313354492,26.889999389648438,26.6200008392334,26.889999389648438,3663500
2013-02-25,EWA,27.040000915527344,27.06999969482422,26.56999969482422,26.600000381469727,2122200
2013-02-26,EWA,26.549999237060547,26.649999618530273,26.3799991607666,26.600000381469727,3500700
2013-02-27,EWA,26.56999969482422,26.959999084472656,26.530000686645508,26.90999984741211,1860600
2013-02-28,EWA,26.979999542236328,27.110000610351562,26.8799991607666,26.8799991607666,1657500
2013-03-01,EWA,26.850000381469727,26.989999771118164,26.780000686645508,26.940000534057617,2095800
2013-03-04,EWA,26.6200008392334,26.809999465942383,26.600000381469727,26.790000915527344,2646200
2013-03-05,EWA,27.110000610351562,27.260000228881836,27.09000015258789,27.219999313354492,1714100
2013-03-06,EWA,27.459999084472656,27.479999542236328,27.25,27.360000610351562,1619400
2013-03-07,EWA,27.389999389648438,27.5,27.3799991607666,27.450000762939453,1558900
2013-03-08,EWA,27.459999084472656,27.459999084472656,27.31999969482422,27.43000030517578,2075800
2013-03-11,EWA,27.440000534057617,27.610000610351562,27.399999618530273,27.59000015258789,727000
2013-03-12,EWA,27.579999923706055,27.6299991607666,27.479999542236328,27.56999969482422,1445800
2013-03-13,EWA,27.440000534057617,27.440000534057617,27.290000915527344,27.360000610351562,774000
2013-03-14,EWA,27.260000228881836,27.34000015258789,27.229999542236328,27.260000228881836,1522200
2013-03-15,EWA,27.559999465942383,27.690000534057617,27.510000228881836,27.690000534057617,1475800
2013-03-18,EWA,27.25,27.450000762939453,27.209999084472656,27.309999465942383,1937300
2013-03-19,EWA,26.950000762939453,26.959999084472656,26.649999618530273,26.81999969482422,2986600
2013-03-20,EWA,26.860000610351562,26.950000762939453,26.860000610351562,26.899999618530273,1290000
2013-03-21,EWA,26.739999771118164,26.8700008392334,26.68000030517578,26.760000228881836,11754500
2013-03-22,EWA,26.920000076293945,27.1200008392334,26.920000076293945,27.09000015258789,1116500
2013-03-25,EWA,27.1200008392334,27.18000030517578,26.81999969482422,26.959999084472656,2396700
2013-03-26,EWA,26.989999771118164,27.079999923706055,26.920000076293945,27.06999969482422,1633200
2013-03-27,EWA,26.940000534057617,27.110000610351562,26.889999389648438,27.100000381469727,1106400
2013-03-28,EWA,26.989999771118164,27.110000610351562,26.950000762939453,27.040000915527344,2185000
2013-04-01,EWA,26.989999771118164,27.079999923706055,26.889999389648438,26.93000030517578,1652000
2013-04-02,EWA,27.1200008392334,27.209999084472656,27.049999237060547,27.079999923706055,1799900
2013-04-03,EWA,27.059999465942383,27.100000381469727,26.690000534057617,26.729999542236328,2075900
2013-04-04,EWA,26.639999389648438,26.770000457763672,26.520000457763672,26.739999771118164,1444500
2013-04-05,EWA,26.260000228881836,26.440000534057617,26.149999618530273,26.420000076293945,2066500
2013-04-08,EWA,26.559999465942383,26.639999389648438,26.43000030517578,26.639999389648438,1959200
2013-04-09,EWA,27.030000686645508,27.239999771118164,26.93000030517578,27.1200008392334,2791800
2013-04-10,EWA,27.260000228881836,27.450000762939453,27.260000228881836,27.3700008392334,988000
2013-04-11,EWA,27.56999969482422,27.700000762939453,27.5,27.559999465942383,1272500
2013-04-12,EWA,27.399999618530273,27.450000762939453,27.200000762939453,27.360000610351562,1544400
2013-04-15,EWA,26.81999969482422,26.850000381469727,26.309999465942383,26.329999923706055,2674700
2013-04-16,EWA,26.81999969482422,27.020000457763672,26.709999084472656,26.959999084472656,2873300
2013-04-17,EWA,26.829999923706055,26.850000381469727,26.530000686645508,26.68000030517578,2023200
2013-04-18,EWA,26.6200008392334,26.639999389648438,26.31999969482422,26.450000762939453,1539100
2013-04-19,EWA,26.469999313354492,26.549999237060547,26.389999389648438,26.469999313354492,2077200
2013-04-22,EWA,26.540000915527344,26.670000076293945,26.3700008392334,26.649999618530273,834600
2013-04-23,EWA,26.940000534057617,27.1200008392334,26.860000610351562,27.09000015258789,1733900
2013-04-24,EWA,27.420000076293945,27.56999969482422,27.360000610351562,27.479999542236328,1519400
2013-04-25,EWA,27.59000015258789,27.729999542236328,27.510000228881836,27.559999465942383,1595500
2013-04-26,EWA,27.420000076293945,27.479999542236328,27.34000015258789,27.440000534057617,1685800
2013-04-29,EWA,27.700000762939453,27.920000076293945,27.700000762939453,27.860000610351562,1604800
2013-04-30,EWA,27.989999771118164,28.149999618530273,27.889999389648438,28.100000381469727,2576400
2013-05-01,EWA,27.809999465942383,27.84000015258789,27.59000015258789,27.6200008392334,1123200
2013-05-02,EWA,27.549999237060547,27.700000762939453,27.5,27.6299991607666,1471200
2013-05-03,EWA,27.809999465942383,28.0,27.809999465942383,27.979999542236328,1226600
2013-05-06,EWA,27.6299991607666,27.760000228881836,27.610000610351562,27.739999771118164,772600
2013-05-07,EWA,27.399999618530273,27.479999542236328,27.31999969482422,27.459999084472656,2083400
2013-05-08,EWA,27.610000610351562,27.729999542236328,27.59000015258789,27.690000534057617,1497200
2013-05-09,EWA,27.690000534057617,27.690000534057617,27.190000534057617,27.34000015258789,1759700
2013-05-10,EWA,27.170000076293945,27.25,27.059999465942383,27.229999542236328,1848200
2013-05-13,EWA,27.200000762939453,27.219999313354492,27.09000015258789,27.149999618530273,1333600
2013-05-14,EWA,27.059999465942383,27.229999542236328,27.059999465942383,27.18000030517578,2214200
2013-05-15,EWA,26.90999984741211,26.979999542236328,26.829999923706055,26.940000534057617,1573400
2013-05-16,EWA,26.709999084472656,26.8700008392334,26.540000915527344,26.59000015258789,2905700
2013-05-17,EWA,26.420000076293945,26.549999237060547,26.389999389648438,26.530000686645508,4996300
2013-05-20,EWA,26.65999984741211,26.889999389648438,26.649999618530273,26.8700008392334,2097400
2013-05-21,EWA,26.479999542236328,26.760000228881836,26.399999618530273,26.59000015258789,2043700
2013-05-22,EWA,26.399999618530273,26.719999313354492,25.979999542236328,26.06999969482422,4884000
2013-05-23,EWA,25.739999771118164,26.030000686645508,25.649999618530273,25.920000076293945,3319900
2013-05-24,EWA,25.010000228881836,25.059999465942383,24.90999984741211,25.049999237060547,2292200
2013-05-28,EWA,25.239999771118164,25.31999969482422,25.010000228881836,25.06999969482422,2542700
2013-05-29,EWA,24.979999542236328,25.06999969482422,24.850000381469727,24.969999313354492,1598700
2013-05-30,EWA,24.969999313354492,25.18000030517578,24.950000762939453,25.059999465942383,1012800
2013-05-31,EWA,24.639999389648438,24.729999542236328,24.40999984741211,24.40999984741211,2946400
2013-06-03,EWA,24.649999618530273,24.969999313354492,24.56999969482422,24.950000762939453,3770300
2013-06-04,EWA,24.770000457763672,24.81999969482422,24.5,24.649999618530273,1984100
2013-06-05,EWA,24.1299991607666,24.18000030517578,23.81999969482422,23.84000015258789,2320000
2013-06-06,EWA,23.639999389648438,24.040000915527344,23.59000015258789,24.030000686645508,4175500
2013-06-07,EWA,23.649999618530273,23.950000762939453,23.59000015258789,23.8799991607666,2730400
2013-06-10,EWA,23.690000534057617,23.780000686645508,23.610000610351562,23.649999618530273,3580100
2013-06-11,EWA,23.1299991607666,23.40999984741211,23.06999969482422,23.280000686645508,2188500
2013-06-12,EWA,23.610000610351562,23.639999389648438,23.260000228881836,23.270000457763672,2831000
2013-06-13,EWA,23.65999984741211,24.06999969482422,23.579999923706055,24.0,3160700
2013-06-14,EWA,24.09000015258789,24.229999542236328,23.889999389648438,23.940000534057617,2461000
2013-06-17,EWA,24.34000015258789,24.440000534057617,24.15999984741211,24.31999969482422,1951700
2013-06-18,EWA,24.049999237060547,24.299999237060547,24.040000915527344,24.18000030517578,1254100
2013-06-19,EWA,24.25,24.350000381469727,23.549999237060547,23.56999969482422,3927400
2013-06-20,EWA,22.889999389648438,22.889999389648438,22.450000762939453,22.510000228881836,4031900
2013-06-21,EWA,22.84000015258789,22.8799991607666,22.510000228881836,22.719999313354492,2721400
2013-06-24,EWA,22.559999465942383,22.799999237060547,22.34000015258789,22.600000381469727,3384700
2013-06-25,EWA,22.920000076293945,23.079999923706055,22.719999313354492,23.010000228881836,2791300
2013-06-26,EWA,23.3700008392334,23.479999542236328,23.200000762939453,23.280000686645508,1354500
2013-06-27,EWA,23.09000015258789,23.239999771118164,23.049999237060547,23.059999465942383,1781700
2013-06-28,EWA,22.719999313354492,22.739999771118164,22.5,22.579999923706055,2652800
2013-07-01,EWA,22.43000030517578,22.600000381469727,22.3799991607666,22.459999084472656,1684100
2013-07-02,EWA,22.520000457763672,22.729999542236328,22.469999313354492,22.559999465942383,1988100
2013-07-03,EWA,22.020000457763672,22.280000686645508,22.020000457763672,22.200000762939453,952000
2013-07-05,EWA,22.530000686645508,22.579999923706055,22.190000534057617,22.3799991607666,1964200
2013-07-08,EWA,22.540000915527344,22.670000076293945,22.530000686645508,22.610000610351562,1582200
2013-07-09,EWA,23.0,23.110000610351562,22.799999237060547,23.079999923706055,1965100
2013-07-10,EWA,23.149999618530273,23.270000457763672,22.809999465942383,22.8799991607666,2931200
2013-07-11,EWA,23.43000030517578,23.549999237060547,23.31999969482422,23.5,2846800
2013-07-12,EWA,23.15999984741211,23.239999771118164,23.110000610351562,23.190000534057617,1483900
2013-07-15,EWA,23.229999542236328,23.360000610351562,23.229999542236328,23.329999923706055,1291300
2013-07-16,EWA,23.549999237060547,23.649999618530273,23.479999542236328,23.649999618530273,993200
2013-07-17,EWA,23.829999923706055,23.8700008392334,23.579999923706055,23.68000030517578,3439900
2013-07-18,EWA,23.540000915527344,23.649999618530273,23.489999771118164,23.600000381469727,2252700
2013-07-19,EWA,23.549999237060547,23.59000015258789,23.510000228881836,23.549999237060547,857000
2013-07-22,EWA,23.65999984741211,23.799999237060547,23.639999389648438,23.729999542236328,956700
2013-07-23,EWA,23.799999237060547,23.899999618530273,23.68000030517578,23.81999969482422,1992800
2013-07-24,EWA,23.899999618530273,23.920000076293945,23.549999237060547,23.649999618530273,1600400
2013-07-25,EWA,23.690000534057617,23.90999984741211,23.579999923706055,23.8700008392334,1203200
2013-07-26,EWA,23.899999618530273,24.059999465942383,23.770000457763672,24.049999237060547,1422400
2013-07-29,EWA,23.84000015258789,23.950000762939453,23.809999465942383,23.860000610351562,1323400
2013-07-30,EWA,23.6200008392334,23.6200008392334,23.420000076293945,23.510000228881836,1533400
2013-07-31,EWA,23.299999237060547,23.440000534057617,23.18000030517578,23.260000228881836,2148500
2013-08-01,EWA,23.260000228881836,23.360000610351562,23.200000762939453,23.270000457763672,4731200
2013-08-02,EWA,23.290000915527344,23.489999771118164,23.25,23.40999984741211,1065000
2013-08-05,EWA,23.290000915527344,23.3700008392334,23.260000228881836,23.350000381469727,1364400
2013-08-06,EWA,23.420000076293945,23.459999084472656,23.290000915527344,23.420000076293945,1634300
2013-08-07,EWA,22.950000762939453,23.09000015258789,22.920000076293945,23.020000457763672,2048700
2013-08-08,EWA,23.479999542236328,23.770000457763672,23.479999542236328,23.68000030517578,1526800
2013-08-09,EWA,23.670000076293945,23.90999984741211,23.670000076293945,23.829999923706055,1117400
2013-08-12,EWA,23.899999618530273,24.079999923706055,23.899999618530273,23.979999542236328,1876100
2013-08-13,EWA,24.110000610351562,24.229999542236328,23.979999542236328,24.170000076293945,1708500
2013-08-14,EWA,24.190000534057617,24.280000686645508,24.1299991607666,24.170000076293945,2322900
2013-08-15,EWA,23.950000762939453,24.059999465942383,23.75,24.010000228881836,2300300
2013-08-16,EWA,24.139999389648438,24.18000030517578,24.010000228881836,24.079999923706055,1458200
2013-08-19,EWA,24.06999969482422,24.1200008392334,23.860000610351562,23.8700008392334,1729100
2013-08-20,EWA,23.690000534057617,23.84000015258789,23.670000076293945,23.739999771118164,4110000
2013-08-21,EWA,23.610000610351562,23.760000228881836,23.3799991607666,23.459999084472656,3058200
2013-08-22,EWA,23.56999969482422,23.729999542236328,23.56999969482422,23.6299991607666,1636900
2013-08-23,EWA,23.790000915527344,23.969999313354492,23.760000228881836,23.93000030517578,1466800
2013-08-26,EWA,23.93000030517578,23.989999771118164,23.760000228881836,23.780000686645508,966000
2013-08-27,EWA,23.600000381469727,23.719999313354492,23.479999542236328,23.540000915527344,1735000
2013-08-28,EWA,23.34000015258789,23.559999465942383,23.299999237060547,23.459999084472656,991900
2013-08-29,EWA,23.459999084472656,23.540000915527344,23.420000076293945,23.420000076293945,991200
2013-08-30,EWA,23.65999984741211,23.65999984741211,23.450000762939453,23.479999542236328,1098600
2013-09-03,EWA,24.360000610351562,24.3700008392334,24.139999389648438,24.170000076293945,2454400
2013-09-04,EWA,24.31999969482422,24.600000381469727,24.290000915527344,24.510000228881836,1994400
2013-09-05,EWA,24.350000381469727,24.440000534057617,24.329999923706055,24.3700008392334,1030400
2013-09-06,EWA,24.549999237060547,24.6200008392334,24.399999618530273,24.520000457763672,1764200
2013-09-09,EWA,24.719999313354492,24.90999984741211,24.700000762939453,24.889999389648438,2078800
2013-09-10,EWA,25.209999084472656,25.31999969482422,25.15999984741211,25.290000915527344,2156100
2013-09-11,EWA,25.209999084472656,25.40999984741211,25.18000030517578,25.3700008392334,1172300
2013-09-12,EWA,25.149999618530273,25.239999771118164,25.09000015258789,25.1200008392334,1516600
2013-09-13,EWA,25.06999969482422,25.149999618530273,25.059999465942383,25.110000610351562,1054400
2013-09-16,EWA,25.540000915527344,25.540000915527344,25.280000686645508,25.299999237060547,1355600
2013-09-17,EWA,25.479999542236328,25.559999465942383,25.479999542236328,25.540000915527344,1067700
2013-09-18,EWA,25.43000030517578,26.229999542236328,25.43000030517578,26.209999084472656,2491500
2013-09-19,EWA,26.200000762939453,26.200000762939453,25.889999389648438,25.899999618530273,2056000
2013-09-20,EWA,25.799999237060547,25.809999465942383,25.59000015258789,25.600000381469727,1418100
2013-09-23,EWA,25.709999084472656,25.729999542236328,25.600000381469727,25.68000030517578,999200
2013-09-24,EWA,25.579999923706055,25.68000030517578,25.459999084472656,25.540000915527344,1068400
2013-09-25,EWA,25.600000381469727,25.719999313354492,25.549999237060547,25.600000381469727,1164800
2013-09-26,EWA,25.729999542236328,25.90999984741211,25.719999313354492,25.799999237060547,815400
2013-09-27,EWA,25.559999465942383,25.639999389648438,25.520000457763672,25.6200008392334,706600
2013-09-30,EWA,25.280000686645508,25.389999389648438,25.190000534057617,25.270000457763672,1793100
2013-10-01,EWA,25.309999465942383,25.5,25.270000457763672,25.479999542236328,1643900
2013-10-02,EWA,25.290000915527344,25.5,25.219999313354492,25.469999313354492,1581300
2013-10-03,EWA,25.510000228881836,25.520000457763672,25.329999923706055,25.420000076293945,1596600
2013-10-04,EWA,25.520000457763672,25.709999084472656,25.5,25.639999389648438,1209100
2013-10-07,EWA,25.110000610351562,25.31999969482422,25.09000015258789,25.190000534057617,1193600
2013-10-08,EWA,25.239999771118164,25.290000915527344,25.0,25.030000686645508,1196000
2013-10-09,EWA,25.139999389648438,25.209999084472656,24.969999313354492,25.1299991607666,1283300
2013-10-10,EWA,25.25,25.610000610351562,25.25,25.579999923706055,1573900
2013-10-11,EWA,25.670000076293945,25.920000076293945,25.670000076293945,25.920000076293945,1277000
2013-10-14,EWA,25.690000534057617,25.969999313354492,25.670000076293945,25.969999313354492,985600
2013-10-15,EWA,25.899999618530273,26.0,25.780000686645508,25.8799991607666,1115200
2013-10-16,EWA,26.010000228881836,26.209999084472656,26.0,26.209999084472656,856500
2013-10-17,EWA,26.34000015258789,26.600000381469727,26.34000015258789,26.59000015258789,1266900
2013-10-18,EWA,26.770000457763672,26.90999984741211,26.729999542236328,26.899999618530273,1711800
2013-10-21,EWA,26.8700008392334,26.90999984741211,26.829999923706055,26.8700008392334,1883400
2013-10-22,EWA,27.139999389648438,27.31999969482422,27.1200008392334,27.25,1819700
2013-10-23,EWA,26.829999923706055,26.850000381469727,26.700000762939453,26.84000015258789,1056900
2013-10-24,EWA,26.81999969482422,26.940000534057617,26.770000457763672,26.93000030517578,1461600
2013-10-25,EWA,26.959999084472656,27.06999969482422,26.959999084472656,27.049999237060547,880100
2013-10-28,EWA,27.059999465942383,27.219999313354492,27.0,27.139999389648438,3469300
2013-10-29,EWA,26.90999984741211,26.940000534057617,26.81999969482422,26.84000015258789,5904200
2013-10-30,EWA,26.850000381469727,26.889999389648438,26.530000686645508,26.690000534057617,1217000
2013-10-31,EWA,26.809999465942383,26.860000610351562,26.670000076293945,26.670000076293945,1794100
2013-11-01,EWA,26.65999984741211,26.68000030517578,26.489999771118164,26.649999618530273,1375500
2013-11-04,EWA,26.68000030517578,26.799999237060547,26.639999389648438,26.760000228881836,660100
2013-11-05,EWA,26.829999923706055,26.860000610351562,26.709999084472656,26.790000915527344,1017400
2013-11-06,EWA,27.0,27.049999237060547,26.90999984741211,27.010000228881836,833200
2013-11-07,EWA,26.93000030517578,27.0,26.610000610351562,26.649999618530273,989600
2013-11-08,EWA,26.59000015258789,26.780000686645508,26.540000915527344,26.75,1917900
2013-11-11,EWA,26.530000686645508,26.540000915527344,26.459999084472656,26.5,638700
2013-11-12,EWA,26.25,26.299999237060547,26.100000381469727,26.18000030517578,3862300
2013-11-13,EWA,25.829999923706055,26.040000915527344,25.809999465942383,26.030000686645508,1738400
2013-11-14,EWA,25.899999618530273,26.149999618530273,25.8799991607666,26.1299991607666,1487600
2013-11-15,EWA,26.43000030517578,26.510000228881836,26.360000610351562,26.479999542236328,1122400
2013-11-18,EWA,26.510000228881836,26.579999923706055,26.280000686645508,26.329999923706055,3323100
2013-11-19,EWA,26.299999237060547,26.3799991607666,26.229999542236328,26.299999237060547,1212000
2013-11-20,EWA,26.1299991607666,26.219999313354492,25.799999237060547,25.920000076293945,2346900
2013-11-21,EWA,25.760000228881836,25.809999465942383,25.65999984741211,25.739999771118164,1746100
2013-11-22,EWA,25.6299991607666,25.760000228881836,25.56999969482422,25.729999542236328,840700
2013-11-25,EWA,25.700000762939453,25.770000457763672,25.65999984741211,25.709999084472656,856800
2013-11-26,EWA,25.469999313354492,25.649999618530273,25.469999313354492,25.579999923706055,1044500
2013-11-27,EWA,25.440000534057617,25.479999542236328,25.3799991607666,25.479999542236328,882200
2013-11-29,EWA,25.469999313354492,25.59000015258789,25.34000015258789,25.360000610351562,1466300
2013-12-02,EWA,25.1200008392334,25.18000030517578,25.040000915527344,25.06999969482422,1912400
2013-12-03,EWA,24.959999084472656,25.030000686645508,24.860000610351562,25.010000228881836,1693000
2013-12-04,EWA,24.790000915527344,25.030000686645508,24.780000686645508,24.989999771118164,1150800
2013-12-05,EWA,24.520000457763672,24.700000762939453,24.479999542236328,24.670000076293945,2939300
2013-12-06,EWA,24.729999542236328,24.860000610351562,24.68000030517578,24.84000015258789,1376800
2013-12-09,EWA,24.450000762939453,24.520000457763672,24.43000030517578,24.5,1105800
2013-12-10,EWA,24.5,24.540000915527344,24.420000076293945,24.489999771118164,961800
2013-12-11,EWA,24.420000076293945,24.43000030517578,24.079999923706055,24.1200008392334,2332600
2013-12-12,EWA,23.600000381469727,23.6200008392334,23.450000762939453,23.540000915527344,1779100
2013-12-13,EWA,23.75,23.829999923706055,23.68000030517578,23.809999465942383,1586700
2013-12-16,EWA,23.979999542236328,24.139999389648438,23.969999313354492,23.989999771118164,1580400
2013-12-17,EWA,23.770000457763672,23.799999237060547,23.649999618530273,23.729999542236328,1283800
2013-12-18,EWA,23.200000762939453,23.459999084472656,22.8799991607666,23.25,2759500
2013-12-19,EWA,23.5,23.639999389648438,23.459999084472656,23.6200008392334,3210700
2013-12-20,EWA,23.889999389648438,24.0,23.860000610351562,24.0,2131800
2013-12-23,EWA,24.260000228881836,24.389999389648438,24.219999313354492,24.290000915527344,1379500
2013-12-24,EWA,24.260000228881836,24.389999389648438,24.260000228881836,24.3700008392334,337900
2013-12-26,EWA,24.209999084472656,24.329999923706055,24.110000610351562,24.329999923706055,355400
2013-12-27,EWA,24.3799991607666,24.399999618530273,24.209999084472656,24.219999313354492,849500
2013-12-30,EWA,24.350000381469727,24.350000381469727,24.229999542236328,24.290000915527344,1385600
2013-12-31,EWA,24.34000015258789,24.440000534057617,24.299999237060547,24.3700008392334,994100
2014-01-02,EWA,24.329999923706055,24.34000015258789,24.15999984741211,24.18000030517578,2460600
2014-01-03,EWA,24.520000457763672,24.6200008392334,24.420000076293945,24.420000076293945,1702500
2014-01-06,EWA,24.360000610351562,24.389999389648438,24.290000915527344,24.34000015258789,1851100
2014-01-07,EWA,24.25,24.350000381469727,24.239999771118164,24.299999237060547,911100
2014-01-08,EWA,24.219999313354492,24.270000457763672,24.059999465942383,24.149999618530273,3192900
2014-01-09,EWA,24.170000076293945,24.170000076293945,24.030000686645508,24.110000610351562,1595400
2014-01-10,EWA,24.200000762939453,24.40999984741211,24.200000762939453,24.350000381469727,1517200
2014-01-13,EWA,24.399999618530273,24.469999313354492,24.170000076293945,24.229999542236328,1344800
2014-01-14,EWA,23.920000076293945,23.969999313354492,23.829999923706055,23.90999984741211,1862100
2014-01-15,EWA,23.81999969482422,23.950000762939453,23.809999465942383,23.899999618530273,1575900
2014-01-16,EWA,23.829999923706055,23.8700008392334,23.75,23.850000381469727,1571400
2014-01-17,EWA,23.799999237060547,23.81999969482422,23.649999618530273,23.709999084472656,1374600
2014-01-21,EWA,23.940000534057617,23.979999542236328,23.780000686645508,23.8700008392334,1054300
2014-01-22,EWA,24.0,24.030000686645508,23.850000381469727,23.889999389648438,1471000
2014-01-23,EWA,23.6299991607666,23.6299991607666,23.280000686645508,23.420000076293945,2400500
2014-01-24,EWA,23.149999618530273,23.190000534057617,22.899999618530273,22.90999984741211,2554600
2014-01-27,EWA,23.020000457763672,23.149999618530273,22.809999465942383,23.010000228881836,1644300
2014-01-28,EWA,23.1299991607666,23.209999084472656,23.059999465942383,23.18000030517578,1594500
2014-01-29,EWA,22.920000076293945,23.149999618530273,22.920000076293945,22.940000534057617,2074400
2014-01-30,EWA,23.280000686645508,23.34000015258789,23.170000076293945,23.290000915527344,1517200
2014-01-31,EWA,22.8700008392334,23.149999618530273,22.81999969482422,23.040000915527344,1227000
2014-02-03,EWA,23.219999313354492,23.260000228881836,22.68000030517578,22.690000534057617,3398900
2014-02-04,EWA,23.06999969482422,23.25,23.030000686645508,23.239999771118164,2315100
2014-02-05,EWA,23.040000915527344,23.1200008392334,22.899999618530273,23.059999465942383,1216900
2014-02-06,EWA,23.440000534057617,23.65999984741211,23.440000534057617,23.639999389648438,3548900
2014-02-07,EWA,23.65999984741211,23.81999969482422,23.610000610351562,23.809999465942383,1447600
2014-02-10,EWA,23.799999237060547,23.84000015258789,23.75,23.799999237060547,1320700
2014-02-11,EWA,24.1200008392334,24.440000534057617,24.110000610351562,24.360000610351562,1488300
2014-02-12,EWA,24.600000381469727,24.639999389648438,24.469999313354492,24.530000686645508,1626100
2014-02-13,EWA,24.200000762939453,24.549999237060547,24.190000534057617,24.469999313354492,1156700
2014-02-14,EWA,24.760000228881836,24.899999618530273,24.739999771118164,24.8700008392334,2135300
2014-02-18,EWA,24.950000762939453,25.020000457763672,24.889999389648438,24.979999542236328,2493800
2014-02-19,EWA,24.969999313354492,25.1299991607666,24.81999969482422,24.8700008392334,2071700
2014-02-20,EWA,24.90999984741211,25.200000762939453,24.8799991607666,25.1299991607666,1207100
2014-02-21,EWA,25.020000457763672,25.100000381469727,24.989999771118164,25.010000228881836,992500
2014-02-24,EWA,25.209999084472656,25.5,25.190000534057617,25.309999465942383,1572600
2014-02-25,EWA,25.209999084472656,25.260000228881836,25.049999237060547,25.09000015258789,2660200
2014-02-26,EWA,25.079999923706055,25.139999389648438,24.93000030517578,25.030000686645508,2506000
2014-02-27,EWA,24.850000381469727,25.059999465942383,24.84000015258789,25.040000915527344,1203200
2014-02-28,EWA,24.93000030517578,25.049999237060547,24.829999923706055,24.950000762939453,1839100
2014-03-03,EWA,24.700000762939453,24.799999237060547,24.639999389648438,24.760000228881836,2120200
2014-03-04,EWA,25.100000381469727,25.15999984741211,25.049999237060547,25.1200008392334,1115300
2014-03-05,EWA,25.15999984741211,25.25,25.15999984741211,25.209999084472656,1534900
2014-03-06,EWA,25.559999465942383,25.670000076293945,25.510000228881836,25.520000457763672,1708700
2014-03-07,EWA,25.709999084472656,25.709999084472656,25.420000076293945,25.489999771118164,1378300
2014-03-10,EWA,25.270000457763672,25.280000686645508,25.059999465942383,25.170000076293945,1451500
2014-03-11,EWA,25.260000228881836,25.31999969482422,24.8700008392334,24.920000076293945,2818200
2014-03-12,EWA,24.729999542236328,24.920000076293945,24.68000030517578,24.920000076293945,1503500
2014-03-13,EWA,25.209999084472656,25.280000686645508,24.829999923706055,24.90999984741211,3014200
2014-03-14,EWA,24.719999313354492,24.8700008392334,24.700000762939453,24.709999084472656,1757100
2014-03-17,EWA,24.969999313354492,25.100000381469727,24.969999313354492,25.059999465942383,1452900
2014-03-18,EWA,25.15999984741211,25.309999465942383,25.139999389648438,25.239999771118164,2620200
2014-03-19,EWA,25.190000534057617,25.190000534057617,24.709999084472656,24.84000015258789,1807500
2014-03-20,EWA,24.549999237060547,24.829999923706055,24.510000228881836,24.790000915527344,1347800
2014-03-21,EWA,24.920000076293945,25.040000915527344,24.81999969482422,24.860000610351562,2121600
2014-03-24,EWA,25.200000762939453,25.200000762939453,24.920000076293945,25.030000686645508,1361900
2014-03-25,EWA,25.290000915527344,25.40999984741211,25.209999084472656,25.34000015258789,1660400
2014-03-26,EWA,25.59000015258789,25.670000076293945,25.43000030517578,25.459999084472656,2086100
2014-03-27,EWA,25.479999542236328,25.600000381469727,25.399999618530273,25.559999465942383,1702300
2014-03-28,EWA,25.6299991607666,25.739999771118164,25.6200008392334,25.68000030517578,840800
2014-03-31,EWA,25.75,25.899999618530273,25.729999542236328,25.8700008392334,1177300
2014-04-01,EWA,25.790000915527344,25.899999618530273,25.780000686645508,25.899999618530273,1833900
2014-04-02,EWA,25.860000610351562,25.950000762939453,25.81999969482422,25.93000030517578,1180500
2014-04-03,EWA,25.850000381469727,25.850000381469727,25.75,25.809999465942383,1785200
2014-04-04,EWA,26.079999923706055,26.170000076293945,25.850000381469727,25.889999389648438,2121700
2014-04-07,EWA,25.93000030517578,26.059999465942383,25.860000610351562,25.899999618530273,1742100
2014-04-08,EWA,26.170000076293945,26.389999389648438,26.1200008392334,26.360000610351562,2366400
2014-04-09,EWA,26.670000076293945,26.84000015258789,26.559999465942383,26.799999237060547,4341000
2014-04-10,EWA,26.59000015258789,26.6299991607666,26.389999389648438,26.399999618530273,2454400
2014-04-11,EWA,26.360000610351562,26.489999771118164,26.290000915527344,26.290000915527344,1244200
2014-04-14,EWA,26.190000534057617,26.280000686645508,26.1200008392334,26.239999771118164,1316800
2014-04-15,EWA,26.040000915527344,26.139999389648438,25.8700008392334,26.059999465942383,3089700
2014-04-16,EWA,26.280000686645508,26.389999389648438,26.209999084472656,26.3700008392334,983000
2014-04-17,EWA,26.459999084472656,26.530000686645508,26.34000015258789,26.450000762939453,1623900
2014-04-21,EWA,26.440000534057617,26.479999542236328,26.40999984741211,26.440000534057617,779300
2014-04-22,EWA,26.59000015258789,26.75,26.59000015258789,26.700000762939453,1330600
2014-04-23,EWA,26.459999084472656,26.610000610351562,26.440000534057617,26.59000015258789,549400
2014-04-24,EWA,26.56999969482422,26.59000015258789,26.469999313354492,26.540000915527344,705800
2014-04-25,EWA,26.510000228881836,26.559999465942383,26.40999984741211,26.469999313354492,3121600
2014-04-28,EWA,26.639999389648438,26.719999313354492,26.479999542236328,26.670000076293945,2541900
2014-04-29,EWA,26.469999313354492,26.530000686645508,26.420000076293945,26.479999542236328,2379100
2014-04-30,EWA,26.399999618530273,26.479999542236328,26.309999465942383,26.450000762939453,1093800
2014-05-01,EWA,26.170000076293945,26.25,26.1200008392334,26.209999084472656,2294000
2014-05-02,EWA,26.149999618530273,26.309999465942383,26.110000610351562,26.270000457763672,1030000
2014-05-05,EWA,26.110000610351562,26.34000015258789,26.059999465942383,26.309999465942383,1344100
2014-05-06,EWA,26.489999771118164,26.540000915527344,26.40999984741211,26.43000030517578,1067400
2014-05-07,EWA,26.350000381469727,26.440000534057617,26.260000228881836,26.40999984741211,1123100
2014-05-08,EWA,26.530000686645508,26.690000534057617,26.530000686645508,26.579999923706055,1283200
2014-05-09,EWA,26.479999542236328,26.549999237060547,26.420000076293945,26.540000915527344,1149700
2014-05-12,EWA,26.510000228881836,26.6200008392334,26.479999542236328,26.6200008392334,773100
2014-05-13,EWA,26.700000762939453,26.700000762939453,26.59000015258789,26.639999389648438,1308700
2014-05-14,EWA,26.81999969482422,26.84000015258789,26.68000030517578,26.719999313354492,766000
2014-05-15,EWA,26.780000686645508,26.790000915527344,26.559999465942383,26.670000076293945,1230600
2014-05-16,EWA,26.75,26.780000686645508,26.639999389648438,26.729999542236328,2201100
2014-05-19,EWA,26.350000381469727,26.40999984741211,26.299999237060547,26.3799991607666,983700
2014-05-20,EWA,26.1299991607666,26.170000076293945,25.93000030517578,25.969999313354492,2206100
2014-05-21,EWA,26.09000015258789,26.190000534057617,26.049999237060547,26.190000534057617,1775900
2014-05-22,EWA,26.309999465942383,26.3799991607666,26.299999237060547,26.350000381469727,719800
2014-05-23,EWA,26.43000030517578,26.489999771118164,26.420000076293945,26.450000762939453,513000
2014-05-27,EWA,26.6299991607666,26.6299991607666,26.520000457763672,26.600000381469727,832200
2014-05-28,EWA,26.459999084472656,26.520000457763672,26.420000076293945,26.5,791700
2014-05-29,EWA,26.6299991607666,26.75,26.610000610351562,26.739999771118164,630100
2014-05-30,EWA,26.540000915527344,26.579999923706055,26.489999771118164,26.559999465942383,1782300
2014-06-02,EWA,26.56999969482422,26.579999923706055,26.5,26.540000915527344,1198400
2014-06-03,EWA,26.399999618530273,26.40999984741211,26.34000015258789,26.389999389648438,1130600
2014-06-04,EWA,26.219999313354492,26.270000457763672,26.200000762939453,26.25,751300
2014-06-05,EWA,26.299999237060547,26.489999771118164,26.190000534057617,26.459999084472656,2440000
2014-06-06,EWA,26.520000457763672,26.600000381469727,26.469999313354492,26.559999465942383,1425400
2014-06-09,EWA,26.600000381469727,26.75,26.579999923706055,26.729999542236328,1053400
2014-06-10,EWA,26.670000076293945,26.729999542236328,26.579999923706055,26.729999542236328,726000
2014-06-11,EWA,26.59000015258789,26.610000610351562,26.540000915527344,26.56999969482422,812400
2014-06-12,EWA,26.540000915527344,26.579999923706055,26.420000076293945,26.459999084472656,473100
2014-06-13,EWA,26.440000534057617,26.469999313354492,26.3700008392334,26.459999084472656,852700
2014-06-16,EWA,26.5,26.579999923706055,26.440000534057617,26.450000762939453,648100
2014-06-17,EWA,26.1299991607666,26.219999313354492,26.09000015258789,26.190000534057617,1766900
2014-06-18,EWA,26.079999923706055,26.399999618530273,26.049999237060547,26.399999618530273,1709600
2014-06-19,EWA,26.68000030517578,26.739999771118164,26.610000610351562,26.68000030517578,2919100
2014-06-20,EWA,26.559999465942383,26.59000015258789,26.5,26.59000015258789,1666500
2014-06-23,EWA,26.719999313354492,26.75,26.6299991607666,26.729999542236328,3130900
2014-06-24,EWA,26.5,26.59000015258789,26.350000381469727,26.360000610351562,1284000
2014-06-25,EWA,25.920000076293945,26.09000015258789,25.8700008392334,26.06999969482422,1573500
2014-06-26,EWA,26.34000015258789,26.450000762939453,26.270000457763672,26.43000030517578,1509900
2014-06-27,EWA,26.280000686645508,26.459999084472656,26.239999771118164,26.43000030517578,1680700
2014-06-30,EWA,26.0,26.139999389648438,26.0,26.1299991607666,1716200
2014-07-01,EWA,26.139999389648438,26.299999237060547,26.139999389648438,26.25,1808400
2014-07-02,EWA,26.389999389648438,26.549999237060547,26.389999389648438,26.5,876700
2014-07-03,EWA,26.3700008392334,26.549999237060547,26.34000015258789,26.540000915527344,487400
2014-07-07,EWA,26.479999542236328,26.540000915527344,26.479999542236328,26.540000915527344,1143500
2014-07-08,EWA,26.479999542236328,26.5,26.3700008392334,26.440000534057617,992300
2014-07-09,EWA,26.290000915527344,26.440000534057617,26.280000686645508,26.420000076293945,1869100
2014-07-10,EWA,26.059999465942383,26.290000915527344,26.049999237060547,26.270000457763672,1117800
2014-07-11,EWA,26.559999465942383,26.559999465942383,26.450000762939453,26.549999237060547,855300
2014-07-14,EWA,26.709999084472656,26.729999542236328,26.65999984741211,26.670000076293945,766600
2014-07-15,EWA,26.579999923706055,26.610000610351562,26.389999389648438,26.540000915527344,1247700
2014-07-16,EWA,26.610000610351562,26.649999618530273,26.56999969482422,26.6200008392334,1060600
2014-07-17,EWA,26.6200008392334,26.68000030517578,26.40999984741211,26.43000030517578,959600
2014-07-18,EWA,26.649999618530273,26.780000686645508,26.6299991607666,26.729999542236328,1236600
2014-07-21,EWA,26.600000381469727,26.690000534057617,26.559999465942383,26.6200008392334,1350200
2014-07-22,EWA,26.81999969482422,26.850000381469727,26.770000457763672,26.809999465942383,795400
2014-07-23,EWA,27.100000381469727,27.1200008392334,27.049999237060547,27.100000381469727,1132500
2014-07-24,EWA,27.100000381469727,27.100000381469727,26.979999542236328,27.020000457763672,698400
2014-07-25,EWA,26.959999084472656,26.959999084472656,26.84000015258789,26.850000381469727,647200
2014-07-28,EWA,26.93000030517578,26.969999313354492,26.790000915527344,26.950000762939453,3137200
2014-07-29,EWA,26.989999771118164,27.020000457763672,26.90999984741211,26.90999984741211,796400
2014-07-30,EWA,27.010000228881836,27.06999969482422,26.860000610351562,26.93000030517578,1439400
2014-07-31,EWA,26.729999542236328,26.799999237060547,26.56999969482422,26.59000015258789,1835500
2014-08-01,EWA,26.43000030517578,26.579999923706055,26.34000015258789,26.420000076293945,2883000
2014-08-04,EWA,26.469999313354492,26.559999465942383,26.360000610351562,26.530000686645508,1840500
2014-08-05,EWA,26.34000015258789,26.3799991607666,26.15999984741211,26.239999771118164,1544100
2014-08-06,EWA,26.280000686645508,26.489999771118164,26.260000228881836,26.3799991607666,1306800
2014-08-07,EWA,26.200000762939453,26.239999771118164,26.0,26.079999923706055,1268500
2014-08-08,EWA,25.899999618530273,26.040000915527344,25.84000015258789,26.020000457763672,1154200
2014-08-11,EWA,25.979999542236328,26.040000915527344,25.90999984741211,26.020000457763672,1031200
2014-08-12,EWA,26.209999084472656,26.299999237060547,26.200000762939453,26.239999771118164,889300
2014-08-13,EWA,26.420000076293945,26.479999542236328,26.399999618530273,26.420000076293945,818600
2014-08-14,EWA,26.56999969482422,26.65999984741211,26.540000915527344,26.6299991607666,727300
2014-08-15,EWA,26.65999984741211,26.709999084472656,26.489999771118164,26.670000076293945,850500
2014-08-18,EWA,26.760000228881836,26.8799991607666,26.760000228881836,26.850000381469727,994500
2014-08-19,EWA,26.940000534057617,26.959999084472656,26.8799991607666,26.8799991607666,1707400
2014-08-20,EWA,26.989999771118164,27.15999984741211,26.969999313354492,27.06999969482422,1329800
2014-08-21,EWA,26.989999771118164,27.06999969482422,26.969999313354492,27.049999237060547,791300
2014-08-22,EWA,27.020000457763672,27.049999237060547,26.889999389648438,26.940000534057617,1781800
2014-08-25,EWA,26.979999542236328,27.020000457763672,26.959999084472656,26.989999771118164,595500
2014-08-26,EWA,27.06999969482422,27.100000381469727,27.0,27.020000457763672,381900
2014-08-27,EWA,27.190000534057617,27.200000762939453,27.1200008392334,27.1200008392334,608100
2014-08-28,EWA,27.1200008392334,27.149999618530273,27.06999969482422,27.139999389648438,862300
2014-08-29,EWA,27.1299991607666,27.200000762939453,27.100000381469727,27.15999984741211,1071700
2014-09-02,EWA,27.139999389648438,27.18000030517578,27.06999969482422,27.15999984741211,1951500
2014-09-03,EWA,27.3799991607666,27.3799991607666,27.280000686645508,27.34000015258789,897100
2014-09-04,EWA,27.43000030517578,27.510000228881836,27.209999084472656,27.25,740400
2014-09-05,EWA,27.1200008392334,27.200000762939453,27.0,27.200000762939453,865100
2014-09-08,EWA,27.020000457763672,27.020000457763672,26.780000686645508,26.809999465942383,805300
2014-09-09,EWA,26.809999465942383,26.809999465942383,26.600000381469727,26.649999618530273,842300
2014-09-10,EWA,26.479999542236328,26.6200008392334,26.43000030517578,26.6200008392334,825600
2014-09-11,EWA,26.15999984741211,26.25,26.1200008392334,26.190000534057617,2140600
2014-09-12,EWA,25.969999313354492,25.979999542236328,25.829999923706055,25.90999984741211,1534300
2014-09-15,EWA,25.690000534057617,25.690000534057617,25.56999969482422,25.65999984741211,1620500
2014-09-16,EWA,25.450000762939453,25.8799991607666,25.43000030517578,25.850000381469727,2122200
2014-09-17,EWA,25.40999984741211,25.43000030517578,25.06999969482422,25.170000076293945,2695000
2014-09-18,EWA,25.229999542236328,25.389999389648438,25.219999313354492,25.350000381469727,1093100
2014-09-19,EWA,25.299999237060547,25.309999465942383,25.079999923706055,25.100000381469727,867800
2014-09-22,EWA,24.75,24.760000228881836,24.579999923706055,24.700000762939453,2431600
2014-09-23,EWA,24.790000915527344,24.829999923706055,24.709999084472656,24.719999313354492,1696900
2014-09-24,EWA,24.790000915527344,24.959999084472656,24.709999084472656,24.950000762939453,1526700
2014-09-25,EWA,24.5,24.5,24.260000228881836,24.280000686645508,2118200
2014-09-26,EWA,24.139999389648438,24.229999542236328,24.09000015258789,24.200000762939453,1550700
2014-09-29,EWA,23.760000228881836,23.920000076293945,23.729999542236328,23.799999237060547,2493700
2014-09-30,EWA,23.8700008392334,24.0,23.799999237060547,23.940000534057617,1808000
2014-10-01,EWA,24.020000457763672,24.100000381469727,23.90999984741211,23.979999542236328,1935300
2014-10-02,EWA,24.079999923706055,24.149999618530273,23.829999923706055,24.079999923706055,2164300
2014-10-03,EWA,24.0,24.059999465942383,23.8700008392334,24.020000457763672,1366400
2014-10-06,EWA,24.020000457763672,24.219999313354492,23.950000762939453,24.139999389648438,1540100
2014-10-07,EWA,24.049999237060547,24.049999237060547,23.84000015258789,23.84000015258789,1722000
2014-10-08,EWA,23.850000381469727,24.329999923706055,23.719999313354492,24.309999465942383,1628000
2014-10-09,EWA,24.270000457763672,24.329999923706055,23.850000381469727,23.8700008392334,1955300
2014-10-10,EWA,23.399999618530273,23.5,23.170000076293945,23.18000030517578,2376400
2014-10-13,EWA,23.600000381469727,23.649999618530273,23.329999923706055,23.350000381469727,2038000
2014-10-14,EWA,23.6200008392334,23.75,23.469999313354492,23.510000228881836,2094900
2014-10-15,EWA,23.770000457763672,23.90999984741211,23.350000381469727,23.850000381469727,3604000
2014-10-16,EWA,23.639999389648438,24.190000534057617,23.6200008392334,23.969999313354492,3269700
2014-10-17,EWA,24.280000686645508,24.3799991607666,24.200000762939453,24.299999237060547,1421300
2014-10-20,EWA,24.190000534057617,24.489999771118164,24.18000030517578,24.450000762939453,1577600
2014-10-21,EWA,24.520000457763672,24.670000076293945,24.520000457763672,24.610000610351562,1356400
2014-10-22,EWA,24.579999923706055,24.709999084472656,24.469999313354492,24.520000457763672,2147400
2014-10-23,EWA,24.639999389648438,24.760000228881836,24.639999389648438,24.649999618530273,1184500
2014-10-24,EWA,24.8700008392334,24.940000534057617,24.81999969482422,24.899999618530273,1606600
2014-10-27,EWA,24.899999618530273,25.030000686645508,24.8700008392334,24.93000030517578,2256200
2014-10-28,EWA,25.219999313354492,25.600000381469727,25.190000534057617,25.360000610351562,2154200
2014-10-29,EWA,25.309999465942383,25.350000381469727,24.84000015258789,24.920000076293945,3419300
2014-10-30,EWA,25.110000610351562,25.360000610351562,25.079999923706055,25.299999237060547,2242400
2014-10-31,EWA,25.3700008392334,25.440000534057617,25.290000915527344,25.43000030517578,1797800
2014-11-03,EWA,25.049999237060547,25.06999969482422,24.860000610351562,24.93000030517578,2753500
2014-11-04,EWA,25.030000686645508,25.110000610351562,24.989999771118164,25.06999969482422,2676700
2014-11-05,EWA,24.75,24.809999465942383,24.6299991607666,24.790000915527344,1622000
2014-11-06,EWA,24.770000457763672,24.850000381469727,24.670000076293945,24.690000534057617,3279400
2014-11-07,EWA,24.889999389648438,25.049999237060547,24.889999389648438,24.979999542236328,3430400
2014-11-10,EWA,25.079999923706055,25.09000015258789,24.93000030517578,24.979999542236328,1967400
2014-11-11,EWA,24.959999084472656,25.139999389648438,24.920000076293945,25.059999465942383,1373100
2014-11-12,EWA,24.889999389648438,24.979999542236328,24.850000381469727,24.940000534057617,1599400
2014-11-13,EWA,24.8700008392334,24.93000030517578,24.729999542236328,24.780000686645508,1033900
2014-11-14,EWA,24.68000030517578,25.010000228881836,24.670000076293945,24.979999542236328,788400
2014-11-17,EWA,24.639999389648438,24.729999542236328,24.610000610351562,24.700000762939453,981600
2014-11-18,EWA,24.610000610351562,24.729999542236328,24.600000381469727,24.719999313354492,2645700
2014-11-19,EWA,24.239999771118164,24.270000457763672,24.059999465942383,24.09000015258789,4131700
2014-11-20,EWA,23.790000915527344,24.020000457763672,23.75,23.989999771118164,1146400
2014-11-21,EWA,24.34000015258789,24.389999389648438,24.209999084472656,24.25,1740700
2014-11-24,EWA,24.079999923706055,24.110000610351562,24.020000457763672,24.09000015258789,1475200
2014-11-25,EWA,23.81999969482422,23.90999984741211,23.81999969482422,23.889999389648438,1432600
2014-11-26,EWA,24.010000228881836,24.149999618530273,23.989999771118164,24.149999618530273,1302000
2014-11-28,EWA,23.670000076293945,23.739999771118164,23.56999969482422,23.6299991607666,1988900
2014-12-01,EWA,23.18000030517578,23.290000915527344,23.0,23.280000686645508,3805800
2014-12-02,EWA,23.329999923706055,23.420000076293945,23.260000228881836,23.3799991607666,1535700
2014-12-03,EWA,23.520000457763672,23.59000015258789,23.459999084472656,23.479999542236328,2286600
2014-12-04,EWA,23.549999237060547,23.68000030517578,23.520000457763672,23.540000915527344,1449900
2014-12-05,EWA,23.31999969482422,23.3700008392334,23.239999771118164,23.329999923706055,1603000
2014-12-08,EWA,23.299999237060547,23.389999389648438,23.170000076293945,23.18000030517578,2384900
2014-12-09,EWA,22.780000686645508,22.940000534057617,22.75,22.920000076293945,2220000
2014-12-10,EWA,22.81999969482422,22.829999923706055,22.510000228881836,22.600000381469727,2780800
2014-12-11,EWA,22.59000015258789,22.770000457763672,22.510000228881836,22.56999969482422,2213100
2014-12-12,EWA,22.399999618530273,22.479999542236328,22.209999084472656,22.229999542236328,2876800
2014-12-15,EWA,22.270000457763672,22.31999969482422,21.989999771118164,22.0,8203400
2014-12-16,EWA,22.010000228881836,22.31999969482422,21.979999542236328,22.09000015258789,3428800
2014-12-17,EWA,21.309999465942383,21.760000228881836,21.299999237060547,21.459999084472656,4657000
2014-12-18,EWA,21.760000228881836,21.8799991607666,21.600000381469727,21.860000610351562,4432700
2014-12-19,EWA,22.020000457763672,22.149999618530273,21.93000030517578,22.139999389648438,2031900
2014-12-22,EWA,22.3700008392334,22.440000534057617,22.329999923706055,22.360000610351562,3191800
2014-12-23,EWA,22.139999389648438,22.170000076293945,22.059999465942383,22.1200008392334,3045400
2014-12-24,EWA,22.100000381469727,22.18000030517578,22.040000915527344,22.1299991607666,1978900
2014-12-26,EWA,22.18000030517578,22.270000457763672,22.15999984741211,22.190000534057617,630800
2014-12-29,EWA,22.59000015258789,22.649999618530273,22.520000457763672,22.530000686645508,1389600
2014-12-30,EWA,22.479999542236328,22.520000457763672,22.399999618530273,22.399999618530273,1515100
2014-12-31,EWA,22.3700008392334,22.420000076293945,22.139999389648438,22.170000076293945,1863400
2015-01-02,EWA,22.229999542236328,22.270000457763672,22.059999465942383,22.100000381469727,2210300
2015-01-05,EWA,22.1200008392334,22.149999618530273,21.850000381469727,21.889999389648438,2444900
2015-01-06,EWA,21.969999313354492,22.059999465942383,21.739999771118164,21.799999237060547,2265900
2015-01-07,EWA,21.81999969482422,22.010000228881836,21.780000686645508,22.0,1655400
2015-01-08,EWA,22.1299991607666,22.34000015258789,22.110000610351562,22.290000915527344,879900
2015-01-09,EWA,22.6200008392334,22.649999618530273,22.469999313354492,22.5,1932700
2015-01-12,EWA,22.3799991607666,22.3799991607666,22.190000534057617,22.239999771118164,1508300
2015-01-13,EWA,22.280000686645508,22.399999618530273,22.059999465942383,22.239999771118164,1870100
2015-01-14,EWA,21.899999618530273,21.989999771118164,21.760000228881836,21.940000534057617,2055800
2015-01-15,EWA,22.209999084472656,22.25,21.989999771118164,22.06999969482422,3659900
2015-01-16,EWA,21.889999389648438,22.329999923706055,21.889999389648438,22.31999969482422,1953200
2015-01-20,EWA,22.06999969482422,22.110000610351562,21.8700008392334,22.030000686645508,1283700
2015-01-21,EWA,22.309999465942383,22.440000534057617,22.139999389648438,22.229999542236328,2670400
2015-01-22,EWA,22.260000228881836,22.3700008392334,22.18000030517578,22.219999313354492,2110700
2015-01-23,EWA,22.059999465942383,22.1299991607666,21.959999084472656,22.0,1943600
2015-01-26,EWA,22.049999237060547,22.1299991607666,21.959999084472656,22.079999923706055,1135200
2015-01-27,EWA,22.149999618530273,22.209999084472656,22.06999969482422,22.1200008392334,1300900
2015-01-28,EWA,22.40999984741211,22.420000076293945,21.959999084472656,22.0,2074500
2015-01-29,EWA,21.969999313354492,22.06999969482422,21.799999237060547,22.049999237060547,1584800
2015-01-30,EWA,21.8700008392334,22.100000381469727,21.860000610351562,21.920000076293945,1610900
2015-02-02,EWA,22.270000457763672,22.399999618530273,22.209999084472656,22.3700008392334,1886300
2015-02-03,EWA,22.450000762939453,23.020000457763672,22.43000030517578,22.850000381469727,2460900
2015-02-04,EWA,22.809999465942383,22.90999984741211,22.690000534057617,22.729999542236328,3222600
2015-02-05,EWA,22.90999984741211,23.149999618530273,22.90999984741211,23.139999389648438,1437000
2015-02-06,EWA,22.989999771118164,23.100000381469727,22.920000076293945,22.989999771118164,2338600
2015-02-09,EWA,23.020000457763672,23.149999618530273,22.940000534057617,22.959999084472656,2138900
2015-02-10,EWA,22.940000534057617,23.010000228881836,22.829999923706055,22.950000762939453,1193600
2015-02-11,EWA,22.670000076293945,22.670000076293945,22.479999542236328,22.610000610351562,1672900
2015-02-12,EWA,22.540000915527344,22.829999923706055,22.530000686645508,22.75,1859300
2015-02-13,EWA,23.149999618530273,23.309999465942383,23.1299991607666,23.229999542236328,1803000
2015-02-17,EWA,23.239999771118164,23.389999389648438,23.200000762939453,23.3799991607666,1798700
2015-02-18,EWA,23.360000610351562,23.56999969482422,23.329999923706055,23.489999771118164,1554200
2015-02-19,EWA,23.3700008392334,23.530000686645508,23.3700008392334,23.389999389648438,1434900
2015-02-20,EWA,23.3700008392334,23.540000915527344,23.25,23.520000457763672,1195600
2015-02-23,EWA,23.399999618530273,23.5,23.3700008392334,23.459999084472656,1150300
2015-02-24,EWA,23.469999313354492,23.729999542236328,23.3799991607666,23.68000030517578,1499100
2015-02-25,EWA,23.84000015258789,23.93000030517578,23.829999923706055,23.84000015258789,1556300
2015-02-26,EWA,23.700000762939453,23.700000762939453,23.459999084472656,23.520000457763672,1675400
2015-02-27,EWA,23.639999389648438,23.770000457763672,23.610000610351562,23.68000030517578,1490100
2015-03-02,EWA,23.690000534057617,23.75,23.639999389648438,23.700000762939453,1122200
2015-03-03,EWA,23.729999542236328,23.780000686645508,23.670000076293945,23.709999084472656,1448000
2015-03-04,EWA,23.690000534057617,23.690000534057617,23.469999313354492,23.579999923706055,964700
2015-03-05,EWA,23.510000228881836,23.549999237060547,23.399999618530273,23.459999084472656,1426600
2015-03-06,EWA,23.31999969482422,23.34000015258789,23.040000915527344,23.049999237060547,1727700
2015-03-09,EWA,23.06999969482422,23.100000381469727,23.0,23.049999237060547,1556600
2015-03-10,EWA,22.690000534057617,22.75,22.469999313354492,22.520000457763672,3214000
2015-03-11,EWA,22.559999465942383,22.59000015258789,22.399999618530273,22.459999084472656,2739200
2015-03-12,EWA,23.059999465942383,23.149999618530273,23.010000228881836,23.110000610351562,2502600
2015-03-13,EWA,22.780000686645508,22.790000915527344,22.459999084472656,22.65999984741211,3172700
2015-03-16,EWA,22.829999923706055,22.940000534057617,22.799999237060547,22.860000610351562,2973600
2015-03-17,EWA,22.75,22.850000381469727,22.719999313354492,22.790000915527344,1800600
2015-03-18,EWA,22.81999969482422,23.520000457763672,22.799999237060547,23.469999313354492,3881200
2015-03-19,EWA,23.290000915527344,23.3799991607666,23.170000076293945,23.239999771118164,2043200
2015-03-20,EWA,23.75,24.010000228881836,23.68000030517578,23.93000030517578,3339200
2015-03-23,EWA,23.969999313354492,24.18000030517578,23.93000030517578,24.100000381469727,1827300
2015-03-24,EWA,24.18000030517578,24.219999313354492,24.06999969482422,24.110000610351562,2407600
2015-03-25,EWA,24.15999984741211,24.190000534057617,23.81999969482422,23.84000015258789,2076700
2015-03-26,EWA,23.68000030517578,23.690000534057617,23.479999542236328,23.610000610351562,2856200
2015-03-27,EWA,23.479999542236328,23.510000228881836,23.350000381469727,23.3799991607666,3337800
2015-03-30,EWA,23.1200008392334,23.209999084472656,23.100000381469727,23.1299991607666,2285600
2015-03-31,EWA,22.809999465942383,23.010000228881836,22.799999237060547,22.860000610351562,2011500
2015-04-01,EWA,22.93000030517578,23.0,22.829999923706055,22.899999618530273,2148700
2015-04-02,EWA,22.850000381469727,23.079999923706055,22.81999969482422,22.979999542236328,3291500
2015-04-06,EWA,23.020000457763672,23.40999984741211,23.0,23.190000534057617,2471200
2015-04-07,EWA,23.280000686645508,23.440000534057617,23.270000457763672,23.309999465942383,2396700
2015-04-08,EWA,23.540000915527344,23.68000030517578,23.440000534057617,23.559999465942383,3928000
2015-04-09,EWA,23.579999923706055,23.579999923706055,23.3700008392334,23.5,1960400
2015-04-10,EWA,23.469999313354492,23.59000015258789,23.469999313354492,23.549999237060547,1109200
2015-04-13,EWA,23.229999542236328,23.280000686645508,23.110000610351562,23.149999618530273,1876000
2015-04-14,EWA,23.190000534057617,23.309999465942383,23.149999618530273,23.280000686645508,1611500
2015-04-15,EWA,23.200000762939453,23.469999313354492,23.1200008392334,23.350000381469727,3915300
2015-04-16,EWA,23.639999389648438,23.829999923706055,23.56999969482422,23.719999313354492,3928100
2015-04-17,EWA,23.299999237060547,23.360000610351562,23.139999389648438,23.280000686645508,2755500
2015-04-20,EWA,23.219999313354492,23.309999465942383,23.15999984741211,23.239999771118164,2237300
2015-04-21,EWA,23.260000228881836,23.329999923706055,23.1299991607666,23.170000076293945,2097700
2015-04-22,EWA,23.18000030517578,23.25,23.079999923706055,23.229999542236328,1292300
2015-04-23,EWA,23.09000015258789,23.420000076293945,23.079999923706055,23.399999618530273,1360700
2015-04-24,EWA,23.809999465942383,23.959999084472656,23.780000686645508,23.93000030517578,1615500
2015-04-27,EWA,24.020000457763672,24.219999313354492,24.020000457763672,24.049999237060547,1221500
2015-04-28,EWA,24.200000762939453,24.43000030517578,24.170000076293945,24.389999389648438,1957600
2015-04-29,EWA,23.739999771118164,23.920000076293945,23.729999542236328,23.809999465942383,2810900
2015-04-30,EWA,23.260000228881836,23.3700008392334,23.139999389648438,23.31999969482422,3375100
2015-05-01,EWA,23.3799991607666,23.469999313354492,23.280000686645508,23.450000762939453,1113600
2015-05-04,EWA,23.399999618530273,23.469999313354492,23.3700008392334,23.40999984741211,1317500
2015-05-05,EWA,23.40999984741211,23.5,23.31999969482422,23.3799991607666,2045100
2015-05-06,EWA,23.219999313354492,23.229999542236328,22.8700008392334,22.979999542236328,2706700
2015-05-07,EWA,22.799999237060547,22.809999465942383,22.6200008392334,22.690000534057617,4956800
2015-05-08,EWA,22.889999389648438,22.950000762939453,22.719999313354492,22.940000534057617,1341400
2015-05-11,EWA,22.510000228881836,22.65999984741211,22.510000228881836,22.520000457763672,2028800
2015-05-12,EWA,22.920000076293945,23.1200008392334,22.889999389648438,23.059999465942383,2740300
2015-05-13,EWA,23.559999465942383,23.670000076293945,23.510000228881836,23.540000915527344,1742700
2015-05-14,EWA,23.809999465942383,23.809999465942383,23.6200008392334,23.709999084472656,3301200
2015-05-15,EWA,23.540000915527344,23.700000762939453,23.489999771118164,23.700000762939453,2108300
2015-05-18,EWA,23.1299991607666,23.290000915527344,23.020000457763672,23.229999542236328,1544600
2015-05-19,EWA,22.829999923706055,22.850000381469727,22.719999313354492,22.790000915527344,2114200
2015-05-20,EWA,22.700000762939453,22.829999923706055,22.6299991607666,22.690000534057617,2003300
2015-05-21,EWA,22.84000015258789,22.979999542236328,22.809999465942383,22.93000030517578,1237300
2015-05-22,EWA,22.760000228881836,22.780000686645508,22.690000534057617,22.729999542236328,832400
2015-05-26,EWA,22.969999313354492,22.969999313354492,22.719999313354492,22.760000228881836,1216100
2015-05-27,EWA,22.670000076293945,22.780000686645508,22.6200008392334,22.770000457763672,2611900
2015-05-28,EWA,22.40999984741211,22.479999542236328,22.299999237060547,22.459999084472656,1287500
2015-05-29,EWA,22.610000610351562,22.68000030517578,22.540000915527344,22.540000915527344,1551200
2015-06-01,EWA,22.489999771118164,22.549999237060547,22.31999969482422,22.3700008392334,1325700
2015-06-02,EWA,22.260000228881836,22.510000228881836,22.219999313354492,22.459999084472656,1365400
2015-06-03,EWA,22.25,22.440000534057617,22.25,22.290000915527344,1788900
2015-06-04,EWA,21.670000076293945,21.729999542236328,21.56999969482422,21.610000610351562,3418300
2015-06-05,EWA,21.440000534057617,21.600000381469727,21.3799991607666,21.489999771118164,2323000
2015-06-08,EWA,21.520000457763672,21.59000015258789,21.450000762939453,21.579999923706055,2298500
2015-06-09,EWA,21.5,21.540000915527344,21.399999618530273,21.489999771118164,1608000
2015-06-10,EWA,21.829999923706055,22.010000228881836,21.809999465942383,21.969999313354492,1839400
2015-06-11,EWA,22.09000015258789,22.139999389648438,22.010000228881836,22.1200008392334,1336400
2015-06-12,EWA,21.829999923706055,22.010000228881836,21.799999237060547,21.90999984741211,818800
2015-06-15,EWA,22.059999465942383,22.09000015258789,21.989999771118164,22.020000457763672,1179800
2015-06-16,EWA,22.049999237060547,22.190000534057617,22.049999237060547,22.18000030517578,896400
2015-06-17,EWA,22.059999465942383,22.31999969482422,21.90999984741211,22.229999542236328,1998300
2015-06-18,EWA,22.34000015258789,22.450000762939453,22.299999237060547,22.309999465942383,2095100
2015-06-19,EWA,22.3700008392334,22.399999618530273,22.309999465942383,22.34000015258789,1124600
2015-06-22,EWA,22.520000457763672,22.549999237060547,22.3700008392334,22.3799991607666,2559800
2015-06-23,EWA,22.489999771118164,22.639999389648438,22.469999313354492,22.600000381469727,1185900
2015-06-24,EWA,22.559999465942383,22.6200008392334,22.479999542236328,22.5,1461500
2015-06-25,EWA,21.950000762939453,21.950000762939453,21.84000015258789,21.850000381469727,1457100
2015-06-26,EWA,21.459999084472656,21.489999771118164,21.329999923706055,21.440000534057617,2304800
2015-06-29,EWA,20.959999084472656,21.100000381469727,20.8700008392334,20.899999618530273,2392600
2015-06-30,EWA,21.139999389648438,21.200000762939453,20.950000762939453,21.030000686645508,2770200
2015-07-01,EWA,21.3700008392334,21.3799991607666,21.18000030517578,21.260000228881836,1640000
2015-07-02,EWA,21.43000030517578,21.450000762939453,21.350000381469727,21.389999389648438,1514800
2015-07-06,EWA,20.760000228881836,20.899999618530273,20.690000534057617,20.790000915527344,1928000
2015-07-07,EWA,20.700000762939453,20.920000076293945,20.399999618530273,20.84000015258789,3541900
2015-07-08,EWA,20.450000762939453,20.489999771118164,20.25,20.25,2970900
2015-07-09,EWA,20.610000610351562,20.649999618530273,20.40999984741211,20.440000534057617,2091500
2015-07-10,EWA,20.670000076293945,20.75,20.59000015258789,20.700000762939453,1245500
2015-07-13,EWA,20.649999618530273,20.75,20.600000381469727,20.709999084472656,2388400
2015-07-14,EWA,20.959999084472656,21.0,20.920000076293945,20.950000762939453,1581700
2015-07-15,EWA,21.100000381469727,21.139999389648438,20.84000015258789,20.899999618530273,1269300
2015-07-16,EWA,21.190000534057617,21.280000686645508,21.1299991607666,21.149999618530273,1852000
2015-07-17,EWA,21.079999923706055,21.09000015258789,21.0,21.040000915527344,2243300
2015-07-20,EWA,21.18000030517578,21.239999771118164,21.079999923706055,21.18000030517578,1660500
2015-07-21,EWA,21.170000076293945,21.31999969482422,21.110000610351562,21.229999542236328,1006300
2015-07-22,EWA,20.799999237060547,20.850000381469727,20.709999084472656,20.809999465942383,2029900
2015-07-23,EWA,20.68000030517578,20.709999084472656,20.549999237060547,20.559999465942383,2472800
2015-07-24,EWA,20.389999389648438,20.389999389648438,20.149999618530273,20.219999313354492,2098100
2015-07-27,EWA,20.420000076293945,20.420000076293945,20.239999771118164,20.270000457763672,1712300
2015-07-28,EWA,20.559999465942383,20.770000457763672,20.510000228881836,20.729999542236328,2939300
2015-07-29,EWA,20.809999465942383,20.889999389648438,20.729999542236328,20.790000915527344,1776300
2015-07-30,EWA,20.760000228881836,20.860000610351562,20.709999084472656,20.850000381469727,1036100
2015-07-31,EWA,21.139999389648438,21.149999618530273,20.850000381469727,20.920000076293945,1249200
2015-08-03,EWA,20.75,20.850000381469727,20.670000076293945,20.739999771118164,2201600
2015-08-04,EWA,21.149999618530273,21.280000686645508,21.059999465942383,21.09000015258789,1948300
2015-08-05,EWA,21.110000610351562,21.170000076293945,21.010000228881836,21.040000915527344,1322400
2015-08-06,EWA,20.600000381469727,20.6200008392334,20.40999984741211,20.520000457763672,1931300
2015-08-07,EWA,20.290000915527344,20.360000610351562,20.1299991607666,20.34000015258789,3558700
2015-08-10,EWA,20.3700008392334,20.649999618530273,20.3700008392334,20.649999618530273,1467100
2015-08-11,EWA,20.040000915527344,20.040000915527344,19.81999969482422,19.940000534057617,1912400
2015-08-12,EWA,19.709999084472656,19.950000762939453,19.6299991607666,19.950000762939453,3817600
2015-08-13,EWA,19.780000686645508,19.940000534057617,19.709999084472656,19.889999389648438,1571600
2015-08-14,EWA,19.850000381469727,19.899999618530273,19.729999542236328,19.860000610351562,1788900
2015-08-17,EWA,19.81999969482422,19.959999084472656,19.75,19.93000030517578,1657700
2015-08-18,EWA,19.6299991607666,19.75,19.6200008392334,19.700000762939453,2287600
2015-08-19,EWA,19.8799991607666,20.010000228881836,19.65999984741211,19.850000381469727,2417100
2015-08-20,EWA,19.5,19.530000686645508,19.270000457763672,19.280000686645508,5773400
2015-08-21,EWA,19.229999542236328,19.260000228881836,18.790000915527344,18.81999969482422,4015000
2015-08-24,EWA,17.440000534057617,17.93000030517578,17.200000762939453,17.34000015258789,12390600
2015-08-25,EWA,19.1200008392334,19.149999618530273,18.3700008392334,18.3700008392334,8749600
2015-08-26,EWA,18.719999313354492,18.90999984741211,18.299999237060547,18.8799991607666,6303500
2015-08-27,EWA,18.899999618530273,19.270000457763672,18.860000610351562,19.25,7512700
2015-08-28,EWA,18.860000610351562,19.15999984741211,18.860000610351562,19.149999618530273,2836200
2015-08-31,EWA,18.709999084472656,18.739999771118164,18.530000686645508,18.649999618530273,3774400
2015-09-01,EWA,17.950000762939453,18.049999237060547,17.709999084472656,17.790000915527344,3554500
2015-09-02,EWA,18.15999984741211,18.200000762939453,17.899999618530273,18.190000534057617,2111900
2015-09-03,EWA,17.940000534057617,18.15999984741211,17.8700008392334,17.940000534057617,1623800
2015-09-04,EWA,17.6299991607666,17.729999542236328,17.459999084472656,17.540000915527344,1359700
2015-09-08,EWA,18.260000228881836,18.3799991607666,18.149999618530273,18.34000015258789,2054300
2015-09-09,EWA,18.6299991607666,18.649999618530273,18.239999771118164,18.280000686645508,2612800
2015-09-10,EWA,18.209999084472656,18.469999313354492,18.1299991607666,18.360000610351562,2171000
2015-09-11,EWA,18.229999542236328,18.34000015258789,18.15999984741211,18.329999923706055,1599000
2015-09-14,EWA,18.420000076293945,18.530000686645508,18.389999389648438,18.440000534057617,1331700
2015-09-15,EWA,18.15999984741211,18.43000030517578,18.139999389648438,18.420000076293945,2071800
2015-09-16,EWA,18.65999984741211,18.93000030517578,18.639999389648438,18.899999618530273,2935200
2015-09-17,EWA,18.709999084472656,19.219999313354492,18.65999984741211,18.709999084472656,5531500
2015-09-18,EWA,18.829999923706055,18.899999618530273,18.559999465942383,18.610000610351562,2328400
2015-09-21,EWA,18.489999771118164,18.579999923706055,18.3799991607666,18.450000762939453,1210300
2015-09-22,EWA,18.110000610351562,18.219999313354492,18.010000228881836,18.200000762939453,2257200
2015-09-23,EWA,17.989999771118164,18.049999237060547,17.780000686645508,17.829999923706055,1303300
2015-09-24,EWA,17.84000015258789,18.170000076293945,17.799999237060547,18.100000381469727,3407500
2015-09-25,EWA,18.06999969482422,18.139999389648438,17.899999618530273,17.989999771118164,1763500
2015-09-28,EWA,17.969999313354492,18.0,17.700000762939453,17.709999084472656,1492200
2015-09-29,EWA,17.459999084472656,17.610000610351562,17.350000381469727,17.489999771118164,4991300
2015-09-30,EWA,17.799999237060547,17.920000076293945,17.700000762939453,17.920000076293945,2565100
2015-10-01,EWA,18.200000762939453,18.25,17.950000762939453,18.06999969482422,1834300
2015-10-02,EWA,17.729999542236328,18.260000228881836,17.690000534057617,18.25,2414900
2015-10-05,EWA,18.549999237060547,18.799999237060547,18.549999237060547,18.770000457763672,2323100
2015-10-06,EWA,18.799999237060547,18.90999984741211,18.75,18.8799991607666,1353900
2015-10-07,EWA,19.239999771118164,19.34000015258789,19.079999923706055,19.18000030517578,2942500
2015-10-08,EWA,19.1299991607666,19.5,19.110000610351562,19.459999084472656,2041500
2015-10-09,EWA,19.610000610351562,19.690000534057617,19.559999465942383,19.639999389648438,1088900
2015-10-12,EWA,19.6200008392334,19.65999984741211,19.540000915527344,19.56999969482422,1344700
2015-10-13,EWA,19.1299991607666,19.360000610351562,19.100000381469727,19.149999618530273,1201700
2015-10-14,EWA,19.229999542236328,19.31999969482422,19.15999984741211,19.260000228881836,2511600
2015-10-15,EWA,19.399999618530273,19.68000030517578,19.389999389648438,19.6200008392334,3960400
2015-10-16,EWA,19.530000686645508,19.579999923706055,19.469999313354492,19.56999969482422,1304600
2015-10-19,EWA,19.43000030517578,19.469999313354492,19.360000610351562,19.399999618530273,3006500
2015-10-20,EWA,19.270000457763672,19.360000610351562,19.209999084472656,19.280000686645508,1635100
2015-10-21,EWA,19.309999465942383,19.31999969482422,19.1299991607666,19.139999389648438,2242600
2015-10-22,EWA,19.450000762939453,19.59000015258789,19.3700008392334,19.530000686645508,1780000
2015-10-23,EWA,19.719999313354492,19.829999923706055,19.700000762939453,19.790000915527344,2286400
2015-10-26,EWA,19.81999969482422,19.84000015258789,19.709999084472656,19.729999542236328,1211600
2015-10-27,EWA,19.68000030517578,19.719999313354492,19.520000457763672,19.549999237060547,2296400
2015-10-28,EWA,19.350000381469727,19.520000457763672,19.18000030517578,19.389999389648438,3924100
2015-10-29,EWA,18.860000610351562,18.950000762939453,18.809999465942383,18.829999923706055,3459300
2015-10-30,EWA,18.809999465942383,19.049999237060547,18.729999542236328,18.920000076293945,5071800
2015-11-02,EWA,18.690000534057617,18.889999389648438,18.65999984741211,18.8700008392334,2384800
2015-11-03,EWA,18.940000534057617,19.239999771118164,18.93000030517578,19.209999084472656,1892800
2015-11-04,EWA,19.079999923706055,19.110000610351562,18.899999618530273,18.989999771118164,2088600
2015-11-05,EWA,18.90999984741211,18.90999984741211,18.719999313354492,18.809999465942383,2346700
2015-11-06,EWA,18.65999984741211,18.700000762939453,18.479999542236328,18.639999389648438,2176700
2015-11-09,EWA,18.200000762939453,18.229999542236328,18.049999237060547,18.15999984741211,5356000
2015-11-10,EWA,18.079999923706055,18.15999984741211,18.030000686645508,18.139999389648438,1480600
2015-11-11,EWA,18.399999618530273,18.440000534057617,18.31999969482422,18.34000015258789,2016700
2015-11-12,EWA,18.3700008392334,18.469999313354492,18.350000381469727,18.350000381469727,2174500
2015-11-13,EWA,18.229999542236328,18.229999542236328,18.079999923706055,18.110000610351562,2124500
2015-11-16,EWA,18.040000915527344,18.280000686645508,18.030000686645508,18.260000228881836,2319600
2015-11-17,EWA,18.5,18.579999923706055,18.40999984741211,18.459999084472656,2515000
2015-11-18,EWA,18.579999923706055,18.75,18.559999465942383,18.729999542236328,1856900
2015-11-19,EWA,19.200000762939453,19.290000915527344,19.18000030517578,19.200000762939453,2191900
2015-11-20,EWA,19.469999313354492,19.510000228881836,19.350000381469727,19.350000381469727,1525000
2015-11-23,EWA,19.299999237060547,19.3799991607666,19.229999542236328,19.229999542236328,2000800
2015-11-24,EWA,19.170000076293945,19.360000610351562,19.139999389648438,19.350000381469727,3008700
2015-11-25,EWA,19.190000534057617,19.260000228881836,19.139999389648438,19.15999984741211,1043700
2015-11-27,EWA,18.989999771118164,19.049999237060547,18.940000534057617,19.020000457763672,767500
2015-11-30,EWA,19.06999969482422,19.15999984741211,19.06999969482422,19.09000015258789,1558200
2015-12-01,EWA,19.469999313354492,19.65999984741211,19.469999313354492,19.6299991607666,3322800
2015-12-02,EWA,19.6200008392334,19.670000076293945,19.40999984741211,19.43000030517578,1535600
2015-12-03,EWA,19.479999542236328,19.489999771118164,19.25,19.299999237060547,1670800
2015-12-04,EWA,19.15999984741211,19.43000030517578,19.15999984741211,19.389999389648438,1936100
2015-12-07,EWA,19.110000610351562,19.139999389648438,18.959999084472656,19.010000228881836,2278400
2015-12-08,EWA,18.579999923706055,18.760000228881836,18.530000686645508,18.6299991607666,2248300
2015-12-09,EWA,18.690000534057617,18.829999923706055,18.420000076293945,18.600000381469727,3470400
2015-12-10,EWA,18.610000610351562,18.75,18.579999923706055,18.610000610351562,2036000
2015-12-11,EWA,18.299999237060547,18.34000015258789,18.049999237060547,18.09000015258789,3064500
2015-12-14,EWA,18.079999923706055,18.149999618530273,17.90999984741211,18.100000381469727,5552000
2015-12-15,EWA,18.139999389648438,18.18000030517578,18.010000228881836,18.1299991607666,2765800
2015-12-16,EWA,18.350000381469727,18.700000762939453,18.350000381469727,18.649999618530273,4249100
2015-12-17,EWA,18.639999389648438,18.639999389648438,18.309999465942383,18.309999465942383,6050200
2015-12-18,EWA,18.559999465942383,18.68000030517578,18.510000228881836,18.530000686645508,4286500
2015-12-21,EWA,18.270000457763672,18.329999923706055,18.1200008392334,18.239999771118164,3265200
2015-12-22,EWA,18.290000915527344,18.389999389648438,18.219999313354492,18.3799991607666,2988500
2015-12-23,EWA,18.530000686645508,18.719999313354492,18.510000228881836,18.719999313354492,2285200
2015-12-24,EWA,18.770000457763672,18.84000015258789,18.729999542236328,18.729999542236328,1324300
2015-12-28,EWA,18.690000534057617,18.700000762939453,18.59000015258789,18.690000534057617,2283800
2015-12-29,EWA,19.149999618530273,19.260000228881836,19.139999389648438,19.200000762939453,2721300
2015-12-30,EWA,19.219999313354492,19.280000686645508,19.149999618530273,19.15999984741211,2121500
2015-12-31,EWA,19.100000381469727,19.15999984741211,18.950000762939453,18.959999084472656,2550800
2016-01-04,EWA,18.700000762939453,18.719999313354492,18.479999542236328,18.700000762939453,3513900
2016-01-05,EWA,18.450000762939453,18.469999313354492,18.229999542236328,18.420000076293945,4774000
2016-01-06,EWA,17.829999923706055,17.959999084472656,17.809999465942383,17.889999389648438,3491200
2016-01-07,EWA,17.149999618530273,17.43000030517578,17.059999465942383,17.1299991607666,5513800
2016-01-08,EWA,17.149999618530273,17.190000534057617,16.860000610351562,16.8799991607666,3975500
2016-01-11,EWA,17.15999984741211,17.18000030517578,16.790000915527344,17.020000457763672,3813800
2016-01-12,EWA,17.15999984741211,17.239999771118164,16.90999984741211,17.1200008392334,2410500
2016-01-13,EWA,17.260000228881836,17.309999465942383,16.739999771118164,16.81999969482422,4065000
2016-01-14,EWA,16.940000534057617,17.309999465942383,16.790000915527344,17.170000076293945,5283300
2016-01-15,EWA,16.280000686645508,16.450000762939453,16.09000015258789,16.25,6538600
2016-01-19,EWA,16.809999465942383,16.829999923706055,16.5,16.639999389648438,7601200
2016-01-20,EWA,16.459999084472656,16.709999084472656,16.079999923706055,16.579999923706055,7062200
2016-01-21,EWA,16.600000381469727,17.010000228881836,16.459999084472656,16.899999618530273,5235100
2016-01-22,EWA,17.239999771118164,17.31999969482422,17.1200008392334,17.209999084472656,2605800
2016-01-25,EWA,17.1299991607666,17.209999084472656,16.93000030517578,16.940000534057617,3878600
2016-01-26,EWA,17.09000015258789,17.299999237060547,17.059999465942383,17.280000686645508,3135500
2016-01-27,EWA,17.270000457763672,17.43000030517578,16.950000762939453,17.09000015258789,3646100
2016-01-28,EWA,17.530000686645508,17.56999969482422,17.260000228881836,17.399999618530273,3410500
2016-01-29,EWA,17.530000686645508,17.649999618530273,17.479999542236328,17.639999389648438,3159200
2016-02-01,EWA,17.479999542236328,17.760000228881836,17.43000030517578,17.670000076293945,3180100
2016-02-02,EWA,17.200000762939453,17.219999313354492,17.020000457763672,17.110000610351562,3166000
2016-02-03,EWA,17.170000076293945,17.3799991607666,16.829999923706055,17.350000381469727,5390800
2016-02-04,EWA,17.600000381469727,17.829999923706055,17.579999923706055,17.649999618530273,4369400
2016-02-05,EWA,17.479999542236328,17.489999771118164,17.110000610351562,17.190000534057617,2110500
2016-02-08,EWA,17.139999389648438,17.260000228881836,17.020000457763672,17.170000076293945,4626700
2016-02-09,EWA,16.600000381469727,16.90999984741211,16.559999465942383,16.84000015258789,4465900
2016-02-10,EWA,16.780000686645508,16.950000762939453,16.729999542236328,16.780000686645508,4231300
2016-02-11,EWA,16.639999389648438,16.790000915527344,16.540000915527344,16.719999313354492,4289500
2016-02-12,EWA,16.690000534057617,16.950000762939453,16.610000610351562,16.940000534057617,4423000
2016-02-16,EWA,17.299999237060547,17.360000610351562,17.110000610351562,17.31999969482422,2489400
2016-02-17,EWA,17.360000610351562,17.649999618530273,17.329999923706055,17.600000381469727,4309600
2016-02-18,EWA,17.780000686645508,17.780000686645508,17.6200008392334,17.65999984741211,1953800
2016-02-19,EWA,17.3700008392334,17.639999389648438,17.309999465942383,17.6200008392334,1397800
2016-02-22,EWA,17.959999084472656,18.1299991607666,17.959999084472656,18.110000610351562,2155300
2016-02-23,EWA,17.920000076293945,17.950000762939453,17.729999542236328,17.770000457763672,1511500
2016-02-24,EWA,17.229999542236328,17.600000381469727,17.15999984741211,17.579999923706055,3343400
2016-02-25,EWA,17.3700008392334,17.600000381469727,17.280000686645508,17.600000381469727,2583400
2016-02-26,EWA,17.59000015258789,17.600000381469727,17.25,17.299999237060547,2089800
2016-02-29,EWA,17.31999969482422,17.450000762939453,17.270000457763672,17.280000686645508,3429200
2016-03-01,EWA,17.68000030517578,17.860000610351562,17.56999969482422,17.84000015258789,3210800
2016-03-02,EWA,18.1200008392334,18.3700008392334,18.06999969482422,18.360000610351562,2802500
2016-03-03,EWA,18.6200008392334,18.760000228881836,18.600000381469727,18.719999313354492,2857600
2016-03-04,EWA,18.940000534057617,19.149999618530273,18.899999618530273,19.049999237060547,5211100
2016-03-07,EWA,19.049999237060547,19.389999389648438,19.049999237060547,19.31999969482422,3660300
2016-03-08,EWA,19.110000610351562,19.110000610351562,18.920000076293945,18.959999084472656,3111200
2016-03-09,EWA,19.3799991607666,19.510000228881836,19.309999465942383,19.40999984741211,6699300
2016-03-10,EWA,19.399999618530273,19.43000030517578,19.09000015258789,19.270000457763672,6644700
2016-03-11,EWA,19.59000015258789,19.790000915527344,19.56999969482422,19.770000457763672,5598900
2016-03-14,EWA,19.559999465942383,19.579999923706055,19.450000762939453,19.510000228881836,2037700
2016-03-15,EWA,19.010000228881836,19.06999969482422,18.969999313354492,19.06999969482422,2436200
2016-03-16,EWA,19.0,19.520000457763672,19.0,19.510000228881836,3267500
2016-03-17,EWA,19.68000030517578,20.0,19.6200008392334,19.940000534057617,4149700
2016-03-18,EWA,19.81999969482422,19.920000076293945,19.790000915527344,19.829999923706055,2895900
2016-03-21,EWA,19.75,19.799999237060547,19.649999618530273,19.719999313354492,3089800
2016-03-22,EWA,19.549999237060547,19.75,19.540000915527344,19.690000534057617,8734500
2016-03-23,EWA,19.510000228881836,19.510000228881836,19.239999771118164,19.270000457763672,5583500
2016-03-24,EWA,19.040000915527344,19.239999771118164,19.040000915527344,19.229999542236328,2786800
2016-03-28,EWA,19.25,19.31999969482422,19.190000534057617,19.290000915527344,1333800
2016-03-29,EWA,18.75,19.239999771118164,18.68000030517578,19.239999771118164,2869100
2016-03-30,EWA,19.34000015258789,19.450000762939453,19.25,19.329999923706055,1809800
2016-03-31,EWA,19.459999084472656,19.559999465942383,19.31999969482422,19.31999969482422,3800600
2016-04-01,EWA,18.889999389648438,19.219999313354492,18.860000610351562,19.200000762939453,2504200
2016-04-04,EWA,19.079999923706055,19.079999923706055,18.90999984741211,18.959999084472656,2048000
2016-04-05,EWA,18.389999389648438,18.440000534057617,18.309999465942383,18.399999618530273,2463100
2016-04-06,EWA,18.510000228881836,18.829999923706055,18.510000228881836,18.799999237060547,2251500
2016-04-07,EWA,18.510000228881836,18.56999969482422,18.350000381469727,18.40999984741211,3521700
2016-04-08,EWA,18.68000030517578,18.739999771118164,18.530000686645508,18.600000381469727,1915900
2016-04-11,EWA,18.65999984741211,18.790000915527344,18.610000610351562,18.610000610351562,2192000
2016-04-12,EWA,18.950000762939453,19.229999542236328,18.84000015258789,19.190000534057617,4439700
2016-04-13,EWA,19.459999084472656,19.530000686645508,19.3799991607666,19.489999771118164,5737900
2016-04-14,EWA,19.81999969482422,19.81999969482422,19.690000534057617,19.690000534057617,2605400
2016-04-15,EWA,19.84000015258789,19.969999313354492,19.799999237060547,19.8799991607666,4282800
2016-04-18,EWA,19.889999389648438,20.170000076293945,19.860000610351562,20.1299991607666,3485900
2016-04-19,EWA,20.31999969482422,20.450000762939453,20.299999237060547,20.440000534057617,4497300
2016-04-20,EWA,20.459999084472656,20.600000381469727,20.440000534057617,20.459999084472656,2839600
2016-04-21,EWA,20.530000686645508,20.530000686645508,20.270000457763672,20.329999923706055,3529200
2016-04-22,EWA,20.25,20.3700008392334,20.15999984741211,20.260000228881836,2449400
2016-04-25,EWA,20.190000534057617,20.209999084472656,20.110000610351562,20.149999618530273,2133700
2016-04-26,EWA,20.34000015258789,20.350000381469727,20.219999313354492,20.299999237060547,1682800
2016-04-27,EWA,19.719999313354492,19.8700008392334,19.6299991607666,19.809999465942383,5864000
2016-04-28,EWA,19.829999923706055,20.079999923706055,19.790000915527344,19.8700008392334,3195600
2016-04-29,EWA,20.0,20.06999969482422,19.84000015258789,19.93000030517578,5432800
2016-05-02,EWA,19.989999771118164,20.079999923706055,19.920000076293945,20.079999923706055,2552500
2016-05-03,EWA,20.049999237060547,20.049999237060547,19.829999923706055,19.829999923706055,3007900
2016-05-04,EWA,19.639999389648438,19.68000030517578,19.469999313354492,19.520000457763672,2341600
2016-05-05,EWA,19.639999389648438,19.68000030517578,19.440000534057617,19.510000228881836,1861200
2016-05-06,EWA,19.239999771118164,19.469999313354492,19.209999084472656,19.469999313354492,4258400
2016-05-09,EWA,19.479999542236328,19.5,19.3700008392334,19.3700008392334,3604100
2016-05-10,EWA,19.639999389648438,19.809999465942383,19.6200008392334,19.799999237060547,1865600
2016-05-11,EWA,19.739999771118164,19.850000381469727,19.700000762939453,19.729999542236328,2460500
2016-05-12,EWA,19.850000381469727,19.860000610351562,19.520000457763672,19.68000030517578,2579900
2016-05-13,EWA,19.479999542236328,19.520000457763672,19.350000381469727,19.399999618530273,4257000
2016-05-16,EWA,19.579999923706055,19.729999542236328,19.56999969482422,19.709999084472656,1629100
2016-05-17,EWA,19.770000457763672,19.8799991607666,19.65999984741211,19.68000030517578,3059000
2016-05-18,EWA,19.530000686645508,19.790000915527344,19.399999618530273,19.43000030517578,5419400
2016-05-19,EWA,19.309999465942383,19.389999389648438,19.190000534057617,19.3700008392334,2927900
2016-05-20,EWA,19.469999313354492,19.520000457763672,19.3799991607666,19.450000762939453,2127800
2016-05-23,EWA,19.229999542236328,19.34000015258789,19.229999542236328,19.31999969482422,1178700
2016-05-24,EWA,19.219999313354492,19.389999389648438,19.170000076293945,19.3700008392334,2549500
2016-05-25,EWA,19.389999389648438,19.540000915527344,19.389999389648438,19.489999771118164,1732500
2016-05-26,EWA,19.610000610351562,19.65999984741211,19.540000915527344,19.559999465942383,4120500
2016-05-27,EWA,19.579999923706055,19.649999618530273,19.530000686645508,19.579999923706055,1310200
2016-05-31,EWA,19.530000686645508,19.639999389648438,19.360000610351562,19.450000762939453,2851900
2016-06-01,EWA,19.25,19.469999313354492,19.239999771118164,19.420000076293945,3013100
2016-06-02,EWA,19.09000015258789,19.270000457763672,19.06999969482422,19.270000457763672,3251600
2016-06-03,EWA,19.520000457763672,19.670000076293945,19.40999984741211,19.639999389648438,3265100
2016-06-06,EWA,19.81999969482422,19.920000076293945,19.729999542236328,19.860000610351562,2821400
2016-06-07,EWA,19.989999771118164,20.100000381469727,19.989999771118164,20.059999465942383,4333800
2016-06-08,EWA,20.1299991607666,20.200000762939453,20.110000610351562,20.190000534057617,2499900
2016-06-09,EWA,19.8799991607666,19.950000762939453,19.829999923706055,19.93000030517578,4349900
2016-06-10,EWA,19.579999923706055,19.6299991607666,19.3700008392334,19.43000030517578,2870300
2016-06-13,EWA,19.34000015258789,19.43000030517578,19.25,19.25,2684900
2016-06-14,EWA,19.1200008392334,19.18000030517578,18.950000762939453,19.079999923706055,3532300
2016-06-15,EWA,19.049999237060547,19.229999542236328,19.040000915527344,19.09000015258789,3932900
2016-06-16,EWA,18.770000457763672,18.989999771118164,18.549999237060547,18.950000762939453,3776000
2016-06-17,EWA,19.059999465942383,19.15999984741211,18.989999771118164,19.110000610351562,3055900
2016-06-20,EWA,19.700000762939453,19.739999771118164,19.59000015258789,19.59000015258789,4608100
2016-06-21,EWA,19.790000915527344,19.829999923706055,19.68000030517578,19.729999542236328,2664900
2016-06-22,EWA,19.520000457763672,19.6200008392334,19.450000762939453,19.459999084472656,4163800
2016-06-23,EWA,19.899999618530273,20.020000457763672,19.799999237060547,20.0,5930700
2016-06-24,EWA,18.8700008392334,19.309999465942383,18.829999923706055,18.920000076293945,8013400
2016-06-27,EWA,18.65999984741211,18.65999984741211,18.18000030517578,18.360000610351562,6604600
2016-06-28,EWA,18.799999237060547,18.889999389648438,18.639999389648438,18.8799991607666,4034600
2016-06-29,EWA,19.030000686645508,19.15999984741211,18.989999771118164,19.1200008392334,2679800
2016-06-30,EWA,19.209999084472656,19.459999084472656,19.190000534057617,19.450000762939453,3530100
2016-07-01,EWA,19.43000030517578,19.540000915527344,19.399999618530273,19.540000915527344,2402800
2016-07-05,EWA,19.270000457763672,19.280000686645508,19.110000610351562,19.149999618530273,1917700
2016-07-06,EWA,19.110000610351562,19.389999389648438,19.020000457763672,19.3799991607666,3180700
2016-07-07,EWA,19.389999389648438,19.469999313354492,19.170000076293945,19.239999771118164,2137600
2016-07-08,EWA,19.6200008392334,19.75,19.530000686645508,19.709999084472656,2046500
2016-07-11,EWA,19.93000030517578,20.0,19.8799991607666,19.90999984741211,2093700
2016-07-12,EWA,20.239999771118164,20.40999984741211,20.239999771118164,20.270000457763672,4065100
2016-07-13,EWA,20.3799991607666,20.399999618530273,20.239999771118164,20.239999771118164,1635400
2016-07-14,EWA,20.440000534057617,20.510000228881836,20.3799991607666,20.450000762939453,2103400
2016-07-15,EWA,20.440000534057617,20.440000534057617,20.309999465942383,20.3799991607666,4405500
2016-07-18,EWA,20.34000015258789,20.479999542236328,20.34000015258789,20.479999542236328,1116900
2016-07-19,EWA,20.15999984741211,20.209999084472656,20.100000381469727,20.209999084472656,1484300
2016-07-20,EWA,20.229999542236328,20.350000381469727,20.200000762939453,20.31999969482422,1557500
2016-07-21,EWA,20.350000381469727,20.479999542236328,20.290000915527344,20.34000015258789,914900
2016-07-22,EWA,20.309999465942383,20.350000381469727,20.219999313354492,20.31999969482422,925700
2016-07-25,EWA,20.3700008392334,20.399999618530273,20.309999465942383,20.3799991607666,1461600
2016-07-26,EWA,20.6299991607666,20.670000076293945,20.489999771118164,20.549999237060547,1774000
2016-07-27,EWA,20.549999237060547,20.610000610351562,20.290000915527344,20.540000915527344,1991600
2016-07-28,EWA,20.6200008392334,20.65999984741211,20.549999237060547,20.610000610351562,1459400
2016-07-29,EWA,20.780000686645508,20.940000534057617,20.729999542236328,20.889999389648438,3121300
2016-08-01,EWA,20.790000915527344,20.809999465942383,20.649999618530273,20.65999984741211,1861800
2016-08-02,EWA,20.770000457763672,20.829999923706055,20.56999969482422,20.639999389648438,2761500
2016-08-03,EWA,20.3799991607666,20.559999465942383,20.360000610351562,20.559999465942383,1495500
2016-08-04,EWA,20.56999969482422,20.700000762939453,20.549999237060547,20.65999984741211,1672000
2016-08-05,EWA,20.709999084472656,20.809999465942383,20.68000030517578,20.809999465942383,1306500
2016-08-08,EWA,20.8700008392334,20.950000762939453,20.84000015258789,20.920000076293945,1170500
2016-08-09,EWA,21.0,21.110000610351562,20.979999542236328,21.030000686645508,1098400
2016-08-10,EWA,21.209999084472656,21.209999084472656,21.030000686645508,21.040000915527344,1411000
2016-08-11,EWA,21.030000686645508,21.1200008392334,21.020000457763672,21.100000381469727,1006200
2016-08-12,EWA,21.059999465942383,21.059999465942383,20.81999969482422,20.860000610351562,971600
2016-08-15,EWA,20.950000762939453,21.09000015258789,20.950000762939453,21.0,954200
2016-08-16,EWA,21.040000915527344,21.06999969482422,20.93000030517578,20.989999771118164,3252100
2016-08-17,EWA,20.899999618530273,21.06999969482422,20.81999969482422,20.989999771118164,2003200
2016-08-18,EWA,20.8799991607666,21.0,20.8799991607666,21.0,1367900
2016-08-19,EWA,20.770000457763672,20.850000381469727,20.700000762939453,20.809999465942383,878400
2016-08-22,EWA,20.81999969482422,20.8799991607666,20.739999771118164,20.829999923706055,803200
2016-08-23,EWA,21.040000915527344,21.1200008392334,20.959999084472656,20.959999084472656,890800
2016-08-24,EWA,21.049999237060547,21.110000610351562,20.93000030517578,20.959999084472656,1627800
2016-08-25,EWA,20.860000610351562,20.950000762939453,20.860000610351562,20.950000762939453,1710800
2016-08-26,EWA,20.920000076293945,21.15999984741211,20.579999923706055,20.670000076293945,4388300
2016-08-29,EWA,20.489999771118164,20.65999984741211,20.489999771118164,20.649999618530273,1075400
2016-08-30,EWA,20.540000915527344,20.600000381469727,20.399999618530273,20.469999313354492,2346200
2016-08-31,EWA,20.239999771118164,20.270000457763672,20.1200008392334,20.219999313354492,4053200
2016-09-01,EWA,20.209999084472656,20.329999923706055,20.149999618530273,20.329999923706055,2066700
2016-09-02,EWA,20.329999923706055,20.389999389648438,20.229999542236328,20.34000015258789,2285400
2016-09-06,EWA,20.540000915527344,20.709999084472656,20.510000228881836,20.700000762939453,4646400
2016-09-07,EWA,20.729999542236328,20.739999771118164,20.59000015258789,20.649999618530273,2542400
2016-09-08,EWA,20.540000915527344,20.610000610351562,20.40999984741211,20.420000076293945,1432200
2016-09-09,EWA,20.079999923706055,20.1200008392334,19.770000457763672,19.770000457763672,2441700
2016-09-12,EWA,19.549999237060547,20.0,19.530000686645508,19.959999084472656,2630100
2016-09-13,EWA,19.459999084472656,19.5,19.139999389648438,19.280000686645508,5591700
2016-09-14,EWA,19.43000030517578,19.600000381469727,19.389999389648438,19.440000534057617,3645100
2016-09-15,EWA,19.600000381469727,19.899999618530273,19.540000915527344,19.809999465942383,1827600
2016-09-16,EWA,19.700000762939453,19.829999923706055,19.690000534057617,19.790000915527344,1839300
2016-09-19,EWA,19.940000534057617,20.030000686645508,19.850000381469727,19.8700008392334,1552900
2016-09-20,EWA,20.020000457763672,20.09000015258789,19.950000762939453,19.989999771118164,951900
2016-09-21,EWA,20.190000534057617,20.469999313354492,20.139999389648438,20.440000534057617,2018600
2016-09-22,EWA,20.65999984741211,20.729999542236328,20.530000686645508,20.56999969482422,1265200
2016-09-23,EWA,20.639999389648438,20.690000534057617,20.530000686645508,20.540000915527344,2573400
2016-09-26,EWA,20.56999969482422,20.6299991607666,20.510000228881836,20.520000457763672,1948200
2016-09-27,EWA,20.56999969482422,20.739999771118164,20.559999465942383,20.739999771118164,1058200
2016-09-28,EWA,20.780000686645508,20.979999542236328,20.649999618530273,20.979999542236328,1449700
2016-09-29,EWA,20.920000076293945,21.010000228881836,20.670000076293945,20.739999771118164,1846400
2016-09-30,EWA,20.90999984741211,20.979999542236328,20.829999923706055,20.899999618530273,1388600
2016-10-03,EWA,20.989999771118164,20.989999771118164,20.889999389648438,20.940000534057617,1845400
2016-10-04,EWA,20.959999084472656,21.030000686645508,20.709999084472656,20.780000686645508,2453600
2016-10-05,EWA,20.84000015258789,20.940000534057617,20.770000457763672,20.899999618530273,1456300
2016-10-06,EWA,20.850000381469727,20.920000076293945,20.770000457763672,20.90999984741211,1370900
2016-10-07,EWA,20.940000534057617,20.940000534057617,20.6299991607666,20.829999923706055,1801200
2016-10-10,EWA,20.940000534057617,21.079999923706055,20.940000534057617,20.989999771118164,1025400
2016-10-11,EWA,20.81999969482422,20.850000381469727,20.549999237060547,20.59000015258789,2461600
2016-10-12,EWA,20.700000762939453,20.81999969482422,20.65999984741211,20.729999542236328,1696200
2016-10-13,EWA,20.530000686645508,20.719999313354492,20.440000534057617,20.670000076293945,2526800
2016-10-14,EWA,20.8799991607666,20.93000030517578,20.700000762939453,20.700000762939453,2090200
2016-10-17,EWA,20.6200008392334,20.690000534057617,20.579999923706055,20.639999389648438,1124400
2016-10-18,EWA,20.989999771118164,20.989999771118164,20.8700008392334,20.899999618530273,1354100
2016-10-19,EWA,20.93000030517578,21.1200008392334,20.90999984741211,21.059999465942383,1423400
2016-10-20,EWA,20.90999984741211,20.950000762939453,20.770000457763672,20.850000381469727,2653700
2016-10-21,EWA,20.639999389648438,20.729999542236328,20.600000381469727,20.729999542236328,902000
2016-10-24,EWA,20.75,20.770000457763672,20.6299991607666,20.690000534057617,785800
2016-10-25,EWA,20.799999237060547,20.920000076293945,20.799999237060547,20.860000610351562,1066000
2016-10-26,EWA,20.6299991607666,20.729999542236328,20.579999923706055,20.610000610351562,1282000
2016-10-27,EWA,20.40999984741211,20.40999984741211,20.239999771118164,20.260000228881836,2154800
2016-10-28,EWA,20.1299991607666,20.25,20.079999923706055,20.15999984741211,1463800
2016-10-31,EWA,20.239999771118164,20.350000381469727,20.219999313354492,20.280000686645508,1628800
2016-11-01,EWA,20.40999984741211,20.40999984741211,20.1200008392334,20.200000762939453,2269100
2016-11-02,EWA,20.100000381469727,20.170000076293945,19.989999771118164,19.989999771118164,5045800
2016-11-03,EWA,20.079999923706055,20.18000030517578,20.059999465942383,20.059999465942383,1826400
2016-11-04,EWA,19.959999084472656,20.010000228881836,19.8799991607666,19.899999618530273,2098000
2016-11-07,EWA,20.459999084472656,20.5,20.420000076293945,20.479999542236328,3948200
2016-11-08,EWA,20.440000534057617,20.709999084472656,20.350000381469727,20.68000030517578,1767900
2016-11-09,EWA,20.40999984741211,20.670000076293945,20.3700008392334,20.530000686645508,3943800
2016-11-10,EWA,20.549999237060547,20.6299991607666,20.350000381469727,20.489999771118164,3546500
2016-11-11,EWA,20.520000457763672,20.530000686645508,20.290000915527344,20.43000030517578,2711800
2016-11-14,EWA,20.440000534057617,20.479999542236328,20.350000381469727,20.479999542236328,1828500
2016-11-15,EWA,20.360000610351562,20.559999465942383,20.329999923706055,20.559999465942383,2751300
2016-11-16,EWA,20.18000030517578,20.219999313354492,20.139999389648438,20.15999984741211,1883200
2016-11-17,EWA,20.280000686645508,20.360000610351562,20.139999389648438,20.200000762939453,2189100
2016-11-18,EWA,20.1200008392334,20.15999984741211,19.989999771118164,20.030000686645508,1764700
2016-11-21,EWA,20.079999923706055,20.209999084472656,20.059999465942383,20.200000762939453,875700
2016-11-22,EWA,20.3799991607666,20.43000030517578,20.299999237060547,20.420000076293945,1542300
2016-11-23,EWA,20.5,20.649999618530273,20.489999771118164,20.610000610351562,2032700
2016-11-25,EWA,20.8700008392334,20.90999984741211,20.799999237060547,20.829999923706055,971900
2016-11-28,EWA,20.719999313354492,20.809999465942383,20.719999313354492,20.75,1127400
2016-11-29,EWA,20.6299991607666,20.809999465942383,20.600000381469727,20.780000686645508,1217000
2016-11-30,EWA,20.65999984741211,20.65999984741211,20.440000534057617,20.440000534057617,2471700
2016-12-01,EWA,20.6299991607666,20.75,20.56999969482422,20.65999984741211,2790900
2016-12-02,EWA,20.6200008392334,20.709999084472656,20.59000015258789,20.690000534057617,1658200
2016-12-05,EWA,20.6299991607666,20.760000228881836,20.579999923706055,20.729999542236328,2998600
2016-12-06,EWA,20.639999389648438,20.75,20.610000610351562,20.75,3371600
2016-12-07,EWA,20.829999923706055,21.06999969482422,20.799999237060547,21.040000915527344,1838000
2016-12-08,EWA,21.059999465942383,21.15999984741211,21.0,21.100000381469727,1582500
2016-12-09,EWA,21.15999984741211,21.18000030517578,21.049999237060547,21.149999618530273,4047000
2016-12-12,EWA,21.239999771118164,21.280000686645508,21.15999984741211,21.200000762939453,1398400
2016-12-13,EWA,21.299999237060547,21.3799991607666,21.270000457763672,21.31999969482422,1584500
2016-12-14,EWA,21.34000015258789,21.3700008392334,20.889999389648438,20.920000076293945,3303200
2016-12-15,EWA,20.780000686645508,20.829999923706055,20.729999542236328,20.780000686645508,7201100
2016-12-16,EWA,20.6200008392334,20.68000030517578,20.520000457763672,20.56999969482422,2411100
2016-12-19,EWA,20.610000610351562,20.6299991607666,20.520000457763672,20.530000686645508,1121100
2016-12-20,EWA,20.639999389648438,20.75,20.639999389648438,20.729999542236328,2138700
2016-12-21,EWA,20.239999771118164,20.270000457763672,20.170000076293945,20.18000030517578,1147600
2016-12-22,EWA,20.270000457763672,20.31999969482422,20.200000762939453,20.200000762939453,1187100
2016-12-23,EWA,20.010000228881836,20.059999465942383,19.979999542236328,20.049999237060547,1599400
2016-12-27,EWA,20.139999389648438,20.209999084472656,20.110000610351562,20.139999389648438,1090600
2016-12-28,EWA,20.290000915527344,20.309999465942383,20.190000534057617,20.219999313354492,1672800
2016-12-29,EWA,20.399999618530273,20.43000030517578,20.350000381469727,20.3799991607666,1431100
2016-12-30,EWA,20.309999465942383,20.34000015258789,20.149999618530273,20.229999542236328,2028800
2017-01-03,EWA,20.56999969482422,20.600000381469727,20.510000228881836,20.59000015258789,4346400
2017-01-04,EWA,20.719999313354492,20.850000381469727,20.68000030517578,20.850000381469727,1715700
2017-01-05,EWA,20.899999618530273,21.049999237060547,20.860000610351562,21.049999237060547,7159800
2017-01-06,EWA,20.93000030517578,21.0,20.889999389648438,20.940000534057617,2798300
2017-01-09,EWA,21.1200008392334,21.229999542236328,21.110000610351562,21.170000076293945,1891600
2017-01-10,EWA,21.149999618530273,21.260000228881836,21.139999389648438,21.209999084472656,2013700
2017-01-11,EWA,21.190000534057617,21.450000762939453,21.15999984741211,21.43000030517578,4762400
2017-01-12,EWA,21.459999084472656,21.530000686645508,21.420000076293945,21.520000457763672,3238500
2017-01-13,EWA,21.280000686645508,21.43000030517578,21.260000228881836,21.43000030517578,2044400
2017-01-17,EWA,21.350000381469727,21.389999389648438,21.31999969482422,21.3799991607666,1604200
2017-01-18,EWA,21.280000686645508,21.299999237060547,21.15999984741211,21.200000762939453,2038800
2017-01-19,EWA,21.34000015258789,21.350000381469727,21.239999771118164,21.290000915527344,2113300
2017-01-20,EWA,21.25,21.299999237060547,21.18000030517578,21.290000915527344,3056700
2017-01-23,EWA,21.149999618530273,21.229999542236328,21.079999923706055,21.229999542236328,2289300
2017-01-24,EWA,21.280000686645508,21.40999984741211,21.260000228881836,21.389999389648438,2197100
2017-01-25,EWA,21.309999465942383,21.459999084472656,21.270000457763672,21.459999084472656,2379400
2017-01-26,EWA,21.3799991607666,21.40999984741211,21.309999465942383,21.34000015258789,2096200
2017-01-27,EWA,21.459999084472656,21.489999771118164,21.360000610351562,21.399999618530273,1147000
2017-01-30,EWA,21.209999084472656,21.229999542236328,21.1200008392334,21.229999542236328,1152200
2017-01-31,EWA,21.190000534057617,21.280000686645508,21.139999389648438,21.239999771118164,1981700
2017-02-01,EWA,21.3700008392334,21.40999984741211,21.260000228881836,21.350000381469727,2355200
2017-02-02,EWA,21.579999923706055,21.649999618530273,21.530000686645508,21.56999969482422,2014800
2017-02-03,EWA,21.56999969482422,21.649999618530273,21.530000686645508,21.59000015258789,2035200
2017-02-06,EWA,21.299999237060547,21.399999618530273,21.270000457763672,21.389999389648438,1806000
2017-02-07,EWA,21.299999237060547,21.389999389648438,21.270000457763672,21.34000015258789,1535800
2017-02-08,EWA,21.43000030517578,21.489999771118164,21.40999984741211,21.450000762939453,1379100
2017-02-09,EWA,21.450000762939453,21.600000381469727,21.450000762939453,21.559999465942383,3996500
2017-02-10,EWA,21.729999542236328,21.90999984741211,21.729999542236328,21.850000381469727,1820000
2017-02-13,EWA,21.920000076293945,22.010000228881836,21.920000076293945,21.959999084472656,1578400
2017-02-14,EWA,21.969999313354492,21.989999771118164,21.790000915527344,21.979999542236328,2255000
2017-02-15,EWA,22.040000915527344,22.299999237060547,22.040000915527344,22.280000686645508,4733100
2017-02-16,EWA,22.350000381469727,22.3799991607666,22.260000228881836,22.280000686645508,4108500
2017-02-17,EWA,22.200000762939453,22.260000228881836,22.15999984741211,22.239999771118164,1117700
2017-02-21,EWA,22.1299991607666,22.329999923706055,22.1299991607666,22.329999923706055,1737000
2017-02-22,EWA,22.299999237060547,22.389999389648438,22.239999771118164,22.3700008392334,1450600
2017-02-23,EWA,22.5,22.520000457763672,22.329999923706055,22.3700008392334,1423700
2017-02-24,EWA,22.049999237060547,22.15999984741211,22.010000228881836,22.079999923706055,1967500
2017-02-27,EWA,22.010000228881836,22.06999969482422,21.959999084472656,22.059999465942383,3886400
2017-02-28,EWA,21.950000762939453,22.049999237060547,21.940000534057617,21.950000762939453,1581100
2017-03-01,EWA,22.040000915527344,22.260000228881836,22.020000457763672,22.200000762939453,2884100
2017-03-02,EWA,22.079999923706055,22.079999923706055,21.93000030517578,21.950000762939453,2021000
2017-03-03,EWA,21.829999923706055,22.0,21.799999237060547,21.979999542236328,1968100
2017-03-06,EWA,21.940000534057617,21.979999542236328,21.8799991607666,21.920000076293945,1149300
2017-03-07,EWA,22.079999923706055,22.09000015258789,22.0,22.010000228881836,3117300
2017-03-08,EWA,21.959999084472656,22.0,21.850000381469727,21.860000610351562,1906000
2017-03-09,EWA,21.93000030517578,21.940000534057617,21.780000686645508,21.860000610351562,2302500
2017-03-10,EWA,22.059999465942383,22.100000381469727,21.950000762939453,22.049999237060547,1245400
2017-03-13,EWA,22.040000915527344,22.1299991607666,22.040000915527344,22.1200008392334,1071300
2017-03-14,EWA,21.93000030517578,21.989999771118164,21.889999389648438,21.969999313354492,1856100
2017-03-15,EWA,22.15999984741211,22.670000076293945,22.1200008392334,22.649999618530273,5018200
2017-03-16,EWA,22.549999237060547,22.559999465942383,22.389999389648438,22.450000762939453,2315100
2017-03-17,EWA,22.510000228881836,22.600000381469727,22.469999313354492,22.489999771118164,2257500
2017-03-20,EWA,22.579999923706055,22.59000015258789,22.489999771118164,22.530000686645508,1988500
2017-03-21,EWA,22.59000015258789,22.610000610351562,22.209999084472656,22.219999313354492,3781100
2017-03-22,EWA,21.989999771118164,22.1200008392334,21.93000030517578,22.100000381469727,2416900
2017-03-23,EWA,21.989999771118164,22.1299991607666,21.959999084472656,22.020000457763672,3084800
2017-03-24,EWA,22.110000610351562,22.229999542236328,22.110000610351562,22.170000076293945,2905900
2017-03-27,EWA,22.139999389648438,22.209999084472656,22.040000915527344,22.170000076293945,5811500
2017-03-28,EWA,22.350000381469727,22.520000457763672,22.329999923706055,22.489999771118164,6276000
2017-03-29,EWA,22.600000381469727,22.760000228881836,22.600000381469727,22.75,2952900
2017-03-30,EWA,22.799999237060547,22.90999984741211,22.780000686645508,22.780000686645508,4551900
2017-03-31,EWA,22.6200008392334,22.68000030517578,22.59000015258789,22.610000610351562,2456100
2017-04-03,EWA,22.549999237060547,22.559999465942383,22.3700008392334,22.540000915527344,3032100
2017-04-04,EWA,22.3799991607666,22.479999542236328,22.34000015258789,22.479999542236328,2464600
2017-04-05,EWA,22.549999237060547,22.6200008392334,22.440000534057617,22.450000762939453,3590900
2017-04-06,EWA,22.389999389648438,22.450000762939453,22.34000015258789,22.420000076293945,1472200
2017-04-07,EWA,22.280000686645508,22.3799991607666,22.239999771118164,22.309999465942383,2051700
2017-04-10,EWA,22.3799991607666,22.459999084472656,22.360000610351562,22.389999389648438,1845900
2017-04-11,EWA,22.530000686645508,22.579999923706055,22.3700008392334,22.549999237060547,1923900
2017-04-12,EWA,22.5,22.520000457763672,22.3700008392334,22.489999771118164,2525300
2017-04-13,EWA,22.469999313354492,22.579999923706055,22.43000030517578,22.43000030517578,2034200
2017-04-17,EWA,22.549999237060547,22.600000381469727,22.469999313354492,22.559999465942383,1782400
2017-04-18,EWA,22.25,22.280000686645508,22.15999984741211,22.260000228881836,2741600
2017-04-19,EWA,22.18000030517578,22.190000534057617,22.0,22.040000915527344,2126700
2017-04-20,EWA,22.229999542236328,22.309999465942383,22.209999084472656,22.270000457763672,2775900
2017-04-21,EWA,22.299999237060547,22.350000381469727,22.270000457763672,22.329999923706055,1507900
2017-04-24,EWA,22.56999969482422,22.579999923706055,22.510000228881836,22.56999969482422,2136100
2017-04-25,EWA,22.530000686645508,22.639999389648438,22.520000457763672,22.6200008392334,1696400
2017-04-26,EWA,22.43000030517578,22.520000457763672,22.40999984741211,22.40999984741211,1611700
2017-04-27,EWA,22.43000030517578,22.43000030517578,22.290000915527344,22.399999618530273,1545900
2017-04-28,EWA,22.43000030517578,22.469999313354492,22.3799991607666,22.459999084472656,3173900
2017-05-01,EWA,22.670000076293945,22.739999771118164,22.670000076293945,22.68000030517578,1128900
2017-05-02,EWA,22.65999984741211,22.670000076293945,22.59000015258789,22.65999984741211,1591500
2017-05-03,EWA,22.200000762939453,22.25,22.1200008392334,22.15999984741211,2386400
2017-05-04,EWA,21.950000762939453,22.010000228881836,21.899999618530273,22.0,3016300
2017-05-05,EWA,21.8799991607666,22.100000381469727,21.850000381469727,22.100000381469727,1967600
2017-05-08,EWA,21.989999771118164,22.0,21.920000076293945,21.959999084472656,1402100
2017-05-09,EWA,21.709999084472656,21.75,21.6299991607666,21.690000534057617,3352300
2017-05-10,EWA,21.860000610351562,21.940000534057617,21.850000381469727,21.8799991607666,1972800
2017-05-11,EWA,21.780000686645508,21.860000610351562,21.729999542236328,21.850000381469727,1670600
2017-05-12,EWA,21.739999771118164,21.780000686645508,21.690000534057617,21.75,1405700
2017-05-15,EWA,21.8799991607666,21.93000030517578,21.860000610351562,21.899999618530273,1588700
2017-05-16,EWA,22.010000228881836,22.040000915527344,21.979999542236328,22.010000228881836,2013400
2017-05-17,EWA,21.610000610351562,21.639999389648438,21.420000076293945,21.450000762939453,9044400
2017-05-18,EWA,21.40999984741211,21.540000915527344,21.3799991607666,21.5,2676700
2017-05-19,EWA,21.56999969482422,21.729999542236328,21.56999969482422,21.690000534057617,2121400
2017-05-22,EWA,21.829999923706055,21.8799991607666,21.799999237060547,21.850000381469727,2274300
2017-05-23,EWA,21.8799991607666,21.93000030517578,21.84000015258789,21.850000381469727,1905800
2017-05-24,EWA,21.809999465942383,21.899999618530273,21.760000228881836,21.8799991607666,1791100
2017-05-25,EWA,21.850000381469727,21.93000030517578,21.799999237060547,21.809999465942383,1872600
2017-05-26,EWA,21.670000076293945,21.68000030517578,21.600000381469727,21.670000076293945,1475200
2017-05-30,EWA,21.489999771118164,21.59000015258789,21.469999313354492,21.559999465942383,1542400
2017-05-31,EWA,21.579999923706055,21.600000381469727,21.469999313354492,21.489999771118164,1522600
2017-06-01,EWA,21.360000610351562,21.479999542236328,21.34000015258789,21.450000762939453,2449500
2017-06-02,EWA,21.6299991607666,21.739999771118164,21.579999923706055,21.719999313354492,1561900
2017-06-05,EWA,21.639999389648438,21.739999771118164,21.639999389648438,21.729999542236328,3627400
2017-06-06,EWA,21.40999984741211,21.489999771118164,21.399999618530273,21.489999771118164,2224000
2017-06-07,EWA,21.559999465942383,21.59000015258789,21.440000534057617,21.489999771118164,2774700
2017-06-08,EWA,21.540000915527344,21.600000381469727,21.5,21.59000015258789,1349300
2017-06-09,EWA,21.5,21.639999389648438,21.469999313354492,21.56999969482422,2835600
2017-06-12,EWA,21.56999969482422,21.610000610351562,21.530000686645508,21.549999237060547,1275800
2017-06-13,EWA,21.950000762939453,22.040000915527344,21.950000762939453,22.020000457763672,3941700
2017-06-14,EWA,22.440000534057617,22.459999084472656,22.15999984741211,22.229999542236328,3877000
2017-06-15,EWA,22.0,22.079999923706055,21.959999084472656,22.059999465942383,1854000
2017-06-16,EWA,22.1299991607666,22.18000030517578,22.079999923706055,22.15999984741211,2788000
2017-06-19,EWA,22.18000030517578,22.280000686645508,22.18000030517578,22.239999771118164,1355500
2017-06-20,EWA,21.520000457763672,21.520000457763672,21.360000610351562,21.3700008392334,2109100
2017-06-21,EWA,21.149999618530273,21.209999084472656,21.06999969482422,21.15999984741211,2255000
2017-06-22,EWA,21.190000534057617,21.239999771118164,21.149999618530273,21.209999084472656,913800
2017-06-23,EWA,21.299999237060547,21.3700008392334,21.270000457763672,21.360000610351562,719100
2017-06-26,EWA,21.459999084472656,21.479999542236328,21.350000381469727,21.3799991607666,1328000
2017-06-27,EWA,21.350000381469727,21.420000076293945,21.309999465942383,21.309999465942383,1766000
2017-06-28,EWA,21.639999389648438,21.81999969482422,21.639999389648438,21.760000228881836,2630900
2017-06-29,EWA,21.93000030517578,21.950000762939453,21.690000534057617,21.799999237060547,4233100
2017-06-30,EWA,21.65999984741211,21.75,21.639999389648438,21.68000030517578,2991200
2017-07-03,EWA,21.479999542236328,21.670000076293945,21.479999542236328,21.579999923706055,1566700
2017-07-05,EWA,21.610000610351562,21.690000534057617,21.540000915527344,21.68000030517578,1808700
2017-07-06,EWA,21.520000457763672,21.549999237060547,21.440000534057617,21.479999542236328,1663000
2017-07-07,EWA,21.420000076293945,21.489999771118164,21.3700008392334,21.479999542236328,1157600
2017-07-10,EWA,21.40999984741211,21.559999465942383,21.389999389648438,21.530000686645508,1314300
2017-07-11,EWA,21.479999542236328,21.600000381469727,21.420000076293945,21.579999923706055,929400
2017-07-12,EWA,21.579999923706055,21.670000076293945,21.56999969482422,21.670000076293945,1917300
2017-07-13,EWA,21.860000610351562,21.950000762939453,21.850000381469727,21.899999618530273,1526700
2017-07-14,EWA,22.149999618530273,22.309999465942383,22.149999618530273,22.260000228881836,2041000
2017-07-17,EWA,22.270000457763672,22.31999969482422,22.170000076293945,22.18000030517578,1351600
2017-07-18,EWA,22.229999542236328,22.25,22.18000030517578,22.25,4326800
2017-07-19,EWA,22.549999237060547,22.68000030517578,22.530000686645508,22.649999618530273,2182900
2017-07-20,EWA,22.690000534057617,22.760000228881836,22.6299991607666,22.709999084472656,1798200
2017-07-21,EWA,22.440000534057617,22.450000762939453,22.360000610351562,22.389999389648438,1848200
2017-07-24,EWA,22.40999984741211,22.43000030517578,22.31999969482422,22.399999618530273,1588600
2017-07-25,EWA,22.65999984741211,22.700000762939453,22.6200008392334,22.639999389648438,1341500
2017-07-26,EWA,22.700000762939453,22.950000762939453,22.690000534057617,22.8799991607666,3264300
2017-07-27,EWA,22.940000534057617,22.940000534057617,22.68000030517578,22.760000228881836,1937500
2017-07-28,EWA,22.549999237060547,22.649999618530273,22.530000686645508,22.6200008392334,1657000
2017-07-31,EWA,22.639999389648438,22.709999084472656,22.579999923706055,22.700000762939453,1629500
2017-08-01,EWA,22.829999923706055,22.8799991607666,22.75,22.780000686645508,1604200
2017-08-02,EWA,22.639999389648438,22.729999542236328,22.6200008392334,22.709999084472656,1226000
2017-08-03,EWA,22.540000915527344,22.600000381469727,22.479999542236328,22.530000686645508,1965800
2017-08-04,EWA,22.489999771118164,22.549999237060547,22.3799991607666,22.549999237060547,1634800
2017-08-07,EWA,22.559999465942383,22.6200008392334,22.559999465942383,22.600000381469727,976600
2017-08-08,EWA,22.510000228881836,22.59000015258789,22.459999084472656,22.5,1200500
2017-08-09,EWA,22.440000534057617,22.469999313354492,22.389999389648438,22.440000534057617,1789400
2017-08-10,EWA,22.450000762939453,22.450000762939453,22.18000030517578,22.18000030517578,2508200
2017-08-11,EWA,22.18000030517578,22.299999237060547,22.149999618530273,22.239999771118164,1930500
2017-08-14,EWA,22.31999969482422,22.420000076293945,22.309999465942383,22.34000015258789,1409000
2017-08-15,EWA,22.309999465942383,22.309999465942383,22.209999084472656,22.280000686645508,1574900
2017-08-16,EWA,22.579999923706055,22.829999923706055,22.579999923706055,22.790000915527344,1762200
2017-08-17,EWA,22.709999084472656,22.770000457763672,22.489999771118164,22.5,1453700
2017-08-18,EWA,22.56999969482422,22.700000762939453,22.510000228881836,22.610000610351562,1930000
2017-08-21,EWA,22.610000610351562,22.6200008392334,22.520000457763672,22.59000015258789,813600
2017-08-22,EWA,22.649999618530273,22.770000457763672,22.639999389648438,22.729999542236328,1121600
2017-08-23,EWA,22.489999771118164,22.6299991607666,22.469999313354492,22.6200008392334,1080100
2017-08-24,EWA,22.6200008392334,22.649999618530273,22.56999969482422,22.579999923706055,1680100
2017-08-25,EWA,22.6200008392334,22.799999237060547,22.6200008392334,22.700000762939453,1822700
2017-08-28,EWA,22.65999984741211,22.65999984741211,22.559999465942383,22.649999618530273,1017800
2017-08-29,EWA,22.420000076293945,22.549999237060547,22.399999618530273,22.489999771118164,1171400
2017-08-30,EWA,22.34000015258789,22.389999389648438,22.280000686645508,22.3799991607666,2367200
2017-08-31,EWA,22.559999465942383,22.690000534057617,22.530000686645508,22.649999618530273,1758800
2017-09-01,EWA,22.809999465942383,22.8700008392334,22.719999313354492,22.81999969482422,2447900
2017-09-05,EWA,22.770000457763672,22.84000015258789,22.559999465942383,22.68000030517578,1812300
2017-09-06,EWA,22.6299991607666,22.81999969482422,22.6299991607666,22.760000228881836,1834000
2017-09-07,EWA,22.850000381469727,22.889999389648438,22.799999237060547,22.889999389648438,911400
2017-09-08,EWA,22.950000762939453,23.049999237060547,22.799999237060547,22.809999465942383,1258600
2017-09-11,EWA,22.920000076293945,23.030000686645508,22.90999984741211,23.010000228881836,1709200
2017-09-12,EWA,23.110000610351562,23.200000762939453,23.06999969482422,23.15999984741211,1498000
2017-09-13,EWA,23.06999969482422,23.079999923706055,22.90999984741211,22.969999313354492,1846100
2017-09-14,EWA,22.84000015258789,22.979999542236328,22.81999969482422,22.969999313354492,1423600
2017-09-15,EWA,22.90999984741211,22.90999984741211,22.81999969482422,22.899999618530273,1196200
2017-09-18,EWA,22.8700008392334,22.93000030517578,22.75,22.829999923706055,2395400
2017-09-19,EWA,22.93000030517578,22.989999771118164,22.8799991607666,22.979999542236328,1103700
2017-09-20,EWA,22.989999771118164,23.1299991607666,22.739999771118164,22.93000030517578,2842700
2017-09-21,EWA,22.559999465942383,22.59000015258789,22.489999771118164,22.549999237060547,2007800
2017-09-22,EWA,22.739999771118164,22.829999923706055,22.690000534057617,22.709999084472656,1919800
2017-09-25,EWA,22.65999984741211,22.739999771118164,22.579999923706055,22.639999389648438,1823300
2017-09-26,EWA,22.5,22.520000457763672,22.389999389648438,22.469999313354492,1846700
2017-09-27,EWA,22.31999969482422,22.40999984741211,22.299999237060547,22.389999389648438,1702300
2017-09-28,EWA,22.200000762939453,22.3799991607666,22.200000762939453,22.350000381469727,1810200
2017-09-29,EWA,22.360000610351562,22.459999084472656,22.309999465942383,22.440000534057617,4612800
2017-10-02,EWA,22.5,22.59000015258789,22.459999084472656,22.540000915527344,1955500
2017-10-03,EWA,22.34000015258789,22.450000762939453,22.329999923706055,22.440000534057617,1681700
2017-10-04,EWA,22.270000457763672,22.329999923706055,22.25,22.31999969482422,2827400
2017-10-05,EWA,22.200000762939453,22.239999771118164,22.170000076293945,22.219999313354492,2387300
2017-10-06,EWA,22.15999984741211,22.260000228881836,22.110000610351562,22.219999313354492,2122200
2017-10-09,EWA,22.329999923706055,22.34000015258789,22.209999084472656,22.229999542236328,1436700
2017-10-10,EWA,22.350000381469727,22.40999984741211,22.350000381469727,22.40999984741211,1337300
2017-10-11,EWA,22.450000762939453,22.489999771118164,22.389999389648438,22.469999313354492,1422600
2017-10-12,EWA,22.59000015258789,22.670000076293945,22.559999465942383,22.6299991607666,1311400
2017-10-13,EWA,22.93000030517578,22.989999771118164,22.920000076293945,22.959999084472656,3087100
2017-10-16,EWA,23.0,23.030000686645508,22.950000762939453,22.989999771118164,1620800
2017-10-17,EWA,23.06999969482422,23.09000015258789,23.0,23.06999969482422,2116200
2017-10-18,EWA,23.100000381469727,23.110000610351562,23.030000686645508,23.06999969482422,2162500
2017-10-19,EWA,23.059999465942383,23.15999984741211,23.049999237060547,23.110000610351562,1791900
2017-10-20,EWA,23.170000076293945,23.170000076293945,23.059999465942383,23.110000610351562,1453100
2017-10-23,EWA,23.049999237060547,23.059999465942383,22.940000534057617,22.969999313354492,1371500
2017-10-24,EWA,22.950000762939453,23.030000686645508,22.93000030517578,23.0,1132100
2017-10-25,EWA,22.799999237060547,22.81999969482422,22.6200008392334,22.690000534057617,1929500
2017-10-26,EWA,22.799999237060547,22.809999465942383,22.690000534057617,22.690000534057617,1874100
2017-10-27,EWA,22.639999389648438,22.799999237060547,22.59000015258789,22.799999237060547,2506300
2017-10-30,EWA,22.700000762939453,22.760000228881836,22.700000762939453,22.760000228881836,1792600
2017-10-31,EWA,22.65999984741211,22.739999771118164,22.6200008392334,22.700000762939453,1879100
2017-11-01,EWA,22.850000381469727,22.959999084472656,22.799999237060547,22.809999465942383,2151600
2017-11-02,EWA,22.950000762939453,23.0,22.899999618530273,22.979999542236328,1577200
2017-11-03,EWA,22.920000076293945,22.93000030517578,22.790000915527344,22.850000381469727,2082400
2017-11-06,EWA,22.790000915527344,22.950000762939453,22.790000915527344,22.940000534057617,991400
2017-11-07,EWA,22.959999084472656,22.969999313354492,22.84000015258789,22.899999618530273,2467800
2017-11-08,EWA,23.1299991607666,23.170000076293945,23.059999465942383,23.1200008392334,1794100
2017-11-09,EWA,23.100000381469727,23.200000762939453,23.06999969482422,23.170000076293945,1450900
2017-11-10,EWA,23.100000381469727,23.200000762939453,23.079999923706055,23.170000076293945,1656700
2017-11-13,EWA,22.979999542236328,23.079999923706055,22.969999313354492,23.010000228881836,1387700
2017-11-14,EWA,22.84000015258789,22.860000610351562,22.690000534057617,22.75,2009900
2017-11-15,EWA,22.610000610351562,22.690000534057617,22.540000915527344,22.68000030517578,1900900
2017-11-16,EWA,22.729999542236328,22.829999923706055,22.719999313354492,22.829999923706055,1175400
2017-11-17,EWA,22.610000610351562,22.670000076293945,22.579999923706055,22.6299991607666,1252000
2017-11-20,EWA,22.6299991607666,22.700000762939453,22.6200008392334,22.68000030517578,1372600
2017-11-21,EWA,22.780000686645508,22.860000610351562,22.780000686645508,22.81999969482422,2828800
2017-11-22,EWA,22.90999984741211,22.950000762939453,22.84000015258789,22.940000534057617,1324700
2017-11-24,EWA,22.959999084472656,22.979999542236328,22.920000076293945,22.93000030517578,657700
2017-11-27,EWA,22.920000076293945,22.950000762939453,22.81999969482422,22.829999923706055,1342100
2017-11-28,EWA,22.940000534057617,23.049999237060547,22.90999984741211,22.959999084472656,3082100
2017-11-29,EWA,22.8799991607666,22.899999618530273,22.780000686645508,22.829999923706055,1881200
2017-11-30,EWA,22.84000015258789,22.860000610351562,22.739999771118164,22.770000457763672,2209000
2017-12-01,EWA,22.809999465942383,22.93000030517578,22.770000457763672,22.850000381469727,2972800
2017-12-04,EWA,22.850000381469727,22.860000610351562,22.700000762939453,22.700000762939453,1542300
2017-12-05,EWA,22.790000915527344,22.799999237060547,22.65999984741211,22.65999984741211,3213000
2017-12-06,EWA,22.649999618530273,22.65999984741211,22.59000015258789,22.600000381469727,1007400
2017-12-07,EWA,22.540000915527344,22.6299991607666,22.520000457763672,22.59000015258789,1703300
2017-12-08,EWA,22.690000534057617,22.700000762939453,22.610000610351562,22.65999984741211,1725600
2017-12-11,EWA,22.610000610351562,22.729999542236328,22.610000610351562,22.709999084472656,1621900
2017-12-12,EWA,22.81999969482422,22.8799991607666,22.790000915527344,22.829999923706055,2416300
2017-12-13,EWA,23.030000686645508,23.260000228881836,23.020000457763672,23.170000076293945,2652800
2017-12-14,EWA,23.200000762939453,23.209999084472656,23.110000610351562,23.110000610351562,1766500
2017-12-15,EWA,23.1200008392334,23.190000534057617,23.110000610351562,23.139999389648438,1538800
2017-12-18,EWA,23.31999969482422,23.3799991607666,23.270000457763672,23.299999237060547,3072300
2017-12-19,EWA,22.75,22.760000228881836,22.68000030517578,22.700000762939453,4317200
2017-12-20,EWA,22.780000686645508,22.790000915527344,22.670000076293945,22.700000762939453,1765700
2017-12-21,EWA,22.81999969482422,22.93000030517578,22.799999237060547,22.860000610351562,1494900
2017-12-22,EWA,22.90999984741211,22.979999542236328,22.84000015258789,22.969999313354492,1861600
2017-12-26,EWA,22.969999313354492,23.040000915527344,22.889999389648438,22.969999313354492,1178000
2017-12-27,EWA,23.030000686645508,23.110000610351562,23.030000686645508,23.09000015258789,1917100
2017-12-28,EWA,23.239999771118164,23.25,23.15999984741211,23.190000534057617,1119100
2017-12-29,EWA,23.280000686645508,23.280000686645508,23.139999389648438,23.170000076293945,1875300
2018-01-02,EWA,23.25,23.329999923706055,23.200000762939453,23.31999969482422,1615300
2018-01-03,EWA,23.3700008392334,23.479999542236328,23.360000610351562,23.469999313354492,1557400
2018-01-04,EWA,23.43000030517578,23.559999465942383,23.40999984741211,23.559999465942383,2394600
2018-01-05,EWA,23.6200008392334,23.729999542236328,23.56999969482422,23.700000762939453,1594900
2018-01-08,EWA,23.559999465942383,23.579999923706055,23.510000228881836,23.56999969482422,3976700
2018-01-09,EWA,23.579999923706055,23.6299991607666,23.530000686645508,23.600000381469727,2805000
2018-01-10,EWA,23.3700008392334,23.469999313354492,23.31999969482422,23.399999618530273,1811200
2018-01-11,EWA,23.43000030517578,23.559999465942383,23.399999618530273,23.540000915527344,1057200
2018-01-12,EWA,23.5,23.690000534057617,23.469999313354492,23.670000076293945,1428400
2018-01-16,EWA,23.559999465942383,23.610000610351562,23.3700008392334,23.459999084472656,2161200
2018-01-17,EWA,23.450000762939453,23.690000534057617,23.389999389648438,23.59000015258789,2164800
2018-01-18,EWA,23.639999389648438,23.670000076293945,23.559999465942383,23.610000610351562,1176800
2018-01-19,EWA,23.639999389648438,23.690000534057617,23.6200008392334,23.65999984741211,1088100
2018-01-22,EWA,23.59000015258789,23.690000534057617,23.559999465942383,23.690000534057617,1923100
2018-01-23,EWA,23.6299991607666,23.760000228881836,23.610000610351562,23.739999771118164,1778100
2018-01-24,EWA,23.959999084472656,24.0,23.780000686645508,23.8799991607666,2281800
2018-01-25,EWA,24.0,24.0,23.700000762939453,23.809999465942383,2608700
2018-01-26,EWA,23.969999313354492,24.190000534057617,23.950000762939453,24.110000610351562,3685200
2018-01-29,EWA,23.989999771118164,24.049999237060547,23.90999984741211,23.940000534057617,1426400
2018-01-30,EWA,23.829999923706055,23.8700008392334,23.700000762939453,23.75,1892000
2018-01-31,EWA,23.920000076293945,23.969999313354492,23.719999313354492,23.770000457763672,2027800
2018-02-01,EWA,23.760000228881836,23.940000534057617,23.739999771118164,23.8799991607666,2543800
2018-02-02,EWA,23.75,23.790000915527344,23.469999313354492,23.520000457763672,4146000
2018-02-05,EWA,23.299999237060547,23.43000030517578,22.68000030517578,22.729999542236328,6553000
2018-02-06,EWA,22.459999084472656,23.030000686645508,22.31999969482422,22.950000762939453,10479800
2018-02-07,EWA,22.65999984741211,22.770000457763672,22.440000534057617,22.469999313354492,3749000
2018-02-08,EWA,22.479999542236328,22.540000915527344,21.84000015258789,21.84000015258789,5136200
2018-02-09,EWA,22.1200008392334,22.25,21.59000015258789,22.1200008392334,6749200
2018-02-12,EWA,22.309999465942383,22.549999237060547,22.190000534057617,22.469999313354492,2552300
2018-02-13,EWA,22.459999084472656,22.670000076293945,22.420000076293945,22.600000381469727,1982700
2018-02-14,EWA,22.329999923706055,23.0,22.329999923706055,23.0,2965100
2018-02-15,EWA,23.1299991607666,23.18000030517578,22.889999389648438,23.170000076293945,2823800
2018-02-16,EWA,22.969999313354492,23.1200008392334,22.8799991607666,22.979999542236328,2039500
2018-02-20,EWA,22.979999542236328,23.079999923706055,22.8700008392334,22.920000076293945,2155000
2018-02-21,EWA,23.0,23.239999771118164,22.829999923706055,22.860000610351562,2665900
2018-02-22,EWA,23.030000686645508,23.229999542236328,23.010000228881836,23.040000915527344,2338000
2018-02-23,EWA,23.06999969482422,23.239999771118164,23.030000686645508,23.219999313354492,1752200
2018-02-26,EWA,23.3700008392334,23.489999771118164,23.280000686645508,23.469999313354492,1741200
2018-02-27,EWA,23.3700008392334,23.399999618530273,23.100000381469727,23.100000381469727,1824800
2018-02-28,EWA,23.200000762939453,23.229999542236328,22.81999969482422,22.81999969482422,2847100
2018-03-01,EWA,22.809999465942383,22.920000076293945,22.479999542236328,22.670000076293945,2796400
2018-03-02,EWA,22.559999465942383,22.760000228881836,22.469999313354492,22.739999771118164,2415700
2018-03-05,EWA,22.530000686645508,22.8700008392334,22.5,22.84000015258789,1957500
2018-03-06,EWA,23.079999923706055,23.139999389648438,22.950000762939453,23.020000457763672,1684300
2018-03-07,EWA,22.790000915527344,22.93000030517578,22.68000030517578,22.8700008392334,2537900
2018-03-08,EWA,22.90999984741211,22.959999084472656,22.760000228881836,22.899999618530273,2174600
2018-03-09,EWA,23.110000610351562,23.31999969482422,23.09000015258789,23.309999465942383,1761900
2018-03-12,EWA,23.270000457763672,23.350000381469727,23.219999313354492,23.299999237060547,1916000
2018-03-13,EWA,23.299999237060547,23.34000015258789,22.950000762939453,23.0,1701000
2018-03-14,EWA,23.25,23.270000457763672,23.020000457763672,23.100000381469727,1846200
2018-03-15,EWA,22.959999084472656,23.0,22.799999237060547,22.850000381469727,1103500
2018-03-16,EWA,22.81999969482422,22.8799991607666,22.770000457763672,22.770000457763672,1161900
2018-03-19,EWA,22.639999389648438,22.670000076293945,22.440000534057617,22.59000015258789,1639300
2018-03-20,EWA,22.540000915527344,22.579999923706055,22.459999084472656,22.510000228881836,2118300
2018-03-21,EWA,22.510000228881836,22.809999465942383,22.479999542236328,22.739999771118164,1808200
2018-03-22,EWA,22.3700008392334,22.450000762939453,22.15999984741211,22.15999984741211,3219800
2018-03-23,EWA,22.270000457763672,22.290000915527344,21.8700008392334,21.8700008392334,3996300
2018-03-26,EWA,22.1299991607666,22.280000686645508,21.920000076293945,22.260000228881836,3528300
2018-03-27,EWA,22.170000076293945,22.190000534057617,21.760000228881836,21.829999923706055,3098200
2018-03-28,EWA,21.899999618530273,22.040000915527344,21.799999237060547,21.84000015258789,3831600
2018-03-29,EWA,21.889999389648438,22.110000610351562,21.809999465942383,22.020000457763672,4194800
2018-04-02,EWA,21.8700008392334,22.0,21.540000915527344,21.639999389648438,4011600
2018-04-03,EWA,21.780000686645508,21.940000534057617,21.729999542236328,21.889999389648438,2962700
2018-04-04,EWA,21.729999542236328,22.079999923706055,21.719999313354492,22.040000915527344,3277300
2018-04-05,EWA,22.0,22.139999389648438,21.8700008392334,22.059999465942383,3731700
2018-04-06,EWA,22.040000915527344,22.1299991607666,21.770000457763672,21.809999465942383,2480200
2018-04-09,EWA,22.040000915527344,22.239999771118164,22.010000228881836,22.059999465942383,2154000
2018-04-10,EWA,22.360000610351562,22.510000228881836,22.329999923706055,22.459999084472656,3642800
2018-04-11,EWA,22.270000457763672,22.43000030517578,22.270000457763672,22.309999465942383,1299500
2018-04-12,EWA,22.360000610351562,22.440000534057617,22.350000381469727,22.3799991607666,1357600
2018-04-13,EWA,22.540000915527344,22.559999465942383,22.329999923706055,22.3799991607666,1225500
2018-04-16,EWA,22.420000076293945,22.520000457763672,22.40999984741211,22.479999542236328,2811400
2018-04-17,EWA,22.440000534057617,22.559999465942383,22.420000076293945,22.510000228881836,1460600
2018-04-18,EWA,22.56999969482422,22.65999984741211,22.540000915527344,22.639999389648438,1612300
2018-04-19,EWA,22.540000915527344,22.59000015258789,22.34000015258789,22.399999618530273,1917200
2018-04-20,EWA,22.239999771118164,22.260000228881836,22.1299991607666,22.170000076293945,2344700
2018-04-23,EWA,22.270000457763672,22.280000686645508,22.139999389648438,22.18000030517578,1494900
2018-04-24,EWA,22.399999618530273,22.43000030517578,22.139999389648438,22.18000030517578,1532500
2018-04-25,EWA,22.100000381469727,22.200000762939453,22.020000457763672,22.139999389648438,1435500
2018-04-26,EWA,22.229999542236328,22.280000686645508,22.15999984741211,22.25,733300
2018-04-27,EWA,22.280000686645508,22.3799991607666,22.239999771118164,22.3799991607666,1332300
2018-04-30,EWA,22.309999465942383,22.360000610351562,22.18000030517578,22.190000534057617,3277700
2018-05-01,EWA,22.270000457763672,22.309999465942383,22.18000030517578,22.299999237060547,1199700
2018-05-02,EWA,22.5,22.670000076293945,22.43000030517578,22.489999771118164,1246700
2018-05-03,EWA,22.6299991607666,22.75,22.43000030517578,22.700000762939453,1830800
2018-05-04,EWA,22.420000076293945,22.760000228881836,22.389999389648438,22.729999542236328,1278600
2018-05-07,EWA,22.579999923706055,22.690000534057617,22.56999969482422,22.610000610351562,1188500
2018-05-08,EWA,22.450000762939453,22.510000228881836,22.389999389648438,22.510000228881836,1353900
2018-05-09,EWA,22.479999542236328,22.610000610351562,22.479999542236328,22.610000610351562,1154500
2018-05-10,EWA,22.760000228881836,22.8799991607666,22.700000762939453,22.8799991607666,1026200
2018-05-11,EWA,22.860000610351562,22.90999984741211,22.81999969482422,22.850000381469727,1051200
2018-05-14,EWA,22.979999542236328,23.010000228881836,22.8799991607666,22.899999618530273,1117300
2018-05-15,EWA,22.6200008392334,22.700000762939453,22.549999237060547,22.6200008392334,1451400
2018-05-16,EWA,22.780000686645508,22.8799991607666,22.760000228881836,22.829999923706055,1417400
2018-05-17,EWA,22.850000381469727,22.920000076293945,22.780000686645508,22.860000610351562,1090300
2018-05-18,EWA,22.729999542236328,22.770000457763672,22.690000534057617,22.700000762939453,1093100
2018-05-21,EWA,22.8700008392334,22.989999771118164,22.8700008392334,22.989999771118164,1087200
2018-05-22,EWA,22.979999542236328,22.989999771118164,22.799999237060547,22.829999923706055,1140700
2018-05-23,EWA,22.610000610351562,22.719999313354492,22.59000015258789,22.709999084472656,1256300
2018-05-24,EWA,22.729999542236328,22.770000457763672,22.579999923706055,22.739999771118164,951400
2018-05-25,EWA,22.6200008392334,22.670000076293945,22.56999969482422,22.600000381469727,822900
2018-05-29,EWA,22.43000030517578,22.479999542236328,22.219999313354492,22.290000915527344,2103700
2018-05-30,EWA,22.559999465942383,22.790000915527344,22.520000457763672,22.780000686645508,1222900
2018-05-31,EWA,22.729999542236328,22.75,22.549999237060547,22.56999969482422,1540200
2018-06-01,EWA,22.649999618530273,22.719999313354492,22.56999969482422,22.719999313354492,1657200
2018-06-04,EWA,22.920000076293945,22.969999313354492,22.799999237060547,22.860000610351562,1121300
2018-06-05,EWA,22.809999465942383,22.809999465942383,22.719999313354492,22.760000228881836,2021600
2018-06-06,EWA,22.969999313354492,23.079999923706055,22.899999618530273,23.079999923706055,1268700
2018-06-07,EWA,23.06999969482422,23.09000015258789,22.8700008392334,22.899999618530273,1233000
2018-06-08,EWA,22.8700008392334,22.920000076293945,22.81999969482422,22.889999389648438,1288400
2018-06-11,EWA,22.920000076293945,23.030000686645508,22.920000076293945,23.010000228881836,648500
2018-06-12,EWA,22.829999923706055,22.860000610351562,22.690000534057617,22.709999084472656,839400
2018-06-13,EWA,22.719999313354492,22.799999237060547,22.549999237060547,22.68000030517578,1292100
2018-06-14,EWA,22.65999984741211,22.65999984741211,22.469999313354492,22.469999313354492,1555600
2018-06-15,EWA,22.530000686645508,22.549999237060547,22.440000534057617,22.489999771118164,2688500
2018-06-18,EWA,22.56999969482422,22.690000534057617,22.540000915527344,22.68000030517578,2755100
2018-06-19,EWA,21.950000762939453,22.09000015258789,21.90999984741211,22.06999969482422,2674300
2018-06-20,EWA,22.31999969482422,22.34000015258789,22.200000762939453,22.290000915527344,2216300
2018-06-21,EWA,22.43000030517578,22.469999313354492,22.350000381469727,22.3700008392334,2168000
2018-06-22,EWA,22.739999771118164,22.770000457763672,22.6299991607666,22.690000534057617,1608700
2018-06-25,EWA,22.420000076293945,22.43000030517578,22.18000030517578,22.229999542236328,3190500
2018-06-26,EWA,22.399999618530273,22.440000534057617,22.280000686645508,22.389999389648438,1707500
2018-06-27,EWA,22.399999618530273,22.549999237060547,22.18000030517578,22.190000534057617,3580600
2018-06-28,EWA,22.34000015258789,22.530000686645508,22.31999969482422,22.489999771118164,2809800
2018-06-29,EWA,22.479999542236328,22.6299991607666,22.479999542236328,22.610000610351562,1647000
2018-07-02,EWA,22.229999542236328,22.350000381469727,22.219999313354492,22.309999465942383,2135800
2018-07-03,EWA,22.559999465942383,22.610000610351562,22.399999618530273,22.43000030517578,1216000
2018-07-05,EWA,22.649999618530273,22.68000030517578,22.559999465942383,22.670000076293945,1077900
2018-07-06,EWA,22.770000457763672,23.0,22.770000457763672,22.979999542236328,2375700
2018-07-09,EWA,23.1200008392334,23.18000030517578,23.049999237060547,23.170000076293945,1927000
2018-07-10,EWA,22.979999542236328,23.059999465942383,22.959999084472656,23.040000915527344,1505500
2018-07-11,EWA,22.649999618530273,22.709999084472656,22.440000534057617,22.479999542236328,3589600
2018-07-12,EWA,22.860000610351562,22.920000076293945,22.780000686645508,22.90999984741211,1453300
2018-07-13,EWA,22.760000228881836,22.829999923706055,22.719999313354492,22.829999923706055,1154200
2018-07-16,EWA,22.75,22.760000228881836,22.610000610351562,22.68000030517578,3595000
2018-07-17,EWA,22.549999237060547,22.6200008392334,22.510000228881836,22.59000015258789,2830700
2018-07-18,EWA,22.6200008392334,22.760000228881836,22.59000015258789,22.719999313354492,1602800
2018-07-19,EWA,22.530000686645508,22.700000762939453,22.510000228881836,22.59000015258789,1388600
2018-07-20,EWA,22.81999969482422,22.8799991607666,22.780000686645508,22.84000015258789,2343800
2018-07-23,EWA,22.649999618530273,22.65999984741211,22.579999923706055,22.6200008392334,859000
2018-07-24,EWA,22.860000610351562,22.940000534057617,22.799999237060547,22.8700008392334,1949200
2018-07-25,EWA,22.719999313354492,22.969999313354492,22.65999984741211,22.940000534057617,1274800
2018-07-26,EWA,22.729999542236328,22.790000915527344,22.690000534057617,22.709999084472656,1274400
2018-07-27,EWA,22.899999618530273,22.950000762939453,22.799999237060547,22.84000015258789,1012200
2018-07-30,EWA,22.8799991607666,22.90999984741211,22.809999465942383,22.81999969482422,2820700
2018-07-31,EWA,23.0,23.040000915527344,22.90999984741211,22.920000076293945,2418000
2018-08-01,EWA,22.81999969482422,22.81999969482422,22.729999542236328,22.729999542236328,2033300
2018-08-02,EWA,22.559999465942383,22.68000030517578,22.559999465942383,22.65999984741211,1854700
2018-08-03,EWA,22.559999465942383,22.729999542236328,22.559999465942383,22.719999313354492,2144300
2018-08-06,EWA,22.690000534057617,22.770000457763672,22.649999618530273,22.709999084472656,880000
2018-08-07,EWA,22.860000610351562,22.90999984741211,22.75,22.780000686645508,1393700
2018-08-08,EWA,22.790000915527344,22.950000762939453,22.760000228881836,22.899999618530273,859600
2018-08-09,EWA,22.979999542236328,23.010000228881836,22.829999923706055,22.850000381469727,1365500
2018-08-10,EWA,22.479999542236328,22.559999465942383,22.420000076293945,22.479999542236328,1719200
2018-08-13,EWA,22.479999542236328,22.510000228881836,22.309999465942383,22.350000381469727,1411900
2018-08-14,EWA,22.469999313354492,22.489999771118164,22.350000381469727,22.440000534057617,2563200
2018-08-15,EWA,22.459999084472656,22.469999313354492,22.25,22.40999984741211,2499900
2018-08-16,EWA,22.670000076293945,22.780000686645508,22.649999618530273,22.690000534057617,1287000
2018-08-17,EWA,22.780000686645508,23.059999465942383,22.75,23.0,3649400
2018-08-20,EWA,22.940000534057617,23.049999237060547,22.920000076293945,23.020000457763672,1228300
2018-08-21,EWA,22.850000381469727,22.920000076293945,22.790000915527344,22.809999465942383,1359500
2018-08-22,EWA,22.760000228881836,22.809999465942383,22.68000030517578,22.75,1793300
2018-08-23,EWA,22.360000610351562,22.440000534057617,22.309999465942383,22.31999969482422,1711100
2018-08-24,EWA,22.489999771118164,22.56999969482422,22.450000762939453,22.520000457763672,1520700
2018-08-27,EWA,22.59000015258789,22.760000228881836,22.59000015258789,22.739999771118164,2869900
2018-08-28,EWA,22.850000381469727,22.889999389648438,22.729999542236328,22.729999542236328,2395400
2018-08-29,EWA,22.850000381469727,22.979999542236328,22.799999237060547,22.950000762939453,1529200
2018-08-30,EWA,22.809999465942383,22.850000381469727,22.68000030517578,22.709999084472656,1374700
2018-08-31,EWA,22.56999969482422,22.639999389648438,22.450000762939453,22.489999771118164,2234600
2018-09-04,EWA,22.260000228881836,22.329999923706055,22.18000030517578,22.239999771118164,2784300
2018-09-05,EWA,22.100000381469727,22.139999389648438,21.969999313354492,22.049999237060547,2384200
2018-09-06,EWA,21.899999618530273,21.93000030517578,21.700000762939453,21.81999969482422,2897500
2018-09-07,EWA,21.549999237060547,21.639999389648438,21.420000076293945,21.459999084472656,1953600
2018-09-10,EWA,21.649999618530273,21.68000030517578,21.540000915527344,21.610000610351562,1252600
2018-09-11,EWA,21.520000457763672,21.690000534057617,21.5,21.670000076293945,1648100
2018-09-12,EWA,21.760000228881836,21.899999618530273,21.709999084472656,21.889999389648438,2329400
2018-09-13,EWA,21.959999084472656,21.969999313354492,21.799999237060547,21.889999389648438,1518800
2018-09-14,EWA,21.899999618530273,21.950000762939453,21.809999465942383,21.860000610351562,1667500
2018-09-17,EWA,21.969999313354492,22.040000915527344,21.889999389648438,21.889999389648438,1338400
2018-09-18,EWA,22.020000457763672,22.149999618530273,22.0,22.1299991607666,1490300
2018-09-19,EWA,22.139999389648438,22.280000686645508,22.1299991607666,22.229999542236328,2811500
2018-09-20,EWA,22.309999465942383,22.3799991607666,22.25,22.3700008392334,1315400
2018-09-21,EWA,22.329999923706055,22.399999618530273,22.299999237060547,22.299999237060547,1520000
2018-09-24,EWA,22.34000015258789,22.3799991607666,22.209999084472656,22.209999084472656,1443300
2018-09-25,EWA,22.34000015258789,22.350000381469727,22.229999542236328,22.25,1198800
2018-09-26,EWA,22.190000534057617,22.420000076293945,22.18000030517578,22.219999313354492,1333900
2018-09-27,EWA,22.1299991607666,22.219999313354492,22.100000381469727,22.1200008392334,911400
2018-09-28,EWA,22.1200008392334,22.219999313354492,22.079999923706055,22.1200008392334,1631400
2018-10-01,EWA,22.049999237060547,22.149999618530273,22.040000915527344,22.09000015258789,1272600
2018-10-02,EWA,21.799999237060547,21.850000381469727,21.770000457763672,21.829999923706055,2547100
2018-10-03,EWA,21.84000015258789,21.850000381469727,21.690000534057617,21.700000762939453,2371300
2018-10-04,EWA,21.709999084472656,21.739999771118164,21.5,21.579999923706055,2457900
2018-10-05,EWA,21.6299991607666,21.670000076293945,21.440000534057617,21.489999771118164,2156200
2018-10-08,EWA,21.260000228881836,21.3700008392334,21.18000030517578,21.34000015258789,2413000
2018-10-09,EWA,21.1299991607666,21.299999237060547,21.110000610351562,21.260000228881836,3242100
2018-10-10,EWA,21.239999771118164,21.239999771118164,20.780000686645508,20.809999465942383,3594300
2018-10-11,EWA,20.610000610351562,20.729999542236328,20.280000686645508,20.479999542236328,5747600
2018-10-12,EWA,20.729999542236328,20.729999542236328,20.399999618530273,20.59000015258789,2956400
2018-10-15,EWA,20.649999618530273,20.729999542236328,20.610000610351562,20.6299991607666,1679000
2018-10-16,EWA,20.860000610351562,20.969999313354492,20.770000457763672,20.950000762939453,1563300
2018-10-17,EWA,20.940000534057617,20.989999771118164,20.780000686645508,20.899999618530273,1411800
2018-10-18,EWA,20.90999984741211,20.93000030517578,20.639999389648438,20.709999084472656,1898100
2018-10-19,EWA,20.899999618530273,21.020000457763672,20.84000015258789,20.90999984741211,1897400
2018-10-22,EWA,20.780000686645508,20.809999465942383,20.65999984741211,20.709999084472656,1500200
2018-10-23,EWA,20.389999389648438,20.59000015258789,20.25,20.489999771118164,2146100
2018-10-24,EWA,20.399999618530273,20.420000076293945,20.010000228881836,20.010000228881836,3593300
2018-10-25,EWA,19.979999542236328,20.18000030517578,19.889999389648438,20.09000015258789,1693300
2018-10-26,EWA,19.829999923706055,20.079999923706055,19.709999084472656,19.959999084472656,4102600
2018-10-29,EWA,20.25,20.299999237060547,19.770000457763672,19.90999984741211,2795100
2018-10-30,EWA,20.219999313354492,20.450000762939453,20.209999084472656,20.43000030517578,3586300
2018-10-31,EWA,20.549999237060547,20.65999984741211,20.540000915527344,20.600000381469727,1906000
2018-11-01,EWA,20.799999237060547,20.93000030517578,20.75,20.93000030517578,2301600
2018-11-02,EWA,20.950000762939453,21.040000915527344,20.739999771118164,20.8799991607666,2553900
2018-11-05,EWA,20.950000762939453,21.020000457763672,20.899999618530273,20.959999084472656,1804200
2018-11-06,EWA,21.030000686645508,21.170000076293945,21.020000457763672,21.15999984741211,1746200
2018-11-07,EWA,21.399999618530273,21.469999313354492,21.329999923706055,21.450000762939453,1128200
2018-11-08,EWA,21.510000228881836,21.549999237060547,21.34000015258789,21.3799991607666,3083400
2018-11-09,EWA,21.280000686645508,21.31999969482422,21.1299991607666,21.200000762939453,2525900
2018-11-12,EWA,21.280000686645508,21.290000915527344,21.020000457763672,21.059999465942383,1915900
2018-11-13,EWA,21.059999465942383,21.200000762939453,20.950000762939453,21.030000686645508,2175800
2018-11-14,EWA,20.860000610351562,20.889999389648438,20.6200008392334,20.790000915527344,2708000
2018-11-15,EWA,20.739999771118164,21.020000457763672,20.690000534057617,20.950000762939453,2911700
2018-11-16,EWA,20.84000015258789,21.020000457763672,20.799999237060547,21.020000457763672,2111400
2018-11-19,EWA,20.770000457763672,20.770000457763672,20.559999465942383,20.6200008392334,1799500
2018-11-20,EWA,20.459999084472656,20.479999542236328,20.209999084472656,20.229999542236328,2726300
2018-11-21,EWA,20.559999465942383,20.68000030517578,20.540000915527344,20.610000610351562,1924800
2018-11-23,EWA,20.600000381469727,20.65999984741211,20.56999969482422,20.579999923706055,1139600
2018-11-26,EWA,20.739999771118164,20.809999465942383,20.700000762939453,20.809999465942383,2076900
2018-11-27,EWA,20.700000762939453,20.799999237060547,20.639999389648438,20.799999237060547,1691900
2018-11-28,EWA,20.739999771118164,21.139999389648438,20.65999984741211,21.1200008392334,2314300
2018-11-29,EWA,21.040000915527344,21.1299991607666,20.979999542236328,21.020000457763672,2048700
2018-11-30,EWA,20.719999313354492,20.809999465942383,20.670000076293945,20.799999237060547,3166600
2018-12-03,EWA,21.309999465942383,21.329999923706055,21.059999465942383,21.15999984741211,2618000
2018-12-04,EWA,21.079999923706055,21.079999923706055,20.579999923706055,20.59000015258789,3474000
2018-12-06,EWA,20.280000686645508,20.459999084472656,20.079999923706055,20.43000030517578,4419500
2018-12-07,EWA,20.59000015258789,20.670000076293945,20.239999771118164,20.309999465942383,4223200
2018-12-10,EWA,20.06999969482422,20.1299991607666,19.860000610351562,20.040000915527344,2373900
2018-12-11,EWA,20.350000381469727,20.3700008392334,20.09000015258789,20.200000762939453,2655400
2018-12-12,EWA,20.479999542236328,20.600000381469727,20.399999618530273,20.399999618530273,3354900
2018-12-13,EWA,20.450000762939453,20.510000228881836,20.360000610351562,20.389999389648438,2528200
2018-12-14,EWA,20.1200008392334,20.200000762939453,20.030000686645508,20.040000915527344,2464000
2018-12-17,EWA,20.25,20.270000457763672,19.969999313354492,20.040000915527344,2498900
2018-12-18,EWA,19.3700008392334,19.479999542236328,19.209999084472656,19.299999237060547,3371100
2018-12-19,EWA,19.459999084472656,19.579999923706055,18.989999771118164,19.079999923706055,4662900
2018-12-20,EWA,19.049999237060547,19.1200008392334,18.790000915527344,18.8700008392334,2900800
2018-12-21,EWA,18.690000534057617,18.860000610351562,18.40999984741211,18.43000030517578,5383200
2018-12-24,EWA,18.59000015258789,18.690000534057617,18.40999984741211,18.420000076293945,2078500
2018-12-26,EWA,18.5,19.059999465942383,18.350000381469727,19.049999237060547,4199600
2018-12-27,EWA,18.8799991607666,19.110000610351562,18.760000228881836,19.110000610351562,2646300
2018-12-28,EWA,19.350000381469727,19.399999618530273,19.219999313354492,19.25,4104700
2018-12-31,EWA,19.209999084472656,19.299999237060547,19.18000030517578,19.25,2618300
2019-01-02,EWA,18.829999923706055,19.1299991607666,18.799999237060547,19.100000381469727,3401400
2019-01-03,EWA,19.030000686645508,19.100000381469727,18.8799991607666,18.959999084472656,2519900
2019-01-04,EWA,19.270000457763672,19.670000076293945,19.260000228881836,19.6299991607666,2900000
2019-01-07,EWA,19.559999465942383,19.760000228881836,19.530000686645508,19.690000534057617,2007300
2019-01-08,EWA,19.860000610351562,19.899999618530273,19.739999771118164,19.84000015258789,2131300
2019-01-09,EWA,20.040000915527344,20.200000762939453,19.989999771118164,20.1200008392334,5069800
2019-01-10,EWA,20.110000610351562,20.209999084472656,20.09000015258789,20.209999084472656,3459200
2019-01-11,EWA,20.110000610351562,20.239999771118164,20.06999969482422,20.209999084472656,2292000
2019-01-14,EWA,20.06999969482422,20.18000030517578,20.049999237060547,20.1299991607666,1884000
2019-01-15,EWA,20.190000534057617,20.299999237060547,20.170000076293945,20.260000228881836,3884300
2019-01-16,EWA,20.270000457763672,20.360000610351562,20.260000228881836,20.309999465942383,3158200
2019-01-17,EWA,20.209999084472656,20.559999465942383,20.200000762939453,20.5,3213500
2019-01-18,EWA,20.549999237060547,20.610000610351562,20.489999771118164,20.579999923706055,5234100
2019-01-22,EWA,20.229999542236328,20.25,20.030000686645508,20.06999969482422,1926100
2019-01-23,EWA,20.219999313354492,20.229999542236328,20.059999465942383,20.15999984741211,1796600
2019-01-24,EWA,20.15999984741211,20.229999542236328,20.110000610351562,20.170000076293945,2619500
2019-01-25,EWA,20.3799991607666,20.559999465942383,20.3799991607666,20.530000686645508,3673900
2019-01-28,EWA,20.360000610351562,20.43000030517578,20.31999969482422,20.43000030517578,1824800
2019-01-29,EWA,20.40999984741211,20.440000534057617,20.34000015258789,20.360000610351562,3089500
2019-01-30,EWA,20.459999084472656,20.780000686645508,20.450000762939453,20.690000534057617,2281000
2019-01-31,EWA,20.56999969482422,20.670000076293945,20.530000686645508,20.59000015258789,2161600
2019-02-01,EWA,20.579999923706055,20.649999618530273,20.520000457763672,20.559999465942383,1897100
2019-02-04,EWA,20.559999465942383,20.729999542236328,20.549999237060547,20.729999542236328,2023400
2019-02-05,EWA,21.059999465942383,21.100000381469727,21.030000686645508,21.06999969482422,7627800
2019-02-06,EWA,20.8799991607666,20.93000030517578,20.790000915527344,20.829999923706055,4663700
2019-02-07,EWA,20.920000076293945,20.93000030517578,20.75,20.81999969482422,4295100
2019-02-08,EWA,20.739999771118164,20.799999237060547,20.68000030517578,20.780000686645508,2232700
2019-02-11,EWA,20.75,20.790000915527344,20.700000762939453,20.719999313354492,1486300
2019-02-12,EWA,20.850000381469727,20.93000030517578,20.81999969482422,20.93000030517578,1925100
2019-02-13,EWA,20.8799991607666,20.940000534057617,20.739999771118164,20.739999771118164,2285600
2019-02-14,EWA,20.739999771118164,20.829999923706055,20.690000534057617,20.75,3878300
2019-02-15,EWA,20.989999771118164,21.09000015258789,20.969999313354492,21.079999923706055,1913800
2019-02-19,EWA,20.989999771118164,21.25,20.969999313354492,21.209999084472656,1113100
2019-02-20,EWA,21.1299991607666,21.239999771118164,21.100000381469727,21.139999389648438,5365500
2019-02-21,EWA,21.110000610351562,21.110000610351562,20.979999542236328,21.049999237060547,5173700
2019-02-22,EWA,21.290000915527344,21.3700008392334,21.239999771118164,21.290000915527344,1618400
2019-02-25,EWA,21.5,21.510000228881836,21.389999389648438,21.399999618530273,1216200
2019-02-26,EWA,21.34000015258789,21.469999313354492,21.31999969482422,21.399999618530273,1206700
2019-02-27,EWA,21.350000381469727,21.3799991607666,21.260000228881836,21.309999465942383,935000
2019-02-28,EWA,21.329999923706055,21.3700008392334,21.270000457763672,21.280000686645508,1422300
2019-03-01,EWA,21.43000030517578,21.489999771118164,21.329999923706055,21.43000030517578,1798200
2019-03-04,EWA,21.450000762939453,21.5,21.229999542236328,21.31999969482422,2762700
2019-03-05,EWA,21.360000610351562,21.43000030517578,21.329999923706055,21.389999389648438,2248600
2019-03-06,EWA,21.510000228881836,21.540000915527344,21.389999389648438,21.40999984741211,1752800
2019-03-07,EWA,21.520000457763672,21.549999237060547,21.31999969482422,21.350000381469727,2843100
2019-03-08,EWA,21.18000030517578,21.270000457763672,21.18000030517578,21.260000228881836,1818400
2019-03-11,EWA,21.280000686645508,21.450000762939453,21.280000686645508,21.450000762939453,2047300
2019-03-12,EWA,21.280000686645508,21.350000381469727,21.270000457763672,21.309999465942383,3384700
2019-03-13,EWA,21.34000015258789,21.440000534057617,21.31999969482422,21.420000076293945,2428900
2019-03-14,EWA,21.31999969482422,21.3700008392334,21.270000457763672,21.360000610351562,1886800
2019-03-15,EWA,21.31999969482422,21.450000762939453,21.31999969482422,21.450000762939453,1239800
2019-03-18,EWA,21.420000076293945,21.520000457763672,21.40999984741211,21.520000457763672,1934200
2019-03-19,EWA,21.549999237060547,21.56999969482422,21.3799991607666,21.440000534057617,1324800
2019-03-20,EWA,21.329999923706055,21.540000915527344,21.290000915527344,21.450000762939453,4416700
2019-03-21,EWA,21.450000762939453,21.579999923706055,21.40999984741211,21.579999923706055,4087800
2019-03-22,EWA,21.399999618530273,21.440000534057617,21.229999542236328,21.229999542236328,2423700
2019-03-25,EWA,21.280000686645508,21.34000015258789,21.190000534057617,21.329999923706055,2252600
2019-03-26,EWA,21.389999389648438,21.459999084472656,21.3700008392334,21.43000030517578,2017100
2019-03-27,EWA,21.280000686645508,21.290000915527344,21.100000381469727,21.209999084472656,1695600
2019-03-28,EWA,21.399999618530273,21.440000534057617,21.329999923706055,21.3700008392334,1333300
2019-03-29,EWA,21.520000457763672,21.520000457763672,21.420000076293945,21.520000457763672,1935900
2019-04-01,EWA,21.700000762939453,21.760000228881836,21.65999984741211,21.760000228881836,1767500
2019-04-02,EWA,21.649999618530273,21.68000030517578,21.579999923706055,21.649999618530273,2263800
2019-04-03,EWA,21.829999923706055,21.920000076293945,21.790000915527344,21.829999923706055,2708800
2019-04-04,EWA,21.6200008392334,21.670000076293945,21.59000015258789,21.6299991607666,4892500
2019-04-05,EWA,21.479999542236328,21.559999465942383,21.459999084472656,21.530000686645508,2039600
2019-04-08,EWA,21.610000610351562,21.700000762939453,21.579999923706055,21.670000076293945,2055400
2019-04-09,EWA,21.6299991607666,21.6299991607666,21.530000686645508,21.559999465942383,4718000
2019-04-10,EWA,21.600000381469727,21.760000228881836,21.59000015258789,21.709999084472656,6690900
2019-04-11,EWA,21.68000030517578,21.700000762939453,21.579999923706055,21.649999618530273,2690800
2019-04-12,EWA,21.920000076293945,21.940000534057617,21.84000015258789,21.860000610351562,1576100
2019-04-15,EWA,21.899999618530273,21.899999618530273,21.799999237060547,21.809999465942383,1653700
2019-04-16,EWA,22.0,22.0,21.899999618530273,21.920000076293945,1289400
2019-04-17,EWA,21.989999771118164,22.0,21.84000015258789,21.899999618530273,1065200
2019-04-18,EWA,21.93000030517578,21.969999313354492,21.899999618530273,21.920000076293945,2470100
2019-04-22,EWA,21.760000228881836,21.899999618530273,21.760000228881836,21.889999389648438,989300
2019-04-23,EWA,21.93000030517578,22.0,21.889999389648438,21.979999542236328,1795700
2019-04-24,EWA,21.93000030517578,21.950000762939453,21.790000915527344,21.8700008392334,1832500
2019-04-25,EWA,21.809999465942383,21.8799991607666,21.780000686645508,21.8799991607666,1739100
2019-04-26,EWA,21.90999984741211,21.989999771118164,21.90999984741211,21.93000030517578,1436900
2019-04-29,EWA,21.860000610351562,21.90999984741211,21.84000015258789,21.899999618530273,1505300
2019-04-30,EWA,21.780000686645508,21.799999237060547,21.670000076293945,21.770000457763672,4546500
2019-05-01,EWA,21.84000015258789,21.920000076293945,21.690000534057617,21.690000534057617,2830100
2019-05-02,EWA,21.700000762939453,21.729999542236328,21.600000381469727,21.65999984741211,1766700
2019-05-03,EWA,21.690000534057617,21.829999923706055,21.68000030517578,21.829999923706055,2295700
2019-05-06,EWA,21.399999618530273,21.6200008392334,21.389999389648438,21.6200008392334,3485900
2019-05-07,EWA,21.510000228881836,21.520000457763672,21.31999969482422,21.399999618530273,4025100
2019-05-08,EWA,21.43000030517578,21.5,21.389999389648438,21.399999618530273,4439400
2019-05-09,EWA,21.31999969482422,21.5,21.260000228881836,21.450000762939453,3720800
2019-05-10,EWA,21.610000610351562,21.75,21.469999313354492,21.709999084472656,3037100
2019-05-13,EWA,21.40999984741211,21.43000030517578,21.239999771118164,21.270000457763672,4212600
2019-05-14,EWA,21.219999313354492,21.350000381469727,21.219999313354492,21.25,1868400
2019-05-15,EWA,21.229999542236328,21.420000076293945,21.209999084472656,21.40999984741211,2503800
2019-05-16,EWA,21.56999969482422,21.690000534057617,21.549999237060547,21.59000015258789,1550200
2019-05-17,EWA,21.360000610351562,21.510000228881836,21.360000610351562,21.420000076293945,1395000
2019-05-20,EWA,21.899999618530273,21.979999542236328,21.84000015258789,21.8799991607666,3496700
2019-05-21,EWA,22.0,22.09000015258789,21.950000762939453,22.06999969482422,2548000
2019-05-22,EWA,22.049999237060547,22.110000610351562,22.040000915527344,22.059999465942383,2023100
2019-05-23,EWA,21.920000076293945,21.969999313354492,21.860000610351562,21.920000076293945,1589900
2019-05-24,EWA,22.010000228881836,22.100000381469727,21.940000534057617,22.030000686645508,741900
2019-05-28,EWA,22.010000228881836,22.079999923706055,21.889999389648438,21.889999389648438,1513200
2019-05-29,EWA,21.790000915527344,21.829999923706055,21.700000762939453,21.770000457763672,1446100
2019-05-30,EWA,21.780000686645508,21.81999969482422,21.729999542236328,21.809999465942383,1549200
2019-05-31,EWA,21.760000228881836,21.829999923706055,21.700000762939453,21.799999237060547,2632100
2019-06-03,EWA,21.729999542236328,21.770000457763672,21.649999618530273,21.709999084472656,2235300
2019-06-04,EWA,21.93000030517578,22.06999969482422,21.899999618530273,22.040000915527344,2009900
2019-06-05,EWA,22.030000686645508,22.079999923706055,21.899999618530273,21.950000762939453,1024400
2019-06-06,EWA,22.010000228881836,22.149999618530273,21.979999542236328,22.09000015258789,1302000
2019-06-07,EWA,22.200000762939453,22.420000076293945,22.200000762939453,22.350000381469727,1899900
2019-06-10,EWA,22.3799991607666,22.43000030517578,22.329999923706055,22.350000381469727,3003500
2019-06-11,EWA,22.6200008392334,22.649999618530273,22.520000457763672,22.579999923706055,1992000
2019-06-12,EWA,22.43000030517578,22.469999313354492,22.34000015258789,22.350000381469727,1519700
2019-06-13,EWA,22.399999618530273,22.420000076293945,22.299999237060547,22.360000610351562,1662200
2019-06-14,EWA,22.219999313354492,22.219999313354492,22.149999618530273,22.209999084472656,739600
2019-06-17,EWA,21.719999313354492,21.739999771118164,21.65999984741211,21.68000030517578,1260400
2019-06-18,EWA,21.8700008392334,22.030000686645508,21.8700008392334,22.010000228881836,2857300
2019-06-19,EWA,22.1200008392334,22.239999771118164,22.079999923706055,22.149999618530273,2011800
2019-06-20,EWA,22.420000076293945,22.440000534057617,22.31999969482422,22.399999618530273,2002500
2019-06-21,EWA,22.290000915527344,22.350000381469727,22.260000228881836,22.270000457763672,2355100
2019-06-24,EWA,22.40999984741211,22.450000762939453,22.399999618530273,22.43000030517578,1120300
2019-06-25,EWA,22.479999542236328,22.56999969482422,22.31999969482422,22.350000381469727,2975400
2019-06-26,EWA,22.510000228881836,22.510000228881836,22.420000076293945,22.440000534057617,1701100
2019-06-27,EWA,22.549999237060547,22.600000381469727,22.540000915527344,22.59000015258789,2627200
2019-06-28,EWA,22.559999465942383,22.579999923706055,22.5,22.540000915527344,1979000
2019-07-01,EWA,22.559999465942383,22.56999969482422,22.43000030517578,22.5,1914200
2019-07-02,EWA,22.5,22.5,22.450000762939453,22.489999771118164,1789600
2019-07-03,EWA,22.739999771118164,22.790000915527344,22.709999084472656,22.770000457763672,1503300
2019-07-05,EWA,22.690000534057617,22.790000915527344,22.610000610351562,22.780000686645508,1859600
2019-07-08,EWA,22.540000915527344,22.549999237060547,22.489999771118164,22.489999771118164,1766300
2019-07-09,EWA,22.399999618530273,22.450000762939453,22.3799991607666,22.40999984741211,1179100
2019-07-10,EWA,22.549999237060547,22.579999923706055,22.479999542236328,22.5,2155900
2019-07-11,EWA,22.600000381469727,22.670000076293945,22.5,22.56999969482422,1288300
2019-07-12,EWA,22.579999923706055,22.6200008392334,22.540000915527344,22.610000610351562,1159900
2019-07-15,EWA,22.729999542236328,22.729999542236328,22.59000015258789,22.639999389648438,969100
2019-07-16,EWA,22.600000381469727,22.639999389648438,22.489999771118164,22.489999771118164,1678100
2019-07-17,EWA,22.579999923706055,22.65999984741211,22.56999969482422,22.59000015258789,1875200
2019-07-18,EWA,22.600000381469727,22.729999542236328,22.549999237060547,22.709999084472656,2284200
2019-07-19,EWA,22.81999969482422,22.850000381469727,22.719999313354492,22.75,1597300
2019-07-22,EWA,22.760000228881836,22.799999237060547,22.690000534057617,22.709999084472656,1069100
2019-07-23,EWA,22.780000686645508,22.81999969482422,22.729999542236328,22.799999237060547,1704000
2019-07-24,EWA,22.780000686645508,22.81999969482422,22.760000228881836,22.809999465942383,1502900
2019-07-25,EWA,22.860000610351562,22.8700008392334,22.700000762939453,22.729999542236328,1534900
2019-07-26,EWA,22.729999542236328,22.75,22.68000030517578,22.68000030517578,686400
2019-07-29,EWA,22.809999465942383,22.809999465942383,22.760000228881836,22.790000915527344,873500
2019-07-30,EWA,22.6299991607666,22.649999618530273,22.559999465942383,22.59000015258789,1173800
2019-07-31,EWA,22.6200008392334,22.670000076293945,22.299999237060547,22.40999984741211,3626800
2019-08-01,EWA,22.450000762939453,22.65999984741211,22.239999771118164,22.290000915527344,4398600
2019-08-02,EWA,22.25,22.280000686645508,22.1200008392334,22.200000762939453,1742200
2019-08-05,EWA,21.700000762939453,21.700000762939453,21.270000457763672,21.389999389648438,3299100
2019-08-06,EWA,21.299999237060547,21.34000015258789,21.030000686645508,21.239999771118164,3059100
2019-08-07,EWA,21.040000915527344,21.290000915527344,20.920000076293945,21.25,3529700
2019-08-08,EWA,21.43000030517578,21.639999389648438,21.360000610351562,21.610000610351562,2528200
2019-08-09,EWA,21.579999923706055,21.639999389648438,21.43000030517578,21.489999771118164,2105100
2019-08-12,EWA,21.40999984741211,21.459999084472656,21.280000686645508,21.31999969482422,1134700
2019-08-13,EWA,21.309999465942383,21.700000762939453,21.280000686645508,21.600000381469727,3701100
2019-08-14,EWA,21.25,21.329999923706055,21.079999923706055,21.09000015258789,3590000
2019-08-15,EWA,21.010000228881836,21.049999237060547,20.860000610351562,21.010000228881836,2643100
2019-08-16,EWA,21.06999969482422,21.229999542236328,21.06999969482422,21.229999542236328,1371500
2019-08-19,EWA,21.329999923706055,21.34000015258789,21.270000457763672,21.309999465942383,1027200
2019-08-20,EWA,21.450000762939453,21.510000228881836,21.3700008392334,21.3799991607666,1387600
2019-08-21,EWA,21.479999542236328,21.489999771118164,21.3799991607666,21.40999984741211,3290000
2019-08-22,EWA,21.399999618530273,21.440000534057617,21.260000228881836,21.34000015258789,994500
2019-08-23,EWA,21.309999465942383,21.469999313354492,21.06999969482422,21.079999923706055,2462500
2019-08-26,EWA,21.25,21.280000686645508,21.1299991607666,21.219999313354492,1157700
2019-08-27,EWA,21.34000015258789,21.34000015258789,21.170000076293945,21.200000762939453,1254100
2019-08-28,EWA,21.170000076293945,21.329999923706055,21.139999389648438,21.260000228881836,1296500
2019-08-29,EWA,21.469999313354492,21.489999771118164,21.3799991607666,21.440000534057617,1311200
2019-08-30,EWA,21.639999389648438,21.68000030517578,21.540000915527344,21.68000030517578,2866600
2019-09-03,EWA,21.43000030517578,21.579999923706055,21.389999389648438,21.56999969482422,16824400
2019-09-04,EWA,21.729999542236328,21.809999465942383,21.690000534057617,21.809999465942383,1333300
2019-09-05,EWA,22.030000686645508,22.1299991607666,22.030000686645508,22.06999969482422,2700700
2019-09-06,EWA,22.18000030517578,22.270000457763672,22.15999984741211,22.229999542236328,1896100
2019-09-09,EWA,22.31999969482422,22.350000381469727,22.270000457763672,22.299999237060547,1409400
2019-09-10,EWA,22.260000228881836,22.34000015258789,22.200000762939453,22.299999237060547,2487800
2019-09-11,EWA,22.350000381469727,22.420000076293945,22.329999923706055,22.399999618530273,2433400
2019-09-12,EWA,22.43000030517578,22.530000686645508,22.3799991607666,22.489999771118164,2411500
2019-09-13,EWA,22.540000915527344,22.610000610351562,22.5,22.559999465942383,1577500
2019-09-16,EWA,22.510000228881836,22.559999465942383,22.479999542236328,22.489999771118164,1958300
2019-09-17,EWA,22.5,22.639999389648438,22.5,22.6299991607666,1849900
2019-09-18,EWA,22.5,22.520000457763672,22.329999923706055,22.459999084472656,1393400
2019-09-19,EWA,22.559999465942383,22.59000015258789,22.510000228881836,22.520000457763672,1752000
2019-09-20,EWA,22.5,22.549999237060547,22.3799991607666,22.3799991607666,3008100
2019-09-23,EWA,22.329999923706055,22.440000534057617,22.309999465942383,22.399999618530273,1183600
2019-09-24,EWA,22.510000228881836,22.520000457763672,22.290000915527344,22.31999969482422,1538200
2019-09-25,EWA,22.229999542236328,22.34000015258789,22.190000534057617,22.31999969482422,1540300
2019-09-26,EWA,22.309999465942383,22.31999969482422,22.190000534057617,22.280000686645508,1532500
2019-09-27,EWA,22.389999389648438,22.40999984741211,22.219999313354492,22.290000915527344,2211200
2019-09-30,EWA,22.219999313354492,22.280000686645508,22.190000534057617,22.25,1999800
2019-10-01,EWA,22.149999618530273,22.15999984741211,21.920000076293945,21.969999313354492,2546400
2019-10-02,EWA,21.670000076293945,21.739999771118164,21.360000610351562,21.450000762939453,2542500
2019-10-03,EWA,21.3799991607666,21.59000015258789,21.280000686645508,21.59000015258789,2953900
2019-10-04,EWA,21.639999389648438,21.81999969482422,21.6200008392334,21.81999969482422,1304200
2019-10-07,EWA,21.770000457763672,21.8700008392334,21.729999542236328,21.729999542236328,2229400
2019-10-08,EWA,21.709999084472656,21.709999084472656,21.540000915527344,21.56999969482422,12791700
2019-10-09,EWA,21.6299991607666,21.719999313354492,21.59000015258789,21.700000762939453,1794700
2019-10-10,EWA,21.68000030517578,21.8799991607666,21.670000076293945,21.8799991607666,2348200
2019-10-11,EWA,22.1200008392334,22.270000457763672,22.1200008392334,22.139999389648438,2148100
2019-10-14,EWA,22.020000457763672,22.079999923706055,21.959999084472656,21.959999084472656,1485900
2019-10-15,EWA,22.1200008392334,22.299999237060547,22.100000381469727,22.239999771118164,1329400
2019-10-16,EWA,22.219999313354492,22.3799991607666,22.219999313354492,22.31999969482422,2728000
2019-10-17,EWA,22.389999389648438,22.40999984741211,22.299999237060547,22.350000381469727,1187000
2019-10-18,EWA,22.34000015258789,22.360000610351562,22.239999771118164,22.31999969482422,1786200
2019-10-21,EWA,22.450000762939453,22.510000228881836,22.440000534057617,22.510000228881836,1075700
2019-10-22,EWA,22.530000686645508,22.59000015258789,22.450000762939453,22.510000228881836,2142300
2019-10-23,EWA,22.5,22.6200008392334,22.5,22.6200008392334,622700
2019-10-24,EWA,22.670000076293945,22.670000076293945,22.56999969482422,22.6299991607666,1718400
2019-10-25,EWA,22.639999389648438,22.790000915527344,22.639999389648438,22.700000762939453,2595400
2019-10-28,EWA,22.729999542236328,22.799999237060547,22.729999542236328,22.799999237060547,1029000
2019-10-29,EWA,22.700000762939453,22.760000228881836,22.670000076293945,22.739999771118164,2590500
2019-10-30,EWA,22.649999618530273,22.739999771118164,22.540000915527344,22.719999313354492,1772600
2019-10-31,EWA,22.56999969482422,22.579999923706055,22.43000030517578,22.530000686645508,1730400
2019-11-01,EWA,22.690000534057617,22.760000228881836,22.65999984741211,22.760000228881836,2677000
2019-11-04,EWA,22.719999313354492,22.770000457763672,22.649999618530273,22.690000534057617,2455300
2019-11-05,EWA,22.719999313354492,22.739999771118164,22.649999618530273,22.729999542236328,2523000
2019-11-06,EWA,22.6299991607666,22.65999984741211,22.549999237060547,22.600000381469727,1891200
2019-11-07,EWA,22.889999389648438,22.940000534057617,22.84000015258789,22.84000015258789,3203200
2019-11-08,EWA,22.719999313354492,22.780000686645508,22.65999984741211,22.770000457763672,2938500
2019-11-11,EWA,22.829999923706055,22.950000762939453,22.829999923706055,22.899999618530273,914800
2019-11-12,EWA,22.850000381469727,22.899999618530273,22.809999465942383,22.860000610351562,18714400
2019-11-13,EWA,22.610000610351562,22.670000076293945,22.579999923706055,22.6200008392334,1603800
2019-11-14,EWA,22.579999923706055,22.610000610351562,22.530000686645508,22.610000610351562,3767300
2019-11-15,EWA,22.770000457763672,22.84000015258789,22.719999313354492,22.809999465942383,2263800
2019-11-18,EWA,22.729999542236328,22.790000915527344,22.690000534057617,22.739999771118164,1550900
2019-11-19,EWA,22.920000076293945,22.940000534057617,22.809999465942383,22.850000381469727,1196400
2019-11-20,EWA,22.540000915527344,22.56999969482422,22.389999389648438,22.440000534057617,4000900
2019-11-21,EWA,22.459999084472656,22.459999084472656,22.360000610351562,22.40999984741211,3368100
2019-11-22,EWA,22.510000228881836,22.530000686645508,22.43000030517578,22.510000228881836,1499700
2019-11-25,EWA,22.540000915527344,22.6200008392334,22.530000686645508,22.6200008392334,1365400
2019-11-26,EWA,22.670000076293945,22.719999313354492,22.639999389648438,22.690000534057617,1111900
2019-11-27,EWA,22.8700008392334,22.969999313354492,22.8700008392334,22.969999313354492,1103400
2019-11-29,EWA,22.81999969482422,22.860000610351562,22.799999237060547,22.829999923706055,1363100
2019-12-02,EWA,22.809999465942383,22.809999465942383,22.579999923706055,22.729999542236328,3422100
2019-12-03,EWA,22.239999771118164,22.3700008392334,22.1299991607666,22.329999923706055,3313400
2019-12-04,EWA,22.40999984741211,22.5,22.3799991607666,22.5,1956800
2019-12-05,EWA,22.530000686645508,22.530000686645508,22.399999618530273,22.459999084472656,2507300
2019-12-06,EWA,22.639999389648438,22.68000030517578,22.59000015258789,22.65999984741211,1501600
2019-12-09,EWA,22.6299991607666,22.690000534057617,22.549999237060547,22.549999237060547,844500
2019-12-10,EWA,22.5,22.530000686645508,22.43000030517578,22.479999542236328,1094200
2019-12-11,EWA,22.6299991607666,22.770000457763672,22.6299991607666,22.75,2744100
2019-12-12,EWA,22.68000030517578,22.889999389648438,22.639999389648438,22.889999389648438,2509200
2019-12-13,EWA,22.8799991607666,23.020000457763672,22.81999969482422,22.8700008392334,2166400
2019-12-16,EWA,22.790000915527344,22.889999389648438,22.780000686645508,22.81999969482422,2232700
2019-12-17,EWA,22.68000030517578,22.739999771118164,22.559999465942383,22.610000610351562,20564600
2019-12-18,EWA,22.639999389648438,22.670000076293945,22.600000381469727,22.6200008392334,2748100
2019-12-19,EWA,22.600000381469727,22.6200008392334,22.540000915527344,22.600000381469727,3143100
2019-12-20,EWA,22.700000762939453,22.709999084472656,22.579999923706055,22.610000610351562,1654800
2019-12-23,EWA,22.540000915527344,22.6299991607666,22.540000915527344,22.6299991607666,1870200
2019-12-24,EWA,22.639999389648438,22.670000076293945,22.579999923706055,22.649999618530273,1615700
2019-12-26,EWA,22.700000762939453,22.790000915527344,22.649999618530273,22.790000915527344,1370600
2019-12-27,EWA,22.850000381469727,22.90999984741211,22.75,22.75,1769000
2019-12-30,EWA,22.850000381469727,22.889999389648438,22.68000030517578,22.719999313354492,2056100
2019-12-31,EWA,22.65999984741211,22.65999984741211,22.459999084472656,22.639999389648438,2696300
2020-01-02,EWA,22.690000534057617,22.760000228881836,22.6200008392334,22.739999771118164,2332900
2020-01-03,EWA,22.479999542236328,22.6299991607666,22.450000762939453,22.5,2360600
2020-01-06,EWA,22.450000762939453,22.6299991607666,22.450000762939453,22.6200008392334,1564900
2020-01-07,EWA,22.670000076293945,22.670000076293945,22.549999237060547,22.59000015258789,3552100
2020-01-08,EWA,22.649999618530273,22.81999969482422,22.649999618530273,22.719999313354492,2420400
2020-01-09,EWA,22.719999313354492,22.739999771118164,22.65999984741211,22.729999542236328,1261200
2020-01-10,EWA,22.850000381469727,22.940000534057617,22.780000686645508,22.850000381469727,1497500
2020-01-13,EWA,22.940000534057617,23.049999237060547,22.8700008392334,23.030000686645508,1959500
2020-01-14,EWA,23.1299991607666,23.200000762939453,23.100000381469727,23.170000076293945,4481500
2020-01-15,EWA,23.200000762939453,23.329999923706055,23.200000762939453,23.280000686645508,1132700
2020-01-16,EWA,23.440000534057617,23.540000915527344,23.40999984741211,23.540000915527344,1775300
2020-01-17,EWA,23.5,23.520000457763672,23.440000534057617,23.520000457763672,912900
2020-01-21,EWA,23.450000762939453,23.450000762939453,23.309999465942383,23.329999923706055,1808900
2020-01-22,EWA,23.489999771118164,23.540000915527344,23.420000076293945,23.459999084472656,2215900
2020-01-23,EWA,23.440000534057617,23.489999771118164,23.31999969482422,23.440000534057617,1784500
2020-01-24,EWA,23.440000534057617,23.459999084472656,23.18000030517578,23.25,2333100
2020-01-27,EWA,22.739999771118164,22.8700008392334,22.700000762939453,22.75,2707000
2020-01-28,EWA,22.8799991607666,22.959999084472656,22.829999923706055,22.940000534057617,1604500
2020-01-29,EWA,22.899999618530273,22.93000030517578,22.799999237060547,22.84000015258789,1550800
2020-01-30,EWA,22.68000030517578,22.84000015258789,22.600000381469727,22.829999923706055,2433000
2020-01-31,EWA,22.559999465942383,22.56999969482422,22.209999084472656,22.260000228881836,4300800
2020-02-03,EWA,22.329999923706055,22.420000076293945,22.270000457763672,22.309999465942383,2031200
2020-02-04,EWA,22.649999618530273,22.739999771118164,22.6299991607666,22.700000762939453,1105000
2020-02-05,EWA,22.8700008392334,22.8700008392334,22.760000228881836,22.84000015258789,1477200
2020-02-06,EWA,22.93000030517578,22.93000030517578,22.850000381469727,22.8799991607666,1847700
2020-02-07,EWA,22.700000762939453,22.700000762939453,22.59000015258789,22.59000015258789,1952000
2020-02-10,EWA,22.59000015258789,22.690000534057617,22.579999923706055,22.670000076293945,1175300
2020-02-11,EWA,22.809999465942383,22.860000610351562,22.770000457763672,22.829999923706055,1985500
2020-02-12,EWA,23.079999923706055,23.139999389648438,23.079999923706055,23.1200008392334,1465200
2020-02-13,EWA,22.969999313354492,23.06999969482422,22.940000534057617,22.989999771118164,1464100
2020-02-14,EWA,23.100000381469727,23.100000381469727,22.979999542236328,23.049999237060547,1194800
2020-02-18,EWA,22.979999542236328,23.030000686645508,22.93000030517578,22.979999542236328,1348800
2020-02-19,EWA,23.059999465942383,23.1299991607666,23.049999237060547,23.100000381469727,1353700
2020-02-20,EWA,22.959999084472656,23.040000915527344,22.770000457763672,22.920000076293945,1917000
2020-02-21,EWA,22.770000457763672,22.81999969482422,22.690000534057617,22.739999771118164,2227900
2020-02-24,EWA,21.920000076293945,22.0,21.739999771118164,21.770000457763672,3616100
2020-02-25,EWA,21.90999984741211,21.950000762939453,21.3799991607666,21.459999084472656,7013000
2020-02-26,EWA,21.399999618530273,21.520000457763672,21.18000030517578,21.190000534057617,6730200
2020-02-27,EWA,20.979999542236328,21.149999618530273,20.690000534057617,20.690000534057617,5936300
2020-02-28,EWA,20.049999237060547,20.209999084472656,19.649999618530273,20.1200008392334,10559800
2020-03-02,EWA,20.1299991607666,20.43000030517578,19.959999084472656,20.420000076293945,7727500
2020-03-03,EWA,20.540000915527344,20.850000381469727,19.950000762939453,20.219999313354492,12817200
2020-03-04,EWA,20.510000228881836,20.770000457763672,20.329999923706055,20.770000457763672,6718800
2020-03-05,EWA,20.280000686645508,20.40999984741211,20.079999923706055,20.15999984741211,4548400
2020-03-06,EWA,19.579999923706055,19.84000015258789,19.520000457763672,19.780000686645508,4750800
2020-03-09,EWA,17.459999084472656,18.020000457763672,17.209999084472656,17.440000534057617,8873000
2020-03-10,EWA,19.1200008392334,19.280000686645508,18.31999969482422,18.940000534057617,9894500
2020-03-11,EWA,18.059999465942383,18.100000381469727,17.3700008392334,17.459999084472656,6995500
2020-03-12,EWA,15.930000305175781,15.960000038146973,14.819999694824219,15.119999885559082,6881900
2020-03-13,EWA,17.209999084472656,17.280000686645508,16.149999618530273,17.260000228881836,5195900
2020-03-16,EWA,14.59000015258789,15.100000381469727,14.239999771118164,14.479999542236328,4296500
2020-03-17,EWA,15.1899995803833,15.609999656677246,14.720000267028809,15.5600004196167,5089300
2020-03-18,EWA,13.729999542236328,14.40999984741211,13.359999656677246,13.720000267028809,4347300
2020-03-19,EWA,13.609999656677246,14.329999923706055,13.350000381469727,13.949999809265137,3050900
2020-03-20,EWA,14.050000190734863,14.260000228881836,13.319999694824219,13.380000114440918,5121100
2020-03-23,EWA,13.130000114440918,13.319999694824219,12.729999542236328,12.819999694824219,4788600
2020-03-24,EWA,13.899999618530273,14.4399995803833,13.789999961853027,14.390000343322754,5089100
2020-03-25,EWA,14.819999694824219,15.329999923706055,14.579999923706055,14.989999771118164,4921000
2020-03-26,EWA,15.180000305175781,15.779999732971191,15.15999984741211,15.680000305175781,4376600
2020-03-27,EWA,14.520000457763672,14.84000015258789,14.229999542236328,14.5,4442600
2020-03-30,EWA,15.420000076293945,15.770000457763672,15.289999961853027,15.75,3952700
2020-03-31,EWA,15.399999618530273,15.760000228881836,15.25,15.539999961853027,4801400
2020-04-01,EWA,15.239999771118164,15.649999618530273,14.960000038146973,15.010000228881836,4536500
2020-04-02,EWA,15.050000190734863,15.579999923706055,14.960000038146973,15.510000228881836,2460300
2020-04-03,EWA,15.020000457763672,15.079999923706055,14.699999809265137,14.829999923706055,3316600
2020-04-06,EWA,15.609999656677246,16.15999984741211,15.579999923706055,16.079999923706055,2002100
2020-04-07,EWA,16.079999923706055,16.15999984741211,15.630000114440918,15.630000114440918,3958100
2020-04-08,EWA,15.710000038146973,15.930000305175781,15.579999923706055,15.760000228881836,2815600
2020-04-09,EWA,16.450000762939453,16.770000457763672,16.329999923706055,16.6299991607666,3184200
2020-04-13,EWA,16.649999618530273,16.65999984741211,16.34000015258789,16.56999969482422,3576500
2020-04-14,EWA,16.920000076293945,17.15999984741211,16.81999969482422,17.139999389648438,4046800
2020-04-15,EWA,16.350000381469727,16.479999542236328,16.209999084472656,16.299999237060547,3790300
2020-04-16,EWA,16.450000762939453,16.510000228881836,16.149999618530273,16.40999984741211,2276800
2020-04-17,EWA,16.780000686645508,16.850000381469727,16.540000915527344,16.829999923706055,1966600
2020-04-20,EWA,16.290000915527344,16.579999923706055,16.219999313354492,16.229999542236328,3034000
2020-04-21,EWA,15.619999885559082,15.760000228881836,15.390000343322754,15.5,3232500
2020-04-22,EWA,16.209999084472656,16.239999771118164,16.09000015258789,16.190000534057617,2210300
2020-04-23,EWA,16.139999389648438,16.329999923706055,15.989999771118164,16.09000015258789,2466000
2020-04-24,EWA,16.270000457763672,16.420000076293945,16.1299991607666,16.40999984741211,2121700
2020-04-27,EWA,16.56999969482422,16.65999984741211,16.450000762939453,16.610000610351562,1748100
2020-04-28,EWA,16.829999923706055,16.829999923706055,16.549999237060547,16.610000610351562,1581700
2020-04-29,EWA,17.030000686645508,17.260000228881836,17.010000228881836,17.139999389648438,2269000
2020-04-30,EWA,17.170000076293945,17.229999542236328,16.93000030517578,17.040000915527344,3330700
2020-05-01,EWA,16.299999237060547,16.31999969482422,16.040000915527344,16.190000534057617,3343500
2020-05-04,EWA,16.3700008392334,16.559999465942383,16.270000457763672,16.559999465942383,2519800
2020-05-05,EWA,16.799999237060547,16.860000610351562,16.65999984741211,16.719999313354492,1542100
2020-05-06,EWA,16.700000762939453,16.719999313354492,16.40999984741211,16.40999984741211,4846000
2020-05-07,EWA,16.649999618530273,16.829999923706055,16.600000381469727,16.68000030517578,3563200
2020-05-08,EWA,16.780000686645508,16.920000076293945,16.75,16.920000076293945,2105800
2020-05-11,EWA,16.850000381469727,17.059999465942383,16.809999465942383,16.969999313354492,2185800
2020-05-12,EWA,16.93000030517578,16.940000534057617,16.549999237060547,16.549999237060547,2943300
2020-05-13,EWA,16.809999465942383,16.84000015258789,16.389999389648438,16.489999771118164,3986100
2020-05-14,EWA,16.280000686645508,16.540000915527344,16.1299991607666,16.520000457763672,3428400
2020-05-15,EWA,16.510000228881836,16.690000534057617,16.489999771118164,16.65999984741211,2056300
2020-05-18,EWA,17.1299991607666,17.43000030517578,17.1299991607666,17.399999618530273,4712900
2020-05-19,EWA,17.31999969482422,17.399999618530273,17.1299991607666,17.1299991607666,2808500
2020-05-20,EWA,17.549999237060547,17.709999084472656,17.520000457763672,17.639999389648438,2954600
2020-05-21,EWA,17.510000228881836,17.549999237060547,17.260000228881836,17.3700008392334,3304900
2020-05-22,EWA,17.229999542236328,17.350000381469727,17.15999984741211,17.34000015258789,1993100
2020-05-26,EWA,18.25,18.299999237060547,18.139999389648438,18.15999984741211,3860700
2020-05-27,EWA,18.360000610351562,18.40999984741211,18.100000381469727,18.3799991607666,2618100
2020-05-28,EWA,18.610000610351562,18.700000762939453,18.469999313354492,18.489999771118164,4286300
2020-05-29,EWA,18.100000381469727,18.1299991607666,17.84000015258789,18.059999465942383,5594700
2020-06-01,EWA,18.56999969482422,18.950000762939453,18.520000457763672,18.950000762939453,2586600
2020-06-02,EWA,19.139999389648438,19.280000686645508,19.059999465942383,19.25,6205300
2020-06-03,EWA,19.600000381469727,19.889999389648438,19.56999969482422,19.809999465942383,2445900
2020-06-04,EWA,19.780000686645508,19.979999542236328,19.729999542236328,19.780000686645508,3784800
2020-06-05,EWA,20.299999237060547,20.549999237060547,20.290000915527344,20.31999969482422,4815100
2020-06-08,EWA,20.440000534057617,20.65999984741211,20.329999923706055,20.65999984741211,3311500
2020-06-09,EWA,20.290000915527344,20.389999389648438,20.200000762939453,20.299999237060547,4087500
2020-06-10,EWA,20.399999618530273,20.56999969482422,20.25,20.309999465942383,5139600
2020-06-11,EWA,19.5,19.610000610351562,18.850000381469727,18.850000381469727,7386000
2020-06-12,EWA,19.3799991607666,19.459999084472656,18.81999969482422,19.200000762939453,6222100
2020-06-15,EWA,18.6200008392334,19.209999084472656,18.540000915527344,19.18000030517578,5516900
2020-06-16,EWA,19.600000381469727,19.639999389648438,19.079999923706055,19.3799991607666,7222800
2020-06-17,EWA,19.489999771118164,19.520000457763672,19.299999237060547,19.350000381469727,2761900
2020-06-18,EWA,19.209999084472656,19.34000015258789,19.15999984741211,19.25,2535600
2020-06-19,EWA,19.43000030517578,19.43000030517578,19.020000457763672,19.020000457763672,2862200
2020-06-22,EWA,19.299999237060547,19.510000228881836,19.25,19.450000762939453,2043100
2020-06-23,EWA,19.6200008392334,19.670000076293945,19.479999542236328,19.479999542236328,1644100
2020-06-24,EWA,19.329999923706055,19.389999389648438,18.899999618530273,18.93000030517578,3718100
2020-06-25,EWA,18.84000015258789,19.139999389648438,18.719999313354492,19.110000610351562,3616900
2020-06-26,EWA,19.040000915527344,19.059999465942383,18.75,18.790000915527344,3185700
2020-06-29,EWA,18.989999771118164,19.170000076293945,18.889999389648438,19.149999618530273,2945200
2020-06-30,EWA,19.100000381469727,19.350000381469727,19.100000381469727,19.270000457763672,2204500
2020-07-01,EWA,19.3700008392334,19.540000915527344,19.350000381469727,19.459999084472656,3357300
2020-07-02,EWA,19.8700008392334,20.020000457763672,19.780000686645508,19.829999923706055,3496800
2020-07-06,EWA,19.829999923706055,19.8799991607666,19.700000762939453,19.850000381469727,2203600
2020-07-07,EWA,19.700000762939453,19.799999237060547,19.520000457763672,19.549999237060547,1941600
2020-07-08,EWA,19.459999084472656,19.6200008392334,19.3799991607666,19.600000381469727,2669300
2020-07-09,EWA,19.6200008392334,19.6200008392334,19.239999771118164,19.40999984741211,2708400
2020-07-10,EWA,19.459999084472656,19.6299991607666,19.399999618530273,19.6299991607666,2329800
2020-07-13,EWA,19.670000076293945,19.760000228881836,19.309999465942383,19.350000381469727,2075200
2020-07-14,EWA,19.389999389648438,19.690000534057617,19.360000610351562,19.639999389648438,3799500
2020-07-15,EWA,20.1299991607666,20.219999313354492,19.979999542236328,20.06999969482422,2366500
2020-07-16,EWA,19.84000015258789,19.8799991607666,19.75,19.809999465942383,1769800
2020-07-17,EWA,19.850000381469727,19.950000762939453,19.799999237060547,19.920000076293945,2207700
2020-07-20,EWA,19.8799991607666,20.020000457763672,19.809999465942383,20.0,1268600
2020-07-21,EWA,20.469999313354492,20.600000381469727,20.43000030517578,20.479999542236328,2761200
2020-07-22,EWA,20.3700008392334,20.469999313354492,20.31999969482422,20.43000030517578,1856300
2020-07-23,EWA,20.360000610351562,20.420000076293945,20.100000381469727,20.15999984741211,1689900
2020-07-24,EWA,20.010000228881836,20.100000381469727,19.950000762939453,20.030000686645508,2098300
2020-07-27,EWA,20.229999542236328,20.3700008392334,20.200000762939453,20.360000610351562,2070400
2020-07-28,EWA,20.200000762939453,20.280000686645508,20.1200008392334,20.149999618530273,1123300
2020-07-29,EWA,20.34000015258789,20.530000686645508,20.299999237060547,20.479999542236328,1662900
2020-07-30,EWA,20.1200008392334,20.299999237060547,19.93000030517578,20.299999237060547,2254800
2020-07-31,EWA,20.06999969482422,20.1200008392334,19.690000534057617,19.90999984741211,3038100
2020-08-03,EWA,19.950000762939453,20.190000534057617,19.90999984741211,20.190000534057617,1515200
2020-08-04,EWA,20.100000381469727,20.31999969482422,20.100000381469727,20.31999969482422,2133000
2020-08-05,EWA,20.399999618530273,20.510000228881836,20.360000610351562,20.399999618530273,2448700
2020-08-06,EWA,20.420000076293945,20.56999969482422,20.360000610351562,20.540000915527344,2667400
2020-08-07,EWA,20.31999969482422,20.389999389648438,20.25,20.389999389648438,2054000
2020-08-10,EWA,20.579999923706055,20.65999984741211,20.5,20.610000610351562,1792200
2020-08-11,EWA,20.93000030517578,20.959999084472656,20.610000610351562,20.6299991607666,2376100
2020-08-12,EWA,20.889999389648438,21.010000228881836,20.81999969482422,20.889999389648438,2555200
2020-08-13,EWA,20.729999542236328,20.770000457763672,20.530000686645508,20.559999465942383,2377000
2020-08-14,EWA,20.559999465942383,20.6299991607666,20.530000686645508,20.56999969482422,2705300
2020-08-17,EWA,20.719999313354492,20.780000686645508,20.670000076293945,20.770000457763672,2004100
2020-08-18,EWA,20.8799991607666,20.940000534057617,20.719999313354492,20.860000610351562,2019700
2020-08-19,EWA,21.079999923706055,21.100000381469727,20.84000015258789,20.8799991607666,2183500
2020-08-20,EWA,20.579999923706055,20.829999923706055,20.56999969482422,20.809999465942383,1874200
2020-08-21,EWA,20.510000228881836,20.600000381469727,20.459999084472656,20.600000381469727,2265700
2020-08-24,EWA,20.809999465942383,20.81999969482422,20.690000534057617,20.790000915527344,1408200
2020-08-25,EWA,20.780000686645508,20.809999465942383,20.6299991607666,20.729999542236328,2014900
2020-08-26,EWA,20.75,20.899999618530273,20.719999313354492,20.84000015258789,3017800
2020-08-27,EWA,20.959999084472656,20.959999084472656,20.719999313354492,20.81999969482422,3180000
2020-08-28,EWA,20.8700008392334,20.920000076293945,20.739999771118164,20.899999618530273,2300200
2020-08-31,EWA,20.889999389648438,20.950000762939453,20.760000228881836,20.790000915527344,4087000
2020-09-01,EWA,20.670000076293945,20.790000915527344,20.600000381469727,20.770000457763672,2509100
2020-09-02,EWA,21.030000686645508,21.15999984741211,20.93000030517578,21.1200008392334,3042600
2020-09-03,EWA,21.040000915527344,21.079999923706055,20.450000762939453,20.549999237060547,6024100
2020-09-04,EWA,20.420000076293945,20.489999771118164,19.860000610351562,20.290000915527344,6377700
2020-09-08,EWA,20.209999084472656,20.329999923706055,20.06999969482422,20.09000015258789,6467100
2020-09-09,EWA,20.34000015258789,20.559999465942383,20.31999969482422,20.489999771118164,3270100
2020-09-10,EWA,20.350000381469727,20.40999984741211,19.950000762939453,19.950000762939453,5461700
2020-09-11,EWA,20.149999618530273,20.200000762939453,19.989999771118164,20.149999618530273,3688000
2020-09-14,EWA,20.3700008392334,20.399999618530273,20.299999237060547,20.329999923706055,2417700
2020-09-15,EWA,20.559999465942383,20.579999923706055,20.450000762939453,20.479999542236328,2988500
2020-09-16,EWA,20.6299991607666,20.700000762939453,20.440000534057617,20.5,3770800
2020-09-17,EWA,20.200000762939453,20.389999389648438,20.170000076293945,20.3700008392334,3877500
2020-09-18,EWA,20.260000228881836,20.290000915527344,20.040000915527344,20.1299991607666,4240700
2020-09-21,EWA,19.709999084472656,19.729999542236328,19.450000762939453,19.649999618530273,6812300
2020-09-22,EWA,19.809999465942383,19.860000610351562,19.6200008392334,19.860000610351562,6331700
2020-09-23,EWA,19.93000030517578,19.969999313354492,19.540000915527344,19.579999923706055,4551000
2020-09-24,EWA,19.479999542236328,19.739999771118164,19.40999984741211,19.56999969482422,5955600
2020-09-25,EWA,19.670000076293945,19.90999984741211,19.559999465942383,19.8799991607666,2990900
2020-09-28,EWA,20.020000457763672,20.06999969482422,19.940000534057617,20.059999465942383,4688500
2020-09-29,EWA,19.8799991607666,19.93000030517578,19.770000457763672,19.850000381469727,4069700
2020-09-30,EWA,19.700000762939453,19.899999618530273,19.649999618530273,19.719999313354492,3361500
2020-10-01,EWA,19.940000534057617,19.940000534057617,19.75,19.8799991607666,3133700
2020-10-02,EWA,19.610000610351562,19.889999389648438,19.56999969482422,19.850000381469727,3736100
2020-10-05,EWA,20.110000610351562,20.260000228881836,20.09000015258789,20.25,2277200
2020-10-06,EWA,20.239999771118164,20.290000915527344,19.920000076293945,20.0,5039400
2020-10-07,EWA,20.34000015258789,20.450000762939453,20.299999237060547,20.389999389648438,3429200
2020-10-08,EWA,20.579999923706055,20.690000534057617,20.549999237060547,20.690000534057617,10048400
2020-10-09,EWA,20.780000686645508,20.850000381469727,20.75,20.81999969482422,2472000
2020-10-12,EWA,20.8700008392334,21.020000457763672,20.850000381469727,20.959999084472656,2155500
2020-10-13,EWA,20.860000610351562,20.8799991607666,20.729999542236328,20.799999237060547,2478600
2020-10-14,EWA,20.889999389648438,20.950000762939453,20.75,20.780000686645508,2406800
2020-10-15,EWA,20.510000228881836,20.790000915527344,20.5,20.75,2257900
2020-10-16,EWA,20.700000762939453,20.770000457763672,20.639999389648438,20.75,1226600
2020-10-19,EWA,20.809999465942383,20.850000381469727,20.540000915527344,20.579999923706055,2146100
2020-10-20,EWA,20.489999771118164,20.670000076293945,20.479999542236328,20.559999465942383,1904500
2020-10-21,EWA,20.549999237060547,20.670000076293945,20.520000457763672,20.549999237060547,1853400
2020-10-22,EWA,20.700000762939453,20.790000915527344,20.56999969482422,20.729999542236328,2601300
2020-10-23,EWA,20.809999465942383,20.8799991607666,20.719999313354492,20.8799991607666,2722000
2020-10-26,EWA,20.68000030517578,20.719999313354492,20.399999618530273,20.56999969482422,3175300
2020-10-27,EWA,20.440000534057617,20.450000762939453,20.309999465942383,20.329999923706055,2176400
2020-10-28,EWA,20.09000015258789,20.1200008392334,19.780000686645508,19.780000686645508,4361400
2020-10-29,EWA,19.65999984741211,19.940000534057617,19.56999969482422,19.8700008392334,3921900
2020-10-30,EWA,19.829999923706055,19.850000381469727,19.579999923706055,19.770000457763672,3980900
2020-11-02,EWA,19.93000030517578,19.950000762939453,19.790000915527344,19.8799991607666,3047400
2020-11-03,EWA,20.360000610351562,20.600000381469727,20.329999923706055,20.520000457763672,3150400
2020-11-04,EWA,20.399999618530273,20.760000228881836,20.329999923706055,20.530000686645508,4353500
2020-11-05,EWA,21.040000915527344,21.229999542236328,21.030000686645508,21.200000762939453,3918800
2020-11-06,EWA,21.299999237060547,21.389999389648438,21.229999542236328,21.239999771118164,2925400
2020-11-09,EWA,22.489999771118164,22.5,22.06999969482422,22.079999923706055,6026500
2020-11-10,EWA,22.040000915527344,22.190000534057617,21.979999542236328,22.030000686645508,4285400
2020-11-11,EWA,22.329999923706055,22.3799991607666,22.25,22.329999923706055,3353100
2020-11-12,EWA,22.1299991607666,22.139999389648438,21.829999923706055,21.90999984741211,1915600
2020-11-13,EWA,22.010000228881836,22.229999542236328,22.010000228881836,22.190000534057617,2692800
2020-11-16,EWA,22.450000762939453,22.540000915527344,22.360000610351562,22.520000457763672,2993600
2020-11-17,EWA,22.479999542236328,22.6299991607666,22.40999984741211,22.559999465942383,1445000
2020-11-18,EWA,22.729999542236328,22.8700008392334,22.579999923706055,22.59000015258789,4644300
2020-11-19,EWA,22.59000015258789,22.760000228881836,22.530000686645508,22.760000228881836,2692800
2020-11-20,EWA,22.770000457763672,22.8700008392334,22.719999313354492,22.799999237060547,2378100
2020-11-23,EWA,22.850000381469727,22.920000076293945,22.709999084472656,22.809999465942383,4199000
2020-11-24,EWA,23.190000534057617,23.43000030517578,23.149999618530273,23.40999984741211,2778100
2020-11-25,EWA,23.309999465942383,23.479999542236328,23.209999084472656,23.43000030517578,2807900
2020-11-27,EWA,23.260000228881836,23.309999465942383,23.229999542236328,23.299999237060547,1492000
2020-11-30,EWA,22.969999313354492,23.020000457763672,22.709999084472656,22.719999313354492,4833600
2020-12-01,EWA,23.040000915527344,23.209999084472656,23.020000457763672,23.170000076293945,3778300
2020-12-02,EWA,23.040000915527344,23.299999237060547,23.0,23.260000228881836,8319700
2020-12-03,EWA,23.3799991607666,23.5,23.329999923706055,23.3700008392334,10197100
2020-12-04,EWA,23.469999313354492,23.610000610351562,23.469999313354492,23.56999969482422,3540400
2020-12-07,EWA,23.489999771118164,23.59000015258789,23.440000534057617,23.510000228881836,2780400
2020-12-08,EWA,23.549999237060547,23.690000534057617,23.540000915527344,23.670000076293945,1747900
2020-12-09,EWA,23.809999465942383,23.84000015258789,23.56999969482422,23.709999084472656,3036800
2020-12-10,EWA,23.690000534057617,23.920000076293945,23.690000534057617,23.860000610351562,2815200
2020-12-11,EWA,23.719999313354492,23.770000457763672,23.610000610351562,23.75,2133800
2020-12-14,EWA,23.81999969482422,23.850000381469727,23.610000610351562,23.6200008392334,3038200
2020-12-15,EWA,23.719999313354492,23.899999618530273,23.68000030517578,23.899999618530273,3668500
2020-12-16,EWA,23.899999618530273,24.010000228881836,23.850000381469727,23.969999313354492,1558300
2020-12-17,EWA,24.350000381469727,24.389999389648438,24.280000686645508,24.290000915527344,2405500
2020-12-18,EWA,24.1299991607666,24.139999389648438,23.959999084472656,23.989999771118164,2671500
2020-12-21,EWA,23.520000457763672,23.850000381469727,23.450000762939453,23.799999237060547,3431800
2020-12-22,EWA,23.600000381469727,23.65999984741211,23.530000686645508,23.649999618530273,3107300
2020-12-23,EWA,23.850000381469727,23.969999313354492,23.84000015258789,23.93000030517578,1471900
2020-12-24,EWA,23.93000030517578,23.950000762939453,23.8700008392334,23.940000534057617,853600
2020-12-28,EWA,24.040000915527344,24.059999465942383,23.959999084472656,24.049999237060547,1960400
2020-12-29,EWA,24.1299991607666,24.1299991607666,23.90999984741211,23.959999084472656,1993700
2020-12-30,EWA,24.09000015258789,24.260000228881836,24.079999923706055,24.09000015258789,2069300
2020-12-31,EWA,24.040000915527344,24.040000915527344,23.889999389648438,23.950000762939453,3304200
2021-01-04,EWA,24.3799991607666,24.3799991607666,23.899999618530273,24.030000686645508,5276200
2021-01-05,EWA,24.200000762939453,24.469999313354492,24.170000076293945,24.3700008392334,8767000
2021-01-06,EWA,24.31999969482422,24.829999923706055,24.309999465942383,24.700000762939453,11030400
2021-01-07,EWA,24.6299991607666,24.770000457763672,24.59000015258789,24.709999084472656,3392400
2021-01-08,EWA,24.860000610351562,24.8700008392334,24.549999237060547,24.829999923706055,3480200
2021-01-11,EWA,24.280000686645508,24.530000686645508,24.25,24.420000076293945,3140400
2021-01-12,EWA,24.420000076293945,24.600000381469727,24.280000686645508,24.56999969482422,17127200
2021-01-13,EWA,24.479999542236328,24.549999237060547,24.399999618530273,24.479999542236328,3247300
2021-01-14,EWA,24.670000076293945,24.84000015258789,24.65999984741211,24.770000457763672,4813000
2021-01-15,EWA,24.540000915527344,24.600000381469727,24.280000686645508,24.450000762939453,3525500
2021-01-19,EWA,24.610000610351562,24.6200008392334,24.5,24.56999969482422,2887000
2021-01-20,EWA,24.799999237060547,25.010000228881836,24.780000686645508,25.0,2353200
2021-01-21,EWA,25.110000610351562,25.110000610351562,24.940000534057617,25.059999465942383,2376000
2021-01-22,EWA,24.799999237060547,24.93000030517578,24.780000686645508,24.8700008392334,2985500
2021-01-25,EWA,24.860000610351562,24.979999542236328,24.59000015258789,24.979999542236328,3943900
2021-01-26,EWA,25.010000228881836,25.049999237060547,24.889999389648438,25.0,2631100
2021-01-27,EWA,24.549999237060547,24.600000381469727,24.25,24.309999465942383,4740000
2021-01-28,EWA,24.260000228881836,24.6200008392334,24.239999771118164,24.479999542236328,3947300
2021-01-29,EWA,24.030000686645508,24.100000381469727,23.600000381469727,23.75,5242300
2021-02-01,EWA,24.18000030517578,24.200000762939453,24.020000457763672,24.15999984741211,4897300
2021-02-02,EWA,24.3799991607666,24.489999771118164,24.290000915527344,24.459999084472656,3432400
2021-02-03,EWA,24.549999237060547,24.59000015258789,24.440000534057617,24.559999465942383,4450700
2021-02-04,EWA,24.459999084472656,24.549999237060547,24.40999984741211,24.549999237060547,2496800
2021-02-05,EWA,24.75,24.81999969482422,24.6299991607666,24.809999465942383,1720800
2021-02-08,EWA,24.940000534057617,25.0,24.8700008392334,24.989999771118164,3236200
2021-02-09,EWA,24.8799991607666,25.0,24.84000015258789,24.969999313354492,7238300
2021-02-10,EWA,25.09000015258789,25.1200008392334,24.81999969482422,24.920000076293945,1668800
2021-02-11,EWA,25.18000030517578,25.18000030517578,25.0,25.100000381469727,3296500
2021-02-12,EWA,24.889999389648438,25.139999389648438,24.889999389648438,25.1299991607666,1057300
2021-02-16,EWA,25.360000610351562,25.40999984741211,25.260000228881836,25.329999923706055,4729900
2021-02-17,EWA,25.1200008392334,25.25,25.020000457763672,25.190000534057617,2035500
2021-02-18,EWA,25.280000686645508,25.34000015258789,25.1200008392334,25.270000457763672,2579800
2021-02-19,EWA,25.280000686645508,25.360000610351562,25.229999542236328,25.290000915527344,2553400
2021-02-22,EWA,25.299999237060547,25.530000686645508,25.270000457763672,25.3799991607666,3471300
2021-02-23,EWA,25.549999237060547,25.729999542236328,25.34000015258789,25.6200008392334,4135500
2021-02-24,EWA,25.479999542236328,25.829999923706055,25.43000030517578,25.799999237060547,2308800
2021-02-25,EWA,25.81999969482422,25.889999389648438,25.18000030517578,25.229999542236328,6828800
2021-02-26,EWA,24.989999771118164,24.989999771118164,24.510000228881836,24.510000228881836,7178800
2021-03-01,EWA,25.139999389648438,25.450000762939453,25.110000610351562,25.3700008392334,3491700
2021-03-02,EWA,25.229999542236328,25.3700008392334,25.100000381469727,25.329999923706055,3532300
2021-03-03,EWA,25.290000915527344,25.420000076293945,25.149999618530273,25.170000076293945,6444900
2021-03-04,EWA,25.360000610351562,25.5,24.8700008392334,25.0,7007900
2021-03-05,EWA,25.09000015258789,25.200000762939453,24.690000534057617,25.149999618530273,5102100
2021-03-08,EWA,25.020000457763672,25.170000076293945,24.920000076293945,24.93000030517578,5296600
2021-03-09,EWA,25.100000381469727,25.260000228881836,25.020000457763672,25.200000762939453,3489500
2021-03-10,EWA,25.049999237060547,25.06999969482422,24.889999389648438,25.0,3973000
2021-03-11,EWA,25.049999237060547,25.209999084472656,24.979999542236328,25.190000534057617,3102100
2021-03-12,EWA,24.959999084472656,25.149999618530273,24.93000030517578,25.139999389648438,2680800
2021-03-15,EWA,25.1200008392334,25.25,24.940000534057617,25.219999313354492,2276200
2021-03-16,EWA,25.229999542236328,25.280000686645508,25.139999389648438,25.18000030517578,2969500
2021-03-17,EWA,25.059999465942383,25.309999465942383,25.0,25.229999542236328,4084000
2021-03-18,EWA,24.920000076293945,25.110000610351562,24.790000915527344,24.790000915527344,4100700
2021-03-19,EWA,24.729999542236328,24.770000457763672,24.56999969482422,24.68000030517578,2258100
2021-03-22,EWA,24.940000534057617,24.950000762939453,24.84000015258789,24.860000610351562,7752700
2021-03-23,EWA,24.739999771118164,24.8700008392334,24.510000228881836,24.549999237060547,5782500
2021-03-24,EWA,24.690000534057617,24.780000686645508,24.530000686645508,24.540000915527344,2912300
2021-03-25,EWA,24.549999237060547,24.68000030517578,24.420000076293945,24.6299991607666,3842400
2021-03-26,EWA,24.81999969482422,25.079999923706055,24.809999465942383,25.049999237060547,1597200
2021-03-29,EWA,24.84000015258789,25.0,24.760000228881836,24.940000534057617,1964900
2021-03-30,EWA,24.6299991607666,24.75,24.579999923706055,24.729999542236328,1840000
2021-03-31,EWA,24.790000915527344,24.8799991607666,24.760000228881836,24.790000915527344,2750500
2021-04-01,EWA,24.950000762939453,25.18000030517578,24.899999618530273,25.1299991607666,4335800
2021-04-05,EWA,25.329999923706055,25.5,25.25,25.489999771118164,2295600
2021-04-06,EWA,25.190000534057617,25.290000915527344,25.1299991607666,25.239999771118164,2391600
2021-04-07,EWA,25.280000686645508,25.3700008392334,25.229999542236328,25.309999465942383,1696100
2021-04-08,EWA,25.459999084472656,25.510000228881836,25.3700008392334,25.479999542236328,2231900
2021-04-09,EWA,25.450000762939453,25.520000457763672,25.389999389648438,25.520000457763672,1473400
2021-04-12,EWA,25.389999389648438,25.459999084472656,25.34000015258789,25.440000534057617,947900
2021-04-13,EWA,25.389999389648438,25.549999237060547,25.3700008392334,25.549999237060547,1398300
2021-04-14,EWA,25.690000534057617,25.8700008392334,25.690000534057617,25.75,1471600
2021-04-15,EWA,26.190000534057617,26.260000228881836,26.15999984741211,26.229999542236328,4118300
2021-04-16,EWA,26.170000076293945,26.260000228881836,26.1200008392334,26.260000228881836,4792600
2021-04-19,EWA,26.25,26.270000457763672,26.06999969482422,26.1299991607666,2650500
2021-04-20,EWA,25.899999618530273,25.940000534057617,25.579999923706055,25.6299991607666,2303700
2021-04-21,EWA,25.729999542236328,26.09000015258789,25.729999542236328,26.09000015258789,1346400
2021-04-22,EWA,26.100000381469727,26.149999618530273,25.860000610351562,25.920000076293945,1877000
2021-04-23,EWA,26.040000915527344,26.299999237060547,26.040000915527344,26.239999771118164,2036000
2021-04-26,EWA,26.290000915527344,26.389999389648438,26.260000228881836,26.3799991607666,1171900
2021-04-27,EWA,26.18000030517578,26.25,26.139999389648438,26.229999542236328,1238000
2021-04-28,EWA,26.270000457763672,26.489999771118164,26.25,26.459999084472656,1413900
2021-04-29,EWA,26.469999313354492,26.469999313354492,26.15999984741211,26.329999923706055,2663800
2021-04-30,EWA,26.110000610351562,26.149999618530273,25.809999465942383,25.8799991607666,2008100
2021-05-03,EWA,26.1200008392334,26.239999771118164,26.06999969482422,26.219999313354492,2256100
2021-05-04,EWA,26.06999969482422,26.139999389648438,25.81999969482422,26.059999465942383,3447500
2021-05-05,EWA,26.329999923706055,26.489999771118164,26.270000457763672,26.420000076293945,1955900
2021-05-06,EWA,26.329999923706055,26.469999313354492,26.190000534057617,26.459999084472656,2594200
2021-05-07,EWA,26.530000686645508,26.809999465942383,26.479999542236328,26.760000228881836,2012100
2021-05-10,EWA,27.110000610351562,27.149999618530273,26.81999969482422,26.829999923706055,2305900
2021-05-11,EWA,26.520000457763672,26.709999084472656,26.389999389648438,26.600000381469727,3492800
2021-05-12,EWA,26.479999542236328,26.600000381469727,26.06999969482422,26.139999389648438,2547000
2021-05-13,EWA,26.040000915527344,26.31999969482422,26.040000915527344,26.25,1911400
2021-05-14,EWA,26.34000015258789,26.549999237060547,26.31999969482422,26.5,1927700
2021-05-17,EWA,26.280000686645508,26.459999084472656,26.25,26.450000762939453,2665800
2021-05-18,EWA,26.559999465942383,26.559999465942383,26.350000381469727,26.3700008392334,8541200
2021-05-19,EWA,25.81999969482422,25.989999771118164,25.610000610351562,25.90999984741211,4152600
2021-05-20,EWA,26.31999969482422,26.549999237060547,26.309999465942383,26.540000915527344,2611200
2021-05-21,EWA,26.43000030517578,26.450000762939453,26.239999771118164,26.299999237060547,2016700
2021-05-24,EWA,26.420000076293945,26.540000915527344,26.389999389648438,26.489999771118164,2129400
2021-05-25,EWA,26.65999984741211,26.690000534057617,26.5,26.549999237060547,1374100
2021-05-26,EWA,26.5,26.6200008392334,26.5,26.59000015258789,2254700
2021-05-27,EWA,26.709999084472656,26.780000686645508,26.670000076293945,26.739999771118164,2431100
2021-05-28,EWA,26.770000457763672,26.860000610351562,26.719999313354492,26.739999771118164,2120400
2021-06-01,EWA,26.920000076293945,26.950000762939453,26.829999923706055,26.860000610351562,1720200
2021-06-02,EWA,27.049999237060547,27.149999618530273,27.0,27.1200008392334,1833400
2021-06-03,EWA,26.979999542236328,27.0,26.8700008392334,26.940000534057617,1562700
2021-06-04,EWA,27.31999969482422,27.399999618530273,27.280000686645508,27.3799991607666,2910200
2021-06-07,EWA,27.34000015258789,27.350000381469727,27.260000228881836,27.329999923706055,1823200
2021-06-08,EWA,27.399999618530273,27.43000030517578,27.290000915527344,27.3700008392334,997100
2021-06-09,EWA,27.25,27.260000228881836,27.09000015258789,27.110000610351562,2785000
2021-06-10,EWA,26.93000030517578,27.049999237060547,26.8799991607666,27.010000228881836,2148000
2021-06-11,EWA,26.979999542236328,27.020000457763672,26.8700008392334,26.989999771118164,1908900
2021-06-14,EWA,27.030000686645508,27.079999923706055,26.940000534057617,27.049999237060547,902400
2021-06-15,EWA,27.049999237060547,27.059999465942383,26.950000762939453,27.010000228881836,4244700
2021-06-16,EWA,27.170000076293945,27.200000762939453,26.799999237060547,26.889999389648438,2001500
2021-06-17,EWA,26.780000686645508,26.860000610351562,26.520000457763672,26.670000076293945,3426200
2021-06-18,EWA,26.110000610351562,26.170000076293945,25.950000762939453,26.010000228881836,2633900
2021-06-21,EWA,26.110000610351562,26.399999618530273,26.059999465942383,26.360000610351562,1220500
2021-06-22,EWA,26.200000762939453,26.43000030517578,26.149999618530273,26.360000610351562,1378200
2021-06-23,EWA,26.209999084472656,26.270000457763672,26.100000381469727,26.1299991607666,3123600
2021-06-24,EWA,26.290000915527344,26.360000610351562,26.229999542236328,26.34000015258789,1588400
2021-06-25,EWA,26.3700008392334,26.3700008392334,26.25,26.360000610351562,1404900
2021-06-28,EWA,26.309999465942383,26.309999465942383,26.110000610351562,26.170000076293945,1372400
2021-06-29,EWA,26.25,26.270000457763672,26.149999618530273,26.190000534057617,1797000
2021-06-30,EWA,25.899999618530273,26.020000457763672,25.8799991607666,25.979999542236328,3270300
2021-07-01,EWA,25.860000610351562,25.889999389648438,25.719999313354492,25.889999389648438,2516200
2021-07-02,EWA,25.969999313354492,26.149999618530273,25.90999984741211,26.149999618530273,1737900
2021-07-06,EWA,26.0,26.020000457763672,25.639999389648438,25.799999237060547,2392600
2021-07-07,EWA,26.09000015258789,26.170000076293945,25.959999084472656,26.079999923706055,3027700
2021-07-08,EWA,25.610000610351562,25.719999313354492,25.489999771118164,25.68000030517578,3897300
2021-07-09,EWA,25.829999923706055,26.1299991607666,25.790000915527344,26.1200008392334,4031300
2021-07-12,EWA,25.979999542236328,26.1299991607666,25.959999084472656,26.079999923706055,885100
2021-07-13,EWA,25.950000762939453,26.020000457763672,25.8799991607666,25.93000030517578,1316000
2021-07-14,EWA,26.149999618530273,26.18000030517578,25.989999771118164,26.030000686645508,1591600
2021-07-15,EWA,25.780000686645508,25.8700008392334,25.649999618530273,25.780000686645508,1385200
2021-07-16,EWA,25.84000015258789,25.850000381469727,25.549999237060547,25.600000381469727,2062100
2021-07-19,EWA,25.18000030517578,25.200000762939453,24.90999984741211,25.059999465942383,2410700
2021-07-20,EWA,25.0,25.399999618530273,24.969999313354492,25.3700008392334,2010100
2021-07-21,EWA,25.510000228881836,25.770000457763672,25.5,25.75,1977100
2021-07-22,EWA,25.81999969482422,25.81999969482422,25.6200008392334,25.709999084472656,2554400
2021-07-23,EWA,25.899999618530273,25.940000534057617,25.809999465942383,25.889999389648438,4480400
2021-07-26,EWA,25.81999969482422,25.950000762939453,25.81999969482422,25.920000076293945,1257700
2021-07-27,EWA,25.90999984741211,25.90999984741211,25.75,25.8700008392334,1997500
2021-07-28,EWA,25.75,25.889999389648438,25.649999618530273,25.799999237060547,2668700
2021-07-29,EWA,26.020000457763672,26.110000610351562,26.0,26.020000457763672,1816300
2021-07-30,EWA,25.81999969482422,25.920000076293945,25.700000762939453,25.770000457763672,1488000
2021-08-02,EWA,26.059999465942383,26.15999984741211,25.920000076293945,25.959999084472656,3464600
2021-08-03,EWA,26.059999465942383,26.219999313354492,25.969999313354492,26.170000076293945,1640500
2021-08-04,EWA,26.260000228881836,26.329999923706055,26.139999389648438,26.149999618530273,1200600
2021-08-05,EWA,26.329999923706055,26.40999984741211,26.299999237060547,26.34000015258789,1831900
2021-08-06,EWA,26.350000381469727,26.40999984741211,26.280000686645508,26.34000015258789,1526700
2021-08-09,EWA,26.31999969482422,26.31999969482422,26.209999084472656,26.239999771118164,1291700
2021-08-10,EWA,26.260000228881836,26.389999389648438,26.260000228881836,26.3799991607666,766000
2021-08-11,EWA,26.530000686645508,26.559999465942383,26.440000534057617,26.510000228881836,2044600
2021-08-12,EWA,26.420000076293945,26.469999313354492,26.360000610351562,26.43000030517578,2075500
2021-08-13,EWA,26.540000915527344,26.6200008392334,26.510000228881836,26.610000610351562,1188700
2021-08-16,EWA,26.309999465942383,26.3700008392334,26.219999313354492,26.329999923706055,2285200
2021-08-17,EWA,25.760000228881836,25.799999237060547,25.530000686645508,25.690000534057617,5909000
2021-08-18,EWA,25.610000610351562,25.719999313354492,25.489999771118164,25.489999771118164,2222600
2021-08-19,EWA,25.200000762939453,25.3799991607666,25.170000076293945,25.280000686645508,2991700
2021-08-20,EWA,25.15999984741211,25.350000381469727,25.139999389648438,25.329999923706055,1479600
2021-08-23,EWA,25.3799991607666,25.6200008392334,25.3799991607666,25.579999923706055,992600
2021-08-24,EWA,25.68000030517578,25.860000610351562,25.65999984741211,25.799999237060547,928900
2021-08-25,EWA,25.799999237060547,25.93000030517578,25.770000457763672,25.8700008392334,958800
2021-08-26,EWA,25.75,25.780000686645508,25.610000610351562,25.6299991607666,1903300
2021-08-27,EWA,25.709999084472656,26.030000686645508,25.700000762939453,26.010000228881836,1196800
2021-08-30,EWA,26.010000228881836,26.049999237060547,25.950000762939453,26.0,1176900
2021-08-31,EWA,25.989999771118164,26.030000686645508,25.90999984741211,25.920000076293945,1634100
2021-09-01,EWA,26.190000534057617,26.290000915527344,26.149999618530273,26.18000030517578,1817900
2021-09-02,EWA,26.3700008392334,26.440000534057617,26.3700008392334,26.399999618530273,1909600
2021-09-03,EWA,26.450000762939453,26.600000381469727,26.450000762939453,26.540000915527344,1653800
2021-09-07,EWA,26.5,26.530000686645508,26.399999618530273,26.399999618530273,2373600
2021-09-08,EWA,26.3700008392334,26.40999984741211,26.209999084472656,26.25,2225900
2021-09-09,EWA,26.06999969482422,26.149999618530273,25.940000534057617,25.989999771118164,1799500
2021-09-10,EWA,26.110000610351562,26.1200008392334,25.799999237060547,25.799999237060547,1531000
2021-09-13,EWA,26.139999389648438,26.15999984741211,25.93000030517578,26.010000228881836,2362700
2021-09-14,EWA,26.059999465942383,26.059999465942383,25.729999542236328,25.75,1885000
2021-09-15,EWA,25.829999923706055,26.020000457763672,25.809999465942383,26.0,1861400
2021-09-16,EWA,25.889999389648438,25.93000030517578,25.75,25.920000076293945,1634000
2021-09-17,EWA,25.6299991607666,25.670000076293945,25.360000610351562,25.440000534057617,2446500
2021-09-20,EWA,24.75,24.84000015258789,24.510000228881836,24.780000686645508,2859100
2021-09-21,EWA,25.15999984741211,25.239999771118164,25.0,25.06999969482422,2747500
2021-09-22,EWA,25.229999542236328,25.459999084472656,25.18000030517578,25.229999542236328,3083300
2021-09-23,EWA,25.479999542236328,25.68000030517578,25.450000762939453,25.610000610351562,1321300
2021-09-24,EWA,25.260000228881836,25.3700008392334,25.239999771118164,25.329999923706055,2225200
2021-09-27,EWA,25.360000610351562,25.5,25.350000381469727,25.479999542236328,1075100
2021-09-28,EWA,24.950000762939453,24.979999542236328,24.639999389648438,24.729999542236328,3779200
2021-09-29,EWA,24.760000228881836,24.829999923706055,24.6299991607666,24.65999984741211,2463100
2021-09-30,EWA,24.969999313354492,25.040000915527344,24.760000228881836,24.81999969482422,5083900
2021-10-01,EWA,24.8799991607666,25.040000915527344,24.719999313354492,24.940000534057617,5192000
2021-10-04,EWA,25.15999984741211,25.239999771118164,24.90999984741211,25.049999237060547,3202800
2021-10-05,EWA,25.18000030517578,25.40999984741211,25.15999984741211,25.31999969482422,3463700
2021-10-06,EWA,24.81999969482422,25.149999618530273,24.75,25.1299991607666,3464800
2021-10-07,EWA,25.270000457763672,25.530000686645508,25.270000457763672,25.450000762939453,1543900
2021-10-08,EWA,25.559999465942383,25.579999923706055,25.459999084472656,25.469999313354492,1875100
2021-10-11,EWA,25.56999969482422,25.760000228881836,25.489999771118164,25.489999771118164,1432200
2021-10-12,EWA,25.610000610351562,25.729999542236328,25.530000686645508,25.639999389648438,1579400
2021-10-13,EWA,25.59000015258789,25.770000457763672,25.5,25.75,1819800
2021-10-14,EWA,25.959999084472656,26.049999237060547,25.899999618530273,26.040000915527344,1377300
2021-10-15,EWA,26.049999237060547,26.15999984741211,25.989999771118164,26.15999984741211,3999300
2021-10-18,EWA,25.90999984741211,26.059999465942383,25.8700008392334,26.030000686645508,1647200
2021-10-19,EWA,26.299999237060547,26.450000762939453,26.260000228881836,26.389999389648438,1297900
2021-10-20,EWA,26.489999771118164,26.68000030517578,26.459999084472656,26.6299991607666,2154700
2021-10-21,EWA,26.43000030517578,26.510000228881836,26.34000015258789,26.3799991607666,3280200
2021-10-22,EWA,26.5,26.610000610351562,26.3700008392334,26.540000915527344,2781800
2021-10-25,EWA,26.649999618530273,26.760000228881836,26.559999465942383,26.700000762939453,1460900
2021-10-26,EWA,26.760000228881836,26.760000228881836,26.59000015258789,26.649999618530273,1467000
2021-10-27,EWA,26.690000534057617,26.75,26.559999465942383,26.559999465942383,2172200
2021-10-28,EWA,26.6299991607666,26.850000381469727,26.6299991607666,26.850000381469727,1711100
2021-10-29,EWA,26.309999465942383,26.5,26.290000915527344,26.459999084472656,3122900
2021-11-01,EWA,26.3700008392334,26.469999313354492,26.329999923706055,26.469999313354492,1265600
2021-11-02,EWA,26.190000534057617,26.219999313354492,26.139999389648438,26.170000076293945,1594400
2021-11-03,EWA,26.219999313354492,26.3799991607666,26.1200008392334,26.3700008392334,1788400
2021-11-04,EWA,26.25,26.290000915527344,26.139999389648438,26.239999771118164,1641300
2021-11-05,EWA,26.399999618530273,26.459999084472656,26.34000015258789,26.43000030517578,3436500
2021-11-08,EWA,26.5,26.549999237060547,26.479999542236328,26.479999542236328,1161700
2021-11-09,EWA,26.399999618530273,26.40999984741211,26.200000762939453,26.280000686645508,2247400
2021-11-10,EWA,26.25,26.290000915527344,25.940000534057617,25.959999084472656,2612700
2021-11-11,EWA,25.899999618530273,25.93000030517578,25.81999969482422,25.84000015258789,2636600
2021-11-12,EWA,25.989999771118164,26.100000381469727,25.940000534057617,26.06999969482422,1714700
2021-11-15,EWA,26.219999313354492,26.229999542236328,26.06999969482422,26.09000015258789,2119600
2021-11-16,EWA,25.989999771118164,26.049999237060547,25.93000030517578,25.940000534057617,2147900
2021-11-17,EWA,25.6200008392334,25.639999389648438,25.469999313354492,25.520000457763672,2031100
2021-11-18,EWA,25.5,25.56999969482422,25.3799991607666,25.540000915527344,2068200
2021-11-19,EWA,25.440000534057617,25.489999771118164,25.329999923706055,25.329999923706055,1605900
2021-11-22,EWA,25.389999389648438,25.479999542236328,25.280000686645508,25.299999237060547,1286000
2021-11-23,EWA,25.5,25.639999389648438,25.450000762939453,25.6299991607666,2129700
2021-11-24,EWA,25.360000610351562,25.540000915527344,25.329999923706055,25.530000686645508,1813300
2021-11-26,EWA,24.75,24.75,24.479999542236328,24.559999465942383,2374200
2021-11-29,EWA,24.799999237060547,24.799999237060547,24.559999465942383,24.75,2983300
2021-11-30,EWA,24.649999618530273,24.729999542236328,24.260000228881836,24.459999084472656,4639200
2021-12-01,EWA,24.799999237060547,24.8700008392334,24.239999771118164,24.25,4980300
2021-12-02,EWA,24.450000762939453,24.75,24.420000076293945,24.65999984741211,3324500
2021-12-03,EWA,24.610000610351562,24.6299991607666,24.09000015258789,24.309999465942383,4733700
2021-12-06,EWA,24.540000915527344,24.739999771118164,24.450000762939453,24.65999984741211,2360200
2021-12-07,EWA,24.899999618530273,25.219999313354492,24.899999618530273,25.1299991607666,3735600
2021-12-08,EWA,25.280000686645508,25.3700008392334,25.219999313354492,25.350000381469727,2028600
2021-12-09,EWA,25.200000762939453,25.239999771118164,25.1299991607666,25.200000762939453,2645400
2021-12-10,EWA,25.270000457763672,25.299999237060547,25.100000381469727,25.239999771118164,2805400
2021-12-13,EWA,24.459999084472656,24.469999313354492,24.270000457763672,24.299999237060547,3478600
2021-12-14,EWA,24.190000534057617,24.350000381469727,24.100000381469727,24.200000762939453,3524000
2021-12-15,EWA,24.260000228881836,24.469999313354492,24.010000228881836,24.469999313354492,3287300
2021-12-16,EWA,24.450000762939453,24.479999542236328,24.239999771118164,24.329999923706055,5981000
2021-12-17,EWA,24.260000228881836,24.309999465942383,24.040000915527344,24.049999237060547,4430700
2021-12-20,EWA,24.100000381469727,24.100000381469727,23.920000076293945,24.06999969482422,3232800
2021-12-21,EWA,24.280000686645508,24.489999771118164,24.280000686645508,24.479999542236328,1768500
2021-12-22,EWA,24.530000686645508,24.84000015258789,24.5,24.84000015258789,2757400
2021-12-23,EWA,24.81999969482422,25.020000457763672,24.809999465942383,25.0,2272700
2021-12-27,EWA,24.8799991607666,25.170000076293945,24.8799991607666,25.170000076293945,2057600
2021-12-28,EWA,25.209999084472656,25.270000457763672,25.100000381469727,25.100000381469727,3193900
2021-12-29,EWA,25.209999084472656,25.34000015258789,25.18000030517578,25.209999084472656,1680500
2021-12-30,EWA,25.040000915527344,25.149999618530273,24.979999542236328,25.0,1078900
2021-12-31,EWA,24.760000228881836,24.90999984741211,24.760000228881836,24.829999923706055,1795200
2022-01-03,EWA,24.690000534057617,24.920000076293945,24.6299991607666,24.8700008392334,5582500
2022-01-04,EWA,25.25,25.389999389648438,25.209999084472656,25.25,2185300
2022-01-05,EWA,25.25,25.31999969482422,24.920000076293945,24.940000534057617,3351600
2022-01-06,EWA,24.530000686645508,24.639999389648438,24.360000610351562,24.5,6735000
2022-01-07,EWA,24.530000686645508,24.6299991607666,24.40999984741211,24.6200008392334,2811000
2022-01-10,EWA,24.3700008392334,24.450000762939453,24.1299991607666,24.43000030517578,5936000
2022-01-11,EWA,24.399999618530273,24.739999771118164,24.290000915527344,24.739999771118164,3453900
2022-01-12,EWA,24.860000610351562,25.0,24.81999969482422,24.969999313354492,2714100
2022-01-13,EWA,25.149999618530273,25.170000076293945,24.84000015258789,24.8799991607666,7452500
2022-01-14,EWA,24.579999923706055,24.719999313354492,24.420000076293945,24.600000381469727,4457500
2022-01-18,EWA,24.290000915527344,24.350000381469727,24.1200008392334,24.190000534057617,5451800
2022-01-19,EWA,24.399999618530273,24.459999084472656,24.219999313354492,24.299999237060547,4803500
2022-01-20,EWA,24.420000076293945,24.549999237060547,24.100000381469727,24.1200008392334,3362200
2022-01-21,EWA,23.799999237060547,23.8799991607666,23.43000030517578,23.440000534057617,7493700
2022-01-24,EWA,22.93000030517578,23.260000228881836,22.469999313354492,23.25,10036300
2022-01-25,EWA,22.959999084472656,23.360000610351562,22.729999542236328,23.190000534057617,10864400
2022-01-26,EWA,23.3700008392334,23.450000762939453,22.809999465942383,22.979999542236328,11020700
2022-01-27,EWA,22.790000915527344,22.920000076293945,22.40999984741211,22.469999313354492,10808900
2022-01-28,EWA,22.43000030517578,22.600000381469727,22.190000534057617,22.56999969482422,11528000
2022-01-31,EWA,22.559999465942383,22.84000015258789,22.530000686645508,22.84000015258789,4220600
2022-02-01,EWA,22.93000030517578,23.15999984741211,22.780000686645508,23.139999389648438,4806100
2022-02-02,EWA,23.25,23.34000015258789,23.1299991607666,23.280000686645508,4939700
2022-02-03,EWA,23.15999984741211,23.260000228881836,23.0,23.020000457763672,5336500
2022-02-04,EWA,23.010000228881836,23.209999084472656,22.8700008392334,23.110000610351562,4070400
2022-02-07,EWA,23.260000228881836,23.440000534057617,23.229999542236328,23.299999237060547,4317900
2022-02-08,EWA,23.600000381469727,23.780000686645508,23.489999771118164,23.739999771118164,5571700
2022-02-09,EWA,24.059999465942383,24.139999389648438,24.020000457763672,24.1200008392334,5511400
2022-02-10,EWA,23.969999313354492,24.40999984741211,23.84000015258789,23.899999618530273,5427100
2022-02-11,EWA,23.979999542236328,24.09000015258789,23.6200008392334,23.65999984741211,6749700
2022-02-14,EWA,23.770000457763672,23.81999969482422,23.540000915527344,23.709999084472656,8242200
2022-02-15,EWA,23.920000076293945,24.110000610351562,23.84000015258789,24.100000381469727,5009700
2022-02-16,EWA,24.079999923706055,24.399999618530273,24.06999969482422,24.360000610351562,4833700
2022-02-17,EWA,24.34000015258789,24.389999389648438,24.110000610351562,24.170000076293945,5121200
2022-02-18,EWA,24.110000610351562,24.15999984741211,23.920000076293945,23.979999542236328,5022800
2022-02-22,EWA,24.209999084472656,24.34000015258789,23.979999542236328,24.1200008392334,6646300
2022-02-23,EWA,24.399999618530273,24.399999618530273,23.93000030517578,23.969999313354492,8796400
2022-02-24,EWA,23.360000610351562,23.81999969482422,23.270000457763672,23.790000915527344,8783900
2022-02-25,EWA,23.780000686645508,24.229999542236328,23.709999084472656,24.219999313354492,9440300
2022-02-28,EWA,23.969999313354492,24.25,23.93000030517578,24.049999237060547,8602700
2022-03-01,EWA,24.040000915527344,24.1200008392334,23.65999984741211,23.84000015258789,9429100
2022-03-02,EWA,24.3799991607666,24.6299991607666,24.290000915527344,24.610000610351562,6152500
2022-03-03,EWA,24.549999237060547,24.6299991607666,24.219999313354492,24.3799991607666,11514900
2022-03-04,EWA,24.34000015258789,24.790000915527344,24.270000457763672,24.770000457763672,9019200
2022-03-07,EWA,24.579999923706055,24.610000610351562,24.200000762939453,24.290000915527344,8022500
2022-03-08,EWA,24.040000915527344,24.280000686645508,23.809999465942383,23.90999984741211,11628700
2022-03-09,EWA,24.510000228881836,24.540000915527344,24.309999465942383,24.420000076293945,6028700
2022-03-10,EWA,24.510000228881836,24.780000686645508,24.5,24.639999389648438,2906200
2022-03-11,EWA,24.6200008392334,24.6200008392334,24.31999969482422,24.3799991607666,5893400
2022-03-14,EWA,24.389999389648438,24.530000686645508,24.0,24.079999923706055,4084600
2022-03-15,EWA,24.219999313354492,24.3799991607666,24.100000381469727,24.309999465942383,9512300
2022-03-16,EWA,24.790000915527344,25.149999618530273,24.510000228881836,25.1200008392334,4454500
2022-03-17,EWA,25.059999465942383,25.459999084472656,25.049999237060547,25.3700008392334,4232300
2022-03-18,EWA,25.34000015258789,25.729999542236328,25.34000015258789,25.690000534057617,3856000
2022-03-21,EWA,25.610000610351562,25.809999465942383,25.549999237060547,25.690000534057617,5145500
2022-03-22,EWA,25.8700008392334,25.989999771118164,25.81999969482422,25.979999542236328,7744100
2022-03-23,EWA,25.829999923706055,26.059999465942383,25.81999969482422,26.0,7162000
2022-03-24,EWA,26.100000381469727,26.3700008392334,26.100000381469727,26.360000610351562,8704800
2022-03-25,EWA,26.329999923706055,26.5,26.280000686645508,26.5,3465600
2022-03-28,EWA,26.299999237060547,26.3799991607666,26.18000030517578,26.3700008392334,3205300
2022-03-29,EWA,26.530000686645508,26.690000534057617,26.43000030517578,26.68000030517578,4078400
2022-03-30,EWA,26.75,26.899999618530273,26.6299991607666,26.700000762939453,8354900
2022-03-31,EWA,26.6299991607666,26.68000030517578,26.399999618530273,26.43000030517578,5174000
2022-04-01,EWA,26.610000610351562,26.700000762939453,26.479999542236328,26.690000534057617,4278000
2022-04-04,EWA,26.690000534057617,26.90999984741211,26.6299991607666,26.8799991607666,3257000
2022-04-05,EWA,27.0,27.15999984741211,26.649999618530273,26.739999771118164,6853700
2022-04-06,EWA,26.709999084472656,26.75,26.40999984741211,26.559999465942383,3943600
2022-04-07,EWA,26.440000534057617,26.610000610351562,26.290000915527344,26.530000686645508,4967900
2022-04-08,EWA,26.43000030517578,26.649999618530273,26.389999389648438,26.540000915527344,5344600
2022-04-11,EWA,26.399999618530273,26.440000534057617,26.239999771118164,26.260000228881836,6467000
2022-04-12,EWA,26.540000915527344,26.610000610351562,26.299999237060547,26.360000610351562,5967600
2022-04-13,EWA,26.18000030517578,26.530000686645508,26.18000030517578,26.5,4340800
2022-04-14,EWA,26.540000915527344,26.600000381469727,26.389999389648438,26.389999389648438,5281000
2022-04-18,EWA,26.15999984741211,26.43000030517578,26.1299991607666,26.309999465942383,4566100
2022-04-19,EWA,26.329999923706055,26.65999984741211,26.290000915527344,26.639999389648438,5704500
2022-04-20,EWA,26.700000762939453,26.84000015258789,26.639999389648438,26.799999237060547,5030100
2022-04-21,EWA,26.81999969482422,26.850000381469727,26.25,26.280000686645508,5813100
2022-04-22,EWA,25.850000381469727,25.850000381469727,25.25,25.290000915527344,9085700
2022-04-25,EWA,24.649999618530273,24.899999618530273,24.43000030517578,24.860000610351562,13833000
2022-04-26,EWA,24.709999084472656,24.75,24.3799991607666,24.399999618530273,6723100
2022-04-27,EWA,24.59000015258789,24.799999237060547,24.459999084472656,24.6200008392334,7509900
2022-04-28,EWA,24.780000686645508,25.010000228881836,24.549999237060547,24.979999542236328,5590400
2022-04-29,EWA,25.100000381469727,25.239999771118164,24.540000915527344,24.579999923706055,9041800
2022-05-02,EWA,24.530000686645508,24.639999389648438,24.270000457763672,24.510000228881836,8877800
2022-05-03,EWA,24.700000762939453,24.8799991607666,24.65999984741211,24.790000915527344,7197400
2022-05-04,EWA,24.770000457763672,25.399999618530273,24.56999969482422,25.3700008392334,8256800
2022-05-05,EWA,25.030000686645508,25.040000915527344,24.260000228881836,24.450000762939453,8376200
2022-05-06,EWA,24.09000015258789,24.239999771118164,23.850000381469727,24.09000015258789,9724800
2022-05-09,EWA,23.68000030517578,23.709999084472656,23.229999542236328,23.290000915527344,8618900
2022-05-10,EWA,23.6200008392334,23.670000076293945,23.110000610351562,23.309999465942383,7279400
2022-05-11,EWA,23.530000686645508,23.829999923706055,23.229999542236328,23.239999771118164,7837700
2022-05-12,EWA,22.770000457763672,22.979999542236328,22.579999923706055,22.799999237060547,8452900
2022-05-13,EWA,23.290000915527344,23.6299991607666,23.260000228881836,23.6299991607666,5973300
2022-05-16,EWA,23.559999465942383,23.860000610351562,23.510000228881836,23.719999313354492,5843000
2022-05-17,EWA,24.06999969482422,24.15999984741211,23.920000076293945,24.1200008392334,5534000
2022-05-18,EWA,24.0,24.010000228881836,23.450000762939453,23.520000457763672,3750500
2022-05-19,EWA,23.600000381469727,23.979999542236328,23.59000015258789,23.829999923706055,6368800
2022-05-20,EWA,24.170000076293945,24.219999313354492,23.729999542236328,24.040000915527344,6174500
2022-05-23,EWA,24.239999771118164,24.420000076293945,24.170000076293945,24.350000381469727,4675400
2022-05-24,EWA,24.229999542236328,24.3700008392334,24.0,24.31999969482422,5814300
2022-05-25,EWA,24.18000030517578,24.489999771118164,24.149999618530273,24.399999618530273,5867700
2022-05-26,EWA,24.229999542236328,24.479999542236328,24.229999542236328,24.43000030517578,4304700
2022-05-27,EWA,24.790000915527344,24.959999084472656,24.760000228881836,24.950000762939453,5927100
2022-05-31,EWA,24.739999771118164,24.850000381469727,24.6200008392334,24.68000030517578,5109300
2022-06-01,EWA,25.110000610351562,25.149999618530273,24.6299991607666,24.760000228881836,5550400
2022-06-02,EWA,24.920000076293945,25.360000610351562,24.8700008392334,25.34000015258789,9156900
2022-06-03,EWA,25.030000686645508,25.139999389648438,24.889999389648438,24.979999542236328,5079600
2022-06-06,EWA,25.1200008392334,25.15999984741211,24.8700008392334,24.940000534057617,3571400
2022-06-07,EWA,24.469999313354492,24.920000076293945,24.459999084472656,24.8799991607666,6011400
2022-06-08,EWA,24.6200008392334,24.649999618530273,24.40999984741211,24.450000762939453,7923000
2022-06-09,EWA,23.360000610351562,23.420000076293945,23.0,23.010000228881836,5459600
2022-06-10,EWA,22.469999313354492,22.5,22.15999984741211,22.3799991607666,11451000
2022-06-13,EWA,21.639999389648438,21.729999542236328,21.350000381469727,21.40999984741211,9129500
2022-06-14,EWA,21.43000030517578,21.459999084472656,21.040000915527344,21.239999771118164,5350700
2022-06-15,EWA,21.389999389648438,21.790000915527344,21.15999984741211,21.670000076293945,12900300
2022-06-16,EWA,21.09000015258789,21.329999923706055,20.90999984741211,21.18000030517578,5633400
2022-06-17,EWA,21.010000228881836,21.09000015258789,20.670000076293945,20.809999465942383,6371600
2022-06-21,EWA,21.260000228881836,21.43000030517578,21.219999313354492,21.309999465942383,6251400
2022-06-22,EWA,20.989999771118164,21.25,20.959999084472656,21.06999969482422,5187100
2022-06-23,EWA,21.09000015258789,21.1200008392334,20.799999237060547,21.040000915527344,5493500
2022-06-24,EWA,21.25,21.6299991607666,21.209999084472656,21.610000610351562,3942500
2022-06-27,EWA,21.610000610351562,21.719999313354492,21.520000457763672,21.559999465942383,6273900
2022-06-28,EWA,21.8799991607666,21.979999542236328,21.520000457763672,21.520000457763672,3461000
2022-06-29,EWA,21.610000610351562,21.639999389648438,21.450000762939453,21.459999084472656,4390000
2022-06-30,EWA,21.0,21.270000457763672,20.889999389648438,21.219999313354492,8443900
2022-07-01,EWA,20.829999923706055,21.110000610351562,20.709999084472656,21.09000015258789,4852600
2022-07-05,EWA,20.600000381469727,20.81999969482422,20.489999771118164,20.81999969482422,6086000
2022-07-06,EWA,20.940000534057617,21.010000228881836,20.719999313354492,20.969999313354492,5173400
2022-07-07,EWA,21.25,21.40999984741211,21.25,21.40999984741211,4042800
2022-07-08,EWA,21.280000686645508,21.450000762939453,21.170000076293945,21.31999969482422,5629700
2022-07-11,EWA,20.790000915527344,20.8799991607666,20.670000076293945,20.75,5397800
2022-07-12,EWA,20.81999969482422,20.969999313354492,20.739999771118164,20.84000015258789,4758000
2022-07-13,EWA,20.65999984741211,20.989999771118164,20.56999969482422,20.8700008392334,4947800
2022-07-14,EWA,20.5,20.690000534057617,20.299999237060547,20.65999984741211,5148200
2022-07-15,EWA,20.920000076293945,21.06999969482422,20.760000228881836,21.06999969482422,4894500
2022-07-18,EWA,21.290000915527344,21.389999389648438,21.049999237060547,21.059999465942383,4918800
2022-07-19,EWA,21.40999984741211,21.579999923706055,21.389999389648438,21.559999465942383,5580200
2022-07-20,EWA,21.600000381469727,21.649999618530273,21.440000534057617,21.549999237060547,4309100
2022-07-21,EWA,21.479999542236328,21.770000457763672,21.440000534057617,21.75,4073200
2022-07-22,EWA,21.950000762939453,22.06999969482422,21.65999984741211,21.75,4012400
2022-07-25,EWA,21.979999542236328,22.040000915527344,21.8799991607666,22.020000457763672,3541700
2022-07-26,EWA,21.8799991607666,21.920000076293945,21.739999771118164,21.739999771118164,4827000
2022-07-27,EWA,21.979999542236328,22.40999984741211,21.950000762939453,22.350000381469727,5170900
2022-07-28,EWA,22.3700008392334,22.479999542236328,22.190000534057617,22.450000762939453,3700300
2022-07-29,EWA,22.450000762939453,22.739999771118164,22.360000610351562,22.739999771118164,4195000
2022-08-01,EWA,22.700000762939453,22.90999984741211,22.600000381469727,22.729999542236328,11481100
2022-08-02,EWA,22.520000457763672,22.690000534057617,22.399999618530273,22.440000534057617,6571900
2022-08-03,EWA,22.469999313354492,22.59000015258789,22.329999923706055,22.549999237060547,7128200
2022-08-04,EWA,22.489999771118164,22.579999923706055,22.43000030517578,22.540000915527344,3795200
2022-08-05,EWA,22.190000534057617,22.43000030517578,22.15999984741211,22.3799991607666,5793200
2022-08-08,EWA,22.65999984741211,22.75,22.530000686645508,22.59000015258789,4074200
2022-08-09,EWA,22.549999237060547,22.59000015258789,22.3799991607666,22.40999984741211,5232000
2022-08-10,EWA,22.90999984741211,23.079999923706055,22.799999237060547,23.020000457763672,5643900
2022-08-11,EWA,23.15999984741211,23.260000228881836,23.030000686645508,23.040000915527344,4231100
2022-08-12,EWA,23.049999237060547,23.270000457763672,23.0,23.25,4072400
2022-08-15,EWA,22.8799991607666,23.010000228881836,22.84000015258789,22.979999542236328,6340000
2022-08-16,EWA,22.969999313354492,23.139999389648438,22.969999313354492,23.100000381469727,8204500
2022-08-17,EWA,22.75,22.959999084472656,22.68000030517578,22.809999465942383,7101900
2022-08-18,EWA,22.969999313354492,22.979999542236328,22.809999465942383,22.90999984741211,3997800
2022-08-19,EWA,22.700000762939453,22.719999313354492,22.520000457763672,22.600000381469727,8232900
2022-08-22,EWA,22.459999084472656,22.469999313354492,22.299999237060547,22.3700008392334,6070300
2022-08-23,EWA,22.229999542236328,22.520000457763672,22.219999313354492,22.420000076293945,5908600
2022-08-24,EWA,22.329999923706055,22.510000228881836,22.31999969482422,22.479999542236328,3639900
2022-08-25,EWA,22.709999084472656,22.8700008392334,22.65999984741211,22.8700008392334,3854400
2022-08-26,EWA,23.110000610351562,23.139999389648438,22.40999984741211,22.440000534057617,4524800
2022-08-29,EWA,22.350000381469727,22.459999084472656,22.270000457763672,22.360000610351562,3077400
2022-08-30,EWA,22.489999771118164,22.489999771118164,22.010000228881836,22.049999237060547,4315300
2022-08-31,EWA,22.139999389648438,22.190000534057617,21.90999984741211,21.90999984741211,3872200
2022-09-01,EWA,21.780000686645508,21.809999465942383,21.530000686645508,21.729999542236328,2991100
2022-09-02,EWA,22.020000457763672,22.149999618530273,21.690000534057617,21.770000457763672,5801600
2022-09-06,EWA,21.6200008392334,21.68000030517578,21.43000030517578,21.469999313354492,2764700
2022-09-07,EWA,21.100000381469727,21.469999313354492,21.100000381469727,21.459999084472656,2642600
2022-09-08,EWA,21.389999389648438,21.690000534057617,21.3700008392334,21.65999984741211,3474300
2022-09-09,EWA,22.149999618530273,22.3799991607666,22.1299991607666,22.350000381469727,2096500
2022-09-12,EWA,22.579999923706055,22.670000076293945,22.520000457763672,22.59000015258789,2508200
2022-09-13,EWA,22.030000686645508,22.190000534057617,21.59000015258789,21.6200008392334,3396300
2022-09-14,EWA,21.59000015258789,21.68000030517578,21.43000030517578,21.579999923706055,3198100
2022-09-15,EWA,21.510000228881836,21.700000762939453,21.350000381469727,21.40999984741211,2055500
2022-09-16,EWA,21.15999984741211,21.309999465942383,21.059999465942383,21.239999771118164,3067800
2022-09-19,EWA,21.0,21.440000534057617,20.979999542236328,21.440000534057617,2602000
2022-09-20,EWA,21.260000228881836,21.309999465942383,21.06999969482422,21.200000762939453,2757700
2022-09-21,EWA,21.059999465942383,21.260000228881836,20.760000228881836,20.770000457763672,3611600
2022-09-22,EWA,20.790000915527344,20.860000610351562,20.649999618530273,20.729999542236328,4307800
2022-09-23,EWA,20.170000076293945,20.170000076293945,19.770000457763672,19.950000762939453,6362900
2022-09-26,EWA,19.940000534057617,20.1299991607666,19.649999618530273,19.790000915527344,6613300
2022-09-27,EWA,19.850000381469727,19.950000762939453,19.489999771118164,19.6200008392334,4363100
2022-09-28,EWA,19.729999542236328,20.25,19.68000030517578,20.190000534057617,3109400
2022-09-29,EWA,20.059999465942383,20.079999923706055,19.799999237060547,20.0,3344500
2022-09-30,EWA,19.809999465942383,19.969999313354492,19.579999923706055,19.6200008392334,5907800
2022-10-03,EWA,19.940000534057617,20.260000228881836,19.8700008392334,20.18000030517578,6924400
2022-10-04,EWA,20.559999465942383,20.8700008392334,20.559999465942383,20.84000015258789,3746600
2022-10-05,EWA,20.600000381469727,20.920000076293945,20.489999771118164,20.780000686645508,3820200
2022-10-06,EWA,20.579999923706055,20.719999313354492,20.40999984741211,20.459999084472656,4504300
2022-10-07,EWA,20.309999465942383,20.389999389648438,20.040000915527344,20.139999389648438,2562900
2022-10-10,EWA,20.0,20.020000457763672,19.760000228881836,19.899999618530273,4050400
2022-10-11,EWA,19.690000534057617,19.969999313354492,19.520000457763672,19.6200008392334,4613500
2022-10-12,EWA,19.559999465942383,19.739999771118164,19.489999771118164,19.6200008392334,4223700
2022-10-13,EWA,19.209999084472656,20.170000076293945,19.190000534057617,20.09000015258789,7480600
2022-10-14,EWA,20.1299991607666,20.200000762939453,19.540000915527344,19.579999923706055,6535000
2022-10-17,EWA,19.899999618530273,20.09000015258789,19.899999618530273,19.969999313354492,4090500
2022-10-18,EWA,20.260000228881836,20.299999237060547,19.860000610351562,20.06999969482422,4494600
2022-10-19,EWA,19.950000762939453,20.06999969482422,19.770000457763672,19.940000534057617,3682800
2022-10-20,EWA,20.040000915527344,20.31999969482422,19.860000610351562,19.920000076293945,4196700
2022-10-21,EWA,19.739999771118164,20.43000030517578,19.649999618530273,20.399999618530273,5367600
2022-10-24,EWA,20.1299991607666,20.309999465942383,20.010000228881836,20.239999771118164,3158900
2022-10-25,EWA,20.360000610351562,20.690000534057617,20.360000610351562,20.639999389648438,2699000
2022-10-26,EWA,20.719999313354492,21.079999923706055,20.700000762939453,20.8700008392334,3698000
2022-10-27,EWA,20.8799991607666,21.030000686645508,20.719999313354492,20.760000228881836,3298900
2022-10-28,EWA,20.6200008392334,20.790000915527344,20.549999237060547,20.790000915527344,2591300
2022-10-31,EWA,20.540000915527344,20.739999771118164,20.540000915527344,20.719999313354492,4737300
2022-11-01,EWA,21.299999237060547,21.31999969482422,20.920000076293945,21.010000228881836,6391000
2022-11-02,EWA,21.059999465942383,21.3700008392334,20.6200008392334,20.6299991607666,6284800
2022-11-03,EWA,20.15999984741211,20.40999984741211,20.139999389648438,20.31999969482422,2746400
2022-11-04,EWA,21.18000030517578,21.3799991607666,21.010000228881836,21.329999923706055,8056100
2022-11-07,EWA,21.31999969482422,21.360000610351562,21.170000076293945,21.280000686645508,2636800
2022-11-08,EWA,21.3799991607666,21.700000762939453,21.309999465942383,21.489999771118164,3918100
2022-11-09,EWA,21.34000015258789,21.5,21.049999237060547,21.049999237060547,2570900
2022-11-10,EWA,21.860000610351562,22.329999923706055,21.739999771118164,22.329999923706055,3937300
2022-11-11,EWA,22.549999237060547,22.84000015258789,22.479999542236328,22.799999237060547,5070000
2022-11-14,EWA,22.600000381469727,22.739999771118164,22.520000457763672,22.520000457763672,2170000
2022-11-15,EWA,22.950000762939453,23.049999237060547,22.719999313354492,22.8799991607666,5963800
2022-11-16,EWA,22.829999923706055,22.8799991607666,22.639999389648438,22.719999313354492,3276900
2022-11-17,EWA,22.420000076293945,22.690000534057617,22.40999984741211,22.68000030517578,2432400
2022-11-18,EWA,22.809999465942383,22.81999969482422,22.639999389648438,22.760000228881836,5555100
2022-11-21,EWA,22.479999542236328,22.520000457763672,22.329999923706055,22.510000228881836,3818900
2022-11-22,EWA,22.65999984741211,22.8700008392334,22.639999389648438,22.860000610351562,3019200
2022-11-23,EWA,22.860000610351562,23.18000030517578,22.850000381469727,23.170000076293945,2650200
2022-11-25,EWA,23.18000030517578,23.299999237060547,23.18000030517578,23.270000457763672,1773300
2022-11-28,EWA,23.030000686645508,23.15999984741211,22.81999969482422,22.850000381469727,1689000
2022-11-29,EWA,23.06999969482422,23.219999313354492,23.0,23.06999969482422,2338800
2022-11-30,EWA,23.329999923706055,23.75,23.100000381469727,23.690000534057617,3808700
2022-12-01,EWA,23.829999923706055,23.8799991607666,23.59000015258789,23.729999542236328,3653600
2022-12-02,EWA,23.43000030517578,23.729999542236328,23.420000076293945,23.639999389648438,2077200
2022-12-05,EWA,23.56999969482422,23.639999389648438,23.1299991607666,23.18000030517578,3082900
2022-12-06,EWA,23.25,23.31999969482422,22.959999084472656,23.059999465942383,1914500
2022-12-07,EWA,23.049999237060547,23.170000076293945,22.969999313354492,23.100000381469727,3241800
2022-12-08,EWA,23.06999969482422,23.219999313354492,23.010000228881836,23.200000762939453,2240000
2022-12-09,EWA,23.200000762939453,23.40999984741211,23.170000076293945,23.170000076293945,1551000
2022-12-12,EWA,23.149999618530273,23.219999313354492,23.040000915527344,23.219999313354492,4156300
2022-12-13,EWA,23.43000030517578,23.459999084472656,23.040000915527344,23.100000381469727,3285400
2022-12-14,EWA,23.09000015258789,23.18000030517578,22.780000686645508,23.040000915527344,3594300
2022-12-15,EWA,22.6200008392334,22.639999389648438,22.219999313354492,22.299999237060547,1770200
2022-12-16,EWA,22.15999984741211,22.309999465942383,22.079999923706055,22.209999084472656,2473700
2022-12-19,EWA,22.389999389648438,22.420000076293945,22.1299991607666,22.190000534057617,2021500
2022-12-20,EWA,22.0,22.15999984741211,21.969999313354492,22.049999237060547,1691300
2022-12-21,EWA,22.290000915527344,22.459999084472656,22.270000457763672,22.399999618530273,5616300
2022-12-22,EWA,22.209999084472656,22.209999084472656,21.8700008392334,22.030000686645508,1711300
2022-12-23,EWA,22.139999389648438,22.329999923706055,22.09000015258789,22.31999969482422,2072500
2022-12-27,EWA,22.389999389648438,22.579999923706055,22.309999465942383,22.40999984741211,2586700
2022-12-28,EWA,22.450000762939453,22.510000228881836,22.100000381469727,22.110000610351562,2231000
2022-12-29,EWA,22.209999084472656,22.399999618530273,22.190000534057617,22.350000381469727,2102500
2022-12-30,EWA,22.209999084472656,22.329999923706055,22.15999984741211,22.229999542236328,3002900
2023-01-03,EWA,21.959999084472656,22.1200008392334,21.850000381469727,21.969999313354492,2983800
2023-01-04,EWA,22.610000610351562,22.65999984741211,22.420000076293945,22.549999237060547,2083500
2023-01-05,EWA,22.290000915527344,22.350000381469727,22.18000030517578,22.229999542236328,2536400
2023-01-06,EWA,22.5,23.030000686645508,22.34000015258789,23.020000457763672,1310700
2023-01-09,EWA,23.100000381469727,23.270000457763672,22.989999771118164,23.010000228881836,1123500
2023-01-10,EWA,22.989999771118164,23.049999237060547,22.8700008392334,23.040000915527344,1045300
2023-01-11,EWA,23.239999771118164,23.360000610351562,23.18000030517578,23.360000610351562,2204200
2023-01-12,EWA,23.670000076293945,23.889999389648438,23.360000610351562,23.829999923706055,6437700
2023-01-13,EWA,23.68000030517578,24.030000686645508,23.68000030517578,24.010000228881836,5155000
2023-01-17,EWA,24.100000381469727,24.200000762939453,24.06999969482422,24.1299991607666,1625800
2023-01-18,EWA,24.40999984741211,24.43000030517578,23.850000381469727,23.860000610351562,1833500
2023-01-19,EWA,23.979999542236328,24.1200008392334,23.8700008392334,24.059999465942383,1695500
2023-01-20,EWA,24.100000381469727,24.3799991607666,24.010000228881836,24.3799991607666,2490400
2023-01-23,EWA,24.260000228881836,24.579999923706055,24.239999771118164,24.549999237060547,1048200
2023-01-24,EWA,24.450000762939453,24.639999389648438,24.329999923706055,24.6200008392334,1229600
2023-01-25,EWA,24.600000381469727,24.8799991607666,24.549999237060547,24.860000610351562,1446800
2023-01-26,EWA,25.0,25.059999465942383,24.780000686645508,25.020000457763672,1062600
2023-01-27,EWA,24.889999389648438,25.030000686645508,24.790000915527344,24.940000534057617,3961200
2023-01-30,EWA,24.709999084472656,24.860000610351562,24.670000076293945,24.690000534057617,1161500
2023-01-31,EWA,24.610000610351562,24.889999389648438,24.56999969482422,24.860000610351562,1015300
2023-02-01,EWA,24.889999389648438,25.219999313354492,24.59000015258789,25.1200008392334,3257700
2023-02-02,EWA,25.170000076293945,25.18000030517578,24.790000915527344,24.940000534057617,1346200
2023-02-03,EWA,24.6200008392334,24.81999969482422,24.479999542236328,24.530000686645508,1159500
2023-02-06,EWA,24.260000228881836,24.350000381469727,24.110000610351562,24.299999237060547,888600
2023-02-07,EWA,24.139999389648438,24.579999923706055,24.06999969482422,24.540000915527344,7371500
2023-02-08,EWA,24.5,24.530000686645508,24.299999237060547,24.350000381469727,1181200
2023-02-09,EWA,24.700000762939453,24.709999084472656,24.219999313354492,24.280000686645508,10430000
2023-02-10,EWA,24.229999542236328,24.239999771118164,24.079999923706055,24.170000076293945,1360200
2023-02-13,EWA,24.229999542236328,24.479999542236328,24.219999313354492,24.469999313354492,1449500
2023-02-14,EWA,24.200000762939453,24.540000915527344,24.1200008392334,24.43000030517578,4326900
2023-02-15,EWA,23.719999313354492,23.940000534057617,23.68000030517578,23.940000534057617,1519500
2023-02-16,EWA,23.709999084472656,24.020000457763672,23.649999618530273,23.84000015258789,3434100
2023-02-17,EWA,23.559999465942383,23.709999084472656,23.469999313354492,23.690000534057617,975000
2023-02-21,EWA,23.610000610351562,23.68000030517578,23.440000534057617,23.459999084472656,998600
2023-02-22,EWA,23.459999084472656,23.5,23.290000915527344,23.350000381469727,972700
2023-02-23,EWA,23.40999984741211,23.440000534057617,23.100000381469727,23.360000610351562,1402400
2023-02-24,EWA,22.8799991607666,22.959999084472656,22.81999969482422,22.920000076293945,4777800
2023-02-27,EWA,22.969999313354492,23.09000015258789,22.920000076293945,23.010000228881836,1213700
2023-02-28,EWA,22.920000076293945,23.030000686645508,22.850000381469727,22.8799991607666,2653900
2023-03-01,EWA,23.040000915527344,23.15999984741211,22.950000762939453,23.09000015258789,1646800
2023-03-02,EWA,22.889999389648438,23.1299991607666,22.8799991607666,23.100000381469727,1584800
2023-03-03,EWA,23.25,23.489999771118164,23.18000030517578,23.479999542236328,1179600
2023-03-06,EWA,23.280000686645508,23.34000015258789,23.190000534057617,23.25,1653000
2023-03-07,EWA,23.15999984741211,23.15999984741211,22.709999084472656,22.739999771118164,3640200
2023-03-08,EWA,22.8700008392334,23.049999237060547,22.81999969482422,22.920000076293945,1024200
2023-03-09,EWA,23.010000228881836,23.079999923706055,22.6299991607666,22.649999618530273,1972600
2023-03-10,EWA,22.510000228881836,22.6299991607666,22.200000762939453,22.25,2633700
2023-03-13,EWA,21.969999313354492,22.299999237060547,21.93000030517578,22.110000610351562,7719500
2023-03-14,EWA,22.3799991607666,22.450000762939453,22.209999084472656,22.420000076293945,2678500
2023-03-15,EWA,21.81999969482422,21.979999542236328,21.579999923706055,21.84000015258789,4705900
2023-03-16,EWA,21.700000762939453,22.100000381469727,21.68000030517578,22.100000381469727,1867300
2023-03-17,EWA,22.049999237060547,22.1200008392334,21.889999389648438,21.969999313354492,1671200
2023-03-20,EWA,22.100000381469727,22.270000457763672,22.09000015258789,22.18000030517578,1166000
2023-03-21,EWA,22.270000457763672,22.309999465942383,22.1299991607666,22.260000228881836,1723800
2023-03-22,EWA,22.309999465942383,22.610000610351562,22.1299991607666,22.139999389648438,1331600
2023-03-23,EWA,22.229999542236328,22.399999618530273,21.920000076293945,22.040000915527344,2076600
2023-03-24,EWA,21.889999389648438,22.049999237060547,21.780000686645508,22.020000457763672,1473400
2023-03-27,EWA,22.079999923706055,22.15999984741211,21.989999771118164,22.139999389648438,2567000
2023-03-28,EWA,22.239999771118164,22.3700008392334,22.229999542236328,22.350000381469727,1170500
2023-03-29,EWA,22.540000915527344,22.6299991607666,22.479999542236328,22.559999465942383,1160800
2023-03-30,EWA,22.860000610351562,22.889999389648438,22.780000686645508,22.850000381469727,1164700
2023-03-31,EWA,22.920000076293945,23.010000228881836,22.90999984741211,22.940000534057617,1776500
2023-04-03,EWA,23.209999084472656,23.350000381469727,23.15999984741211,23.329999923706055,4179800
2023-04-04,EWA,23.200000762939453,23.239999771118164,23.059999465942383,23.149999618530273,3992700
2023-04-05,EWA,23.049999237060547,23.139999389648438,22.959999084472656,23.09000015258789,1485400
2023-04-06,EWA,22.93000030517578,23.190000534057617,22.860000610351562,23.09000015258789,1437400
2023-04-10,EWA,22.850000381469727,23.059999465942383,22.809999465942383,23.049999237060547,2163700
2023-04-11,EWA,23.18000030517578,23.290000915527344,23.149999618530273,23.25,2137400
2023-04-12,EWA,23.489999771118164,23.540000915527344,23.31999969482422,23.3799991607666,4003600
2023-04-13,EWA,23.510000228881836,23.709999084472656,23.479999542236328,23.690000534057617,2775400
2023-04-14,EWA,23.649999618530273,23.729999542236328,23.389999389648438,23.459999084472656,2579400
2023-04-17,EWA,23.40999984741211,23.479999542236328,23.329999923706055,23.450000762939453,1287400
2023-04-18,EWA,23.520000457763672,23.579999923706055,23.479999542236328,23.549999237060547,1433800
2023-04-19,EWA,23.459999084472656,23.520000457763672,23.459999084472656,23.479999542236328,615500
2023-04-20,EWA,23.489999771118164,23.639999389648438,23.43000030517578,23.5,862400
2023-04-21,EWA,23.31999969482422,23.329999923706055,23.15999984741211,23.25,2752100
2023-04-24,EWA,23.25,23.329999923706055,23.209999084472656,23.329999923706055,561000
2023-04-25,EWA,23.139999389648438,23.15999984741211,22.8799991607666,22.90999984741211,2043700
2023-04-26,EWA,22.920000076293945,22.979999542236328,22.780000686645508,22.84000015258789,2112500
2023-04-27,EWA,22.899999618530273,23.1200008392334,22.829999923706055,23.1200008392334,4082100
2023-04-28,EWA,22.889999389648438,23.149999618530273,22.8799991607666,23.139999389648438,3148200
2023-05-01,EWA,23.209999084472656,23.260000228881836,23.040000915527344,23.06999969482422,2487700
2023-05-02,EWA,22.950000762939453,22.959999084472656,22.690000534057617,22.850000381469727,1290500
2023-05-03,EWA,22.719999313354492,22.899999618530273,22.65999984741211,22.68000030517578,1201100
2023-05-04,EWA,22.68000030517578,22.770000457763672,22.600000381469727,22.65999984741211,981700
2023-05-05,EWA,23.0,23.350000381469727,22.989999771118164,23.299999237060547,982600
2023-05-08,EWA,23.440000534057617,23.440000534057617,23.280000686645508,23.309999465942383,522500
2023-05-09,EWA,23.1299991607666,23.239999771118164,23.110000610351562,23.170000076293945,1002900
2023-05-10,EWA,23.399999618530273,23.399999618530273,23.020000457763672,23.239999771118164,1076200
2023-05-11,EWA,22.969999313354492,22.979999542236328,22.790000915527344,22.979999542236328,2968500
2023-05-12,EWA,23.0,23.030000686645508,22.770000457763672,22.889999389648438,1675200
2023-05-15,EWA,23.040000915527344,23.15999984741211,22.979999542236328,23.149999618530273,2699200
2023-05-16,EWA,22.969999313354492,23.0,22.709999084472656,22.729999542236328,761900
2023-05-17,EWA,22.8799991607666,22.959999084472656,22.729999542236328,22.920000076293945,602300
2023-05-18,EWA,22.760000228881836,22.829999923706055,22.65999984741211,22.81999969482422,857300
2023-05-19,EWA,23.079999923706055,23.100000381469727,22.950000762939453,23.0,1070700
2023-05-22,EWA,22.940000534057617,23.059999465942383,22.940000534057617,23.0,759000
2023-05-23,EWA,22.829999923706055,22.889999389648438,22.700000762939453,22.719999313354492,1083900
2023-05-24,EWA,22.459999084472656,22.459999084472656,22.25,22.280000686645508,774900
2023-05-25,EWA,22.1299991607666,22.139999389648438,21.959999084472656,22.059999465942383,1275300
2023-05-26,EWA,22.25,22.43000030517578,22.25,22.420000076293945,830700
2023-05-30,EWA,22.399999618530273,22.40999984741211,22.149999618530273,22.25,1450900
2023-05-31,EWA,21.799999237060547,21.90999984741211,21.68000030517578,21.8700008392334,1595200
2023-06-01,EWA,22.030000686645508,22.399999618530273,22.010000228881836,22.3700008392334,1729800
2023-06-02,EWA,22.600000381469727,22.739999771118164,22.59000015258789,22.709999084472656,1423100
2023-06-05,EWA,22.690000534057617,22.719999313354492,22.549999237060547,22.549999237060547,1066400
2023-06-06,EWA,22.510000228881836,22.729999542236328,22.510000228881836,22.700000762939453,1185400
2023-06-07,EWA,22.209999084472656,22.329999923706055,22.030000686645508,22.049999237060547,2079100
2023-06-08,EWA,22.209999084472656,22.3799991607666,22.190000534057617,22.3799991607666,1318900
2023-06-09,EWA,22.399999618530273,22.459999084472656,22.329999923706055,22.360000610351562,1506200
2023-06-12,EWA,22.399999618530273,22.459999084472656,22.31999969482422,22.450000762939453,1315800
2023-06-13,EWA,22.760000228881836,22.799999237060547,22.65999984741211,22.729999542236328,3235300
2023-06-14,EWA,22.8799991607666,22.989999771118164,22.65999984741211,22.809999465942383,1487300
2023-06-15,EWA,22.90999984741211,23.239999771118164,22.90999984741211,23.229999542236328,1523000
2023-06-16,EWA,23.459999084472656,23.459999084472656,23.299999237060547,23.329999923706055,1936700
2023-06-20,EWA,23.350000381469727,23.389999389648438,23.219999313354492,23.290000915527344,1221000
2023-06-21,EWA,23.079999923706055,23.290000915527344,23.030000686645508,23.209999084472656,1404900
2023-06-22,EWA,22.670000076293945,22.729999542236328,22.600000381469727,22.719999313354492,1532500
2023-06-23,EWA,22.06999969482422,22.200000762939453,22.059999465942383,22.15999984741211,1085400
2023-06-26,EWA,22.079999923706055,22.219999313354492,22.06999969482422,22.18000030517578,796300
2023-06-27,EWA,22.290000915527344,22.40999984741211,22.209999084472656,22.360000610351562,989200
2023-06-28,EWA,22.209999084472656,22.299999237060547,22.15999984741211,22.219999313354492,1135200
2023-06-29,EWA,22.209999084472656,22.3700008392334,22.200000762939453,22.34000015258789,1057500
2023-06-30,EWA,22.479999542236328,22.600000381469727,22.459999084472656,22.549999237060547,3844900
2023-07-03,EWA,22.59000015258789,22.700000762939453,22.59000015258789,22.670000076293945,774000
2023-07-05,EWA,22.6299991607666,22.649999618530273,22.469999313354492,22.479999542236328,7647400
2023-07-06,EWA,22.09000015258789,22.09000015258789,21.809999465942383,21.920000076293945,1332800
2023-07-07,EWA,21.860000610351562,22.200000762939453,21.84000015258789,22.100000381469727,1257200
2023-07-10,EWA,21.809999465942383,22.020000457763672,21.809999465942383,21.989999771118164,961900
2023-07-11,EWA,22.100000381469727,22.299999237060547,22.079999923706055,22.299999237060547,949900
2023-07-12,EWA,22.670000076293945,22.84000015258789,22.65999984741211,22.829999923706055,1071200
2023-07-13,EWA,23.260000228881836,23.459999084472656,23.260000228881836,23.43000030517578,1377700
2023-07-14,EWA,23.489999771118164,23.510000228881836,23.290000915527344,23.299999237060547,1286200
2023-07-17,EWA,23.100000381469727,23.219999313354492,23.06999969482422,23.200000762939453,785300
2023-07-18,EWA,23.149999618530273,23.360000610351562,23.1299991607666,23.290000915527344,1318300
2023-07-19,EWA,23.200000762939453,23.260000228881836,23.1299991607666,23.190000534057617,4512400
2023-07-20,EWA,23.34000015258789,23.40999984741211,23.200000762939453,23.219999313354492,1516600
2023-07-21,EWA,23.170000076293945,23.170000076293945,23.09000015258789,23.139999389648438,1943400
2023-07-24,EWA,23.049999237060547,23.25,23.030000686645508,23.18000030517578,1659200
2023-07-25,EWA,23.239999771118164,23.420000076293945,23.239999771118164,23.399999618530273,1340100
2023-07-26,EWA,23.34000015258789,23.549999237060547,23.329999923706055,23.469999313354492,2088600
2023-07-27,EWA,23.65999984741211,23.68000030517578,23.209999084472656,23.25,3084400
2023-07-28,EWA,23.170000076293945,23.25,23.079999923706055,23.1299991607666,1353500
2023-07-31,EWA,23.270000457763672,23.43000030517578,23.270000457763672,23.360000610351562,1602000
2023-08-01,EWA,22.989999771118164,23.06999969482422,22.8799991607666,22.899999618530273,1516700
2023-08-02,EWA,22.520000457763672,22.540000915527344,22.299999237060547,22.34000015258789,1734400
2023-08-03,EWA,22.25,22.469999313354492,22.229999542236328,22.34000015258789,1372300
2023-08-04,EWA,22.540000915527344,22.780000686645508,22.459999084472656,22.469999313354492,2821700
2023-08-07,EWA,22.540000915527344,22.559999465942383,22.3799991607666,22.559999465942383,1166700
2023-08-08,EWA,22.239999771118164,22.420000076293945,22.139999389648438,22.40999984741211,1333100
2023-08-09,EWA,22.469999313354492,22.540000915527344,22.360000610351562,22.450000762939453,1167700
2023-08-10,EWA,22.670000076293945,22.81999969482422,22.43000030517578,22.440000534057617,1837700
2023-08-11,EWA,22.299999237060547,22.399999618530273,22.209999084472656,22.25,1847300
2023-08-14,EWA,22.0,22.18000030517578,21.920000076293945,22.139999389648438,2195100
2023-08-15,EWA,22.059999465942383,22.09000015258789,21.850000381469727,21.8700008392334,2421500
2023-08-16,EWA,21.75,21.8799991607666,21.600000381469727,21.6299991607666,2295400
2023-08-17,EWA,21.68000030517578,21.739999771118164,21.420000076293945,21.440000534057617,1978200
2023-08-18,EWA,21.31999969482422,21.510000228881836,21.290000915527344,21.459999084472656,1666100
2023-08-21,EWA,21.479999542236328,21.540000915527344,21.350000381469727,21.510000228881836,906100
2023-08-22,EWA,21.530000686645508,21.540000915527344,21.3700008392334,21.399999618530273,988000
2023-08-23,EWA,21.530000686645508,21.780000686645508,21.530000686645508,21.75,1889000
2023-08-24,EWA,21.56999969482422,21.649999618530273,21.360000610351562,21.360000610351562,2482500
2023-08-25,EWA,21.530000686645508,21.65999984741211,21.299999237060547,21.520000457763672,2463100
2023-08-28,EWA,21.6299991607666,21.729999542236328,21.6299991607666,21.709999084472656,881400
2023-08-29,EWA,21.700000762939453,22.1200008392334,21.68000030517578,22.1200008392334,1351300
2023-08-30,EWA,22.350000381469727,22.440000534057617,22.209999084472656,22.25,2121100
2023-08-31,EWA,22.31999969482422,22.350000381469727,22.15999984741211,22.209999084472656,1606400
2023-09-01,EWA,22.360000610351562,22.399999618530273,22.1200008392334,22.25,1417600
2023-09-05,EWA,22.139999389648438,22.170000076293945,22.040000915527344,22.049999237060547,1172600
2023-09-06,EWA,21.959999084472656,22.020000457763672,21.780000686645508,21.860000610351562,1822000
2023-09-07,EWA,21.780000686645508,21.829999923706055,21.65999984741211,21.75,970600
2023-09-08,EWA,21.719999313354492,21.809999465942383,21.670000076293945,21.700000762939453,957900
2023-09-11,EWA,22.139999389648438,22.18000030517578,22.020000457763672,22.049999237060547,1146100
2023-09-12,EWA,21.969999313354492,22.09000015258789,21.969999313354492,22.0,658300
2023-09-13,EWA,21.93000030517578,21.989999771118164,21.829999923706055,21.899999618530273,962200
2023-09-14,EWA,22.200000762939453,22.3700008392334,22.15999984741211,22.329999923706055,1625200
2023-09-15,EWA,22.3700008392334,22.43000030517578,22.229999542236328,22.239999771118164,1868900
2023-09-18,EWA,22.200000762939453,22.200000762939453,22.06999969482422,22.170000076293945,4414900
2023-09-19,EWA,22.239999771118164,22.290000915527344,22.110000610351562,22.15999984741211,1128900
2023-09-20,EWA,22.229999542236328,22.399999618530273,22.040000915527344,22.049999237060547,1146700
2023-09-21,EWA,21.549999237060547,21.59000015258789,21.350000381469727,21.350000381469727,1983900
2023-09-22,EWA,21.75,21.81999969482422,21.6200008392334,21.639999389648438,1239700
2023-09-25,EWA,21.530000686645508,21.649999618530273,21.479999542236328,21.6200008392334,1974000
2023-09-26,EWA,21.489999771118164,21.579999923706055,21.34000015258789,21.34000015258789,2408200
2023-09-27,EWA,21.420000076293945,21.440000534057617,21.110000610351562,21.25,2527800
2023-09-28,EWA,21.389999389648438,21.700000762939453,21.350000381469727,21.6299991607666,1440000
2023-09-29,EWA,21.889999389648438,21.899999618530273,21.469999313354492,21.510000228881836,1635800
2023-10-02,EWA,21.31999969482422,21.34000015258789,21.010000228881836,21.06999969482422,3044700
2023-10-03,EWA,20.860000610351562,20.969999313354492,20.709999084472656,20.790000915527344,1436600
2023-10-04,EWA,20.90999984741211,20.93000030517578,20.690000534057617,20.899999618530273,1527200
2023-10-05,EWA,20.969999313354492,21.139999389648438,20.950000762939453,21.09000015258789,2369500
2023-10-06,EWA,21.09000015258789,21.5,20.969999313354492,21.420000076293945,1547900
2023-10-09,EWA,21.209999084472656,21.489999771118164,21.200000762939453,21.459999084472656,1510100
2023-10-10,EWA,21.579999923706055,21.780000686645508,21.559999465942383,21.729999542236328,2457400
2023-10-11,EWA,21.790000915527344,21.829999923706055,21.579999923706055,21.729999542236328,1512100
2023-10-12,EWA,21.610000610351562,21.610000610351562,21.149999618530273,21.219999313354492,3174900
2023-10-13,EWA,21.280000686645508,21.3700008392334,21.09000015258789,21.15999984741211,3411600
2023-10-16,EWA,21.299999237060547,21.5,21.25,21.489999771118164,843300
2023-10-17,EWA,21.329999923706055,21.670000076293945,21.31999969482422,21.579999923706055,1526100
2023-10-18,EWA,21.450000762939453,21.469999313354492,21.200000762939453,21.229999542236328,2861400
2023-10-19,EWA,21.049999237060547,21.219999313354492,20.940000534057617,20.989999771118164,4194500
2023-10-20,EWA,20.799999237060547,20.829999923706055,20.610000610351562,20.6299991607666,2051000
2023-10-23,EWA,20.600000381469727,20.84000015258789,20.510000228881836,20.670000076293945,3221500
2023-10-24,EWA,20.860000610351562,20.969999313354492,20.799999237060547,20.920000076293945,2631200
2023-10-25,EWA,20.760000228881836,20.850000381469727,20.639999389648438,20.649999618530273,3189600
2023-10-26,EWA,20.65999984741211,20.729999542236328,20.510000228881836,20.610000610351562,3405900
2023-10-27,EWA,20.739999771118164,20.770000457763672,20.459999084472656,20.549999237060547,2951100
2023-10-30,EWA,20.790000915527344,20.850000381469727,20.670000076293945,20.799999237060547,2264500
2023-10-31,EWA,20.649999618530273,20.75,20.579999923706055,20.739999771118164,1594500
2023-11-01,EWA,20.90999984741211,21.1299991607666,20.8700008392334,21.1200008392334,2164300
2023-11-02,EWA,21.440000534057617,21.549999237060547,21.3799991607666,21.549999237060547,2654100
2023-11-03,EWA,21.729999542236328,21.8700008392334,21.700000762939453,21.809999465942383,1448800
2023-11-06,EWA,21.829999923706055,21.829999923706055,21.65999984741211,21.719999313354492,1580500
2023-11-07,EWA,21.450000762939453,21.520000457763672,21.389999389648438,21.469999313354492,2022300
2023-11-08,EWA,21.639999389648438,21.690000534057617,21.469999313354492,21.520000457763672,2038300
2023-11-09,EWA,21.639999389648438,21.729999542236328,21.389999389648438,21.399999618530273,1435400
2023-11-10,EWA,21.299999237060547,21.399999618530273,21.139999389648438,21.3799991607666,1440600
2023-11-13,EWA,21.299999237060547,21.510000228881836,21.280000686645508,21.489999771118164,1358700
2023-11-14,EWA,21.920000076293945,22.209999084472656,21.920000076293945,22.190000534057617,1561200
2023-11-15,EWA,22.229999542236328,22.31999969482422,22.15999984741211,22.190000534057617,1618600
2023-11-16,EWA,22.0,22.09000015258789,21.899999618530273,21.979999542236328,1830800
2023-11-17,EWA,22.09000015258789,22.209999084472656,22.049999237060547,22.209999084472656,1545400
2023-11-20,EWA,22.200000762939453,22.399999618530273,22.190000534057617,22.360000610351562,1449600
2023-11-21,EWA,22.40999984741211,22.459999084472656,22.290000915527344,22.329999923706055,1909800
2023-11-22,EWA,22.280000686645508,22.309999465942383,22.149999618530273,22.25,1781000
2023-11-24,EWA,22.31999969482422,22.459999084472656,22.31999969482422,22.450000762939453,731200
2023-11-27,EWA,22.270000457763672,22.309999465942383,22.190000534057617,22.260000228881836,1082900
2023-11-28,EWA,22.40999984741211,22.579999923706055,22.350000381469727,22.510000228881836,1887200
2023-11-29,EWA,22.459999084472656,22.5,22.329999923706055,22.399999618530273,1299500
2023-11-30,EWA,22.420000076293945,22.530000686645508,22.31999969482422,22.450000762939453,1855100
2023-12-01,EWA,22.520000457763672,22.950000762939453,22.5,22.93000030517578,1908300
2023-12-04,EWA,22.56999969482422,22.729999542236328,22.530000686645508,22.549999237060547,2620300
2023-12-05,EWA,22.329999923706055,22.420000076293945,22.270000457763672,22.34000015258789,2223900
2023-12-06,EWA,22.790000915527344,22.81999969482422,22.520000457763672,22.540000915527344,2291300
2023-12-07,EWA,22.690000534057617,22.790000915527344,22.549999237060547,22.739999771118164,1609100
2023-12-08,EWA,22.690000534057617,22.889999389648438,22.670000076293945,22.81999969482422,1528900
2023-12-11,EWA,22.75,22.809999465942383,22.700000762939453,22.809999465942383,1410200
2023-12-12,EWA,22.81999969482422,22.8700008392334,22.719999313354492,22.8700008392334,1504700
2023-12-13,EWA,23.079999923706055,23.6200008392334,22.969999313354492,23.6200008392334,2822100
2023-12-14,EWA,23.899999618530273,24.09000015258789,23.860000610351562,23.989999771118164,3358100
2023-12-15,EWA,23.90999984741211,24.049999237060547,23.809999465942383,23.829999923706055,2618000
2023-12-18,EWA,24.100000381469727,24.139999389648438,23.979999542236328,24.0,1975000
2023-12-19,EWA,24.420000076293945,24.56999969482422,24.399999618530273,24.520000457763672,2932000
2023-12-20,EWA,24.09000015258789,24.15999984741211,23.700000762939453,23.700000762939453,2448600
2023-12-21,EWA,24.059999465942383,24.190000534057617,23.969999313354492,24.18000030517578,2540700
2023-12-22,EWA,24.290000915527344,24.329999923706055,24.18000030517578,24.239999771118164,2369900
2023-12-26,EWA,24.290000915527344,24.440000534057617,24.209999084472656,24.440000534057617,2216000
2023-12-27,EWA,24.440000534057617,24.56999969482422,24.420000076293945,24.559999465942383,1996400
2023-12-28,EWA,24.489999771118164,24.670000076293945,24.479999542236328,24.489999771118164,1498700
2023-12-29,EWA,24.360000610351562,24.469999313354492,24.239999771118164,24.34000015258789,2594100
2024-01-02,EWA,24.270000457763672,24.34000015258789,24.139999389648438,24.149999618530273,3100200
2024-01-03,EWA,23.829999923706055,24.0,23.739999771118164,23.899999618530273,2369100
2024-01-04,EWA,23.790000915527344,23.959999084472656,23.780000686645508,23.81999969482422,2256000
2024-01-05,EWA,23.719999313354492,24.049999237060547,23.690000534057617,23.799999237060547,2114200
2024-01-08,EWA,23.68000030517578,23.979999542236328,23.65999984741211,23.969999313354492,1685500
2024-01-09,EWA,23.75,23.790000915527344,23.68000030517578,23.719999313354492,1937200
2024-01-10,EWA,23.65999984741211,23.739999771118164,23.639999389648438,23.68000030517578,1986800
2024-01-11,EWA,23.700000762939453,23.739999771118164,23.3700008392334,23.65999984741211,2986600
2024-01-12,EWA,23.889999389648438,23.959999084472656,23.670000076293945,23.709999084472656,4257300
2024-01-16,EWA,23.209999084472656,23.25,23.020000457763672,23.100000381469727,4221900
2024-01-17,EWA,22.790000915527344,22.860000610351562,22.700000762939453,22.850000381469727,6857500
2024-01-18,EWA,22.940000534057617,23.06999969482422,22.889999389648438,23.059999465942383,3269800
2024-01-19,EWA,23.170000076293945,23.280000686645508,23.049999237060547,23.280000686645508,4500400
2024-01-22,EWA,23.299999237060547,23.420000076293945,23.219999313354492,23.280000686645508,2336800
2024-01-23,EWA,23.450000762939453,23.520000457763672,23.34000015258789,23.479999542236328,2289500
2024-01-24,EWA,23.799999237060547,23.809999465942383,23.489999771118164,23.5,4093700
2024-01-25,EWA,23.700000762939453,23.700000762939453,23.530000686645508,23.639999389648438,3364300
2024-01-26,EWA,23.719999313354492,23.780000686645508,23.6299991607666,23.690000534057617,2636100
2024-01-29,EWA,23.709999084472656,23.899999618530273,23.639999389648438,23.860000610351562,2446500
2024-01-30,EWA,23.709999084472656,23.809999465942383,23.600000381469727,23.799999237060547,2710900
2024-01-31,EWA,23.979999542236328,24.049999237060547,23.59000015258789,23.6200008392334,4753500
2024-02-01,EWA,23.479999542236328,23.75,23.450000762939453,23.739999771118164,3476600
2024-02-02,EWA,23.670000076293945,23.68000030517578,23.479999542236328,23.600000381469727,3064000
2024-02-05,EWA,23.40999984741211,23.420000076293945,23.209999084472656,23.360000610351562,2695000
2024-02-06,EWA,23.399999618530273,23.6299991607666,23.3700008392334,23.6299991607666,3063600
2024-02-07,EWA,23.549999237060547,23.59000015258789,23.479999542236328,23.549999237060547,2331700
2024-02-08,EWA,23.510000228881836,23.530000686645508,23.40999984741211,23.520000457763672,1840100
2024-02-09,EWA,23.579999923706055,23.65999984741211,23.479999542236328,23.649999618530273,1832000
2024-02-12,EWA,23.530000686645508,23.719999313354492,23.530000686645508,23.6299991607666,1541800
2024-02-13,EWA,23.1299991607666,23.139999389648438,22.809999465942383,22.979999542236328,3438600
2024-02-14,EWA,23.229999542236328,23.3700008392334,23.200000762939453,23.3700008392334,4489700
2024-02-15,EWA,23.540000915527344,23.760000228881836,23.540000915527344,23.75,3283000
2024-02-16,EWA,23.639999389648438,23.860000610351562,23.610000610351562,23.729999542236328,1937800
2024-02-20,EWA,23.889999389648438,23.90999984741211,23.68000030517578,23.75,2050200
2024-02-21,EWA,23.670000076293945,23.690000534057617,23.520000457763672,23.6299991607666,1888800
2024-02-22,EWA,23.75,23.8799991607666,23.709999084472656,23.860000610351562,1695800
2024-02-23,EWA,23.940000534057617,23.969999313354492,23.8700008392334,23.90999984741211,1138600
2024-02-26,EWA,23.889999389648438,23.90999984741211,23.760000228881836,23.829999923706055,1443300
2024-02-27,EWA,23.950000762939453,24.010000228881836,23.920000076293945,23.989999771118164,1924100
2024-02-28,EWA,23.65999984741211,23.729999542236328,23.649999618530273,23.709999084472656,1473600
2024-02-29,EWA,23.920000076293945,24.0,23.799999237060547,23.920000076293945,1697800
2024-03-01,EWA,24.010000228881836,24.200000762939453,23.899999618530273,24.190000534057617,1630500
2024-03-04,EWA,24.020000457763672,24.06999969482422,23.989999771118164,24.020000457763672,1297800
2024-03-05,EWA,24.020000457763672,24.1200008392334,23.8799991607666,23.950000762939453,1491100
2024-03-06,EWA,24.350000381469727,24.5,24.329999923706055,24.3700008392334,1806800
2024-03-07,EWA,24.770000457763672,24.809999465942383,24.709999084472656,24.760000228881836,1784200
2024-03-08,EWA,25.0,25.040000915527344,24.729999542236328,24.770000457763672,1848100
2024-03-11,EWA,24.299999237060547,24.43000030517578,24.25,24.40999984741211,2327800
2024-03-12,EWA,24.309999465942383,24.420000076293945,24.219999313354492,24.40999984741211,1612500
2024-03-13,EWA,24.489999771118164,24.649999618530273,24.489999771118164,24.59000015258789,4396100
2024-03-14,EWA,24.40999984741211,24.420000076293945,24.010000228881836,24.1200008392334,3472100
2024-03-15,EWA,24.09000015258789,24.100000381469727,23.940000534057617,24.030000686645508,2238000
2024-03-18,EWA,24.170000076293945,24.18000030517578,24.049999237060547,24.079999923706055,1436600
2024-03-19,EWA,23.989999771118164,24.15999984741211,23.950000762939453,24.1200008392334,1479500
2024-03-20,EWA,24.030000686645508,24.440000534057617,24.0,24.420000076293945,1983700
2024-03-21,EWA,24.5,24.540000915527344,24.40999984741211,24.420000076293945,1192900
2024-03-22,EWA,24.329999923706055,24.3700008392334,24.25,24.260000228881836,2611100
2024-03-25,EWA,24.3799991607666,24.520000457763672,24.360000610351562,24.360000610351562,1645400
2024-03-26,EWA,24.450000762939453,24.450000762939453,24.270000457763672,24.280000686645508,3471900
2024-03-27,EWA,24.43000030517578,24.670000076293945,24.43000030517578,24.65999984741211,1383200
2024-03-28,EWA,24.56999969482422,24.709999084472656,24.56999969482422,24.65999984741211,2922000
2024-04-01,EWA,24.65999984741211,24.739999771118164,24.469999313354492,24.579999923706055,2192900
2024-04-02,EWA,24.440000534057617,24.540000915527344,24.399999618530273,24.520000457763672,2253400
2024-04-03,EWA,24.290000915527344,24.59000015258789,24.290000915527344,24.56999969482422,2314200
2024-04-04,EWA,24.850000381469727,24.850000381469727,24.399999618530273,24.43000030517578,2183100
2024-04-05,EWA,24.479999542236328,24.649999618530273,24.3700008392334,24.559999465942383,2634000
2024-04-08,EWA,24.65999984741211,24.75,24.610000610351562,24.700000762939453,1146200
2024-04-09,EWA,24.899999618530273,24.940000534057617,24.65999984741211,24.850000381469727,3558200
2024-04-10,EWA,24.389999389648438,24.469999313354492,24.18000030517578,24.290000915527344,3813200
2024-04-11,EWA,24.389999389648438,24.43000030517578,24.110000610351562,24.350000381469727,4704200
2024-04-12,EWA,24.139999389648438,24.229999542236328,23.860000610351562,23.899999618530273,2882300
2024-04-15,EWA,24.15999984741211,24.15999984741211,23.65999984741211,23.729999542236328,3021400
2024-04-16,EWA,23.34000015258789,23.3799991607666,23.149999618530273,23.239999771118164,3535900
2024-04-17,EWA,23.600000381469727,23.6200008392334,23.360000610351562,23.5,3551100
2024-04-18,EWA,23.479999542236328,23.540000915527344,23.290000915527344,23.299999237060547,2218100
2024-04-19,EWA,23.3700008392334,23.479999542236328,23.290000915527344,23.360000610351562,2785900
2024-04-22,EWA,23.5,23.739999771118164,23.469999313354492,23.649999618530273,1742600
2024-04-23,EWA,23.68000030517578,23.90999984741211,23.6200008392334,23.860000610351562,1187000
2024-04-24,EWA,23.799999237060547,23.81999969482422,23.610000610351562,23.719999313354492,1328900
2024-04-25,EWA,23.360000610351562,23.6299991607666,23.290000915527344,23.579999923706055,2271500
2024-04-26,EWA,23.65999984741211,23.75,23.56999969482422,23.719999313354492,2357100
2024-04-29,EWA,23.860000610351562,23.940000534057617,23.799999237060547,23.93000030517578,1130900
2024-04-30,EWA,23.719999313354492,23.770000457763672,23.34000015258789,23.34000015258789,2298700
2024-05-01,EWA,23.350000381469727,23.719999313354492,23.280000686645508,23.389999389648438,3517800
2024-05-02,EWA,23.65999984741211,23.899999618530273,23.5,23.81999969482422,2433300
2024-05-03,EWA,24.200000762939453,24.31999969482422,24.020000457763672,24.15999984741211,2088600
2024-05-06,EWA,24.3700008392334,24.479999542236328,24.360000610351562,24.420000076293945,1216900
2024-05-07,EWA,24.65999984741211,24.709999084472656,24.559999465942383,24.6299991607666,1542100
2024-05-08,EWA,24.40999984741211,24.510000228881836,24.389999389648438,24.5,1593700
2024-05-09,EWA,24.309999465942383,24.489999771118164,24.309999465942383,24.489999771118164,4133600
2024-05-10,EWA,24.56999969482422,24.59000015258789,24.450000762939453,24.479999542236328,1787300
2024-05-13,EWA,24.6200008392334,24.649999618530273,24.479999542236328,24.520000457763672,1646900
2024-05-14,EWA,24.559999465942383,24.65999984741211,24.540000915527344,24.65999984741211,1042200
2024-05-15,EWA,24.81999969482422,25.020000457763672,24.65999984741211,25.020000457763672,1394200
2024-05-16,EWA,25.15999984741211,25.209999084472656,25.100000381469727,25.1299991607666,1298200
2024-05-17,EWA,25.049999237060547,25.239999771118164,25.0,25.239999771118164,1020900
2024-05-20,EWA,25.1299991607666,25.209999084472656,25.06999969482422,25.09000015258789,1071400
2024-05-21,EWA,25.100000381469727,25.190000534057617,25.079999923706055,25.1200008392334,1812200
2024-05-22,EWA,24.950000762939453,24.950000762939453,24.579999923706055,24.639999389648438,6066100
2024-05-23,EWA,24.950000762939453,24.959999084472656,24.420000076293945,24.5,1785300
2024-05-24,EWA,24.559999465942383,24.739999771118164,24.559999465942383,24.709999084472656,1033900
2024-05-28,EWA,24.84000015258789,24.84000015258789,24.549999237060547,24.6200008392334,1557800
2024-05-29,EWA,24.299999237060547,24.309999465942383,24.190000534057617,24.200000762939453,1895400
2024-05-30,EWA,24.399999618530273,24.530000686645508,24.360000610351562,24.43000030517578,1473100
2024-05-31,EWA,24.6200008392334,24.65999984741211,24.3799991607666,24.649999618530273,1316200
2024-06-03,EWA,24.81999969482422,24.889999389648438,24.65999984741211,24.809999465942383,2169000
2024-06-04,EWA,24.6299991607666,24.68000030517578,24.510000228881836,24.649999618530273,2205700
2024-06-05,EWA,24.860000610351562,24.950000762939453,24.700000762939453,24.950000762939453,829300
2024-06-06,EWA,24.899999618530273,25.1200008392334,24.889999389648438,25.100000381469727,1585700
2024-06-07,EWA,24.899999618530273,24.979999542236328,24.729999542236328,24.739999771118164,1097300
2024-06-10,EWA,24.6299991607666,24.829999923706055,24.579999923706055,24.770000457763672,712700
2024-06-11,EWA,24.0,24.079999923706055,23.8700008392334,24.049999237060547,1090700
2024-06-12,EWA,24.579999923706055,24.6299991607666,24.360000610351562,24.399999618530273,1718500
2024-06-13,EWA,24.350000381469727,24.350000381469727,24.100000381469727,24.260000228881836,797400
2024-06-14,EWA,23.93000030517578,24.100000381469727,23.889999389648438,24.09000015258789,892100
2024-06-17,EWA,23.989999771118164,24.200000762939453,23.90999984741211,24.15999984741211,2993300
2024-06-18,EWA,24.299999237060547,24.469999313354492,24.280000686645508,24.43000030517578,1222600
2024-06-20,EWA,24.450000762939453,24.520000457763672,24.350000381469727,24.459999084472656,1108600
2024-06-21,EWA,24.399999618530273,24.420000076293945,24.309999465942383,24.3700008392334,1264800
2024-06-24,EWA,24.40999984741211,24.56999969482422,24.40999984741211,24.459999084472656,2609000
2024-06-25,EWA,24.540000915527344,24.559999465942383,24.43000030517578,24.520000457763672,1980600
2024-06-26,EWA,24.280000686645508,24.34000015258789,24.170000076293945,24.239999771118164,6328200
2024-06-27,EWA,24.43000030517578,24.489999771118164,24.3799991607666,24.459999084472656,1151000
2024-06-28,EWA,24.479999542236328,24.579999923706055,24.31999969482422,24.43000030517578,4620000
2024-07-01,EWA,24.459999084472656,24.610000610351562,24.299999237060547,24.34000015258789,988700
2024-07-02,EWA,24.239999771118164,24.420000076293945,24.209999084472656,24.420000076293945,937000
2024-07-03,EWA,24.6299991607666,24.850000381469727,24.6200008392334,24.790000915527344,568600
2024-07-05,EWA,24.969999313354492,24.979999542236328,24.719999313354492,24.950000762939453,896700
2024-07-08,EWA,24.889999389648438,24.920000076293945,24.719999313354492,24.729999542236328,8202200
2024-07-09,EWA,24.790000915527344,24.81999969482422,24.670000076293945,24.770000457763672,1562300
2024-07-10,EWA,25.020000457763672,25.149999618530273,24.989999771118164,25.139999389648438,1328400
2024-07-11,EWA,25.31999969482422,25.389999389648438,25.25,25.260000228881836,1651200
2024-07-12,EWA,25.559999465942383,25.770000457763672,25.549999237060547,25.6299991607666,2653100
2024-07-15,EWA,25.68000030517578,25.690000534057617,25.520000457763672,25.540000915527344,1383700
2024-07-16,EWA,25.389999389648438,25.600000381469727,25.350000381469727,25.59000015258789,1707000
2024-07-17,EWA,25.459999084472656,25.59000015258789,25.399999618530273,25.40999984741211,1614100
2024-07-18,EWA,25.489999771118164,25.530000686645508,25.059999465942383,25.110000610351562,1642700
2024-07-19,EWA,25.040000915527344,25.110000610351562,24.90999984741211,24.950000762939453,1347100
2024-07-22,EWA,24.969999313354492,25.040000915527344,24.899999618530273,25.030000686645508,1127300
2024-07-23,EWA,24.920000076293945,24.979999542236328,24.889999389648438,24.889999389648438,1012900
2024-07-24,EWA,24.75,24.829999923706055,24.450000762939453,24.450000762939453,1899800
2024-07-25,EWA,24.239999771118164,24.6299991607666,24.209999084472656,24.329999923706055,1600200
2024-07-26,EWA,24.6299991607666,24.739999771118164,24.56999969482422,24.68000030517578,1051700
2024-07-29,EWA,24.6200008392334,24.6200008392334,24.420000076293945,24.510000228881836,802900
2024-07-30,EWA,24.649999618530273,24.719999313354492,24.579999923706055,24.670000076293945,1105100
2024-07-31,EWA,24.93000030517578,25.15999984741211,24.850000381469727,25.020000457763672,1701700
2024-08-01,EWA,24.8799991607666,24.940000534057617,24.270000457763672,24.43000030517578,3046800
2024-08-02,EWA,24.25,24.270000457763672,23.770000457763672,24.020000457763672,2008300
2024-08-05,EWA,23.0,23.420000076293945,22.950000762939453,23.209999084472656,3649400
2024-08-06,EWA,23.290000915527344,23.790000915527344,23.25,23.610000610351562,1909400
2024-08-07,EWA,23.959999084472656,24.020000457763672,23.510000228881836,23.559999465942383,1263600
2024-08-08,EWA,23.8799991607666,24.18000030517578,23.81999969482422,24.110000610351562,1002400
2024-08-09,EWA,24.170000076293945,24.31999969482422,24.059999465942383,24.290000915527344,1050800
2024-08-12,EWA,24.239999771118164,24.329999923706055,24.15999984741211,24.25,1244900
2024-08-13,EWA,24.34000015258789,24.65999984741211,24.34000015258789,24.6299991607666,1431600
2024-08-14,EWA,24.469999313354492,24.530000686645508,24.399999618530273,24.479999542236328,887400
2024-08-15,EWA,24.6200008392334,24.809999465942383,24.600000381469727,24.700000762939453,646200
2024-08-16,EWA,24.729999542236328,24.959999084472656,24.729999542236328,24.950000762939453,866600
2024-08-19,EWA,25.200000762939453,25.459999084472656,25.200000762939453,25.399999618530273,840800
2024-08-20,EWA,25.3700008392334,25.3799991607666,25.229999542236328,25.260000228881836,727100
2024-08-21,EWA,25.469999313354492,25.600000381469727,25.40999984741211,25.530000686645508,1120300
2024-08-22,EWA,25.530000686645508,25.540000915527344,25.239999771118164,25.270000457763672,1230000
2024-08-23,EWA,25.520000457763672,25.93000030517578,25.479999542236328,25.899999618530273,1529900
2024-08-26,EWA,25.969999313354492,26.0,25.84000015258789,25.8700008392334,762800
2024-08-27,EWA,25.729999542236328,25.84000015258789,25.700000762939453,25.81999969482422,687100
2024-08-28,EWA,25.860000610351562,25.90999984741211,25.65999984741211,25.790000915527344,1038300
2024-08-29,EWA,25.940000534057617,26.149999618530273,25.8700008392334,26.049999237060547,1048100
2024-08-30,EWA,25.940000534057617,25.979999542236328,25.65999984741211,25.8700008392334,1301900
2024-09-03,EWA,25.809999465942383,25.850000381469727,25.40999984741211,25.5,1606000
2024-09-04,EWA,25.360000610351562,25.600000381469727,25.360000610351562,25.469999313354492,799900
2024-09-05,EWA,25.6200008392334,25.68000030517578,25.420000076293945,25.579999923706055,1326100
2024-09-06,EWA,25.6299991607666,25.729999542236328,25.06999969482422,25.1200008392334,2383300
2024-09-09,EWA,25.43000030517578,25.649999618530273,25.399999618530273,25.559999465942383,1265100
2024-09-10,EWA,25.520000457763672,25.530000686645508,25.270000457763672,25.450000762939453,1042300
2024-09-11,EWA,25.399999618530273,25.6299991607666,25.059999465942383,25.610000610351562,1347900
2024-09-12,EWA,25.790000915527344,26.059999465942383,25.690000534057617,26.049999237060547,1395000
2024-09-13,EWA,26.010000228881836,26.100000381469727,25.920000076293945,25.959999084472656,1016600
2024-09-16,EWA,26.200000762939453,26.360000610351562,26.1200008392334,26.350000381469727,1203200
2024-09-17,EWA,26.3799991607666,26.399999618530273,26.1200008392334,26.200000762939453,1191200
2024-09-18,EWA,26.329999923706055,26.610000610351562,26.110000610351562,26.149999618530273,1263800
2024-09-19,EWA,26.8799991607666,26.899999618530273,26.6200008392334,26.81999969482422,2163100
2024-09-20,EWA,26.6200008392334,26.6200008392334,26.3799991607666,26.510000228881836,1180400
2024-09-23,EWA,26.56999969482422,26.68000030517578,26.530000686645508,26.649999618530273,753500
2024-09-24,EWA,26.709999084472656,26.889999389648438,26.6299991607666,26.8799991607666,2549500
2024-09-25,EWA,26.75,26.770000457763672,26.420000076293945,26.440000534057617,1159400
2024-09-26,EWA,26.899999618530273,27.049999237060547,26.81999969482422,26.969999313354492,1883500
2024-09-27,EWA,27.09000015258789,27.18000030517578,27.0,27.049999237060547,3081900
2024-09-30,EWA,27.229999542236328,27.229999542236328,26.93000030517578,27.110000610351562,1880900
2024-10-01,EWA,27.059999465942383,27.059999465942383,26.729999542236328,26.90999984741211,2186600
2024-10-02,EWA,26.920000076293945,27.030000686645508,26.790000915527344,26.899999618530273,1054900
2024-10-03,EWA,26.65999984741211,26.719999313354492,26.530000686645508,26.6299991607666,1222600
2024-10-04,EWA,26.459999084472656,26.520000457763672,26.350000381469727,26.459999084472656,3246100
2024-10-07,EWA,26.440000534057617,26.5,26.25,26.3700008392334,933500
2024-10-08,EWA,26.280000686645508,26.34000015258789,26.149999618530273,26.290000915527344,1200000
2024-10-09,EWA,26.079999923706055,26.309999465942383,26.06999969482422,26.219999313354492,1568300
2024-10-10,EWA,26.170000076293945,26.329999923706055,26.079999923706055,26.31999969482422,1430100
2024-10-11,EWA,26.299999237060547,26.559999465942383,26.299999237060547,26.5,1918200
2024-10-14,EWA,26.329999923706055,26.549999237060547,26.309999465942383,26.530000686645508,1515500
2024-10-15,EWA,26.530000686645508,26.579999923706055,26.329999923706055,26.3700008392334,2009600
2024-10-16,EWA,26.469999313354492,26.549999237060547,26.450000762939453,26.459999084472656,893200
2024-10-17,EWA,26.56999969482422,26.600000381469727,26.450000762939453,26.459999084472656,872500
2024-10-18,EWA,26.559999465942383,26.610000610351562,26.459999084472656,26.559999465942383,552400
2024-10-21,EWA,26.420000076293945,26.489999771118164,26.149999618530273,26.209999084472656,756400
2024-10-22,EWA,26.079999923706055,26.149999618530273,25.989999771118164,26.139999389648438,1895400
2024-10-23,EWA,25.8799991607666,25.93000030517578,25.68000030517578,25.84000015258789,1618500
2024-10-24,EWA,26.049999237060547,26.049999237060547,25.790000915527344,25.989999771118164,771800
2024-10-25,EWA,26.059999465942383,26.059999465942383,25.75,25.790000915527344,1275800
2024-10-28,EWA,25.81999969482422,25.979999542236328,25.809999465942383,25.899999618530273,963600
2024-10-29,EWA,25.75,25.829999923706055,25.68000030517578,25.719999313354492,1044900
2024-10-30,EWA,25.479999542236328,25.770000457763672,25.479999542236328,25.579999923706055,1214500
2024-10-31,EWA,25.420000076293945,25.440000534057617,25.100000381469727,25.350000381469727,927600
2024-11-01,EWA,25.6200008392334,25.729999542236328,25.440000534057617,25.450000762939453,1235000
2024-11-04,EWA,25.600000381469727,25.709999084472656,25.440000534057617,25.479999542236328,943400
2024-11-05,EWA,25.68000030517578,25.8700008392334,25.65999984741211,25.8700008392334,866000
2024-11-06,EWA,25.520000457763672,25.739999771118164,25.34000015258789,25.709999084472656,1151500
2024-11-07,EWA,26.209999084472656,26.479999542236328,26.190000534057617,26.469999313354492,1609300
2024-11-08,EWA,26.1200008392334,26.139999389648438,25.809999465942383,25.940000534057617,1760800
2024-11-11,EWA,26.020000457763672,26.040000915527344,25.8700008392334,25.93000030517578,1257200
2024-11-12,EWA,25.739999771118164,25.799999237060547,25.3700008392334,25.5,1614600
2024-11-13,EWA,25.600000381469727,25.610000610351562,25.360000610351562,25.510000228881836,918600
2024-11-14,EWA,25.75,25.81999969482422,25.530000686645508,25.559999465942383,1569400
2024-11-15,EWA,25.639999389648438,25.65999984741211,25.510000228881836,25.56999969482422,1454600
2024-11-18,EWA,25.68000030517578,25.959999084472656,25.649999618530273,25.920000076293945,1797300
2024-11-19,EWA,25.8799991607666,26.209999084472656,25.809999465942383,26.139999389648438,1208500
2024-11-20,EWA,25.959999084472656,26.0,25.799999237060547,25.979999542236328,1020100
2024-11-21,EWA,26.100000381469727,26.299999237060547,26.010000228881836,26.239999771118164,900800
2024-11-22,EWA,26.200000762939453,26.329999923706055,26.15999984741211,26.31999969482422,1610800
2024-11-25,EWA,26.43000030517578,26.459999084472656,26.209999084472656,26.31999969482422,1679200
2024-11-26,EWA,26.079999923706055,26.079999923706055,25.8799991607666,25.969999313354492,1115300
2024-11-27,EWA,26.18000030517578,26.299999237060547,26.149999618530273,26.25,1328100
2024-11-29,EWA,26.25,26.43000030517578,26.239999771118164,26.43000030517578,2025200
2024-12-02,EWA,26.329999923706055,26.389999389648438,26.139999389648438,26.360000610351562,1629300
2024-12-03,EWA,26.34000015258789,26.40999984741211,26.229999542236328,26.290000915527344,1745400
2024-12-04,EWA,26.079999923706055,26.15999984741211,26.040000915527344,26.1299991607666,1551200
2024-12-05,EWA,26.079999923706055,26.139999389648438,25.979999542236328,26.09000015258789,1418800
2024-12-06,EWA,25.920000076293945,25.940000534057617,25.450000762939453,25.700000762939453,1855400
2024-12-09,EWA,26.170000076293945,26.25,26.0,26.020000457763672,2085300
2024-12-10,EWA,25.700000762939453,25.700000762939453,25.559999465942383,25.579999923706055,1985000
2024-12-11,EWA,25.549999237060547,25.670000076293945,25.510000228881836,25.6299991607666,1804900
2024-12-12,EWA,25.360000610351562,25.469999313354492,25.200000762939453,25.200000762939453,1770000
2024-12-13,EWA,25.31999969482422,25.31999969482422,25.100000381469727,25.100000381469727,1288300
2024-12-16,EWA,25.209999084472656,25.270000457763672,25.1200008392334,25.149999618530273,1144300
2024-12-17,EWA,24.799999237060547,24.90999984741211,24.770000457763672,24.799999237060547,1521600
2024-12-18,EWA,24.760000228881836,24.780000686645508,23.90999984741211,23.979999542236328,1063100
2024-12-19,EWA,23.969999313354492,24.020000457763672,23.770000457763672,23.829999923706055,2033100
2024-12-20,EWA,23.56999969482422,24.030000686645508,23.540000915527344,23.770000457763672,1895000
2024-12-23,EWA,23.950000762939453,24.139999389648438,23.790000915527344,24.100000381469727,1136100
2024-12-24,EWA,24.170000076293945,24.239999771118164,24.010000228881836,24.200000762939453,609700
2024-12-26,EWA,24.200000762939453,24.350000381469727,24.15999984741211,24.31999969482422,886300
2024-12-27,EWA,24.100000381469727,24.15999984741211,23.950000762939453,24.059999465942383,958100
2024-12-30,EWA,24.0,24.09000015258789,23.799999237060547,23.969999313354492,1033100
2024-12-31,EWA,23.8700008392334,23.969999313354492,23.780000686645508,23.860000610351562,1608500
2025-01-02,EWA,24.059999465942383,24.100000381469727,23.799999237060547,23.90999984741211,1432300
2025-01-03,EWA,24.200000762939453,24.239999771118164,24.040000915527344,24.200000762939453,853000
2025-01-06,EWA,24.459999084472656,24.520000457763672,24.260000228881836,24.329999923706055,1008100
2025-01-07,EWA,24.559999465942383,24.610000610351562,24.200000762939453,24.219999313354492,896900
2025-01-08,EWA,24.309999465942383,24.389999389648438,24.18000030517578,24.360000610351562,2924900
2025-01-10,EWA,24.110000610351562,24.110000610351562,23.790000915527344,23.809999465942383,1394200
2025-01-13,EWA,23.65999984741211,23.889999389648438,23.639999389648438,23.8799991607666,1142100
2025-01-14,EWA,23.920000076293945,24.010000228881836,23.799999237060547,23.979999542236328,785800
2025-01-15,EWA,24.399999618530273,24.420000076293945,24.25,24.350000381469727,628600
2025-01-16,EWA,24.280000686645508,24.440000534057617,24.229999542236328,24.329999923706055,948200
2025-01-17,EWA,24.219999313354492,24.43000030517578,24.209999084472656,24.239999771118164,1302900
2025-01-21,EWA,24.6200008392334,24.81999969482422,24.579999923706055,24.799999237060547,1014300
2025-01-22,EWA,24.8700008392334,24.8700008392334,24.670000076293945,24.709999084472656,701900
2025-01-23,EWA,24.610000610351562,24.790000915527344,24.56999969482422,24.75,584800
2025-01-24,EWA,24.899999618530273,25.010000228881836,24.860000610351562,24.90999984741211,584100
2025-01-27,EWA,24.690000534057617,24.8700008392334,24.690000534057617,24.8700008392334,969900
2025-01-28,EWA,24.760000228881836,24.790000915527344,24.579999923706055,24.790000915527344,499600
2025-01-29,EWA,24.68000030517578,24.780000686645508,24.549999237060547,24.639999389648438,836500
2025-01-30,EWA,24.969999313354492,25.100000381469727,24.81999969482422,24.950000762939453,824500
2025-01-31,EWA,24.899999618530273,25.059999465942383,24.610000610351562,24.610000610351562,1409800
2025-02-03,EWA,24.270000457763672,24.6299991607666,24.219999313354492,24.489999771118164,1701900
2025-02-04,EWA,24.540000915527344,24.829999923706055,24.540000915527344,24.780000686645508,1078900
2025-02-05,EWA,24.8799991607666,25.049999237060547,24.850000381469727,25.010000228881836,2555700
2025-02-06,EWA,25.1299991607666,25.200000762939453,25.040000915527344,25.1299991607666,1129400
2025-02-07,EWA,25.15999984741211,25.219999313354492,24.860000610351562,24.93000030517578,1789700
2025-02-10,EWA,25.139999389648438,25.170000076293945,25.059999465942383,25.09000015258789,1322900
2025-02-11,EWA,24.93000030517578,25.100000381469727,24.899999618530273,25.040000915527344,1283000
2025-02-12,EWA,25.079999923706055,25.420000076293945,25.020000457763672,25.260000228881836,3585900
2025-02-13,EWA,25.290000915527344,25.670000076293945,25.260000228881836,25.65999984741211,1973600
2025-02-14,EWA,25.59000015258789,25.6299991607666,25.43000030517578,25.469999313354492,1962000
2025-02-18,EWA,25.3799991607666,25.450000762939453,25.31999969482422,25.420000076293945,2789400
2025-02-19,EWA,24.959999084472656,25.06999969482422,24.899999618530273,25.040000915527344,1664100
2025-02-20,EWA,25.030000686645508,25.110000610351562,24.93000030517578,25.09000015258789,1124300
2025-02-21,EWA,24.899999618530273,24.899999618530273,24.489999771118164,24.549999237060547,2563900
2025-02-24,EWA,24.760000228881836,24.790000915527344,24.549999237060547,24.6299991607666,1709000
2025-02-25,EWA,24.639999389648438,24.65999984741211,24.360000610351562,24.540000915527344,1846100
2025-02-26,EWA,24.450000762939453,24.690000534057617,24.40999984741211,24.440000534057617,2909200
2025-02-27,EWA,24.3799991607666,24.3799991607666,24.059999465942383,24.06999969482422,3046600
2025-02-28,EWA,23.889999389648438,24.020000457763672,23.729999542236328,23.989999771118164,2518100
2025-03-03,EWA,24.309999465942383,24.360000610351562,23.770000457763672,23.950000762939453,3673400
2025-03-04,EWA,23.84000015258789,24.209999084472656,23.59000015258789,23.920000076293945,2987400
2025-03-05,EWA,24.110000610351562,24.479999542236328,24.100000381469727,24.40999984741211,2458400
2025-03-06,EWA,24.1200008392334,24.31999969482422,24.010000228881836,24.020000457763672,2257500
2025-03-07,EWA,23.6299991607666,23.959999084472656,23.56999969482422,23.889999389648438,6270400
2025-03-10,EWA,23.6299991607666,23.68000030517578,23.200000762939453,23.420000076293945,2132200
2025-03-11,EWA,23.389999389648438,23.469999313354492,23.100000381469727,23.31999969482422,2190700
2025-03-12,EWA,23.299999237060547,23.3700008392334,23.100000381469727,23.309999465942383,2104100
2025-03-13,EWA,23.040000915527344,23.170000076293945,22.969999313354492,23.020000457763672,1537400
2025-03-14,EWA,23.229999542236328,23.5,23.18000030517578,23.5,1587000
2025-03-17,EWA,23.59000015258789,23.889999389648438,23.59000015258789,23.8700008392334,1378800
2025-03-18,EWA,23.559999465942383,23.579999923706055,23.360000610351562,23.43000030517578,2217700
2025-03-19,EWA,23.420000076293945,23.780000686645508,23.3700008392334,23.649999618530273,2477200
2025-03-20,EWA,23.3700008392334,23.6299991607666,23.350000381469727,23.530000686645508,2190400
2025-03-21,EWA,23.3799991607666,23.440000534057617,23.270000457763672,23.43000030517578,1791300
2025-03-24,EWA,23.639999389648438,23.709999084472656,23.56999969482422,23.700000762939453,1394900
2025-03-25,EWA,23.84000015258789,23.8799991607666,23.75,23.809999465942383,1280800
2025-03-26,EWA,23.920000076293945,23.959999084472656,23.6200008392334,23.709999084472656,1763200
2025-03-27,EWA,23.700000762939453,23.81999969482422,23.6299991607666,23.75,1189100
2025-03-28,EWA,23.799999237060547,23.799999237060547,23.459999084472656,23.469999313354492,1790900
2025-03-31,EWA,23.170000076293945,23.479999542236328,23.040000915527344,23.440000534057617,1763700
2025-04-01,EWA,23.559999465942383,23.770000457763672,23.420000076293945,23.709999084472656,2129200
2025-04-02,EWA,23.6200008392334,23.899999618530273,23.610000610351562,23.889999389648438,1588700
2025-04-03,EWA,23.610000610351562,23.700000762939453,23.229999542236328,23.25,3907400
2025-04-04,EWA,21.889999389648438,21.969999313354492,20.899999618530273,21.149999618530273,6571600
2025-04-07,EWA,20.84000015258789,21.760000228881836,20.510000228881836,20.850000381469727,9757900
2025-04-08,EWA,21.950000762939453,21.959999084472656,20.610000610351562,20.81999969482422,4164200
2025-04-09,EWA,21.239999771118164,22.90999984741211,21.049999237060547,22.809999465942383,5566700
2025-04-10,EWA,22.34000015258789,22.5,21.809999465942383,22.350000381469727,2943700
2025-04-11,EWA,22.34000015258789,22.860000610351562,22.219999313354492,22.770000457763672,2266200
2025-04-14,EWA,23.170000076293945,23.399999618530273,23.06999969482422,23.290000915527344,3016500
2025-04-15,EWA,23.360000610351562,23.540000915527344,23.309999465942383,23.360000610351562,1226500
2025-04-16,EWA,23.540000915527344,23.700000762939453,23.31999969482422,23.420000076293945,1106100
2025-04-17,EWA,23.489999771118164,23.75,23.459999084472656,23.610000610351562,2614100
2025-04-21,EWA,23.670000076293945,23.670000076293945,23.260000228881836,23.479999542236328,1833300
2025-04-22,EWA,23.850000381469727,24.18000030517578,23.829999923706055,23.959999084472656,1492100
2025-04-23,EWA,24.229999542236328,24.3700008392334,23.90999984741211,24.0,1680900
2025-04-24,EWA,24.290000915527344,24.540000915527344,24.260000228881836,24.510000228881836,1018300
2025-04-25,EWA,24.350000381469727,24.530000686645508,24.31999969482422,24.510000228881836,2327500
2025-04-28,EWA,24.31999969482422,24.530000686645508,24.31999969482422,24.520000457763672,1362500
2025-04-29,EWA,24.510000228881836,24.59000015258789,24.420000076293945,24.549999237060547,463100
2025-04-30,EWA,24.479999542236328,24.729999542236328,24.299999237060547,24.670000076293945,1885300
2025-05-01,EWA,24.690000534057617,24.75,24.559999465942383,24.649999618530273,1107800
2025-05-02,EWA,25.290000915527344,25.389999389648438,25.200000762939453,25.309999465942383,1185100
2025-05-05,EWA,25.100000381469727,25.110000610351562,24.989999771118164,24.989999771118164,1134200
2025-05-06,EWA,24.959999084472656,25.110000610351562,24.93000030517578,25.049999237060547,1310400
2025-05-07,EWA,24.979999542236328,25.030000686645508,24.790000915527344,24.889999389648438,1255600
2025-05-08,EWA,24.940000534057617,24.969999313354492,24.780000686645508,24.829999923706055,1172700
2025-05-09,EWA,25.049999237060547,25.079999923706055,24.959999084472656,25.010000228881836,821000
2025-05-12,EWA,25.170000076293945,25.18000030517578,25.020000457763672,25.18000030517578,1549700
2025-05-13,EWA,25.270000457763672,25.489999771118164,25.25,25.420000076293945,1784200
2025-05-14,EWA,25.34000015258789,25.3799991607666,25.100000381469727,25.15999984741211,1687000
2025-05-15,EWA,25.40999984741211,25.6299991607666,25.329999923706055,25.549999237060547,857500
2025-05-16,EWA,25.389999389648438,25.469999313354492,25.280000686645508,25.469999313354492,1820600
2025-05-19,EWA,25.3799991607666,25.65999984741211,25.3799991607666,25.6299991607666,975400
2025-05-20,EWA,25.489999771118164,25.6299991607666,25.489999771118164,25.6299991607666,1223500
2025-05-21,EWA,25.6299991607666,25.760000228881836,25.3799991607666,25.40999984741211,1687500
2025-05-22,EWA,25.360000610351562,25.520000457763672,25.329999923706055,25.40999984741211,1377500
2025-05-23,EWA,25.329999923706055,25.709999084472656,25.329999923706055,25.649999618530273,1181200
2025-05-27,EWA,25.790000915527344,25.93000030517578,25.760000228881836,25.8700008392334,734400
2025-05-28,EWA,25.59000015258789,25.649999618530273,25.530000686645508,25.559999465942383,979000
2025-05-29,EWA,25.68000030517578,25.700000762939453,25.489999771118164,25.639999389648438,1830000
2025-05-30,EWA,25.65999984741211,25.84000015258789,25.56999969482422,25.809999465942383,2433200
2025-06-02,EWA,25.940000534057617,26.15999984741211,25.850000381469727,26.149999618530273,2117400
2025-06-03,EWA,25.969999313354492,26.100000381469727,25.93000030517578,26.06999969482422,1014700
2025-06-04,EWA,26.280000686645508,26.420000076293945,26.260000228881836,26.329999923706055,822100
2025-06-05,EWA,26.510000228881836,26.510000228881836,26.299999237060547,26.360000610351562,1028000
2025-06-06,EWA,26.309999465942383,26.399999618530273,26.260000228881836,26.3700008392334,962300
2025-06-09,EWA,26.420000076293945,26.579999923706055,26.389999389648438,26.440000534057617,1411500
2025-06-10,EWA,26.690000534057617,26.799999237060547,26.649999618530273,26.709999084472656,1504800
2025-06-11,EWA,26.68000030517578,26.770000457763672,26.56999969482422,26.600000381469727,2633800
2025-06-12,EWA,26.520000457763672,26.649999618530273,26.510000228881836,26.639999389648438,1990500
2025-06-13,EWA,26.309999465942383,26.479999542236328,26.25,26.31999969482422,3655500
2025-06-16,EWA,26.190000534057617,26.350000381469727,26.079999923706055,26.09000015258789,2471600
2025-06-17,EWA,26.040000915527344,26.09000015258789,25.700000762939453,25.770000457763672,1526200
2025-06-18,EWA,25.889999389648438,26.059999465942383,25.809999465942383,25.860000610351562,2089600
2025-06-20,EWA,25.889999389648438,25.889999389648438,25.549999237060547,25.549999237060547,2258300
2025-06-23,EWA,25.3799991607666,25.799999237060547,25.360000610351562,25.790000915527344,1566600
2025-06-24,EWA,25.979999542236328,26.1200008392334,25.90999984741211,26.049999237060547,1127000
2025-06-25,EWA,26.020000457763672,26.059999465942383,25.920000076293945,26.030000686645508,1322500
2025-06-26,EWA,26.280000686645508,26.469999313354492,26.260000228881836,26.43000030517578,1656400
2025-06-27,EWA,26.100000381469727,26.200000762939453,25.950000762939453,26.09000015258789,2326200
2025-06-30,EWA,26.149999618530273,26.350000381469727,26.110000610351562,26.31999969482422,1564200
2025-07-01,EWA,26.260000228881836,26.389999389648438,26.239999771118164,26.350000381469727,1655900
2025-07-02,EWA,26.25,26.540000915527344,26.209999084472656,26.540000915527344,1674900
2025-07-03,EWA,26.420000076293945,26.530000686645508,26.40999984741211,26.479999542236328,2072300
2025-07-07,EWA,26.1200008392334,26.200000762939453,25.920000076293945,25.979999542236328,2263500
2025-07-08,EWA,26.170000076293945,26.260000228881836,26.079999923706055,26.139999389648438,1734100
2025-07-09,EWA,26.209999084472656,26.270000457763672,26.110000610351562,26.239999771118164,1287000
2025-07-10,EWA,26.3700008392334,26.579999923706055,26.299999237060547,26.579999923706055,1419000
2025-07-11,EWA,26.3799991607666,26.40999984741211,26.270000457763672,26.360000610351562,1739600
2025-07-14,EWA,26.309999465942383,26.40999984741211,26.290000915527344,26.389999389648438,1741900
2025-07-15,EWA,26.450000762939453,26.459999084472656,26.040000915527344,26.06999969482422,2365700
2025-07-16,EWA,26.100000381469727,26.229999542236328,25.979999542236328,26.190000534057617,2567100
2025-07-17,EWA,26.0,26.290000915527344,26.0,26.280000686645508,1674100
2025-07-18,EWA,26.6200008392334,26.6299991607666,26.40999984741211,26.450000762939453,1686000
2025-07-21,EWA,26.399999618530273,26.540000915527344,26.360000610351562,26.3700008392334,1818300
2025-07-22,EWA,26.399999618530273,26.549999237060547,26.329999923706055,26.549999237060547,1551100
2025-07-23,EWA,26.709999084472656,26.829999923706055,26.68000030517578,26.81999969482422,4241600
2025-07-24,EWA,26.65999984741211,26.770000457763672,26.56999969482422,26.579999923706055,5345600
2025-07-25,EWA,26.3700008392334,26.479999542236328,26.329999923706055,26.479999542236328,2489900
2025-07-28,EWA,26.299999237060547,26.309999465942383,26.1299991607666,26.219999313354492,3604700
2025-07-29,EWA,26.389999389648438,26.420000076293945,26.309999465942383,26.3700008392334,1749700
2025-07-30,EWA,26.290000915527344,26.3799991607666,26.030000686645508,26.149999618530273,2908200
2025-07-31,EWA,26.09000015258789,26.200000762939453,25.950000762939453,26.020000457763672,6751300
2025-08-01,EWA,26.020000457763672,26.020000457763672,25.799999237060547,25.90999984741211,3442300
2025-08-04,EWA,26.209999084472656,26.290000915527344,26.190000534057617,26.280000686645508,3115700
2025-08-05,EWA,26.40999984741211,26.479999542236328,26.329999923706055,26.40999984741211,2546900
2025-08-06,EWA,26.610000610351562,26.690000534057617,26.56999969482422,26.65999984741211,2806900
2025-08-07,EWA,26.790000915527344,26.809999465942383,26.469999313354492,26.600000381469727,2014900
2025-08-08,EWA,26.6200008392334,26.700000762939453,26.59000015258789,26.6299991607666,2033700
2025-08-11,EWA,26.649999618530273,26.719999313354492,26.59000015258789,26.649999618530273,1806300
2025-08-12,EWA,26.719999313354492,26.989999771118164,26.719999313354492,26.959999084472656,3941000
2025-08-13,EWA,26.81999969482422,26.90999984741211,26.81999969482422,26.90999984741211,1880500
2025-08-14,EWA,26.719999313354492,26.770000457763672,26.600000381469727,26.739999771118164,2387300
2025-08-15,EWA,26.899999618530273,26.920000076293945,26.81999969482422,26.829999923706055,1461600
2025-08-18,EWA,26.899999618530273,26.920000076293945,26.739999771118164,26.84000015258789,2483700
2025-08-19,EWA,26.75,26.790000915527344,26.610000610351562,26.610000610351562,5489900
2025-08-20,EWA,26.68000030517578,26.709999084472656,26.549999237060547,26.700000762939453,2564300
2025-08-21,EWA,26.84000015258789,26.889999389648438,26.739999771118164,26.860000610351562,4394000
2025-08-22,EWA,26.809999465942383,27.290000915527344,26.809999465942383,27.260000228881836,4815200
2025-08-25,EWA,26.959999084472656,26.979999542236328,26.809999465942383,26.829999923706055,1914400
2025-08-26,EWA,26.829999923706055,26.979999542236328,26.81999969482422,26.969999313354492,2739100
2025-08-27,EWA,26.780000686645508,27.020000457763672,26.760000228881836,27.0,2374700
2025-08-28,EWA,27.149999618530273,27.149999618530273,27.06999969482422,27.09000015258789,2433300
2025-08-29,EWA,27.059999465942383,27.15999984741211,27.030000686645508,27.079999923706055,1835400
2025-09-02,EWA,26.59000015258789,26.799999237060547,26.530000686645508,26.770000457763672,2955200
2025-09-03,EWA,26.559999465942383,26.65999984741211,26.530000686645508,26.600000381469727,2620900
2025-09-04,EWA,26.770000457763672,26.899999618530273,26.700000762939453,26.899999618530273,2584900
2025-09-05,EWA,27.079999923706055,27.139999389648438,26.809999465942383,26.93000030517578,2223300
2025-09-08,EWA,27.059999465942383,27.06999969482422,26.920000076293945,27.0,2843100
2025-09-09,EWA,26.969999313354492,27.020000457763672,26.8700008392334,26.889999389648438,2533000
2025-09-10,EWA,27.139999389648438,27.190000534057617,27.049999237060547,27.110000610351562,1792800
2025-09-11,EWA,27.079999923706055,27.40999984741211,27.079999923706055,27.40999984741211,7424200
2025-09-12,EWA,27.270000457763672,27.309999465942383,27.15999984741211,27.239999771118164,2730500
2025-09-15,EWA,27.420000076293945,27.56999969482422,27.3700008392334,27.56999969482422,2597200
2025-09-16,EWA,27.389999389648438,27.420000076293945,27.25,27.3799991607666,3441900
2025-09-17,EWA,27.239999771118164,27.389999389648438,26.920000076293945,27.139999389648438,5394700
2025-09-18,EWA,26.81999969482422,26.950000762939453,26.719999313354492,26.889999389648438,3564900
2025-09-19,EWA,26.8700008392334,26.93000030517578,26.829999923706055,26.889999389648438,2387400
2025-09-22,EWA,26.790000915527344,26.940000534057617,26.719999313354492,26.920000076293945,1898800
2025-09-23,EWA,26.989999771118164,27.010000228881836,26.809999465942383,26.8700008392334,3467500
2025-09-24,EWA,26.59000015258789,26.649999618530273,26.459999084472656,26.469999313354492,4965300
2025-09-25,EWA,26.43000030517578,26.540000915527344,26.31999969482422,26.469999313354492,4465400
2025-09-26,EWA,26.579999923706055,26.670000076293945,26.549999237060547,26.670000076293945,5534000
2025-09-29,EWA,26.860000610351562,27.0,26.860000610351562,26.979999542236328,4988400
2025-09-30,EWA,26.93000030517578,27.010000228881836,26.899999618530273,27.0,4173900
2025-10-01,EWA,27.09000015258789,27.209999084472656,27.040000915527344,27.149999618530273,5580400
2025-10-02,EWA,27.270000457763672,27.270000457763672,27.0,27.18000030517578,2905900
2025-10-03,EWA,27.3700008392334,27.540000915527344,27.34000015258789,27.43000030517578,3758000
2025-10-06,EWA,27.3799991607666,27.440000534057617,27.329999923706055,27.360000610351562,3227700
2025-10-07,EWA,27.290000915527344,27.31999969482422,27.110000610351562,27.139999389648438,3164400
2025-10-08,EWA,27.219999313354492,27.290000915527344,27.15999984741211,27.229999542236328,2102800
2025-10-09,EWA,27.18000030517578,27.200000762939453,26.81999969482422,26.920000076293945,3935900
2025-10-10,EWA,27.040000915527344,27.079999923706055,26.40999984741211,26.440000534057617,5372800
2025-10-13,EWA,26.59000015258789,26.729999542236328,26.530000686645508,26.65999984741211,3488600
2025-10-14,EWA,26.350000381469727,26.829999923706055,26.329999923706055,26.700000762939453,5819900
2025-10-15,EWA,26.84000015258789,26.979999542236328,26.68000030517578,26.889999389648438,6297000
2025-10-16,EWA,27.25,27.290000915527344,26.90999984741211,26.969999313354492,4854000
2025-10-17,EWA,26.809999465942383,26.979999542236328,26.75,26.920000076293945,6695100
2025-10-20,EWA,27.110000610351562,27.290000915527344,27.100000381469727,27.260000228881836,2256100
2025-10-21,EWA,27.18000030517578,27.209999084472656,27.030000686645508,27.110000610351562,5339900
2025-10-22,EWA,27.110000610351562,27.170000076293945,26.90999984741211,27.06999969482422,4448400
2025-10-23,EWA,27.15999984741211,27.260000228881836,27.1299991607666,27.190000534057617,2576200
2025-10-24,EWA,27.139999389648438,27.200000762939453,27.09000015258789,27.18000030517578,2820100
2025-10-27,EWA,27.34000015258789,27.3799991607666,27.25,27.3700008392334,4273200
2025-10-28,EWA,27.389999389648438,27.56999969482422,27.350000381469727,27.520000457763672,2979200
2025-10-29,EWA,27.229999542236328,27.260000228881836,26.860000610351562,27.0,4423900
2025-10-30,EWA,26.799999237060547,27.030000686645508,26.790000915527344,26.889999389648438,3274000
2025-10-31,EWA,26.780000686645508,26.81999969482422,26.65999984741211,26.770000457763672,2404100
2025-11-03,EWA,26.850000381469727,26.8700008392334,26.670000076293945,26.84000015258789,2369600
2025-11-04,EWA,26.389999389648438,26.56999969482422,26.360000610351562,26.40999984741211,4889400
2025-11-05,EWA,26.559999465942383,26.760000228881836,26.540000915527344,26.670000076293945,2239800
2025-11-06,EWA,26.65999984741211,26.670000076293945,26.3799991607666,26.459999084472656,5067200
2025-11-07,EWA,26.25,26.440000534057617,26.1299991607666,26.440000534057617,4141900
2025-11-10,EWA,26.709999084472656,26.850000381469727,26.6200008392334,26.809999465942383,3543900
2025-11-11,EWA,26.600000381469727,26.690000534057617,26.549999237060547,26.6299991607666,3332500
2025-11-12,EWA,26.520000457763672,26.639999389648438,26.520000457763672,26.579999923706055,3721500
2025-11-13,EWA,26.260000228881836,26.309999465942383,25.90999984741211,25.940000534057617,3760000
2025-11-14,EWA,25.850000381469727,26.059999465942383,25.809999465942383,25.950000762939453,5529500
2025-11-17,EWA,25.850000381469727,25.920000076293945,25.530000686645508,25.639999389648438,3851200
2025-11-18,EWA,25.399999618530273,25.510000228881836,25.239999771118164,25.399999618530273,8386900
2025-11-19,EWA,25.350000381469727,25.450000762939453,25.170000076293945,25.299999237060547,4304100
2025-11-20,EWA,25.479999542236328,25.559999465942383,24.940000534057617,24.950000762939453,6614800
2025-11-21,EWA,25.1299991607666,25.399999618530273,25.059999465942383,25.329999923706055,7086700
2025-11-24,EWA,25.280000686645508,25.5,25.239999771118164,25.440000534057617,5463800
2025-11-25,EWA,25.360000610351562,25.649999618530273,25.280000686645508,25.6200008392334,7018300
2025-11-26,EWA,25.649999618530273,25.8799991607666,25.649999618530273,25.81999969482422,3472500
2025-11-28,EWA,25.760000228881836,25.899999618530273,25.75,25.850000381469727,1440600
2025-12-01,EWA,25.809999465942383,25.920000076293945,25.729999542236328,25.729999542236328,4324300
2025-12-02,EWA,25.93000030517578,25.940000534057617,25.809999465942383,25.93000030517578,4068600
2025-12-03,EWA,26.010000228881836,26.149999618530273,26.010000228881836,26.1299991607666,2682000
2025-12-04,EWA,26.280000686645508,26.350000381469727,26.219999313354492,26.290000915527344,3026600
2025-12-05,EWA,26.399999618530273,26.469999313354492,26.270000457763672,26.34000015258789,4336400
2025-12-08,EWA,26.40999984741211,26.40999984741211,26.200000762939453,26.239999771118164,3182500
2025-12-09,EWA,26.31999969482422,26.469999313354492,26.290000915527344,26.350000381469727,3767200
2025-12-10,EWA,26.360000610351562,26.719999313354492,26.350000381469727,26.649999618530273,5816700
2025-12-11,EWA,26.6200008392334,26.719999313354492,26.559999465942383,26.639999389648438,3519500
2025-12-12,EWA,26.75,26.790000915527344,26.389999389648438,26.520000457763672,4883800
2025-12-15,EWA,26.559999465942383,26.559999465942383,26.350000381469727,26.420000076293945,6154300
2025-12-16,EWA,25.940000534057617,25.969999313354492,25.729999542236328,25.81999969482422,4851300
2025-12-17,EWA,25.770000457763672,25.81999969482422,25.579999923706055,25.579999923706055,6154000
2025-12-18,EWA,25.889999389648438,25.989999771118164,25.780000686645508,25.809999465942383,6075300
2025-12-19,EWA,25.8700008392334,26.040000915527344,25.850000381469727,25.8799991607666,3187800
2025-12-22,EWA,26.06999969482422,26.190000534057617,26.040000915527344,26.149999618530273,4205200
2025-12-23,EWA,26.540000915527344,26.639999389648438,26.5,26.610000610351562,5605800
2025-12-24,EWA,26.56999969482422,26.6200008392334,26.549999237060547,26.600000381469727,2376600
2025-12-26,EWA,26.709999084472656,26.719999313354492,26.6299991607666,26.68000030517578,2221000
2025-12-29,EWA,26.459999084472656,26.559999465942383,26.420000076293945,26.479999542236328,6725500
2025-12-30,EWA,26.5,26.530000686645508,26.40999984741211,26.40999984741211,3273200
2025-12-31,EWA,26.34000015258789,26.360000610351562,26.190000534057617,26.190000534057617,4007100
2026-01-02,EWA,26.489999771118164,26.489999771118164,26.25,26.469999313354492,4216300
2026-01-05,EWA,26.3700008392334,26.6200008392334,26.3700008392334,26.610000610351562,5434200
2026-01-06,EWA,26.3799991607666,26.520000457763672,26.34000015258789,26.489999771118164,2950000
2026-01-07,EWA,26.420000076293945,26.420000076293945,26.239999771118164,26.270000457763672,4227800
2026-01-08,EWA,26.229999542236328,26.3700008392334,26.229999542236328,26.3700008392334,4574000
2026-01-09,EWA,26.200000762939453,26.280000686645508,26.100000381469727,26.260000228881836,3456200
2026-01-12,EWA,26.31999969482422,26.510000228881836,26.309999465942383,26.450000762939453,3333800
2026-01-13,EWA,26.579999923706055,26.579999923706055,26.3799991607666,26.40999984741211,4078500
2026-01-14,EWA,26.489999771118164,26.549999237060547,26.399999618530273,26.540000915527344,5693900
2026-01-15,EWA,26.649999618530273,26.770000457763672,26.59000015258789,26.649999618530273,3899700
2026-01-16,EWA,26.760000228881836,26.790000915527344,26.6299991607666,26.739999771118164,3572600
2026-01-20,EWA,26.5,26.610000610351562,26.43000030517578,26.459999084472656,7807900
2026-01-21,EWA,26.549999237060547,26.760000228881836,26.489999771118164,26.700000762939453,5338600
2026-01-22,EWA,27.06999969482422,27.15999984741211,26.959999084472656,27.06999969482422,4529300
2026-01-23,EWA,27.170000076293945,27.40999984741211,27.139999389648438,27.3799991607666,4768900
2026-01-26,EWA,27.700000762939453,27.829999923706055,27.6200008392334,27.6200008392334,6018100
2026-01-27,EWA,27.93000030517578,28.280000686645508,27.889999389648438,28.239999771118164,5179200
2026-01-28,EWA,28.110000610351562,28.219999313354492,27.979999542236328,28.170000076293945,6475900
2026-01-29,EWA,28.610000610351562,28.649999618530273,27.959999084472656,28.420000076293945,12572000
2026-01-30,EWA,28.110000610351562,28.209999084472656,27.59000015258789,27.75,11658200
2026-02-02,EWA,27.809999465942383,27.989999771118164,27.770000457763672,27.950000762939453,6385100
2026-02-03,EWA,28.040000915527344,28.219999313354492,27.84000015258789,28.1200008392334,9574200
2026-02-04,EWA,28.6299991607666,28.649999618530273,28.170000076293945,28.350000381469727,7285900
2026-02-05,EWA,28.010000228881836,28.190000534057617,27.84000015258789,27.84000015258789,5386300
2026-02-06,EWA,27.93000030517578,28.25,27.899999618530273,28.229999542236328,6123400
2026-02-09,EWA,28.549999237060547,28.8799991607666,28.510000228881836,28.829999923706055,4273000
2026-02-10,EWA,28.739999771118164,28.770000457763672,28.610000610351562,28.639999389648438,7568900
2026-02-11,EWA,29.350000381469727,29.389999389648438,29.049999237060547,29.299999237060547,5290100
2026-02-12,EWA,29.56999969482422,29.579999923706055,29.030000686645508,29.100000381469727,9202200
2026-02-13,EWA,29.06999969482422,29.229999542236328,28.829999923706055,29.15999984741211,7173000
2026-02-17,EWA,29.059999465942383,29.3799991607666,28.889999389648438,29.31999969482422,7327400
2026-02-18,EWA,29.350000381469727,29.530000686645508,29.209999084472656,29.309999465942383,6895300
2026-02-19,EWA,29.239999771118164,29.40999984741211,29.1299991607666,29.3700008392334,4360300
2026-02-20,EWA,29.329999923706055,29.729999542236328,29.329999923706055,29.700000762939453,4431300
2026-02-23,EWA,29.520000457763672,29.6299991607666,29.309999465942383,29.450000762939453,4100600
2026-02-24,EWA,29.34000015258789,29.639999389648438,29.31999969482422,29.579999923706055,4376800
2026-02-25,EWA,30.030000686645508,30.209999084472656,29.959999084472656,30.15999984741211,4294900
2026-02-26,EWA,30.1299991607666,30.170000076293945,29.81999969482422,30.139999389648438,5971500
2026-02-27,EWA,30.110000610351562,30.239999771118164,30.010000228881836,30.09000015258789,6244800
2026-03-02,EWA,29.649999618530273,30.059999465942383,29.6200008392334,29.93000030517578,7866400
2026-03-03,EWA,28.84000015258789,29.25,28.420000076293945,29.09000015258789,10237200
2026-03-04,EWA,29.18000030517578,29.389999389648438,29.09000015258789,29.350000381469727,8450700
2026-03-05,EWA,28.829999923706055,29.0,28.329999923706055,28.610000610351562,11098900
2026-03-06,EWA,28.139999389648438,28.489999771118164,28.020000457763672,28.329999923706055,7848400
2026-03-09,EWA,28.190000534057617,28.950000762939453,27.969999313354492,28.860000610351562,10106000
2026-03-10,EWA,28.940000534057617,29.360000610351562,28.829999923706055,28.950000762939453,6570400
2026-03-11,EWA,28.93000030517578,29.149999618530273,28.809999465942383,29.0,4242100
2026-03-12,EWA,28.84000015258789,28.84000015258789,28.34000015258789,28.420000076293945,6006000
2026-03-13,EWA,28.440000534057617,28.540000915527344,27.959999084472656,27.979999542236328,4382600
2026-03-16,EWA,28.540000915527344,28.719999313354492,28.43000030517578,28.68000030517578,3130300
2026-03-17,EWA,28.8799991607666,28.920000076293945,28.68000030517578,28.700000762939453,4392400
2026-03-18,EWA,28.329999923706055,28.43000030517578,27.979999542236328,28.0,7861700
2026-03-19,EWA,27.709999084472656,28.40999984741211,27.6299991607666,28.260000228881836,10633600
2026-03-20,EWA,28.010000228881836,28.020000457763672,27.200000762939453,27.299999237060547,5905000
2026-03-23,EWA,28.049999237060547,28.450000762939453,27.829999923706055,28.09000015258789,9811800
2026-03-24,EWA,27.31999969482422,27.739999771118164,27.299999237060547,27.559999465942383,5488200
2026-03-25,EWA,27.8700008392334,27.959999084472656,27.68000030517578,27.799999237060547,3956200
2026-03-26,EWA,27.459999084472656,27.649999618530273,27.15999984741211,27.170000076293945,3552500
2026-03-27,EWA,27.15999984741211,27.420000076293945,27.079999923706055,27.209999084472656,3154700
2026-03-30,EWA,27.3700008392334,27.43000030517578,27.049999237060547,27.139999389648438,3588500
2026-03-31,EWA,27.420000076293945,27.799999237060547,27.270000457763672,27.760000228881836,7054600
2026-04-01,EWA,28.18000030517578,28.270000457763672,27.989999771118164,28.09000015258789,2503500
2026-04-02,EWA,27.739999771118164,28.309999465942383,27.700000762939453,28.100000381469727,6877400
2026-04-06,EWA,28.1299991607666,28.270000457763672,28.049999237060547,28.219999313354492,4038400
2026-04-07,EWA,28.440000534057617,28.600000381469727,28.190000534057617,28.540000915527344,6781800
2026-04-08,EWA,29.610000610351562,29.6299991607666,29.299999237060547,29.520000457763672,2915700
2026-04-09,EWA,29.59000015258789,29.899999618530273,29.510000228881836,29.770000457763672,2705800
2026-04-10,EWA,29.969999313354492,30.040000915527344,29.780000686645508,29.84000015258789,1631000
2026-04-13,EWA,29.729999542236328,30.18000030517578,29.700000762939453,30.149999618530273,2237500
2026-04-14,EWA,30.149999618530273,30.229999542236328,30.059999465942383,30.18000030517578,1813700
2026-04-15,EWA,30.209999084472656,30.299999237060547,30.100000381469727,30.260000228881836,1342700
2026-04-16,EWA,30.059999465942383,30.09000015258789,29.829999923706055,29.93000030517578,4997300
2026-04-17,EWA,30.3700008392334,30.479999542236328,30.170000076293945,30.209999084472656,3736800
2026-04-20,EWA,30.09000015258789,30.100000381469727,29.8799991607666,30.049999237060547,1866700
2026-04-21,EWA,29.90999984741211,29.940000534057617,29.450000762939453,29.479999542236328,2105800
2026-04-22,EWA,29.43000030517578,29.469999313354492,29.309999465942383,29.43000030517578,2164900
2026-04-23,EWA,29.40999984741211,29.520000457763672,29.010000228881836,29.270000457763672,2189100
2026-04-24,EWA,29.209999084472656,29.280000686645508,29.1200008392334,29.170000076293945,1774800
2026-04-27,EWA,29.290000915527344,29.309999465942383,29.149999618530273,29.190000534057617,1234600
2026-04-28,EWA,29.110000610351562,29.15999984741211,28.950000762939453,29.06999969482422,2174100
2026-04-29,EWA,28.75,28.770000457763672,28.479999542236328,28.6200008392334,1638400
2026-04-30,EWA,29.25,29.530000686645508,29.170000076293945,29.489999771118164,1578000
2026-05-01,EWA,29.31999969482422,29.489999771118164,29.25,29.270000457763672,1482000
2026-05-04,EWA,29.100000381469727,29.15999984741211,28.780000686645508,28.8799991607666,2063700
2026-05-05,EWA,29.149999618530273,29.260000228881836,29.040000915527344,29.190000534057617,1088800
2026-05-06,EWA,30.010000228881836,30.139999389648438,29.959999084472656,30.1200008392334,2206000
2026-05-07,EWA,30.09000015258789,30.09000015258789,29.479999542236328,29.479999542236328,1859600
2026-05-08,EWA,29.6200008392334,29.65999984741211,29.489999771118164,29.540000915527344,1946600
2026-05-11,EWA,29.639999389648438,29.709999084472656,29.530000686645508,29.59000015258789,2716700
2026-05-12,EWA,29.209999084472656,29.350000381469727,29.059999465942383,29.31999969482422,2318000
2026-05-13,EWA,29.010000228881836,29.200000762939453,28.959999084472656,29.1200008392334,1492600
2026-05-14,EWA,29.3700008392334,29.389999389648438,29.239999771118164,29.280000686645508,2852200
2026-05-15,EWA,28.809999465942383,28.84000015258789,28.6200008392334,28.719999313354492,2612800
2026-05-18,EWA,28.8700008392334,28.90999984741211,28.559999465942383,28.809999465942383,3534200
2026-05-19,EWA,28.559999465942383,28.700000762939453,28.420000076293945,28.530000686645508,2104000
2026-05-20,EWA,28.469999313354492,28.959999084472656,28.440000534057617,28.899999618530273,3656700
2026-05-21,EWA,28.75,29.09000015258789,28.639999389648438,28.989999771118164,1576300
2026-05-22,EWA,28.93000030517578,28.93000030517578,28.709999084472656,28.780000686645508,1606800
2026-05-26,EWA,29.040000915527344,29.049999237060547,28.860000610351562,28.950000762939453,1362500
2026-05-27,EWA,29.020000457763672,29.030000686645508,28.84000015258789,28.93000030517578,1244100
2026-05-28,EWA,28.799999237060547,29.049999237060547,28.719999313354492,28.969999313354492,1460600
2026-05-29,EWA,29.350000381469727,29.459999084472656,29.25,29.25,1354500
2026-06-01,EWA,29.030000686645508,29.270000457763672,28.920000076293945,29.1299991607666,1281500
2026-06-02,EWA,29.329999923706055,29.5,29.299999237060547,29.469999313354492,1664400
2026-06-03,EWA,29.290000915527344,29.290000915527344,29.139999389648438,29.139999389648438,1350000
2026-06-04,EWA,29.079999923706055,29.149999618530273,28.989999771118164,29.040000915527344,1608300
2026-06-05,EWA,28.549999237060547,28.549999237060547,27.950000762939453,28.059999465942383,9699700
2026-06-08,EWA,28.260000228881836,28.329999923706055,28.030000686645508,28.06999969482422,2834900
2026-06-09,EWA,28.479999542236328,28.600000381469727,27.860000610351562,28.25,4279000
2026-06-10,EWA,28.420000076293945,28.639999389648438,28.18000030517578,28.18000030517578,3513300
2026-06-11,EWA,28.389999389648438,29.0,28.31999969482422,28.959999084472656,2659000
2026-06-12,EWA,29.139999389648438,29.34000015258789,28.979999542236328,29.219999313354492,2361200
2026-06-15,EWA,28.979999542236328,29.040000915527344,28.549999237060547,28.600000381469727,3433200
2026-06-16,EWA,29.040000915527344,29.1299991607666,28.969999313354492,28.979999542236328,1409100
2026-06-17,EWA,29.059999465942383,29.200000762939453,28.59000015258789,28.649999618530273,2745700
2026-06-18,EWA,28.690000534057617,28.760000228881836,28.549999237060547,28.559999465942383,2523600
2026-06-22,EWA,28.530000686645508,28.56999969482422,28.420000076293945,28.450000762939453,1369300
2026-06-23,EWA,28.059999465942383,28.229999542236328,28.020000457763672,28.020000457763672,1166200
2026-06-24,EWA,28.0,28.049999237060547,27.809999465942383,27.90999984741211,3321900
2026-06-25,EWA,28.049999237060547,28.100000381469727,27.81999969482422,27.93000030517578,4723500
2026-06-26,EWA,27.93000030517578,28.100000381469727,27.8799991607666,27.969999313354492,2675300
2026-06-29,EWA,28.1200008392334,28.1299991607666,27.899999618530273,28.110000610351562,1673500
2026-06-30,EWA,28.0,28.190000534057617,27.959999084472656,28.15999984741211,2223000
2026-07-01,EWA,27.690000534057617,27.860000610351562,27.670000076293945,27.700000762939453,3127600
2026-07-02,EWA,28.139999389648438,28.329999923706055,27.899999618530273,28.09000015258789,3355300
2026-07-06,EWA,28.280000686645508,28.3700008392334,28.239999771118164,28.329999923706055,1152400
2026-07-07,EWA,28.389999389648438,28.43000030517578,28.09000015258789,28.1299991607666,921200
2026-07-08,EWA,27.950000762939453,28.1200008392334,27.790000915527344,28.1200008392334,4142100
2026-07-09,EWA,28.170000076293945,28.270000457763672,28.139999389648438,28.200000762939453,1764800
2026-07-10,EWA,28.360000610351562,28.540000915527344,28.290000915527344,28.450000762939453,2491900
2026-07-13,EWA,28.489999771118164,28.559999465942383,28.309999465942383,28.350000381469727,1474200
2026-07-14,EWA,28.6299991607666,28.860000610351562,28.6299991607666,28.709999084472656,1293600
2026-07-15,EWA,28.700000762939453,28.90999984741211,28.649999618530273,28.799999237060547,1954000
2026-07-16,EWA,28.6299991607666,28.760000228881836,28.56999969482422,28.6299991607666,2468400
2026-07-17,EWA,28.520000457763672,28.780000686645508,28.489999771118164,28.75,1652700
