Datetime,Ticker,Open,High,Low,Close,Volume
1996-03-18,EWG,13.4375,13.4375,13.4375,13.4375,500
1996-03-19,EWG,13.625,13.625,13.5,13.5,2500
1996-03-20,EWG,13.5,13.5,13.5,13.5,0
1996-03-21,EWG,13.5,13.5,13.5,13.5,0
1996-03-22,EWG,13.5,13.5,13.5,13.5,300
1996-03-25,EWG,13.6875,13.6875,13.6875,13.6875,25000
1996-03-26,EWG,13.625,13.625,13.5,13.625,17200
1996-03-27,EWG,13.625,13.625,13.5,13.5,31500
1996-03-28,EWG,13.625,13.625,13.625,13.625,3000
1996-03-29,EWG,13.5,13.5,13.5,13.5,300100
1996-04-01,EWG,13.5625,13.5625,13.5625,13.5625,60900
1996-04-02,EWG,13.625,13.625,13.5,13.625,22000
1996-04-03,EWG,13.5,13.5,13.4375,13.5,2800
1996-04-04,EWG,13.4375,13.4375,13.4375,13.4375,100
1996-04-08,EWG,13.3125,13.375,13.3125,13.375,33000
1996-04-09,EWG,13.5,13.5,13.4375,13.4375,134000
1996-04-10,EWG,13.5,13.5,13.4375,13.4375,26600
1996-04-11,EWG,13.4375,13.4375,13.4375,13.4375,300
1996-04-12,EWG,13.4375,13.4375,13.4375,13.4375,100
1996-04-15,EWG,13.375,13.4375,13.375,13.4375,2600
1996-04-16,EWG,13.4375,13.4375,13.4375,13.4375,5200
1996-04-17,EWG,13.375,13.375,13.375,13.375,400
1996-04-18,EWG,13.375,13.375,13.25,13.375,700
1996-04-19,EWG,13.375,13.4375,13.375,13.4375,500
1996-04-22,EWG,13.4375,13.4375,13.375,13.375,1300
1996-04-23,EWG,13.375,13.375,13.375,13.375,400
1996-04-24,EWG,13.25,13.25,13.25,13.25,1200
1996-04-25,EWG,13.1875,13.1875,13.1875,13.1875,1900
1996-04-26,EWG,13.125,13.25,13.125,13.25,1000
1996-04-29,EWG,13.125,13.125,13.0625,13.125,13000
1996-04-30,EWG,12.875,12.875,12.875,12.875,1000
1996-05-01,EWG,12.9375,12.9375,12.9375,12.9375,800
1996-05-02,EWG,12.8125,12.9375,12.8125,12.9375,14300
1996-05-03,EWG,12.9375,13.0,12.9375,13.0,21200
1996-05-06,EWG,13.0,13.0,13.0,13.0,14900
1996-05-07,EWG,13.0,13.0,13.0,13.0,17800
1996-05-08,EWG,13.0,13.0625,12.9375,13.0625,3200
1996-05-09,EWG,13.0625,13.0625,13.0625,13.0625,3900
1996-05-10,EWG,13.0625,13.0625,13.0625,13.0625,1500
1996-05-13,EWG,13.0,13.0,12.8125,12.875,23300
1996-05-14,EWG,13.0625,13.0625,13.0625,13.0625,8500
1996-05-15,EWG,13.125,13.125,13.125,13.125,1300
1996-05-16,EWG,13.25,13.25,13.125,13.125,3100
1996-05-17,EWG,13.25,13.25,13.25,13.25,2000
1996-05-20,EWG,13.25,13.25,13.25,13.25,2400
1996-05-21,EWG,13.375,13.375,13.0,13.125,45300
1996-05-22,EWG,13.1875,13.1875,13.125,13.125,400
1996-05-23,EWG,13.1875,13.25,13.1875,13.25,5500
1996-05-24,EWG,13.25,13.25,13.1875,13.25,7700
1996-05-28,EWG,13.25,13.25,13.1875,13.1875,5400
1996-05-29,EWG,13.125,13.125,13.125,13.125,3000
1996-05-30,EWG,13.1875,13.1875,13.0625,13.125,37900
1996-05-31,EWG,13.25,13.25,13.1875,13.1875,400
1996-06-03,EWG,13.3125,13.3125,13.1875,13.1875,500
1996-06-04,EWG,13.25,13.25,13.25,13.25,1700
1996-06-05,EWG,13.375,13.375,13.375,13.375,900
1996-06-06,EWG,13.375,13.375,13.375,13.375,300
1996-06-07,EWG,13.25,13.375,13.25,13.375,17000
1996-06-10,EWG,13.375,13.375,13.25,13.25,1200
1996-06-11,EWG,13.25,13.25,13.25,13.25,0
1996-06-12,EWG,13.125,13.25,13.125,13.25,4100
1996-06-13,EWG,13.25,13.25,13.25,13.25,0
1996-06-14,EWG,13.25,13.25,13.25,13.25,0
1996-06-17,EWG,13.0625,13.1875,13.0,13.1875,15100
1996-06-18,EWG,13.1875,13.5,13.1875,13.5,63200
1996-06-19,EWG,13.625,13.625,13.375,13.375,5300
1996-06-20,EWG,13.4375,13.4375,13.25,13.25,25600
1996-06-21,EWG,13.25,13.4375,13.1875,13.1875,9900
1996-06-24,EWG,13.25,13.375,13.25,13.3125,5900
1996-06-25,EWG,13.4375,13.5,13.4375,13.5,13400
1996-06-26,EWG,13.5,13.5,13.4375,13.4375,1800
1996-06-27,EWG,13.5,13.5,13.375,13.5,8400
1996-06-28,EWG,13.625,13.625,13.625,13.625,400
1996-07-01,EWG,13.5625,13.5625,13.5625,13.5625,1800
1996-07-02,EWG,13.5625,13.5625,13.5625,13.5625,1800
1996-07-03,EWG,13.625,13.625,13.5,13.625,5000
1996-07-05,EWG,13.5,13.5,13.5,13.5,200
1996-07-08,EWG,13.5,13.5,13.5,13.5,1300
1996-07-09,EWG,13.375,13.375,13.25,13.3125,85100
1996-07-10,EWG,13.3125,13.3125,13.3125,13.3125,0
1996-07-11,EWG,13.4375,13.4375,13.25,13.25,4200
1996-07-12,EWG,13.25,13.375,13.25,13.375,1200
1996-07-15,EWG,13.4375,13.4375,13.375,13.375,2000
1996-07-16,EWG,13.3125,13.375,13.25,13.375,6700
1996-07-17,EWG,13.5,13.5,13.5,13.5,1800
1996-07-18,EWG,13.625,13.625,13.625,13.625,8300
1996-07-19,EWG,13.5,13.5625,13.5,13.5625,6500
1996-07-22,EWG,13.4375,13.4375,13.25,13.25,51000
1996-07-23,EWG,13.375,13.375,13.375,13.375,1000
1996-07-24,EWG,13.25,13.375,13.125,13.1875,79700
1996-07-25,EWG,13.3125,13.5,13.3125,13.5,3700
1996-07-26,EWG,13.5,13.5,13.5,13.5,400
1996-07-29,EWG,13.375,13.375,13.375,13.375,1500
1996-07-30,EWG,13.4375,13.4375,13.375,13.375,5300
1996-07-31,EWG,13.4375,13.75,13.4375,13.75,12000
1996-08-01,EWG,13.75,13.75,13.625,13.75,6200
1996-08-02,EWG,13.75,13.75,13.75,13.75,5700
1996-08-05,EWG,13.875,13.875,13.75,13.8125,1500
1996-08-06,EWG,13.6875,13.75,13.6875,13.75,300
1996-08-07,EWG,13.8125,13.8125,13.8125,13.8125,2500
1996-08-08,EWG,13.8125,13.8125,13.8125,13.8125,0
1996-08-09,EWG,13.8125,13.8125,13.8125,13.8125,300
1996-08-12,EWG,13.75,13.75,13.75,13.75,2700
1996-08-13,EWG,13.8125,13.9375,13.8125,13.9375,1500
1996-08-14,EWG,13.875,13.875,13.75,13.875,4500
1996-08-15,EWG,13.875,13.875,13.75,13.75,73000
1996-08-16,EWG,13.875,13.875,13.8125,13.8125,700
1996-08-19,EWG,13.8125,13.875,13.8125,13.875,1000
1996-08-20,EWG,13.875,13.875,13.75,13.875,2800
1996-08-21,EWG,13.75,13.8125,13.75,13.75,7800
1996-08-22,EWG,13.8125,13.8125,13.75,13.8125,1900
1996-08-23,EWG,13.8125,13.9375,13.8125,13.9375,1600
1996-08-26,EWG,13.9375,13.9375,13.875,13.875,2900
1996-08-27,EWG,13.875,13.875,13.875,13.875,5900
1996-08-28,EWG,13.875,13.875,13.6875,13.6875,11800
1996-08-29,EWG,13.75,13.8125,13.625,13.625,17500
1996-08-30,EWG,13.5625,13.5625,13.5625,13.5625,10200
1996-09-03,EWG,13.5,13.5,13.4375,13.5,134700
1996-09-04,EWG,13.5625,13.5625,13.5625,13.5625,6400
1996-09-05,EWG,13.5625,13.5625,13.4375,13.5625,2300
1996-09-06,EWG,13.5625,13.625,13.5625,13.625,1400
1996-09-09,EWG,13.6875,13.6875,13.6875,13.6875,1500
1996-09-10,EWG,13.625,13.625,13.5,13.5625,6100
1996-09-11,EWG,13.5,13.5625,13.5,13.5625,600
1996-09-12,EWG,13.625,13.625,13.625,13.625,7800
1996-09-13,EWG,13.75,13.8125,13.6875,13.8125,3400
1996-09-16,EWG,13.875,13.875,13.8125,13.875,1900
1996-09-17,EWG,13.875,13.875,13.75,13.875,7900
1996-09-18,EWG,13.875,13.875,13.6875,13.6875,74000
1996-09-19,EWG,13.75,13.75,13.75,13.75,300
1996-09-20,EWG,13.875,13.875,13.875,13.875,100
1996-09-23,EWG,13.625,13.625,13.625,13.625,3600
1996-09-24,EWG,13.75,13.875,13.75,13.875,10800
1996-09-25,EWG,14.0,14.0,13.9375,13.9375,2200
1996-09-26,EWG,13.9375,14.0,13.9375,13.9375,2200
1996-09-27,EWG,14.0,14.0,13.8125,13.875,20300
1996-09-30,EWG,13.8125,13.8125,13.6875,13.8125,14900
1996-10-01,EWG,13.8125,13.875,13.6875,13.875,11500
1996-10-02,EWG,13.9375,14.0,13.9375,14.0,40300
1996-10-03,EWG,13.9375,13.9375,13.875,13.9375,8100
1996-10-04,EWG,13.9375,14.0625,13.9375,14.0625,37500
1996-10-07,EWG,14.0,14.0625,14.0,14.0625,1100
1996-10-08,EWG,13.9375,14.0625,13.9375,14.0625,19900
1996-10-09,EWG,14.0,14.0625,14.0,14.0625,1300
1996-10-10,EWG,13.875,13.875,13.875,13.875,17200
1996-10-11,EWG,14.0,14.0,13.9375,14.0,1100
1996-10-14,EWG,13.875,13.875,13.875,13.875,2500
1996-10-15,EWG,14.0,14.0,13.875,14.0,1800
1996-10-16,EWG,14.0,14.0,13.875,13.9375,3100
1996-10-17,EWG,13.9375,14.0,13.9375,14.0,24200
1996-10-18,EWG,14.0625,14.125,14.0625,14.125,2300
1996-10-21,EWG,14.0625,14.125,14.0625,14.125,6000
1996-10-22,EWG,14.0625,14.125,14.0,14.125,17400
1996-10-23,EWG,14.0,14.0625,13.875,14.0,18600
1996-10-24,EWG,14.0,14.0,13.875,13.875,13600
1996-10-25,EWG,14.0,14.0625,13.875,14.0625,16900
1996-10-28,EWG,13.9375,14.125,13.9375,14.125,22900
1996-10-29,EWG,14.0625,14.0625,14.0625,14.0625,10000
1996-10-30,EWG,14.0625,14.0625,14.0625,14.0625,300
1996-10-31,EWG,13.875,14.0,13.875,13.875,6000
1996-11-01,EWG,14.0,14.0,14.0,14.0,4600
1996-11-04,EWG,14.0,14.0625,14.0,14.0625,1700
1996-11-05,EWG,14.0,14.0,13.9375,13.9375,27800
1996-11-06,EWG,14.125,14.25,14.125,14.25,4600
1996-11-07,EWG,14.25,14.25,14.125,14.125,900
1996-11-08,EWG,14.25,14.25,14.25,14.25,2700
1996-11-11,EWG,14.25,14.375,14.1875,14.375,22000
1996-11-12,EWG,14.375,14.4375,14.3125,14.3125,14200
1996-11-13,EWG,14.3125,14.5,14.3125,14.4375,42500
1996-11-14,EWG,14.5,14.5,14.375,14.4375,12700
1996-11-15,EWG,14.5,14.5625,14.5,14.5625,16100
1996-11-18,EWG,14.5,14.5625,14.5,14.5625,23300
1996-11-19,EWG,14.5,14.5625,14.5,14.5625,4400
1996-11-20,EWG,14.5625,14.625,14.5625,14.625,4900
1996-11-21,EWG,14.5625,14.5625,14.4375,14.5625,7700
1996-11-22,EWG,14.4375,14.4375,14.3125,14.4375,13100
1996-11-25,EWG,14.5,14.5,14.375,14.4375,10400
1996-11-26,EWG,14.4375,14.4375,14.3125,14.375,13400
1996-11-27,EWG,14.375,14.375,14.25,14.25,600
1996-11-29,EWG,14.375,14.375,14.375,14.375,700
1996-12-02,EWG,14.375,14.4375,14.375,14.4375,12000
1996-12-03,EWG,14.375,14.4375,14.375,14.4375,800
1996-12-04,EWG,14.3125,14.3125,14.25,14.3125,5100
1996-12-05,EWG,14.4375,14.5,14.4375,14.5,2100
1996-12-06,EWG,14.25,14.25,14.25,14.25,20300
1996-12-09,EWG,14.375,14.375,14.3125,14.3125,9000
1996-12-10,EWG,14.25,14.25,14.25,14.25,6000
1996-12-11,EWG,14.1875,14.3125,14.125,14.125,1300
1996-12-12,EWG,14.125,14.25,14.0625,14.0625,11000
1996-12-13,EWG,14.0625,14.0625,14.0,14.0,4000
1996-12-16,EWG,14.125,14.125,14.0,14.0625,2600
1996-12-17,EWG,14.0625,14.0625,14.0625,14.0625,1100
1996-12-18,EWG,14.0,14.0,13.9375,13.9375,2200
1996-12-19,EWG,14.0,14.0,13.875,14.0,5700
1996-12-20,EWG,14.0625,14.1875,14.0625,14.1875,16800
1996-12-23,EWG,14.1875,14.1875,14.125,14.125,5500
1996-12-24,EWG,14.1875,14.1875,14.1875,14.1875,1000
1996-12-26,EWG,14.0625,14.1875,14.0625,14.1875,1100
1996-12-27,EWG,14.0625,14.1875,14.0625,14.1875,2000
1996-12-30,EWG,14.1875,14.25,14.1875,14.25,115700
1996-12-31,EWG,14.375,14.375,14.25,14.375,7500
1997-01-02,EWG,14.125,14.25,14.125,14.25,18700
1997-01-03,EWG,14.25,14.25,14.125,14.1875,2800
1997-01-06,EWG,14.1875,14.25,14.1875,14.25,10700
1997-01-07,EWG,14.0625,14.25,14.0625,14.25,16600
1997-01-08,EWG,14.25,14.25,14.125,14.125,9900
1997-01-09,EWG,14.1875,14.1875,14.125,14.1875,6200
1997-01-10,EWG,14.1875,14.25,14.1875,14.25,3100
1997-01-13,EWG,14.375,14.375,14.25,14.25,3200
1997-01-14,EWG,14.375,14.375,14.3125,14.375,14600
1997-01-15,EWG,14.375,14.375,14.375,14.375,28600
1997-01-16,EWG,14.4375,14.4375,14.3125,14.4375,15300
1997-01-17,EWG,14.4375,14.4375,14.375,14.375,7000
1997-01-20,EWG,14.25,14.375,14.25,14.375,82900
1997-01-21,EWG,14.1875,14.1875,14.1875,14.1875,4400
1997-01-22,EWG,14.25,14.25,14.0625,14.0625,38600
1997-01-23,EWG,14.25,14.3125,14.1875,14.1875,12000
1997-01-24,EWG,14.25,14.25,14.125,14.25,16600
1997-01-27,EWG,14.125,14.25,14.125,14.125,2500
1997-01-28,EWG,14.1875,14.1875,14.1875,14.1875,4200
1997-01-29,EWG,14.125,14.125,14.125,14.125,2100
1997-01-30,EWG,14.25,14.25,14.1875,14.1875,1800
1997-01-31,EWG,14.3125,14.375,14.25,14.375,36900
1997-02-03,EWG,14.4375,14.4375,14.3125,14.4375,5000
1997-02-04,EWG,14.4375,14.4375,14.4375,14.4375,1800
1997-02-05,EWG,14.5625,14.625,14.5625,14.625,4300
1997-02-06,EWG,14.4375,14.5625,14.4375,14.5625,6100
1997-02-07,EWG,14.625,14.6875,14.625,14.6875,25000
1997-02-10,EWG,14.9375,14.9375,14.75,14.75,11200
1997-02-11,EWG,14.8125,14.8125,14.75,14.8125,1900
1997-02-12,EWG,14.6875,14.75,14.625,14.75,10900
1997-02-13,EWG,14.75,14.75,14.75,14.75,18700
1997-02-14,EWG,14.75,14.75,14.75,14.75,300
1997-02-18,EWG,14.6875,14.8125,14.6875,14.8125,4400
1997-02-19,EWG,14.75,14.75,14.75,14.75,18200
1997-02-20,EWG,14.5,14.625,14.4375,14.4375,25900
1997-02-21,EWG,14.4375,14.625,14.4375,14.625,26300
1997-02-24,EWG,14.6875,14.6875,14.6875,14.6875,400
1997-02-25,EWG,14.875,14.875,14.875,14.875,14300
1997-02-26,EWG,14.875,14.875,14.875,14.875,800
1997-02-27,EWG,14.9375,14.9375,14.8125,14.875,3500
1997-02-28,EWG,14.875,14.875,14.75,14.875,11700
1997-03-03,EWG,14.75,14.75,14.75,14.75,1300
1997-03-04,EWG,15.0,15.0625,15.0,15.0625,12100
1997-03-05,EWG,15.125,15.1875,15.125,15.125,7100
1997-03-06,EWG,15.25,15.25,15.125,15.125,8300
1997-03-07,EWG,15.1875,15.1875,15.125,15.125,2500
1997-03-10,EWG,15.3125,15.375,15.3125,15.375,600
1997-03-11,EWG,15.4375,15.5625,15.375,15.5,40100
1997-03-12,EWG,15.4375,15.5,15.3125,15.5,55700
1997-03-13,EWG,15.25,15.25,15.125,15.125,8600
1997-03-14,EWG,15.25,15.5625,15.25,15.5625,25400
1997-03-17,EWG,15.375,15.375,15.1875,15.3125,35200
1997-03-18,EWG,15.125,15.25,15.125,15.1875,14000
1997-03-19,EWG,15.1875,15.1875,15.1875,15.1875,0
1997-03-20,EWG,15.25,15.25,14.875,14.875,19200
1997-03-21,EWG,15.125,15.3125,15.125,15.125,6600
1997-03-24,EWG,15.125,15.25,15.125,15.25,47500
1997-03-25,EWG,15.375,15.5,15.375,15.5,37000
1997-03-26,EWG,15.625,15.75,15.5625,15.75,12000
1997-03-27,EWG,15.75,15.8125,15.75,15.8125,25600
1997-03-31,EWG,15.625,15.625,15.4375,15.4375,91600
1997-04-01,EWG,15.25,15.25,15.1875,15.1875,102500
1997-04-02,EWG,15.0,15.0625,14.9375,14.9375,7300
1997-04-03,EWG,14.8125,14.8125,14.75,14.75,15600
1997-04-04,EWG,14.875,15.0,14.875,15.0,23700
1997-04-07,EWG,15.0,15.0,15.0,15.0,18800
1997-04-08,EWG,15.0,15.0,14.9375,15.0,2600
1997-04-09,EWG,15.0,15.0625,15.0,15.0,4800
1997-04-10,EWG,15.0,15.0,15.0,15.0,5400
1997-04-11,EWG,14.875,14.9375,14.875,14.9375,10300
1997-04-14,EWG,14.8125,14.875,14.8125,14.875,1400
1997-04-15,EWG,14.875,14.9375,14.875,14.9375,23200
1997-04-16,EWG,14.9375,14.9375,14.9375,14.9375,300
1997-04-17,EWG,15.125,15.1875,15.0625,15.125,3700
1997-04-18,EWG,15.125,15.1875,15.0625,15.125,2800
1997-04-21,EWG,15.25,15.25,15.125,15.125,1400
1997-04-22,EWG,15.125,15.125,15.125,15.125,0
1997-04-23,EWG,15.375,15.375,15.1875,15.375,71600
1997-04-24,EWG,15.3125,15.3125,15.1875,15.1875,8400
1997-04-25,EWG,15.1875,15.1875,15.0625,15.1875,7700
1997-04-28,EWG,15.0625,15.0625,14.9375,15.0,7400
1997-04-29,EWG,15.125,15.25,15.125,15.25,1400
1997-04-30,EWG,15.25,15.3125,15.125,15.125,10100
1997-05-01,EWG,15.375,15.375,15.375,15.375,1200
1997-05-02,EWG,15.5,15.5,15.5,15.5,2600
1997-05-05,EWG,15.625,15.75,15.625,15.75,7800
1997-05-06,EWG,15.875,15.9375,15.75,15.8125,11000
1997-05-07,EWG,15.6875,15.6875,15.6875,15.6875,12300
1997-05-08,EWG,15.75,15.8125,15.75,15.8125,6500
1997-05-09,EWG,16.125,16.1875,16.125,16.1875,2100
1997-05-12,EWG,16.1875,16.375,16.1875,16.375,9500
1997-05-13,EWG,16.3125,16.375,16.25,16.375,20600
1997-05-14,EWG,16.3125,16.375,16.1875,16.3125,6300
1997-05-15,EWG,16.3125,16.3125,16.3125,16.3125,13300
1997-05-16,EWG,16.4375,16.4375,16.375,16.375,3300
1997-05-19,EWG,16.0625,16.25,16.0625,16.25,1200
1997-05-20,EWG,16.125,16.125,16.125,16.125,20600
1997-05-21,EWG,16.3125,16.5,16.3125,16.5,4000
1997-05-22,EWG,16.375,16.375,16.375,16.375,1900
1997-05-23,EWG,16.5,16.5625,16.375,16.4375,15300
1997-05-27,EWG,16.5,16.5625,16.4375,16.5625,22100
1997-05-28,EWG,16.5,16.5,16.375,16.375,8600
1997-05-29,EWG,16.4375,16.4375,16.375,16.375,900
1997-05-30,EWG,16.0,16.125,16.0,16.125,20000
1997-06-02,EWG,16.0,16.125,16.0,16.125,9000
1997-06-03,EWG,16.125,16.25,16.125,16.25,8900
1997-06-04,EWG,16.3125,16.375,16.25,16.25,36300
1997-06-05,EWG,16.3125,16.4375,16.25,16.375,9100
1997-06-06,EWG,16.5,16.5,16.5,16.5,6200
1997-06-09,EWG,16.4375,16.625,16.4375,16.5,3700
1997-06-10,EWG,16.625,16.625,16.5,16.625,3600
1997-06-11,EWG,16.5,16.625,16.5,16.625,3300
1997-06-12,EWG,16.6875,16.75,16.625,16.625,2300
1997-06-13,EWG,16.625,16.75,16.625,16.75,1900
1997-06-16,EWG,16.8125,16.8125,16.8125,16.8125,700
1997-06-17,EWG,16.6875,16.6875,16.5625,16.6875,14500
1997-06-18,EWG,16.75,16.75,16.5625,16.5625,3100
1997-06-19,EWG,16.875,16.9375,16.75,16.875,10600
1997-06-20,EWG,16.875,16.9375,16.75,16.75,2500
1997-06-23,EWG,16.875,16.875,16.8125,16.8125,1400
1997-06-24,EWG,16.9375,17.0,16.9375,17.0,1500
1997-06-25,EWG,17.1875,17.1875,17.0625,17.1875,8600
1997-06-26,EWG,17.0625,17.125,16.875,17.125,6900
1997-06-27,EWG,16.9375,17.0,16.9375,17.0,1500
1997-06-30,EWG,16.8125,16.8125,16.5625,16.5625,30400
1997-07-01,EWG,16.8125,16.9375,16.8125,16.8125,24500
1997-07-02,EWG,16.9375,16.9375,16.875,16.875,22700
1997-07-03,EWG,17.25,17.25,17.25,17.25,4200
1997-07-07,EWG,17.625,17.625,17.5625,17.625,5800
1997-07-08,EWG,17.5,17.625,17.5,17.625,9000
1997-07-09,EWG,17.6875,17.6875,17.5,17.5,7100
1997-07-10,EWG,17.5625,17.5625,17.4375,17.4375,7800
1997-07-11,EWG,17.625,17.625,17.4375,17.625,5700
1997-07-14,EWG,17.5,17.6875,17.5,17.6875,10400
1997-07-15,EWG,17.5,17.625,17.5,17.625,3000
1997-07-16,EWG,17.8125,17.9375,17.8125,17.9375,3400
1997-07-17,EWG,18.0625,18.125,18.0,18.125,7300
1997-07-18,EWG,17.9375,17.9375,17.75,17.9375,42800
1997-07-21,EWG,17.625,17.625,17.4375,17.625,12400
1997-07-22,EWG,17.9375,17.9375,17.8125,17.875,10100
1997-07-23,EWG,18.375,18.375,18.125,18.1875,17600
1997-07-24,EWG,18.0,18.0,17.875,17.9375,20400
1997-07-25,EWG,17.75,17.9375,17.75,17.9375,4000
1997-07-28,EWG,18.0625,18.125,17.9375,18.125,11900
1997-07-29,EWG,18.125,18.125,18.0,18.0,32000
1997-07-30,EWG,18.25,18.375,18.25,18.375,2600
1997-07-31,EWG,18.375,18.4375,18.25,18.3125,12300
1997-08-01,EWG,17.9375,18.0625,17.9375,17.9375,4300
1997-08-04,EWG,17.5,17.5625,17.4375,17.5625,3200
1997-08-05,EWG,17.5,17.5,17.3125,17.3125,16600
1997-08-06,EWG,17.5,17.625,17.4375,17.625,6500
1997-08-07,EWG,17.9375,17.9375,17.875,17.9375,10700
1997-08-08,EWG,17.75,17.8125,17.625,17.8125,6800
1997-08-11,EWG,17.6875,17.6875,17.5,17.5625,9100
1997-08-12,EWG,17.75,17.875,17.6875,17.75,6000
1997-08-13,EWG,17.6875,17.75,17.6875,17.6875,1200
1997-08-14,EWG,17.5,17.5,17.3125,17.4375,5700
1997-08-15,EWG,17.125,17.1875,17.0625,17.0625,14500
1997-08-18,EWG,17.125,17.125,16.875,16.875,9300
1997-08-19,EWG,17.125,17.375,17.125,17.375,29600
1997-08-20,EWG,17.375,17.375,17.25,17.375,7600
1997-08-21,EWG,17.375,17.4375,17.3125,17.4375,7500
1997-08-22,EWG,17.0,17.0,16.9375,17.0,26700
1997-08-25,EWG,16.9375,17.0,16.8125,16.8125,6600
1997-08-26,EWG,16.6875,16.8125,16.625,16.625,9700
1997-08-27,EWG,16.8125,16.8125,16.5625,16.625,34700
1997-08-28,EWG,16.4375,16.5625,16.4375,16.4375,20700
1997-08-29,EWG,16.3125,16.3125,16.1875,16.1875,5800
1997-09-02,EWG,16.6875,16.6875,16.625,16.625,6500
1997-09-03,EWG,16.75,16.9375,16.75,16.875,117000
1997-09-04,EWG,16.8125,16.875,16.75,16.875,19200
1997-09-05,EWG,16.9375,17.125,16.9375,17.0,21200
1997-09-08,EWG,17.125,17.125,17.0625,17.125,46800
1997-09-09,EWG,16.9375,17.0,16.8125,17.0,31200
1997-09-10,EWG,16.8125,16.875,16.5,16.5,34000
1997-09-11,EWG,16.625,16.75,16.5625,16.5625,73800
1997-09-12,EWG,16.4375,16.4375,16.3125,16.375,21300
1997-09-15,EWG,16.4375,16.5625,16.375,16.5625,2300
1997-09-16,EWG,16.625,16.875,16.5625,16.875,13400
1997-09-17,EWG,16.8125,16.875,16.8125,16.875,2600
1997-09-18,EWG,16.875,16.875,16.75,16.875,2500
1997-09-19,EWG,16.9375,17.0,16.8125,17.0,2000
1997-09-22,EWG,17.125,17.1875,17.0625,17.1875,10100
1997-09-23,EWG,17.125,17.1875,17.0625,17.0625,10700
1997-09-24,EWG,17.3125,17.375,17.25,17.25,3100
1997-09-25,EWG,17.5,17.5,17.375,17.5,25700
1997-09-26,EWG,17.4375,17.5,17.3125,17.5,5300
1997-09-29,EWG,17.375,17.375,17.25,17.375,66600
1997-09-30,EWG,17.5,17.625,17.375,17.625,3300
1997-10-01,EWG,17.75,17.8125,17.6875,17.8125,17400
1997-10-02,EWG,17.8125,17.875,17.8125,17.8125,1000
1997-10-03,EWG,17.9375,18.0,17.8125,17.9375,10900
1997-10-06,EWG,18.1875,18.3125,18.125,18.3125,14200
1997-10-07,EWG,18.1875,18.3125,18.1875,18.25,600
1997-10-08,EWG,18.25,18.3125,18.125,18.25,17100
1997-10-09,EWG,17.9375,18.0,17.875,18.0,2100
1997-10-10,EWG,17.6875,17.8125,17.6875,17.8125,3500
1997-10-13,EWG,18.0625,18.125,18.0,18.125,2500
1997-10-14,EWG,17.875,18.0,17.875,17.875,5000
1997-10-15,EWG,17.75,17.75,17.6875,17.6875,4100
1997-10-16,EWG,17.625,17.625,17.5625,17.5625,3700
1997-10-17,EWG,17.375,17.375,17.0625,17.0625,10400
1997-10-20,EWG,17.0625,17.25,17.0625,17.0625,3900
1997-10-21,EWG,17.5,17.5,17.375,17.375,8400
1997-10-22,EWG,17.4375,17.5625,17.4375,17.5625,6800
1997-10-23,EWG,16.625,16.75,16.5,16.5625,13300
1997-10-24,EWG,16.875,16.875,16.75,16.75,4100
1997-10-27,EWG,16.375,16.375,16.125,16.125,15700
1997-10-28,EWG,15.25,16.625,15.25,16.625,96600
1997-10-29,EWG,16.25,16.5,16.1875,16.25,44700
1997-10-30,EWG,15.9375,16.125,15.9375,16.0625,6000
1997-10-31,EWG,16.375,16.625,16.375,16.625,42800
1997-11-03,EWG,16.8125,16.8125,16.5625,16.5625,15800
1997-11-04,EWG,16.5625,16.6875,16.5,16.6875,11600
1997-11-05,EWG,16.8125,16.8125,16.8125,16.8125,200
1997-11-06,EWG,16.6875,16.6875,16.6875,16.6875,300
1997-11-07,EWG,16.3125,16.375,16.3125,16.375,5200
1997-11-10,EWG,16.5,16.5,16.25,16.375,31900
1997-11-11,EWG,16.3125,16.375,16.3125,16.3125,4600
1997-11-12,EWG,16.25,16.25,15.9375,16.0,12400
1997-11-13,EWG,16.25,16.375,16.25,16.375,4100
1997-11-14,EWG,16.1875,16.1875,16.1875,16.1875,2700
1997-11-17,EWG,16.5,16.5,16.25,16.25,4300
1997-11-18,EWG,16.5625,16.6875,16.5625,16.5625,15900
1997-11-19,EWG,16.6875,16.75,16.5625,16.75,2100
1997-11-20,EWG,16.9375,16.9375,16.9375,16.9375,17700
1997-11-21,EWG,17.125,17.125,16.875,16.875,9200
1997-11-24,EWG,16.625,16.75,16.5625,16.5625,3900
1997-11-25,EWG,16.625,16.625,16.5,16.5,7700
1997-11-26,EWG,16.75,16.75,16.75,16.75,20700
1997-11-28,EWG,16.75,16.875,16.75,16.875,1200
1997-12-01,EWG,17.25,17.375,17.25,17.375,14400
1997-12-02,EWG,17.25,17.375,17.25,17.3125,5600
1997-12-03,EWG,17.5625,17.5625,17.5625,17.5625,1000
1997-12-04,EWG,17.6875,17.6875,17.5,17.5,15300
1997-12-05,EWG,17.4375,17.5,17.4375,17.5,12700
1997-12-08,EWG,17.8125,17.8125,17.5,17.5,5100
1997-12-09,EWG,17.4375,17.5625,17.4375,17.4375,3100
1997-12-10,EWG,17.25,17.3125,17.1875,17.25,9200
1997-12-11,EWG,16.875,17.0,16.875,16.875,3000
1997-12-12,EWG,17.0,17.0,17.0,17.0,4600
1997-12-15,EWG,17.0625,17.125,17.0,17.125,42700
1997-12-16,EWG,17.25,17.25,17.0625,17.0625,20600
1997-12-17,EWG,17.4375,17.625,17.25,17.3125,37800
1997-12-18,EWG,17.5,17.5,17.25,17.25,24800
1997-12-19,EWG,17.0,17.0625,17.0,17.0625,10000
1997-12-22,EWG,17.0,17.1875,17.0,17.1875,22400
1997-12-23,EWG,17.375,17.4375,17.1875,17.1875,11900
1997-12-24,EWG,17.1875,17.4375,17.1875,17.25,17100
1997-12-26,EWG,17.375,17.375,17.25,17.25,700
1997-12-29,EWG,17.625,17.625,17.4375,17.625,1800
1997-12-30,EWG,17.5625,17.625,17.5625,17.625,11300
1997-12-31,EWG,17.5625,17.625,17.5625,17.625,52000
1998-01-02,EWG,17.8125,17.9375,17.8125,17.875,8600
1998-01-05,EWG,17.875,17.9375,17.875,17.9375,51300
1998-01-06,EWG,17.8125,17.8125,17.8125,17.8125,3700
1998-01-07,EWG,17.75,17.75,17.625,17.75,137400
1998-01-08,EWG,17.5,17.5,17.4375,17.5,4600
1998-01-09,EWG,17.25,17.25,16.5,16.5,25000
1998-01-12,EWG,16.5625,16.9375,16.5625,16.9375,51200
1998-01-13,EWG,17.0,17.125,17.0,17.0,5600
1998-01-14,EWG,17.125,17.125,16.875,17.125,6300
1998-01-15,EWG,16.8125,16.875,16.75,16.75,12200
1998-01-16,EWG,17.0625,17.0625,16.875,16.875,4500
1998-01-20,EWG,17.4375,17.5,17.3125,17.3125,2600
1998-01-21,EWG,17.375,17.375,17.375,17.375,1000
1998-01-22,EWG,17.3125,17.375,17.125,17.375,52900
1998-01-23,EWG,17.4375,17.5625,17.4375,17.5,800
1998-01-26,EWG,17.5625,17.5625,17.5625,17.5625,15400
1998-01-27,EWG,17.625,17.875,17.625,17.875,9600
1998-01-28,EWG,17.9375,18.125,17.9375,18.0,1700
1998-01-29,EWG,18.0,18.0625,18.0,18.0,5500
1998-01-30,EWG,18.25,18.25,18.0,18.0,19000
1998-02-02,EWG,18.25,18.375,18.1875,18.1875,36600
1998-02-03,EWG,18.375,18.375,18.125,18.25,55300
1998-02-04,EWG,18.1875,18.25,18.1875,18.1875,6700
1998-02-05,EWG,18.625,18.75,18.5,18.6875,9600
1998-02-06,EWG,18.5625,18.6875,18.5625,18.625,1300
1998-02-09,EWG,18.625,18.625,18.5,18.625,3300
1998-02-10,EWG,18.4375,18.6875,18.4375,18.6875,14300
1998-02-11,EWG,18.5,18.625,18.4375,18.625,16300
1998-02-12,EWG,18.5625,18.5625,18.5,18.5,1700
1998-02-13,EWG,18.3125,18.375,18.3125,18.375,45300
1998-02-17,EWG,18.5625,18.875,18.5625,18.875,25900
1998-02-18,EWG,18.875,18.9375,18.6875,18.9375,3400
1998-02-19,EWG,18.875,18.875,18.75,18.75,1100
1998-02-20,EWG,18.8125,18.8125,18.6875,18.6875,4500
1998-02-23,EWG,19.0,19.125,18.875,19.125,7700
1998-02-24,EWG,19.0,19.0,18.8125,18.875,12300
1998-02-25,EWG,19.0,19.3125,19.0,19.125,7800
1998-02-26,EWG,19.0625,19.25,19.0625,19.125,23200
1998-02-27,EWG,19.125,19.1875,19.0,19.1875,7300
1998-03-02,EWG,19.625,19.625,19.4375,19.5625,8700
1998-03-03,EWG,19.5,19.5,19.25,19.4375,5800
1998-03-04,EWG,19.1875,19.1875,19.0625,19.125,8700
1998-03-05,EWG,18.8125,18.875,18.8125,18.875,31800
1998-03-06,EWG,19.0625,19.3125,19.0625,19.3125,9500
1998-03-09,EWG,19.3125,19.5625,19.3125,19.5625,22900
1998-03-10,EWG,19.625,19.6875,19.5,19.6875,27700
1998-03-11,EWG,19.625,19.6875,19.625,19.6875,7100
1998-03-12,EWG,19.75,19.8125,19.625,19.6875,220900
1998-03-13,EWG,19.75,19.875,19.75,19.75,5600
1998-03-16,EWG,20.0,20.125,19.9375,20.125,23700
1998-03-17,EWG,20.375,20.375,20.125,20.3125,3800
1998-03-18,EWG,20.125,20.125,20.125,20.125,10100
1998-03-19,EWG,20.25,20.25,20.0625,20.25,19400
1998-03-20,EWG,20.375,20.4375,20.375,20.4375,8700
1998-03-23,EWG,20.4375,20.4375,20.4375,20.4375,25700
1998-03-24,EWG,20.5625,20.625,20.5,20.625,14800
1998-03-25,EWG,20.75,20.75,20.75,20.75,6000
1998-03-26,EWG,20.5,20.625,20.5,20.625,42200
1998-03-27,EWG,20.875,20.875,20.625,20.8125,12700
1998-03-30,EWG,20.5,20.5,20.4375,20.5,21500
1998-03-31,EWG,20.5625,20.625,20.5,20.5,20700
1998-04-01,EWG,20.75,20.75,20.6875,20.75,10700
1998-04-02,EWG,20.875,20.875,20.75,20.875,15200
1998-04-03,EWG,21.0,21.0625,20.875,21.0,11600
1998-04-06,EWG,21.5,21.625,21.375,21.5,65200
1998-04-07,EWG,21.5,21.5,21.125,21.1875,15700
1998-04-08,EWG,21.4375,21.5,21.1875,21.3125,39600
1998-04-09,EWG,21.6875,21.75,21.5,21.75,33000
1998-04-13,EWG,21.75,21.8125,21.75,21.8125,25400
1998-04-14,EWG,22.0625,22.125,21.875,22.125,35900
1998-04-15,EWG,22.3125,22.3125,22.1875,22.3125,10600
1998-04-16,EWG,22.0,22.0,21.8125,22.0,35600
1998-04-17,EWG,22.0,22.0,21.75,21.875,25000
1998-04-20,EWG,22.4375,22.4375,22.0625,22.3125,51000
1998-04-21,EWG,22.375,22.375,22.125,22.1875,32200
1998-04-22,EWG,22.3125,22.3125,22.0625,22.25,24400
1998-04-23,EWG,21.8125,21.875,21.8125,21.875,10200
1998-04-24,EWG,21.5625,21.5625,21.3125,21.3125,12300
1998-04-27,EWG,20.8125,20.9375,20.625,20.875,130800
1998-04-28,EWG,21.25,21.3125,21.0625,21.0625,21600
1998-04-29,EWG,21.25,21.375,21.25,21.25,6500
1998-04-30,EWG,21.6875,21.8125,21.4375,21.8125,25700
1998-05-01,EWG,21.875,22.0625,21.875,22.0625,51400
1998-05-04,EWG,22.3125,22.5625,22.25,22.5625,24700
1998-05-05,EWG,22.0625,22.3125,22.0625,22.0625,17300
1998-05-06,EWG,22.3125,22.3125,22.0625,22.0625,8600
1998-05-07,EWG,22.0625,22.0625,21.875,22.0625,22100
1998-05-08,EWG,22.0,22.25,22.0,22.1875,29000
1998-05-11,EWG,22.5,22.625,22.375,22.375,35400
1998-05-12,EWG,22.25,22.3125,22.125,22.3125,13200
1998-05-13,EWG,22.3125,22.5,22.3125,22.375,9500
1998-05-14,EWG,22.4375,22.5,22.25,22.5,39300
1998-05-15,EWG,22.625,22.625,22.375,22.375,9700
1998-05-18,EWG,22.25,22.25,21.875,21.9375,37500
1998-05-19,EWG,22.3125,22.75,22.3125,22.625,44900
1998-05-20,EWG,23.25,23.25,23.0,23.1875,9600
1998-05-21,EWG,23.125,23.375,23.125,23.3125,8100
1998-05-22,EWG,23.5,23.5625,23.5,23.5625,20300
1998-05-26,EWG,23.75,23.9375,23.5625,23.75,63300
1998-05-27,EWG,23.0,23.125,22.875,23.0625,39400
1998-05-28,EWG,23.0,23.0625,22.8125,23.0625,12300
1998-05-29,EWG,23.1875,23.1875,23.0,23.1875,19700
1998-06-01,EWG,22.875,23.0,22.6875,22.75,37500
1998-06-02,EWG,23.25,23.375,23.125,23.3125,7700
1998-06-03,EWG,23.5625,23.625,23.375,23.375,14400
1998-06-04,EWG,23.125,23.5625,23.125,23.5625,137500
1998-06-05,EWG,23.75,23.875,23.5,23.75,243700
1998-06-08,EWG,24.1875,24.1875,24.0,24.125,35500
1998-06-09,EWG,24.0,24.0,23.875,24.0,11200
1998-06-10,EWG,24.0,24.0,23.75,23.75,20500
1998-06-11,EWG,23.875,23.875,23.25,23.25,13100
1998-06-12,EWG,23.3125,23.3125,22.9375,23.0,25600
1998-06-15,EWG,22.375,22.6875,22.375,22.5,19700
1998-06-16,EWG,23.0,23.3125,22.875,23.25,22800
1998-06-17,EWG,23.75,23.875,23.5625,23.75,46900
1998-06-18,EWG,23.4375,23.5625,23.375,23.4375,25400
1998-06-19,EWG,23.375,23.5625,23.3125,23.5,82800
1998-06-22,EWG,23.3125,23.375,23.125,23.3125,12400
1998-06-23,EWG,23.4375,23.5625,23.3125,23.5625,9400
1998-06-24,EWG,23.625,23.625,23.4375,23.625,17600
1998-06-25,EWG,24.0,24.125,24.0,24.0625,24800
1998-06-26,EWG,23.875,24.0,23.8125,23.9375,16600
1998-06-29,EWG,24.0,24.25,24.0,24.125,11200
1998-06-30,EWG,23.9375,23.9375,23.75,23.9375,12500
1998-07-01,EWG,24.125,24.25,23.9375,24.1875,83400
1998-07-02,EWG,24.0625,24.0625,23.875,23.875,32900
1998-07-06,EWG,24.0625,24.4375,24.0625,24.4375,20700
1998-07-07,EWG,24.5,24.5,24.25,24.5,24400
1998-07-08,EWG,24.5625,24.625,24.375,24.5625,115200
1998-07-09,EWG,24.4375,24.4375,24.1875,24.25,49100
1998-07-10,EWG,24.5,24.5625,24.25,24.3125,14900
1998-07-13,EWG,24.5625,24.75,24.5,24.6875,7900
1998-07-14,EWG,24.9375,25.25,24.9375,25.0625,42800
1998-07-15,EWG,25.25,25.3125,25.0,25.3125,40100
1998-07-16,EWG,25.4375,25.4375,25.375,25.4375,18200
1998-07-17,EWG,25.625,25.75,25.5,25.75,14700
1998-07-20,EWG,25.875,25.875,25.6875,25.875,25500
1998-07-21,EWG,25.875,25.875,25.6875,25.6875,48600
1998-07-22,EWG,25.4375,25.4375,25.25,25.375,34600
1998-07-23,EWG,25.125,25.1875,24.875,25.0625,21500
1998-07-24,EWG,25.0625,25.375,25.0625,25.375,26000
1998-07-27,EWG,24.8125,24.875,24.5625,24.75,35700
1998-07-28,EWG,24.75,24.75,24.0625,24.3125,44700
1998-07-29,EWG,24.5,24.75,24.375,24.5,13600
1998-07-30,EWG,24.75,24.9375,24.75,24.8125,18200
1998-07-31,EWG,24.75,25.0,24.5,24.5,22700
1998-08-03,EWG,24.0625,24.0625,24.0,24.0,60500
1998-08-04,EWG,24.1875,24.3125,23.6875,23.6875,117400
1998-08-05,EWG,23.4375,23.625,23.4375,23.5,46400
1998-08-06,EWG,23.1875,23.5,23.0625,23.25,45600
1998-08-07,EWG,23.3125,23.375,23.1875,23.375,12200
1998-08-10,EWG,22.9375,23.0,22.75,22.9375,21800
1998-08-11,EWG,22.1875,22.1875,21.9375,21.9375,44800
1998-08-12,EWG,22.5625,22.8125,22.5,22.5625,39600
1998-08-13,EWG,22.0,22.375,22.0,22.1875,57200
1998-08-14,EWG,22.6875,22.9375,22.375,22.375,97300
1998-08-17,EWG,22.5,22.8125,22.4375,22.6875,12200
1998-08-18,EWG,23.1875,23.375,23.0625,23.1875,38600
1998-08-19,EWG,23.4375,23.4375,23.125,23.125,63000
1998-08-20,EWG,23.0,23.0,22.625,22.6875,7500
1998-08-21,EWG,22.0625,22.0625,21.4375,21.75,83700
1998-08-24,EWG,21.875,21.875,21.6875,21.6875,20000
1998-08-25,EWG,22.1875,22.25,22.0,22.0625,40800
1998-08-26,EWG,21.125,21.4375,21.125,21.375,31200
1998-08-27,EWG,20.6875,20.6875,20.0,20.0,55700
1998-08-28,EWG,20.5,20.75,20.125,20.3125,93600
1998-08-31,EWG,20.375,20.375,19.4375,19.4375,102300
1998-09-01,EWG,19.75,20.75,19.5625,20.75,159400
1998-09-02,EWG,21.0,21.25,20.9375,21.0625,30700
1998-09-03,EWG,20.5,20.8125,20.25,20.3125,135900
1998-09-04,EWG,21.0,21.125,20.6875,20.75,23400
1998-09-08,EWG,21.75,22.0625,21.75,22.0625,56300
1998-09-09,EWG,21.75,21.8125,21.3125,21.3125,26900
1998-09-10,EWG,21.0,21.0,20.6875,20.9375,40600
1998-09-11,EWG,20.6875,21.125,20.6875,21.125,36600
1998-09-14,EWG,21.5,21.625,21.3125,21.4375,41600
1998-09-15,EWG,21.4375,21.625,21.25,21.5,30100
1998-09-16,EWG,21.5625,21.6875,21.4375,21.5625,8600
1998-09-17,EWG,20.375,20.5625,20.1875,20.3125,56800
1998-09-18,EWG,20.0625,20.375,20.0625,20.375,28900
1998-09-21,EWG,19.4375,20.125,19.25,20.125,52200
1998-09-22,EWG,20.125,20.3125,20.125,20.3125,14900
1998-09-23,EWG,20.625,21.125,20.375,21.125,38900
1998-09-24,EWG,20.5625,20.625,20.3125,20.4375,48400
1998-09-25,EWG,20.0625,20.25,20.0,20.25,83900
1998-09-28,EWG,20.5,20.625,20.375,20.375,144100
1998-09-29,EWG,20.1875,20.4375,20.125,20.3125,59200
1998-09-30,EWG,20.125,20.125,19.625,19.625,40300
1998-10-01,EWG,18.75,19.1875,18.125,18.125,44800
1998-10-02,EWG,18.1875,18.375,18.0,18.375,38600
1998-10-05,EWG,18.3125,18.375,17.8125,18.125,136900
1998-10-06,EWG,18.75,18.875,18.625,18.625,65500
1998-10-07,EWG,18.6875,18.8125,18.4375,18.5,31600
1998-10-08,EWG,17.9375,18.0,17.5,18.0,68600
1998-10-09,EWG,18.125,18.25,17.9375,18.25,98300
1998-10-12,EWG,19.1875,19.1875,18.9375,18.9375,79500
1998-10-13,EWG,19.3125,19.375,19.25,19.375,10500
1998-10-14,EWG,19.375,19.5625,19.25,19.3125,87700
1998-10-15,EWG,19.875,21.0,19.8125,21.0,37500
1998-10-16,EWG,20.4375,20.6875,20.3125,20.6875,140200
1998-10-19,EWG,20.5,20.5,20.25,20.3125,29100
1998-10-20,EWG,20.5625,20.875,20.5625,20.875,16700
1998-10-21,EWG,20.625,20.625,20.1875,20.375,80200
1998-10-22,EWG,20.25,20.25,19.75,19.75,99300
1998-10-23,EWG,19.9375,20.125,19.9375,20.0,38600
1998-10-26,EWG,20.5,20.75,20.5,20.75,30100
1998-10-27,EWG,20.9375,21.0,20.75,20.9375,5800
1998-10-28,EWG,20.3125,20.4375,20.25,20.4375,117500
1998-10-29,EWG,20.375,20.4375,20.25,20.4375,14300
1998-10-30,EWG,20.6875,20.9375,20.6875,20.75,15600
1998-11-02,EWG,21.3125,21.5,21.25,21.5,42200
1998-11-03,EWG,21.0,21.0,20.8125,21.0,11300
1998-11-04,EWG,21.625,21.625,21.1875,21.1875,42700
1998-11-05,EWG,21.125,21.4375,21.125,21.4375,29800
1998-11-06,EWG,21.5625,21.5625,21.375,21.5625,24900
1998-11-09,EWG,20.9375,21.0625,20.75,20.9375,95300
1998-11-10,EWG,20.5,20.6875,20.5,20.6875,9300
1998-11-11,EWG,20.75,21.0,20.6875,20.75,2200
1998-11-12,EWG,20.5,20.5625,20.4375,20.5,44100
1998-11-13,EWG,20.25,20.5,20.25,20.4375,14300
1998-11-16,EWG,21.0,21.125,21.0,21.125,7900
1998-11-17,EWG,20.875,21.0625,20.625,21.0625,211200
1998-11-18,EWG,20.875,20.875,20.75,20.8125,11900
1998-11-19,EWG,21.0,21.0625,20.75,20.75,43300
1998-11-20,EWG,21.1875,21.3125,21.125,21.125,26700
1998-11-23,EWG,21.625,21.9375,21.4375,21.9375,66600
1998-11-24,EWG,21.5625,21.625,21.25,21.25,25900
1998-11-25,EWG,21.0625,21.375,21.0625,21.375,98900
1998-11-27,EWG,21.9375,22.125,21.875,22.125,119400
1998-11-30,EWG,22.0625,22.1875,21.5625,21.5625,57000
1998-12-01,EWG,21.125,21.25,20.9375,21.25,184900
1998-12-02,EWG,20.875,21.0,20.625,21.0,45600
1998-12-03,EWG,21.3125,21.3125,21.125,21.125,45800
1998-12-04,EWG,20.75,21.4375,20.75,21.375,35600
1998-12-07,EWG,21.1875,21.1875,20.6875,20.875,52100
1998-12-08,EWG,20.8125,20.9375,20.625,20.8125,12100
1998-12-09,EWG,20.8125,20.8125,20.6875,20.8125,21000
1998-12-10,EWG,20.9375,20.9375,20.625,20.625,46800
1998-12-11,EWG,20.5625,20.5625,20.25,20.5625,14700
1998-12-14,EWG,20.3125,20.6875,20.25,20.375,68400
1998-12-15,EWG,20.4375,20.75,20.4375,20.75,23900
1998-12-16,EWG,20.9375,21.125,20.8125,20.9375,57900
1998-12-17,EWG,20.9375,21.3125,20.9375,21.125,19600
1998-12-18,EWG,21.3125,21.3125,20.875,21.0625,74600
1998-12-21,EWG,21.0625,21.6875,21.0625,21.6875,38200
1998-12-22,EWG,21.625,21.8125,21.3125,21.8125,34600
1998-12-23,EWG,21.8125,22.1875,21.8125,22.125,7900
1998-12-24,EWG,22.0,22.125,21.875,21.875,6200
1998-12-28,EWG,22.1875,22.3125,22.0625,22.25,44500
1998-12-29,EWG,22.25,22.625,22.25,22.625,38800
1998-12-30,EWG,22.1875,22.25,22.0625,22.0625,16600
1998-12-31,EWG,22.125,22.25,21.9375,22.25,20200
1999-01-04,EWG,23.375,23.9375,23.3125,23.75,126800
1999-01-05,EWG,23.4375,23.5625,23.375,23.5,36200
1999-01-06,EWG,24.0625,25.375,24.0,25.375,268500
1999-01-07,EWG,23.5,23.8125,23.4375,23.625,158100
1999-01-08,EWG,24.0625,24.0625,23.625,23.6875,105600
1999-01-11,EWG,23.125,23.125,22.6875,22.875,20200
1999-01-12,EWG,22.9375,22.9375,22.3125,22.3125,32100
1999-01-13,EWG,21.6875,22.25,21.6875,22.25,48200
1999-01-14,EWG,22.1875,22.3125,21.6875,21.9375,96500
1999-01-15,EWG,21.9375,22.5,21.875,22.5,75300
1999-01-19,EWG,22.6875,22.6875,22.25,22.5,295100
1999-01-20,EWG,23.0,23.1875,22.5625,22.875,43700
1999-01-21,EWG,22.875,22.9375,22.625,22.6875,20800
1999-01-22,EWG,22.0,22.4375,21.875,22.125,117000
1999-01-25,EWG,22.375,22.375,21.875,22.0625,40300
1999-01-26,EWG,22.0,22.3125,22.0,22.125,24800
1999-01-27,EWG,22.5,22.5,22.0,22.25,18300
1999-01-28,EWG,22.375,22.5,22.25,22.5,17700
1999-01-29,EWG,22.5,22.75,22.375,22.625,12000
1999-02-01,EWG,22.75,22.9375,22.4375,22.5,34400
1999-02-02,EWG,22.4375,22.4375,22.1875,22.3125,38600
1999-02-03,EWG,22.0,22.0625,21.8125,22.0625,51800
1999-02-04,EWG,22.25,22.25,21.6875,22.0,36100
1999-02-05,EWG,21.625,21.8125,21.5625,21.6875,16700
1999-02-08,EWG,21.5,21.625,21.25,21.625,76400
1999-02-09,EWG,21.1875,21.1875,20.5625,20.5625,61400
1999-02-10,EWG,20.4375,20.875,20.4375,20.875,47400
1999-02-11,EWG,21.0,21.25,20.875,21.25,124800
1999-02-12,EWG,21.1875,21.1875,20.75,20.875,55500
1999-02-16,EWG,21.0,21.125,20.75,20.75,15800
1999-02-17,EWG,20.625,20.6875,20.1875,20.1875,16900
1999-02-18,EWG,20.625,20.9375,20.5625,20.75,44000
1999-02-19,EWG,20.6875,20.75,20.4375,20.5,5900
1999-02-22,EWG,20.375,20.875,20.3125,20.75,47900
1999-02-23,EWG,21.0,21.1875,20.9375,21.0625,38400
1999-02-24,EWG,21.1875,21.25,20.875,20.875,56300
1999-02-25,EWG,20.875,20.875,20.5,20.5,7800
1999-02-26,EWG,20.6875,20.6875,20.5,20.5625,5100
1999-03-01,EWG,20.3125,20.5,20.0625,20.0625,16100
1999-03-02,EWG,20.0625,20.25,20.0,20.1875,45100
1999-03-03,EWG,20.1875,20.1875,19.625,19.75,29200
1999-03-04,EWG,19.375,19.8125,19.375,19.8125,48500
1999-03-05,EWG,20.0625,20.1875,20.0,20.1875,41700
1999-03-08,EWG,20.0625,20.125,19.875,20.0,12500
1999-03-09,EWG,19.9375,20.0,19.625,19.875,19100
1999-03-10,EWG,20.0,20.0,19.6875,20.0,17200
1999-03-11,EWG,19.75,21.625,19.6875,21.125,1014500
1999-03-12,EWG,21.25,21.25,20.75,20.75,79800
1999-03-15,EWG,21.0625,21.1875,20.8125,20.9375,27500
1999-03-16,EWG,21.125,21.5,21.125,21.5,39200
1999-03-17,EWG,21.25,21.375,20.9375,21.125,137500
1999-03-18,EWG,20.9375,20.9375,20.8125,20.8125,223300
1999-03-19,EWG,21.3125,21.3125,20.9375,20.9375,30900
1999-03-22,EWG,20.6875,20.9375,20.6875,20.9375,28400
1999-03-23,EWG,20.5,20.5625,19.9375,19.9375,191100
1999-03-24,EWG,20.0,20.125,19.5,19.5,48000
1999-03-25,EWG,19.8125,20.125,19.8125,20.125,31400
1999-03-26,EWG,19.5,19.625,19.3125,19.5,11300
1999-03-29,EWG,19.6875,20.125,19.6875,20.125,29200
1999-03-30,EWG,19.8125,19.9375,19.75,19.875,8600
1999-03-31,EWG,19.9375,20.0,19.8125,19.875,37000
1999-04-01,EWG,20.3125,20.3125,20.0625,20.25,43600
1999-04-05,EWG,20.25,20.375,20.0625,20.3125,37100
1999-04-06,EWG,20.3125,20.625,20.3125,20.5,17900
1999-04-07,EWG,20.75,20.8125,20.625,20.8125,24700
1999-04-08,EWG,20.875,21.3125,20.75,21.25,51200
1999-04-09,EWG,21.1875,21.1875,21.0,21.0,18700
1999-04-12,EWG,20.9375,21.375,20.9375,21.1875,14900
1999-04-13,EWG,21.375,21.4375,21.125,21.3125,31200
1999-04-14,EWG,21.375,21.5,21.25,21.25,159200
1999-04-15,EWG,21.25,21.3125,21.0,21.25,7100
1999-04-16,EWG,20.875,20.9375,20.75,20.9375,17400
1999-04-19,EWG,21.25,21.25,20.8125,20.8125,13700
1999-04-20,EWG,20.625,20.6875,20.4375,20.6875,6100
1999-04-21,EWG,20.4375,20.875,20.4375,20.875,48300
1999-04-22,EWG,20.875,21.0625,20.6875,21.0625,28700
1999-04-23,EWG,20.8125,20.8125,20.625,20.8125,187200
1999-04-26,EWG,20.9375,21.125,20.9375,21.0625,25200
1999-04-27,EWG,21.5,21.625,21.375,21.625,46300
1999-04-28,EWG,21.4375,21.625,21.3125,21.3125,66300
1999-04-29,EWG,21.375,21.5,21.25,21.375,26500
1999-04-30,EWG,21.5,21.625,21.25,21.25,36500
1999-05-03,EWG,21.25,21.625,21.25,21.625,57900
1999-05-04,EWG,21.6875,21.75,21.5,21.5625,23300
1999-05-05,EWG,21.5625,21.625,21.4375,21.625,30400
1999-05-06,EWG,21.5,21.5625,21.4375,21.4375,14900
1999-05-07,EWG,21.625,21.625,21.25,21.4375,49900
1999-05-10,EWG,21.25,21.25,20.9375,21.125,28100
1999-05-11,EWG,21.25,21.5625,21.25,21.4375,22100
1999-05-12,EWG,21.0625,21.125,20.875,21.0,27600
1999-05-13,EWG,21.0,21.375,21.0,21.375,14200
1999-05-14,EWG,21.0,21.0625,20.625,20.625,94300
1999-05-17,EWG,20.375,20.5,20.25,20.25,39400
1999-05-18,EWG,20.8125,21.0,20.75,20.75,43500
1999-05-19,EWG,20.6875,21.0,20.6875,20.875,17900
1999-05-20,EWG,21.3125,21.375,21.25,21.375,23800
1999-05-21,EWG,21.125,21.25,21.0,21.125,40700
1999-05-24,EWG,21.125,21.3125,20.875,20.875,5000
1999-05-25,EWG,20.9375,20.9375,20.5,20.5,7100
1999-05-26,EWG,20.625,20.625,20.375,20.5,23100
1999-05-27,EWG,20.3125,20.3125,20.0,20.0625,47600
1999-05-28,EWG,20.125,20.25,20.0625,20.125,4400
1999-06-01,EWG,20.25,20.25,19.9375,19.9375,62500
1999-06-02,EWG,19.6875,19.9375,19.625,19.9375,3300
1999-06-03,EWG,20.0,20.25,20.0,20.25,3900
1999-06-04,EWG,20.125,20.3125,20.0,20.25,15400
1999-06-07,EWG,20.25,20.4375,20.25,20.4375,1800
1999-06-08,EWG,21.0,21.1875,20.75,20.75,79100
1999-06-09,EWG,21.0,21.25,21.0,21.25,21100
1999-06-10,EWG,21.25,21.25,21.0,21.1875,21900
1999-06-11,EWG,21.0625,21.4375,21.0,21.375,75700
1999-06-14,EWG,21.3125,21.3125,21.0,21.1875,106800
1999-06-15,EWG,21.125,21.4375,21.125,21.4375,4700
1999-06-16,EWG,21.375,21.5,21.375,21.5,12900
1999-06-17,EWG,21.3125,21.5,21.25,21.4375,6100
1999-06-18,EWG,21.75,21.75,21.4375,21.5,61600
1999-06-21,EWG,21.8125,21.875,21.625,21.875,66500
1999-06-22,EWG,21.75,21.8125,21.5625,21.8125,16800
1999-06-23,EWG,21.5625,21.5625,21.3125,21.375,28700
1999-06-24,EWG,21.375,21.375,21.0625,21.0625,19000
1999-06-25,EWG,21.375,21.5625,21.3125,21.4375,3300
1999-06-28,EWG,21.5,21.5,21.25,21.25,19600
1999-06-29,EWG,21.5,21.625,21.3125,21.5625,38000
1999-06-30,EWG,21.625,21.9375,21.25,21.8125,82900
1999-07-01,EWG,21.875,22.0625,21.5625,21.8125,101800
1999-07-02,EWG,21.75,21.9375,21.75,21.75,10100
1999-07-06,EWG,21.875,22.25,21.875,22.25,81900
1999-07-07,EWG,22.0,22.125,21.8125,21.9375,22000
1999-07-08,EWG,21.9375,22.125,21.875,22.0625,17300
1999-07-09,EWG,22.25,22.25,22.125,22.125,31200
1999-07-12,EWG,22.25,22.3125,22.0,22.1875,38100
1999-07-13,EWG,21.75,21.9375,21.625,21.625,23300
1999-07-14,EWG,21.9375,22.1875,21.9375,21.9375,19000
1999-07-15,EWG,22.125,22.1875,22.125,22.1875,16100
1999-07-16,EWG,22.1875,22.1875,22.0,22.0,20900
1999-07-19,EWG,22.1875,22.4375,21.9375,22.4375,40900
1999-07-20,EWG,22.25,22.25,21.6875,21.6875,106500
1999-07-21,EWG,21.6875,22.0,21.6875,21.9375,13200
1999-07-22,EWG,21.75,21.8125,21.4375,21.4375,19500
1999-07-23,EWG,21.6875,21.75,21.1875,21.375,108000
1999-07-26,EWG,21.5,21.5625,21.3125,21.375,59500
1999-07-27,EWG,21.3125,21.5,21.3125,21.375,42200
1999-07-28,EWG,21.1875,21.5,21.1875,21.375,129900
1999-07-29,EWG,20.9375,20.9375,20.625,20.625,80800
1999-07-30,EWG,20.625,21.125,20.625,20.8125,71300
1999-08-02,EWG,20.75,21.125,20.5625,21.0625,58000
1999-08-03,EWG,20.9375,21.0625,20.8125,21.0,35500
1999-08-04,EWG,21.0625,21.3125,21.0625,21.3125,75200
1999-08-05,EWG,20.8125,21.0625,20.6875,20.9375,335400
1999-08-06,EWG,20.6875,20.8125,20.625,20.6875,11400
1999-08-09,EWG,21.125,21.125,20.8125,20.8125,18600
1999-08-10,EWG,20.6875,20.75,20.375,20.625,28500
1999-08-11,EWG,20.8125,20.9375,20.5625,20.75,21800
1999-08-12,EWG,21.1875,21.25,21.0,21.25,37600
1999-08-13,EWG,21.375,21.5,21.25,21.3125,16000
1999-08-16,EWG,21.5,21.5625,21.3125,21.3125,16000
1999-08-17,EWG,21.375,21.5,21.3125,21.4375,16800
1999-08-18,EWG,21.375,21.375,21.125,21.1875,24000
1999-08-19,EWG,21.25,21.375,21.0625,21.375,19500
1999-08-20,EWG,21.875,21.9375,21.4375,21.8125,120500
1999-08-23,EWG,21.875,21.875,21.75,21.8125,50500
1999-08-24,EWG,21.5625,21.875,21.5625,21.875,76600
1999-08-25,EWG,21.4375,21.625,21.375,21.625,36000
1999-08-26,EWG,21.625,21.625,21.3125,21.375,30500
1999-08-27,EWG,21.625,21.625,21.375,21.375,16000
1999-08-30,EWG,21.5,21.5,21.0625,21.0625,18300
1999-08-31,EWG,21.125,21.25,21.0,21.0,35100
1999-09-01,EWG,21.4375,21.4375,21.25,21.4375,13300
1999-09-02,EWG,21.125,21.25,21.0,21.1875,12300
1999-09-03,EWG,21.4375,21.9375,21.375,21.625,155000
1999-09-07,EWG,21.6875,22.25,21.625,22.0,146500
1999-09-08,EWG,21.375,21.625,21.3125,21.375,300000
1999-09-09,EWG,21.6875,21.875,21.625,21.875,26800
1999-09-10,EWG,22.0,22.0,21.5625,21.5625,15400
1999-09-13,EWG,21.3125,21.5,21.3125,21.4375,27000
1999-09-14,EWG,21.4375,21.4375,21.125,21.125,19700
1999-09-15,EWG,21.1875,21.25,21.0,21.0625,68400
1999-09-16,EWG,21.125,21.125,20.8125,21.0,68500
1999-09-17,EWG,21.0,21.0,20.9375,21.0,20200
1999-09-20,EWG,21.0,21.1875,20.9375,21.0625,60000
1999-09-21,EWG,20.9375,21.0625,20.75,20.875,147400
1999-09-22,EWG,20.8125,21.0,20.75,20.8125,35800
1999-09-23,EWG,21.0,21.0625,20.6875,20.8125,35300
1999-09-24,EWG,20.5,20.75,20.375,20.5,28500
1999-09-27,EWG,20.75,20.75,20.5625,20.75,14600
1999-09-28,EWG,20.5,20.625,20.4375,20.4375,80500
1999-09-29,EWG,20.5,20.8125,20.5,20.75,83600
1999-09-30,EWG,20.8125,20.9375,20.6875,20.9375,24000
1999-10-01,EWG,20.875,20.9375,20.75,20.75,112300
1999-10-04,EWG,21.0,21.625,20.9375,21.5625,666100
1999-10-05,EWG,21.5,21.5625,21.375,21.4375,80500
1999-10-06,EWG,21.4375,21.4375,21.0,21.3125,427800
1999-10-07,EWG,21.6875,21.9375,21.375,21.5,131400
1999-10-08,EWG,21.9375,21.9375,21.5625,21.5625,31200
1999-10-11,EWG,21.875,21.9375,21.5,21.6875,117400
1999-10-12,EWG,21.8125,21.8125,21.5,21.5,185500
1999-10-13,EWG,21.5625,21.5625,21.3125,21.4375,168200
1999-10-14,EWG,21.25,21.375,21.25,21.34375,141000
1999-10-15,EWG,21.0,21.1875,20.9375,20.9375,13300
1999-10-18,EWG,20.9375,21.125,20.9375,21.0625,84800
1999-10-19,EWG,21.5,21.6875,21.3125,21.5,62500
1999-10-20,EWG,21.4375,21.625,21.375,21.4375,22500
1999-10-21,EWG,21.375,21.375,21.125,21.1875,8200
1999-10-22,EWG,21.6875,21.6875,21.375,21.5625,50300
1999-10-25,EWG,21.5,21.5,21.25,21.25,21900
1999-10-26,EWG,21.5,21.5,21.25,21.5,56600
1999-10-27,EWG,21.4375,21.4375,21.0625,21.25,147600
1999-10-28,EWG,21.625,21.8125,21.5,21.8125,35000
1999-10-29,EWG,21.875,22.0,21.6875,22.0,26900
1999-11-01,EWG,21.875,21.875,21.75,21.875,8700
1999-11-02,EWG,22.0,22.25,21.75,22.1875,122600
1999-11-03,EWG,22.0625,22.125,21.8125,21.9375,240300
1999-11-04,EWG,22.25,22.4375,22.0625,22.25,85600
1999-11-05,EWG,22.375,22.375,22.3125,22.375,17400
1999-11-08,EWG,22.125,22.1875,21.875,22.125,56200
1999-11-09,EWG,22.375,22.5,22.125,22.25,165300
1999-11-10,EWG,22.375,22.5,22.125,22.4375,60200
1999-11-11,EWG,22.5625,22.625,22.5,22.625,22400
1999-11-12,EWG,22.75,22.75,22.375,22.625,48400
1999-11-15,EWG,22.75,22.8125,22.5,22.75,38600
1999-11-16,EWG,22.75,23.25,22.75,23.125,48400
1999-11-17,EWG,23.1875,23.375,23.125,23.375,71700
1999-11-18,EWG,23.375,23.5,23.25,23.4375,34300
1999-11-19,EWG,23.1875,23.4375,23.125,23.4375,62400
1999-11-22,EWG,23.0625,23.3125,23.0,23.0625,152800
1999-11-23,EWG,23.0625,23.0625,22.625,22.625,52000
1999-11-24,EWG,22.5,22.5,22.25,22.5,41100
1999-11-26,EWG,22.9375,22.9375,22.6875,22.875,19200
1999-11-29,EWG,22.75,22.75,22.4375,22.625,180200
1999-11-30,EWG,22.125,22.5,22.125,22.3125,26200
1999-12-01,EWG,22.8125,22.875,22.75,22.875,55400
1999-12-02,EWG,22.5,22.75,22.5,22.75,49000
1999-12-03,EWG,22.8125,23.3125,22.8125,23.25,40200
1999-12-06,EWG,23.5,23.75,23.3125,23.625,74000
1999-12-07,EWG,23.625,23.875,23.5,23.5625,41300
1999-12-08,EWG,23.4375,23.6875,23.3125,23.5625,15800
1999-12-09,EWG,23.5625,23.8125,23.4375,23.75,100600
1999-12-10,EWG,23.4375,23.5625,23.25,23.5,38100
1999-12-13,EWG,23.0,23.5625,23.0,23.5625,73800
1999-12-14,EWG,23.5,23.625,23.1875,23.5,112300
1999-12-15,EWG,23.3125,23.625,23.0625,23.625,43400
1999-12-16,EWG,24.125,24.5,24.0,24.4375,124700
1999-12-17,EWG,24.3125,24.5,24.125,24.375,80600
1999-12-20,EWG,24.1875,24.375,24.0625,24.3125,44500
1999-12-21,EWG,24.0625,24.5,24.0,24.5,48000
1999-12-22,EWG,24.5,24.875,24.4375,24.875,198700
1999-12-23,EWG,25.625,26.0625,25.4375,26.0,65700
1999-12-27,EWG,26.375,26.4375,26.3125,26.4375,48600
1999-12-28,EWG,25.875,26.0625,25.8125,25.9375,68600
1999-12-29,EWG,26.0625,26.125,25.75,25.9375,91300
1999-12-30,EWG,26.125,26.4375,26.0,26.3125,122900
1999-12-31,EWG,26.625,26.6875,26.5,26.6875,36600
2000-01-03,EWG,26.875,26.9375,26.0,26.25,102900
2000-01-04,EWG,25.5625,25.6875,25.0,25.0,84400
2000-01-05,EWG,25.375,25.625,24.9375,25.625,158700
2000-01-06,EWG,25.1875,25.6875,25.125,25.625,135100
2000-01-07,EWG,26.0,27.0,26.0,27.0,182100
2000-01-10,EWG,26.9375,27.0,26.625,26.9375,186800
2000-01-11,EWG,26.5625,27.25,26.4375,26.875,117600
2000-01-12,EWG,26.6875,26.8125,26.375,26.8125,38100
2000-01-13,EWG,27.1875,27.1875,26.625,27.125,242400
2000-01-14,EWG,27.4375,27.6875,27.25,27.6875,220600
2000-01-18,EWG,27.3125,27.375,27.0625,27.25,88200
2000-01-19,EWG,26.75,27.0,26.5625,26.9375,41900
2000-01-20,EWG,26.9375,27.375,26.8125,27.375,250100
2000-01-21,EWG,26.8125,26.9375,26.0,26.5625,49200
2000-01-24,EWG,26.625,26.6875,26.0,26.0625,64300
2000-01-25,EWG,25.9375,26.0625,25.6875,25.9375,58600
2000-01-26,EWG,25.9375,26.125,25.875,26.125,30100
2000-01-27,EWG,26.25,26.625,26.125,26.4375,62600
2000-01-28,EWG,26.3125,26.3125,25.375,25.375,171600
2000-01-31,EWG,25.1875,25.25,24.9375,25.1875,45700
2000-02-01,EWG,25.4375,25.625,25.3125,25.5,164000
2000-02-02,EWG,26.0,26.3125,25.875,26.3125,128300
2000-02-03,EWG,27.0625,27.4375,27.0,27.4375,52900
2000-02-04,EWG,27.5,27.6875,27.0,27.6875,59000
2000-02-07,EWG,27.25,27.5,26.8125,27.0,33000
2000-02-08,EWG,27.6875,27.9375,27.4375,27.9375,274300
2000-02-09,EWG,29.125,29.125,28.5,28.625,180100
2000-02-10,EWG,28.6875,28.6875,28.3125,28.375,60000
2000-02-11,EWG,28.5625,28.5625,27.875,27.875,57200
2000-02-14,EWG,28.5,28.5,28.0625,28.375,46600
2000-02-15,EWG,28.1875,28.3125,27.4375,27.625,88000
2000-02-16,EWG,27.5625,28.125,27.375,28.0625,102800
2000-02-17,EWG,28.5625,28.5625,28.125,28.4375,38000
2000-02-18,EWG,28.25,28.4375,27.75,27.75,61700
2000-02-22,EWG,29.0625,29.125,28.75,29.0625,178800
2000-02-23,EWG,29.125,29.375,29.0,29.25,166600
2000-02-24,EWG,28.9375,29.0,28.125,28.5625,115800
2000-02-25,EWG,28.25,28.375,28.0625,28.25,44300
2000-02-28,EWG,27.375,27.875,27.125,27.625,42100
2000-02-29,EWG,27.6875,28.0,27.625,27.875,102800
2000-03-01,EWG,27.5625,28.125,27.5625,28.125,27800
2000-03-02,EWG,28.1875,28.75,27.9375,28.6875,38600
2000-03-03,EWG,28.9375,29.3125,28.875,29.0625,43100
2000-03-06,EWG,28.9375,28.9375,28.5625,28.5625,30500
2000-03-07,EWG,29.25,29.25,28.375,28.375,77800
2000-03-08,EWG,28.625,28.875,28.3125,28.875,34400
2000-03-09,EWG,28.25,28.8125,28.0625,28.8125,131100
2000-03-10,EWG,28.4375,28.5,28.25,28.25,24800
2000-03-13,EWG,27.1875,27.75,27.125,27.5,231000
2000-03-14,EWG,27.8125,27.8125,27.25,27.25,29200
2000-03-15,EWG,26.6875,27.0,26.4375,27.0,97600
2000-03-16,EWG,27.4375,27.75,27.1875,27.75,63300
2000-03-17,EWG,26.9375,28.0625,26.9375,28.0,116800
2000-03-20,EWG,28.1875,28.6875,28.125,28.375,202900
2000-03-21,EWG,28.1875,28.4375,27.9375,28.296875,138800
2000-03-22,EWG,27.8125,28.25,27.8125,28.1875,185100
2000-03-23,EWG,27.3125,28.5,27.3125,28.5,205800
2000-03-24,EWG,28.125,28.75,28.125,28.4375,382200
2000-03-27,EWG,28.3125,28.3125,27.8125,28.0,64500
2000-03-28,EWG,28.1875,28.1875,28.0,28.0625,85500
2000-03-29,EWG,28.0625,28.125,27.625,27.75,65800
2000-03-30,EWG,27.0,27.3125,26.875,27.125,63100
2000-03-31,EWG,27.1875,27.4375,27.0,27.0,47700
2000-04-03,EWG,26.5,26.625,26.3125,26.625,61900
2000-04-04,EWG,26.5625,26.625,25.5,26.375,114600
2000-04-05,EWG,25.6875,26.4375,25.6875,26.375,248800
2000-04-06,EWG,26.5625,26.625,26.3125,26.625,32700
2000-04-07,EWG,26.5,26.75,26.3125,26.5625,49300
2000-04-10,EWG,26.875,27.125,26.75,26.75,36600
2000-04-11,EWG,26.25,26.75,26.1875,26.4375,77900
2000-04-12,EWG,26.375,26.375,26.0,26.1875,37000
2000-04-13,EWG,26.1875,26.25,25.9375,26.0625,45800
2000-04-14,EWG,25.5625,25.8125,25.0625,25.0625,86600
2000-04-17,EWG,24.5,25.75,24.5,25.75,90400
2000-04-18,EWG,25.25,25.625,25.125,25.375,68000
2000-04-19,EWG,25.1875,25.1875,24.8125,24.875,71300
2000-04-20,EWG,24.9375,25.0,24.625,24.875,13300
2000-04-24,EWG,24.6875,24.6875,24.375,24.5,52200
2000-04-25,EWG,25.0625,25.125,24.875,25.0625,53600
2000-04-26,EWG,25.25,25.375,25.0625,25.25,34700
2000-04-27,EWG,24.125,24.5,24.125,24.5,44800
2000-04-28,EWG,24.6875,24.75,24.375,24.625,36800
2000-05-01,EWG,24.75,24.9375,24.5625,24.9375,45500
2000-05-02,EWG,25.125,25.375,24.875,24.875,30700
2000-05-03,EWG,24.5625,24.6875,24.1875,24.375,52100
2000-05-04,EWG,24.3125,24.3125,24.0,24.1875,68200
2000-05-05,EWG,24.0625,24.6875,24.0625,24.625,27500
2000-05-08,EWG,24.375,24.4375,24.125,24.3125,44900
2000-05-09,EWG,24.25,24.25,23.9375,24.125,22200
2000-05-10,EWG,24.0,24.125,23.5,23.8125,60500
2000-05-11,EWG,23.75,24.1875,23.75,24.078125,22500
2000-05-12,EWG,24.375,24.625,24.1875,24.5,82200
2000-05-15,EWG,24.4375,24.4375,24.125,24.3125,53000
2000-05-16,EWG,24.3125,24.75,24.3125,24.75,37300
2000-05-17,EWG,23.8125,23.9375,23.5625,23.75,90200
2000-05-18,EWG,23.6875,23.6875,23.3125,23.3125,104600
2000-05-19,EWG,22.6875,22.875,22.625,22.8125,33000
2000-05-22,EWG,22.9375,23.0,22.5625,22.9375,49900
2000-05-23,EWG,23.0625,23.25,22.875,22.875,59100
2000-05-24,EWG,22.875,23.1875,22.875,23.125,80800
2000-05-25,EWG,23.1875,23.3125,23.0,23.0625,58700
2000-05-26,EWG,23.3125,23.9375,23.3125,23.9375,67900
2000-05-30,EWG,24.75,24.8125,24.375,24.625,172500
2000-05-31,EWG,24.5,24.8125,24.375,24.75,178400
2000-06-01,EWG,24.875,25.0,24.6875,25.0,46300
2000-06-02,EWG,25.8125,26.0,25.625,25.890625,31700
2000-06-05,EWG,25.6875,25.9375,25.6875,25.75,65800
2000-06-06,EWG,26.0,26.0,25.6875,25.8125,80000
2000-06-07,EWG,25.6875,25.75,25.4375,25.546875,59900
2000-06-08,EWG,25.75,25.75,25.25,25.4375,76300
2000-06-09,EWG,25.5,25.5625,25.1875,25.25,32900
2000-06-12,EWG,25.375,25.75,25.25,25.625,80200
2000-06-13,EWG,25.75,25.8125,25.625,25.8125,54500
2000-06-14,EWG,25.875,25.875,25.75,25.875,21500
2000-06-15,EWG,25.75,25.75,25.5,25.625,27300
2000-06-16,EWG,25.625,25.875,25.5625,25.6875,22100
2000-06-19,EWG,25.5,25.625,25.25,25.5625,102800
2000-06-20,EWG,25.3125,25.375,25.0625,25.375,101300
2000-06-21,EWG,24.6875,24.75,24.4375,24.75,32900
2000-06-22,EWG,24.5,24.5,24.25,24.375,127400
2000-06-23,EWG,24.4375,24.4375,23.9375,24.0,36100
2000-06-26,EWG,23.5,23.5625,23.25,23.5625,115500
2000-06-27,EWG,23.9375,24.3125,23.875,24.3125,26600
2000-06-28,EWG,24.1875,24.4375,24.1875,24.3125,29000
2000-06-29,EWG,24.0625,24.1875,23.8125,23.8125,13400
2000-06-30,EWG,24.25,24.375,24.125,24.25,19900
2000-07-03,EWG,24.0,24.125,23.625,24.0,187100
2000-07-05,EWG,24.5625,24.6875,24.25,24.25,29400
2000-07-06,EWG,24.375,24.375,24.1875,24.3125,20100
2000-07-07,EWG,24.25,24.5,24.25,24.5,23300
2000-07-10,EWG,24.75,24.75,24.625,24.75,13600
2000-07-11,EWG,24.4375,24.5,24.3125,24.5,22900
2000-07-12,EWG,24.4375,24.625,24.125,24.4375,56400
2000-07-13,EWG,24.4375,24.625,24.375,24.5625,47100
2000-07-14,EWG,25.0,25.125,24.875,25.0,103900
2000-07-17,EWG,25.125,25.3125,25.0,25.3125,120700
2000-07-18,EWG,25.25,25.4375,25.0,25.125,54000
2000-07-19,EWG,24.875,25.0,24.5625,24.8125,180500
2000-07-20,EWG,24.9375,25.375,24.8125,25.3125,310500
2000-07-21,EWG,25.1875,25.1875,24.9375,25.125,99200
2000-07-24,EWG,24.9375,24.9375,24.4375,24.5625,40600
2000-07-25,EWG,24.8125,24.9375,24.5625,24.8125,16600
2000-07-26,EWG,24.8125,24.875,24.625,24.75,31300
2000-07-27,EWG,24.6875,24.6875,24.25,24.375,37700
2000-07-28,EWG,24.125,24.1875,23.5625,23.875,137800
2000-07-31,EWG,24.125,24.3125,23.9375,24.1875,32500
2000-08-01,EWG,24.125,24.125,23.6875,23.6875,69800
2000-08-02,EWG,23.4375,23.625,23.375,23.5,27300
2000-08-03,EWG,22.8125,23.25,22.8125,23.1875,29400
2000-08-04,EWG,23.4375,23.4375,23.0625,23.3125,11000
2000-08-07,EWG,23.5625,23.6875,23.5,23.5625,32000
2000-08-08,EWG,23.375,23.6875,23.375,23.5625,330400
2000-08-09,EWG,23.75,23.8125,23.5,23.625,45200
2000-08-10,EWG,24.0,24.125,23.9375,24.0,34200
2000-08-11,EWG,24.0,24.0,23.8125,23.875,155700
2000-08-14,EWG,23.9375,24.3125,23.75,24.1875,60800
2000-08-15,EWG,24.1875,24.1875,24.0,24.125,45900
2000-08-16,EWG,24.0625,24.125,23.9375,24.0625,26900
2000-08-17,EWG,23.875,24.1875,23.875,24.125,42500
2000-08-18,EWG,23.8125,23.8125,23.5625,23.75,35900
2000-08-21,EWG,23.4375,23.4375,23.1875,23.3125,60300
2000-08-22,EWG,23.3125,23.4375,23.125,23.1875,25300
2000-08-23,EWG,23.0,23.1875,23.0,23.1875,33200
2000-08-24,EWG,20.9375,20.9375,20.6875,20.75,50300
2000-08-25,EWG,20.9375,21.125,20.875,21.0625,61400
2000-08-28,EWG,20.9375,21.125,20.9375,21.0625,27700
2000-08-29,EWG,20.9375,20.9375,20.625,20.875,51000
2000-08-30,EWG,20.625,20.625,20.375,20.5,44300
2000-08-31,EWG,20.625,20.6875,20.3125,20.5625,49200
2000-09-01,EWG,21.125,21.3125,20.9375,21.0625,70100
2000-09-05,EWG,21.125,21.1875,20.9375,20.9375,50000
2000-09-06,EWG,20.875,20.875,20.4375,20.625,52700
2000-09-07,EWG,20.625,20.875,20.375,20.875,46500
2000-09-08,EWG,20.4375,20.4375,20.0,20.4375,42200
2000-09-11,EWG,19.8125,20.0625,19.75,20.0,48100
2000-09-12,EWG,19.875,19.875,19.625,19.75,27800
2000-09-13,EWG,19.625,19.625,19.25,19.4375,152900
2000-09-14,EWG,19.6875,19.8125,19.5,19.6875,167700
2000-09-15,EWG,19.625,19.625,19.375,19.375,86800
2000-09-18,EWG,19.3125,19.3125,18.9375,19.0,42400
2000-09-19,EWG,19.0,19.0625,18.8125,19.0,32800
2000-09-20,EWG,18.9375,18.9375,18.375,18.5,110100
2000-09-21,EWG,18.3125,18.375,18.125,18.375,96800
2000-09-22,EWG,18.6875,19.0625,18.6875,18.9375,86900
2000-09-25,EWG,19.25,19.25,19.0625,19.125,57200
2000-09-26,EWG,19.125,19.3125,19.125,19.1875,34900
2000-09-27,EWG,19.3125,19.5,19.1875,19.3125,47600
2000-09-28,EWG,19.125,19.5,19.125,19.5,113500
2000-09-29,EWG,19.4375,19.4375,19.125,19.3125,79600
2000-10-02,EWG,19.3125,19.625,19.25,19.4375,24400
2000-10-03,EWG,19.375,19.625,19.25,19.375,16500
2000-10-04,EWG,19.1875,19.3125,19.0625,19.1875,468000
2000-10-05,EWG,19.1875,19.3125,19.125,19.125,175300
2000-10-06,EWG,19.25,19.25,18.6875,18.75,116100
2000-10-09,EWG,18.75,18.8125,18.625,18.6875,15100
2000-10-10,EWG,18.6875,18.875,18.625,18.625,65900
2000-10-11,EWG,18.375,18.4375,18.1875,18.3125,61500
2000-10-12,EWG,18.375,18.375,17.875,17.9375,71700
2000-10-13,EWG,17.9375,18.25,17.9375,18.25,41900
2000-10-16,EWG,18.125,18.1875,17.9375,18.1875,21600
2000-10-17,EWG,18.25,18.3125,17.875,18.125,66400
2000-10-18,EWG,17.5,17.75,17.375,17.5,103500
2000-10-19,EWG,17.8125,18.0625,17.8125,18.0625,34100
2000-10-20,EWG,17.8125,18.25,17.8125,18.1875,426400
2000-10-23,EWG,17.8125,18.0625,17.8125,17.9375,44800
2000-10-24,EWG,17.8125,18.4375,17.8125,18.375,207600
2000-10-25,EWG,18.0,18.375,18.0,18.0,116800
2000-10-26,EWG,18.1875,18.375,18.1875,18.25,92800
2000-10-27,EWG,18.625,18.9375,18.5,18.8125,51100
2000-10-30,EWG,18.8125,19.0,18.8125,18.9375,50800
2000-10-31,EWG,19.1875,19.5,19.1875,19.5,52800
2000-11-01,EWG,19.5,19.8125,19.375,19.625,138200
2000-11-02,EWG,19.75,19.875,19.6875,19.75,138300
2000-11-03,EWG,19.875,19.9375,19.6875,19.9375,33400
2000-11-06,EWG,19.875,19.9375,19.625,19.8125,109000
2000-11-07,EWG,19.625,19.8125,19.5,19.75,103800
2000-11-08,EWG,19.5,19.625,19.3125,19.3125,58900
2000-11-09,EWG,19.25,19.5,19.1875,19.5,83900
2000-11-10,EWG,19.25,19.3125,19.0625,19.125,12500
2000-11-13,EWG,18.75,18.875,18.5625,18.75,169700
2000-11-14,EWG,19.125,19.25,18.9375,19.25,46600
2000-11-15,EWG,19.1875,19.3125,19.0625,19.125,23700
2000-11-16,EWG,18.8125,19.0,18.8125,18.875,13100
2000-11-17,EWG,18.8125,18.9375,18.5,18.5625,36800
2000-11-20,EWG,18.4375,18.5,18.1875,18.25,69500
2000-11-21,EWG,18.1875,18.3125,18.0625,18.1875,49300
2000-11-22,EWG,18.0,18.0,17.75,17.75,62700
2000-11-24,EWG,18.1875,18.375,18.125,18.125,16500
2000-11-27,EWG,18.4375,18.625,18.375,18.4375,45800
2000-11-28,EWG,18.5625,18.5625,18.3125,18.375,33200
2000-11-29,EWG,18.4375,18.625,18.25,18.4375,65800
2000-11-30,EWG,18.3125,18.4375,18.1875,18.1875,55900
2000-12-01,EWG,18.3125,18.6875,18.3125,18.625,122300
2000-12-04,EWG,18.5,18.625,18.4375,18.625,18500
2000-12-05,EWG,18.8125,19.0625,18.8125,18.8125,118800
2000-12-06,EWG,19.0,19.1875,18.9375,19.0,64300
2000-12-07,EWG,19.0,19.0,18.8125,18.875,41300
2000-12-08,EWG,19.0,19.1875,18.875,19.0,25700
2000-12-11,EWG,19.1875,19.3125,19.0625,19.125,195400
2000-12-12,EWG,19.0625,19.1875,19.0,19.0,63900
2000-12-13,EWG,18.875,18.875,18.6875,18.6875,44200
2000-12-14,EWG,18.6875,18.6875,18.4375,18.5,50500
2000-12-15,EWG,18.5,18.625,18.4375,18.5,584300
2000-12-18,EWG,18.5,18.625,18.25,18.3125,331200
2000-12-19,EWG,18.4375,18.625,18.375,18.375,250500
2000-12-20,EWG,18.375,18.5,18.25,18.3125,55100
2000-12-21,EWG,18.125,18.5,18.125,18.3125,78600
2000-12-22,EWG,18.8125,18.8125,18.5625,18.625,63200
2000-12-26,EWG,18.625,18.875,18.625,18.8125,41000
2000-12-27,EWG,19.0,19.1875,18.875,19.125,113600
2000-12-28,EWG,19.125,19.1875,19.0,19.1875,62600
2000-12-29,EWG,19.125,19.625,19.125,19.5,79200
2001-01-02,EWG,19.5,19.625,19.375,19.5625,69600
2001-01-03,EWG,19.25,20.125,19.1875,19.9375,235500
2001-01-04,EWG,19.625,19.8125,19.4375,19.8125,89600
2001-01-05,EWG,19.9375,19.9375,19.625,19.625,88100
2001-01-08,EWG,19.5625,19.6875,19.5,19.625,27100
2001-01-09,EWG,19.5,19.5,19.3125,19.4375,84800
2001-01-10,EWG,19.25,19.3125,19.125,19.3125,38000
2001-01-11,EWG,19.5625,19.875,19.5625,19.875,63000
2001-01-12,EWG,19.8125,20.0,19.8125,19.875,28500
2001-01-16,EWG,19.875,19.875,19.6875,19.8125,53300
2001-01-17,EWG,20.0,20.0,19.8125,20.0,202800
2001-01-18,EWG,20.0625,20.25,20.0,20.25,60800
2001-01-19,EWG,20.3125,20.3125,20.0,20.0625,96200
2001-01-22,EWG,19.875,20.125,19.875,20.125,23500
2001-01-23,EWG,19.9375,20.1875,19.9375,20.1875,42800
2001-01-24,EWG,20.0625,20.0625,19.875,19.875,237400
2001-01-25,EWG,19.875,20.0,19.8125,19.9375,69800
2001-01-26,EWG,19.8125,19.875,19.625,19.875,162200
2001-01-29,EWG,19.799999237060547,19.969999313354492,19.65999984741211,19.959999084472656,182700
2001-01-30,EWG,19.860000610351562,20.040000915527344,19.860000610351562,20.040000915527344,92100
2001-01-31,EWG,20.200000762939453,20.600000381469727,20.059999465942383,20.5,173000
2001-02-01,EWG,20.399999618530273,20.440000534057617,20.260000228881836,20.260000228881836,49100
2001-02-02,EWG,20.200000762939453,20.200000762939453,19.8799991607666,19.979999542236328,48800
2001-02-05,EWG,19.959999084472656,20.100000381469727,19.950000762939453,20.079999923706055,21600
2001-02-06,EWG,20.020000457763672,20.09000015258789,19.959999084472656,20.049999237060547,18400
2001-02-07,EWG,19.809999465942383,19.899999618530273,19.760000228881836,19.8700008392334,29900
2001-02-08,EWG,19.649999618530273,19.649999618530273,19.549999237060547,19.56999969482422,15700
2001-02-09,EWG,19.5,19.610000610351562,19.3700008392334,19.610000610351562,68400
2001-02-12,EWG,19.440000534057617,19.649999618530273,19.440000534057617,19.600000381469727,52200
2001-02-13,EWG,19.510000228881836,19.600000381469727,19.450000762939453,19.540000915527344,36300
2001-02-14,EWG,19.209999084472656,19.270000457763672,19.149999618530273,19.229999542236328,32100
2001-02-15,EWG,19.020000457763672,19.219999313354492,19.0,19.139999389648438,31100
2001-02-16,EWG,19.1299991607666,19.1299991607666,18.799999237060547,19.0,57300
2001-02-20,EWG,19.100000381469727,19.149999618530273,18.75,18.84000015258789,46800
2001-02-21,EWG,18.5,18.649999618530273,18.450000762939453,18.450000762939453,42400
2001-02-22,EWG,18.149999618530273,18.260000228881836,18.100000381469727,18.260000228881836,54400
2001-02-23,EWG,18.100000381469727,18.100000381469727,17.850000381469727,18.079999923706055,62700
2001-02-26,EWG,18.350000381469727,18.350000381469727,18.049999237060547,18.239999771118164,68100
2001-02-27,EWG,18.389999389648438,18.450000762939453,18.200000762939453,18.229999542236328,102100
2001-02-28,EWG,18.850000381469727,18.850000381469727,18.450000762939453,18.649999618530273,129000
2001-03-01,EWG,18.5,18.700000762939453,18.399999618530273,18.700000762939453,55800
2001-03-02,EWG,18.440000534057617,18.75,18.440000534057617,18.739999771118164,33200
2001-03-05,EWG,18.799999237060547,18.799999237060547,18.600000381469727,18.739999771118164,28600
2001-03-06,EWG,19.020000457763672,19.09000015258789,18.950000762939453,19.049999237060547,15300
2001-03-07,EWG,19.149999618530273,19.149999618530273,18.90999984741211,19.040000915527344,40800
2001-03-08,EWG,19.0,19.0,18.850000381469727,18.8700008392334,9000
2001-03-09,EWG,18.850000381469727,18.850000381469727,18.600000381469727,18.600000381469727,22600
2001-03-12,EWG,18.200000762939453,18.5,18.049999237060547,18.200000762939453,57400
2001-03-13,EWG,17.809999465942383,18.0,17.600000381469727,17.850000381469727,44900
2001-03-14,EWG,17.049999237060547,17.399999618530273,16.75,16.799999237060547,133000
2001-03-15,EWG,17.239999771118164,17.239999771118164,16.950000762939453,17.049999237060547,123600
2001-03-16,EWG,16.850000381469727,16.850000381469727,16.549999237060547,16.579999923706055,30800
2001-03-19,EWG,16.5,16.549999237060547,16.399999618530273,16.549999237060547,69900
2001-03-20,EWG,16.860000610351562,16.950000762939453,16.700000762939453,16.700000762939453,77000
2001-03-21,EWG,16.34000015258789,16.5,16.200000762939453,16.25,41100
2001-03-22,EWG,15.75,16.0,15.199999809265137,15.649999618530273,118000
2001-03-23,EWG,15.850000381469727,16.040000915527344,15.819999694824219,15.949999809265137,36000
2001-03-26,EWG,16.5,16.600000381469727,16.420000076293945,16.600000381469727,26000
2001-03-27,EWG,16.860000610351562,17.0,16.850000381469727,17.0,450400
2001-03-28,EWG,16.600000381469727,16.75,16.459999084472656,16.459999084472656,46800
2001-03-29,EWG,16.450000762939453,16.700000762939453,16.450000762939453,16.520000457763672,153800
2001-03-30,EWG,16.850000381469727,16.850000381469727,16.559999465942383,16.700000762939453,128500
2001-04-02,EWG,16.399999618530273,16.5,16.200000762939453,16.290000915527344,42200
2001-04-03,EWG,16.100000381469727,16.200000762939453,15.550000190734863,15.739999771118164,138300
2001-04-04,EWG,16.1299991607666,16.350000381469727,16.0,16.149999618530273,59100
2001-04-05,EWG,16.719999313354492,16.899999618530273,16.600000381469727,16.8799991607666,31000
2001-04-06,EWG,16.5,16.600000381469727,16.450000762939453,16.59000015258789,43500
2001-04-09,EWG,16.770000457763672,16.950000762939453,16.700000762939453,16.700000762939453,157700
2001-04-10,EWG,16.8799991607666,17.0,16.850000381469727,16.860000610351562,49900
2001-04-11,EWG,16.959999084472656,17.0,16.860000610351562,16.860000610351562,9000
2001-04-12,EWG,16.899999618530273,17.299999237060547,16.899999618530273,17.299999237060547,30500
2001-04-16,EWG,17.149999618530273,17.18000030517578,17.049999237060547,17.100000381469727,10200
2001-04-17,EWG,16.56999969482422,16.850000381469727,16.56999969482422,16.850000381469727,20300
2001-04-18,EWG,17.170000076293945,18.0,17.059999465942383,17.600000381469727,55500
2001-04-19,EWG,17.40999984741211,17.75,17.399999618530273,17.649999618530273,224700
2001-04-20,EWG,17.649999618530273,17.75,17.549999237060547,17.75,62200
2001-04-23,EWG,17.350000381469727,17.450000762939453,17.350000381469727,17.399999618530273,40200
2001-04-24,EWG,17.600000381469727,17.760000228881836,17.549999237060547,17.649999618530273,69000
2001-04-25,EWG,17.610000610351562,17.690000534057617,17.549999237060547,17.600000381469727,153300
2001-04-26,EWG,17.690000534057617,17.75,17.549999237060547,17.700000762939453,75700
2001-04-27,EWG,17.65999984741211,17.700000762939453,17.549999237060547,17.68000030517578,12900
2001-04-30,EWG,17.200000762939453,17.799999237060547,17.200000762939453,17.65999984741211,46100
2001-05-01,EWG,17.75,17.940000534057617,17.65999984741211,17.799999237060547,38600
2001-05-02,EWG,17.850000381469727,17.850000381469727,17.6299991607666,17.68000030517578,37800
2001-05-03,EWG,17.6299991607666,17.649999618530273,17.280000686645508,17.299999237060547,83700
2001-05-04,EWG,17.3799991607666,17.649999618530273,17.3799991607666,17.649999618530273,24000
2001-05-07,EWG,17.420000076293945,17.530000686645508,17.420000076293945,17.5,70600
2001-05-08,EWG,17.329999923706055,17.440000534057617,17.299999237060547,17.31999969482422,45200
2001-05-09,EWG,17.06999969482422,17.18000030517578,17.0,17.18000030517578,80700
2001-05-10,EWG,17.3700008392334,17.389999389648438,17.260000228881836,17.34000015258789,16200
2001-05-11,EWG,17.219999313354492,17.290000915527344,17.100000381469727,17.100000381469727,26300
2001-05-14,EWG,17.0,17.0,16.90999984741211,16.959999084472656,187800
2001-05-15,EWG,17.010000228881836,17.1299991607666,17.010000228881836,17.09000015258789,221700
2001-05-16,EWG,16.899999618530273,17.350000381469727,16.8799991607666,17.270000457763672,35100
2001-05-17,EWG,17.5,17.5,17.299999237060547,17.299999237060547,43400
2001-05-18,EWG,17.25,17.420000076293945,17.25,17.31999969482422,6800
2001-05-21,EWG,17.389999389648438,17.549999237060547,17.280000686645508,17.549999237060547,46400
2001-05-22,EWG,17.5,17.600000381469727,17.299999237060547,17.43000030517578,20300
2001-05-23,EWG,17.329999923706055,17.329999923706055,17.100000381469727,17.100000381469727,297200
2001-05-24,EWG,17.260000228881836,17.3799991607666,17.260000228881836,17.270000457763672,16000
2001-05-25,EWG,17.170000076293945,17.190000534057617,17.0,17.149999618530273,30400
2001-05-29,EWG,17.049999237060547,17.049999237060547,16.799999237060547,16.889999389648438,55800
2001-05-30,EWG,16.81999969482422,16.81999969482422,16.600000381469727,16.600000381469727,41900
2001-05-31,EWG,16.700000762939453,16.709999084472656,16.56999969482422,16.700000762939453,19300
2001-06-01,EWG,16.709999084472656,16.709999084472656,16.600000381469727,16.6200008392334,57500
2001-06-04,EWG,16.889999389648438,16.899999618530273,16.700000762939453,16.8700008392334,59800
2001-06-05,EWG,16.799999237060547,17.18000030517578,16.799999237060547,17.18000030517578,39800
2001-06-06,EWG,17.18000030517578,17.18000030517578,16.75,16.799999237060547,49700
2001-06-07,EWG,16.8799991607666,16.979999542236328,16.799999237060547,16.950000762939453,12600
2001-06-08,EWG,16.899999618530273,16.989999771118164,16.850000381469727,16.979999542236328,48700
2001-06-11,EWG,16.899999618530273,16.899999618530273,16.729999542236328,16.729999542236328,48200
2001-06-12,EWG,16.559999465942383,16.649999618530273,16.5,16.610000610351562,122600
2001-06-13,EWG,16.81999969482422,16.860000610351562,16.65999984741211,16.700000762939453,87900
2001-06-14,EWG,16.690000534057617,16.790000915527344,16.549999237060547,16.770000457763672,22300
2001-06-15,EWG,16.469999313354492,16.700000762939453,16.350000381469727,16.6299991607666,28000
2001-06-18,EWG,16.549999237060547,16.549999237060547,16.299999237060547,16.350000381469727,17200
2001-06-19,EWG,16.469999313354492,16.469999313354492,16.25,16.270000457763672,30400
2001-06-20,EWG,16.020000457763672,16.299999237060547,16.020000457763672,16.18000030517578,24300
2001-06-21,EWG,16.059999465942383,16.25,16.049999237060547,16.15999984741211,17600
2001-06-22,EWG,16.209999084472656,16.350000381469727,16.209999084472656,16.229999542236328,101300
2001-06-25,EWG,16.450000762939453,16.5,16.31999969482422,16.399999618530273,25800
2001-06-26,EWG,16.149999618530273,16.350000381469727,16.100000381469727,16.350000381469727,14100
2001-06-27,EWG,16.18000030517578,16.350000381469727,16.18000030517578,16.34000015258789,43400
2001-06-28,EWG,16.25,16.299999237060547,16.200000762939453,16.209999084472656,56200
2001-06-29,EWG,16.549999237060547,16.600000381469727,16.3799991607666,16.600000381469727,125600
2001-07-02,EWG,16.540000915527344,16.75,16.40999984741211,16.75,18400
2001-07-03,EWG,16.510000228881836,16.649999618530273,16.5,16.6299991607666,3700
2001-07-05,EWG,16.25,16.25,16.100000381469727,16.100000381469727,17800
2001-07-06,EWG,16.100000381469727,16.100000381469727,15.850000381469727,15.869999885559082,6400
2001-07-09,EWG,15.869999885559082,15.949999809265137,15.800000190734863,15.899999618530273,54700
2001-07-10,EWG,16.170000076293945,16.170000076293945,15.899999618530273,15.899999618530273,24500
2001-07-11,EWG,15.869999885559082,16.100000381469727,15.850000381469727,15.920000076293945,172400
2001-07-12,EWG,16.170000076293945,16.170000076293945,16.049999237060547,16.149999618530273,70800
2001-07-13,EWG,16.100000381469727,16.299999237060547,16.100000381469727,16.200000762939453,6700
2001-07-16,EWG,16.200000762939453,16.200000762939453,16.010000228881836,16.09000015258789,8600
2001-07-17,EWG,15.84000015258789,16.239999771118164,15.739999771118164,16.110000610351562,82300
2001-07-18,EWG,15.890000343322754,16.010000228881836,15.890000343322754,16.0,13300
2001-07-19,EWG,16.139999389648438,16.280000686645508,16.1299991607666,16.270000457763672,35700
2001-07-20,EWG,16.25,16.25,16.09000015258789,16.09000015258789,39500
2001-07-23,EWG,16.209999084472656,16.209999084472656,16.049999237060547,16.049999237060547,31400
2001-07-24,EWG,16.0,16.15999984741211,15.899999618530273,15.989999771118164,51800
2001-07-25,EWG,15.8100004196167,15.899999618530273,15.720000267028809,15.859999656677246,12100
2001-07-26,EWG,16.0,16.040000915527344,15.850000381469727,16.0,12400
2001-07-27,EWG,16.309999465942383,16.389999389648438,16.059999465942383,16.389999389648438,133600
2001-07-30,EWG,16.5,16.5,16.399999618530273,16.450000762939453,27200
2001-07-31,EWG,16.350000381469727,16.59000015258789,16.350000381469727,16.440000534057617,63500
2001-08-01,EWG,16.68000030517578,16.690000534057617,16.559999465942383,16.59000015258789,19000
2001-08-02,EWG,16.829999923706055,16.829999923706055,16.479999542236328,16.639999389648438,33800
2001-08-03,EWG,16.549999237060547,16.549999237060547,16.459999084472656,16.469999313354492,11600
2001-08-06,EWG,16.219999313354492,16.389999389648438,16.209999084472656,16.260000228881836,40100
2001-08-07,EWG,16.149999618530273,16.350000381469727,16.149999618530273,16.209999084472656,47800
2001-08-08,EWG,15.949999809265137,15.989999771118164,15.819999694824219,15.829999923706055,15700
2001-08-09,EWG,15.779999732971191,15.869999885559082,15.699999809265137,15.869999885559082,93400
2001-08-10,EWG,15.699999809265137,15.8100004196167,15.649999618530273,15.8100004196167,54200
2001-08-13,EWG,15.960000038146973,16.040000915527344,15.859999656677246,15.880000114440918,12000
2001-08-14,EWG,16.1200008392334,16.209999084472656,16.049999237060547,16.200000762939453,24000
2001-08-15,EWG,16.209999084472656,16.209999084472656,16.100000381469727,16.100000381469727,74800
2001-08-16,EWG,15.850000381469727,15.960000038146973,15.850000381469727,15.899999618530273,27300
2001-08-17,EWG,15.539999961853027,15.59000015258789,15.449999809265137,15.529999732971191,17200
2001-08-20,EWG,15.449999809265137,15.550000190734863,15.3100004196167,15.4399995803833,35500
2001-08-21,EWG,15.5,15.59000015258789,15.359999656677246,15.470000267028809,35100
2001-08-22,EWG,15.850000381469727,15.850000381469727,15.600000381469727,15.699999809265137,5600
2001-08-23,EWG,15.739999771118164,15.739999771118164,15.600000381469727,15.609999656677246,20300
2001-08-24,EWG,15.789999961853027,15.9399995803833,15.680000305175781,15.819999694824219,7700
2001-08-27,EWG,15.819999694824219,16.0,15.75,15.760000228881836,49800
2001-08-28,EWG,15.84000015258789,15.84000015258789,15.5,15.59000015258789,30500
2001-08-29,EWG,15.739999771118164,15.739999771118164,15.510000228881836,15.510000228881836,17700
2001-08-30,EWG,15.3100004196167,15.430000305175781,15.239999771118164,15.399999618530273,15800
2001-08-31,EWG,15.199999809265137,15.25,15.069999694824219,15.25,60000
2001-09-04,EWG,14.75,15.0,14.699999809265137,14.779999732971191,45500
2001-09-05,EWG,14.600000381469727,14.729999542236328,14.449999809265137,14.550000190734863,21400
2001-09-06,EWG,14.109999656677246,14.170000076293945,13.949999809265137,14.020000457763672,92500
2001-09-07,EWG,13.850000381469727,14.0,13.699999809265137,13.84000015258789,27300
2001-09-10,EWG,13.350000381469727,13.720000267028809,13.319999694824219,13.640000343322754,120200
2001-09-17,EWG,12.5,12.949999809265137,12.350000381469727,12.550000190734863,80400
2001-09-18,EWG,12.449999809265137,12.550000190734863,12.34000015258789,12.5,50900
2001-09-19,EWG,12.449999809265137,12.649999618530273,11.75,12.050000190734863,83400
2001-09-20,EWG,11.75,11.800000190734863,11.100000381469727,11.149999618530273,99800
2001-09-21,EWG,10.399999618530273,11.350000381469727,10.350000381469727,11.300000190734863,70100
2001-09-24,EWG,11.5,11.890000343322754,11.5,11.760000228881836,57400
2001-09-25,EWG,12.050000190734863,12.229999542236328,11.899999618530273,12.0,56800
2001-09-26,EWG,12.25,12.300000190734863,11.949999809265137,11.949999809265137,39900
2001-09-27,EWG,12.140000343322754,12.449999809265137,11.979999542236328,12.350000381469727,61900
2001-09-28,EWG,12.640000343322754,12.65999984741211,12.399999618530273,12.4399995803833,88200
2001-10-01,EWG,12.489999771118164,12.489999771118164,12.350000381469727,12.479999542236328,32200
2001-10-02,EWG,12.359999656677246,12.65999984741211,12.359999656677246,12.5600004196167,28000
2001-10-03,EWG,12.449999809265137,12.75,12.449999809265137,12.729999542236328,29200
2001-10-04,EWG,13.050000190734863,13.25,13.0,13.149999618530273,38500
2001-10-05,EWG,13.229999542236328,13.239999771118164,13.0,13.109999656677246,57500
2001-10-08,EWG,12.949999809265137,13.199999809265137,12.949999809265137,13.199999809265137,66000
2001-10-09,EWG,13.100000381469727,13.239999771118164,13.0,13.029999732971191,49700
2001-10-10,EWG,13.199999809265137,13.539999961853027,13.199999809265137,13.40999984741211,48500
2001-10-11,EWG,13.550000190734863,13.640000343322754,13.350000381469727,13.600000381469727,39500
2001-10-12,EWG,13.40999984741211,13.539999961853027,13.3100004196167,13.529999732971191,161400
2001-10-15,EWG,13.399999618530273,13.399999618530273,13.149999618530273,13.25,56600
2001-10-16,EWG,13.40999984741211,13.489999771118164,13.359999656677246,13.40999984741211,12900
2001-10-17,EWG,13.75,13.75,13.25,13.25,39300
2001-10-18,EWG,13.25,13.359999656677246,13.1899995803833,13.1899995803833,28300
2001-10-19,EWG,12.949999809265137,13.050000190734863,12.899999618530273,13.050000190734863,44000
2001-10-22,EWG,13.0,13.100000381469727,12.949999809265137,13.050000190734863,93000
2001-10-23,EWG,13.550000190734863,13.550000190734863,13.3100004196167,13.3100004196167,53700
2001-10-24,EWG,13.609999656677246,13.739999771118164,13.609999656677246,13.619999885559082,8600
2001-10-25,EWG,13.380000114440918,13.550000190734863,13.25,13.550000190734863,98700
2001-10-26,EWG,13.600000381469727,13.699999809265137,13.520000457763672,13.680000305175781,158900
2001-10-29,EWG,13.729999542236328,13.729999542236328,13.4399995803833,13.449999809265137,42500
2001-10-30,EWG,13.25,13.25,13.0,13.140000343322754,52400
2001-10-31,EWG,13.220000267028809,13.3100004196167,13.100000381469727,13.149999618530273,147100
2001-11-01,EWG,13.350000381469727,13.510000228881836,13.180000305175781,13.489999771118164,43600
2001-11-02,EWG,13.40999984741211,13.40999984741211,13.279999732971191,13.300000190734863,14200
2001-11-05,EWG,13.550000190734863,13.739999771118164,13.550000190734863,13.699999809265137,14300
2001-11-06,EWG,13.710000038146973,13.850000381469727,13.649999618530273,13.819999694824219,190800
2001-11-07,EWG,13.760000228881836,13.949999809265137,13.760000228881836,13.869999885559082,16600
2001-11-08,EWG,14.15999984741211,14.229999542236328,14.0,14.050000190734863,41500
2001-11-09,EWG,13.970000267028809,14.119999885559082,13.970000267028809,14.050000190734863,47900
2001-11-12,EWG,14.079999923706055,14.079999923706055,13.600000381469727,13.899999618530273,72400
2001-11-13,EWG,13.949999809265137,14.069999694824219,13.90999984741211,14.050000190734863,60400
2001-11-14,EWG,14.1899995803833,14.220000267028809,14.020000457763672,14.050000190734863,52400
2001-11-15,EWG,14.260000228881836,14.300000190734863,14.199999809265137,14.199999809265137,71400
2001-11-16,EWG,14.5,14.609999656677246,14.359999656677246,14.399999618530273,20700
2001-11-19,EWG,14.6899995803833,14.75,14.609999656677246,14.699999809265137,22700
2001-11-20,EWG,14.670000076293945,14.670000076293945,14.449999809265137,14.449999809265137,55200
2001-11-21,EWG,14.399999618530273,14.4399995803833,14.3100004196167,14.3100004196167,133600
2001-11-23,EWG,14.4399995803833,14.569999694824219,14.4399995803833,14.5,16100
2001-11-26,EWG,14.699999809265137,14.760000228881836,14.600000381469727,14.720000267028809,24700
2001-11-27,EWG,14.449999809265137,14.520000457763672,14.319999694824219,14.40999984741211,24200
2001-11-28,EWG,14.319999694824219,14.329999923706055,14.199999809265137,14.199999809265137,15300
2001-11-29,EWG,14.25,14.3100004196167,14.15999984741211,14.300000190734863,59400
2001-11-30,EWG,14.479999542236328,14.630000114440918,14.470000267028809,14.510000228881836,20300
2001-12-03,EWG,14.329999923706055,14.390000343322754,14.25,14.34000015258789,39400
2001-12-04,EWG,14.5,14.579999923706055,14.449999809265137,14.5,27000
2001-12-05,EWG,14.899999618530273,15.149999618530273,14.899999618530273,15.149999618530273,44400
2001-12-06,EWG,15.149999618530273,15.34000015258789,15.149999618530273,15.270000457763672,29800
2001-12-07,EWG,15.100000381469727,15.1899995803833,15.010000228881836,15.039999961853027,8800
2001-12-10,EWG,14.760000228881836,14.869999885559082,14.710000038146973,14.75,16000
2001-12-11,EWG,14.800000190734863,14.970000267028809,14.800000190734863,14.829999923706055,19900
2001-12-12,EWG,14.800000190734863,14.859999656677246,14.569999694824219,14.800000190734863,28700
2001-12-13,EWG,14.40999984741211,14.5600004196167,14.350000381469727,14.449999809265137,87100
2001-12-14,EWG,14.649999618530273,14.649999618530273,14.449999809265137,14.5,50000
2001-12-17,EWG,14.600000381469727,14.949999809265137,14.600000381469727,14.899999618530273,101000
2001-12-18,EWG,14.949999809265137,14.949999809265137,14.75,14.800000190734863,72600
2001-12-19,EWG,14.489999771118164,14.739999771118164,14.489999771118164,14.670000076293945,365700
2001-12-20,EWG,14.600000381469727,14.600000381469727,14.420000076293945,14.5,196800
2001-12-21,EWG,14.4399995803833,14.550000190734863,14.4399995803833,14.449999809265137,55900
2001-12-24,EWG,14.220000267028809,14.220000267028809,14.170000076293945,14.1899995803833,6800
2001-12-26,EWG,14.210000038146973,14.34000015258789,14.199999809265137,14.279999732971191,77800
2001-12-27,EWG,14.569999694824219,14.739999771118164,14.569999694824219,14.609999656677246,115100
2001-12-28,EWG,14.8100004196167,14.890000343322754,14.800000190734863,14.800000190734863,146400
2001-12-31,EWG,14.899999618530273,15.100000381469727,14.899999618530273,15.100000381469727,38100
2002-01-02,EWG,15.149999618530273,15.279999732971191,15.050000190734863,15.100000381469727,39400
2002-01-03,EWG,15.350000381469727,15.510000228881836,15.350000381469727,15.449999809265137,41200
2002-01-04,EWG,15.550000190734863,15.569999694824219,15.369999885559082,15.449999809265137,19900
2002-01-07,EWG,15.380000114440918,15.40999984741211,15.180000305175781,15.25,20800
2002-01-08,EWG,15.180000305175781,15.199999809265137,15.069999694824219,15.199999809265137,20100
2002-01-09,EWG,15.3100004196167,15.40999984741211,15.199999809265137,15.260000228881836,20400
2002-01-10,EWG,15.079999923706055,15.199999809265137,15.0600004196167,15.199999809265137,220000
2002-01-11,EWG,15.199999809265137,15.289999961853027,15.09000015258789,15.09000015258789,27000
2002-01-14,EWG,14.899999618530273,14.899999618530273,14.779999732971191,14.800000190734863,16200
2002-01-15,EWG,14.760000228881836,14.899999618530273,14.609999656677246,14.649999618530273,230600
2002-01-16,EWG,14.449999809265137,14.470000267028809,14.319999694824219,14.350000381469727,19500
2002-01-17,EWG,14.630000114440918,14.850000381469727,14.630000114440918,14.84000015258789,25800
2002-01-18,EWG,14.600000381469727,14.829999923706055,14.600000381469727,14.739999771118164,36800
2002-01-22,EWG,14.75,14.8100004196167,14.5600004196167,14.579999923706055,29500
2002-01-23,EWG,14.800000190734863,14.84000015258789,14.699999809265137,14.779999732971191,45400
2002-01-24,EWG,14.890000343322754,14.890000343322754,14.770000457763672,14.800000190734863,13900
2002-01-25,EWG,14.470000267028809,14.630000114440918,14.470000267028809,14.630000114440918,6900
2002-01-28,EWG,14.609999656677246,14.609999656677246,14.430000305175781,14.510000228881836,20500
2002-01-29,EWG,14.569999694824219,14.630000114440918,14.3100004196167,14.34000015258789,55100
2002-01-30,EWG,14.109999656677246,14.390000343322754,14.109999656677246,14.390000343322754,257400
2002-01-31,EWG,14.350000381469727,14.40999984741211,14.199999809265137,14.40999984741211,208800
2002-02-01,EWG,14.460000038146973,14.479999542236328,14.300000190734863,14.399999618530273,18500
2002-02-04,EWG,14.239999771118164,14.3100004196167,14.149999618530273,14.149999618530273,83300
2002-02-05,EWG,14.100000381469727,14.100000381469727,13.880000114440918,14.029999732971191,34800
2002-02-06,EWG,13.729999542236328,13.75,13.600000381469727,13.609999656677246,34100
2002-02-07,EWG,13.680000305175781,13.819999694824219,13.670000076293945,13.8100004196167,20300
2002-02-08,EWG,13.819999694824219,13.9399995803833,13.75,13.850000381469727,46900
2002-02-11,EWG,13.9399995803833,14.220000267028809,13.9399995803833,14.220000267028809,132000
2002-02-12,EWG,14.029999732971191,14.050000190734863,13.920000076293945,13.949999809265137,16500
2002-02-13,EWG,13.949999809265137,14.050000190734863,13.949999809265137,13.970000267028809,17000
2002-02-14,EWG,14.020000457763672,14.109999656677246,14.020000457763672,14.0600004196167,7400
2002-02-15,EWG,14.069999694824219,14.069999694824219,13.760000228881836,13.760000228881836,38600
2002-02-19,EWG,13.640000343322754,13.699999809265137,13.520000457763672,13.59000015258789,205000
2002-02-20,EWG,13.600000381469727,13.649999618530273,13.449999809265137,13.649999618530273,21400
2002-02-21,EWG,13.649999618530273,13.789999961853027,13.609999656677246,13.609999656677246,66400
2002-02-22,EWG,13.699999809265137,13.699999809265137,13.529999732971191,13.670000076293945,6400
2002-02-25,EWG,13.600000381469727,13.859999656677246,13.600000381469727,13.850000381469727,41800
2002-02-26,EWG,13.880000114440918,13.989999771118164,13.789999961853027,13.930000305175781,36400
2002-02-27,EWG,13.9399995803833,14.109999656677246,13.84000015258789,13.880000114440918,17400
2002-02-28,EWG,14.069999694824219,14.270000457763672,14.069999694824219,14.260000228881836,42000
2002-03-01,EWG,14.279999732971191,14.399999618530273,14.15999984741211,14.359999656677246,37800
2002-03-04,EWG,14.609999656677246,15.0,14.609999656677246,14.84000015258789,77000
2002-03-05,EWG,14.800000190734863,14.90999984741211,14.65999984741211,14.760000228881836,52500
2002-03-06,EWG,14.880000114440918,15.180000305175781,14.75,15.15999984741211,27000
2002-03-07,EWG,15.399999618530273,15.399999618530273,15.109999656677246,15.210000038146973,41500
2002-03-08,EWG,15.289999961853027,15.350000381469727,15.210000038146973,15.25,27000
2002-03-11,EWG,15.199999809265137,15.399999618530273,15.0600004196167,15.390000343322754,73600
2002-03-12,EWG,14.989999771118164,15.210000038146973,14.880000114440918,14.949999809265137,104700
2002-03-13,EWG,15.050000190734863,15.130000114440918,14.90999984741211,14.90999984741211,50400
2002-03-14,EWG,15.0,15.300000190734863,15.0,15.109999656677246,16300
2002-03-15,EWG,15.350000381469727,15.569999694824219,15.210000038146973,15.5,117500
2002-03-18,EWG,15.699999809265137,15.699999809265137,15.489999771118164,15.680000305175781,59400
2002-03-19,EWG,15.710000038146973,15.739999771118164,15.5600004196167,15.739999771118164,35200
2002-03-20,EWG,15.520000457763672,15.520000457763672,15.369999885559082,15.399999618530273,71500
2002-03-21,EWG,15.34000015258789,15.4399995803833,15.300000190734863,15.329999923706055,136800
2002-03-22,EWG,15.3100004196167,15.40999984741211,15.3100004196167,15.359999656677246,8000
2002-03-25,EWG,15.260000228881836,15.380000114440918,15.119999885559082,15.15999984741211,73900
2002-03-26,EWG,15.25,15.5,15.25,15.359999656677246,112500
2002-03-27,EWG,15.279999732971191,15.34000015258789,15.140000343322754,15.260000228881836,31200
2002-03-28,EWG,15.279999732971191,15.399999618530273,15.220000267028809,15.34000015258789,13900
2002-04-01,EWG,15.470000267028809,15.479999542236328,15.289999961853027,15.399999618530273,22900
2002-04-02,EWG,15.300000190734863,15.300000190734863,15.140000343322754,15.140000343322754,130100
2002-04-03,EWG,15.15999984741211,15.15999984741211,15.050000190734863,15.09000015258789,7800
2002-04-04,EWG,15.010000228881836,15.109999656677246,14.930000305175781,14.930000305175781,19700
2002-04-05,EWG,15.170000076293945,15.170000076293945,14.960000038146973,15.0600004196167,13400
2002-04-08,EWG,14.6899995803833,14.869999885559082,14.640000343322754,14.760000228881836,27300
2002-04-09,EWG,14.899999618530273,14.949999809265137,14.75,14.75,22200
2002-04-10,EWG,15.0,15.149999618530273,14.979999542236328,15.140000343322754,16900
2002-04-11,EWG,15.100000381469727,15.100000381469727,14.729999542236328,14.729999542236328,35100
2002-04-12,EWG,14.869999885559082,14.890000343322754,14.710000038146973,14.850000381469727,26200
2002-04-15,EWG,15.0,15.050000190734863,14.880000114440918,14.899999618530273,23200
2002-04-16,EWG,15.170000076293945,15.449999809265137,15.170000076293945,15.430000305175781,39500
2002-04-17,EWG,15.539999961853027,15.539999961853027,15.3100004196167,15.3100004196167,30500
2002-04-18,EWG,15.3100004196167,15.390000343322754,15.100000381469727,15.100000381469727,6100
2002-04-19,EWG,15.25,15.380000114440918,15.25,15.380000114440918,29200
2002-04-22,EWG,15.050000190734863,15.069999694824219,14.970000267028809,15.0600004196167,52100
2002-04-23,EWG,14.9399995803833,15.029999732971191,14.930000305175781,15.0,24200
2002-04-24,EWG,15.100000381469727,15.140000343322754,14.880000114440918,14.880000114440918,7700
2002-04-25,EWG,14.869999885559082,14.9399995803833,14.720000267028809,14.869999885559082,157300
2002-04-26,EWG,14.890000343322754,14.890000343322754,14.630000114440918,14.65999984741211,25800
2002-04-29,EWG,14.630000114440918,14.8100004196167,14.630000114440918,14.75,24500
2002-04-30,EWG,14.65999984741211,14.890000343322754,14.65999984741211,14.890000343322754,57600
2002-05-01,EWG,14.949999809265137,14.949999809265137,14.699999809265137,14.9399995803833,127100
2002-05-02,EWG,14.890000343322754,14.890000343322754,14.609999656677246,14.729999542236328,31400
2002-05-03,EWG,14.890000343322754,14.890000343322754,14.619999885559082,14.819999694824219,18500
2002-05-06,EWG,14.680000305175781,14.789999961853027,14.680000305175781,14.720000267028809,5000
2002-05-07,EWG,14.600000381469727,14.670000076293945,14.510000228881836,14.5600004196167,14800
2002-05-08,EWG,14.760000228881836,14.989999771118164,14.760000228881836,14.989999771118164,61400
2002-05-09,EWG,14.920000076293945,14.920000076293945,14.699999809265137,14.699999809265137,34400
2002-05-10,EWG,14.84000015258789,14.84000015258789,14.609999656677246,14.640000343322754,5800
2002-05-13,EWG,14.670000076293945,14.979999542236328,14.670000076293945,14.970000267028809,31200
2002-05-14,EWG,15.039999961853027,15.0600004196167,14.880000114440918,15.029999732971191,17300
2002-05-15,EWG,14.890000343322754,15.1899995803833,14.890000343322754,15.050000190734863,30600
2002-05-16,EWG,15.180000305175781,15.1899995803833,15.079999923706055,15.149999618530273,25300
2002-05-17,EWG,15.300000190734863,15.359999656677246,15.1899995803833,15.220000267028809,29400
2002-05-20,EWG,15.199999809265137,15.229999542236328,15.0600004196167,15.0600004196167,35700
2002-05-21,EWG,15.210000038146973,15.229999542236328,15.0,15.0,10600
2002-05-22,EWG,14.989999771118164,15.050000190734863,14.930000305175781,15.029999732971191,27000
2002-05-23,EWG,14.90999984741211,14.979999542236328,14.720000267028809,14.979999542236328,241800
2002-05-24,EWG,14.789999961853027,14.960000038146973,14.789999961853027,14.829999923706055,14600
2002-05-28,EWG,15.069999694824219,15.180000305175781,14.960000038146973,15.09000015258789,33500
2002-05-29,EWG,14.949999809265137,15.0600004196167,14.880000114440918,14.960000038146973,53300
2002-05-30,EWG,14.800000190734863,14.880000114440918,14.680000305175781,14.720000267028809,15800
2002-05-31,EWG,14.800000190734863,14.970000267028809,14.649999618530273,14.680000305175781,63500
2002-06-03,EWG,14.829999923706055,14.949999809265137,14.579999923706055,14.579999923706055,24200
2002-06-04,EWG,14.510000228881836,14.529999732971191,14.239999771118164,14.449999809265137,55800
2002-06-05,EWG,14.460000038146973,14.520000457763672,14.270000457763672,14.449999809265137,29700
2002-06-06,EWG,14.600000381469727,14.600000381469727,14.449999809265137,14.460000038146973,31800
2002-06-07,EWG,14.199999809265137,14.420000076293945,14.069999694824219,14.289999961853027,26100
2002-06-10,EWG,14.380000114440918,14.430000305175781,14.229999542236328,14.430000305175781,16300
2002-06-11,EWG,14.449999809265137,14.59000015258789,14.279999732971191,14.319999694824219,25600
2002-06-12,EWG,14.149999618530273,14.25,13.920000076293945,14.029999732971191,23100
2002-06-13,EWG,14.069999694824219,14.069999694824219,13.739999771118164,13.739999771118164,49600
2002-06-14,EWG,13.5600004196167,13.640000343322754,13.300000190734863,13.5,126000
2002-06-17,EWG,13.699999809265137,14.029999732971191,13.699999809265137,13.899999618530273,70000
2002-06-18,EWG,13.869999885559082,14.0,13.75,13.90999984741211,19700
2002-06-19,EWG,13.770000457763672,13.859999656677246,13.649999618530273,13.649999618530273,27100
2002-06-20,EWG,13.569999694824219,13.65999984741211,13.399999618530273,13.510000228881836,14500
2002-06-21,EWG,13.6899995803833,13.75,13.550000190734863,13.65999984741211,26000
2002-06-24,EWG,13.520000457763672,13.520000457763672,13.149999618530273,13.319999694824219,13300
2002-06-25,EWG,13.619999885559082,13.779999732971191,13.399999618530273,13.59000015258789,62400
2002-06-26,EWG,13.199999809265137,13.529999732971191,13.199999809265137,13.520000457763672,15300
2002-06-27,EWG,13.779999732971191,14.050000190734863,13.600000381469727,14.050000190734863,37300
2002-06-28,EWG,14.279999732971191,14.569999694824219,14.15999984741211,14.539999961853027,58900
2002-07-01,EWG,14.510000228881836,14.510000228881836,14.300000190734863,14.300000190734863,35300
2002-07-02,EWG,14.0,14.050000190734863,13.550000190734863,13.550000190734863,35300
2002-07-03,EWG,13.579999923706055,13.65999984741211,13.350000381469727,13.5600004196167,38900
2002-07-05,EWG,14.149999618530273,14.420000076293945,14.050000190734863,14.420000076293945,6000
2002-07-08,EWG,14.539999961853027,14.539999961853027,14.380000114440918,14.4399995803833,61300
2002-07-09,EWG,14.399999618530273,14.430000305175781,14.149999618530273,14.300000190734863,7700
2002-07-10,EWG,14.170000076293945,14.170000076293945,13.5600004196167,13.600000381469727,12100
2002-07-11,EWG,13.5,13.539999961853027,13.3100004196167,13.539999961853027,28500
2002-07-12,EWG,13.649999618530273,13.770000457763672,13.359999656677246,13.600000381469727,6000
2002-07-15,EWG,13.470000267028809,13.470000267028809,12.859999656677246,13.100000381469727,53000
2002-07-16,EWG,13.100000381469727,13.1899995803833,12.829999923706055,13.130000114440918,59100
2002-07-17,EWG,13.510000228881836,13.710000038146973,13.100000381469727,13.25,380500
2002-07-18,EWG,13.550000190734863,13.550000190734863,13.300000190734863,13.420000076293945,113000
2002-07-19,EWG,13.199999809265137,13.239999771118164,12.899999618530273,13.0,34200
2002-07-22,EWG,12.619999885559082,12.619999885559082,12.15999984741211,12.25,30300
2002-07-23,EWG,12.0600004196167,12.0600004196167,11.399999618530273,11.449999809265137,59500
2002-07-24,EWG,10.84000015258789,12.1899995803833,10.699999809265137,12.140000343322754,109600
2002-07-25,EWG,11.510000228881836,12.069999694824219,11.510000228881836,11.9399995803833,114800
2002-07-26,EWG,11.789999961853027,11.9399995803833,11.520000457763672,11.899999618530273,19900
2002-07-29,EWG,12.0,12.600000381469727,11.989999771118164,12.460000038146973,38300
2002-07-30,EWG,12.34000015258789,12.65999984741211,12.220000267028809,12.5,18600
2002-07-31,EWG,12.329999923706055,12.329999923706055,12.0,12.170000076293945,148300
2002-08-01,EWG,12.029999732971191,12.029999732971191,11.630000114440918,11.699999809265137,30800
2002-08-02,EWG,11.760000228881836,11.760000228881836,11.5,11.529999732971191,31400
2002-08-05,EWG,11.319999694824219,11.359999656677246,10.699999809265137,10.819999694824219,40600
2002-08-06,EWG,11.0,11.529999732971191,11.0,11.25,166600
2002-08-07,EWG,11.489999771118164,11.550000190734863,11.180000305175781,11.199999809265137,78900
2002-08-08,EWG,11.399999618530273,11.760000228881836,11.369999885559082,11.760000228881836,21700
2002-08-09,EWG,11.59000015258789,12.029999732971191,11.59000015258789,12.029999732971191,210400
2002-08-12,EWG,11.880000114440918,11.949999809265137,11.760000228881836,11.949999809265137,32100
2002-08-13,EWG,11.630000114440918,11.899999618530273,11.630000114440918,11.800000190734863,46000
2002-08-14,EWG,11.59000015258789,12.0,11.550000190734863,11.9399995803833,191100
2002-08-15,EWG,12.0,12.0600004196167,11.859999656677246,11.859999656677246,20700
2002-08-16,EWG,11.75,12.09000015258789,11.75,11.970000267028809,15600
2002-08-19,EWG,11.899999618530273,12.529999732971191,11.899999618530273,12.529999732971191,18700
2002-08-20,EWG,12.149999618530273,12.399999618530273,12.149999618530273,12.300000190734863,95900
2002-08-21,EWG,12.710000038146973,12.710000038146973,12.350000381469727,12.5,85300
2002-08-22,EWG,12.529999732971191,12.569999694824219,12.489999771118164,12.5,6400
2002-08-23,EWG,12.4399995803833,12.4399995803833,12.210000038146973,12.229999542236328,9800
2002-08-26,EWG,12.300000190734863,12.300000190734863,12.039999961853027,12.25,8700
2002-08-27,EWG,12.569999694824219,12.569999694824219,12.390000343322754,12.5,25200
2002-08-28,EWG,12.119999885559082,12.199999809265137,12.020000457763672,12.0600004196167,13800
2002-08-29,EWG,11.819999694824219,12.170000076293945,11.739999771118164,11.850000381469727,66700
2002-08-30,EWG,11.699999809265137,12.149999618530273,11.699999809265137,12.050000190734863,65700
2002-09-03,EWG,11.600000381469727,11.600000381469727,11.130000114440918,11.130000114440918,31800
2002-09-04,EWG,11.300000190734863,11.390000343322754,11.109999656677246,11.380000114440918,38000
2002-09-05,EWG,11.149999618530273,11.149999618530273,10.890000343322754,10.960000038146973,20400
2002-09-06,EWG,11.25,11.319999694824219,11.149999618530273,11.199999809265137,25600
2002-09-09,EWG,11.069999694824219,11.260000228881836,11.0600004196167,11.260000228881836,15600
2002-09-10,EWG,11.220000267028809,11.300000190734863,11.199999809265137,11.279999732971191,22700
2002-09-11,EWG,11.529999732971191,11.630000114440918,11.399999618530273,11.399999618530273,11700
2002-09-12,EWG,11.289999961853027,11.289999961853027,11.119999885559082,11.1899995803833,5500
2002-09-13,EWG,10.949999809265137,10.949999809265137,10.770000457763672,10.829999923706055,17800
2002-09-16,EWG,10.739999771118164,10.850000381469727,10.550000190734863,10.779999732971191,95300
2002-09-17,EWG,10.65999984741211,10.729999542236328,10.399999618530273,10.40999984741211,89600
2002-09-18,EWG,10.220000267028809,10.399999618530273,10.039999961853027,10.100000381469727,58000
2002-09-19,EWG,10.0,10.0,9.75,9.75,40700
2002-09-20,EWG,9.949999809265137,10.050000190734863,9.800000190734863,9.970000267028809,34500
2002-09-23,EWG,9.699999809265137,9.800000190734863,9.40999984741211,9.800000190734863,74400
2002-09-24,EWG,9.25,9.579999923706055,9.180000305175781,9.350000381469727,79800
2002-09-25,EWG,9.550000190734863,9.800000190734863,9.350000381469727,9.699999809265137,40800
2002-09-26,EWG,9.899999618530273,9.920000076293945,9.699999809265137,9.869999885559082,28800
2002-09-27,EWG,9.779999732971191,9.850000381469727,9.369999885559082,9.369999885559082,33800
2002-09-30,EWG,9.079999923706055,9.289999961853027,9.029999732971191,9.15999984741211,105500
2002-10-01,EWG,9.199999809265137,9.600000381469727,9.050000190734863,9.600000381469727,79400
2002-10-02,EWG,9.199999809265137,9.739999771118164,9.199999809265137,9.359999656677246,50600
2002-10-03,EWG,9.359999656677246,9.579999923706055,9.300000190734863,9.300000190734863,7600
2002-10-04,EWG,9.210000038146973,9.210000038146973,8.829999923706055,8.979999542236328,75100
2002-10-07,EWG,8.859999656677246,8.930000305175781,8.680000305175781,8.699999809265137,53900
2002-10-08,EWG,8.760000228881836,8.850000381469727,8.350000381469727,8.800000190734863,125500
2002-10-09,EWG,8.449999809265137,8.739999771118164,8.34000015258789,8.550000190734863,115600
2002-10-10,EWG,8.550000190734863,9.15999984741211,8.4399995803833,9.140000343322754,100000
2002-10-11,EWG,9.300000190734863,9.760000228881836,9.260000228881836,9.6899995803833,83900
2002-10-14,EWG,9.449999809265137,9.510000228881836,9.199999809265137,9.399999618530273,38600
2002-10-15,EWG,9.949999809265137,9.949999809265137,9.699999809265137,9.890000343322754,261100
2002-10-16,EWG,9.850000381469727,10.0,9.729999542236328,9.800000190734863,419300
2002-10-17,EWG,10.430000305175781,10.430000305175781,9.979999542236328,10.15999984741211,123500
2002-10-18,EWG,10.0600004196167,10.399999618530273,10.0,10.399999618530273,166900
2002-10-21,EWG,10.300000190734863,10.600000381469727,10.220000267028809,10.5600004196167,138800
2002-10-22,EWG,10.350000381469727,10.430000305175781,10.130000114440918,10.300000190734863,31100
2002-10-23,EWG,10.050000190734863,10.079999923706055,9.680000305175781,10.079999923706055,44900
2002-10-24,EWG,9.90999984741211,10.029999732971191,9.789999961853027,9.789999961853027,49800
2002-10-25,EWG,10.0,10.149999618530273,9.899999618530273,10.149999618530273,67000
2002-10-28,EWG,10.399999618530273,10.5,10.210000038146973,10.289999961853027,178700
2002-10-29,EWG,10.25,10.25,9.930000305175781,10.0,170300
2002-10-30,EWG,9.960000038146973,10.229999542236328,9.960000038146973,10.149999618530273,32300
2002-10-31,EWG,10.399999618530273,10.579999923706055,10.3100004196167,10.420000076293945,221700
2002-11-01,EWG,10.210000038146973,10.59000015258789,10.15999984741211,10.59000015258789,44200
2002-11-04,EWG,10.84000015258789,11.0,10.75,10.869999885559082,82500
2002-11-05,EWG,11.029999732971191,11.25,10.960000038146973,11.239999771118164,95600
2002-11-06,EWG,11.069999694824219,11.140000343322754,10.829999923706055,11.100000381469727,97600
2002-11-07,EWG,10.789999961853027,10.789999961853027,10.529999732971191,10.609999656677246,91000
2002-11-08,EWG,10.489999771118164,10.770000457763672,10.350000381469727,10.350000381469727,39800
2002-11-11,EWG,10.25,10.399999618530273,10.140000343322754,10.140000343322754,27900
2002-11-12,EWG,10.270000457763672,10.649999618530273,10.270000457763672,10.380000114440918,216700
2002-11-13,EWG,10.149999618530273,10.5600004196167,10.029999732971191,10.300000190734863,80300
2002-11-14,EWG,10.520000457763672,10.699999809265137,10.520000457763672,10.649999618530273,63400
2002-11-15,EWG,10.520000457763672,10.680000305175781,10.520000457763672,10.65999984741211,85800
2002-11-18,EWG,10.8100004196167,10.960000038146973,10.600000381469727,10.600000381469727,52200
2002-11-19,EWG,10.569999694824219,10.8100004196167,10.529999732971191,10.630000114440918,26100
2002-11-20,EWG,10.449999809265137,10.75,10.399999618530273,10.6899995803833,64200
2002-11-21,EWG,10.760000228881836,10.970000267028809,10.760000228881836,10.970000267028809,110200
2002-11-22,EWG,11.069999694824219,11.069999694824219,10.819999694824219,10.84000015258789,66200
2002-11-25,EWG,10.800000190734863,10.979999542236328,10.789999961853027,10.84000015258789,49800
2002-11-26,EWG,10.800000190734863,10.890000343322754,10.510000228881836,10.550000190734863,40500
2002-11-27,EWG,10.680000305175781,11.100000381469727,10.680000305175781,10.949999809265137,60600
2002-11-29,EWG,11.079999923706055,11.170000076293945,11.0,11.079999923706055,17300
2002-12-02,EWG,11.380000114440918,11.380000114440918,11.039999961853027,11.1899995803833,32700
2002-12-03,EWG,11.100000381469727,11.140000343322754,10.779999732971191,10.960000038146973,74900
2002-12-04,EWG,10.859999656677246,11.100000381469727,10.789999961853027,10.970000267028809,34100
2002-12-05,EWG,11.039999961853027,11.039999961853027,10.539999961853027,10.680000305175781,19900
2002-12-06,EWG,10.449999809265137,10.789999961853027,10.4399995803833,10.619999885559082,14800
2002-12-09,EWG,10.600000381469727,10.649999618530273,10.319999694824219,10.319999694824219,24100
2002-12-10,EWG,10.449999809265137,10.739999771118164,10.350000381469727,10.739999771118164,52600
2002-12-11,EWG,10.5,10.850000381469727,10.5,10.729999542236328,14400
2002-12-12,EWG,10.600000381469727,10.720000267028809,10.510000228881836,10.649999618530273,18300
2002-12-13,EWG,10.460000038146973,10.600000381469727,10.359999656677246,10.449999809265137,58400
2002-12-16,EWG,10.59000015258789,10.800000190734863,10.479999542236328,10.789999961853027,17300
2002-12-17,EWG,10.760000228881836,10.979999542236328,10.699999809265137,10.699999809265137,52800
2002-12-18,EWG,10.539999961853027,10.609999656677246,10.390000343322754,10.399999618530273,41300
2002-12-19,EWG,10.279999732971191,10.369999885559082,10.100000381469727,10.1899995803833,62100
2002-12-20,EWG,10.100000381469727,10.4399995803833,10.050000190734863,10.399999618530273,29300
2002-12-23,EWG,10.039999961853027,10.119999885559082,9.960000038146973,10.020000457763672,29100
2002-12-24,EWG,10.170000076293945,10.180000305175781,10.050000190734863,10.149999618530273,10100
2002-12-26,EWG,10.100000381469727,10.210000038146973,10.100000381469727,10.149999618530273,13500
2002-12-27,EWG,10.010000228881836,10.180000305175781,9.75,9.800000190734863,35000
2002-12-30,EWG,9.9399995803833,10.0,9.859999656677246,9.949999809265137,46100
2002-12-31,EWG,10.0,10.0,9.84000015258789,9.84000015258789,118900
2003-01-02,EWG,10.149999618530273,10.479999542236328,10.149999618530273,10.399999618530273,140600
2003-01-03,EWG,10.630000114440918,10.680000305175781,10.470000267028809,10.619999885559082,14600
2003-01-06,EWG,10.579999923706055,10.960000038146973,10.579999923706055,10.9399995803833,126400
2003-01-07,EWG,10.600000381469727,10.789999961853027,10.510000228881836,10.680000305175781,25000
2003-01-08,EWG,10.460000038146973,10.479999542236328,10.260000228881836,10.350000381469727,38700
2003-01-09,EWG,10.390000343322754,10.579999923706055,10.359999656677246,10.569999694824219,56400
2003-01-10,EWG,10.4399995803833,10.649999618530273,10.359999656677246,10.600000381469727,47900
2003-01-13,EWG,10.729999542236328,10.829999923706055,10.609999656677246,10.680000305175781,26400
2003-01-14,EWG,10.760000228881836,10.8100004196167,10.649999618530273,10.800000190734863,28200
2003-01-15,EWG,10.800000190734863,10.84000015258789,10.5,10.670000076293945,43800
2003-01-16,EWG,10.649999618530273,10.680000305175781,10.550000190734863,10.65999984741211,22100
2003-01-17,EWG,10.40999984741211,10.4399995803833,10.319999694824219,10.319999694824219,14000
2003-01-21,EWG,10.1899995803833,10.25,10.100000381469727,10.100000381469727,30300
2003-01-22,EWG,9.970000267028809,10.0,9.779999732971191,9.9399995803833,31600
2003-01-23,EWG,10.100000381469727,10.260000228881836,9.829999923706055,10.170000076293945,80600
2003-01-24,EWG,9.979999542236328,9.979999542236328,9.75,9.8100004196167,28500
2003-01-27,EWG,9.550000190734863,9.819999694824219,9.460000038146973,9.5,66200
2003-01-28,EWG,9.5,9.720000267028809,9.5,9.720000267028809,70100
2003-01-29,EWG,9.569999694824219,9.880000114440918,9.4399995803833,9.84000015258789,63700
2003-01-30,EWG,9.630000114440918,9.760000228881836,9.5,9.630000114440918,37400
2003-01-31,EWG,9.720000267028809,9.880000114440918,9.609999656677246,9.819999694824219,36200
2003-02-03,EWG,9.890000343322754,9.899999618530273,9.640000343322754,9.850000381469727,37000
2003-02-04,EWG,9.5,9.670000076293945,9.449999809265137,9.5,49800
2003-02-05,EWG,9.65999984741211,9.65999984741211,9.539999961853027,9.539999961853027,8100
2003-02-06,EWG,9.640000343322754,9.640000343322754,9.380000114440918,9.4399995803833,84300
2003-02-07,EWG,9.5,9.5,9.229999542236328,9.300000190734863,24300
2003-02-10,EWG,9.220000267028809,9.319999694824219,9.149999618530273,9.199999809265137,80400
2003-02-11,EWG,9.300000190734863,9.449999809265137,9.260000228881836,9.380000114440918,30900
2003-02-12,EWG,9.220000267028809,9.329999923706055,9.119999885559082,9.119999885559082,13400
2003-02-13,EWG,9.140000343322754,9.229999542236328,9.010000228881836,9.1899995803833,32100
2003-02-14,EWG,9.229999542236328,9.609999656677246,9.229999542236328,9.5,1386700
2003-02-18,EWG,9.319999694824219,9.770000457763672,9.319999694824219,9.529999732971191,143000
2003-02-19,EWG,9.420000076293945,9.5,9.350000381469727,9.359999656677246,46500
2003-02-20,EWG,9.399999618530273,9.430000305175781,9.25,9.350000381469727,31700
2003-02-21,EWG,9.239999771118164,9.479999542236328,9.239999771118164,9.359999656677246,9000
2003-02-24,EWG,9.279999732971191,9.300000190734863,9.119999885559082,9.149999618530273,27100
2003-02-25,EWG,8.970000267028809,9.050000190734863,8.8100004196167,9.050000190734863,76000
2003-02-26,EWG,8.800000190734863,8.949999809265137,8.800000190734863,8.8100004196167,48400
2003-02-27,EWG,8.819999694824219,9.020000457763672,8.819999694824219,8.949999809265137,28100
2003-02-28,EWG,9.100000381469727,9.149999618530273,8.979999542236328,9.109999656677246,230800
2003-03-03,EWG,9.180000305175781,9.329999923706055,9.020000457763672,9.020000457763672,40100
2003-03-04,EWG,9.069999694824219,9.079999923706055,8.920000076293945,8.930000305175781,7000
2003-03-05,EWG,9.0,9.180000305175781,8.979999542236328,9.100000381469727,12400
2003-03-06,EWG,8.920000076293945,9.0600004196167,8.850000381469727,8.9399995803833,50200
2003-03-07,EWG,8.90999984741211,8.9399995803833,8.899999618530273,8.930000305175781,41900
2003-03-10,EWG,8.949999809265137,8.949999809265137,8.510000228881836,8.510000228881836,55200
2003-03-11,EWG,8.550000190734863,8.649999618530273,8.420000076293945,8.470000267028809,152400
2003-03-12,EWG,8.300000190734863,8.34000015258789,8.069999694824219,8.25,793500
2003-03-13,EWG,8.350000381469727,8.539999961853027,8.239999771118164,8.539999961853027,230900
2003-03-14,EWG,8.600000381469727,8.739999771118164,8.420000076293945,8.420000076293945,234700
2003-03-17,EWG,8.369999885559082,8.84000015258789,8.369999885559082,8.789999961853027,698400
2003-03-18,EWG,9.0,9.050000190734863,8.75,9.050000190734863,280300
2003-03-19,EWG,9.199999809265137,9.199999809265137,8.920000076293945,9.0600004196167,136900
2003-03-20,EWG,9.010000228881836,9.100000381469727,8.880000114440918,9.09000015258789,100800
2003-03-21,EWG,9.3100004196167,9.449999809265137,9.199999809265137,9.399999618530273,164800
2003-03-24,EWG,9.050000190734863,9.149999618530273,8.869999885559082,9.0,199200
2003-03-25,EWG,8.979999542236328,9.260000228881836,8.9399995803833,9.180000305175781,179600
2003-03-26,EWG,9.170000076293945,9.239999771118164,9.100000381469727,9.130000114440918,59600
2003-03-27,EWG,8.9399995803833,9.050000190734863,8.789999961853027,9.039999961853027,104100
2003-03-28,EWG,9.010000228881836,9.039999961853027,8.869999885559082,8.9399995803833,84100
2003-03-31,EWG,8.640000343322754,8.8100004196167,8.609999656677246,8.6899995803833,149400
2003-04-01,EWG,8.739999771118164,8.90999984741211,8.609999656677246,8.800000190734863,47600
2003-04-02,EWG,9.100000381469727,9.1899995803833,9.010000228881836,9.0600004196167,23700
2003-04-03,EWG,9.279999732971191,9.279999732971191,8.9399995803833,9.100000381469727,75900
2003-04-04,EWG,9.170000076293945,9.300000190734863,9.170000076293945,9.289999961853027,55100
2003-04-07,EWG,9.699999809265137,9.699999809265137,9.449999809265137,9.550000190734863,227600
2003-04-08,EWG,9.649999618530273,9.869999885559082,9.5600004196167,9.609999656677246,172300
2003-04-09,EWG,9.770000457763672,9.819999694824219,9.550000190734863,9.569999694824219,662000
2003-04-10,EWG,9.619999885559082,9.619999885559082,9.460000038146973,9.609999656677246,28700
2003-04-11,EWG,9.65999984741211,9.789999961853027,9.539999961853027,9.739999771118164,95600
2003-04-14,EWG,9.739999771118164,9.880000114440918,9.710000038146973,9.880000114440918,108500
2003-04-15,EWG,9.989999771118164,10.079999923706055,9.90999984741211,10.050000190734863,121500
2003-04-16,EWG,10.149999618530273,10.25,9.90999984741211,9.920000076293945,159800
2003-04-17,EWG,10.149999618530273,10.369999885559082,10.130000114440918,10.300000190734863,151700
2003-04-21,EWG,10.300000190734863,10.40999984741211,10.25,10.329999923706055,50700
2003-04-22,EWG,10.279999732971191,10.670000076293945,10.1899995803833,10.579999923706055,75100
2003-04-23,EWG,10.640000343322754,10.720000267028809,10.520000457763672,10.619999885559082,144900
2003-04-24,EWG,10.550000190734863,10.579999923706055,10.350000381469727,10.449999809265137,102200
2003-04-25,EWG,10.34000015258789,10.380000114440918,10.229999542236328,10.300000190734863,46000
2003-04-28,EWG,10.430000305175781,10.680000305175781,10.430000305175781,10.619999885559082,122500
2003-04-29,EWG,10.630000114440918,10.75,10.550000190734863,10.550000190734863,242400
2003-04-30,EWG,10.710000038146973,10.859999656677246,10.680000305175781,10.84000015258789,153500
2003-05-01,EWG,10.75,10.899999618530273,10.680000305175781,10.789999961853027,70300
2003-05-02,EWG,10.630000114440918,11.0,10.630000114440918,10.949999809265137,217400
2003-05-05,EWG,11.050000190734863,11.199999809265137,10.989999771118164,11.079999923706055,117900
2003-05-06,EWG,11.140000343322754,11.600000381469727,11.140000343322754,11.460000038146973,338400
2003-05-07,EWG,11.329999923706055,11.34000015258789,11.119999885559082,11.210000038146973,181600
2003-05-08,EWG,10.970000267028809,11.100000381469727,10.920000076293945,10.9399995803833,94900
2003-05-09,EWG,10.970000267028809,11.210000038146973,10.960000038146973,11.09000015258789,172800
2003-05-12,EWG,11.020000457763672,11.260000228881836,10.960000038146973,11.1899995803833,121600
2003-05-13,EWG,11.039999961853027,11.15999984741211,10.920000076293945,11.079999923706055,41600
2003-05-14,EWG,11.100000381469727,11.210000038146973,10.9399995803833,11.100000381469727,45600
2003-05-15,EWG,11.149999618530273,11.25,11.0600004196167,11.0600004196167,17700
2003-05-16,EWG,11.270000457763672,11.399999618530273,11.220000267028809,11.229999542236328,154400
2003-05-19,EWG,11.039999961853027,11.220000267028809,10.850000381469727,10.859999656677246,169800
2003-05-20,EWG,10.920000076293945,11.020000457763672,10.8100004196167,10.920000076293945,47100
2003-05-21,EWG,10.890000343322754,10.90999984741211,10.680000305175781,10.90999984741211,94300
2003-05-22,EWG,10.90999984741211,11.039999961853027,10.859999656677246,10.989999771118164,35400
2003-05-23,EWG,10.989999771118164,11.0,10.899999618530273,10.949999809265137,95700
2003-05-27,EWG,10.880000114440918,11.239999771118164,10.880000114440918,11.239999771118164,161800
2003-05-28,EWG,11.260000228881836,11.350000381469727,11.199999809265137,11.199999809265137,143900
2003-05-29,EWG,11.319999694824219,11.449999809265137,11.300000190734863,11.300000190734863,110400
2003-05-30,EWG,11.460000038146973,11.550000190734863,11.369999885559082,11.470000267028809,113800
2003-06-02,EWG,11.640000343322754,11.850000381469727,11.579999923706055,11.609999656677246,432900
2003-06-03,EWG,11.550000190734863,11.770000457763672,11.510000228881836,11.619999885559082,121000
2003-06-04,EWG,11.649999618530273,11.850000381469727,11.649999618530273,11.819999694824219,102400
2003-06-05,EWG,11.779999732971191,11.949999809265137,11.720000267028809,11.90999984741211,72500
2003-06-06,EWG,11.979999542236328,12.130000114440918,11.899999618530273,11.90999984741211,152200
2003-06-09,EWG,11.859999656677246,11.9399995803833,11.8100004196167,11.859999656677246,72600
2003-06-10,EWG,12.020000457763672,12.039999961853027,11.890000343322754,11.960000038146973,78100
2003-06-11,EWG,12.130000114440918,12.399999618530273,12.039999961853027,12.350000381469727,112600
2003-06-12,EWG,12.390000343322754,12.489999771118164,12.3100004196167,12.399999618530273,102500
2003-06-13,EWG,12.420000076293945,12.489999771118164,12.220000267028809,12.300000190734863,42300
2003-06-16,EWG,12.479999542236328,12.6899995803833,12.390000343322754,12.630000114440918,48800
2003-06-17,EWG,12.800000190734863,12.819999694824219,12.5600004196167,12.619999885559082,974300
2003-06-18,EWG,12.550000190734863,12.739999771118164,12.510000228881836,12.550000190734863,156100
2003-06-19,EWG,12.460000038146973,12.5,12.3100004196167,12.350000381469727,44700
2003-06-20,EWG,12.649999618530273,12.670000076293945,12.289999961853027,12.399999618530273,96800
2003-06-23,EWG,12.229999542236328,12.260000228881836,11.899999618530273,11.989999771118164,183300
2003-06-24,EWG,11.920000076293945,12.170000076293945,11.920000076293945,12.069999694824219,31200
2003-06-25,EWG,12.079999923706055,12.289999961853027,11.949999809265137,12.0,119100
2003-06-26,EWG,11.979999542236328,12.220000267028809,11.979999542236328,12.09000015258789,196900
2003-06-27,EWG,12.140000343322754,12.210000038146973,11.930000305175781,12.0,191700
2003-06-30,EWG,12.199999809265137,12.229999542236328,11.970000267028809,12.199999809265137,42500
2003-07-01,EWG,12.0,12.170000076293945,11.8100004196167,12.149999618530273,163800
2003-07-02,EWG,12.170000076293945,12.399999618530273,12.130000114440918,12.34000015258789,411300
2003-07-03,EWG,12.199999809265137,12.210000038146973,12.100000381469727,12.149999618530273,28700
2003-07-07,EWG,12.289999961853027,12.449999809265137,12.239999771118164,12.380000114440918,212400
2003-07-08,EWG,12.289999961853027,12.390000343322754,12.289999961853027,12.390000343322754,81300
2003-07-09,EWG,12.319999694824219,12.350000381469727,12.180000305175781,12.350000381469727,44600
2003-07-10,EWG,12.100000381469727,12.1899995803833,12.050000190734863,12.149999618530273,43700
2003-07-11,EWG,12.1899995803833,12.319999694824219,12.170000076293945,12.270000457763672,26000
2003-07-14,EWG,12.479999542236328,12.5,12.399999618530273,12.449999809265137,33300
2003-07-15,EWG,12.600000381469727,12.670000076293945,12.279999732971191,12.350000381469727,49300
2003-07-16,EWG,12.5,12.5,12.270000457763672,12.329999923706055,17800
2003-07-17,EWG,12.149999618530273,12.25,12.119999885559082,12.149999618530273,19600
2003-07-18,EWG,12.229999542236328,12.539999961853027,12.229999542236328,12.510000228881836,58400
2003-07-21,EWG,12.220000267028809,12.229999542236328,12.149999618530273,12.220000267028809,113400
2003-07-22,EWG,12.260000228881836,12.329999923706055,12.149999618530273,12.289999961853027,79500
2003-07-23,EWG,12.399999618530273,12.399999618530273,12.25,12.390000343322754,19000
2003-07-24,EWG,12.479999542236328,12.609999656677246,12.479999542236328,12.520000457763672,24900
2003-07-25,EWG,12.569999694824219,12.649999618530273,12.5,12.649999618530273,58300
2003-07-28,EWG,12.710000038146973,12.850000381469727,12.680000305175781,12.760000228881836,93700
2003-07-29,EWG,12.850000381469727,12.850000381469727,12.640000343322754,12.720000267028809,99200
2003-07-30,EWG,12.670000076293945,12.779999732971191,12.579999923706055,12.59000015258789,40500
2003-07-31,EWG,12.8100004196167,12.8100004196167,12.619999885559082,12.699999809265137,5100
2003-08-01,EWG,12.460000038146973,12.520000457763672,12.4399995803833,12.5,546900
2003-08-04,EWG,12.619999885559082,12.619999885559082,12.4399995803833,12.550000190734863,70600
2003-08-05,EWG,12.649999618530273,12.680000305175781,12.5,12.520000457763672,82600
2003-08-06,EWG,12.449999809265137,12.510000228881836,12.34000015258789,12.420000076293945,57400
2003-08-07,EWG,12.279999732971191,12.420000076293945,12.15999984741211,12.420000076293945,57900
2003-08-08,EWG,12.369999885559082,12.380000114440918,12.199999809265137,12.319999694824219,15500
2003-08-11,EWG,12.210000038146973,12.359999656677246,12.210000038146973,12.279999732971191,29800
2003-08-12,EWG,12.449999809265137,12.550000190734863,12.390000343322754,12.550000190734863,159600
2003-08-13,EWG,12.579999923706055,12.600000381469727,12.449999809265137,12.470000267028809,15900
2003-08-14,EWG,12.510000228881836,12.729999542236328,12.489999771118164,12.729999542236328,21900
2003-08-15,EWG,12.75,12.75,12.710000038146973,12.710000038146973,5400
2003-08-18,EWG,12.6899995803833,12.850000381469727,12.609999656677246,12.850000381469727,556100
2003-08-19,EWG,12.84000015258789,12.850000381469727,12.670000076293945,12.680000305175781,366100
2003-08-20,EWG,12.65999984741211,12.779999732971191,12.579999923706055,12.699999809265137,75400
2003-08-21,EWG,12.760000228881836,12.84000015258789,12.649999618530273,12.710000038146973,48900
2003-08-22,EWG,12.789999961853027,12.789999961853027,12.5600004196167,12.680000305175781,48200
2003-08-25,EWG,12.510000228881836,12.539999961853027,12.479999542236328,12.529999732971191,187600
2003-08-26,EWG,12.300000190734863,12.449999809265137,12.220000267028809,12.4399995803833,35500
2003-08-27,EWG,12.369999885559082,12.489999771118164,12.350000381469727,12.460000038146973,11800
2003-08-28,EWG,12.489999771118164,12.569999694824219,12.430000305175781,12.5,18700
2003-08-29,EWG,12.550000190734863,12.6899995803833,12.5,12.550000190734863,44800
2003-09-02,EWG,12.6899995803833,12.800000190734863,12.630000114440918,12.760000228881836,253100
2003-09-03,EWG,12.90999984741211,13.039999961853027,12.890000343322754,12.949999809265137,181800
2003-09-04,EWG,13.0,13.210000038146973,12.949999809265137,13.210000038146973,29100
2003-09-05,EWG,13.050000190734863,13.270000457763672,13.029999732971191,13.210000038146973,118200
2003-09-08,EWG,13.229999542236328,13.380000114440918,13.199999809265137,13.34000015258789,196000
2003-09-09,EWG,13.1899995803833,13.319999694824219,13.130000114440918,13.170000076293945,27100
2003-09-10,EWG,13.029999732971191,13.100000381469727,12.899999618530273,13.020000457763672,139800
2003-09-11,EWG,13.0,13.180000305175781,12.949999809265137,13.180000305175781,14000
2003-09-12,EWG,13.039999961853027,13.100000381469727,12.90999984741211,12.989999771118164,11800
2003-09-15,EWG,13.149999618530273,13.149999618530273,12.989999771118164,12.989999771118164,349400
2003-09-16,EWG,13.149999618530273,13.199999809265137,12.979999542236328,13.1899995803833,311900
2003-09-17,EWG,13.289999961853027,13.289999961853027,13.09000015258789,13.140000343322754,23200
2003-09-18,EWG,13.279999732971191,13.5,13.279999732971191,13.359999656677246,78400
2003-09-19,EWG,13.40999984741211,13.489999771118164,13.359999656677246,13.449999809265137,10900
2003-09-22,EWG,13.170000076293945,13.1899995803833,13.020000457763672,13.0600004196167,64400
2003-09-23,EWG,12.9399995803833,12.960000038146973,12.800000190734863,12.9399995803833,42600
2003-09-24,EWG,12.930000305175781,12.9399995803833,12.470000267028809,12.470000267028809,63200
2003-09-25,EWG,12.619999885559082,12.729999542236328,12.5,12.5,38900
2003-09-26,EWG,12.550000190734863,12.670000076293945,12.479999542236328,12.520000457763672,55400
2003-09-29,EWG,12.579999923706055,12.699999809265137,12.489999771118164,12.649999618530273,34400
2003-09-30,EWG,12.649999618530273,12.649999618530273,12.359999656677246,12.460000038146973,94200
2003-10-01,EWG,12.5,12.9399995803833,12.5,12.930000305175781,199200
2003-10-02,EWG,12.770000457763672,12.8100004196167,12.65999984741211,12.680000305175781,122800
2003-10-03,EWG,12.930000305175781,13.050000190734863,12.90999984741211,12.989999771118164,65400
2003-10-06,EWG,13.029999732971191,13.109999656677246,12.970000267028809,13.0600004196167,42300
2003-10-07,EWG,13.0,13.109999656677246,12.9399995803833,13.09000015258789,58000
2003-10-08,EWG,13.359999656677246,13.359999656677246,13.149999618530273,13.210000038146973,30000
2003-10-09,EWG,13.420000076293945,13.5,13.350000381469727,13.420000076293945,75300
2003-10-10,EWG,13.5,13.59000015258789,13.4399995803833,13.5,50500
2003-10-13,EWG,13.640000343322754,13.739999771118164,13.550000190734863,13.6899995803833,66000
2003-10-14,EWG,13.5600004196167,13.729999542236328,13.449999809265137,13.6899995803833,26400
2003-10-15,EWG,13.829999923706055,13.84000015258789,13.569999694824219,13.600000381469727,292800
2003-10-16,EWG,13.65999984741211,13.75,13.539999961853027,13.640000343322754,155400
2003-10-17,EWG,13.609999656677246,13.609999656677246,13.390000343322754,13.470000267028809,75600
2003-10-20,EWG,13.5600004196167,13.739999771118164,13.510000228881836,13.640000343322754,194300
2003-10-21,EWG,13.649999618530273,13.84000015258789,13.579999923706055,13.829999923706055,88000
2003-10-22,EWG,13.5600004196167,13.649999618530273,13.5600004196167,13.569999694824219,69100
2003-10-23,EWG,13.460000038146973,13.5600004196167,13.430000305175781,13.510000228881836,55800
2003-10-24,EWG,13.449999809265137,13.600000381469727,13.380000114440918,13.380000114440918,70200
2003-10-27,EWG,13.539999961853027,13.710000038146973,13.539999961853027,13.579999923706055,47900
2003-10-28,EWG,13.8100004196167,13.960000038146973,13.760000228881836,13.90999984741211,62500
2003-10-29,EWG,13.859999656677246,13.960000038146973,13.859999656677246,13.920000076293945,64100
2003-10-30,EWG,14.0,14.149999618530273,13.880000114440918,13.970000267028809,41700
2003-10-31,EWG,13.989999771118164,13.989999771118164,13.880000114440918,13.890000343322754,53700
2003-11-03,EWG,14.210000038146973,14.239999771118164,14.0600004196167,14.100000381469727,112400
2003-11-04,EWG,14.100000381469727,14.199999809265137,14.039999961853027,14.1899995803833,136400
2003-11-05,EWG,14.039999961853027,14.109999656677246,13.949999809265137,14.020000457763672,118200
2003-11-06,EWG,14.020000457763672,14.09000015258789,13.960000038146973,14.029999732971191,50300
2003-11-07,EWG,14.239999771118164,14.369999885559082,14.149999618530273,14.229999542236328,104300
2003-11-10,EWG,14.220000267028809,14.270000457763672,14.029999732971191,14.140000343322754,87000
2003-11-11,EWG,14.0,14.149999618530273,13.949999809265137,14.09000015258789,46600
2003-11-12,EWG,14.109999656677246,14.449999809265137,14.109999656677246,14.350000381469727,91700
2003-11-13,EWG,14.420000076293945,14.539999961853027,14.359999656677246,14.520000457763672,39600
2003-11-14,EWG,14.579999923706055,14.680000305175781,14.420000076293945,14.579999923706055,132000
2003-11-17,EWG,14.350000381469727,14.390000343322754,14.140000343322754,14.260000228881836,215900
2003-11-18,EWG,14.34000015258789,14.390000343322754,14.220000267028809,14.220000267028809,397400
2003-11-19,EWG,14.229999542236328,14.300000190734863,14.180000305175781,14.279999732971191,147000
2003-11-20,EWG,14.0600004196167,14.270000457763672,14.0600004196167,14.100000381469727,47300
2003-11-21,EWG,14.1899995803833,14.220000267028809,14.119999885559082,14.15999984741211,108200
2003-11-24,EWG,14.350000381469727,14.550000190734863,14.300000190734863,14.550000190734863,163500
2003-11-25,EWG,14.550000190734863,14.550000190734863,14.390000343322754,14.470000267028809,581200
2003-11-26,EWG,14.6899995803833,14.75,14.479999542236328,14.600000381469727,27500
2003-11-28,EWG,14.6899995803833,14.800000190734863,14.670000076293945,14.800000190734863,24400
2003-12-01,EWG,14.989999771118164,15.119999885559082,14.930000305175781,15.09000015258789,214400
2003-12-02,EWG,15.050000190734863,15.149999618530273,14.9399995803833,15.079999923706055,146900
2003-12-03,EWG,15.289999961853027,15.5,15.25,15.329999923706055,167800
2003-12-04,EWG,15.329999923706055,15.489999771118164,15.329999923706055,15.390000343322754,1115100
2003-12-05,EWG,15.260000228881836,15.369999885559082,15.15999984741211,15.279999732971191,135300
2003-12-08,EWG,15.210000038146973,15.380000114440918,15.210000038146973,15.369999885559082,261100
2003-12-09,EWG,15.550000190734863,15.609999656677246,15.369999885559082,15.420000076293945,130100
2003-12-10,EWG,15.380000114440918,15.380000114440918,15.229999542236328,15.289999961853027,49600
2003-12-11,EWG,15.300000190734863,15.640000343322754,15.300000190734863,15.569999694824219,100500
2003-12-12,EWG,15.5600004196167,15.619999885559082,15.449999809265137,15.529999732971191,1156000
2003-12-15,EWG,15.75,15.75,15.449999809265137,15.449999809265137,196700
2003-12-16,EWG,15.670000076293945,15.739999771118164,15.539999961853027,15.720000267028809,170700
2003-12-17,EWG,15.609999656677246,15.670000076293945,15.529999732971191,15.630000114440918,77600
2003-12-18,EWG,15.640000343322754,15.930000305175781,15.600000381469727,15.930000305175781,83200
2003-12-19,EWG,15.859999656677246,15.869999885559082,15.710000038146973,15.800000190734863,287400
2003-12-22,EWG,15.600000381469727,15.720000267028809,15.579999923706055,15.680000305175781,122200
2003-12-23,EWG,15.699999809265137,15.729999542236328,15.579999923706055,15.680000305175781,132900
2003-12-24,EWG,15.6899995803833,15.779999732971191,15.6899995803833,15.779999732971191,15500
2003-12-26,EWG,15.800000190734863,15.850000381469727,15.779999732971191,15.850000381469727,44300
2003-12-29,EWG,15.890000343322754,16.170000076293945,15.880000114440918,16.170000076293945,116000
2003-12-30,EWG,16.09000015258789,16.139999389648438,16.010000228881836,16.06999969482422,103300
2003-12-31,EWG,16.219999313354492,16.219999313354492,16.079999923706055,16.190000534057617,96600
2004-01-02,EWG,16.399999618530273,16.459999084472656,16.299999237060547,16.329999923706055,185400
2004-01-05,EWG,16.56999969482422,16.700000762939453,16.510000228881836,16.65999984741211,245700
2004-01-06,EWG,16.700000762939453,16.799999237060547,16.579999923706055,16.799999237060547,202600
2004-01-07,EWG,16.559999465942383,16.579999923706055,16.43000030517578,16.5,412700
2004-01-08,EWG,16.790000915527344,16.84000015258789,16.6200008392334,16.84000015258789,243500
2004-01-09,EWG,16.670000076293945,16.799999237060547,16.559999465942383,16.68000030517578,236000
2004-01-12,EWG,16.6299991607666,16.68000030517578,16.530000686645508,16.59000015258789,151200
2004-01-13,EWG,16.68000030517578,16.68000030517578,16.3700008392334,16.420000076293945,146100
2004-01-14,EWG,16.579999923706055,16.75,16.559999465942383,16.75,92500
2004-01-15,EWG,16.670000076293945,16.690000534057617,16.450000762939453,16.600000381469727,65200
2004-01-16,EWG,16.559999465942383,16.579999923706055,16.360000610351562,16.459999084472656,114000
2004-01-20,EWG,16.690000534057617,16.84000015258789,16.639999389648438,16.670000076293945,162000
2004-01-21,EWG,16.860000610351562,17.079999923706055,16.65999984741211,17.059999465942383,129700
2004-01-22,EWG,17.100000381469727,17.170000076293945,17.0,17.079999923706055,113200
2004-01-23,EWG,17.09000015258789,17.1299991607666,16.760000228881836,16.920000076293945,165300
2004-01-26,EWG,16.889999389648438,16.889999389648438,16.68000030517578,16.860000610351562,80000
2004-01-27,EWG,16.959999084472656,17.0,16.850000381469727,16.899999618530273,108400
2004-01-28,EWG,16.93000030517578,16.989999771118164,16.399999618530273,16.579999923706055,118600
2004-01-29,EWG,16.579999923706055,16.670000076293945,16.25,16.5,217700
2004-01-30,EWG,16.440000534057617,16.479999542236328,16.25,16.440000534057617,61700
2004-02-02,EWG,16.329999923706055,16.520000457763672,16.290000915527344,16.299999237060547,208900
2004-02-03,EWG,16.34000015258789,16.530000686645508,16.34000015258789,16.469999313354492,64200
2004-02-04,EWG,16.290000915527344,16.43000030517578,16.25,16.270000457763672,99600
2004-02-05,EWG,16.43000030517578,16.540000915527344,16.31999969482422,16.40999984741211,102800
2004-02-06,EWG,16.5,16.719999313354492,16.5,16.68000030517578,43300
2004-02-09,EWG,16.920000076293945,16.940000534057617,16.75,16.860000610351562,64300
2004-02-10,EWG,16.950000762939453,17.0,16.8700008392334,16.989999771118164,110700
2004-02-11,EWG,16.950000762939453,17.25,16.8700008392334,17.239999771118164,78800
2004-02-12,EWG,17.079999923706055,17.18000030517578,17.010000228881836,17.110000610351562,72900
2004-02-13,EWG,17.110000610351562,17.15999984741211,16.6299991607666,16.739999771118164,143700
2004-02-17,EWG,17.100000381469727,17.100000381469727,16.90999984741211,16.979999542236328,82700
2004-02-18,EWG,16.989999771118164,17.059999465942383,16.799999237060547,16.799999237060547,79000
2004-02-19,EWG,16.969999313354492,17.100000381469727,16.8700008392334,16.889999389648438,122600
2004-02-20,EWG,16.860000610351562,16.860000610351562,16.350000381469727,16.510000228881836,108800
2004-02-23,EWG,16.700000762939453,16.729999542236328,16.450000762939453,16.469999313354492,66900
2004-02-24,EWG,16.290000915527344,16.479999542236328,16.200000762939453,16.350000381469727,105500
2004-02-25,EWG,16.25,16.399999618530273,16.1200008392334,16.280000686645508,88200
2004-02-26,EWG,16.049999237060547,16.219999313354492,15.979999542236328,16.15999984741211,163200
2004-02-27,EWG,16.190000534057617,16.34000015258789,16.149999618530273,16.219999313354492,139200
2004-03-01,EWG,16.3700008392334,16.479999542236328,16.260000228881836,16.440000534057617,123800
2004-03-02,EWG,16.3799991607666,16.459999084472656,16.149999618530273,16.280000686645508,80300
2004-03-03,EWG,16.020000457763672,16.239999771118164,15.899999618530273,16.100000381469727,194500
2004-03-04,EWG,16.1200008392334,16.40999984741211,16.100000381469727,16.280000686645508,115800
2004-03-05,EWG,16.399999618530273,16.68000030517578,16.389999389648438,16.549999237060547,84700
2004-03-08,EWG,16.600000381469727,16.700000762939453,16.510000228881836,16.600000381469727,95600
2004-03-09,EWG,16.5,16.510000228881836,16.18000030517578,16.239999771118164,77900
2004-03-10,EWG,16.09000015258789,16.110000610351562,15.850000381469727,15.850000381469727,189100
2004-03-11,EWG,15.449999809265137,15.710000038146973,15.399999618530273,15.479999542236328,237400
2004-03-12,EWG,15.449999809265137,15.550000190734863,15.369999885559082,15.5,96800
2004-03-15,EWG,15.479999542236328,15.479999542236328,15.020000457763672,15.0600004196167,93300
2004-03-16,EWG,15.3100004196167,15.359999656677246,15.079999923706055,15.289999961853027,213600
2004-03-17,EWG,15.390000343322754,15.600000381469727,15.350000381469727,15.510000228881836,123300
2004-03-18,EWG,15.40999984741211,15.579999923706055,15.319999694824219,15.430000305175781,72300
2004-03-19,EWG,15.380000114440918,15.420000076293945,15.149999618530273,15.149999618530273,55300
2004-03-22,EWG,14.970000267028809,15.0,14.84000015258789,14.850000381469727,152100
2004-03-23,EWG,15.0,15.069999694824219,14.859999656677246,14.979999542236328,98300
2004-03-24,EWG,14.760000228881836,14.90999984741211,14.630000114440918,14.770000457763672,101800
2004-03-25,EWG,14.949999809265137,15.289999961853027,14.930000305175781,15.289999961853027,215100
2004-03-26,EWG,15.130000114440918,15.220000267028809,15.0,15.149999618530273,108500
2004-03-29,EWG,15.430000305175781,15.470000267028809,15.300000190734863,15.430000305175781,184100
2004-03-30,EWG,15.34000015258789,15.5,15.3100004196167,15.489999771118164,44100
2004-03-31,EWG,15.5,15.579999923706055,15.390000343322754,15.5600004196167,72700
2004-04-01,EWG,15.59000015258789,15.850000381469727,15.569999694824219,15.8100004196167,76200
2004-04-02,EWG,15.890000343322754,15.949999809265137,15.770000457763672,15.829999923706055,121400
2004-04-05,EWG,15.800000190734863,15.899999618530273,15.680000305175781,15.850000381469727,47400
2004-04-06,EWG,15.779999732971191,15.920000076293945,15.739999771118164,15.850000381469727,45300
2004-04-07,EWG,15.850000381469727,16.0,15.819999694824219,16.0,73000
2004-04-08,EWG,15.9399995803833,15.9399995803833,15.710000038146973,15.84000015258789,53700
2004-04-12,EWG,16.579999923706055,16.579999923706055,15.800000190734863,15.9399995803833,176400
2004-04-13,EWG,15.920000076293945,15.920000076293945,15.680000305175781,15.720000267028809,97800
2004-04-14,EWG,15.390000343322754,15.710000038146973,15.380000114440918,15.550000190734863,36600
2004-04-15,EWG,15.600000381469727,15.6899995803833,15.539999961853027,15.680000305175781,27600
2004-04-16,EWG,15.75,15.84000015258789,15.579999923706055,15.789999961853027,235900
2004-04-19,EWG,15.670000076293945,15.880000114440918,15.670000076293945,15.880000114440918,73100
2004-04-20,EWG,15.720000267028809,15.84000015258789,15.489999771118164,15.600000381469727,66200
2004-04-21,EWG,15.510000228881836,15.729999542236328,15.5,15.539999961853027,217400
2004-04-22,EWG,15.520000457763672,15.800000190734863,15.460000038146973,15.75,73300
2004-04-23,EWG,15.770000457763672,15.890000343322754,15.699999809265137,15.880000114440918,68100
2004-04-26,EWG,16.049999237060547,16.049999237060547,15.829999923706055,15.850000381469727,67100
2004-04-27,EWG,15.920000076293945,16.1299991607666,15.869999885559082,15.970000267028809,100800
2004-04-28,EWG,15.850000381469727,15.9399995803833,15.619999885559082,15.619999885559082,42400
2004-04-29,EWG,15.520000457763672,15.649999618530273,15.399999618530273,15.489999771118164,153600
2004-04-30,EWG,15.489999771118164,15.579999923706055,15.40999984741211,15.40999984741211,48300
2004-05-03,EWG,15.420000076293945,15.609999656677246,15.420000076293945,15.550000190734863,156400
2004-05-04,EWG,15.6899995803833,15.779999732971191,15.579999923706055,15.760000228881836,148500
2004-05-05,EWG,15.770000457763672,15.949999809265137,15.760000228881836,15.949999809265137,21000
2004-05-06,EWG,15.5,15.600000381469727,15.350000381469727,15.489999771118164,178800
2004-05-07,EWG,15.069999694824219,15.229999542236328,14.9399995803833,15.020000457763672,231700
2004-05-10,EWG,14.649999618530273,14.770000457763672,14.59000015258789,14.75,126700
2004-05-11,EWG,14.75,14.850000381469727,14.75,14.800000190734863,815700
2004-05-12,EWG,14.760000228881836,14.789999961853027,14.529999732971191,14.75,370900
2004-05-13,EWG,14.739999771118164,14.800000190734863,14.619999885559082,14.720000267028809,300100
2004-05-14,EWG,14.699999809265137,14.800000190734863,14.630000114440918,14.779999732971191,15600
2004-05-17,EWG,14.529999732971191,14.6899995803833,14.510000228881836,14.569999694824219,51800
2004-05-18,EWG,14.680000305175781,14.800000190734863,14.670000076293945,14.800000190734863,49900
2004-05-19,EWG,15.020000457763672,15.229999542236328,14.850000381469727,14.850000381469727,104200
2004-05-20,EWG,14.8100004196167,14.890000343322754,14.770000457763672,14.770000457763672,15200
2004-05-21,EWG,14.880000114440918,14.989999771118164,14.84000015258789,14.869999885559082,68600
2004-05-24,EWG,15.0600004196167,15.15999984741211,15.0,15.15999984741211,52000
2004-05-25,EWG,15.0600004196167,15.34000015258789,14.979999542236328,15.34000015258789,56800
2004-05-26,EWG,15.270000457763672,15.329999923706055,15.180000305175781,15.319999694824219,25400
2004-05-27,EWG,15.59000015258789,15.720000267028809,15.5,15.720000267028809,24400
2004-05-28,EWG,15.600000381469727,15.630000114440918,15.479999542236328,15.5600004196167,15300
2004-06-01,EWG,15.369999885559082,15.5,15.369999885559082,15.399999618530273,86100
2004-06-02,EWG,15.630000114440918,15.680000305175781,15.470000267028809,15.649999618530273,139700
2004-06-03,EWG,15.489999771118164,15.649999618530273,15.460000038146973,15.600000381469727,47100
2004-06-04,EWG,15.800000190734863,15.9399995803833,15.699999809265137,15.899999618530273,144700
2004-06-07,EWG,16.020000457763672,16.200000762939453,16.010000228881836,16.200000762939453,66400
2004-06-08,EWG,16.06999969482422,16.18000030517578,15.930000305175781,16.18000030517578,29400
2004-06-09,EWG,15.850000381469727,15.90999984741211,15.600000381469727,15.65999984741211,31600
2004-06-10,EWG,15.760000228881836,15.890000343322754,15.729999542236328,15.880000114440918,25100
2004-06-14,EWG,15.4399995803833,15.489999771118164,15.350000381469727,15.350000381469727,1664200
2004-06-15,EWG,15.600000381469727,15.8100004196167,15.579999923706055,15.789999961853027,137100
2004-06-16,EWG,15.75,15.75,15.600000381469727,15.680000305175781,16300
2004-06-17,EWG,15.6899995803833,15.739999771118164,15.579999923706055,15.729999542236328,1570100
2004-06-18,EWG,15.649999618530273,15.8100004196167,15.649999618530273,15.699999809265137,6200
2004-06-21,EWG,15.680000305175781,15.699999809265137,15.619999885559082,15.640000343322754,11200
2004-06-22,EWG,15.609999656677246,15.609999656677246,15.470000267028809,15.5600004196167,191900
2004-06-23,EWG,15.649999618530273,15.75,15.520000457763672,15.699999809265137,167100
2004-06-24,EWG,15.770000457763672,15.850000381469727,15.760000228881836,15.800000190734863,132900
2004-06-25,EWG,15.729999542236328,15.960000038146973,15.720000267028809,15.760000228881836,219300
2004-06-28,EWG,16.15999984741211,16.15999984741211,15.899999618530273,15.970000267028809,181700
2004-06-29,EWG,16.100000381469727,16.1299991607666,15.970000267028809,15.970000267028809,37800
2004-06-30,EWG,16.049999237060547,16.15999984741211,16.0,16.149999618530273,207400
2004-07-01,EWG,16.100000381469727,16.149999618530273,15.800000190734863,16.0,108300
2004-07-02,EWG,16.0,16.030000686645508,15.920000076293945,16.030000686645508,93300
2004-07-06,EWG,15.84000015258789,15.859999656677246,15.609999656677246,15.6899995803833,78100
2004-07-07,EWG,15.729999542236328,15.930000305175781,15.729999542236328,15.850000381469727,268900
2004-07-08,EWG,15.720000267028809,15.899999618530273,15.720000267028809,15.75,73500
2004-07-09,EWG,15.720000267028809,15.789999961853027,15.720000267028809,15.760000228881836,35000
2004-07-12,EWG,15.670000076293945,15.779999732971191,15.579999923706055,15.739999771118164,34400
2004-07-13,EWG,15.619999885559082,15.699999809265137,15.539999961853027,15.569999694824219,33300
2004-07-14,EWG,15.529999732971191,15.6899995803833,15.529999732971191,15.539999961853027,266300
2004-07-15,EWG,15.5,15.5,15.270000457763672,15.270000457763672,50300
2004-07-16,EWG,15.600000381469727,15.600000381469727,15.420000076293945,15.5,41800
2004-07-19,EWG,15.369999885559082,15.5,15.279999732971191,15.399999618530273,38900
2004-07-20,EWG,15.329999923706055,15.5,15.329999923706055,15.479999542236328,22700
2004-07-21,EWG,15.569999694824219,15.579999923706055,15.15999984741211,15.170000076293945,72800
2004-07-22,EWG,15.210000038146973,15.399999618530273,15.09000015258789,15.369999885559082,108300
2004-07-23,EWG,14.949999809265137,15.069999694824219,14.899999618530273,14.970000267028809,69000
2004-07-26,EWG,15.0,15.010000228881836,14.739999771118164,14.770000457763672,50100
2004-07-27,EWG,14.960000038146973,15.050000190734863,14.880000114440918,15.039999961853027,19300
2004-07-28,EWG,15.020000457763672,15.050000190734863,14.829999923706055,15.050000190734863,8200
2004-07-29,EWG,15.25,15.3100004196167,15.109999656677246,15.170000076293945,35900
2004-07-30,EWG,15.260000228881836,15.300000190734863,15.109999656677246,15.140000343322754,7400
2004-08-02,EWG,15.119999885559082,15.199999809265137,15.020000457763672,15.199999809265137,44700
2004-08-03,EWG,15.1899995803833,15.199999809265137,15.100000381469727,15.109999656677246,117300
2004-08-04,EWG,14.850000381469727,15.029999732971191,14.850000381469727,14.989999771118164,68000
2004-08-05,EWG,15.0,15.029999732971191,14.859999656677246,14.859999656677246,35700
2004-08-06,EWG,14.960000038146973,14.960000038146973,14.779999732971191,14.800000190734863,27500
2004-08-09,EWG,14.699999809265137,14.75,14.699999809265137,14.710000038146973,27100
2004-08-10,EWG,14.770000457763672,14.90999984741211,14.770000457763672,14.899999618530273,36100
2004-08-11,EWG,14.5,14.720000267028809,14.5,14.65999984741211,38900
2004-08-12,EWG,14.600000381469727,14.600000381469727,14.489999771118164,14.5,34000
2004-08-13,EWG,14.609999656677246,14.720000267028809,14.609999656677246,14.699999809265137,33800
2004-08-16,EWG,14.710000038146973,14.890000343322754,14.710000038146973,14.890000343322754,48100
2004-08-17,EWG,14.920000076293945,14.949999809265137,14.890000343322754,14.899999618530273,105600
2004-08-18,EWG,14.75,15.09000015258789,14.75,15.029999732971191,27600
2004-08-19,EWG,14.920000076293945,15.0,14.920000076293945,14.970000267028809,16900
2004-08-20,EWG,14.869999885559082,14.970000267028809,14.850000381469727,14.930000305175781,71000
2004-08-23,EWG,14.960000038146973,15.0,14.8100004196167,14.8100004196167,27100
2004-08-24,EWG,14.899999618530273,14.970000267028809,14.779999732971191,14.779999732971191,32100
2004-08-25,EWG,14.859999656677246,15.100000381469727,14.84000015258789,15.079999923706055,77800
2004-08-26,EWG,15.050000190734863,15.109999656677246,15.0,15.0600004196167,82100
2004-08-27,EWG,15.100000381469727,15.119999885559082,15.020000457763672,15.119999885559082,13700
2004-08-30,EWG,14.920000076293945,15.079999923706055,14.920000076293945,14.960000038146973,58000
2004-08-31,EWG,15.020000457763672,15.020000457763672,14.920000076293945,15.0,89000
2004-09-01,EWG,15.149999618530273,15.149999618530273,15.029999732971191,15.100000381469727,53300
2004-09-02,EWG,15.09000015258789,15.279999732971191,15.069999694824219,15.279999732971191,94600
2004-09-03,EWG,15.130000114440918,15.199999809265137,15.09000015258789,15.09000015258789,18800
2004-09-07,EWG,15.270000457763672,15.329999923706055,15.199999809265137,15.25,96600
2004-09-08,EWG,15.15999984741211,15.329999923706055,15.15999984741211,15.300000190734863,7900
2004-09-09,EWG,15.199999809265137,15.359999656677246,15.199999809265137,15.359999656677246,30500
2004-09-10,EWG,15.5,15.520000457763672,15.470000267028809,15.5,6500
2004-09-13,EWG,15.600000381469727,15.75,15.579999923706055,15.619999885559082,123900
2004-09-14,EWG,15.65999984741211,15.760000228881836,15.65999984741211,15.6899995803833,22700
2004-09-15,EWG,15.630000114440918,15.630000114440918,15.489999771118164,15.550000190734863,21900
2004-09-16,EWG,15.510000228881836,15.729999542236328,15.510000228881836,15.6899995803833,668500
2004-09-17,EWG,15.739999771118164,15.779999732971191,15.670000076293945,15.6899995803833,14900
2004-09-20,EWG,15.609999656677246,15.699999809265137,15.550000190734863,15.699999809265137,73400
2004-09-21,EWG,15.890000343322754,16.059999465942383,15.829999923706055,16.059999465942383,127100
2004-09-22,EWG,15.800000190734863,15.800000190734863,15.640000343322754,15.65999984741211,27600
2004-09-23,EWG,15.609999656677246,15.680000305175781,15.539999961853027,15.539999961853027,32000
2004-09-24,EWG,15.5600004196167,15.640000343322754,15.550000190734863,15.5600004196167,24900
2004-09-27,EWG,15.460000038146973,15.510000228881836,15.390000343322754,15.479999542236328,23300
2004-09-28,EWG,15.550000190734863,15.649999618530273,15.489999771118164,15.619999885559082,109300
2004-09-29,EWG,15.729999542236328,15.779999732971191,15.670000076293945,15.779999732971191,73400
2004-09-30,EWG,15.760000228881836,15.829999923706055,15.65999984741211,15.770000457763672,65500
2004-10-01,EWG,15.899999618530273,16.100000381469727,15.899999618530273,16.09000015258789,141800
2004-10-04,EWG,16.110000610351562,16.15999984741211,16.06999969482422,16.15999984741211,85900
2004-10-05,EWG,16.15999984741211,16.209999084472656,16.139999389648438,16.15999984741211,83000
2004-10-06,EWG,16.18000030517578,16.209999084472656,16.110000610351562,16.200000762939453,43000
2004-10-07,EWG,16.15999984741211,16.15999984741211,16.09000015258789,16.149999618530273,50700
2004-10-08,EWG,16.149999618530273,16.270000457763672,16.139999389648438,16.209999084472656,254900
2004-10-11,EWG,16.239999771118164,16.25,16.190000534057617,16.239999771118164,52500
2004-10-12,EWG,15.800000190734863,15.949999809265137,15.770000457763672,15.949999809265137,87200
2004-10-13,EWG,15.989999771118164,15.989999771118164,15.779999732971191,15.84000015258789,77700
2004-10-14,EWG,15.930000305175781,15.930000305175781,15.699999809265137,15.779999732971191,83900
2004-10-15,EWG,15.8100004196167,15.989999771118164,15.8100004196167,15.930000305175781,77200
2004-10-18,EWG,15.989999771118164,16.030000686645508,15.899999618530273,16.030000686645508,37900
2004-10-19,EWG,16.100000381469727,16.170000076293945,16.010000228881836,16.030000686645508,41000
2004-10-20,EWG,16.0,16.1299991607666,15.970000267028809,16.030000686645508,31500
2004-10-21,EWG,16.049999237060547,16.18000030517578,16.049999237060547,16.18000030517578,148800
2004-10-22,EWG,16.239999771118164,16.25,16.020000457763672,16.030000686645508,31300
2004-10-25,EWG,16.049999237060547,16.110000610351562,16.0,16.09000015258789,41000
2004-10-26,EWG,16.100000381469727,16.100000381469727,15.989999771118164,16.049999237060547,26900
2004-10-27,EWG,16.18000030517578,16.350000381469727,16.040000915527344,16.350000381469727,137000
2004-10-28,EWG,16.40999984741211,16.450000762939453,16.31999969482422,16.3700008392334,123100
2004-10-29,EWG,16.389999389648438,16.520000457763672,16.350000381469727,16.479999542236328,50500
2004-11-01,EWG,16.549999237060547,16.610000610351562,16.459999084472656,16.600000381469727,245800
2004-11-02,EWG,16.639999389648438,16.65999984741211,16.579999923706055,16.6299991607666,70200
2004-11-03,EWG,16.780000686645508,16.84000015258789,16.68000030517578,16.760000228881836,95900
2004-11-04,EWG,16.850000381469727,17.049999237060547,16.770000457763672,17.040000915527344,91500
2004-11-05,EWG,17.149999618530273,17.190000534057617,17.020000457763672,17.139999389648438,64500
2004-11-08,EWG,17.0,17.100000381469727,17.0,17.040000915527344,191200
2004-11-09,EWG,17.030000686645508,17.139999389648438,16.979999542236328,17.049999237060547,43100
2004-11-10,EWG,17.149999618530273,17.170000076293945,17.030000686645508,17.170000076293945,40600
2004-11-11,EWG,17.139999389648438,17.3700008392334,17.139999389648438,17.350000381469727,103300
2004-11-12,EWG,17.399999618530273,17.5,17.309999465942383,17.5,145600
2004-11-15,EWG,17.40999984741211,17.440000534057617,17.309999465942383,17.399999618530273,149400
2004-11-16,EWG,17.360000610351562,17.360000610351562,17.260000228881836,17.280000686645508,144500
2004-11-17,EWG,17.479999542236328,17.68000030517578,17.469999313354492,17.59000015258789,46900
2004-11-18,EWG,17.5,17.600000381469727,17.5,17.559999465942383,44200
2004-11-19,EWG,17.700000762939453,17.700000762939453,17.3700008392334,17.450000762939453,61400
2004-11-22,EWG,17.479999542236328,17.6200008392334,17.389999389648438,17.540000915527344,1052200
2004-11-23,EWG,17.6200008392334,17.6200008392334,17.440000534057617,17.59000015258789,429100
2004-11-24,EWG,17.65999984741211,17.790000915527344,17.6200008392334,17.770000457763672,270500
2004-11-26,EWG,17.850000381469727,17.959999084472656,17.809999465942383,17.950000762939453,122900
2004-11-29,EWG,18.1200008392334,18.15999984741211,17.84000015258789,18.040000915527344,316500
2004-11-30,EWG,18.0,18.0,17.739999771118164,17.770000457763672,200500
2004-12-01,EWG,17.989999771118164,18.229999542236328,17.899999618530273,18.200000762939453,246500
2004-12-02,EWG,18.209999084472656,18.239999771118164,18.110000610351562,18.190000534057617,265600
2004-12-03,EWG,18.25,18.399999618530273,18.25,18.3700008392334,203500
2004-12-06,EWG,18.34000015258789,18.40999984741211,18.25,18.3700008392334,211100
2004-12-07,EWG,18.43000030517578,18.469999313354492,18.200000762939453,18.200000762939453,256000
2004-12-08,EWG,18.09000015258789,18.299999237060547,18.06999969482422,18.290000915527344,170800
2004-12-09,EWG,17.969999313354492,18.15999984741211,17.809999465942383,18.06999969482422,261300
2004-12-10,EWG,17.780000686645508,17.959999084472656,17.75,17.940000534057617,219800
2004-12-13,EWG,18.100000381469727,18.3700008392334,18.100000381469727,18.34000015258789,127100
2004-12-14,EWG,18.299999237060547,18.3799991607666,18.219999313354492,18.3799991607666,198900
2004-12-15,EWG,18.440000534057617,18.530000686645508,18.399999618530273,18.530000686645508,194100
2004-12-16,EWG,18.299999237060547,18.31999969482422,18.139999389648438,18.25,192100
2004-12-17,EWG,18.049999237060547,18.139999389648438,17.979999542236328,18.010000228881836,158900
2004-12-20,EWG,18.43000030517578,18.440000534057617,18.149999618530273,18.329999923706055,259900
2004-12-21,EWG,18.40999984741211,18.450000762939453,18.299999237060547,18.40999984741211,143100
2004-12-22,EWG,18.5,18.510000228881836,18.43000030517578,18.510000228881836,103600
2004-12-23,EWG,18.420000076293945,18.469999313354492,18.389999389648438,18.459999084472656,163600
2004-12-27,EWG,18.559999465942383,18.579999923706055,18.459999084472656,18.549999237060547,143700
2004-12-28,EWG,18.59000015258789,18.68000030517578,18.579999923706055,18.68000030517578,93800
2004-12-29,EWG,18.530000686645508,18.56999969482422,18.479999542236328,18.549999237060547,128200
2004-12-30,EWG,18.56999969482422,18.690000534057617,18.56999969482422,18.68000030517578,78300
2004-12-31,EWG,18.639999389648438,18.670000076293945,18.530000686645508,18.6299991607666,87400
2005-01-03,EWG,18.5,18.639999389648438,18.489999771118164,18.549999237060547,150500
2005-01-04,EWG,18.459999084472656,18.479999542236328,18.100000381469727,18.18000030517578,161300
2005-01-05,EWG,18.100000381469727,18.239999771118164,18.09000015258789,18.190000534057617,120800
2005-01-06,EWG,18.219999313354492,18.25,18.079999923706055,18.200000762939453,156300
2005-01-07,EWG,18.219999313354492,18.329999923706055,18.0,18.079999923706055,129700
2005-01-10,EWG,18.06999969482422,18.18000030517578,18.0,18.020000457763672,143300
2005-01-11,EWG,17.979999542236328,18.06999969482422,17.809999465942383,17.8700008392334,217600
2005-01-12,EWG,17.940000534057617,17.979999542236328,17.81999969482422,17.959999084472656,149500
2005-01-13,EWG,17.959999084472656,17.959999084472656,17.75,17.75,99800
2005-01-14,EWG,17.75,17.790000915527344,17.709999084472656,17.790000915527344,52300
2005-01-18,EWG,17.670000076293945,17.84000015258789,17.540000915527344,17.829999923706055,170600
2005-01-19,EWG,17.950000762939453,17.950000762939453,17.6200008392334,17.6299991607666,55100
2005-01-20,EWG,17.520000457763672,17.56999969482422,17.450000762939453,17.489999771118164,138200
2005-01-21,EWG,17.56999969482422,17.68000030517578,17.540000915527344,17.579999923706055,62800
2005-01-24,EWG,17.649999618530273,17.649999618530273,17.5,17.600000381469727,132900
2005-01-25,EWG,17.600000381469727,17.700000762939453,17.600000381469727,17.6299991607666,101100
2005-01-26,EWG,17.790000915527344,17.850000381469727,17.690000534057617,17.780000686645508,87500
2005-01-27,EWG,17.690000534057617,17.700000762939453,17.549999237060547,17.6299991607666,145200
2005-01-28,EWG,17.739999771118164,17.739999771118164,17.5,17.579999923706055,52800
2005-01-31,EWG,17.75,17.84000015258789,17.719999313354492,17.75,69600
2005-02-01,EWG,17.8799991607666,17.989999771118164,17.780000686645508,17.989999771118164,104600
2005-02-02,EWG,18.0,18.059999465942383,17.950000762939453,18.049999237060547,126100
2005-02-03,EWG,17.850000381469727,17.899999618530273,17.780000686645508,17.899999618530273,105800
2005-02-04,EWG,17.899999618530273,18.059999465942383,17.899999618530273,18.049999237060547,76200
2005-02-07,EWG,18.059999465942383,18.059999465942383,17.8700008392334,17.940000534057617,70000
2005-02-08,EWG,17.93000030517578,17.989999771118164,17.81999969482422,17.959999084472656,75800
2005-02-09,EWG,17.959999084472656,17.979999542236328,17.860000610351562,17.860000610351562,54300
2005-02-10,EWG,17.940000534057617,18.040000915527344,17.90999984741211,18.0,68000
2005-02-11,EWG,18.0,18.209999084472656,17.979999542236328,18.200000762939453,114500
2005-02-14,EWG,18.309999465942383,18.350000381469727,18.219999313354492,18.31999969482422,114900
2005-02-15,EWG,18.34000015258789,18.420000076293945,18.31999969482422,18.420000076293945,138900
2005-02-16,EWG,18.299999237060547,18.389999389648438,18.149999618530273,18.389999389648438,82700
2005-02-17,EWG,18.360000610351562,18.420000076293945,18.260000228881836,18.270000457763672,141400
2005-02-18,EWG,18.329999923706055,18.360000610351562,18.299999237060547,18.34000015258789,42300
2005-02-22,EWG,18.360000610351562,18.459999084472656,18.239999771118164,18.25,158700
2005-02-23,EWG,18.200000762939453,18.31999969482422,18.200000762939453,18.260000228881836,108300
2005-02-24,EWG,18.280000686645508,18.31999969482422,18.200000762939453,18.31999969482422,95400
2005-02-25,EWG,18.389999389648438,18.530000686645508,18.34000015258789,18.469999313354492,75600
2005-02-28,EWG,18.559999465942383,18.579999923706055,18.40999984741211,18.479999542236328,110300
2005-03-01,EWG,18.549999237060547,18.59000015258789,18.5,18.520000457763672,106000
2005-03-02,EWG,18.420000076293945,18.549999237060547,18.34000015258789,18.450000762939453,117900
2005-03-03,EWG,18.520000457763672,18.549999237060547,18.329999923706055,18.440000534057617,86100
2005-03-04,EWG,18.649999618530273,18.8700008392334,18.649999618530273,18.729999542236328,121900
2005-03-07,EWG,18.739999771118164,18.81999969482422,18.639999389648438,18.75,150600
2005-03-08,EWG,18.790000915527344,18.84000015258789,18.739999771118164,18.799999237060547,75200
2005-03-09,EWG,18.799999237060547,18.81999969482422,18.700000762939453,18.719999313354492,132900
2005-03-10,EWG,18.75,18.809999465942383,18.600000381469727,18.700000762939453,68000
2005-03-11,EWG,18.760000228881836,18.8700008392334,18.670000076293945,18.709999084472656,57600
2005-03-14,EWG,18.739999771118164,18.780000686645508,18.6299991607666,18.780000686645508,87200
2005-03-15,EWG,18.700000762939453,18.739999771118164,18.579999923706055,18.59000015258789,63300
2005-03-16,EWG,18.610000610351562,18.639999389648438,18.3799991607666,18.450000762939453,187800
2005-03-17,EWG,18.420000076293945,18.700000762939453,18.3799991607666,18.459999084472656,138600
2005-03-18,EWG,18.43000030517578,18.450000762939453,18.329999923706055,18.3700008392334,57300
2005-03-21,EWG,18.200000762939453,18.299999237060547,18.06999969482422,18.110000610351562,170800
2005-03-22,EWG,18.139999389648438,18.299999237060547,17.850000381469727,17.850000381469727,76400
2005-03-23,EWG,17.850000381469727,18.0,17.809999465942383,17.90999984741211,103700
2005-03-24,EWG,18.0,18.09000015258789,17.940000534057617,17.979999542236328,31400
2005-03-28,EWG,17.90999984741211,17.950000762939453,17.860000610351562,17.940000534057617,46400
2005-03-29,EWG,17.889999389648438,17.979999542236328,17.860000610351562,17.899999618530273,157900
2005-03-30,EWG,17.90999984741211,18.1200008392334,17.90999984741211,18.100000381469727,156300
2005-03-31,EWG,18.100000381469727,18.200000762939453,17.989999771118164,18.079999923706055,85100
2005-04-01,EWG,18.18000030517578,18.270000457763672,17.90999984741211,17.969999313354492,270100
2005-04-04,EWG,17.93000030517578,17.969999313354492,17.760000228881836,17.899999618530273,154400
2005-04-05,EWG,17.899999618530273,17.969999313354492,17.889999389648438,17.920000076293945,30000
2005-04-06,EWG,17.950000762939453,18.100000381469727,17.950000762939453,18.0,56700
2005-04-07,EWG,18.049999237060547,18.200000762939453,18.020000457763672,18.049999237060547,83800
2005-04-08,EWG,18.06999969482422,18.209999084472656,18.030000686645508,18.1200008392334,62800
2005-04-11,EWG,18.25,18.299999237060547,18.200000762939453,18.219999313354492,20800
2005-04-12,EWG,18.149999618530273,18.350000381469727,18.020000457763672,18.25,133100
2005-04-13,EWG,18.110000610351562,18.209999084472656,18.040000915527344,18.040000915527344,115100
2005-04-14,EWG,18.06999969482422,18.149999618530273,17.959999084472656,18.0,229200
2005-04-15,EWG,17.889999389648438,17.969999313354492,17.600000381469727,17.610000610351562,91800
2005-04-18,EWG,17.520000457763672,17.690000534057617,17.520000457763672,17.559999465942383,204100
2005-04-19,EWG,17.56999969482422,17.6200008392334,17.520000457763672,17.6200008392334,170800
2005-04-20,EWG,17.510000228881836,17.639999389648438,17.31999969482422,17.329999923706055,121600
2005-04-21,EWG,17.610000610351562,17.829999923706055,17.559999465942383,17.75,133900
2005-04-22,EWG,17.670000076293945,17.700000762939453,17.469999313354492,17.559999465942383,79700
2005-04-25,EWG,17.639999389648438,17.690000534057617,17.6200008392334,17.649999618530273,45200
2005-04-26,EWG,17.559999465942383,17.600000381469727,17.440000534057617,17.440000534057617,117100
2005-04-27,EWG,17.299999237060547,17.43000030517578,17.290000915527344,17.360000610351562,138800
2005-04-28,EWG,17.309999465942383,17.700000762939453,17.06999969482422,17.079999923706055,126300
2005-04-29,EWG,17.350000381469727,17.360000610351562,17.18000030517578,17.299999237060547,69500
2005-05-02,EWG,17.350000381469727,17.3700008392334,17.239999771118164,17.34000015258789,55800
2005-05-03,EWG,17.399999618530273,17.459999084472656,17.3700008392334,17.399999618530273,71600
2005-05-04,EWG,17.5,17.829999923706055,17.489999771118164,17.829999923706055,289400
2005-05-05,EWG,17.790000915527344,17.850000381469727,17.65999984741211,17.709999084472656,42300
2005-05-06,EWG,17.68000030517578,17.760000228881836,17.6299991607666,17.639999389648438,71600
2005-05-09,EWG,17.59000015258789,17.68000030517578,17.530000686645508,17.670000076293945,73800
2005-05-10,EWG,17.549999237060547,17.579999923706055,17.5,17.5,88200
2005-05-11,EWG,17.479999542236328,17.549999237060547,17.3799991607666,17.540000915527344,75400
2005-05-12,EWG,17.43000030517578,17.5,17.270000457763672,17.270000457763672,89800
2005-05-13,EWG,17.25,17.350000381469727,17.100000381469727,17.15999984741211,125800
2005-05-16,EWG,17.149999618530273,17.360000610351562,17.149999618530273,17.360000610351562,42100
2005-05-17,EWG,17.09000015258789,17.31999969482422,17.09000015258789,17.299999237060547,52200
2005-05-18,EWG,17.350000381469727,17.649999618530273,17.329999923706055,17.559999465942383,131800
2005-05-19,EWG,17.549999237060547,17.739999771118164,17.549999237060547,17.670000076293945,154100
2005-05-20,EWG,17.700000762939453,17.700000762939453,17.510000228881836,17.6299991607666,309600
2005-05-23,EWG,17.739999771118164,17.889999389648438,17.65999984741211,17.8700008392334,450900
2005-05-24,EWG,17.799999237060547,17.799999237060547,17.700000762939453,17.700000762939453,244800
2005-05-25,EWG,17.850000381469727,17.850000381469727,17.700000762939453,17.829999923706055,374900
2005-05-26,EWG,17.799999237060547,17.850000381469727,17.760000228881836,17.84000015258789,381000
2005-05-27,EWG,17.850000381469727,17.989999771118164,17.84000015258789,17.989999771118164,362700
2005-05-31,EWG,17.700000762939453,17.75,17.649999618530273,17.670000076293945,578200
2005-06-01,EWG,17.600000381469727,17.81999969482422,17.549999237060547,17.700000762939453,457400
2005-06-02,EWG,17.700000762939453,17.90999984741211,17.700000762939453,17.90999984741211,193700
2005-06-03,EWG,17.81999969482422,17.81999969482422,17.579999923706055,17.649999618530273,304700
2005-06-06,EWG,17.719999313354492,17.799999237060547,17.670000076293945,17.75,366800
2005-06-07,EWG,17.790000915527344,17.950000762939453,17.780000686645508,17.90999984741211,303400
2005-06-08,EWG,17.969999313354492,17.989999771118164,17.729999542236328,17.790000915527344,274200
2005-06-09,EWG,17.809999465942383,17.940000534057617,17.719999313354492,17.829999923706055,249300
2005-06-10,EWG,17.899999618530273,17.989999771118164,17.739999771118164,17.809999465942383,315900
2005-06-13,EWG,17.75,17.860000610351562,17.68000030517578,17.850000381469727,541100
2005-06-14,EWG,17.790000915527344,17.809999465942383,17.709999084472656,17.760000228881836,114000
2005-06-15,EWG,17.75,17.8799991607666,17.600000381469727,17.65999984741211,80400
2005-06-16,EWG,17.709999084472656,17.860000610351562,17.670000076293945,17.850000381469727,173400
2005-06-17,EWG,17.989999771118164,18.25,17.989999771118164,18.25,230200
2005-06-20,EWG,17.959999084472656,18.049999237060547,17.850000381469727,17.969999313354492,652400
2005-06-21,EWG,17.979999542236328,18.030000686645508,17.899999618530273,18.020000457763672,345700
2005-06-22,EWG,18.010000228881836,18.020000457763672,17.90999984741211,17.90999984741211,165900
2005-06-23,EWG,17.850000381469727,17.950000762939453,17.700000762939453,17.700000762939453,192200
2005-06-24,EWG,17.700000762939453,17.760000228881836,17.610000610351562,17.649999618530273,67600
2005-06-27,EWG,17.670000076293945,17.719999313354492,17.600000381469727,17.610000610351562,165000
2005-06-28,EWG,17.600000381469727,17.799999237060547,17.600000381469727,17.799999237060547,504000
2005-06-29,EWG,17.739999771118164,17.84000015258789,17.6200008392334,17.700000762939453,145500
2005-06-30,EWG,17.81999969482422,17.8700008392334,17.719999313354492,17.739999771118164,171400
2005-07-01,EWG,17.780000686645508,17.829999923706055,17.639999389648438,17.65999984741211,440800
2005-07-05,EWG,17.559999465942383,17.670000076293945,17.459999084472656,17.469999313354492,612700
2005-07-06,EWG,17.59000015258789,17.700000762939453,17.510000228881836,17.610000610351562,200200
2005-07-07,EWG,17.489999771118164,17.520000457763672,17.280000686645508,17.520000457763672,649600
2005-07-08,EWG,17.420000076293945,17.81999969482422,17.360000610351562,17.81999969482422,382700
2005-07-11,EWG,17.889999389648438,18.100000381469727,17.889999389648438,18.100000381469727,177900
2005-07-12,EWG,18.200000762939453,18.3700008392334,18.170000076293945,18.299999237060547,128600
2005-07-13,EWG,18.200000762939453,18.200000762939453,18.100000381469727,18.149999618530273,220500
2005-07-14,EWG,18.280000686645508,18.290000915527344,18.170000076293945,18.209999084472656,267300
2005-07-15,EWG,18.209999084472656,18.270000457763672,18.149999618530273,18.239999771118164,37400
2005-07-18,EWG,18.290000915527344,18.309999465942383,18.170000076293945,18.260000228881836,132000
2005-07-19,EWG,18.270000457763672,18.489999771118164,18.209999084472656,18.40999984741211,137100
2005-07-20,EWG,18.459999084472656,18.75,18.3700008392334,18.739999771118164,180000
2005-07-21,EWG,18.889999389648438,18.950000762939453,18.709999084472656,18.889999389648438,159800
2005-07-22,EWG,18.770000457763672,18.850000381469727,18.670000076293945,18.75,102900
2005-07-25,EWG,18.649999618530273,18.739999771118164,18.6200008392334,18.700000762939453,78600
2005-07-26,EWG,18.670000076293945,18.729999542236328,18.559999465942383,18.690000534057617,89400
2005-07-27,EWG,18.719999313354492,18.899999618530273,18.68000030517578,18.8700008392334,124800
2005-07-28,EWG,18.989999771118164,19.1299991607666,18.940000534057617,19.100000381469727,363800
2005-07-29,EWG,19.1299991607666,19.1299991607666,18.940000534057617,18.940000534057617,358500
2005-08-01,EWG,19.219999313354492,19.290000915527344,19.059999465942383,19.229999542236328,200100
2005-08-02,EWG,19.25,19.350000381469727,19.200000762939453,19.309999465942383,168200
2005-08-03,EWG,19.389999389648438,19.540000915527344,19.350000381469727,19.479999542236328,122200
2005-08-04,EWG,19.31999969482422,19.459999084472656,19.25,19.25,182400
2005-08-05,EWG,19.260000228881836,19.270000457763672,19.059999465942383,19.15999984741211,167400
2005-08-08,EWG,19.299999237060547,19.299999237060547,19.110000610351562,19.110000610351562,169900
2005-08-09,EWG,19.25,19.579999923706055,19.25,19.549999237060547,152800
2005-08-10,EWG,19.739999771118164,19.989999771118164,19.6200008392334,19.709999084472656,316400
2005-08-11,EWG,19.739999771118164,19.8799991607666,19.719999313354492,19.81999969482422,237600
2005-08-12,EWG,19.729999542236328,19.850000381469727,19.6299991607666,19.670000076293945,106100
2005-08-15,EWG,19.6299991607666,19.690000534057617,19.530000686645508,19.670000076293945,200800
2005-08-16,EWG,19.600000381469727,19.600000381469727,19.280000686645508,19.299999237060547,206200
2005-08-17,EWG,19.25,19.299999237060547,19.149999618530273,19.25,1515300
2005-08-18,EWG,19.010000228881836,19.1200008392334,18.889999389648438,18.950000762939453,296500
2005-08-19,EWG,19.149999618530273,19.270000457763672,19.1299991607666,19.219999313354492,110400
2005-08-22,EWG,19.420000076293945,19.469999313354492,19.299999237060547,19.360000610351562,257300
2005-08-23,EWG,19.420000076293945,19.420000076293945,19.190000534057617,19.31999969482422,889400
2005-08-24,EWG,19.200000762939453,19.440000534057617,19.200000762939453,19.299999237060547,492300
2005-08-25,EWG,19.229999542236328,19.299999237060547,19.139999389648438,19.170000076293945,222100
2005-08-26,EWG,19.25,19.25,18.899999618530273,18.920000076293945,333200
2005-08-29,EWG,18.959999084472656,19.06999969482422,18.799999237060547,19.040000915527344,271700
2005-08-30,EWG,18.889999389648438,18.90999984741211,18.770000457763672,18.860000610351562,295000
2005-08-31,EWG,18.989999771118164,19.299999237060547,18.90999984741211,19.299999237060547,211100
2005-09-01,EWG,19.3799991607666,19.5,19.329999923706055,19.389999389648438,211400
2005-09-02,EWG,19.510000228881836,19.600000381469727,19.469999313354492,19.469999313354492,1185700
2005-09-06,EWG,19.889999389648438,19.989999771118164,19.790000915527344,19.989999771118164,2052700
2005-09-07,EWG,19.93000030517578,19.979999542236328,19.84000015258789,19.93000030517578,300700
2005-09-08,EWG,19.950000762939453,19.950000762939453,19.81999969482422,19.84000015258789,213300
2005-09-09,EWG,19.989999771118164,20.06999969482422,19.899999618530273,20.030000686645508,917600
2005-09-12,EWG,19.790000915527344,19.799999237060547,19.649999618530273,19.670000076293945,567400
2005-09-13,EWG,19.469999313354492,19.469999313354492,19.299999237060547,19.34000015258789,3438500
2005-09-14,EWG,19.450000762939453,19.450000762939453,19.309999465942383,19.350000381469727,518800
2005-09-15,EWG,19.299999237060547,19.309999465942383,19.209999084472656,19.25,373800
2005-09-16,EWG,19.559999465942383,19.729999542236328,19.459999084472656,19.729999542236328,1086600
2005-09-19,EWG,19.200000762939453,19.299999237060547,19.139999389648438,19.219999313354492,3410900
2005-09-20,EWG,19.329999923706055,19.5,19.110000610351562,19.190000534057617,444400
2005-09-21,EWG,19.15999984741211,19.229999542236328,19.010000228881836,19.010000228881836,663600
2005-09-22,EWG,19.0,19.049999237060547,18.8700008392334,18.979999542236328,924400
2005-09-23,EWG,18.950000762939453,19.0,18.829999923706055,18.940000534057617,304300
2005-09-26,EWG,19.25,19.34000015258789,19.190000534057617,19.270000457763672,472000
2005-09-27,EWG,19.229999542236328,19.25,19.079999923706055,19.200000762939453,1615400
2005-09-28,EWG,19.40999984741211,19.479999542236328,19.329999923706055,19.479999542236328,2740200
2005-09-29,EWG,19.40999984741211,19.579999923706055,19.290000915527344,19.579999923706055,609000
2005-09-30,EWG,19.489999771118164,19.59000015258789,19.399999618530273,19.440000534057617,337700
2005-10-03,EWG,19.43000030517578,19.440000534057617,19.34000015258789,19.40999984741211,261400
2005-10-04,EWG,19.530000686645508,19.700000762939453,19.450000762939453,19.469999313354492,277400
2005-10-05,EWG,19.639999389648438,19.639999389648438,19.200000762939453,19.239999771118164,911000
2005-10-06,EWG,19.399999618530273,19.510000228881836,19.290000915527344,19.43000030517578,1001400
2005-10-07,EWG,19.459999084472656,19.540000915527344,19.3700008392334,19.440000534057617,183400
2005-10-10,EWG,19.559999465942383,19.559999465942383,19.31999969482422,19.3700008392334,331000
2005-10-11,EWG,19.389999389648438,19.440000534057617,19.209999084472656,19.270000457763672,855300
2005-10-12,EWG,19.25,19.329999923706055,19.010000228881836,19.049999237060547,750400
2005-10-13,EWG,18.850000381469727,19.06999969482422,18.799999237060547,19.06999969482422,1349900
2005-10-14,EWG,19.149999618530273,19.280000686645508,19.049999237060547,19.239999771118164,823000
2005-10-17,EWG,19.239999771118164,19.239999771118164,19.09000015258789,19.100000381469727,279100
2005-10-18,EWG,18.899999618530273,18.969999313354492,18.829999923706055,18.84000015258789,421300
2005-10-19,EWG,18.549999237060547,18.899999618530273,18.469999313354492,18.899999618530273,1879600
2005-10-20,EWG,18.790000915527344,18.790000915527344,18.479999542236328,18.530000686645508,725100
2005-10-21,EWG,18.700000762939453,18.700000762939453,18.440000534057617,18.520000457763672,425400
2005-10-24,EWG,18.559999465942383,18.899999618530273,18.559999465942383,18.899999618530273,208400
2005-10-25,EWG,18.8700008392334,18.940000534057617,18.739999771118164,18.790000915527344,521100
2005-10-26,EWG,18.739999771118164,18.940000534057617,18.739999771118164,18.780000686645508,208000
2005-10-27,EWG,18.850000381469727,18.850000381469727,18.59000015258789,18.59000015258789,215000
2005-10-28,EWG,18.639999389648438,18.799999237060547,18.59000015258789,18.739999771118164,346100
2005-10-31,EWG,18.829999923706055,18.959999084472656,18.799999237060547,18.899999618530273,3137200
2005-11-01,EWG,18.899999618530273,18.959999084472656,18.81999969482422,18.8700008392334,357800
2005-11-02,EWG,18.920000076293945,19.25,18.8700008392334,19.190000534057617,389200
2005-11-03,EWG,19.31999969482422,19.34000015258789,19.09000015258789,19.1299991607666,347400
2005-11-04,EWG,19.06999969482422,19.149999618530273,18.81999969482422,18.90999984741211,806400
2005-11-07,EWG,19.010000228881836,19.06999969482422,18.920000076293945,19.0,205200
2005-11-08,EWG,18.8700008392334,18.93000030517578,18.760000228881836,18.829999923706055,845800
2005-11-09,EWG,18.790000915527344,18.969999313354492,18.760000228881836,18.969999313354492,1300700
2005-11-10,EWG,18.889999389648438,18.979999542236328,18.75,18.8799991607666,612600
2005-11-11,EWG,19.0,19.09000015258789,18.93000030517578,19.079999923706055,126300
2005-11-14,EWG,19.079999923706055,19.100000381469727,18.93000030517578,18.989999771118164,101800
2005-11-15,EWG,19.020000457763672,19.110000610351562,18.940000534057617,19.059999465942383,276800
2005-11-16,EWG,18.979999542236328,19.0,18.8700008392334,18.920000076293945,409400
2005-11-17,EWG,19.030000686645508,19.25,19.030000686645508,19.25,299100
2005-11-18,EWG,19.25,19.329999923706055,19.110000610351562,19.329999923706055,195900
2005-11-21,EWG,19.469999313354492,19.469999313354492,19.299999237060547,19.389999389648438,519600
2005-11-22,EWG,19.34000015258789,19.600000381469727,19.25,19.579999923706055,986200
2005-11-23,EWG,19.479999542236328,19.56999969482422,19.420000076293945,19.510000228881836,3440500
2005-11-25,EWG,19.530000686645508,19.530000686645508,19.31999969482422,19.399999618530273,977400
2005-11-28,EWG,19.459999084472656,19.549999237060547,19.360000610351562,19.450000762939453,916200
2005-11-29,EWG,19.540000915527344,19.56999969482422,19.40999984741211,19.520000457763672,567400
2005-11-30,EWG,19.399999618530273,19.56999969482422,19.399999618530273,19.459999084472656,542200
2005-12-01,EWG,18.65999984741211,19.739999771118164,18.65999984741211,19.739999771118164,561700
2005-12-02,EWG,19.670000076293945,19.809999465942383,19.639999389648438,19.780000686645508,750400
2005-12-05,EWG,19.8700008392334,19.8700008392334,19.670000076293945,19.809999465942383,207300
2005-12-06,EWG,19.90999984741211,19.969999313354492,19.799999237060547,19.8700008392334,708600
2005-12-07,EWG,19.84000015258789,19.84000015258789,19.610000610351562,19.6299991607666,249900
2005-12-08,EWG,19.709999084472656,19.950000762939453,19.65999984741211,19.84000015258789,186700
2005-12-09,EWG,19.790000915527344,19.940000534057617,19.790000915527344,19.8799991607666,135400
2005-12-12,EWG,20.149999618530273,20.200000762939453,20.079999923706055,20.18000030517578,1757700
2005-12-13,EWG,20.149999618530273,20.329999923706055,20.09000015258789,20.290000915527344,333700
2005-12-14,EWG,20.260000228881836,20.31999969482422,20.229999542236328,20.25,664200
2005-12-15,EWG,20.25,20.25,20.09000015258789,20.200000762939453,1030500
2005-12-16,EWG,20.350000381469727,20.5,20.34000015258789,20.469999313354492,457900
2005-12-19,EWG,20.489999771118164,20.520000457763672,20.399999618530273,20.440000534057617,214000
2005-12-20,EWG,20.43000030517578,20.43000030517578,20.149999618530273,20.270000457763672,143000
2005-12-21,EWG,20.3799991607666,20.3799991607666,20.25,20.34000015258789,568300
2005-12-22,EWG,20.350000381469727,20.469999313354492,20.34000015258789,20.40999984741211,125000
2005-12-23,EWG,20.420000076293945,20.420000076293945,20.31999969482422,20.389999389648438,117500
2005-12-27,EWG,20.5,20.510000228881836,20.34000015258789,20.3799991607666,532300
2005-12-28,EWG,20.540000915527344,20.600000381469727,20.40999984741211,20.450000762939453,205200
2005-12-29,EWG,20.520000457763672,20.520000457763672,20.43000030517578,20.479999542236328,402000
2005-12-30,EWG,20.139999389648438,20.309999465942383,20.139999389648438,20.309999465942383,652200
2006-01-03,EWG,20.200000762939453,21.030000686645508,20.200000762939453,20.959999084472656,1262900
2006-01-04,EWG,21.139999389648438,21.290000915527344,21.079999923706055,21.280000686645508,1453300
2006-01-05,EWG,21.190000534057617,21.200000762939453,21.100000381469727,21.200000762939453,531400
2006-01-06,EWG,21.3799991607666,21.420000076293945,21.25,21.399999618530273,536700
2006-01-09,EWG,21.34000015258789,21.350000381469727,21.170000076293945,21.270000457763672,427600
2006-01-10,EWG,21.049999237060547,21.139999389648438,21.030000686645508,21.139999389648438,282800
2006-01-11,EWG,21.270000457763672,21.350000381469727,21.219999313354492,21.34000015258789,397700
2006-01-12,EWG,21.579999923706055,21.59000015258789,21.079999923706055,21.139999389648438,407600
2006-01-13,EWG,20.979999542236328,21.170000076293945,20.959999084472656,21.170000076293945,486700
2006-01-17,EWG,21.049999237060547,21.059999465942383,20.90999984741211,21.059999465942383,951300
2006-01-18,EWG,20.799999237060547,20.899999618530273,20.709999084472656,20.860000610351562,886400
2006-01-19,EWG,20.920000076293945,21.0,20.850000381469727,20.920000076293945,247100
2006-01-20,EWG,20.90999984741211,20.90999984741211,20.5,20.510000228881836,983200
2006-01-23,EWG,20.790000915527344,20.920000076293945,20.75,20.90999984741211,165800
2006-01-24,EWG,20.899999618530273,21.0,20.809999465942383,20.950000762939453,349700
2006-01-25,EWG,21.200000762939453,21.25,21.049999237060547,21.209999084472656,958900
2006-01-26,EWG,21.5,21.719999313354492,21.5,21.719999313354492,1730400
2006-01-27,EWG,21.940000534057617,21.940000534057617,21.719999313354492,21.780000686645508,1243400
2006-01-30,EWG,21.950000762939453,21.950000762939453,21.75,21.84000015258789,720000
2006-01-31,EWG,21.829999923706055,22.030000686645508,21.75,21.950000762939453,480700
2006-02-01,EWG,21.989999771118164,22.1200008392334,21.920000076293945,22.110000610351562,381200
2006-02-02,EWG,22.059999465942383,22.059999465942383,21.709999084472656,21.739999771118164,1027400
2006-02-03,EWG,21.549999237060547,21.729999542236328,21.360000610351562,21.639999389648438,1003300
2006-02-06,EWG,21.600000381469727,21.700000762939453,21.520000457763672,21.600000381469727,234200
2006-02-07,EWG,21.520000457763672,21.639999389648438,21.459999084472656,21.469999313354492,415900
2006-02-08,EWG,21.600000381469727,21.719999313354492,21.469999313354492,21.719999313354492,362000
2006-02-09,EWG,21.799999237060547,21.93000030517578,21.790000915527344,21.809999465942383,711300
2006-02-10,EWG,21.940000534057617,21.969999313354492,21.649999618530273,21.760000228881836,436600
2006-02-13,EWG,21.709999084472656,21.850000381469727,21.68000030517578,21.760000228881836,1454100
2006-02-14,EWG,21.799999237060547,22.0,21.649999618530273,22.0,1305300
2006-02-15,EWG,21.940000534057617,22.040000915527344,21.739999771118164,21.8700008392334,657700
2006-02-16,EWG,21.93000030517578,21.979999542236328,21.809999465942383,21.959999084472656,499100
2006-02-17,EWG,22.079999923706055,22.1200008392334,21.959999084472656,22.1200008392334,502200
2006-02-21,EWG,22.200000762939453,22.229999542236328,21.950000762939453,22.0,432000
2006-02-22,EWG,22.100000381469727,22.290000915527344,22.020000457763672,22.290000915527344,456100
2006-02-23,EWG,22.350000381469727,22.350000381469727,22.149999618530273,22.219999313354492,447700
2006-02-24,EWG,22.299999237060547,22.329999923706055,22.170000076293945,22.219999313354492,334800
2006-02-27,EWG,22.200000762939453,22.389999389648438,22.200000762939453,22.360000610351562,370600
2006-02-28,EWG,22.290000915527344,22.299999237060547,22.020000457763672,22.049999237060547,1643100
2006-03-01,EWG,22.139999389648438,22.350000381469727,22.139999389648438,22.350000381469727,718300
2006-03-02,EWG,22.1200008392334,22.229999542236328,22.010000228881836,22.229999542236328,603000
2006-03-03,EWG,22.0,22.079999923706055,21.899999618530273,22.0,2156200
2006-03-06,EWG,22.059999465942383,22.1299991607666,21.90999984741211,21.950000762939453,368900
2006-03-07,EWG,21.709999084472656,21.81999969482422,21.65999984741211,21.690000534057617,591600
2006-03-08,EWG,21.579999923706055,21.690000534057617,21.479999542236328,21.670000076293945,2052400
2006-03-09,EWG,21.729999542236328,21.780000686645508,21.68000030517578,21.690000534057617,1560900
2006-03-10,EWG,21.850000381469727,22.079999923706055,21.719999313354492,22.010000228881836,789600
2006-03-13,EWG,22.280000686645508,22.299999237060547,22.200000762939453,22.229999542236328,721700
2006-03-14,EWG,22.190000534057617,22.549999237060547,22.190000534057617,22.549999237060547,948900
2006-03-15,EWG,22.719999313354492,22.75,22.59000015258789,22.75,565600
2006-03-16,EWG,22.84000015258789,22.90999984741211,22.700000762939453,22.889999389648438,1187900
2006-03-17,EWG,22.93000030517578,22.93000030517578,22.739999771118164,22.8700008392334,284500
2006-03-20,EWG,23.0,23.0,22.84000015258789,22.950000762939453,311100
2006-03-21,EWG,22.84000015258789,22.8700008392334,22.670000076293945,22.719999313354492,439600
2006-03-22,EWG,22.65999984741211,22.90999984741211,22.649999618530273,22.90999984741211,1301600
2006-03-23,EWG,22.860000610351562,22.889999389648438,22.59000015258789,22.690000534057617,238000
2006-03-24,EWG,22.760000228881836,22.8799991607666,22.649999618530273,22.8799991607666,823900
2006-03-27,EWG,22.760000228881836,22.760000228881836,22.59000015258789,22.68000030517578,576900
2006-03-28,EWG,22.600000381469727,22.719999313354492,22.479999542236328,22.520000457763672,703600
2006-03-29,EWG,22.579999923706055,22.790000915527344,22.5,22.729999542236328,605200
2006-03-30,EWG,22.8700008392334,23.170000076293945,22.8700008392334,23.100000381469727,902500
2006-03-31,EWG,23.1200008392334,23.139999389648438,22.950000762939453,23.049999237060547,546100
2006-04-03,EWG,23.1200008392334,23.299999237060547,23.040000915527344,23.229999542236328,819900
2006-04-04,EWG,23.459999084472656,23.610000610351562,23.3700008392334,23.56999969482422,861700
2006-04-05,EWG,23.649999618530273,23.670000076293945,23.530000686645508,23.65999984741211,464800
2006-04-06,EWG,23.579999923706055,23.610000610351562,23.420000076293945,23.540000915527344,628600
2006-04-07,EWG,23.469999313354492,23.479999542236328,22.950000762939453,22.959999084472656,896200
2006-04-10,EWG,23.049999237060547,23.200000762939453,23.049999237060547,23.139999389648438,246400
2006-04-11,EWG,23.139999389648438,23.139999389648438,22.75,22.790000915527344,608200
2006-04-12,EWG,22.790000915527344,22.850000381469727,22.729999542236328,22.799999237060547,514500
2006-04-13,EWG,22.700000762939453,22.860000610351562,22.65999984741211,22.829999923706055,838100
2006-04-17,EWG,23.030000686645508,23.149999618530273,23.020000457763672,23.100000381469727,956400
2006-04-18,EWG,23.110000610351562,23.3799991607666,23.049999237060547,23.3799991607666,711200
2006-04-19,EWG,23.440000534057617,23.739999771118164,23.389999389648438,23.719999313354492,872400
2006-04-20,EWG,23.700000762939453,23.8700008392334,23.670000076293945,23.8700008392334,1015100
2006-04-21,EWG,23.989999771118164,24.100000381469727,23.8799991607666,23.940000534057617,527200
2006-04-24,EWG,24.270000457763672,24.270000457763672,23.829999923706055,24.110000610351562,878900
2006-04-25,EWG,24.15999984741211,24.18000030517578,23.90999984741211,24.110000610351562,1468100
2006-04-26,EWG,24.190000534057617,24.309999465942383,24.15999984741211,24.270000457763672,788300
2006-04-27,EWG,23.93000030517578,24.329999923706055,23.90999984741211,24.299999237060547,469800
2006-04-28,EWG,24.18000030517578,24.280000686645508,24.100000381469727,24.170000076293945,502500
2006-05-01,EWG,24.299999237060547,24.420000076293945,24.09000015258789,24.110000610351562,391700
2006-05-02,EWG,24.399999618530273,24.440000534057617,24.329999923706055,24.43000030517578,3127500
2006-05-03,EWG,24.299999237060547,24.299999237060547,24.020000457763672,24.110000610351562,987700
2006-05-04,EWG,24.18000030517578,24.559999465942383,24.18000030517578,24.510000228881836,426000
2006-05-05,EWG,24.770000457763672,24.950000762939453,24.68000030517578,24.940000534057617,825900
2006-05-08,EWG,25.030000686645508,25.030000686645508,24.829999923706055,24.860000610351562,532600
2006-05-09,EWG,24.940000534057617,25.020000457763672,24.860000610351562,25.0,747000
2006-05-10,EWG,25.020000457763672,25.09000015258789,24.899999618530273,25.079999923706055,358300
2006-05-11,EWG,25.0,25.0,24.68000030517578,24.709999084472656,821100
2006-05-12,EWG,24.549999237060547,24.600000381469727,24.15999984741211,24.239999771118164,1107600
2006-05-15,EWG,23.889999389648438,24.040000915527344,23.739999771118164,23.8700008392334,1111200
2006-05-16,EWG,24.100000381469727,24.110000610351562,23.760000228881836,23.940000534057617,1309300
2006-05-17,EWG,23.610000610351562,23.700000762939453,22.829999923706055,22.850000381469727,1381400
2006-05-18,EWG,23.1200008392334,23.25,22.850000381469727,22.899999618530273,763000
2006-05-19,EWG,22.860000610351562,23.100000381469727,22.729999542236328,23.040000915527344,566300
2006-05-22,EWG,22.600000381469727,22.719999313354492,22.329999923706055,22.610000610351562,838900
2006-05-23,EWG,22.899999618530273,23.209999084472656,22.780000686645508,22.809999465942383,690600
2006-05-24,EWG,22.700000762939453,22.809999465942383,22.389999389648438,22.719999313354492,3435900
2006-05-25,EWG,22.950000762939453,23.260000228881836,22.90999984741211,23.239999771118164,578900
2006-05-26,EWG,23.43000030517578,23.43000030517578,23.18000030517578,23.31999969482422,671100
2006-05-30,EWG,23.149999618530273,23.200000762939453,22.829999923706055,22.829999923706055,775200
2006-05-31,EWG,23.030000686645508,23.209999084472656,22.950000762939453,23.110000610351562,400500
2006-06-01,EWG,22.799999237060547,23.299999237060547,22.719999313354492,23.299999237060547,1173700
2006-06-02,EWG,23.670000076293945,23.670000076293945,23.239999771118164,23.3799991607666,273600
2006-06-05,EWG,23.280000686645508,23.290000915527344,22.799999237060547,22.809999465942383,817000
2006-06-06,EWG,22.559999465942383,22.610000610351562,22.209999084472656,22.469999313354492,990300
2006-06-07,EWG,22.280000686645508,22.559999465942383,22.209999084472656,22.219999313354492,366600
2006-06-08,EWG,21.739999771118164,21.8700008392334,21.299999237060547,21.780000686645508,1279500
2006-06-09,EWG,21.920000076293945,21.950000762939453,21.549999237060547,21.579999923706055,325600
2006-06-12,EWG,21.549999237060547,21.610000610351562,21.25,21.25,797900
2006-06-13,EWG,20.979999542236328,21.15999984741211,20.6299991607666,20.670000076293945,1557300
2006-06-14,EWG,20.920000076293945,21.149999618530273,20.799999237060547,20.959999084472656,979500
2006-06-15,EWG,21.360000610351562,21.75,21.360000610351562,21.739999771118164,749500
2006-06-16,EWG,21.520000457763672,21.649999618530273,21.3700008392334,21.5,273200
2006-06-19,EWG,21.670000076293945,21.739999771118164,21.389999389648438,21.399999618530273,751700
2006-06-20,EWG,21.479999542236328,21.889999389648438,21.479999542236328,21.690000534057617,270700
2006-06-21,EWG,21.690000534057617,22.200000762939453,21.690000534057617,22.1200008392334,1068500
2006-06-22,EWG,22.020000457763672,22.06999969482422,21.809999465942383,22.0,443200
2006-06-23,EWG,21.729999542236328,22.0,21.729999542236328,21.950000762939453,104800
2006-06-26,EWG,21.8799991607666,22.049999237060547,21.809999465942383,21.989999771118164,182800
2006-06-27,EWG,22.100000381469727,22.100000381469727,21.5,21.649999618530273,349800
2006-06-28,EWG,21.739999771118164,21.75,21.59000015258789,21.670000076293945,93400
2006-06-29,EWG,21.93000030517578,22.6200008392334,21.93000030517578,22.610000610351562,1762300
2006-06-30,EWG,22.93000030517578,23.010000228881836,22.780000686645508,22.940000534057617,333100
2006-07-03,EWG,22.979999542236328,23.280000686645508,22.969999313354492,23.280000686645508,374400
2006-07-05,EWG,22.719999313354492,22.809999465942383,22.520000457763672,22.719999313354492,943100
2006-07-06,EWG,22.84000015258789,22.989999771118164,22.790000915527344,22.950000762939453,259700
2006-07-07,EWG,22.860000610351562,23.040000915527344,22.770000457763672,22.770000457763672,365100
2006-07-10,EWG,22.8799991607666,22.959999084472656,22.799999237060547,22.889999389648438,167200
2006-07-11,EWG,22.610000610351562,22.809999465942383,22.459999084472656,22.780000686645508,785900
2006-07-12,EWG,22.760000228881836,22.760000228881836,22.31999969482422,22.3799991607666,1258800
2006-07-13,EWG,22.09000015258789,22.139999389648438,21.8799991607666,21.920000076293945,926800
2006-07-14,EWG,21.8799991607666,21.899999618530273,21.530000686645508,21.700000762939453,273000
2006-07-17,EWG,21.260000228881836,21.440000534057617,21.25,21.350000381469727,464100
2006-07-18,EWG,21.389999389648438,21.40999984741211,21.110000610351562,21.3700008392334,285400
2006-07-19,EWG,21.25,22.06999969482422,21.25,22.040000915527344,246900
2006-07-20,EWG,22.25,22.25,21.899999618530273,21.90999984741211,439500
2006-07-21,EWG,21.90999984741211,21.90999984741211,21.649999618530273,21.760000228881836,136400
2006-07-24,EWG,21.84000015258789,22.25,21.799999237060547,22.229999542236328,296300
2006-07-25,EWG,22.200000762939453,22.290000915527344,22.030000686645508,22.209999084472656,280300
2006-07-26,EWG,22.18000030517578,22.450000762939453,22.110000610351562,22.389999389648438,648300
2006-07-27,EWG,22.770000457763672,22.770000457763672,22.440000534057617,22.450000762939453,342800
2006-07-28,EWG,22.6299991607666,22.959999084472656,22.6200008392334,22.959999084472656,341500
2006-07-31,EWG,22.8799991607666,22.989999771118164,22.760000228881836,22.90999984741211,510900
2006-08-01,EWG,22.739999771118164,22.739999771118164,22.450000762939453,22.670000076293945,427400
2006-08-02,EWG,22.770000457763672,23.0,22.770000457763672,22.940000534057617,195300
2006-08-03,EWG,22.690000534057617,22.979999542236328,22.639999389648438,22.979999542236328,345100
2006-08-04,EWG,23.18000030517578,23.34000015258789,22.959999084472656,23.010000228881836,300100
2006-08-07,EWG,22.860000610351562,22.959999084472656,22.790000915527344,22.8799991607666,136400
2006-08-08,EWG,22.799999237060547,23.010000228881836,22.739999771118164,22.850000381469727,575300
2006-08-09,EWG,23.149999618530273,23.200000762939453,22.8700008392334,22.8700008392334,164300
2006-08-10,EWG,22.709999084472656,22.84000015258789,22.600000381469727,22.780000686645508,961500
2006-08-11,EWG,22.549999237060547,22.719999313354492,22.540000915527344,22.610000610351562,496900
2006-08-14,EWG,22.790000915527344,22.90999984741211,22.709999084472656,22.780000686645508,217700
2006-08-15,EWG,23.25,23.360000610351562,23.18000030517578,23.350000381469727,233800
2006-08-16,EWG,23.6200008392334,23.670000076293945,23.510000228881836,23.65999984741211,364600
2006-08-17,EWG,23.649999618530273,23.719999313354492,23.549999237060547,23.59000015258789,294300
2006-08-18,EWG,23.649999618530273,23.690000534057617,23.5,23.670000076293945,373200
2006-08-21,EWG,23.579999923706055,23.68000030517578,23.56999969482422,23.600000381469727,176500
2006-08-22,EWG,23.43000030517578,23.56999969482422,23.34000015258789,23.489999771118164,288700
2006-08-23,EWG,23.399999618530273,23.559999465942383,23.260000228881836,23.31999969482422,327900
2006-08-24,EWG,23.649999618530273,23.649999618530273,23.329999923706055,23.40999984741211,216600
2006-08-25,EWG,23.34000015258789,23.5,23.309999465942383,23.3799991607666,129200
2006-08-28,EWG,23.5,23.700000762939453,23.399999618530273,23.610000610351562,404900
2006-08-29,EWG,23.639999389648438,23.790000915527344,23.510000228881836,23.719999313354492,317600
2006-08-30,EWG,23.850000381469727,23.850000381469727,23.700000762939453,23.760000228881836,213800
2006-08-31,EWG,23.81999969482422,23.860000610351562,23.68000030517578,23.760000228881836,429800
2006-09-01,EWG,23.780000686645508,23.8799991607666,23.709999084472656,23.860000610351562,128600
2006-09-05,EWG,23.860000610351562,23.93000030517578,23.75,23.93000030517578,468000
2006-09-06,EWG,23.93000030517578,23.93000030517578,23.459999084472656,23.5,610200
2006-09-07,EWG,23.25,23.350000381469727,23.139999389648438,23.219999313354492,132700
2006-09-08,EWG,23.170000076293945,23.25,23.1200008392334,23.209999084472656,131900
2006-09-11,EWG,23.170000076293945,23.350000381469727,23.1299991607666,23.31999969482422,188300
2006-09-12,EWG,23.459999084472656,23.65999984741211,23.360000610351562,23.649999618530273,700100
2006-09-13,EWG,23.610000610351562,23.700000762939453,23.549999237060547,23.700000762939453,137800
2006-09-14,EWG,23.690000534057617,23.770000457763672,23.6200008392334,23.770000457763672,227300
2006-09-15,EWG,23.780000686645508,23.780000686645508,23.6200008392334,23.649999618530273,555500
2006-09-18,EWG,23.639999389648438,23.780000686645508,23.610000610351562,23.729999542236328,233200
2006-09-19,EWG,23.760000228881836,23.760000228881836,23.3700008392334,23.5,437800
2006-09-20,EWG,23.700000762939453,23.8700008392334,23.700000762939453,23.81999969482422,332200
2006-09-21,EWG,23.899999618530273,23.979999542236328,23.81999969482422,23.850000381469727,573800
2006-09-22,EWG,23.889999389648438,23.899999618530273,23.65999984741211,23.770000457763672,1483600
2006-09-25,EWG,23.8700008392334,23.989999771118164,23.56999969482422,23.90999984741211,360200
2006-09-26,EWG,23.780000686645508,23.950000762939453,23.780000686645508,23.940000534057617,184700
2006-09-27,EWG,23.950000762939453,24.049999237060547,23.93000030517578,23.969999313354492,1103300
2006-09-28,EWG,23.93000030517578,24.09000015258789,23.93000030517578,24.079999923706055,251800
2006-09-29,EWG,24.0,24.1200008392334,23.989999771118164,24.030000686645508,1015000
2006-10-02,EWG,24.0,24.190000534057617,24.0,24.110000610351562,373400
2006-10-03,EWG,23.969999313354492,24.25,23.90999984741211,24.190000534057617,2584300
2006-10-04,EWG,24.149999618530273,24.56999969482422,24.100000381469727,24.56999969482422,986400
2006-10-05,EWG,24.5,24.549999237060547,24.399999618530273,24.469999313354492,753000
2006-10-06,EWG,24.239999771118164,24.299999237060547,24.139999389648438,24.200000762939453,434900
2006-10-09,EWG,24.18000030517578,24.309999465942383,24.149999618530273,24.290000915527344,583700
2006-10-10,EWG,24.18000030517578,24.329999923706055,24.149999618530273,24.299999237060547,607500
2006-10-11,EWG,24.149999618530273,24.360000610351562,24.1299991607666,24.219999313354492,853500
2006-10-12,EWG,24.360000610351562,24.530000686645508,24.360000610351562,24.530000686645508,451800
2006-10-13,EWG,24.3799991607666,24.450000762939453,24.34000015258789,24.420000076293945,183600
2006-10-16,EWG,24.360000610351562,24.5,24.350000381469727,24.5,578300
2006-10-17,EWG,24.270000457763672,24.350000381469727,24.170000076293945,24.329999923706055,195000
2006-10-18,EWG,24.469999313354492,24.510000228881836,24.350000381469727,24.389999389648438,331700
2006-10-19,EWG,24.549999237060547,24.639999389648438,24.489999771118164,24.549999237060547,311000
2006-10-20,EWG,24.649999618530273,24.760000228881836,24.450000762939453,24.719999313354492,189400
2006-10-23,EWG,25.0,25.09000015258789,24.0,24.729999542236328,730600
2006-10-24,EWG,24.75,24.790000915527344,24.670000076293945,24.75,302900
2006-10-25,EWG,24.799999237060547,24.979999542236328,24.799999237060547,24.920000076293945,543900
2006-10-26,EWG,25.200000762939453,25.260000228881836,25.049999237060547,25.190000534057617,421800
2006-10-27,EWG,25.18000030517578,25.239999771118164,25.030000686645508,25.059999465942383,321700
2006-10-30,EWG,24.959999084472656,25.1200008392334,24.959999084472656,25.030000686645508,196100
2006-10-31,EWG,25.030000686645508,25.219999313354492,25.030000686645508,25.15999984741211,279300
2006-11-01,EWG,25.299999237060547,25.389999389648438,25.110000610351562,25.1299991607666,623700
2006-11-02,EWG,25.040000915527344,25.079999923706055,24.950000762939453,25.06999969482422,758900
2006-11-03,EWG,25.1200008392334,25.1200008392334,24.8799991607666,24.93000030517578,2804100
2006-11-06,EWG,25.200000762939453,25.40999984741211,25.100000381469727,25.399999618530273,1096200
2006-11-07,EWG,25.600000381469727,25.700000762939453,25.520000457763672,25.559999465942383,815600
2006-11-08,EWG,25.540000915527344,25.649999618530273,25.43000030517578,25.610000610351562,365400
2006-11-09,EWG,25.649999618530273,25.729999542236328,25.56999969482422,25.600000381469727,380900
2006-11-10,EWG,25.709999084472656,25.799999237060547,25.700000762939453,25.780000686645508,253900
2006-11-13,EWG,25.770000457763672,25.899999618530273,25.75,25.8799991607666,374500
2006-11-14,EWG,25.899999618530273,25.950000762939453,25.670000076293945,25.93000030517578,367300
2006-11-15,EWG,25.920000076293945,26.030000686645508,25.860000610351562,25.979999542236328,688000
2006-11-16,EWG,25.959999084472656,26.049999237060547,25.93000030517578,25.979999542236328,325000
2006-11-17,EWG,25.84000015258789,25.969999313354492,25.770000457763672,25.969999313354492,310500
2006-11-20,EWG,25.93000030517578,26.020000457763672,25.84000015258789,25.989999771118164,306600
2006-11-21,EWG,26.010000228881836,26.170000076293945,26.010000228881836,26.170000076293945,242500
2006-11-22,EWG,26.290000915527344,26.389999389648438,26.260000228881836,26.3799991607666,406000
2006-11-24,EWG,26.170000076293945,26.440000534057617,26.170000076293945,26.34000015258789,111100
2006-11-27,EWG,26.170000076293945,26.25,25.850000381469727,25.850000381469727,537400
2006-11-28,EWG,25.959999084472656,26.149999618530273,25.889999389648438,26.149999618530273,711900
2006-11-29,EWG,26.260000228881836,26.3799991607666,26.239999771118164,26.3799991607666,412800
2006-11-30,EWG,26.520000457763672,26.549999237060547,26.299999237060547,26.3799991607666,803400
2006-12-01,EWG,26.450000762939453,26.479999542236328,26.059999465942383,26.270000457763672,745600
2006-12-04,EWG,26.290000915527344,26.5,26.200000762939453,26.469999313354492,965500
2006-12-05,EWG,26.610000610351562,26.780000686645508,26.5,26.760000228881836,542600
2006-12-06,EWG,26.6299991607666,26.729999542236328,26.56999969482422,26.670000076293945,361400
2006-12-07,EWG,26.979999542236328,26.979999542236328,26.799999237060547,26.81999969482422,2804900
2006-12-08,EWG,26.860000610351562,26.950000762939453,26.729999542236328,26.729999542236328,879400
2006-12-11,EWG,26.829999923706055,27.040000915527344,26.799999237060547,26.979999542236328,283200
2006-12-12,EWG,26.989999771118164,27.06999969482422,26.889999389648438,27.059999465942383,386300
2006-12-13,EWG,27.149999618530273,27.209999084472656,27.06999969482422,27.209999084472656,550300
2006-12-14,EWG,27.229999542236328,27.25,27.149999618530273,27.229999542236328,287600
2006-12-15,EWG,27.389999389648438,27.389999389648438,27.079999923706055,27.100000381469727,268500
2006-12-18,EWG,27.260000228881836,27.299999237060547,27.110000610351562,27.15999984741211,496000
2006-12-19,EWG,27.149999618530273,27.350000381469727,27.059999465942383,27.290000915527344,369000
2006-12-20,EWG,26.979999542236328,27.0,26.709999084472656,26.75,282800
2006-12-21,EWG,26.809999465942383,26.809999465942383,26.670000076293945,26.729999542236328,358500
2006-12-22,EWG,26.719999313354492,26.850000381469727,26.350000381469727,26.420000076293945,249000
2006-12-26,EWG,26.440000534057617,26.600000381469727,26.43000030517578,26.600000381469727,999300
2006-12-27,EWG,26.829999923706055,27.75,26.770000457763672,26.8799991607666,764100
2006-12-28,EWG,27.040000915527344,27.040000915527344,26.829999923706055,26.899999618530273,760000
2006-12-29,EWG,26.899999618530273,27.049999237060547,26.899999618530273,26.899999618530273,190900
2007-01-03,EWG,27.690000534057617,30.850000381469727,27.020000457763672,27.149999618530273,585400
2007-01-04,EWG,27.100000381469727,27.100000381469727,26.920000076293945,27.059999465942383,271300
2007-01-05,EWG,27.959999084472656,27.959999084472656,26.5,26.610000610351562,917400
2007-01-08,EWG,26.739999771118164,26.739999771118164,25.709999084472656,26.530000686645508,585300
2007-01-09,EWG,26.709999084472656,26.809999465942383,26.510000228881836,26.649999618530273,390800
2007-01-10,EWG,26.3700008392334,26.43000030517578,26.280000686645508,26.360000610351562,777600
2007-01-11,EWG,26.420000076293945,26.809999465942383,26.420000076293945,26.600000381469727,898100
2007-01-12,EWG,26.770000457763672,26.899999618530273,26.719999313354492,26.8799991607666,432700
2007-01-16,EWG,26.940000534057617,27.030000686645508,26.829999923706055,27.030000686645508,358200
2007-01-17,EWG,26.709999084472656,26.969999313354492,26.709999084472656,26.8799991607666,437000
2007-01-18,EWG,26.989999771118164,26.989999771118164,26.719999313354492,26.729999542236328,581900
2007-01-19,EWG,26.770000457763672,27.139999389648438,26.770000457763672,27.100000381469727,422100
2007-01-22,EWG,27.1299991607666,27.1299991607666,26.760000228881836,26.790000915527344,301700
2007-01-23,EWG,26.920000076293945,27.09000015258789,26.81999969482422,26.989999771118164,233600
2007-01-24,EWG,27.110000610351562,27.15999984741211,27.0,27.149999618530273,437700
2007-01-25,EWG,27.170000076293945,27.200000762939453,26.790000915527344,26.84000015258789,382400
2007-01-26,EWG,26.950000762939453,26.959999084472656,26.68000030517578,26.860000610351562,350100
2007-01-29,EWG,26.940000534057617,27.059999465942383,26.860000610351562,26.979999542236328,567400
2007-01-30,EWG,27.270000457763672,27.350000381469727,27.149999618530273,27.350000381469727,554900
2007-01-31,EWG,27.260000228881836,27.59000015258789,27.139999389648438,27.559999465942383,728400
2007-02-01,EWG,27.700000762939453,27.780000686645508,27.6299991607666,27.780000686645508,507800
2007-02-02,EWG,27.739999771118164,27.760000228881836,27.600000381469727,27.719999313354492,1451400
2007-02-05,EWG,27.6200008392334,27.6200008392334,27.5,27.6200008392334,386600
2007-02-06,EWG,27.6299991607666,27.75,27.540000915527344,27.719999313354492,422600
2007-02-07,EWG,27.8700008392334,28.020000457763672,27.81999969482422,27.8700008392334,914500
2007-02-08,EWG,27.780000686645508,27.940000534057617,27.68000030517578,27.940000534057617,273300
2007-02-09,EWG,27.899999618530273,27.899999618530273,27.670000076293945,27.68000030517578,508900
2007-02-12,EWG,27.739999771118164,27.739999771118164,27.530000686645508,27.649999618530273,385900
2007-02-13,EWG,27.81999969482422,27.989999771118164,27.719999313354492,27.969999313354492,159900
2007-02-14,EWG,28.200000762939453,28.440000534057617,28.149999618530273,28.43000030517578,340500
2007-02-15,EWG,28.459999084472656,28.520000457763672,28.34000015258789,28.459999084472656,221200
2007-02-16,EWG,28.3799991607666,28.459999084472656,28.270000457763672,28.459999084472656,290500
2007-02-20,EWG,28.399999618530273,28.690000534057617,28.329999923706055,28.6200008392334,929400
2007-02-21,EWG,28.399999618530273,28.450000762939453,28.280000686645508,28.450000762939453,583400
2007-02-22,EWG,28.520000457763672,28.649999618530273,28.440000534057617,28.520000457763672,371400
2007-02-23,EWG,28.649999618530273,28.739999771118164,28.549999237060547,28.68000030517578,358800
2007-02-26,EWG,28.889999389648438,28.889999389648438,28.65999984741211,28.780000686645508,371600
2007-02-27,EWG,28.280000686645508,28.280000686645508,27.079999923706055,27.479999542236328,1138100
2007-02-28,EWG,27.559999465942383,27.799999237060547,27.43000030517578,27.600000381469727,1264800
2007-03-01,EWG,27.049999237060547,27.540000915527344,26.229999542236328,27.1200008392334,1445400
2007-03-02,EWG,26.920000076293945,27.1200008392334,26.809999465942383,26.829999923706055,473800
2007-03-05,EWG,26.270000457763672,26.809999465942383,26.229999542236328,26.329999923706055,639500
2007-03-06,EWG,26.8799991607666,27.229999542236328,26.700000762939453,27.0,659500
2007-03-07,EWG,27.059999465942383,27.389999389648438,27.0,27.059999465942383,417900
2007-03-08,EWG,27.34000015258789,27.510000228881836,27.299999237060547,27.469999313354492,359500
2007-03-09,EWG,27.469999313354492,27.600000381469727,27.34000015258789,27.469999313354492,195500
2007-03-12,EWG,27.450000762939453,27.780000686645508,27.389999389648438,27.68000030517578,321600
2007-03-13,EWG,27.459999084472656,27.56999969482422,26.950000762939453,26.979999542236328,889500
2007-03-14,EWG,26.81999969482422,27.0,26.510000228881836,27.0,1363100
2007-03-15,EWG,26.950000762939453,27.219999313354492,26.8700008392334,27.15999984741211,439100
2007-03-16,EWG,27.280000686645508,27.579999923706055,27.25,27.31999969482422,960200
2007-03-19,EWG,27.690000534057617,27.739999771118164,27.559999465942383,27.700000762939453,444000
2007-03-20,EWG,27.649999618530273,27.940000534057617,27.579999923706055,27.940000534057617,197300
2007-03-21,EWG,27.989999771118164,29.0,27.8700008392334,28.549999237060547,390000
2007-03-22,EWG,28.700000762939453,28.700000762939453,28.459999084472656,28.559999465942383,774100
2007-03-23,EWG,28.649999618530273,28.75,28.56999969482422,28.68000030517578,783400
2007-03-26,EWG,28.709999084472656,28.739999771118164,28.31999969482422,28.65999984741211,553400
2007-03-27,EWG,28.610000610351562,28.950000762939453,28.510000228881836,28.739999771118164,259200
2007-03-28,EWG,28.3799991607666,28.59000015258789,28.34000015258789,28.34000015258789,313900
2007-03-29,EWG,28.639999389648438,28.8700008392334,28.6200008392334,28.790000915527344,274100
2007-03-30,EWG,28.84000015258789,28.969999313354492,28.739999771118164,28.829999923706055,610800
2007-04-02,EWG,29.040000915527344,29.15999984741211,28.8799991607666,29.149999618530273,576200
2007-04-03,EWG,29.329999923706055,29.5,29.239999771118164,29.5,1351600
2007-04-04,EWG,29.469999313354492,29.639999389648438,29.3799991607666,29.559999465942383,445500
2007-04-05,EWG,29.729999542236328,30.0,29.6200008392334,30.0,827900
2007-04-09,EWG,29.969999313354492,30.0,29.809999465942383,29.889999389648438,325900
2007-04-10,EWG,29.950000762939453,30.15999984741211,29.899999618530273,30.149999618530273,1081400
2007-04-11,EWG,30.239999771118164,30.239999771118164,29.889999389648438,29.969999313354492,2027300
2007-04-12,EWG,29.950000762939453,30.329999923706055,29.770000457763672,30.299999237060547,2152300
2007-04-13,EWG,30.459999084472656,30.530000686645508,30.270000457763672,30.530000686645508,498500
2007-04-16,EWG,30.889999389648438,31.139999389648438,30.829999923706055,31.079999923706055,800000
2007-04-17,EWG,31.139999389648438,31.25,31.020000457763672,31.06999969482422,950100
2007-04-18,EWG,30.850000381469727,31.06999969482422,30.729999542236328,31.049999237060547,2675300
2007-04-19,EWG,30.65999984741211,30.90999984741211,30.489999771118164,30.770000457763672,656400
2007-04-20,EWG,31.209999084472656,31.290000915527344,31.049999237060547,31.149999618530273,867300
2007-04-23,EWG,31.059999465942383,31.190000534057617,30.829999923706055,30.969999313354492,1157200
2007-04-24,EWG,30.920000076293945,31.040000915527344,30.600000381469727,30.950000762939453,593500
2007-04-25,EWG,31.260000228881836,31.389999389648438,31.149999618530273,31.350000381469727,489100
2007-04-26,EWG,31.3799991607666,31.479999542236328,31.239999771118164,31.360000610351562,635000
2007-04-27,EWG,31.360000610351562,31.520000457763672,31.270000457763672,31.420000076293945,778500
2007-04-30,EWG,31.489999771118164,31.610000610351562,31.3700008392334,31.399999618530273,582400
2007-05-01,EWG,31.690000534057617,31.920000076293945,31.190000534057617,31.600000381469727,1021400
2007-05-02,EWG,31.489999771118164,31.639999389648438,31.40999984741211,31.549999237060547,863000
2007-05-03,EWG,31.510000228881836,31.6200008392334,31.40999984741211,31.5,921200
2007-05-04,EWG,31.690000534057617,31.81999969482422,31.639999389648438,31.75,783800
2007-05-07,EWG,31.760000228881836,31.860000610351562,31.760000228881836,31.799999237060547,658200
2007-05-08,EWG,31.350000381469727,31.440000534057617,31.110000610351562,31.399999618530273,1318800
2007-05-09,EWG,31.309999465942383,31.549999237060547,31.270000457763672,31.510000228881836,646700
2007-05-10,EWG,31.280000686645508,31.3700008392334,30.700000762939453,30.700000762939453,1281200
2007-05-11,EWG,30.920000076293945,31.510000228881836,30.860000610351562,31.459999084472656,1013500
2007-05-14,EWG,31.5,31.510000228881836,31.1200008392334,31.200000762939453,438600
2007-05-15,EWG,31.31999969482422,31.700000762939453,31.290000915527344,31.389999389648438,540000
2007-05-16,EWG,31.59000015258789,31.639999389648438,31.309999465942383,31.5,530600
2007-05-17,EWG,31.420000076293945,31.5,31.309999465942383,31.40999984741211,356100
2007-05-18,EWG,31.700000762939453,31.940000534057617,31.6200008392334,31.940000534057617,656000
2007-05-21,EWG,31.809999465942383,31.8700008392334,31.729999542236328,31.780000686645508,2203400
2007-05-22,EWG,31.850000381469727,32.040000915527344,31.850000381469727,31.899999618530273,402400
2007-05-23,EWG,32.2599983215332,32.38999938964844,32.150001525878906,32.31999969482422,711800
2007-05-24,EWG,32.220001220703125,32.29999923706055,31.81999969482422,31.860000610351562,656500
2007-05-25,EWG,32.150001525878906,32.349998474121094,32.060001373291016,32.279998779296875,357800
2007-05-29,EWG,32.4900016784668,32.529998779296875,32.2400016784668,32.349998474121094,1167300
2007-05-30,EWG,32.20000076293945,32.5099983215332,31.850000381469727,32.45000076293945,1172800
2007-05-31,EWG,32.810001373291016,33.06999969482422,32.52000045776367,33.06999969482422,1048700
2007-06-01,EWG,33.13999938964844,33.33000183105469,33.0,33.33000183105469,639500
2007-06-04,EWG,33.16999816894531,33.349998474121094,33.13999938964844,33.33000183105469,1118600
2007-06-05,EWG,33.279998779296875,33.279998779296875,32.880001068115234,33.08000183105469,1138200
2007-06-06,EWG,33.97999954223633,33.97999954223633,32.11000061035156,32.20000076293945,2050900
2007-06-07,EWG,31.799999237060547,32.029998779296875,31.329999923706055,31.329999923706055,2493000
2007-06-08,EWG,31.479999542236328,31.729999542236328,31.239999771118164,31.520000457763672,2660600
2007-06-11,EWG,31.670000076293945,32.029998779296875,31.610000610351562,31.8799991607666,1049000
2007-06-12,EWG,31.940000534057617,31.940000534057617,31.399999618530273,31.440000534057617,1047300
2007-06-13,EWG,31.5,31.8700008392334,31.5,31.8700008392334,521400
2007-06-14,EWG,32.06999969482422,32.38999938964844,32.0,32.38999938964844,919100
2007-06-15,EWG,33.040000915527344,33.16999816894531,32.91999816894531,33.119998931884766,3461700
2007-06-18,EWG,33.369998931884766,33.380001068115234,33.130001068115234,33.349998474121094,1150500
2007-06-19,EWG,33.27000045776367,33.45000076293945,33.13999938964844,33.41999816894531,519400
2007-06-20,EWG,33.68000030517578,33.68000030517578,32.91999816894531,32.91999816894531,815400
2007-06-21,EWG,32.86000061035156,33.13999938964844,32.65999984741211,33.0,1016100
2007-06-22,EWG,33.0,33.11000061035156,32.150001525878906,32.75,711200
2007-06-25,EWG,32.58000183105469,33.060001373291016,32.45000076293945,32.45000076293945,1641600
2007-06-26,EWG,32.75,32.810001373291016,32.45000076293945,32.45000076293945,812100
2007-06-27,EWG,32.25,32.709999084472656,32.13999938964844,32.66999816894531,1123400
2007-06-28,EWG,32.83000183105469,33.09000015258789,32.7400016784668,32.880001068115234,671700
2007-06-29,EWG,33.2400016784668,33.38999938964844,32.91999816894531,33.130001068115234,994600
2007-07-02,EWG,33.400001525878906,33.54999923706055,33.310001373291016,33.459999084472656,785100
2007-07-03,EWG,33.849998474121094,33.900001525878906,33.810001373291016,33.900001525878906,777300
2007-07-05,EWG,33.95000076293945,34.04999923706055,33.5,34.0,5047900
2007-07-06,EWG,33.779998779296875,34.02000045776367,33.70000076293945,33.959999084472656,1970500
2007-07-09,EWG,34.189998626708984,34.2400016784668,34.040000915527344,34.13999938964844,3115800
2007-07-10,EWG,33.900001525878906,33.95000076293945,33.400001525878906,33.5,2214900
2007-07-11,EWG,33.36000061035156,33.83000183105469,33.349998474121094,33.83000183105469,4582400
2007-07-12,EWG,34.0099983215332,34.75,33.900001525878906,34.709999084472656,1108500
2007-07-13,EWG,34.63999938964844,34.709999084472656,34.459999084472656,34.619998931884766,826700
2007-07-16,EWG,34.52000045776367,34.599998474121094,34.41999816894531,34.47999954223633,619300
2007-07-17,EWG,34.2400016784668,34.34000015258789,34.130001068115234,34.2599983215332,721800
2007-07-18,EWG,33.869998931884766,33.91999816894531,33.540000915527344,33.83000183105469,1008600
2007-07-19,EWG,34.189998626708984,34.2599983215332,34.029998779296875,34.119998931884766,1036100
2007-07-20,EWG,33.95000076293945,33.959999084472656,33.43000030517578,33.54999923706055,825500
2007-07-23,EWG,33.90999984741211,33.97999954223633,33.66999816894531,33.79999923706055,1730800
2007-07-24,EWG,33.52000045776367,33.56999969482422,32.86000061035156,32.93000030517578,1561800
2007-07-25,EWG,32.959999084472656,33.060001373291016,32.5099983215332,32.83000183105469,1906900
2007-07-26,EWG,32.099998474121094,32.33000183105469,31.31999969482422,31.6299991607666,2270400
2007-07-27,EWG,31.530000686645508,31.81999969482422,29.6200008392334,30.709999084472656,2818600
2007-07-30,EWG,31.110000610351562,31.989999771118164,31.110000610351562,31.809999465942383,1958400
2007-07-31,EWG,32.279998779296875,32.279998779296875,31.65999984741211,31.889999389648438,2215300
2007-08-01,EWG,31.760000228881836,32.20000076293945,31.31999969482422,32.04999923706055,2176200
2007-08-02,EWG,31.889999389648438,32.16999816894531,31.780000686645508,32.09000015258789,4148600
2007-08-03,EWG,31.75,31.93000030517578,31.5,31.5,1437000
2007-08-06,EWG,31.770000457763672,32.369998931884766,31.729999542236328,32.369998931884766,942800
2007-08-07,EWG,31.829999923706055,32.33000183105469,31.700000762939453,32.220001220703125,1944300
2007-08-08,EWG,32.36000061035156,32.599998474121094,32.119998931884766,32.369998931884766,815500
2007-08-09,EWG,30.3700008392334,31.780000686645508,28.989999771118164,31.459999084472656,2112200
2007-08-10,EWG,31.100000381469727,31.489999771118164,30.969999313354492,31.110000610351562,1272800
2007-08-13,EWG,31.459999084472656,31.56999969482422,31.190000534057617,31.260000228881836,413100
2007-08-14,EWG,31.360000610351562,31.43000030517578,30.989999771118164,31.059999465942383,1286600
2007-08-15,EWG,30.780000686645508,31.139999389648438,30.25,30.309999465942383,4011700
2007-08-16,EWG,30.09000015258789,30.719999313354492,29.450000762939453,30.5,4388700
2007-08-17,EWG,31.06999969482422,31.18000030517578,30.530000686645508,30.8700008392334,822600
2007-08-20,EWG,30.920000076293945,31.799999237060547,30.610000610351562,30.84000015258789,2236300
2007-08-21,EWG,30.770000457763672,30.940000534057617,30.690000534057617,30.719999313354492,929400
2007-08-22,EWG,31.170000076293945,31.510000228881836,31.09000015258789,31.5,1965200
2007-08-23,EWG,31.709999084472656,31.709999084472656,31.260000228881836,31.479999542236328,1248800
2007-08-24,EWG,31.530000686645508,32.0099983215332,31.440000534057617,31.989999771118164,1167700
2007-08-27,EWG,31.81999969482422,31.81999969482422,31.440000534057617,31.489999771118164,682400
2007-08-28,EWG,31.3799991607666,31.510000228881836,30.889999389648438,30.989999771118164,1796900
2007-08-29,EWG,31.25,31.770000457763672,31.18000030517578,31.760000228881836,4064100
2007-08-30,EWG,31.18000030517578,31.850000381469727,31.18000030517578,31.59000015258789,869800
2007-08-31,EWG,32.439998626708984,32.439998626708984,32.08000183105469,32.25,641900
2007-09-04,EWG,32.060001373291016,32.689998626708984,32.0,32.58000183105469,1456800
2007-09-05,EWG,32.119998931884766,32.33000183105469,31.989999771118164,32.33000183105469,750300
2007-09-06,EWG,32.130001068115234,32.400001525878906,31.940000534057617,32.20000076293945,435800
2007-09-07,EWG,31.829999923706055,32.029998779296875,31.59000015258789,31.649999618530273,836700
2007-09-10,EWG,31.709999084472656,31.81999969482422,31.299999237060547,31.299999237060547,533500
2007-09-11,EWG,31.829999923706055,32.040000915527344,31.799999237060547,32.02000045776367,506300
2007-09-12,EWG,31.989999771118164,32.20000076293945,31.899999618530273,32.189998626708984,404400
2007-09-13,EWG,32.34000015258789,32.439998626708984,32.15999984741211,32.290000915527344,975100
2007-09-14,EWG,32.060001373291016,32.27000045776367,31.959999084472656,32.220001220703125,450300
2007-09-17,EWG,32.150001525878906,32.279998779296875,31.90999984741211,31.969999313354492,613400
2007-09-18,EWG,32.349998474121094,33.29999923706055,32.209999084472656,33.22999954223633,1505900
2007-09-19,EWG,33.38999938964844,33.560001373291016,33.29999923706055,33.43000030517578,1497800
2007-09-20,EWG,33.65999984741211,33.810001373291016,33.5,33.709999084472656,724300
2007-09-21,EWG,33.93000030517578,34.08000183105469,33.88999938964844,33.970001220703125,648200
2007-09-24,EWG,33.9900016784668,34.040000915527344,33.81999969482422,33.83000183105469,431400
2007-09-25,EWG,33.709999084472656,34.08000183105469,33.619998931884766,34.0,1425200
2007-09-26,EWG,34.150001525878906,34.16999816894531,34.0,34.150001525878906,949800
2007-09-27,EWG,34.43000030517578,34.439998626708984,34.290000915527344,34.40999984741211,1634900
2007-09-28,EWG,34.56999969482422,34.70000076293945,34.25,34.58000183105469,1047400
2007-10-01,EWG,34.59000015258789,35.08000183105469,34.58000183105469,35.060001373291016,1361500
2007-10-02,EWG,34.93000030517578,34.93000030517578,34.689998626708984,34.869998931884766,693500
2007-10-03,EWG,34.84000015258789,34.880001068115234,34.56999969482422,34.599998474121094,874800
2007-10-04,EWG,34.63999938964844,34.79999923706055,34.540000915527344,34.650001525878906,706400
2007-10-05,EWG,34.81999969482422,35.18000030517578,34.81999969482422,35.099998474121094,997300
2007-10-08,EWG,34.900001525878906,34.900001525878906,34.68000030517578,34.79999923706055,1786600
2007-10-09,EWG,34.849998474121094,35.099998474121094,34.7400016784668,35.099998474121094,413700
2007-10-10,EWG,35.0099983215332,35.08000183105469,34.900001525878906,34.9900016784668,816200
2007-10-11,EWG,35.45000076293945,35.61000061035156,35.150001525878906,35.220001220703125,1178400
2007-10-12,EWG,35.189998626708984,35.5,35.15999984741211,35.29999923706055,404800
2007-10-15,EWG,35.36000061035156,35.529998779296875,34.869998931884766,35.25,945300
2007-10-16,EWG,34.88999938964844,35.08000183105469,34.849998474121094,34.900001525878906,1014600
2007-10-17,EWG,35.22999954223633,35.349998474121094,35.099998474121094,35.209999084472656,1489100
2007-10-18,EWG,35.209999084472656,35.349998474121094,35.08000183105469,35.31999969482422,570400
2007-10-19,EWG,35.040000915527344,35.04999923706055,34.54999923706055,34.599998474121094,2604000
2007-10-22,EWG,34.150001525878906,34.459999084472656,34.099998474121094,34.31999969482422,2322500
2007-10-23,EWG,34.779998779296875,34.88999938964844,34.61000061035156,34.849998474121094,657700
2007-10-24,EWG,34.79999923706055,35.0,34.41999816894531,35.0,1418500
2007-10-25,EWG,35.099998474121094,35.310001373291016,34.959999084472656,35.279998779296875,1305800
2007-10-26,EWG,35.5,35.70000076293945,35.369998931884766,35.56999969482422,490700
2007-10-29,EWG,35.88999938964844,36.099998474121094,35.77000045776367,36.0099983215332,1198600
2007-10-30,EWG,35.81999969482422,35.939998626708984,35.7400016784668,35.79999923706055,344900
2007-10-31,EWG,35.959999084472656,36.400001525878906,35.81999969482422,36.279998779296875,785300
2007-11-01,EWG,35.66999816894531,35.66999816894531,35.18000030517578,35.18000030517578,1141400
2007-11-02,EWG,35.369998931884766,36.0,35.25,36.0,1425900
2007-11-05,EWG,35.150001525878906,35.40999984741211,35.08000183105469,35.29999923706055,639300
2007-11-06,EWG,35.560001373291016,35.75,35.45000076293945,35.75,408500
2007-11-07,EWG,35.72999954223633,35.72999954223633,35.2599983215332,35.45000076293945,973400
2007-11-08,EWG,35.619998931884766,36.11000061035156,35.59000015258789,35.90999984741211,2888800
2007-11-09,EWG,35.7599983215332,36.45000076293945,35.5,35.58000183105469,1874000
2007-11-12,EWG,35.2599983215332,35.54999923706055,34.7400016784668,34.7599983215332,1507800
2007-11-13,EWG,35.060001373291016,35.58000183105469,35.060001373291016,35.5,1037300
2007-11-14,EWG,35.7400016784668,35.7400016784668,35.189998626708984,35.279998779296875,569100
2007-11-15,EWG,34.709999084472656,34.869998931884766,34.2599983215332,34.38999938964844,2376200
2007-11-16,EWG,34.619998931884766,34.79999923706055,34.380001068115234,34.65999984741211,4971500
2007-11-19,EWG,34.349998474121094,34.349998474121094,33.849998474121094,33.91999816894531,1290900
2007-11-20,EWG,34.5,34.91999816894531,34.439998626708984,34.77000045776367,1349300
2007-11-21,EWG,34.38999938964844,34.709999084472656,34.290000915527344,34.369998931884766,1541200
2007-11-23,EWG,34.560001373291016,34.84000015258789,34.560001373291016,34.81999969482422,796600
2007-11-26,EWG,34.869998931884766,34.900001525878906,34.18000030517578,34.18000030517578,1680300
2007-11-27,EWG,34.369998931884766,34.68000030517578,34.27000045776367,34.61000061035156,1614900
2007-11-28,EWG,34.90999984741211,35.7599983215332,34.86000061035156,35.68000030517578,1291600
2007-11-29,EWG,35.290000915527344,35.599998474121094,35.18000030517578,35.540000915527344,701600
2007-11-30,EWG,36.11000061035156,36.11000061035156,35.5,35.61000061035156,776400
2007-12-03,EWG,35.61000061035156,35.65999984741211,35.400001525878906,35.4900016784668,1100500
2007-12-04,EWG,35.5,35.630001068115234,35.470001220703125,35.58000183105469,1211300
2007-12-05,EWG,35.900001525878906,36.0,35.7599983215332,35.79999923706055,482800
2007-12-06,EWG,35.81999969482422,36.20000076293945,35.72999954223633,36.119998931884766,671800
2007-12-07,EWG,36.13999938964844,36.25,36.04999923706055,36.11000061035156,694900
2007-12-10,EWG,36.310001373291016,36.58000183105469,36.310001373291016,36.5,444000
2007-12-11,EWG,36.36000061035156,36.52000045776367,35.599998474121094,35.599998474121094,2435500
2007-12-12,EWG,36.59000015258789,36.709999084472656,36.22999954223633,36.45000076293945,1357200
2007-12-13,EWG,36.040000915527344,36.20000076293945,35.59000015258789,36.0099983215332,850700
2007-12-14,EWG,35.2599983215332,35.45000076293945,35.02000045776367,35.09000015258789,835100
2007-12-17,EWG,34.619998931884766,34.72999954223633,34.34000015258789,34.34000015258789,846700
2007-12-18,EWG,35.13999938964844,35.22999954223633,34.5,34.900001525878906,1846200
2007-12-19,EWG,34.79999923706055,35.0,34.439998626708984,34.630001068115234,778300
2007-12-20,EWG,34.77000045776367,34.93000030517578,34.650001525878906,34.79999923706055,702100
2007-12-21,EWG,35.38999938964844,35.560001373291016,35.310001373291016,35.560001373291016,2766100
2007-12-24,EWG,35.47999954223633,35.47999954223633,34.79999923706055,35.2599983215332,670300
2007-12-26,EWG,35.04999923706055,35.43000030517578,35.04999923706055,35.34000015258789,192600
2007-12-27,EWG,35.650001525878906,35.650001525878906,35.310001373291016,35.36000061035156,621200
2007-12-28,EWG,35.95000076293945,35.9900016784668,35.75,35.810001373291016,1015400
2007-12-31,EWG,35.5099983215332,35.88999938964844,35.31999969482422,35.439998626708984,512800
2008-01-02,EWG,35.7400016784668,35.880001068115234,35.279998779296875,35.38999938964844,1524800
2008-01-03,EWG,35.25,35.43000030517578,35.15999984741211,35.290000915527344,1087300
2008-01-04,EWG,35.06999969482422,35.13999938964844,34.599998474121094,34.599998474121094,2096200
2008-01-07,EWG,34.7400016784668,34.849998474121094,34.470001220703125,34.630001068115234,1380400
2008-01-08,EWG,35.0099983215332,35.13999938964844,33.849998474121094,34.38999938964844,1321500
2008-01-09,EWG,34.27000045776367,34.540000915527344,33.349998474121094,34.5,5202500
2008-01-10,EWG,34.18000030517578,34.709999084472656,34.150001525878906,34.599998474121094,4226300
2008-01-11,EWG,34.349998474121094,34.40999984741211,34.0099983215332,34.11000061035156,6180700
2008-01-14,EWG,34.65999984741211,34.790000915527344,34.560001373291016,34.72999954223633,1879000
2008-01-15,EWG,34.22999954223633,34.31999969482422,33.7599983215332,33.77000045776367,3866300
2008-01-16,EWG,33.45000076293945,33.709999084472656,32.79999923706055,32.83000183105469,4093200
2008-01-17,EWG,33.04999923706055,33.209999084472656,32.25,32.34000015258789,3223700
2008-01-18,EWG,32.790000915527344,32.97999954223633,32.029998779296875,32.22999954223633,4588700
2008-01-22,EWG,29.18000030517578,30.540000915527344,28.84000015258789,30.200000762939453,6363300
2008-01-23,EWG,28.299999237060547,29.6200008392334,28.010000228881836,29.6200008392334,7707300
2008-01-24,EWG,30.309999465942383,30.65999984741211,30.100000381469727,30.56999969482422,3595600
2008-01-25,EWG,31.200000762939453,31.290000915527344,29.8799991607666,30.010000228881836,2911100
2008-01-28,EWG,30.25,30.8799991607666,29.950000762939453,30.81999969482422,1996800
2008-01-29,EWG,30.93000030517578,31.0,30.6200008392334,31.0,1045000
2008-01-30,EWG,30.829999923706055,31.56999969482422,30.65999984741211,30.950000762939453,2227200
2008-01-31,EWG,30.190000534057617,31.420000076293945,30.149999618530273,31.200000762939453,4530800
2008-02-01,EWG,31.420000076293945,31.579999923706055,31.18000030517578,31.450000762939453,2966600
2008-02-04,EWG,31.68000030517578,31.739999771118164,31.34000015258789,31.420000076293945,1634800
2008-02-05,EWG,30.440000534057617,30.459999084472656,29.770000457763672,29.770000457763672,3104300
2008-02-06,EWG,30.280000686645508,30.540000915527344,30.0,30.06999969482422,2900500
2008-02-07,EWG,29.510000228881836,30.059999465942383,29.510000228881836,29.8700008392334,2571100
2008-02-08,EWG,29.639999389648438,30.0,29.5,29.770000457763672,1749400
2008-02-11,EWG,29.809999465942383,29.969999313354492,29.450000762939453,29.90999984741211,1915300
2008-02-12,EWG,30.68000030517578,30.979999542236328,30.530000686645508,30.68000030517578,6162300
2008-02-13,EWG,31.0,31.209999084472656,30.799999237060547,31.149999618530273,1451700
2008-02-14,EWG,31.15999984741211,31.25,30.84000015258789,30.899999618530273,1337600
2008-02-15,EWG,30.579999923706055,30.850000381469727,30.389999389648438,30.809999465942383,1106100
2008-02-19,EWG,31.540000915527344,31.649999618530273,31.18000030517578,31.280000686645508,2171300
2008-02-20,EWG,30.65999984741211,31.329999923706055,30.649999618530273,31.209999084472656,3717300
2008-02-21,EWG,31.399999618530273,31.43000030517578,30.860000610351562,30.899999618530273,1504000
2008-02-22,EWG,30.959999084472656,31.030000686645508,30.549999237060547,30.989999771118164,1313200
2008-02-25,EWG,30.979999542236328,31.34000015258789,30.829999923706055,31.299999237060547,1085100
2008-02-26,EWG,31.399999618530273,32.029998779296875,31.3799991607666,31.8799991607666,2384900
2008-02-27,EWG,31.610000610351562,32.29999923706055,31.610000610351562,32.150001525878906,3060500
2008-02-28,EWG,31.799999237060547,32.0099983215332,31.670000076293945,31.84000015258789,2801900
2008-02-29,EWG,31.229999542236328,31.31999969482422,30.780000686645508,30.979999542236328,2486700
2008-03-03,EWG,30.850000381469727,31.100000381469727,30.780000686645508,31.030000686645508,2010100
2008-03-04,EWG,30.559999465942383,30.770000457763672,30.229999542236328,30.559999465942383,2914400
2008-03-05,EWG,30.809999465942383,31.229999542236328,30.760000228881836,30.93000030517578,3342900
2008-03-06,EWG,31.100000381469727,31.149999618530273,30.639999389648438,30.719999313354492,2250700
2008-03-07,EWG,30.31999969482422,30.649999618530273,30.139999389648438,30.260000228881836,2372900
2008-03-10,EWG,30.469999313354492,30.540000915527344,29.8799991607666,29.940000534057617,2896900
2008-03-11,EWG,30.809999465942383,30.959999084472656,30.389999389648438,30.93000030517578,3730500
2008-03-12,EWG,31.1200008392334,31.31999969482422,30.950000762939453,31.010000228881836,1491100
2008-03-13,EWG,30.469999313354492,31.209999084472656,30.3799991607666,31.190000534057617,1257600
2008-03-14,EWG,31.280000686645508,31.31999969482422,30.229999542236328,30.579999923706055,2697700
2008-03-17,EWG,29.579999923706055,30.1299991607666,29.520000457763672,29.989999771118164,2614700
2008-03-18,EWG,30.389999389648438,30.8700008392334,30.31999969482422,30.799999237060547,7749900
2008-03-19,EWG,30.489999771118164,30.719999313354492,29.84000015258789,29.860000610351562,2011600
2008-03-20,EWG,29.559999465942383,30.049999237060547,29.520000457763672,29.950000762939453,2516100
2008-03-24,EWG,29.799999237060547,31.049999237060547,29.559999465942383,30.950000762939453,1915700
2008-03-25,EWG,30.889999389648438,31.110000610351562,30.649999618530273,31.059999465942383,811600
2008-03-26,EWG,31.09000015258789,31.31999969482422,30.959999084472656,31.25,555000
2008-03-27,EWG,31.709999084472656,31.75,31.329999923706055,31.360000610351562,715800
2008-03-28,EWG,31.459999084472656,31.549999237060547,31.170000076293945,31.31999969482422,6341000
2008-03-31,EWG,31.350000381469727,31.649999618530273,31.280000686645508,31.510000228881836,1117400
2008-04-01,EWG,31.709999084472656,32.290000915527344,31.649999618530273,32.290000915527344,4367600
2008-04-02,EWG,32.119998931884766,32.34000015258789,32.0099983215332,32.22999954223633,4841600
2008-04-03,EWG,31.829999923706055,32.29999923706055,31.829999923706055,32.20000076293945,3063700
2008-04-04,EWG,32.25,32.41999816894531,32.060001373291016,32.310001373291016,1819600
2008-04-07,EWG,32.58000183105469,32.65999984741211,32.459999084472656,32.47999954223633,932900
2008-04-08,EWG,32.119998931884766,32.349998474121094,32.099998474121094,32.349998474121094,1348700
2008-04-09,EWG,32.34000015258789,32.369998931884766,32.08000183105469,32.189998626708984,852600
2008-04-10,EWG,31.959999084472656,32.18000030517578,31.799999237060547,32.150001525878906,2329800
2008-04-11,EWG,31.780000686645508,31.860000610351562,31.510000228881836,31.559999465942383,1095600
2008-04-14,EWG,31.56999969482422,31.739999771118164,31.549999237060547,31.600000381469727,1555900
2008-04-15,EWG,31.81999969482422,31.850000381469727,31.610000610351562,31.719999313354492,5394500
2008-04-16,EWG,32.25,32.75,32.02000045776367,32.70000076293945,2406800
2008-04-17,EWG,32.290000915527344,32.45000076293945,32.279998779296875,32.31999969482422,1489100
2008-04-18,EWG,32.630001068115234,32.83000183105469,32.560001373291016,32.7599983215332,1099700
2008-04-21,EWG,32.84000015258789,33.0,32.70000076293945,32.97999954223633,1656100
2008-04-22,EWG,32.869998931884766,32.90999984741211,32.529998779296875,32.650001525878906,2739700
2008-04-23,EWG,32.56999969482422,33.0099983215332,32.43000030517578,32.93000030517578,881000
2008-04-24,EWG,32.56999969482422,32.790000915527344,32.369998931884766,32.63999938964844,917900
2008-04-25,EWG,32.900001525878906,32.959999084472656,32.720001220703125,32.86000061035156,489400
2008-04-28,EWG,33.0,33.06999969482422,32.88999938964844,32.90999984741211,273300
2008-04-29,EWG,32.70000076293945,32.709999084472656,32.52000045776367,32.56999969482422,1553000
2008-04-30,EWG,32.720001220703125,33.040000915527344,32.68000030517578,32.68000030517578,2532700
2008-05-01,EWG,32.459999084472656,33.150001525878906,32.31999969482422,33.150001525878906,1478100
2008-05-02,EWG,33.08000183105469,33.13999938964844,32.810001373291016,32.93000030517578,1530000
2008-05-05,EWG,33.02000045776367,33.33000183105469,33.02000045776367,33.209999084472656,3889600
2008-05-06,EWG,33.08000183105469,33.400001525878906,32.970001220703125,33.31999969482422,2821200
2008-05-07,EWG,33.20000076293945,33.2400016784668,32.779998779296875,32.83000183105469,1462000
2008-05-08,EWG,33.0099983215332,33.220001220703125,32.939998626708984,33.06999969482422,744400
2008-05-09,EWG,32.83000183105469,33.09000015258789,32.810001373291016,32.97999954223633,1406900
2008-05-12,EWG,33.060001373291016,33.43000030517578,33.040000915527344,33.400001525878906,703900
2008-05-13,EWG,33.279998779296875,33.349998474121094,33.15999984741211,33.220001220703125,4389600
2008-05-14,EWG,33.25,33.43000030517578,33.20000076293945,33.209999084472656,3161500
2008-05-15,EWG,33.349998474121094,33.619998931884766,33.279998779296875,33.560001373291016,1648500
2008-05-16,EWG,33.90999984741211,34.22999954223633,33.7599983215332,34.209999084472656,1669500
2008-05-19,EWG,34.18000030517578,34.2599983215332,34.0,34.099998474121094,1198000
2008-05-20,EWG,33.95000076293945,34.0099983215332,33.84000015258789,33.90999984741211,823600
2008-05-21,EWG,33.81999969482422,33.90999984741211,33.5,33.540000915527344,1311200
2008-05-22,EWG,33.619998931884766,33.91999816894531,33.58000183105469,33.849998474121094,569100
2008-05-23,EWG,33.77000045776367,33.77000045776367,33.279998779296875,33.34000015258789,2527500
2008-05-27,EWG,33.09000015258789,33.43000030517578,33.09000015258789,33.38999938964844,1354600
2008-05-28,EWG,33.4900016784668,33.58000183105469,33.25,33.52000045776367,404400
2008-05-29,EWG,33.13999938964844,33.439998626708984,33.099998474121094,33.34000015258789,1199100
2008-05-30,EWG,33.5099983215332,33.59000015258789,33.41999816894531,33.529998779296875,367700
2008-06-02,EWG,33.08000183105469,33.15999984741211,32.86000061035156,33.02000045776367,1898800
2008-06-03,EWG,32.900001525878906,33.040000915527344,32.58000183105469,32.790000915527344,9401900
2008-06-04,EWG,32.43000030517578,32.7599983215332,32.41999816894531,32.59000015258789,3960800
2008-06-05,EWG,32.7400016784668,33.15999984741211,32.68000030517578,33.15999984741211,2431300
2008-06-06,EWG,32.709999084472656,32.810001373291016,32.29999923706055,32.380001068115234,3855800
2008-06-09,EWG,32.619998931884766,32.63999938964844,32.2599983215332,32.4900016784668,3348500
2008-06-10,EWG,31.809999465942383,32.099998474121094,31.790000915527344,31.889999389648438,2309600
2008-06-11,EWG,31.790000915527344,31.850000381469727,31.329999923706055,31.329999923706055,4448200
2008-06-12,EWG,31.360000610351562,31.579999923706055,31.239999771118164,31.25,3123800
2008-06-13,EWG,31.280000686645508,31.649999618530273,31.260000228881836,31.610000610351562,653000
2008-06-16,EWG,31.579999923706055,31.889999389648438,31.479999542236328,31.84000015258789,915800
2008-06-17,EWG,32.220001220703125,32.310001373291016,32.029998779296875,32.040000915527344,1393000
2008-06-18,EWG,31.84000015258789,31.920000076293945,31.639999389648438,31.809999465942383,1847700
2008-06-19,EWG,31.75,32.150001525878906,31.690000534057617,32.150001525878906,848200
2008-06-20,EWG,31.479999542236328,31.479999542236328,31.15999984741211,31.170000076293945,1145500
2008-06-23,EWG,31.25,31.290000915527344,31.049999237060547,31.15999984741211,1135100
2008-06-24,EWG,30.790000915527344,31.149999618530273,30.68000030517578,31.010000228881836,1292200
2008-06-25,EWG,30.010000228881836,30.510000228881836,30.0,30.229999542236328,2116500
2008-06-26,EWG,29.959999084472656,31.93000030517578,29.59000015258789,29.600000381469727,2193700
2008-06-27,EWG,29.670000076293945,29.809999465942383,29.489999771118164,29.6200008392334,536700
2008-06-30,EWG,29.540000915527344,29.65999984741211,29.440000534057617,29.440000534057617,974900
2008-07-01,EWG,29.040000915527344,29.270000457763672,28.829999923706055,29.260000228881836,1354500
2008-07-02,EWG,29.469999313354492,29.510000228881836,28.920000076293945,29.0,1869800
2008-07-03,EWG,29.280000686645508,29.299999237060547,28.940000534057617,28.989999771118164,1216800
2008-07-07,EWG,28.93000030517578,29.260000228881836,28.729999542236328,28.950000762939453,1488200
2008-07-08,EWG,28.790000915527344,29.09000015258789,28.579999923706055,29.040000915527344,1047300
2008-07-09,EWG,29.239999771118164,29.299999237060547,28.780000686645508,29.020000457763672,712800
2008-07-10,EWG,28.93000030517578,29.139999389648438,28.780000686645508,29.059999465942383,867100
2008-07-11,EWG,28.559999465942383,28.850000381469727,28.40999984741211,28.610000610351562,1212200
2008-07-14,EWG,28.829999923706055,28.90999984741211,28.5,28.559999465942383,1080400
2008-07-15,EWG,28.18000030517578,28.5,28.010000228881836,28.25,1342200
2008-07-16,EWG,28.15999984741211,28.719999313354492,28.06999969482422,28.649999618530273,2058500
2008-07-17,EWG,29.079999923706055,29.229999542236328,28.899999618530273,29.200000762939453,1030200
2008-07-18,EWG,29.209999084472656,29.399999618530273,29.139999389648438,29.389999389648438,1240600
2008-07-21,EWG,29.6299991607666,29.760000228881836,29.450000762939453,29.559999465942383,932400
2008-07-22,EWG,29.290000915527344,29.790000915527344,29.290000915527344,29.649999618530273,747000
2008-07-23,EWG,29.770000457763672,29.829999923706055,29.59000015258789,29.649999618530273,373600
2008-07-24,EWG,29.469999313354492,29.489999771118164,28.899999618530273,28.959999084472656,1716000
2008-07-25,EWG,29.0,29.3700008392334,28.940000534057617,29.18000030517578,725200
2008-07-28,EWG,29.190000534057617,29.239999771118164,28.68000030517578,28.700000762939453,900000
2008-07-29,EWG,28.6299991607666,29.09000015258789,28.6299991607666,29.06999969482422,663500
2008-07-30,EWG,29.1200008392334,29.280000686645508,29.0,29.209999084472656,491400
2008-07-31,EWG,29.239999771118164,29.420000076293945,29.15999984741211,29.18000030517578,2029000
2008-08-01,EWG,29.18000030517578,29.18000030517578,28.690000534057617,28.75,1786100
2008-08-04,EWG,28.670000076293945,28.790000915527344,28.579999923706055,28.610000610351562,1203400
2008-08-05,EWG,29.049999237060547,29.25,29.020000457763672,29.229999542236328,1727400
2008-08-06,EWG,28.979999542236328,29.3799991607666,28.920000076293945,29.31999969482422,2393000
2008-08-07,EWG,29.15999984741211,29.200000762939453,28.770000457763672,28.84000015258789,313200
2008-08-08,EWG,28.1200008392334,28.68000030517578,28.079999923706055,28.6299991607666,1189100
2008-08-11,EWG,28.489999771118164,28.65999984741211,28.309999465942383,28.399999618530273,585400
2008-08-12,EWG,28.3700008392334,28.43000030517578,28.200000762939453,28.260000228881836,820200
2008-08-13,EWG,27.959999084472656,27.979999542236328,27.59000015258789,27.829999923706055,2161100
2008-08-14,EWG,27.600000381469727,27.829999923706055,27.520000457763672,27.65999984741211,710300
2008-08-15,EWG,27.3799991607666,27.510000228881836,27.209999084472656,27.3799991607666,651500
2008-08-18,EWG,27.559999465942383,27.559999465942383,27.1200008392334,27.18000030517578,459600
2008-08-19,EWG,26.920000076293945,27.0,26.799999237060547,26.969999313354492,1095400
2008-08-20,EWG,27.0,27.1299991607666,26.860000610351562,27.040000915527344,981500
2008-08-21,EWG,26.950000762939453,27.200000762939453,26.950000762939453,27.18000030517578,804500
2008-08-22,EWG,27.309999465942383,27.399999618530273,27.219999313354492,27.290000915527344,407800
2008-08-25,EWG,27.190000534057617,27.270000457763672,26.829999923706055,26.8700008392334,324800
2008-08-26,EWG,26.809999465942383,27.190000534057617,26.790000915527344,26.969999313354492,615500
2008-08-27,EWG,27.049999237060547,27.219999313354492,27.020000457763672,27.139999389648438,157600
2008-08-28,EWG,27.520000457763672,27.68000030517578,27.450000762939453,27.549999237060547,944900
2008-08-29,EWG,27.600000381469727,27.700000762939453,27.389999389648438,27.399999618530273,437700
2008-09-02,EWG,27.5,27.59000015258789,27.190000534057617,27.219999313354492,376500
2008-09-03,EWG,27.15999984741211,27.3700008392334,27.059999465942383,27.25,480100
2008-09-04,EWG,26.719999313354492,26.75,25.899999618530273,26.059999465942383,1067800
2008-09-05,EWG,25.6200008392334,25.719999313354492,25.239999771118164,25.559999465942383,1293700
2008-09-08,EWG,26.079999923706055,26.139999389648438,25.450000762939453,25.770000457763672,1606600
2008-09-09,EWG,25.540000915527344,25.709999084472656,25.049999237060547,25.1200008392334,1174900
2008-09-10,EWG,25.3799991607666,25.459999084472656,25.049999237060547,25.110000610351562,1146900
2008-09-11,EWG,24.520000457763672,25.170000076293945,24.469999313354492,25.15999984741211,1320800
2008-09-12,EWG,25.219999313354492,25.690000534057617,25.149999618530273,25.68000030517578,1109900
2008-09-15,EWG,24.56999969482422,24.989999771118164,24.56999969482422,24.81999969482422,1377600
2008-09-16,EWG,24.059999465942383,24.709999084472656,23.860000610351562,24.530000686645508,1897800
2008-09-17,EWG,24.229999542236328,24.479999542236328,23.649999618530273,23.979999542236328,1277700
2008-09-18,EWG,24.56999969482422,25.200000762939453,24.1200008392334,24.81999969482422,4608700
2008-09-19,EWG,24.049999237060547,28.149999618530273,24.049999237060547,26.489999771118164,1708100
2008-09-22,EWG,26.1299991607666,26.280000686645508,25.690000534057617,25.84000015258789,427100
2008-09-23,EWG,25.790000915527344,25.969999313354492,25.309999465942383,25.440000534057617,792500
2008-09-24,EWG,25.719999313354492,25.75,25.350000381469727,25.389999389648438,301700
2008-09-25,EWG,25.93000030517578,26.1200008392334,25.829999923706055,25.989999771118164,495300
2008-09-26,EWG,25.360000610351562,25.6200008392334,25.31999969482422,25.56999969482422,968700
2008-09-29,EWG,24.440000534057617,24.440000534057617,22.860000610351562,23.15999984741211,883300
2008-09-30,EWG,23.450000762939453,23.920000076293945,23.299999237060547,23.899999618530273,905700
2008-10-01,EWG,23.540000915527344,23.729999542236328,23.110000610351562,23.559999465942383,291100
2008-10-02,EWG,23.0,23.030000686645508,22.309999465942383,22.440000534057617,1114900
2008-10-03,EWG,22.280000686645508,23.1200008392334,22.270000457763672,22.290000915527344,607300
2008-10-06,EWG,21.440000534057617,21.440000534057617,20.399999618530273,21.040000915527344,1262700
2008-10-07,EWG,21.450000762939453,21.68000030517578,20.1200008392334,20.1200008392334,1088300
2008-10-08,EWG,19.75,20.5,19.270000457763672,19.510000228881836,1082600
2008-10-09,EWG,19.950000762939453,20.09000015258789,18.149999618530273,18.260000228881836,839200
2008-10-10,EWG,17.09000015258789,18.350000381469727,16.739999771118164,17.84000015258789,1487500
2008-10-13,EWG,19.549999237060547,21.350000381469727,19.200000762939453,20.43000030517578,849600
2008-10-14,EWG,21.040000915527344,21.1299991607666,19.899999618530273,20.290000915527344,1663800
2008-10-15,EWG,19.530000686645508,19.65999984741211,18.0,18.0,899300
2008-10-16,EWG,18.450000762939453,19.020000457763672,17.399999618530273,18.989999771118164,933800
2008-10-17,EWG,17.8799991607666,19.170000076293945,17.860000610351562,18.510000228881836,665100
2008-10-20,EWG,18.3799991607666,18.8700008392334,18.25,18.829999923706055,775500
2008-10-21,EWG,18.149999618530273,18.34000015258789,17.59000015258789,17.700000762939453,509700
2008-10-22,EWG,17.049999237060547,17.15999984741211,16.020000457763672,16.440000534057617,797500
2008-10-23,EWG,16.209999084472656,16.770000457763672,15.789999961853027,16.489999771118164,1251600
2008-10-24,EWG,14.800000190734863,15.899999618530273,14.75,15.449999809265137,944500
2008-10-27,EWG,14.8100004196167,16.15999984741211,14.8100004196167,15.210000038146973,2696000
2008-10-28,EWG,16.75,18.600000381469727,16.100000381469727,18.219999313354492,4175100
2008-10-29,EWG,17.459999084472656,18.309999465942383,17.399999618530273,17.68000030517578,1629700
2008-10-30,EWG,18.639999389648438,18.860000610351562,17.950000762939453,18.110000610351562,952600
2008-10-31,EWG,18.309999465942383,18.959999084472656,17.940000534057617,18.479999542236328,812900
2008-11-03,EWG,18.079999923706055,18.40999984741211,17.920000076293945,18.09000015258789,861500
2008-11-04,EWG,18.739999771118164,19.700000762939453,18.510000228881836,19.68000030517578,948400
2008-11-05,EWG,19.110000610351562,19.59000015258789,18.329999923706055,18.350000381469727,471600
2008-11-06,EWG,18.06999969482422,18.34000015258789,16.989999771118164,17.149999618530273,574700
2008-11-07,EWG,17.649999618530273,18.25,17.56999969482422,18.040000915527344,761000
2008-11-10,EWG,18.559999465942383,18.729999542236328,17.639999389648438,17.93000030517578,643200
2008-11-11,EWG,17.549999237060547,17.6299991607666,16.90999984741211,17.170000076293945,337000
2008-11-12,EWG,16.700000762939453,16.75,16.15999984741211,16.229999542236328,412400
2008-11-13,EWG,16.489999771118164,17.90999984741211,15.979999542236328,17.90999984741211,509900
2008-11-14,EWG,17.31999969482422,17.6200008392334,16.709999084472656,16.709999084472656,367200
2008-11-17,EWG,16.5,16.8799991607666,16.18000030517578,16.350000381469727,388900
2008-11-18,EWG,16.149999618530273,16.610000610351562,15.960000038146973,16.399999618530273,348900
2008-11-19,EWG,15.930000305175781,16.25,15.149999618530273,15.149999618530273,937600
2008-11-20,EWG,15.039999961853027,15.399999618530273,14.239999771118164,14.300000190734863,689000
2008-11-21,EWG,14.949999809265137,15.170000076293945,14.220000267028809,15.170000076293945,621700
2008-11-24,EWG,15.600000381469727,16.809999465942383,15.430000305175781,16.43000030517578,1323000
2008-11-25,EWG,16.950000762939453,17.18000030517578,16.280000686645508,16.709999084472656,417500
2008-11-26,EWG,16.020000457763672,16.889999389648438,16.020000457763672,16.790000915527344,688000
2008-11-28,EWG,16.399999618530273,16.6200008392334,16.350000381469727,16.59000015258789,160000
2008-12-01,EWG,16.020000457763672,16.020000457763672,15.180000305175781,15.239999771118164,424400
2008-12-02,EWG,15.75,16.239999771118164,15.640000343322754,16.06999969482422,448500
2008-12-03,EWG,15.5600004196167,16.3700008392334,15.4399995803833,16.309999465942383,293700
2008-12-04,EWG,15.9399995803833,16.440000534057617,15.760000228881836,15.9399995803833,322800
2008-12-05,EWG,15.619999885559082,16.149999618530273,15.25,16.030000686645508,573700
2008-12-08,EWG,16.75,17.18000030517578,16.65999984741211,16.940000534057617,508300
2008-12-09,EWG,16.889999389648438,17.350000381469727,16.780000686645508,16.940000534057617,367000
2008-12-10,EWG,17.260000228881836,17.479999542236328,17.139999389648438,17.399999618530273,704600
2008-12-11,EWG,17.420000076293945,17.829999923706055,17.3700008392334,17.450000762939453,509600
2008-12-12,EWG,17.020000457763672,17.68000030517578,16.950000762939453,17.530000686645508,588500
2008-12-15,EWG,17.75,17.8799991607666,17.530000686645508,17.829999923706055,696600
2008-12-16,EWG,17.8700008392334,19.3799991607666,17.850000381469727,19.15999984741211,1267900
2008-12-17,EWG,18.719999313354492,19.100000381469727,18.549999237060547,18.93000030517578,691700
2008-12-18,EWG,19.100000381469727,19.209999084472656,18.43000030517578,18.600000381469727,569000
2008-12-19,EWG,18.440000534057617,18.510000228881836,17.950000762939453,18.049999237060547,682300
2008-12-22,EWG,18.1200008392334,18.25,17.719999313354492,17.90999984741211,503300
2008-12-23,EWG,18.09000015258789,18.280000686645508,17.84000015258789,17.8799991607666,442500
2008-12-24,EWG,16.979999542236328,18.149999618530273,16.979999542236328,18.149999618530273,378000
2008-12-26,EWG,18.1200008392334,18.149999618530273,17.950000762939453,18.06999969482422,214500
2008-12-29,EWG,18.68000030517578,18.729999542236328,18.239999771118164,18.31999969482422,1084700
2008-12-30,EWG,18.799999237060547,19.0,18.729999542236328,18.969999313354492,370700
2008-12-31,EWG,18.719999313354492,19.299999237060547,18.719999313354492,19.219999313354492,826000
2009-01-02,EWG,18.959999084472656,19.40999984741211,18.860000610351562,19.329999923706055,372700
2009-01-05,EWG,18.940000534057617,18.979999542236328,18.729999542236328,18.850000381469727,788100
2009-01-06,EWG,18.959999084472656,19.059999465942383,18.649999618530273,18.90999984741211,471700
2009-01-07,EWG,18.829999923706055,18.8700008392334,18.510000228881836,18.6299991607666,681600
2009-01-08,EWG,18.540000915527344,18.760000228881836,18.389999389648438,18.729999542236328,500300
2009-01-09,EWG,18.450000762939453,18.5,17.75,17.770000457763672,684500
2009-01-12,EWG,17.75,17.75,17.270000457763672,17.360000610351562,301900
2009-01-13,EWG,17.059999465942383,17.139999389648438,16.790000915527344,16.920000076293945,298900
2009-01-14,EWG,16.3700008392334,17.200000762939453,15.9399995803833,15.9399995803833,460100
2009-01-15,EWG,16.079999923706055,16.239999771118164,15.579999923706055,16.09000015258789,5349600
2009-01-16,EWG,16.450000762939453,16.450000762939453,15.789999961853027,16.149999618530273,579200
2009-01-20,EWG,15.529999732971191,15.649999618530273,14.920000076293945,14.949999809265137,797900
2009-01-21,EWG,15.3100004196167,15.760000228881836,15.069999694824219,15.670000076293945,834300
2009-01-22,EWG,15.010000228881836,15.510000228881836,15.010000228881836,15.319999694824219,552900
2009-01-23,EWG,14.770000457763672,15.289999961853027,14.609999656677246,14.979999542236328,570300
2009-01-26,EWG,15.369999885559082,15.9399995803833,15.210000038146973,15.619999885559082,415900
2009-01-27,EWG,15.779999732971191,15.930000305175781,15.539999961853027,15.829999923706055,947700
2009-01-28,EWG,16.479999542236328,16.729999542236328,16.079999923706055,16.559999465942383,393600
2009-01-29,EWG,16.139999389648438,16.190000534057617,15.729999542236328,15.8100004196167,298300
2009-01-30,EWG,15.880000114440918,15.979999542236328,15.34000015258789,15.5,466700
2009-02-02,EWG,15.020000457763672,15.4399995803833,15.020000457763672,15.25,537800
2009-02-03,EWG,15.5,16.020000457763672,15.390000343322754,15.970000267028809,586300
2009-02-04,EWG,15.829999923706055,16.25,15.710000038146973,15.739999771118164,598100
2009-02-05,EWG,15.670000076293945,16.309999465942383,15.579999923706055,16.049999237060547,498200
2009-02-06,EWG,16.309999465942383,16.829999923706055,16.229999542236328,16.600000381469727,580400
2009-02-09,EWG,16.790000915527344,16.969999313354492,16.670000076293945,16.790000915527344,311400
2009-02-10,EWG,16.649999618530273,16.760000228881836,15.800000190734863,15.899999618530273,451400
2009-02-11,EWG,16.18000030517578,17.0,15.880000114440918,16.100000381469727,312400
2009-02-12,EWG,15.59000015258789,15.890000343322754,15.40999984741211,15.850000381469727,784400
2009-02-13,EWG,15.75,15.880000114440918,15.619999885559082,15.649999618530273,230200
2009-02-17,EWG,15.649999618530273,15.649999618530273,14.619999885559082,14.649999618530273,778700
2009-02-18,EWG,14.6899995803833,14.739999771118164,14.350000381469727,14.529999732971191,579800
2009-02-19,EWG,14.869999885559082,15.130000114440918,14.600000381469727,14.609999656677246,364900
2009-02-20,EWG,14.1899995803833,15.329999923706055,14.0600004196167,14.329999923706055,1075800
2009-02-23,EWG,14.399999618530273,14.399999618530273,13.569999694824219,13.619999885559082,837200
2009-02-24,EWG,13.640000343322754,14.210000038146973,13.569999694824219,14.130000114440918,752800
2009-02-25,EWG,13.9399995803833,13.9399995803833,13.399999618530273,13.649999618530273,1292800
2009-02-26,EWG,13.90999984741211,14.069999694824219,13.630000114440918,13.6899995803833,414500
2009-02-27,EWG,13.420000076293945,13.710000038146973,13.260000228881836,13.489999771118164,321100
2009-03-02,EWG,13.050000190734863,13.199999809265137,12.779999732971191,12.779999732971191,688600
2009-03-03,EWG,13.0,13.119999885559082,12.760000228881836,12.869999885559082,480500
2009-03-04,EWG,13.180000305175781,13.739999771118164,13.140000343322754,13.539999961853027,661100
2009-03-05,EWG,13.989999771118164,13.989999771118164,12.6899995803833,12.770000457763672,594700
2009-03-06,EWG,13.039999961853027,13.229999542236328,12.609999656677246,12.819999694824219,704400
2009-03-09,EWG,12.470000267028809,12.930000305175781,12.470000267028809,12.729999542236328,409100
2009-03-10,EWG,13.199999809265137,13.710000038146973,13.199999809265137,13.550000190734863,1124900
2009-03-11,EWG,13.869999885559082,14.029999732971191,13.59000015258789,13.789999961853027,716500
2009-03-12,EWG,13.670000076293945,14.229999542236328,13.479999542236328,14.210000038146973,2966700
2009-03-13,EWG,14.279999732971191,14.350000381469727,13.949999809265137,14.180000305175781,517800
2009-03-16,EWG,14.489999771118164,14.600000381469727,14.260000228881836,14.300000190734863,1310700
2009-03-17,EWG,14.210000038146973,14.479999542236328,14.079999923706055,14.479999542236328,1286500
2009-03-18,EWG,14.329999923706055,15.130000114440918,14.260000228881836,15.0600004196167,711900
2009-03-19,EWG,15.5,15.670000076293945,15.109999656677246,15.170000076293945,880700
2009-03-20,EWG,15.1899995803833,15.260000228881836,14.90999984741211,14.949999809265137,628000
2009-03-23,EWG,15.3100004196167,15.899999618530273,15.220000267028809,15.899999618530273,695000
2009-03-24,EWG,15.4399995803833,15.710000038146973,15.329999923706055,15.34000015258789,396400
2009-03-25,EWG,15.4399995803833,15.890000343322754,15.399999618530273,15.6899995803833,646000
2009-03-26,EWG,17.06999969482422,17.06999969482422,15.680000305175781,15.90999984741211,1607600
2009-03-27,EWG,15.399999618530273,15.430000305175781,15.1899995803833,15.3100004196167,471100
2009-03-30,EWG,14.680000305175781,14.739999771118164,14.350000381469727,14.520000457763672,742200
2009-03-31,EWG,14.8100004196167,15.109999656677246,14.75,14.970000267028809,388100
2009-04-01,EWG,14.710000038146973,15.260000228881836,14.630000114440918,15.199999809265137,433600
2009-04-02,EWG,15.930000305175781,16.389999389648438,15.90999984741211,16.100000381469727,1025900
2009-04-03,EWG,16.139999389648438,16.489999771118164,16.1200008392334,16.489999771118164,565400
2009-04-06,EWG,16.09000015258789,16.219999313354492,15.899999618530273,16.170000076293945,366300
2009-04-07,EWG,15.8100004196167,15.9399995803833,15.65999984741211,15.680000305175781,670300
2009-04-08,EWG,15.970000267028809,16.1200008392334,15.770000457763672,15.970000267028809,218300
2009-04-09,EWG,16.360000610351562,16.530000686645508,16.229999542236328,16.3799991607666,449600
2009-04-13,EWG,16.389999389648438,16.809999465942383,16.360000610351562,16.690000534057617,570700
2009-04-14,EWG,16.520000457763672,16.760000228881836,16.469999313354492,16.520000457763672,953100
2009-04-15,EWG,16.3799991607666,16.780000686645508,16.309999465942383,16.75,505100
2009-04-16,EWG,16.90999984741211,16.969999313354492,16.700000762939453,16.90999984741211,414600
2009-04-17,EWG,16.829999923706055,16.93000030517578,16.719999313354492,16.829999923706055,791500
2009-04-20,EWG,16.399999618530273,16.399999618530273,15.930000305175781,15.930000305175781,889700
2009-04-21,EWG,15.770000457763672,16.280000686645508,15.739999771118164,16.260000228881836,546200
2009-04-22,EWG,16.040000915527344,16.649999618530273,16.040000915527344,16.399999618530273,5088000
2009-04-23,EWG,16.450000762939453,16.709999084472656,16.329999923706055,16.709999084472656,1779000
2009-04-24,EWG,17.049999237060547,17.170000076293945,16.940000534057617,17.0,794800
2009-04-27,EWG,16.770000457763672,17.100000381469727,16.670000076293945,16.739999771118164,793800
2009-04-28,EWG,16.469999313354492,16.860000610351562,16.389999389648438,16.68000030517578,465300
2009-04-29,EWG,16.93000030517578,17.389999389648438,16.93000030517578,17.1299991607666,585900
2009-04-30,EWG,17.5,17.6200008392334,17.229999542236328,17.290000915527344,487000
2009-05-01,EWG,17.25,17.540000915527344,17.15999984741211,17.420000076293945,655000
2009-05-04,EWG,17.709999084472656,18.170000076293945,17.68000030517578,18.1299991607666,673900
2009-05-05,EWG,18.079999923706055,18.149999618530273,17.799999237060547,17.829999923706055,1142100
2009-05-06,EWG,18.170000076293945,18.219999313354492,17.8799991607666,18.15999984741211,735900
2009-05-07,EWG,19.780000686645508,19.780000686645508,17.65999984741211,17.799999237060547,860400
2009-05-08,EWG,18.149999618530273,18.649999618530273,18.139999389648438,18.639999389648438,717500
2009-05-11,EWG,18.15999984741211,18.25,18.020000457763672,18.100000381469727,325600
2009-05-12,EWG,18.420000076293945,18.420000076293945,18.020000457763672,18.25,171200
2009-05-13,EWG,17.719999313354492,17.75,17.489999771118164,17.530000686645508,340900
2009-05-14,EWG,17.479999542236328,17.850000381469727,17.459999084472656,17.739999771118164,320400
2009-05-15,EWG,17.639999389648438,17.829999923706055,17.350000381469727,17.420000076293945,725700
2009-05-18,EWG,17.760000228881836,18.190000534057617,17.719999313354492,18.190000534057617,343900
2009-05-19,EWG,18.34000015258789,18.690000534057617,18.309999465942383,18.510000228881836,1565700
2009-05-20,EWG,18.729999542236328,19.15999984741211,18.729999542236328,18.860000610351562,1367500
2009-05-21,EWG,18.6299991607666,18.729999542236328,18.43000030517578,18.65999984741211,722200
2009-05-22,EWG,18.8799991607666,18.93000030517578,18.670000076293945,18.829999923706055,406500
2009-05-26,EWG,18.329999923706055,19.209999084472656,18.299999237060547,19.100000381469727,1426800
2009-05-27,EWG,19.1299991607666,19.219999313354492,18.780000686645508,18.84000015258789,324700
2009-05-28,EWG,18.979999542236328,19.06999969482422,18.6299991607666,19.0,509300
2009-05-29,EWG,19.209999084472656,19.34000015258789,19.030000686645508,19.34000015258789,2090400
2009-06-01,EWG,19.8799991607666,20.079999923706055,19.780000686645508,19.950000762939453,1228300
2009-06-02,EWG,19.989999771118164,20.280000686645508,19.989999771118164,20.260000228881836,1130700
2009-06-03,EWG,19.84000015258789,19.8700008392334,19.440000534057617,19.6200008392334,455800
2009-06-04,EWG,19.739999771118164,19.8700008392334,19.59000015258789,19.760000228881836,305500
2009-06-05,EWG,21.469999313354492,21.469999313354492,19.34000015258789,19.389999389648438,429100
2009-06-08,EWG,19.170000076293945,19.299999237060547,18.950000762939453,19.299999237060547,798500
2009-06-09,EWG,19.270000457763672,19.420000076293945,19.1200008392334,19.290000915527344,1425800
2009-06-10,EWG,19.700000762939453,19.75,19.170000076293945,19.420000076293945,808500
2009-06-11,EWG,19.600000381469727,19.93000030517578,19.530000686645508,19.649999618530273,635900
2009-06-12,EWG,19.479999542236328,19.579999923706055,19.34000015258789,19.540000915527344,527300
2009-06-15,EWG,18.959999084472656,18.969999313354492,18.459999084472656,18.649999618530273,927200
2009-06-16,EWG,18.549999237060547,18.760000228881836,18.34000015258789,18.34000015258789,1295100
2009-06-17,EWG,18.3799991607666,18.489999771118164,18.079999923706055,18.389999389648438,634000
2009-06-18,EWG,18.3700008392334,18.600000381469727,18.309999465942383,18.3799991607666,2698000
2009-06-19,EWG,18.510000228881836,18.6200008392334,18.389999389648438,18.489999771118164,362300
2009-06-22,EWG,18.020000457763672,18.440000534057617,17.770000457763672,17.81999969482422,1145300
2009-06-23,EWG,17.579999923706055,17.850000381469727,17.450000762939453,17.6200008392334,670300
2009-06-24,EWG,17.780000686645508,18.049999237060547,17.6299991607666,17.739999771118164,428700
2009-06-25,EWG,17.579999923706055,18.020000457763672,17.510000228881836,17.940000534057617,349200
2009-06-26,EWG,17.920000076293945,17.950000762939453,17.770000457763672,17.8799991607666,376600
2009-06-29,EWG,18.059999465942383,18.31999969482422,17.93000030517578,18.229999542236328,395900
2009-06-30,EWG,18.299999237060547,18.350000381469727,17.860000610351562,17.979999542236328,451500
2009-07-01,EWG,18.299999237060547,18.549999237060547,18.270000457763672,18.360000610351562,1060400
2009-07-02,EWG,17.899999618530273,17.90999984741211,17.559999465942383,17.639999389648438,556300
2009-07-06,EWG,17.229999542236328,17.459999084472656,17.1200008392334,17.459999084472656,593300
2009-07-07,EWG,17.31999969482422,17.3700008392334,16.90999984741211,16.940000534057617,492300
2009-07-08,EWG,17.09000015258789,17.149999618530273,16.75,16.920000076293945,1416600
2009-07-09,EWG,17.270000457763672,17.3700008392334,17.1299991607666,17.270000457763672,581500
2009-07-10,EWG,17.049999237060547,17.219999313354492,16.899999618530273,17.040000915527344,902800
2009-07-13,EWG,17.290000915527344,17.670000076293945,17.190000534057617,17.600000381469727,1373400
2009-07-14,EWG,17.68000030517578,17.81999969482422,17.56999969482422,17.700000762939453,656300
2009-07-15,EWG,18.25,18.59000015258789,18.209999084472656,18.56999969482422,1231700
2009-07-16,EWG,18.649999618530273,18.889999389648438,18.559999465942383,18.809999465942383,493500
2009-07-17,EWG,18.68000030517578,18.790000915527344,18.610000610351562,18.719999313354492,1116800
2009-07-20,EWG,18.989999771118164,19.1200008392334,18.889999389648438,19.100000381469727,492200
2009-07-21,EWG,19.469999313354492,19.469999313354492,19.079999923706055,19.229999542236328,630000
2009-07-22,EWG,19.06999969482422,19.450000762939453,19.06999969482422,19.290000915527344,388100
2009-07-23,EWG,19.260000228881836,19.920000076293945,19.229999542236328,19.790000915527344,927400
2009-07-24,EWG,19.780000686645508,19.90999984741211,19.559999465942383,19.90999984741211,3413700
2009-07-27,EWG,19.790000915527344,19.940000534057617,19.6200008392334,19.93000030517578,860200
2009-07-28,EWG,19.6200008392334,19.729999542236328,19.34000015258789,19.639999389648438,560400
2009-07-29,EWG,19.700000762939453,19.829999923706055,19.520000457763672,19.639999389648438,459400
2009-07-30,EWG,19.809999465942383,20.059999465942383,19.68000030517578,19.809999465942383,2507500
2009-07-31,EWG,19.959999084472656,20.229999542236328,19.850000381469727,20.139999389648438,449800
2009-08-03,EWG,20.530000686645508,20.850000381469727,20.479999542236328,20.790000915527344,457300
2009-08-04,EWG,20.6299991607666,20.790000915527344,20.549999237060547,20.729999542236328,950500
2009-08-05,EWG,20.770000457763672,20.770000457763672,20.309999465942383,20.56999969482422,964500
2009-08-06,EWG,20.670000076293945,20.670000076293945,20.290000915527344,20.420000076293945,2706800
2009-08-07,EWG,20.649999618530273,20.68000030517578,20.40999984741211,20.40999984741211,304300
2009-08-10,EWG,20.329999923706055,20.399999618530273,20.200000762939453,20.299999237060547,520900
2009-08-11,EWG,20.010000228881836,20.049999237060547,19.760000228881836,19.959999084472656,853800
2009-08-12,EWG,20.0,20.31999969482422,20.0,20.15999984741211,512200
2009-08-13,EWG,20.540000915527344,20.56999969482422,20.299999237060547,20.469999313354492,464000
2009-08-14,EWG,20.540000915527344,20.549999237060547,20.040000915527344,20.219999313354492,728600
2009-08-17,EWG,19.530000686645508,19.579999923706055,19.40999984741211,19.56999969482422,1378900
2009-08-18,EWG,19.549999237060547,19.829999923706055,19.510000228881836,19.719999313354492,444800
2009-08-19,EWG,19.559999465942383,20.139999389648438,19.559999465942383,19.969999313354492,1569400
2009-08-20,EWG,20.020000457763672,20.299999237060547,19.979999542236328,20.190000534057617,504400
2009-08-21,EWG,20.68000030517578,20.969999313354492,20.670000076293945,20.84000015258789,661000
2009-08-24,EWG,20.979999542236328,21.100000381469727,20.81999969482422,20.84000015258789,539100
2009-08-25,EWG,21.18000030517578,21.5,21.06999969482422,21.100000381469727,432200
2009-08-26,EWG,20.969999313354492,21.049999237060547,20.81999969482422,21.049999237060547,391000
2009-08-27,EWG,20.950000762939453,21.219999313354492,20.59000015258789,21.1200008392334,3099900
2009-08-28,EWG,21.3700008392334,21.399999618530273,21.0,21.079999923706055,531500
2009-08-31,EWG,20.90999984741211,20.989999771118164,20.770000457763672,20.90999984741211,503600
2009-09-01,EWG,20.59000015258789,20.8700008392334,20.06999969482422,20.170000076293945,920200
2009-09-02,EWG,20.030000686645508,20.260000228881836,19.969999313354492,20.149999618530273,1569500
2009-09-03,EWG,20.389999389648438,20.389999389648438,20.06999969482422,20.239999771118164,797500
2009-09-04,EWG,20.309999465942383,20.709999084472656,20.219999313354492,20.68000030517578,1523500
2009-09-08,EWG,21.139999389648438,21.239999771118164,21.030000686645508,21.200000762939453,1220400
2009-09-09,EWG,21.450000762939453,21.65999984741211,21.3799991607666,21.510000228881836,1239200
2009-09-10,EWG,21.559999465942383,21.860000610351562,21.389999389648438,21.81999969482422,528000
2009-09-11,EWG,21.950000762939453,21.979999542236328,21.690000534057617,21.829999923706055,517900
2009-09-14,EWG,21.6299991607666,21.940000534057617,21.6299991607666,21.899999618530273,734300
2009-09-15,EWG,21.940000534057617,22.059999465942383,21.68000030517578,22.030000686645508,1635700
2009-09-16,EWG,22.25,22.479999542236328,22.18000030517578,22.420000076293945,584900
2009-09-17,EWG,22.399999618530273,22.559999465942383,22.280000686645508,22.420000076293945,521600
2009-09-18,EWG,22.530000686645508,22.59000015258789,22.31999969482422,22.43000030517578,482300
2009-09-21,EWG,21.989999771118164,22.18000030517578,21.700000762939453,22.15999984741211,643400
2009-09-22,EWG,22.540000915527344,22.540000915527344,22.34000015258789,22.479999542236328,960100
2009-09-23,EWG,22.579999923706055,22.639999389648438,22.200000762939453,22.25,1420100
2009-09-24,EWG,22.420000076293945,22.469999313354492,21.709999084472656,21.81999969482422,869900
2009-09-25,EWG,21.760000228881836,21.899999618530273,21.639999389648438,21.760000228881836,746200
2009-09-28,EWG,22.0,22.389999389648438,21.979999542236328,22.229999542236328,1519400
2009-09-29,EWG,22.190000534057617,22.239999771118164,22.010000228881836,22.15999984741211,640200
2009-09-30,EWG,22.280000686645508,22.299999237060547,21.84000015258789,22.190000534057617,714800
2009-10-01,EWG,21.989999771118164,21.989999771118164,21.3799991607666,21.40999984741211,628700
2009-10-02,EWG,21.170000076293945,21.450000762939453,21.010000228881836,21.290000915527344,9296000
2009-10-05,EWG,21.309999465942383,21.690000534057617,21.280000686645508,21.59000015258789,851500
2009-10-06,EWG,21.920000076293945,22.270000457763672,21.899999618530273,22.09000015258789,918500
2009-10-07,EWG,22.09000015258789,22.209999084472656,22.040000915527344,22.149999618530273,1062500
2009-10-08,EWG,22.399999618530273,22.639999389648438,22.270000457763672,22.5,1869300
2009-10-09,EWG,22.420000076293945,22.540000915527344,22.350000381469727,22.469999313354492,801200
2009-10-12,EWG,22.790000915527344,22.940000534057617,22.68000030517578,22.739999771118164,809200
2009-10-13,EWG,22.709999084472656,22.829999923706055,22.5,22.719999313354492,585300
2009-10-14,EWG,23.239999771118164,23.34000015258789,23.110000610351562,23.31999969482422,534500
2009-10-15,EWG,23.209999084472656,23.350000381469727,23.100000381469727,23.350000381469727,907000
2009-10-16,EWG,22.899999618530273,22.979999542236328,22.700000762939453,22.8700008392334,1199200
2009-10-19,EWG,23.1299991607666,23.350000381469727,22.979999542236328,23.280000686645508,545700
2009-10-20,EWG,23.350000381469727,23.350000381469727,22.93000030517578,23.100000381469727,701600
2009-10-21,EWG,23.010000228881836,23.399999618530273,22.969999313354492,23.040000915527344,2380200
2009-10-22,EWG,23.010000228881836,23.299999237060547,22.780000686645508,23.299999237060547,725000
2009-10-23,EWG,23.309999465942383,23.309999465942383,22.860000610351562,23.1200008392334,1005600
2009-10-26,EWG,23.020000457763672,23.190000534057617,22.280000686645508,22.399999618530273,1382500
2009-10-27,EWG,22.31999969482422,22.389999389648438,21.989999771118164,22.06999969482422,916800
2009-10-28,EWG,21.809999465942383,21.899999618530273,21.280000686645508,21.280000686645508,1773200
2009-10-29,EWG,21.739999771118164,22.1200008392334,21.709999084472656,22.049999237060547,869800
2009-10-30,EWG,21.809999465942383,21.899999618530273,21.0,21.0,1008000
2009-11-02,EWG,21.1299991607666,21.549999237060547,20.889999389648438,21.170000076293945,735400
2009-11-03,EWG,20.8700008392334,21.09000015258789,20.770000457763672,21.059999465942383,771000
2009-11-04,EWG,21.3799991607666,21.600000381469727,21.280000686645508,21.329999923706055,1159300
2009-11-05,EWG,21.690000534057617,21.850000381469727,21.600000381469727,21.75,280600
2009-11-06,EWG,21.600000381469727,21.969999313354492,21.510000228881836,21.760000228881836,1592400
2009-11-09,EWG,22.270000457763672,22.6299991607666,22.260000228881836,22.6299991607666,533200
2009-11-10,EWG,22.3700008392334,22.5,22.229999542236328,22.350000381469727,977300
2009-11-11,EWG,22.65999984741211,22.770000457763672,22.399999618530273,22.610000610351562,2587000
2009-11-12,EWG,22.5,22.649999618530273,22.190000534057617,22.25,1218100
2009-11-13,EWG,22.290000915527344,22.559999465942383,22.06999969482422,22.489999771118164,1975900
2009-11-16,EWG,22.770000457763672,23.1200008392334,22.770000457763672,23.020000457763672,888100
2009-11-17,EWG,22.790000915527344,22.899999618530273,22.639999389648438,22.860000610351562,516200
2009-11-18,EWG,23.059999465942383,23.100000381469727,22.84000015258789,23.010000228881836,376100
2009-11-19,EWG,22.68000030517578,22.719999313354492,22.40999984741211,22.59000015258789,1025600
2009-11-20,EWG,22.299999237060547,22.399999618530273,22.229999542236328,22.360000610351562,301100
2009-11-23,EWG,22.90999984741211,23.079999923706055,22.84000015258789,22.90999984741211,1137200
2009-11-24,EWG,22.969999313354492,22.969999313354492,22.719999313354492,22.8799991607666,411200
2009-11-25,EWG,23.030000686645508,23.190000534057617,22.889999389648438,23.15999984741211,500100
2009-11-27,EWG,22.020000457763672,22.610000610351562,22.0,22.420000076293945,1022800
2009-11-30,EWG,22.3700008392334,22.59000015258789,22.219999313354492,22.5,1952500
2009-12-01,EWG,22.850000381469727,23.1200008392334,22.760000228881836,22.979999542236328,679300
2009-12-02,EWG,22.969999313354492,23.18000030517578,22.860000610351562,22.950000762939453,2705000
2009-12-03,EWG,23.1200008392334,23.280000686645508,22.639999389648438,22.639999389648438,788100
2009-12-04,EWG,23.049999237060547,23.1299991607666,22.600000381469727,22.719999313354492,574600
2009-12-07,EWG,22.649999618530273,22.799999237060547,22.530000686645508,22.6200008392334,3453800
2009-12-08,EWG,22.25,22.25,21.959999084472656,22.059999465942383,603600
2009-12-09,EWG,21.979999542236328,22.190000534057617,21.799999237060547,22.110000610351562,1490300
2009-12-10,EWG,22.260000228881836,22.389999389648438,22.079999923706055,22.170000076293945,432800
2009-12-11,EWG,22.3799991607666,22.40999984741211,22.190000534057617,22.239999771118164,1052600
2009-12-14,EWG,22.43000030517578,22.489999771118164,22.31999969482422,22.450000762939453,2448800
2009-12-15,EWG,22.170000076293945,22.389999389648438,22.149999618530273,22.260000228881836,647400
2009-12-16,EWG,22.549999237060547,22.709999084472656,22.510000228881836,22.610000610351562,827100
2009-12-17,EWG,22.270000457763672,22.270000457763672,22.0,22.020000457763672,662700
2009-12-18,EWG,22.209999084472656,22.309999465942383,21.93000030517578,22.170000076293945,353400
2009-12-21,EWG,22.219999313354492,22.450000762939453,22.219999313354492,22.219999313354492,706800
2009-12-22,EWG,22.459999084472656,22.479999542236328,22.280000686645508,22.399999618530273,382900
2009-12-23,EWG,22.489999771118164,22.59000015258789,22.3799991607666,22.559999465942383,446100
2009-12-24,EWG,22.68000030517578,22.739999771118164,22.610000610351562,22.709999084472656,163000
2009-12-28,EWG,22.760000228881836,22.81999969482422,22.690000534057617,22.81999969482422,284000
2009-12-29,EWG,22.920000076293945,22.950000762939453,22.68000030517578,22.790000915527344,468100
2009-12-30,EWG,22.549999237060547,22.600000381469727,22.469999313354492,22.549999237060547,827800
2009-12-31,EWG,22.670000076293945,22.75,22.420000076293945,22.440000534057617,1209000
2010-01-04,EWG,22.899999618530273,23.020000457763672,22.860000610351562,22.899999618530273,720900
2010-01-05,EWG,23.010000228881836,23.040000915527344,22.770000457763672,22.790000915527344,4531000
2010-01-06,EWG,22.850000381469727,22.969999313354492,22.780000686645508,22.93000030517578,486500
2010-01-07,EWG,22.799999237060547,22.809999465942383,22.6200008392334,22.770000457763672,504800
2010-01-08,EWG,22.770000457763672,23.0,22.709999084472656,22.799999237060547,523700
2010-01-11,EWG,23.170000076293945,23.229999542236328,23.059999465942383,23.15999984741211,575000
2010-01-12,EWG,22.760000228881836,22.850000381469727,22.6200008392334,22.760000228881836,1167800
2010-01-13,EWG,22.93000030517578,22.989999771118164,22.719999313354492,22.940000534057617,749100
2010-01-14,EWG,22.8700008392334,23.010000228881836,22.799999237060547,22.969999313354492,447500
2010-01-15,EWG,22.600000381469727,22.65999984741211,22.25,22.440000534057617,1869900
2010-01-19,EWG,22.309999465942383,22.670000076293945,22.309999465942383,22.59000015258789,1653800
2010-01-20,EWG,22.200000762939453,22.200000762939453,21.729999542236328,21.920000076293945,1060100
2010-01-21,EWG,21.90999984741211,21.959999084472656,21.139999389648438,21.25,1329100
2010-01-22,EWG,21.190000534057617,21.34000015258789,20.780000686645508,20.860000610351562,1213500
2010-01-25,EWG,21.200000762939453,21.270000457763672,20.989999771118164,21.079999923706055,1080400
2010-01-26,EWG,21.0,21.190000534057617,20.860000610351562,21.010000228881836,3545500
2010-01-27,EWG,20.969999313354492,21.020000457763672,20.75,20.969999313354492,1330500
2010-01-28,EWG,20.940000534057617,20.940000534057617,20.3799991607666,20.579999923706055,805900
2010-01-29,EWG,20.579999923706055,20.760000228881836,20.25,20.34000015258789,1155000
2010-02-01,EWG,20.59000015258789,20.799999237060547,20.59000015258789,20.700000762939453,851400
2010-02-02,EWG,20.90999984741211,21.09000015258789,20.829999923706055,21.0,5764800
2010-02-03,EWG,20.950000762939453,21.049999237060547,20.729999542236328,20.850000381469727,926300
2010-02-04,EWG,20.420000076293945,20.489999771118164,19.940000534057617,20.0,1572300
2010-02-05,EWG,19.799999237060547,19.860000610351562,19.270000457763672,19.700000762939453,3807300
2010-02-08,EWG,19.649999618530273,19.8700008392334,19.510000228881836,19.530000686645508,739400
2010-02-09,EWG,19.93000030517578,20.309999465942383,19.729999542236328,20.1200008392334,1163400
2010-02-10,EWG,20.079999923706055,20.1299991607666,19.84000015258789,20.049999237060547,2057900
2010-02-11,EWG,19.75,20.09000015258789,19.559999465942383,20.030000686645508,2934500
2010-02-12,EWG,19.65999984741211,19.84000015258789,19.5,19.770000457763672,1386300
2010-02-16,EWG,19.90999984741211,20.34000015258789,19.850000381469727,20.329999923706055,1244300
2010-02-17,EWG,20.3799991607666,20.450000762939453,20.200000762939453,20.290000915527344,1805200
2010-02-18,EWG,20.270000457763672,20.459999084472656,20.219999313354492,20.329999923706055,526800
2010-02-19,EWG,20.239999771118164,20.469999313354492,20.15999984741211,20.3799991607666,557400
2010-02-22,EWG,20.530000686645508,20.530000686645508,20.31999969482422,20.389999389648438,615100
2010-02-23,EWG,20.200000762939453,20.219999313354492,19.8799991607666,19.979999542236328,895700
2010-02-24,EWG,20.0,20.190000534057617,19.889999389648438,20.010000228881836,1826600
2010-02-25,EWG,19.639999389648438,19.93000030517578,19.56999969482422,19.93000030517578,691200
2010-02-26,EWG,19.899999618530273,20.170000076293945,19.739999771118164,20.049999237060547,2686300
2010-03-01,EWG,20.209999084472656,20.40999984741211,20.1299991607666,20.31999969482422,1936500
2010-03-02,EWG,20.600000381469727,20.719999313354492,20.469999313354492,20.6299991607666,783800
2010-03-03,EWG,20.799999237060547,21.059999465942383,20.780000686645508,20.84000015258789,2130400
2010-03-04,EWG,20.920000076293945,20.959999084472656,20.670000076293945,20.790000915527344,1611300
2010-03-05,EWG,20.93000030517578,21.15999984741211,20.8700008392334,21.110000610351562,1493700
2010-03-08,EWG,21.15999984741211,21.219999313354492,21.040000915527344,21.059999465942383,1399600
2010-03-09,EWG,20.899999618530273,21.149999618530273,20.860000610351562,21.030000686645508,1756200
2010-03-10,EWG,21.1299991607666,21.399999618530273,21.1200008392334,21.280000686645508,524900
2010-03-11,EWG,21.31999969482422,21.43000030517578,21.219999313354492,21.420000076293945,1005200
2010-03-12,EWG,21.59000015258789,21.600000381469727,21.440000534057617,21.549999237060547,347300
2010-03-15,EWG,21.459999084472656,21.469999313354492,21.200000762939453,21.3700008392334,410000
2010-03-16,EWG,21.510000228881836,21.690000534057617,21.43000030517578,21.670000076293945,477500
2010-03-17,EWG,21.799999237060547,21.8700008392334,21.729999542236328,21.780000686645508,1140800
2010-03-18,EWG,21.700000762939453,21.760000228881836,21.440000534057617,21.600000381469727,437800
2010-03-19,EWG,21.350000381469727,21.520000457763672,21.190000534057617,21.350000381469727,447200
2010-03-22,EWG,21.0,21.40999984741211,20.979999542236328,21.389999389648438,419800
2010-03-23,EWG,21.389999389648438,21.510000228881836,21.270000457763672,21.479999542236328,646400
2010-03-24,EWG,21.15999984741211,21.260000228881836,21.049999237060547,21.190000534057617,2120000
2010-03-25,EWG,21.469999313354492,21.6200008392334,21.34000015258789,21.34000015258789,1235500
2010-03-26,EWG,21.530000686645508,21.68000030517578,21.459999084472656,21.59000015258789,1515400
2010-03-29,EWG,21.75,21.860000610351562,21.700000762939453,21.84000015258789,492400
2010-03-30,EWG,21.889999389648438,21.889999389648438,21.649999618530273,21.780000686645508,612800
2010-03-31,EWG,21.799999237060547,21.959999084472656,21.739999771118164,21.8700008392334,1708000
2010-04-01,EWG,22.100000381469727,22.309999465942383,22.079999923706055,22.229999542236328,1047000
2010-04-05,EWG,22.260000228881836,22.34000015258789,22.15999984741211,22.260000228881836,1723400
2010-04-06,EWG,21.899999618530273,22.1299991607666,21.889999389648438,22.1299991607666,2170700
2010-04-07,EWG,21.940000534057617,21.989999771118164,21.799999237060547,21.90999984741211,1324400
2010-04-08,EWG,21.579999923706055,21.8700008392334,21.540000915527344,21.8700008392334,1506800
2010-04-09,EWG,21.920000076293945,22.229999542236328,21.90999984741211,22.170000076293945,1063200
2010-04-12,EWG,22.34000015258789,22.43000030517578,22.280000686645508,22.360000610351562,716000
2010-04-13,EWG,22.350000381469727,22.389999389648438,22.1299991607666,22.3700008392334,682700
2010-04-14,EWG,22.530000686645508,22.65999984741211,22.43000030517578,22.6299991607666,1416800
2010-04-15,EWG,22.440000534057617,22.59000015258789,22.389999389648438,22.579999923706055,3449800
2010-04-16,EWG,22.3700008392334,22.459999084472656,21.93000030517578,22.110000610351562,1138200
2010-04-19,EWG,21.850000381469727,22.030000686645508,21.780000686645508,22.0,1133400
2010-04-20,EWG,22.260000228881836,22.280000686645508,22.170000076293945,22.260000228881836,663500
2010-04-21,EWG,22.1200008392334,22.190000534057617,21.950000762939453,22.110000610351562,971800
2010-04-22,EWG,21.729999542236328,21.90999984741211,21.540000915527344,21.90999984741211,1115900
2010-04-23,EWG,21.90999984741211,22.209999084472656,21.8799991607666,22.149999618530273,842000
2010-04-26,EWG,22.209999084472656,22.329999923706055,22.170000076293945,22.260000228881836,480400
2010-04-27,EWG,21.93000030517578,22.15999984741211,21.219999313354492,21.299999237060547,1354600
2010-04-28,EWG,21.360000610351562,21.389999389648438,20.920000076293945,21.200000762939453,2938400
2010-04-29,EWG,21.3700008392334,21.510000228881836,21.299999237060547,21.469999313354492,2249000
2010-04-30,EWG,21.56999969482422,21.68000030517578,21.31999969482422,21.389999389648438,2910500
2010-05-03,EWG,21.40999984741211,21.56999969482422,21.350000381469727,21.5,2118700
2010-05-04,EWG,20.8700008392334,20.899999618530273,20.520000457763672,20.59000015258789,1296200
2010-05-05,EWG,20.079999923706055,20.389999389648438,20.0,20.049999237060547,3995900
2010-05-06,EWG,19.950000762939453,21.600000381469727,18.579999923706055,19.31999969482422,4486200
2010-05-07,EWG,19.450000762939453,19.65999984741211,18.770000457763672,19.18000030517578,5636500
2010-05-10,EWG,20.329999923706055,20.469999313354492,20.049999237060547,20.190000534057617,3900000
2010-05-11,EWG,19.770000457763672,20.43000030517578,19.770000457763672,20.139999389648438,2284700
2010-05-12,EWG,20.549999237060547,20.760000228881836,20.5,20.6200008392334,2454100
2010-05-13,EWG,20.6200008392334,20.799999237060547,20.450000762939453,20.450000762939453,1955100
2010-05-14,EWG,20.270000457763672,20.31999969482422,19.579999923706055,19.809999465942383,2300800
2010-05-17,EWG,19.90999984741211,20.079999923706055,19.389999389648438,19.920000076293945,8642400
2010-05-18,EWG,20.170000076293945,20.209999084472656,19.5,19.6200008392334,9374700
2010-05-19,EWG,19.450000762939453,19.709999084472656,19.270000457763672,19.65999984741211,5600200
2010-05-20,EWG,19.020000457763672,19.459999084472656,18.68000030517578,19.09000015258789,4447600
2010-05-21,EWG,18.760000228881836,19.299999237060547,18.709999084472656,19.239999771118164,3851300
2010-05-24,EWG,18.889999389648438,19.020000457763672,18.690000534057617,18.760000228881836,2236100
2010-05-25,EWG,18.100000381469727,18.59000015258789,17.969999313354492,18.579999923706055,3775600
2010-05-26,EWG,18.59000015258789,18.780000686645508,18.219999313354492,18.290000915527344,3469200
2010-05-27,EWG,18.93000030517578,19.399999618530273,18.850000381469727,19.3799991607666,2605400
2010-05-28,EWG,19.350000381469727,19.43000030517578,19.030000686645508,19.149999618530273,1989700
2010-06-01,EWG,18.809999465942383,19.489999771118164,18.790000915527344,19.0,2874100
2010-06-02,EWG,19.09000015258789,19.420000076293945,18.959999084472656,19.399999618530273,3568000
2010-06-03,EWG,19.559999465942383,19.610000610351562,19.239999771118164,19.389999389648438,12235200
2010-06-04,EWG,18.770000457763672,18.93000030517578,18.43000030517578,18.510000228881836,5453900
2010-06-07,EWG,18.559999465942383,18.670000076293945,18.309999465942383,18.329999923706055,5196300
2010-06-08,EWG,18.31999969482422,18.56999969482422,18.139999389648438,18.479999542236328,2553000
2010-06-09,EWG,18.770000457763672,18.989999771118164,18.530000686645508,18.6200008392334,3632800
2010-06-10,EWG,19.190000534057617,19.389999389648438,19.100000381469727,19.3700008392334,2021500
2010-06-11,EWG,19.06999969482422,19.3799991607666,19.049999237060547,19.34000015258789,1488400
2010-06-14,EWG,19.68000030517578,19.809999465942383,19.489999771118164,19.5,1701200
2010-06-15,EWG,19.8700008392334,20.170000076293945,19.809999465942383,20.139999389648438,1697400
2010-06-16,EWG,19.8799991607666,20.100000381469727,19.850000381469727,20.049999237060547,3352800
2010-06-17,EWG,20.229999542236328,20.270000457763672,20.020000457763672,20.229999542236328,2430700
2010-06-18,EWG,20.239999771118164,20.329999923706055,20.100000381469727,20.219999313354492,2141200
2010-06-21,EWG,20.469999313354492,20.510000228881836,20.1299991607666,20.239999771118164,2097700
2010-06-22,EWG,20.229999542236328,20.299999237060547,19.979999542236328,20.06999969482422,1586000
2010-06-23,EWG,19.81999969482422,19.959999084472656,19.549999237060547,19.81999969482422,2211300
2010-06-24,EWG,19.700000762939453,19.719999313354492,19.40999984741211,19.600000381469727,1057000
2010-06-25,EWG,19.3700008392334,19.56999969482422,19.190000534057617,19.56999969482422,2048900
2010-06-28,EWG,19.610000610351562,19.940000534057617,19.3700008392334,19.5,1503300
2010-06-29,EWG,19.020000457763672,19.020000457763672,18.670000076293945,18.809999465942383,1894700
2010-06-30,EWG,18.81999969482422,19.0,18.65999984741211,18.709999084472656,5453300
2010-07-01,EWG,19.020000457763672,19.100000381469727,18.739999771118164,19.030000686645508,2857700
2010-07-02,EWG,19.079999923706055,19.219999313354492,18.790000915527344,18.8799991607666,1951200
2010-07-06,EWG,19.450000762939453,19.59000015258789,19.190000534057617,19.280000686645508,2739700
2010-07-07,EWG,19.31999969482422,19.770000457763672,19.290000915527344,19.739999771118164,3217700
2010-07-08,EWG,19.81999969482422,19.899999618530273,19.670000076293945,19.850000381469727,6034500
2010-07-09,EWG,19.75,19.90999984741211,19.709999084472656,19.8700008392334,1771100
2010-07-12,EWG,19.760000228881836,19.8700008392334,19.670000076293945,19.799999237060547,1497100
2010-07-13,EWG,20.149999618530273,20.3700008392334,20.149999618530273,20.34000015258789,4706600
2010-07-14,EWG,20.239999771118164,20.510000228881836,20.219999313354492,20.389999389648438,3529800
2010-07-15,EWG,20.670000076293945,20.690000534057617,20.360000610351562,20.6200008392334,2743900
2010-07-16,EWG,20.56999969482422,20.56999969482422,20.06999969482422,20.1200008392334,2156900
2010-07-19,EWG,20.280000686645508,20.389999389648438,20.079999923706055,20.209999084472656,2171500
2010-07-20,EWG,19.700000762939453,20.09000015258789,19.690000534057617,20.040000915527344,5351800
2010-07-21,EWG,20.040000915527344,20.040000915527344,19.579999923706055,19.670000076293945,2865600
2010-07-22,EWG,20.239999771118164,20.549999237060547,20.239999771118164,20.450000762939453,3387700
2010-07-23,EWG,20.440000534057617,20.719999313354492,20.329999923706055,20.649999618530273,1107700
2010-07-26,EWG,20.6299991607666,20.850000381469727,20.559999465942383,20.84000015258789,3180000
2010-07-27,EWG,21.0,21.010000228881836,20.739999771118164,20.90999984741211,1899300
2010-07-28,EWG,20.709999084472656,20.84000015258789,20.670000076293945,20.690000534057617,2425400
2010-07-29,EWG,21.030000686645508,21.110000610351562,20.56999969482422,20.700000762939453,1448500
2010-07-30,EWG,20.459999084472656,20.829999923706055,20.389999389648438,20.739999771118164,922300
2010-08-02,EWG,21.239999771118164,21.469999313354492,21.190000534057617,21.43000030517578,2189600
2010-08-03,EWG,21.5,21.610000610351562,21.360000610351562,21.5,3202000
2010-08-04,EWG,21.59000015258789,21.700000762939453,21.450000762939453,21.600000381469727,2461900
2010-08-05,EWG,21.59000015258789,21.68000030517578,21.469999313354492,21.670000076293945,1589100
2010-08-06,EWG,21.540000915527344,21.770000457763672,21.479999542236328,21.709999084472656,2096400
2010-08-09,EWG,21.780000686645508,21.780000686645508,21.649999618530273,21.75,1404400
2010-08-10,EWG,21.260000228881836,21.579999923706055,21.139999389648438,21.5,2165900
2010-08-11,EWG,20.65999984741211,20.670000076293945,20.420000076293945,20.459999084472656,2766500
2010-08-12,EWG,20.190000534057617,20.3799991607666,20.190000534057617,20.299999237060547,2510200
2010-08-13,EWG,20.18000030517578,20.290000915527344,20.09000015258789,20.1299991607666,1506900
2010-08-16,EWG,20.1200008392334,20.309999465942383,20.049999237060547,20.219999313354492,1101200
2010-08-17,EWG,20.549999237060547,20.68000030517578,20.43000030517578,20.559999465942383,2134800
2010-08-18,EWG,20.649999618530273,20.670000076293945,20.43000030517578,20.559999465942383,1301900
2010-08-19,EWG,20.549999237060547,20.549999237060547,20.020000457763672,20.1299991607666,1336300
2010-08-20,EWG,19.790000915527344,19.790000915527344,19.600000381469727,19.719999313354492,2090600
2010-08-23,EWG,19.739999771118164,19.860000610351562,19.579999923706055,19.6299991607666,1525900
2010-08-24,EWG,19.34000015258789,19.450000762939453,19.1299991607666,19.360000610351562,1290300
2010-08-25,EWG,19.170000076293945,19.389999389648438,19.09000015258789,19.329999923706055,1218900
2010-08-26,EWG,19.440000534057617,19.56999969482422,19.229999542236328,19.280000686645508,2097400
2010-08-27,EWG,19.520000457763672,19.649999618530273,19.15999984741211,19.6200008392334,1715500
2010-08-30,EWG,19.40999984741211,19.440000534057617,19.209999084472656,19.209999084472656,913300
2010-08-31,EWG,19.260000228881836,19.479999542236328,19.219999313354492,19.309999465942383,1062700
2010-09-01,EWG,19.8700008392334,20.18000030517578,19.850000381469727,20.079999923706055,1787600
2010-09-02,EWG,20.15999984741211,20.239999771118164,20.100000381469727,20.229999542236328,888100
2010-09-03,EWG,20.450000762939453,20.549999237060547,20.31999969482422,20.479999542236328,755900
2010-09-07,EWG,20.190000534057617,20.200000762939453,20.020000457763672,20.059999465942383,801200
2010-09-08,EWG,20.190000534057617,20.3700008392334,20.149999618530273,20.170000076293945,1310100
2010-09-09,EWG,20.510000228881836,20.549999237060547,20.260000228881836,20.329999923706055,950500
2010-09-10,EWG,20.43000030517578,20.5,20.3700008392334,20.43000030517578,747100
2010-09-13,EWG,20.860000610351562,20.90999984741211,20.780000686645508,20.84000015258789,1617700
2010-09-14,EWG,20.84000015258789,21.18000030517578,20.729999542236328,21.079999923706055,1139600
2010-09-15,EWG,21.020000457763672,21.170000076293945,20.93000030517578,21.1299991607666,1131800
2010-09-16,EWG,21.18000030517578,21.239999771118164,21.100000381469727,21.209999084472656,1019100
2010-09-17,EWG,21.200000762939453,21.209999084472656,20.920000076293945,21.010000228881836,423200
2010-09-20,EWG,21.09000015258789,21.389999389648438,21.040000915527344,21.350000381469727,1082300
2010-09-21,EWG,21.5,21.739999771118164,21.31999969482422,21.549999237060547,1425700
2010-09-22,EWG,21.65999984741211,21.780000686645508,21.489999771118164,21.610000610351562,754800
2010-09-23,EWG,21.290000915527344,21.420000076293945,21.149999618530273,21.260000228881836,1767600
2010-09-24,EWG,21.760000228881836,22.059999465942383,21.739999771118164,22.030000686645508,1238000
2010-09-27,EWG,22.0,22.0,21.860000610351562,21.90999984741211,957700
2010-09-28,EWG,21.940000534057617,22.110000610351562,21.6200008392334,22.09000015258789,992600
2010-09-29,EWG,22.049999237060547,22.1299991607666,21.899999618530273,22.049999237060547,1447600
2010-09-30,EWG,22.209999084472656,22.350000381469727,21.850000381469727,22.0,914800
2010-10-01,EWG,22.290000915527344,22.350000381469727,22.020000457763672,22.209999084472656,846400
2010-10-04,EWG,21.889999389648438,21.969999313354492,21.649999618530273,21.760000228881836,1982600
2010-10-05,EWG,22.100000381469727,22.450000762939453,22.059999465942383,22.350000381469727,1262000
2010-10-06,EWG,22.520000457763672,22.6200008392334,22.440000534057617,22.600000381469727,1176100
2010-10-07,EWG,22.81999969482422,22.829999923706055,22.3799991607666,22.559999465942383,947900
2010-10-08,EWG,22.6299991607666,22.739999771118164,22.540000915527344,22.690000534057617,953800
2010-10-11,EWG,22.75,22.799999237060547,22.59000015258789,22.649999618530273,1619500
2010-10-12,EWG,22.6299991607666,22.829999923706055,22.3700008392334,22.760000228881836,1425600
2010-10-13,EWG,23.139999389648438,23.360000610351562,23.079999923706055,23.209999084472656,1406400
2010-10-14,EWG,23.469999313354492,23.579999923706055,23.40999984741211,23.540000915527344,927600
2010-10-15,EWG,23.670000076293945,23.700000762939453,23.350000381469727,23.5,1718400
2010-10-18,EWG,23.459999084472656,23.75,23.399999618530273,23.75,901900
2010-10-19,EWG,23.200000762939453,23.270000457763672,22.899999618530273,23.010000228881836,1659200
2010-10-20,EWG,23.239999771118164,23.670000076293945,23.219999313354492,23.59000015258789,2321900
2010-10-21,EWG,23.81999969482422,24.020000457763672,23.6200008392334,23.770000457763672,2973300
2010-10-22,EWG,23.8700008392334,23.899999618530273,23.770000457763672,23.84000015258789,1653500
2010-10-25,EWG,24.110000610351562,24.229999542236328,23.979999542236328,24.030000686645508,4592800
2010-10-26,EWG,23.700000762939453,23.81999969482422,23.610000610351562,23.809999465942383,2304200
2010-10-27,EWG,23.6200008392334,23.68000030517578,23.360000610351562,23.540000915527344,762100
2010-10-28,EWG,23.829999923706055,23.860000610351562,23.65999984741211,23.81999969482422,873200
2010-10-29,EWG,23.770000457763672,23.889999389648438,23.68000030517578,23.829999923706055,1428800
2010-11-01,EWG,23.850000381469727,23.940000534057617,23.559999465942383,23.700000762939453,1337600
2010-11-02,EWG,24.149999618530273,24.219999313354492,24.059999465942383,24.170000076293945,2111400
2010-11-03,EWG,24.170000076293945,24.3700008392334,23.90999984741211,24.299999237060547,1353500
2010-11-04,EWG,24.729999542236328,24.920000076293945,24.700000762939453,24.780000686645508,1678800
2010-11-05,EWG,24.6200008392334,24.729999542236328,24.469999313354492,24.56999969482422,1873600
2010-11-08,EWG,24.329999923706055,24.40999984741211,24.209999084472656,24.399999618530273,2552400
2010-11-09,EWG,24.549999237060547,24.579999923706055,24.020000457763672,24.1299991607666,1162600
2010-11-10,EWG,24.079999923706055,24.1299991607666,23.65999984741211,24.079999923706055,2415500
2010-11-11,EWG,23.850000381469727,23.8700008392334,23.719999313354492,23.81999969482422,5687100
2010-11-12,EWG,23.889999389648438,24.049999237060547,23.670000076293945,23.770000457763672,3889800
2010-11-15,EWG,23.979999542236328,24.030000686645508,23.780000686645508,23.799999237060547,1455900
2010-11-16,EWG,23.670000076293945,23.700000762939453,23.149999618530273,23.270000457763672,1627300
2010-11-17,EWG,23.3700008392334,23.520000457763672,23.329999923706055,23.40999984741211,1251200
2010-11-18,EWG,23.93000030517578,24.110000610351562,23.899999618530273,24.110000610351562,1793700
2010-11-19,EWG,24.09000015258789,24.299999237060547,23.969999313354492,24.270000457763672,3422500
2010-11-22,EWG,24.06999969482422,24.200000762939453,23.860000610351562,24.139999389648438,1957400
2010-11-23,EWG,23.530000686645508,23.579999923706055,23.200000762939453,23.239999771118164,3426100
2010-11-24,EWG,23.56999969482422,23.709999084472656,23.530000686645508,23.610000610351562,971500
2010-11-26,EWG,23.399999618530273,23.549999237060547,23.360000610351562,23.450000762939453,691800
2010-11-29,EWG,22.850000381469727,23.010000228881836,22.670000076293945,22.940000534057617,21242100
2010-11-30,EWG,22.440000534057617,22.709999084472656,22.389999389648438,22.530000686645508,3940700
2010-12-01,EWG,23.209999084472656,23.489999771118164,23.139999389648438,23.399999618530273,2857300
2010-12-02,EWG,23.389999389648438,23.920000076293945,23.350000381469727,23.8700008392334,1608400
2010-12-03,EWG,24.020000457763672,24.270000457763672,23.989999771118164,24.239999771118164,1620100
2010-12-06,EWG,24.010000228881836,24.110000610351562,23.920000076293945,24.06999969482422,1549400
2010-12-07,EWG,24.459999084472656,24.479999542236328,24.079999923706055,24.079999923706055,1468100
2010-12-08,EWG,24.020000457763672,24.149999618530273,23.8700008392334,24.030000686645508,6830800
2010-12-09,EWG,23.979999542236328,23.989999771118164,23.729999542236328,23.950000762939453,1875300
2010-12-10,EWG,24.020000457763672,24.09000015258789,23.90999984741211,24.059999465942383,5651100
2010-12-13,EWG,24.280000686645508,24.520000457763672,24.25,24.40999984741211,2383500
2010-12-14,EWG,24.43000030517578,24.530000686645508,24.34000015258789,24.399999618530273,986600
2010-12-15,EWG,24.209999084472656,24.350000381469727,23.950000762939453,23.979999542236328,9271700
2010-12-16,EWG,24.059999465942383,24.1299991607666,23.940000534057617,24.100000381469727,2438000
2010-12-17,EWG,24.030000686645508,24.049999237060547,23.799999237060547,23.969999313354492,4057600
2010-12-20,EWG,24.1200008392334,24.1200008392334,23.860000610351562,23.959999084472656,857000
2010-12-21,EWG,24.18000030517578,24.200000762939453,24.020000457763672,24.06999969482422,1390800
2010-12-22,EWG,24.079999923706055,24.100000381469727,24.010000228881836,24.040000915527344,3130000
2010-12-23,EWG,23.950000762939453,24.059999465942383,23.93000030517578,24.040000915527344,1262500
2010-12-27,EWG,23.790000915527344,23.850000381469727,23.690000534057617,23.850000381469727,906200
2010-12-28,EWG,23.90999984741211,23.90999984741211,23.700000762939453,23.770000457763672,2155900
2010-12-29,EWG,23.860000610351562,24.040000915527344,23.81999969482422,23.969999313354492,1440600
2010-12-30,EWG,23.899999618530273,23.959999084472656,23.600000381469727,23.770000457763672,2139300
2010-12-31,EWG,23.889999389648438,24.010000228881836,23.799999237060547,23.940000534057617,1474400
2011-01-03,EWG,24.219999313354492,24.31999969482422,24.190000534057617,24.190000534057617,2785600
2011-01-04,EWG,24.420000076293945,24.43000030517578,24.030000686645508,24.139999389648438,2460600
2011-01-05,EWG,23.540000915527344,23.81999969482422,23.520000457763672,23.780000686645508,2671800
2011-01-06,EWG,23.93000030517578,23.93000030517578,23.520000457763672,23.559999465942383,1586400
2011-01-07,EWG,23.59000015258789,23.6299991607666,23.200000762939453,23.34000015258789,1709600
2011-01-10,EWG,23.049999237060547,23.139999389648438,22.899999618530273,23.100000381469727,2022500
2011-01-11,EWG,23.260000228881836,23.440000534057617,23.190000534057617,23.40999984741211,1481200
2011-01-12,EWG,23.860000610351562,24.15999984741211,23.799999237060547,24.15999984741211,1468700
2011-01-13,EWG,24.43000030517578,24.549999237060547,24.31999969482422,24.399999618530273,3521600
2011-01-14,EWG,24.3799991607666,24.65999984741211,24.3700008392334,24.6299991607666,1588900
2011-01-18,EWG,24.829999923706055,24.940000534057617,24.719999313354492,24.799999237060547,1570200
2011-01-19,EWG,24.969999313354492,24.979999542236328,24.639999389648438,24.760000228881836,1481300
2011-01-20,EWG,24.510000228881836,24.65999984741211,24.360000610351562,24.6200008392334,1382700
2011-01-21,EWG,24.920000076293945,24.979999542236328,24.760000228881836,24.90999984741211,2026000
2011-01-24,EWG,24.65999984741211,25.030000686645508,24.65999984741211,25.030000686645508,1606100
2011-01-25,EWG,24.950000762939453,25.059999465942383,24.799999237060547,25.059999465942383,3471800
2011-01-26,EWG,25.239999771118164,25.360000610351562,25.15999984741211,25.329999923706055,3079500
2011-01-27,EWG,25.479999542236328,25.549999237060547,25.350000381469727,25.489999771118164,1558800
2011-01-28,EWG,25.40999984741211,25.489999771118164,24.90999984741211,25.0,2033800
2011-01-31,EWG,25.15999984741211,25.239999771118164,25.06999969482422,25.170000076293945,2545100
2011-02-01,EWG,25.5,25.760000228881836,25.450000762939453,25.700000762939453,11127800
2011-02-02,EWG,25.56999969482422,25.65999984741211,25.520000457763672,25.639999389648438,1178100
2011-02-03,EWG,25.43000030517578,25.459999084472656,25.219999313354492,25.440000534057617,1619700
2011-02-04,EWG,25.309999465942383,25.399999618530273,25.170000076293945,25.389999389648438,2089400
2011-02-07,EWG,25.40999984741211,25.600000381469727,25.389999389648438,25.59000015258789,1588800
2011-02-08,EWG,25.770000457763672,25.950000762939453,25.670000076293945,25.889999389648438,4656900
2011-02-09,EWG,25.940000534057617,26.149999618530273,25.889999389648438,26.149999618530273,15604000
2011-02-10,EWG,25.700000762939453,25.920000076293945,25.600000381469727,25.8799991607666,8992900
2011-02-11,EWG,25.65999984741211,25.959999084472656,25.649999618530273,25.940000534057617,4710200
2011-02-14,EWG,25.770000457763672,25.920000076293945,25.719999313354492,25.90999984741211,2757100
2011-02-15,EWG,25.90999984741211,25.940000534057617,25.770000457763672,25.790000915527344,1627000
2011-02-16,EWG,25.850000381469727,26.079999923706055,25.84000015258789,26.06999969482422,2351100
2011-02-17,EWG,25.899999618530273,26.09000015258789,25.899999618530273,26.059999465942383,1618000
2011-02-18,EWG,26.1299991607666,26.299999237060547,26.06999969482422,26.260000228881836,979900
2011-02-22,EWG,25.8799991607666,26.030000686645508,25.6200008392334,25.68000030517578,2108900
2011-02-23,EWG,25.6299991607666,25.729999542236328,25.360000610351562,25.459999084472656,3533700
2011-02-24,EWG,25.399999618530273,25.520000457763672,25.219999313354492,25.3799991607666,1536000
2011-02-25,EWG,25.479999542236328,25.6200008392334,25.450000762939453,25.549999237060547,2077600
2011-02-28,EWG,26.040000915527344,26.1299991607666,25.889999389648438,26.0,1873600
2011-03-01,EWG,26.139999389648438,26.15999984741211,25.530000686645508,25.549999237060547,2356800
2011-03-02,EWG,25.649999618530273,25.860000610351562,25.649999618530273,25.770000457763672,1476900
2011-03-03,EWG,26.200000762939453,26.270000457763672,25.959999084472656,26.260000228881836,1958100
2011-03-04,EWG,26.229999542236328,26.229999542236328,25.770000457763672,25.950000762939453,5147600
2011-03-07,EWG,26.200000762939453,26.299999237060547,25.719999313354492,25.84000015258789,5075800
2011-03-08,EWG,25.530000686645508,25.84000015258789,25.399999618530273,25.799999237060547,2246600
2011-03-09,EWG,25.790000915527344,25.84000015258789,25.600000381469727,25.670000076293945,1807800
2011-03-10,EWG,25.239999771118164,25.260000228881836,25.020000457763672,25.079999923706055,2892900
2011-03-11,EWG,24.940000534057617,25.200000762939453,24.889999389648438,25.170000076293945,2034500
2011-03-14,EWG,24.84000015258789,24.93000030517578,24.709999084472656,24.8799991607666,6795900
2011-03-15,EWG,23.469999313354492,24.15999984741211,23.3799991607666,24.059999465942383,10626500
2011-03-16,EWG,24.010000228881836,24.110000610351562,23.020000457763672,23.200000762939453,6989000
2011-03-17,EWG,24.149999618530273,24.270000457763672,24.020000457763672,24.079999923706055,5136600
2011-03-18,EWG,24.690000534057617,24.739999771118164,24.290000915527344,24.3799991607666,3649900
2011-03-21,EWG,24.979999542236328,25.149999618530273,24.889999389648438,25.09000015258789,2030500
2011-03-22,EWG,25.049999237060547,25.09000015258789,24.84000015258789,24.920000076293945,2838800
2011-03-23,EWG,24.68000030517578,24.950000762939453,24.600000381469727,24.850000381469727,10365600
2011-03-24,EWG,25.25,25.530000686645508,25.18000030517578,25.5,4062400
2011-03-25,EWG,25.34000015258789,25.540000915527344,25.280000686645508,25.329999923706055,5732500
2011-03-28,EWG,25.309999465942383,25.459999084472656,25.260000228881836,25.270000457763672,2273100
2011-03-29,EWG,25.1299991607666,25.40999984741211,25.0,25.3799991607666,3902100
2011-03-30,EWG,25.68000030517578,25.8799991607666,25.649999618530273,25.799999237060547,3410600
2011-03-31,EWG,25.8700008392334,25.989999771118164,25.829999923706055,25.950000762939453,2131000
2011-04-01,EWG,26.1299991607666,26.440000534057617,25.989999771118164,26.3799991607666,2115500
2011-04-04,EWG,26.510000228881836,26.540000915527344,26.309999465942383,26.420000076293945,4505000
2011-04-05,EWG,26.139999389648438,26.479999542236328,26.1200008392334,26.350000381469727,3942800
2011-04-06,EWG,26.649999618530273,26.81999969482422,26.6200008392334,26.75,1752300
2011-04-07,EWG,26.600000381469727,26.75,26.479999542236328,26.68000030517578,11435900
2011-04-08,EWG,26.950000762939453,26.959999084472656,26.75,26.8700008392334,12277200
2011-04-11,EWG,26.850000381469727,26.93000030517578,26.739999771118164,26.799999237060547,10717700
2011-04-12,EWG,26.670000076293945,26.700000762939453,26.43000030517578,26.59000015258789,11353700
2011-04-13,EWG,26.8700008392334,26.940000534057617,26.610000610351562,26.729999542236328,10417900
2011-04-14,EWG,26.5,26.850000381469727,26.399999618530273,26.829999923706055,17180200
2011-04-15,EWG,26.68000030517578,26.770000457763672,26.59000015258789,26.719999313354492,5597700
2011-04-18,EWG,25.950000762939453,26.010000228881836,25.549999237060547,25.889999389648438,5367700
2011-04-19,EWG,26.030000686645508,26.139999389648438,25.93000030517578,26.110000610351562,1877700
2011-04-20,EWG,27.059999465942383,27.209999084472656,27.020000457763672,27.170000076293945,2830000
2011-04-21,EWG,27.34000015258789,27.420000076293945,27.25,27.389999389648438,1390100
2011-04-25,EWG,27.469999313354492,27.489999771118164,27.260000228881836,27.43000030517578,3343900
2011-04-26,EWG,27.610000610351562,27.84000015258789,27.549999237060547,27.829999923706055,4000000
2011-04-27,EWG,28.06999969482422,28.489999771118164,27.8799991607666,28.43000030517578,7235700
2011-04-28,EWG,28.440000534057617,28.68000030517578,28.399999618530273,28.649999618530273,4341500
2011-04-29,EWG,28.719999313354492,28.860000610351562,28.700000762939453,28.780000686645508,3910600
2011-05-02,EWG,29.010000228881836,29.049999237060547,28.700000762939453,28.729999542236328,3285700
2011-05-03,EWG,28.579999923706055,28.799999237060547,28.479999542236328,28.600000381469727,2914200
2011-05-04,EWG,28.68000030517578,28.700000762939453,28.1299991607666,28.219999313354492,5025500
2011-05-05,EWG,27.780000686645508,27.8700008392334,27.389999389648438,27.530000686645508,2658100
2011-05-06,EWG,27.940000534057617,28.040000915527344,27.290000915527344,27.469999313354492,6863200
2011-05-09,EWG,27.360000610351562,27.540000915527344,27.139999389648438,27.5,2796400
2011-05-10,EWG,27.719999313354492,27.93000030517578,27.639999389648438,27.889999389648438,3017400
2011-05-11,EWG,27.65999984741211,27.700000762939453,27.139999389648438,27.290000915527344,4406400
2011-05-12,EWG,27.079999923706055,27.510000228881836,26.860000610351562,27.3799991607666,2548300
2011-05-13,EWG,27.229999542236328,27.270000457763672,26.6200008392334,26.790000915527344,2914200
2011-05-16,EWG,26.68000030517578,27.1200008392334,26.610000610351562,26.739999771118164,3554800
2011-05-17,EWG,26.510000228881836,26.690000534057617,26.309999465942383,26.65999984741211,13220400
2011-05-18,EWG,26.649999618530273,26.950000762939453,26.559999465942383,26.8799991607666,2038100
2011-05-19,EWG,27.110000610351562,27.239999771118164,26.8799991607666,27.149999618530273,3376300
2011-05-20,EWG,26.809999465942383,26.829999923706055,26.31999969482422,26.399999618530273,3096000
2011-05-23,EWG,25.65999984741211,25.850000381469727,25.579999923706055,25.729999542236328,4993300
2011-05-24,EWG,26.040000915527344,26.139999389648438,25.799999237060547,25.889999389648438,4048500
2011-05-25,EWG,25.739999771118164,26.110000610351562,25.719999313354492,26.020000457763672,1872100
2011-05-26,EWG,26.020000457763672,26.1299991607666,25.690000534057617,26.09000015258789,3813200
2011-05-27,EWG,26.170000076293945,26.389999389648438,26.110000610351562,26.299999237060547,2015400
2011-05-31,EWG,27.100000381469727,27.18000030517578,26.889999389648438,27.149999618530273,2649700
2011-06-01,EWG,27.040000915527344,27.059999465942383,26.350000381469727,26.389999389648438,5192800
2011-06-02,EWG,26.579999923706055,26.649999618530273,26.239999771118164,26.540000915527344,7913000
2011-06-03,EWG,26.399999618530273,26.969999313354492,26.3700008392334,26.81999969482422,1931700
2011-06-06,EWG,26.760000228881836,26.809999465942383,26.420000076293945,26.43000030517578,1216100
2011-06-07,EWG,26.899999618530273,27.020000457763672,26.729999542236328,26.739999771118164,1503900
2011-06-08,EWG,26.510000228881836,26.6299991607666,26.3700008392334,26.440000534057617,2256400
2011-06-09,EWG,26.5,26.889999389648438,26.40999984741211,26.84000015258789,2682100
2011-06-10,EWG,26.610000610351562,26.639999389648438,26.0,26.09000015258789,3333000
2011-06-13,EWG,26.190000534057617,26.399999618530273,26.020000457763672,26.219999313354492,3153000
2011-06-14,EWG,26.739999771118164,26.93000030517578,26.729999542236328,26.790000915527344,2160600
2011-06-15,EWG,26.149999618530273,26.280000686645508,25.809999465942383,25.899999618530273,3624600
2011-06-16,EWG,25.690000534057617,25.950000762939453,25.6299991607666,25.860000610351562,1924900
2011-06-17,EWG,26.479999542236328,26.5,26.200000762939453,26.290000915527344,3399600
2011-06-20,EWG,26.100000381469727,26.40999984741211,26.06999969482422,26.3700008392334,3651700
2011-06-21,EWG,26.639999389648438,27.1299991607666,26.6200008392334,27.06999969482422,3710900
2011-06-22,EWG,26.25,26.479999542236328,26.110000610351562,26.139999389648438,3165400
2011-06-23,EWG,25.489999771118164,25.829999923706055,25.270000457763672,25.829999923706055,6010500
2011-06-24,EWG,25.700000762939453,25.729999542236328,25.299999237060547,25.360000610351562,3013700
2011-06-27,EWG,25.299999237060547,25.670000076293945,25.25,25.6299991607666,2320000
2011-06-28,EWG,25.610000610351562,26.0,25.56999969482422,25.989999771118164,2506600
2011-06-29,EWG,26.260000228881836,26.510000228881836,26.09000015258789,26.420000076293945,4891400
2011-06-30,EWG,26.56999969482422,26.950000762939453,26.530000686645508,26.889999389648438,5115100
2011-07-01,EWG,26.860000610351562,27.200000762939453,26.75,27.139999389648438,3746900
2011-07-05,EWG,27.1299991607666,27.190000534057617,26.90999984741211,26.950000762939453,2291900
2011-07-06,EWG,26.729999542236328,26.850000381469727,26.56999969482422,26.799999237060547,2129500
2011-07-07,EWG,26.899999618530273,27.1299991607666,26.850000381469727,27.06999969482422,3540700
2011-07-08,EWG,26.760000228881836,26.850000381469727,26.43000030517578,26.639999389648438,5011300
2011-07-11,EWG,25.65999984741211,25.75,25.31999969482422,25.40999984741211,5438100
2011-07-12,EWG,25.18000030517578,25.479999542236328,25.110000610351562,25.15999984741211,6910100
2011-07-13,EWG,25.489999771118164,25.959999084472656,25.469999313354492,25.68000030517578,7159700
2011-07-14,EWG,25.860000610351562,25.989999771118164,25.420000076293945,25.489999771118164,3005700
2011-07-15,EWG,25.729999542236328,25.850000381469727,25.440000534057617,25.690000534057617,2850200
2011-07-18,EWG,25.329999923706055,25.389999389648438,24.989999771118164,25.299999237060547,4218400
2011-07-19,EWG,25.56999969482422,25.799999237060547,25.530000686645508,25.670000076293945,5371200
2011-07-20,EWG,25.760000228881836,25.850000381469727,25.559999465942383,25.809999465942383,2823400
2011-07-21,EWG,26.1299991607666,26.5,26.059999465942383,26.3799991607666,5659100
2011-07-22,EWG,26.420000076293945,26.479999542236328,26.15999984741211,26.469999313354492,2164800
2011-07-25,EWG,26.3700008392334,26.6299991607666,26.299999237060547,26.559999465942383,8836400
2011-07-26,EWG,26.690000534057617,26.860000610351562,26.549999237060547,26.770000457763672,3837100
2011-07-27,EWG,26.530000686645508,26.530000686645508,25.93000030517578,25.969999313354492,4547400
2011-07-28,EWG,25.579999923706055,25.860000610351562,25.540000915527344,25.610000610351562,3034100
2011-07-29,EWG,25.56999969482422,25.979999542236328,25.459999084472656,25.719999313354492,2505900
2011-08-01,EWG,25.829999923706055,25.8700008392334,24.530000686645508,24.979999542236328,8708800
2011-08-02,EWG,24.459999084472656,24.739999771118164,23.889999389648438,23.90999984741211,6665900
2011-08-03,EWG,24.139999389648438,24.15999984741211,23.420000076293945,24.110000610351562,7832200
2011-08-04,EWG,23.280000686645508,23.3700008392334,22.110000610351562,22.170000076293945,14019900
2011-08-05,EWG,22.850000381469727,22.899999618530273,21.68000030517578,22.639999389648438,9476900
2011-08-08,EWG,21.399999618530273,21.700000762939453,20.309999465942383,20.329999923706055,16353100
2011-08-09,EWG,21.209999084472656,21.549999237060547,20.34000015258789,21.540000915527344,13295000
2011-08-10,EWG,20.959999084472656,20.969999313354492,19.739999771118164,20.010000228881836,11211600
2011-08-11,EWG,20.06999969482422,21.31999969482422,20.020000457763672,20.989999771118164,7734400
2011-08-12,EWG,21.479999542236328,21.739999771118164,21.170000076293945,21.530000686645508,5370600
2011-08-15,EWG,21.93000030517578,22.15999984741211,21.84000015258789,22.09000015258789,2968700
2011-08-16,EWG,21.479999542236328,21.959999084472656,21.260000228881836,21.559999465942383,9164800
2011-08-17,EWG,21.670000076293945,21.93000030517578,21.31999969482422,21.459999084472656,4297600
2011-08-18,EWG,20.469999313354492,20.479999542236328,19.899999618530273,20.170000076293945,6244800
2011-08-19,EWG,19.600000381469727,20.31999969482422,19.530000686645508,19.6200008392334,7354300
2011-08-22,EWG,20.260000228881836,20.270000457763672,19.610000610351562,19.6200008392334,3566600
2011-08-23,EWG,19.899999618530273,20.40999984741211,19.739999771118164,20.399999618530273,5383600
2011-08-24,EWG,20.579999923706055,20.889999389648438,20.40999984741211,20.700000762939453,3120900
2011-08-25,EWG,20.559999465942383,20.709999084472656,19.700000762939453,20.010000228881836,10095700
2011-08-26,EWG,19.790000915527344,20.3799991607666,19.610000610351562,20.31999969482422,4977300
2011-08-29,EWG,20.700000762939453,20.940000534057617,20.700000762939453,20.8799991607666,2703700
2011-08-30,EWG,20.530000686645508,20.770000457763672,20.260000228881836,20.68000030517578,5525800
2011-08-31,EWG,20.989999771118164,21.329999923706055,20.790000915527344,20.920000076293945,4294400
2011-09-01,EWG,20.59000015258789,20.8700008392334,20.399999618530273,20.399999618530273,4296000
2011-09-02,EWG,19.809999465942383,19.959999084472656,19.700000762939453,19.75,3137700
2011-09-06,EWG,18.420000076293945,18.719999313354492,18.260000228881836,18.709999084472656,12008600
2011-09-07,EWG,19.09000015258789,19.459999084472656,19.010000228881836,19.459999084472656,5906000
2011-09-08,EWG,18.950000762939453,19.309999465942383,18.760000228881836,18.809999465942383,3794000
2011-09-09,EWG,18.170000076293945,18.309999465942383,17.760000228881836,17.81999969482422,8894500
2011-09-12,EWG,17.31999969482422,17.799999237060547,17.229999542236328,17.780000686645508,9179100
2011-09-13,EWG,17.790000915527344,18.100000381469727,17.68000030517578,18.0,7371000
2011-09-14,EWG,18.350000381469727,18.93000030517578,17.90999984741211,18.770000457763672,13002900
2011-09-15,EWG,19.3799991607666,19.520000457763672,19.139999389648438,19.479999542236328,5848000
2011-09-16,EWG,19.510000228881836,19.65999984741211,19.18000030517578,19.469999313354492,4687700
2011-09-19,EWG,18.520000457763672,18.920000076293945,18.3700008392334,18.780000686645508,4726800
2011-09-20,EWG,19.030000686645508,19.260000228881836,18.809999465942383,18.979999542236328,3762100
2011-09-21,EWG,18.940000534057617,19.010000228881836,18.270000457763672,18.270000457763672,4201800
2011-09-22,EWG,17.610000610351562,17.75,17.299999237060547,17.520000457763672,6991000
2011-09-23,EWG,17.209999084472656,17.799999237060547,17.149999618530273,17.75,17688000
2011-09-26,EWG,18.020000457763672,18.399999618530273,17.65999984741211,18.389999389648438,5266400
2011-09-27,EWG,19.149999618530273,19.459999084472656,18.979999542236328,19.059999465942383,6062000
2011-09-28,EWG,19.260000228881836,19.389999389648438,18.65999984741211,18.68000030517578,3383100
2011-09-29,EWG,19.420000076293945,19.530000686645508,18.899999618530273,19.280000686645508,3775600
2011-09-30,EWG,18.420000076293945,18.700000762939453,18.260000228881836,18.270000457763672,8093600
2011-10-03,EWG,17.8799991607666,18.239999771118164,17.450000762939453,17.450000762939453,7043200
2011-10-04,EWG,17.209999084472656,17.799999237060547,16.959999084472656,17.799999237060547,13800000
2011-10-05,EWG,18.059999465942383,18.420000076293945,17.889999389648438,18.399999618530273,6030000
2011-10-06,EWG,18.3799991607666,19.139999389648438,18.270000457763672,19.1200008392334,4581200
2011-10-07,EWG,19.280000686645508,19.389999389648438,18.850000381469727,18.950000762939453,4958800
2011-10-10,EWG,19.559999465942383,20.100000381469727,19.530000686645508,20.06999969482422,3963200
2011-10-11,EWG,19.790000915527344,20.149999618530273,19.739999771118164,20.1200008392334,5480700
2011-10-12,EWG,20.559999465942383,20.90999984741211,20.489999771118164,20.670000076293945,4991000
2011-10-13,EWG,20.459999084472656,20.639999389648438,20.200000762939453,20.579999923706055,2842700
2011-10-14,EWG,20.93000030517578,21.040000915527344,20.649999618530273,20.8700008392334,3754000
2011-10-17,EWG,20.510000228881836,20.520000457763672,20.040000915527344,20.100000381469727,3773200
2011-10-18,EWG,20.200000762939453,20.780000686645508,19.93000030517578,20.600000381469727,5120200
2011-10-19,EWG,20.459999084472656,20.559999465942383,20.100000381469727,20.139999389648438,3013500
2011-10-20,EWG,20.1299991607666,20.15999984741211,19.700000762939453,20.030000686645508,4273500
2011-10-21,EWG,20.6200008392334,20.8799991607666,20.600000381469727,20.8700008392334,3264800
2011-10-24,EWG,20.75,21.260000228881836,20.729999542236328,21.200000762939453,2412200
2011-10-25,EWG,21.25,21.280000686645508,20.760000228881836,20.950000762939453,7751300
2011-10-26,EWG,21.459999084472656,21.530000686645508,20.6299991607666,21.190000534057617,5372000
2011-10-27,EWG,22.510000228881836,23.030000686645508,22.290000915527344,22.920000076293945,26541500
2011-10-28,EWG,22.459999084472656,22.649999618530273,22.389999389648438,22.6200008392334,6755000
2011-10-31,EWG,21.90999984741211,21.93000030517578,21.190000534057617,21.200000762939453,5193900
2011-11-01,EWG,19.889999389648438,20.389999389648438,19.780000686645508,20.079999923706055,9792500
2011-11-02,EWG,20.459999084472656,20.790000915527344,20.350000381469727,20.540000915527344,5705500
2011-11-03,EWG,21.1299991607666,21.5,20.670000076293945,21.399999618530273,3647900
2011-11-04,EWG,20.84000015258789,20.93000030517578,20.479999542236328,20.780000686645508,3573500
2011-11-07,EWG,20.700000762939453,20.940000534057617,20.420000076293945,20.75,2549100
2011-11-08,EWG,21.049999237060547,21.219999313354492,20.6299991607666,21.139999389648438,3530000
2011-11-09,EWG,19.989999771118164,20.09000015258789,19.530000686645508,19.579999923706055,4930100
2011-11-10,EWG,20.239999771118164,20.299999237060547,19.799999237060547,20.110000610351562,5113500
2011-11-11,EWG,20.719999313354492,20.969999313354492,20.700000762939453,20.93000030517578,2886900
2011-11-14,EWG,20.559999465942383,20.6299991607666,20.229999542236328,20.360000610351562,2061700
2011-11-15,EWG,20.25,20.5,20.079999923706055,20.219999313354492,4324900
2011-11-16,EWG,19.959999084472656,20.229999542236328,19.729999542236328,19.75,8175200
2011-11-17,EWG,19.959999084472656,20.1299991607666,19.440000534057617,19.579999923706055,5821300
2011-11-18,EWG,19.860000610351562,19.860000610351562,19.559999465942383,19.649999618530273,11488100
2011-11-21,EWG,19.1299991607666,19.18000030517578,18.899999618530273,19.09000015258789,3555300
2011-11-22,EWG,18.950000762939453,19.06999969482422,18.729999542236328,18.860000610351562,3757800
2011-11-23,EWG,18.690000534057617,18.719999313354492,18.270000457763672,18.280000686645508,3040200
2011-11-25,EWG,18.18000030517578,18.469999313354492,18.1299991607666,18.139999389648438,2831600
2011-11-28,EWG,19.260000228881836,19.34000015258789,19.059999465942383,19.18000030517578,3620700
2011-11-29,EWG,19.270000457763672,19.479999542236328,19.18000030517578,19.329999923706055,4363300
2011-11-30,EWG,20.440000534057617,20.700000762939453,20.399999618530273,20.6299991607666,6040400
2011-12-01,EWG,20.489999771118164,20.719999313354492,20.329999923706055,20.440000534057617,3248000
2011-12-02,EWG,20.729999542236328,20.739999771118164,20.309999465942383,20.329999923706055,2898700
2011-12-05,EWG,20.850000381469727,20.860000610351562,20.329999923706055,20.459999084472656,3767500
2011-12-06,EWG,20.31999969482422,20.510000228881836,20.219999313354492,20.3799991607666,2384400
2011-12-07,EWG,20.040000915527344,20.469999313354492,19.8700008392334,20.399999618530273,5163100
2011-12-08,EWG,19.84000015258789,19.899999618530273,19.479999542236328,19.520000457763672,5171800
2011-12-09,EWG,19.81999969482422,20.200000762939453,19.799999237060547,20.15999984741211,4215200
2011-12-12,EWG,19.469999313354492,19.510000228881836,19.06999969482422,19.200000762939453,3779800
2011-12-13,EWG,19.290000915527344,19.43000030517578,18.649999618530273,18.75,2931800
2011-12-14,EWG,18.56999969482422,18.709999084472656,18.459999084472656,18.549999237060547,2849500
2011-12-15,EWG,18.90999984741211,18.940000534057617,18.579999923706055,18.709999084472656,3042700
2011-12-16,EWG,18.760000228881836,18.81999969482422,18.450000762939453,18.579999923706055,4020500
2011-12-19,EWG,18.780000686645508,18.84000015258789,18.309999465942383,18.350000381469727,6646600
2011-12-20,EWG,19.020000457763672,19.31999969482422,19.010000228881836,19.260000228881836,3960900
2011-12-21,EWG,19.170000076293945,19.18000030517578,18.899999618530273,19.100000381469727,1984000
2011-12-22,EWG,19.1200008392334,19.280000686645508,19.059999465942383,19.229999542236328,2773900
2011-12-23,EWG,19.18000030517578,19.31999969482422,19.139999389648438,19.299999237060547,1411500
2011-12-27,EWG,19.309999465942383,19.3799991607666,19.280000686645508,19.309999465942383,1674000
2011-12-28,EWG,19.170000076293945,19.190000534057617,18.700000762939453,18.799999237060547,2113200
2011-12-29,EWG,18.829999923706055,19.1299991607666,18.760000228881836,19.1200008392334,1718400
2011-12-30,EWG,19.170000076293945,19.34000015258789,19.1200008392334,19.219999313354492,2072100
2012-01-03,EWG,20.100000381469727,20.229999542236328,20.049999237060547,20.06999969482422,3892700
2012-01-04,EWG,19.8799991607666,19.959999084472656,19.719999313354492,19.8799991607666,2147900
2012-01-05,EWG,19.610000610351562,19.719999313354492,19.489999771118164,19.649999618530273,6159100
2012-01-06,EWG,19.530000686645508,19.530000686645508,19.200000762939453,19.290000915527344,2778600
2012-01-09,EWG,19.40999984741211,19.420000076293945,19.170000076293945,19.3700008392334,2494800
2012-01-10,EWG,19.790000915527344,19.860000610351562,19.690000534057617,19.719999313354492,4753400
2012-01-11,EWG,19.6200008392334,19.760000228881836,19.510000228881836,19.760000228881836,4499500
2012-01-12,EWG,20.020000457763672,20.1200008392334,19.81999969482422,20.100000381469727,4764200
2012-01-13,EWG,19.6299991607666,19.649999618530273,19.290000915527344,19.610000610351562,3018600
2012-01-17,EWG,20.149999618530273,20.329999923706055,20.1299991607666,20.200000762939453,4090200
2012-01-18,EWG,20.43000030517578,20.700000762939453,20.3700008392334,20.68000030517578,3538100
2012-01-19,EWG,20.790000915527344,20.959999084472656,20.670000076293945,20.940000534057617,4732400
2012-01-20,EWG,20.860000610351562,20.940000534057617,20.780000686645508,20.93000030517578,1827000
2012-01-23,EWG,21.079999923706055,21.219999313354492,20.979999542236328,21.110000610351562,3140300
2012-01-24,EWG,20.799999237060547,21.059999465942383,20.709999084472656,21.059999465942383,4186300
2012-01-25,EWG,20.850000381469727,21.389999389648438,20.739999771118164,21.329999923706055,4126100
2012-01-26,EWG,21.670000076293945,21.729999542236328,21.43000030517578,21.489999771118164,5373300
2012-01-27,EWG,21.440000534057617,21.709999084472656,21.440000534057617,21.670000076293945,11321300
2012-01-30,EWG,21.15999984741211,21.3799991607666,21.110000610351562,21.31999969482422,3944900
2012-01-31,EWG,21.610000610351562,21.6200008392334,21.15999984741211,21.329999923706055,8546400
2012-02-01,EWG,21.829999923706055,21.989999771118164,21.780000686645508,21.850000381469727,4800000
2012-02-02,EWG,21.93000030517578,22.09000015258789,21.8700008392334,22.030000686645508,10418000
2012-02-03,EWG,22.190000534057617,22.450000762939453,22.149999618530273,22.43000030517578,5851100
2012-02-06,EWG,22.170000076293945,22.360000610351562,22.139999389648438,22.34000015258789,2726100
2012-02-07,EWG,22.260000228881836,22.530000686645508,22.1299991607666,22.510000228881836,4837500
2012-02-08,EWG,22.56999969482422,22.670000076293945,22.3799991607666,22.6299991607666,3628300
2012-02-09,EWG,22.780000686645508,22.799999237060547,22.510000228881836,22.739999771118164,3982000
2012-02-10,EWG,22.1200008392334,22.25,22.049999237060547,22.139999389648438,4137700
2012-02-13,EWG,22.440000534057617,22.469999313354492,22.299999237060547,22.3799991607666,3427600
2012-02-14,EWG,22.239999771118164,22.299999237060547,22.0,22.190000534057617,4014800
2012-02-15,EWG,22.329999923706055,22.329999923706055,22.030000686645508,22.079999923706055,5167700
2012-02-16,EWG,21.989999771118164,22.479999542236328,21.920000076293945,22.43000030517578,6056500
2012-02-17,EWG,22.770000457763672,22.770000457763672,22.56999969482422,22.700000762939453,8925100
2012-02-21,EWG,22.950000762939453,23.06999969482422,22.81999969482422,22.8799991607666,5277400
2012-02-22,EWG,22.809999465942383,22.889999389648438,22.690000534057617,22.739999771118164,3869900
2012-02-23,EWG,22.649999618530273,22.940000534057617,22.450000762939453,22.93000030517578,3251300
2012-02-24,EWG,23.06999969482422,23.280000686645508,23.020000457763672,23.190000534057617,2969600
2012-02-27,EWG,22.709999084472656,23.1299991607666,22.649999618530273,23.030000686645508,4686600
2012-02-28,EWG,23.030000686645508,23.309999465942383,22.959999084472656,23.299999237060547,5287000
2012-02-29,EWG,23.3799991607666,23.479999542236328,22.899999618530273,22.950000762939453,6914800
2012-03-01,EWG,23.1299991607666,23.280000686645508,23.079999923706055,23.219999313354492,5437900
2012-03-02,EWG,23.06999969482422,23.06999969482422,22.84000015258789,22.959999084472656,2573700
2012-03-05,EWG,22.899999618530273,22.90999984741211,22.65999984741211,22.850000381469727,5150100
2012-03-06,EWG,22.059999465942383,22.100000381469727,21.719999313354492,21.770000457763672,5978400
2012-03-07,EWG,21.8799991607666,22.079999923706055,21.799999237060547,22.059999465942383,3797900
2012-03-08,EWG,22.540000915527344,22.950000762939453,22.3799991607666,22.8700008392334,4541400
2012-03-09,EWG,22.639999389648438,22.790000915527344,22.56999969482422,22.739999771118164,10902200
2012-03-12,EWG,22.739999771118164,22.899999618530273,22.639999389648438,22.860000610351562,4827600
2012-03-13,EWG,22.8700008392334,23.139999389648438,22.81999969482422,23.139999389648438,11560600
2012-03-14,EWG,23.229999542236328,23.270000457763672,23.09000015258789,23.149999618530273,3293700
2012-03-15,EWG,23.270000457763672,23.530000686645508,23.200000762939453,23.510000228881836,5980700
2012-03-16,EWG,23.6299991607666,23.700000762939453,23.59000015258789,23.65999984741211,8053700
2012-03-19,EWG,23.5,23.829999923706055,23.459999084472656,23.739999771118164,4596800
2012-03-20,EWG,23.350000381469727,23.5,23.219999313354492,23.420000076293945,3832300
2012-03-21,EWG,23.350000381469727,23.43000030517578,23.190000534057617,23.3700008392334,5692300
2012-03-22,EWG,22.940000534057617,23.149999618530273,22.90999984741211,23.040000915527344,22159200
2012-03-23,EWG,23.079999923706055,23.309999465942383,22.899999618530273,23.290000915527344,6388900
2012-03-26,EWG,23.6299991607666,23.829999923706055,23.59000015258789,23.799999237060547,2092700
2012-03-27,EWG,23.770000457763672,23.790000915527344,23.59000015258789,23.59000015258789,3033400
2012-03-28,EWG,23.559999465942383,23.59000015258789,23.170000076293945,23.309999465942383,4141200
2012-03-29,EWG,22.8700008392334,23.040000915527344,22.739999771118164,23.010000228881836,7000600
2012-03-30,EWG,23.229999542236328,23.309999465942383,23.049999237060547,23.280000686645508,5292600
2012-04-02,EWG,23.15999984741211,23.719999313354492,23.100000381469727,23.6299991607666,4825100
2012-04-03,EWG,23.559999465942383,23.610000610351562,22.989999771118164,23.139999389648438,6795500
2012-04-04,EWG,22.510000228881836,22.579999923706055,22.290000915527344,22.420000076293945,5289700
2012-04-05,EWG,22.059999465942383,22.299999237060547,22.040000915527344,22.139999389648438,5082700
2012-04-09,EWG,21.860000610351562,22.059999465942383,21.799999237060547,21.959999084472656,2421300
2012-04-10,EWG,22.0,22.110000610351562,21.520000457763672,21.520000457763672,7662000
2012-04-11,EWG,22.110000610351562,22.18000030517578,21.889999389648438,21.93000030517578,4205700
2012-04-12,EWG,22.079999923706055,22.40999984741211,22.049999237060547,22.3700008392334,3677000
2012-04-13,EWG,22.049999237060547,22.06999969482422,21.56999969482422,21.6200008392334,4209100
2012-04-16,EWG,21.860000610351562,22.020000457763672,21.6200008392334,21.93000030517578,3386800
2012-04-17,EWG,22.200000762939453,22.489999771118164,22.079999923706055,22.40999984741211,4349400
2012-04-18,EWG,22.149999618530273,22.389999389648438,22.110000610351562,22.209999084472656,3379300
2012-04-19,EWG,22.139999389648438,22.350000381469727,21.8700008392334,22.0,3809700
2012-04-20,EWG,22.280000686645508,22.459999084472656,22.260000228881836,22.299999237060547,2949600
2012-04-23,EWG,21.6200008392334,21.690000534057617,21.399999618530273,21.65999984741211,3422400
2012-04-24,EWG,21.68000030517578,21.93000030517578,21.649999618530273,21.770000457763672,3640900
2012-04-25,EWG,22.260000228881836,22.3799991607666,22.1299991607666,22.270000457763672,5652500
2012-04-26,EWG,22.170000076293945,22.59000015258789,22.15999984741211,22.520000457763672,3471300
2012-04-27,EWG,22.690000534057617,22.760000228881836,22.520000457763672,22.670000076293945,2596300
2012-04-30,EWG,22.610000610351562,22.639999389648438,22.459999084472656,22.540000915527344,4496300
2012-05-01,EWG,22.520000457763672,22.8799991607666,22.520000457763672,22.649999618530273,2459300
2012-05-02,EWG,22.229999542236328,22.350000381469727,22.040000915527344,22.34000015258789,3491000
2012-05-03,EWG,22.270000457763672,22.31999969482422,22.010000228881836,22.09000015258789,3412800
2012-05-04,EWG,21.860000610351562,21.93000030517578,21.510000228881836,21.540000915527344,7539800
2012-05-07,EWG,21.5,21.65999984741211,21.399999618530273,21.639999389648438,3703300
2012-05-08,EWG,21.329999923706055,21.360000610351562,20.950000762939453,21.299999237060547,6589900
2012-05-09,EWG,20.8700008392334,21.229999542236328,20.719999313354492,21.09000015258789,6607800
2012-05-10,EWG,21.309999465942383,21.34000015258789,21.149999618530273,21.18000030517578,5083700
2012-05-11,EWG,20.989999771118164,21.420000076293945,20.979999542236328,21.209999084472656,3387000
2012-05-14,EWG,20.739999771118164,20.8799991607666,20.6299991607666,20.729999542236328,4121800
2012-05-15,EWG,20.479999542236328,20.68000030517578,20.350000381469727,20.3799991607666,7712900
2012-05-16,EWG,20.469999313354492,20.6299991607666,20.280000686645508,20.299999237060547,5137000
2012-05-17,EWG,20.280000686645508,20.309999465942383,19.969999313354492,19.969999313354492,11078200
2012-05-18,EWG,20.149999618530273,20.190000534057617,19.8799991607666,19.959999084472656,2646900
2012-05-21,EWG,20.15999984741211,20.479999542236328,20.1299991607666,20.450000762939453,2770200
2012-05-22,EWG,20.520000457763672,20.65999984741211,20.229999542236328,20.329999923706055,3863300
2012-05-23,EWG,20.15999984741211,20.190000534057617,19.75,20.15999984741211,5447100
2012-05-24,EWG,20.010000228881836,20.06999969482422,19.670000076293945,19.809999465942383,4554200
2012-05-25,EWG,19.75,19.969999313354492,19.739999771118164,19.81999969482422,3644900
2012-05-29,EWG,20.15999984741211,20.299999237060547,19.93000030517578,20.139999389648438,4487800
2012-05-30,EWG,19.709999084472656,19.729999542236328,19.479999542236328,19.510000228881836,3954200
2012-05-31,EWG,19.559999465942383,19.600000381469727,19.25,19.489999771118164,3403500
2012-06-01,EWG,18.950000762939453,19.09000015258789,18.709999084472656,18.81999969482422,7926600
2012-06-04,EWG,18.81999969482422,18.8799991607666,18.690000534057617,18.84000015258789,6792500
2012-06-05,EWG,18.579999923706055,18.809999465942383,18.549999237060547,18.770000457763672,5012700
2012-06-06,EWG,18.8799991607666,19.420000076293945,18.860000610351562,19.399999618530273,9123200
2012-06-07,EWG,19.739999771118164,19.790000915527344,19.329999923706055,19.360000610351562,4081800
2012-06-08,EWG,19.09000015258789,19.420000076293945,19.030000686645508,19.3799991607666,4533500
2012-06-11,EWG,19.690000534057617,19.700000762939453,19.139999389648438,19.149999618530273,4991000
2012-06-12,EWG,19.360000610351562,19.479999542236328,19.040000915527344,19.479999542236328,5135800
2012-06-13,EWG,19.239999771118164,19.540000915527344,19.15999984741211,19.34000015258789,4347500
2012-06-14,EWG,19.280000686645508,19.530000686645508,19.219999313354492,19.450000762939453,2816800
2012-06-15,EWG,19.6299991607666,19.899999618530273,19.56999969482422,19.8799991607666,6090300
2012-06-18,EWG,19.719999313354492,19.84000015258789,19.6200008392334,19.709999084472656,3300900
2012-06-19,EWG,20.010000228881836,20.3700008392334,19.969999313354492,20.239999771118164,2851000
2012-06-20,EWG,20.309999465942383,20.520000457763672,20.1299991607666,20.329999923706055,7332000
2012-06-21,EWG,19.799999237060547,19.81999969482422,19.18000030517578,19.190000534057617,4724500
2012-06-22,EWG,19.34000015258789,19.360000610351562,19.079999923706055,19.239999771118164,7680900
2012-06-25,EWG,18.739999771118164,18.739999771118164,18.600000381469727,18.700000762939453,4412500
2012-06-26,EWG,18.670000076293945,18.809999465942383,18.520000457763672,18.739999771118164,3893300
2012-06-27,EWG,18.739999771118164,18.940000534057617,18.68000030517578,18.899999618530273,3127200
2012-06-28,EWG,18.56999969482422,18.760000228881836,18.440000534057617,18.729999542236328,5150200
2012-06-29,EWG,19.639999389648438,19.809999465942383,19.600000381469727,19.799999237060547,4981500
2012-07-02,EWG,19.920000076293945,20.0,19.790000915527344,19.969999313354492,6760700
2012-07-03,EWG,20.010000228881836,20.229999542236328,20.0,20.18000030517578,2589300
2012-07-05,EWG,19.68000030517578,19.809999465942383,19.530000686645508,19.709999084472656,4470600
2012-07-06,EWG,19.40999984741211,19.440000534057617,19.149999618530273,19.260000228881836,5178300
2012-07-09,EWG,19.209999084472656,19.239999771118164,19.1200008392334,19.239999771118164,3316000
2012-07-10,EWG,19.420000076293945,19.459999084472656,19.09000015258789,19.149999618530273,2173200
2012-07-11,EWG,19.209999084472656,19.3700008392334,19.139999389648438,19.280000686645508,3277300
2012-07-12,EWG,19.06999969482422,19.229999542236328,18.93000030517578,19.170000076293945,2872600
2012-07-13,EWG,19.25,19.6200008392334,19.239999771118164,19.59000015258789,2829500
2012-07-16,EWG,19.530000686645508,19.690000534057617,19.3799991607666,19.610000610351562,2190800
2012-07-17,EWG,19.75,19.84000015258789,19.43000030517578,19.799999237060547,3702500
2012-07-18,EWG,19.65999984741211,20.030000686645508,19.65999984741211,20.010000228881836,4044500
2012-07-19,EWG,20.1200008392334,20.270000457763672,20.06999969482422,20.25,2339900
2012-07-20,EWG,19.809999465942383,19.850000381469727,19.6299991607666,19.65999984741211,7527900
2012-07-23,EWG,18.860000610351562,19.06999969482422,18.75,19.020000457763672,10653200
2012-07-24,EWG,19.040000915527344,19.040000915527344,18.56999969482422,18.75,3961700
2012-07-25,EWG,19.100000381469727,19.1299991607666,18.860000610351562,19.010000228881836,3533400
2012-07-26,EWG,19.549999237060547,19.790000915527344,19.549999237060547,19.68000030517578,6607800
2012-07-27,EWG,19.940000534057617,20.440000534057617,19.899999618530273,20.34000015258789,4544300
2012-07-30,EWG,20.079999923706055,20.270000457763672,20.079999923706055,20.200000762939453,2849300
2012-07-31,EWG,20.229999542236328,20.389999389648438,20.190000534057617,20.209999084472656,3733700
2012-08-01,EWG,20.270000457763672,20.299999237060547,20.06999969482422,20.09000015258789,3371900
2012-08-02,EWG,19.709999084472656,19.899999618530273,19.3700008392334,19.56999969482422,8422700
2012-08-03,EWG,20.270000457763672,20.75,20.260000228881836,20.690000534057617,4362700
2012-08-06,EWG,20.809999465942383,20.969999313354492,20.780000686645508,20.860000610351562,3018300
2012-08-07,EWG,21.030000686645508,21.139999389648438,20.979999542236328,20.979999542236328,6501700
2012-08-08,EWG,20.790000915527344,20.959999084472656,20.780000686645508,20.889999389648438,4276200
2012-08-09,EWG,20.670000076293945,20.889999389648438,20.65999984741211,20.790000915527344,3036100
2012-08-10,EWG,20.610000610351562,20.84000015258789,20.520000457763672,20.84000015258789,4434100
2012-08-13,EWG,20.81999969482422,20.899999618530273,20.649999618530273,20.780000686645508,4159500
2012-08-14,EWG,20.920000076293945,20.940000534057617,20.770000457763672,20.850000381469727,5422200
2012-08-15,EWG,20.709999084472656,20.81999969482422,20.700000762939453,20.739999771118164,2704100
2012-08-16,EWG,20.860000610351562,21.079999923706055,20.809999465942383,21.030000686645508,3932400
2012-08-17,EWG,21.1200008392334,21.18000030517578,20.979999542236328,21.149999618530273,6875400
2012-08-20,EWG,21.100000381469727,21.170000076293945,21.020000457763672,21.149999618530273,1531700
2012-08-21,EWG,21.420000076293945,21.559999465942383,21.34000015258789,21.389999389648438,6307200
2012-08-22,EWG,21.219999313354492,21.489999771118164,21.200000762939453,21.440000534057617,4438200
2012-08-23,EWG,21.239999771118164,21.31999969482422,21.100000381469727,21.209999084472656,3480000
2012-08-24,EWG,21.030000686645508,21.31999969482422,20.969999313354492,21.149999618530273,4018700
2012-08-27,EWG,21.360000610351562,21.43000030517578,21.280000686645508,21.309999465942383,2372800
2012-08-28,EWG,21.329999923706055,21.420000076293945,21.270000457763672,21.3799991607666,1386800
2012-08-29,EWG,21.34000015258789,21.420000076293945,21.260000228881836,21.329999923706055,1034300
2012-08-30,EWG,21.200000762939453,21.209999084472656,20.850000381469727,20.940000534057617,1194300
2012-08-31,EWG,21.3700008392334,21.399999618530273,21.09000015258789,21.219999313354492,3579800
2012-09-04,EWG,21.309999465942383,21.31999969482422,21.09000015258789,21.190000534057617,4044500
2012-09-05,EWG,21.309999465942383,21.3799991607666,21.209999084472656,21.329999923706055,22135400
2012-09-06,EWG,21.559999465942383,22.040000915527344,21.559999465942383,21.989999771118164,11425900
2012-09-07,EWG,22.360000610351562,22.479999542236328,22.309999465942383,22.479999542236328,17108100
2012-09-10,EWG,22.389999389648438,22.459999084472656,22.25,22.270000457763672,4388800
2012-09-11,EWG,22.450000762939453,22.81999969482422,22.440000534057617,22.739999771118164,4655900
2012-09-12,EWG,23.010000228881836,23.030000686645508,22.860000610351562,22.940000534057617,4870800
2012-09-13,EWG,22.8700008392334,23.31999969482422,22.739999771118164,23.25,13855800
2012-09-14,EWG,23.510000228881836,23.760000228881836,23.450000762939453,23.530000686645508,5971000
2012-09-17,EWG,23.540000915527344,23.639999389648438,23.420000076293945,23.469999313354492,2405800
2012-09-18,EWG,23.239999771118164,23.329999923706055,23.170000076293945,23.260000228881836,2529900
2012-09-19,EWG,23.239999771118164,23.440000534057617,23.200000762939453,23.3700008392334,2448700
2012-09-20,EWG,23.059999465942383,23.270000457763672,22.959999084472656,23.270000457763672,2600100
2012-09-21,EWG,23.579999923706055,23.6200008392334,23.420000076293945,23.43000030517578,2940600
2012-09-24,EWG,23.170000076293945,23.31999969482422,23.149999618530273,23.280000686645508,4904000
2012-09-25,EWG,23.290000915527344,23.40999984741211,23.0,23.020000457763672,3323600
2012-09-26,EWG,22.770000457763672,22.790000915527344,22.610000610351562,22.729999542236328,3033200
2012-09-27,EWG,22.790000915527344,23.040000915527344,22.65999984741211,22.969999313354492,7880800
2012-09-28,EWG,22.760000228881836,22.81999969482422,22.5,22.56999969482422,3525800
2012-10-01,EWG,22.8799991607666,23.030000686645508,22.700000762939453,22.729999542236328,12624700
2012-10-02,EWG,23.06999969482422,23.100000381469727,22.829999923706055,22.90999984741211,9527400
2012-10-03,EWG,22.950000762939453,23.0,22.809999465942383,22.90999984741211,20653600
2012-10-04,EWG,23.049999237060547,23.170000076293945,22.979999542236328,23.170000076293945,2617500
2012-10-05,EWG,23.399999618530273,23.510000228881836,23.239999771118164,23.31999969482422,3760700
2012-10-08,EWG,23.010000228881836,23.049999237060547,22.950000762939453,23.020000457763672,1867200
2012-10-09,EWG,22.809999465942383,22.860000610351562,22.559999465942383,22.579999923706055,4319500
2012-10-10,EWG,22.6299991607666,22.690000534057617,22.5,22.549999237060547,1767700
2012-10-11,EWG,22.93000030517578,22.989999771118164,22.770000457763672,22.770000457763672,2858800
2012-10-12,EWG,22.8700008392334,22.969999313354492,22.719999313354492,22.780000686645508,1757400
2012-10-15,EWG,22.90999984741211,22.979999542236328,22.739999771118164,22.959999084472656,2371200
2012-10-16,EWG,23.299999237060547,23.43000030517578,23.25,23.399999618530273,2356600
2012-10-17,EWG,23.520000457763672,23.610000610351562,23.459999084472656,23.579999923706055,7916500
2012-10-18,EWG,23.559999465942383,23.719999313354492,23.479999542236328,23.549999237060547,3535200
2012-10-19,EWG,23.459999084472656,23.459999084472656,23.149999618530273,23.219999313354492,19069800
2012-10-22,EWG,23.309999465942383,23.34000015258789,23.1200008392334,23.299999237060547,3313700
2012-10-23,EWG,22.68000030517578,22.739999771118164,22.510000228881836,22.700000762939453,3056600
2012-10-24,EWG,22.729999542236328,22.760000228881836,22.579999923706055,22.600000381469727,2597500
2012-10-25,EWG,22.8700008392334,22.90999984741211,22.649999618530273,22.729999542236328,10636100
2012-10-26,EWG,22.760000228881836,22.850000381469727,22.68000030517578,22.799999237060547,2396600
2012-10-31,EWG,23.1299991607666,23.149999618530273,22.889999389648438,22.940000534057617,2629000
2012-11-01,EWG,23.100000381469727,23.229999542236328,23.059999465942383,23.1299991607666,2001000
2012-11-02,EWG,23.1200008392334,23.1200008392334,22.8799991607666,22.8799991607666,1585400
2012-11-05,EWG,22.799999237060547,22.90999984741211,22.75,22.8700008392334,1704800
2012-11-06,EWG,22.959999084472656,23.149999618530273,22.940000534057617,23.079999923706055,2757700
2012-11-07,EWG,22.639999389648438,22.639999389648438,22.450000762939453,22.56999969482422,4644100
2012-11-08,EWG,22.450000762939453,22.549999237060547,22.25,22.31999969482422,6213200
2012-11-09,EWG,21.989999771118164,22.25,21.989999771118164,22.139999389648438,6010000
2012-11-12,EWG,22.25,22.290000915527344,22.15999984741211,22.229999542236328,1075300
2012-11-13,EWG,21.899999618530273,22.25,21.889999389648438,22.020000457763672,1628200
2012-11-14,EWG,22.170000076293945,22.18000030517578,21.790000915527344,21.84000015258789,2111500
2012-11-15,EWG,21.90999984741211,22.020000457763672,21.780000686645508,21.850000381469727,1855000
2012-11-16,EWG,21.770000457763672,21.780000686645508,21.489999771118164,21.700000762939453,2513900
2012-11-19,EWG,22.030000686645508,22.25,22.020000457763672,22.209999084472656,1926500
2012-11-20,EWG,22.260000228881836,22.420000076293945,22.200000762939453,22.3799991607666,1528700
2012-11-21,EWG,22.399999618530273,22.5,22.389999389648438,22.469999313354492,17190300
2012-11-23,EWG,22.959999084472656,23.139999389648438,22.959999084472656,23.139999389648438,1614100
2012-11-26,EWG,23.020000457763672,23.139999389648438,23.0,23.139999389648438,2266700
2012-11-27,EWG,23.06999969482422,23.209999084472656,23.020000457763672,23.079999923706055,1524600
2012-11-28,EWG,22.899999618530273,23.290000915527344,22.829999923706055,23.260000228881836,3338100
2012-11-29,EWG,23.440000534057617,23.520000457763672,23.260000228881836,23.389999389648438,3853000
2012-11-30,EWG,23.510000228881836,23.610000610351562,23.469999313354492,23.520000457763672,1566400
2012-12-03,EWG,23.780000686645508,23.799999237060547,23.59000015258789,23.610000610351562,2746800
2012-12-04,EWG,23.700000762939453,23.790000915527344,23.649999618530273,23.760000228881836,2728600
2012-12-05,EWG,23.700000762939453,23.8700008392334,23.639999389648438,23.770000457763672,2505800
2012-12-06,EWG,23.8799991607666,23.899999618530273,23.75,23.850000381469727,3777600
2012-12-07,EWG,23.670000076293945,23.719999313354492,23.549999237060547,23.719999313354492,3774700
2012-12-10,EWG,23.639999389648438,23.760000228881836,23.639999389648438,23.760000228881836,1874900
2012-12-11,EWG,23.940000534057617,24.059999465942383,23.93000030517578,24.030000686645508,2304700
2012-12-12,EWG,24.170000076293945,24.329999923706055,24.1200008392334,24.18000030517578,3137300
2012-12-13,EWG,24.1299991607666,24.25,24.040000915527344,24.09000015258789,3067200
2012-12-14,EWG,24.170000076293945,24.360000610351562,24.110000610351562,24.280000686645508,2678600
2012-12-17,EWG,24.239999771118164,24.3799991607666,24.239999771118164,24.3799991607666,2228500
2012-12-18,EWG,24.469999313354492,24.670000076293945,24.440000534057617,24.6299991607666,3647000
2012-12-19,EWG,24.770000457763672,24.81999969482422,24.610000610351562,24.610000610351562,3453000
2012-12-20,EWG,24.709999084472656,24.760000228881836,24.6200008392334,24.729999542236328,1706500
2012-12-21,EWG,24.389999389648438,24.56999969482422,24.3799991607666,24.56999969482422,4147600
2012-12-24,EWG,24.56999969482422,24.59000015258789,24.43000030517578,24.479999542236328,734100
2012-12-26,EWG,24.540000915527344,24.68000030517578,24.389999389648438,24.520000457763672,1598200
2012-12-27,EWG,24.709999084472656,24.760000228881836,24.510000228881836,24.610000610351562,1356900
2012-12-28,EWG,24.389999389648438,24.489999771118164,24.239999771118164,24.260000228881836,3645000
2012-12-31,EWG,24.399999618530273,24.75,24.3799991607666,24.700000762939453,2494400
2013-01-02,EWG,25.040000915527344,25.059999465942383,24.850000381469727,24.989999771118164,5739200
2013-01-03,EWG,24.729999542236328,24.780000686645508,24.56999969482422,24.600000381469727,3131200
2013-01-04,EWG,24.600000381469727,24.809999465942383,24.56999969482422,24.739999771118164,2115500
2013-01-07,EWG,24.579999923706055,24.690000534057617,24.479999542236328,24.670000076293945,2411900
2013-01-08,EWG,24.56999969482422,24.610000610351562,24.399999618530273,24.489999771118164,2390500
2013-01-09,EWG,24.459999084472656,24.559999465942383,24.459999084472656,24.5,2809300
2013-01-10,EWG,24.920000076293945,24.950000762939453,24.719999313354492,24.899999618530273,7392100
2013-01-11,EWG,25.049999237060547,25.1200008392334,24.940000534057617,25.079999923706055,2089500
2013-01-14,EWG,25.170000076293945,25.209999084472656,25.0,25.209999084472656,1686600
2013-01-15,EWG,24.850000381469727,24.979999542236328,24.780000686645508,24.920000076293945,1981600
2013-01-16,EWG,24.790000915527344,24.920000076293945,24.75,24.81999969482422,2216500
2013-01-17,EWG,25.18000030517578,25.229999542236328,25.079999923706055,25.170000076293945,1790200
2013-01-18,EWG,25.079999923706055,25.110000610351562,24.93000030517578,25.059999465942383,1994000
2013-01-22,EWG,24.979999542236328,25.040000915527344,24.860000610351562,25.040000915527344,2558800
2013-01-23,EWG,25.0,25.1299991607666,24.90999984741211,25.030000686645508,1808900
2013-01-24,EWG,25.1200008392334,25.299999237060547,25.110000610351562,25.219999313354492,3950300
2013-01-25,EWG,25.729999542236328,25.799999237060547,25.65999984741211,25.799999237060547,12559300
2013-01-28,EWG,25.780000686645508,25.790000915527344,25.649999618530273,25.68000030517578,2642000
2013-01-29,EWG,25.690000534057617,25.84000015258789,25.65999984741211,25.809999465942383,2490900
2013-01-30,EWG,25.799999237060547,25.8799991607666,25.690000534057617,25.780000686645508,2905300
2013-01-31,EWG,25.709999084472656,25.829999923706055,25.65999984741211,25.709999084472656,4462200
2013-02-01,EWG,26.0,26.190000534057617,25.90999984741211,26.09000015258789,3497800
2013-02-04,EWG,25.510000228881836,25.56999969482422,25.079999923706055,25.139999389648438,5087800
2013-02-05,EWG,25.290000915527344,25.450000762939453,25.229999542236328,25.34000015258789,8788200
2013-02-06,EWG,24.920000076293945,25.110000610351562,24.899999618530273,25.049999237060547,5410600
2013-02-07,EWG,25.09000015258789,25.139999389648438,24.690000534057617,24.8700008392334,3864000
2013-02-08,EWG,24.940000534057617,25.020000457763672,24.920000076293945,24.969999313354492,5760900
2013-02-11,EWG,24.989999771118164,25.049999237060547,24.799999237060547,24.950000762939453,7784800
2013-02-12,EWG,25.040000915527344,25.209999084472656,25.010000228881836,25.149999618530273,1434300
2013-02-13,EWG,25.420000076293945,25.5,25.290000915527344,25.34000015258789,2638100
2013-02-14,EWG,24.8700008392334,25.040000915527344,24.84000015258789,24.959999084472656,2525400
2013-02-15,EWG,24.959999084472656,24.989999771118164,24.719999313354492,24.84000015258789,2909700
2013-02-19,EWG,25.229999542236328,25.3799991607666,25.219999313354492,25.360000610351562,5763300
2013-02-20,EWG,25.399999618530273,25.420000076293945,24.989999771118164,25.010000228881836,1825200
2013-02-21,EWG,24.549999237060547,24.59000015258789,24.40999984741211,24.530000686645508,2176500
2013-02-22,EWG,24.600000381469727,24.790000915527344,24.5,24.770000457763672,2868300
2013-02-25,EWG,25.420000076293945,25.450000762939453,24.290000915527344,24.309999465942383,4889600
2013-02-26,EWG,24.440000534057617,24.56999969482422,24.190000534057617,24.360000610351562,12857400
2013-02-27,EWG,24.299999237060547,24.770000457763672,24.280000686645508,24.739999771118164,3160600
2013-02-28,EWG,24.700000762939453,24.84000015258789,24.610000610351562,24.670000076293945,1825500
2013-03-01,EWG,24.34000015258789,24.56999969482422,24.170000076293945,24.489999771118164,10381300
2013-03-04,EWG,24.350000381469727,24.559999465942383,24.31999969482422,24.549999237060547,2182900
2013-03-05,EWG,24.90999984741211,25.020000457763672,24.8799991607666,24.93000030517578,2433900
2013-03-06,EWG,25.260000228881836,25.260000228881836,25.059999465942383,25.149999618530273,2093700
2013-03-07,EWG,25.299999237060547,25.40999984741211,25.270000457763672,25.3799991607666,1607600
2013-03-08,EWG,25.360000610351562,25.3799991607666,25.139999389648438,25.329999923706055,3079100
2013-03-11,EWG,25.25,25.389999389648438,25.209999084472656,25.3799991607666,3561400
2013-03-12,EWG,25.43000030517578,25.459999084472656,25.18000030517578,25.309999465942383,3537200
2013-03-13,EWG,25.209999084472656,25.260000228881836,25.049999237060547,25.209999084472656,1864100
2013-03-14,EWG,25.34000015258789,25.530000686645508,25.299999237060547,25.510000228881836,1632300
2013-03-15,EWG,25.579999923706055,25.600000381469727,25.440000534057617,25.549999237060547,1382400
2013-03-18,EWG,25.040000915527344,25.389999389648438,25.010000228881836,25.149999618530273,2181400
2013-03-19,EWG,25.219999313354492,25.25,24.81999969482422,24.969999313354492,3152500
2013-03-20,EWG,25.25,25.299999237060547,25.149999618530273,25.209999084472656,3130800
2013-03-21,EWG,24.829999923706055,25.049999237060547,24.790000915527344,24.860000610351562,3194200
2013-03-22,EWG,25.030000686645508,25.170000076293945,24.969999313354492,25.06999969482422,3036500
2013-03-25,EWG,25.100000381469727,25.149999618530273,24.559999465942383,24.639999389648438,6265000
2013-03-26,EWG,24.75,24.850000381469727,24.600000381469727,24.709999084472656,10582600
2013-03-27,EWG,24.229999542236328,24.329999923706055,24.110000610351562,24.299999237060547,2951800
2013-03-28,EWG,24.43000030517578,24.530000686645508,24.3700008392334,24.469999313354492,3104000
2013-04-01,EWG,24.389999389648438,24.5,24.270000457763672,24.350000381469727,2482000
2013-04-02,EWG,24.649999618530273,24.90999984741211,24.639999389648438,24.739999771118164,4536100
2013-04-03,EWG,24.850000381469727,24.920000076293945,24.6299991607666,24.670000076293945,3964000
2013-04-04,EWG,24.540000915527344,24.760000228881836,24.469999313354492,24.700000762939453,1985100
2013-04-05,EWG,24.290000915527344,24.3799991607666,24.209999084472656,24.360000610351562,2339800
2013-04-08,EWG,24.40999984741211,24.43000030517578,24.299999237060547,24.40999984741211,1339400
2013-04-09,EWG,24.440000534057617,24.549999237060547,24.25,24.459999084472656,2414500
2013-04-10,EWG,24.68000030517578,24.969999313354492,24.68000030517578,24.93000030517578,1072300
2013-04-11,EWG,25.040000915527344,25.25,24.989999771118164,25.06999969482422,1721800
2013-04-12,EWG,24.780000686645508,24.90999984741211,24.700000762939453,24.899999618530273,1704100
2013-04-15,EWG,24.649999618530273,24.65999984741211,24.34000015258789,24.350000381469727,2278300
2013-04-16,EWG,24.780000686645508,24.809999465942383,24.610000610351562,24.799999237060547,1815000
2013-04-17,EWG,24.270000457763672,24.270000457763672,23.780000686645508,23.940000534057617,6963100
2013-04-18,EWG,23.959999084472656,23.989999771118164,23.65999984741211,23.780000686645508,3805300
2013-04-19,EWG,23.8700008392334,23.969999313354492,23.700000762939453,23.809999465942383,1275100
2013-04-22,EWG,23.8700008392334,23.969999313354492,23.670000076293945,23.93000030517578,4523100
2013-04-23,EWG,24.200000762939453,24.3799991607666,24.200000762939453,24.360000610351562,2629900
2013-04-24,EWG,24.510000228881836,24.729999542236328,24.479999542236328,24.65999984741211,7074700
2013-04-25,EWG,24.729999542236328,24.950000762939453,24.709999084472656,24.780000686645508,2120600
2013-04-26,EWG,24.75,24.90999984741211,24.729999542236328,24.889999389648438,1663000
2013-04-29,EWG,25.010000228881836,25.31999969482422,24.989999771118164,25.260000228881836,5888600
2013-04-30,EWG,25.309999465942383,25.479999542236328,25.280000686645508,25.469999313354492,6124200
2013-05-01,EWG,25.440000534057617,25.510000228881836,25.18000030517578,25.25,2281700
2013-05-02,EWG,25.25,25.3799991607666,25.200000762939453,25.34000015258789,3893200
2013-05-03,EWG,25.75,25.950000762939453,25.739999771118164,25.90999984741211,1944200
2013-05-06,EWG,25.920000076293945,25.940000534057617,25.75,25.850000381469727,1982100
2013-05-07,EWG,26.1200008392334,26.170000076293945,25.959999084472656,26.030000686645508,1626400
2013-05-08,EWG,26.290000915527344,26.420000076293945,26.260000228881836,26.389999389648438,4663900
2013-05-09,EWG,26.290000915527344,26.34000015258789,26.040000915527344,26.1299991607666,4172500
2013-05-10,EWG,26.139999389648438,26.190000534057617,25.989999771118164,26.18000030517578,13341400
2013-05-13,EWG,26.06999969482422,26.149999618530273,26.010000228881836,26.079999923706055,3578900
2013-05-14,EWG,26.139999389648438,26.280000686645508,26.139999389648438,26.219999313354492,3730400
2013-05-15,EWG,25.959999084472656,26.170000076293945,25.950000762939453,26.149999618530273,3396300
2013-05-16,EWG,26.110000610351562,26.25,26.030000686645508,26.079999923706055,4026200
2013-05-17,EWG,26.059999465942383,26.3700008392334,26.010000228881836,26.290000915527344,2274200
2013-05-20,EWG,26.270000457763672,26.43000030517578,26.229999542236328,26.389999389648438,2328600
2013-05-21,EWG,26.3700008392334,26.559999465942383,26.260000228881836,26.479999542236328,2104400
2013-05-22,EWG,26.549999237060547,26.920000076293945,26.25,26.34000015258789,15039000
2013-05-23,EWG,25.989999771118164,26.309999465942383,25.950000762939453,26.280000686645508,4584900
2013-05-24,EWG,26.0,26.149999618530273,25.93000030517578,26.149999618530273,2811500
2013-05-28,EWG,26.59000015258789,26.649999618530273,26.34000015258789,26.389999389648438,17567100
2013-05-29,EWG,26.200000762939453,26.290000915527344,26.1200008392334,26.229999542236328,3300300
2013-05-30,EWG,26.469999313354492,26.639999389648438,26.420000076293945,26.520000457763672,3275200
2013-05-31,EWG,26.309999465942383,26.389999389648438,26.1299991607666,26.149999618530273,2577300
2013-06-03,EWG,26.280000686645508,26.40999984741211,26.100000381469727,26.40999984741211,10107200
2013-06-04,EWG,26.329999923706055,26.3799991607666,26.09000015258789,26.209999084472656,3235700
2013-06-05,EWG,26.100000381469727,26.15999984741211,25.889999389648438,25.889999389648438,2648600
2013-06-06,EWG,26.040000915527344,26.200000762939453,25.899999618530273,26.190000534057617,4862000
2013-06-07,EWG,26.149999618530273,26.549999237060547,26.079999923706055,26.479999542236328,6046100
2013-06-10,EWG,26.690000534057617,26.709999084472656,26.489999771118164,26.6299991607666,8196500
2013-06-11,EWG,26.270000457763672,26.489999771118164,26.200000762939453,26.3799991607666,3262100
2013-06-12,EWG,26.510000228881836,26.530000686645508,26.229999542236328,26.229999542236328,2165100
2013-06-13,EWG,26.09000015258789,26.530000686645508,26.040000915527344,26.520000457763672,9658700
2013-06-14,EWG,26.329999923706055,26.5,26.170000076293945,26.239999771118164,3261100
2013-06-17,EWG,26.709999084472656,26.780000686645508,26.459999084472656,26.610000610351562,3232400
2013-06-18,EWG,26.65999984741211,26.860000610351562,26.65999984741211,26.84000015258789,2420100
2013-06-19,EWG,26.739999771118164,26.84000015258789,26.219999313354492,26.239999771118164,5096600
2013-06-20,EWG,25.649999618530273,25.68000030517578,25.31999969482422,25.3799991607666,4323500
2013-06-21,EWG,25.350000381469727,25.3700008392334,24.799999237060547,25.010000228881836,4509200
2013-06-24,EWG,24.479999542236328,24.850000381469727,24.459999084472656,24.670000076293945,3348000
2013-06-25,EWG,24.959999084472656,24.989999771118164,24.670000076293945,24.959999084472656,1873200
2013-06-26,EWG,25.1299991607666,25.200000762939453,25.020000457763672,25.139999389648438,2077100
2013-06-27,EWG,24.829999923706055,24.969999313354492,24.790000915527344,24.860000610351562,2224000
2013-06-28,EWG,24.690000534057617,24.850000381469727,24.6200008392334,24.700000762939453,10774600
2013-07-01,EWG,24.920000076293945,24.989999771118164,24.809999465942383,24.850000381469727,3764600
2013-07-02,EWG,24.540000915527344,24.690000534057617,24.350000381469727,24.459999084472656,3089400
2013-07-03,EWG,24.18000030517578,24.450000762939453,24.1299991607666,24.389999389648438,1569300
2013-07-05,EWG,24.229999542236328,24.25,23.959999084472656,24.139999389648438,2546300
2013-07-08,EWG,24.540000915527344,24.65999984741211,24.43000030517578,24.530000686645508,1176900
2013-07-09,EWG,24.809999465942383,24.84000015258789,24.579999923706055,24.68000030517578,4048700
2013-07-10,EWG,24.65999984741211,25.059999465942383,24.65999984741211,24.899999618530273,2275000
2013-07-11,EWG,25.440000534057617,25.709999084472656,25.309999465942383,25.65999984741211,2149700
2013-07-12,EWG,25.56999969482422,25.690000534057617,25.459999084472656,25.610000610351562,1968700
2013-07-15,EWG,25.700000762939453,25.75,25.610000610351562,25.709999084472656,1804400
2013-07-16,EWG,25.719999313354492,25.84000015258789,25.68000030517578,25.809999465942383,2153600
2013-07-17,EWG,25.950000762939453,25.959999084472656,25.780000686645508,25.8799991607666,2031900
2013-07-18,EWG,25.889999389648438,26.110000610351562,25.889999389648438,26.100000381469727,1188500
2013-07-19,EWG,26.020000457763672,26.190000534057617,26.0,26.170000076293945,1448100
2013-07-22,EWG,26.229999542236328,26.290000915527344,26.170000076293945,26.200000762939453,1008300
2013-07-23,EWG,26.299999237060547,26.350000381469727,26.200000762939453,26.290000915527344,1352400
2013-07-24,EWG,26.489999771118164,26.520000457763672,26.270000457763672,26.360000610351562,3389400
2013-07-25,EWG,26.170000076293945,26.520000457763672,26.15999984741211,26.520000457763672,8684600
2013-07-26,EWG,26.170000076293945,26.31999969482422,26.06999969482422,26.309999465942383,1939900
2013-07-29,EWG,26.18000030517578,26.290000915527344,26.1299991607666,26.239999771118164,1874500
2013-07-30,EWG,26.360000610351562,26.3700008392334,26.1299991607666,26.200000762939453,5584300
2013-07-31,EWG,26.110000610351562,26.510000228881836,26.110000610351562,26.31999969482422,2557200
2013-08-01,EWG,26.639999389648438,26.760000228881836,26.540000915527344,26.700000762939453,3323500
2013-08-02,EWG,26.639999389648438,26.799999237060547,26.6299991607666,26.770000457763672,1444700
2013-08-05,EWG,26.6299991607666,26.709999084472656,26.540000915527344,26.690000534057617,1142200
2013-08-06,EWG,26.709999084472656,26.719999313354492,26.3799991607666,26.420000076293945,2298900
2013-08-07,EWG,26.34000015258789,26.459999084472656,26.280000686645508,26.420000076293945,1141100
2013-08-08,EWG,26.68000030517578,26.829999923706055,26.59000015258789,26.709999084472656,4288700
2013-08-09,EWG,26.709999084472656,26.809999465942383,26.610000610351562,26.719999313354492,2820800
2013-08-12,EWG,26.530000686645508,26.68000030517578,26.510000228881836,26.649999618530273,1746800
2013-08-13,EWG,26.739999771118164,26.860000610351562,26.600000381469727,26.860000610351562,1523600
2013-08-14,EWG,26.809999465942383,26.8799991607666,26.75,26.84000015258789,11605000
2013-08-15,EWG,26.520000457763672,26.799999237060547,26.31999969482422,26.790000915527344,4832900
2013-08-16,EWG,26.75,26.84000015258789,26.700000762939453,26.770000457763672,2207500
2013-08-19,EWG,26.790000915527344,26.829999923706055,26.639999389648438,26.639999389648438,2682500
2013-08-20,EWG,26.65999984741211,26.780000686645508,26.6200008392334,26.700000762939453,2352000
2013-08-21,EWG,26.59000015258789,26.790000915527344,26.43000030517578,26.530000686645508,1965200
2013-08-22,EWG,26.81999969482422,26.979999542236328,26.799999237060547,26.959999084472656,2776900
2013-08-23,EWG,26.969999313354492,27.09000015258789,26.889999389648438,27.020000457763672,1975700
2013-08-26,EWG,27.030000686645508,27.059999465942383,26.90999984741211,26.959999084472656,1588400
2013-08-27,EWG,26.450000762939453,26.579999923706055,26.290000915527344,26.34000015258789,3461500
2013-08-28,EWG,25.93000030517578,26.1299991607666,25.889999389648438,26.010000228881836,11613500
2013-08-29,EWG,25.829999923706055,25.969999313354492,25.809999465942383,25.889999389648438,2708300
2013-08-30,EWG,25.799999237060547,25.799999237060547,25.610000610351562,25.65999984741211,3444200
2013-09-03,EWG,25.920000076293945,25.950000762939453,25.670000076293945,25.799999237060547,3901600
2013-09-04,EWG,25.610000610351562,25.979999542236328,25.579999923706055,25.959999084472656,1569600
2013-09-05,EWG,25.850000381469727,25.950000762939453,25.780000686645508,25.8799991607666,1728200
2013-09-06,EWG,26.049999237060547,26.079999923706055,25.799999237060547,26.010000228881836,2966000
2013-09-09,EWG,26.18000030517578,26.43000030517578,26.18000030517578,26.40999984741211,2910100
2013-09-10,EWG,26.790000915527344,26.93000030517578,26.75,26.889999389648438,3598900
2013-09-11,EWG,26.93000030517578,27.100000381469727,26.920000076293945,27.09000015258789,2595800
2013-09-12,EWG,26.979999542236328,27.1200008392334,26.959999084472656,26.959999084472656,2394900
2013-09-13,EWG,27.040000915527344,27.1200008392334,26.90999984741211,27.100000381469727,2090600
2013-09-16,EWG,27.610000610351562,27.610000610351562,27.459999084472656,27.469999313354492,2778100
2013-09-17,EWG,27.489999771118164,27.56999969482422,27.459999084472656,27.540000915527344,1794700
2013-09-18,EWG,27.520000457763672,28.299999237060547,27.43000030517578,28.25,2910700
2013-09-19,EWG,28.25,28.25,28.030000686645508,28.09000015258789,3438000
2013-09-20,EWG,28.09000015258789,28.09000015258789,27.969999313354492,28.0,1193500
2013-09-23,EWG,27.920000076293945,27.959999084472656,27.75,27.8799991607666,1521200
2013-09-24,EWG,27.93000030517578,28.0,27.829999923706055,27.8799991607666,2129000
2013-09-25,EWG,27.889999389648438,28.040000915527344,27.850000381469727,27.979999542236328,1478100
2013-09-26,EWG,27.90999984741211,28.030000686645508,27.850000381469727,27.950000762939453,1240300
2013-09-27,EWG,27.969999313354492,28.06999969482422,27.950000762939453,28.030000686645508,1309400
2013-09-30,EWG,27.719999313354492,27.860000610351562,27.65999984741211,27.809999465942383,1903900
2013-10-01,EWG,27.920000076293945,28.149999618530273,27.8700008392334,28.1299991607666,6060000
2013-10-02,EWG,28.079999923706055,28.1200008392334,27.889999389648438,28.100000381469727,2380800
2013-10-03,EWG,28.059999465942383,28.059999465942383,27.920000076293945,27.959999084472656,1648000
2013-10-04,EWG,27.93000030517578,28.049999237060547,27.889999389648438,28.0,1219600
2013-10-07,EWG,27.709999084472656,27.93000030517578,27.700000762939453,27.850000381469727,1314800
2013-10-08,EWG,27.8799991607666,27.899999618530273,27.649999618530273,27.670000076293945,1399700
2013-10-09,EWG,27.639999389648438,27.65999984741211,27.420000076293945,27.600000381469727,2264300
2013-10-10,EWG,27.989999771118164,28.280000686645508,27.969999313354492,28.209999084472656,2228400
2013-10-11,EWG,28.219999313354492,28.31999969482422,28.190000534057617,28.309999465942383,2766900
2013-10-14,EWG,28.270000457763672,28.399999618530273,28.239999771118164,28.3799991607666,1443600
2013-10-15,EWG,28.34000015258789,28.43000030517578,28.34000015258789,28.350000381469727,1786200
2013-10-16,EWG,28.469999313354492,28.6299991607666,28.450000762939453,28.6200008392334,6028300
2013-10-17,EWG,28.690000534057617,28.889999389648438,28.670000076293945,28.860000610351562,1930200
2013-10-18,EWG,28.90999984741211,29.020000457763672,28.850000381469727,28.979999542236328,2606400
2013-10-21,EWG,28.93000030517578,29.030000686645508,28.93000030517578,29.0,1350600
2013-10-22,EWG,29.329999923706055,29.579999923706055,29.329999923706055,29.489999771118164,2199300
2013-10-23,EWG,29.399999618530273,29.459999084472656,29.329999923706055,29.40999984741211,2259700
2013-10-24,EWG,29.65999984741211,29.65999984741211,29.56999969482422,29.6299991607666,1570400
2013-10-25,EWG,29.68000030517578,29.729999542236328,29.610000610351562,29.68000030517578,1328600
2013-10-28,EWG,29.579999923706055,29.68000030517578,29.5,29.6200008392334,2033700
2013-10-29,EWG,29.6299991607666,29.690000534057617,29.549999237060547,29.65999984741211,3145800
2013-10-30,EWG,29.68000030517578,29.729999542236328,29.420000076293945,29.540000915527344,3115300
2013-10-31,EWG,29.459999084472656,29.469999313354492,29.299999237060547,29.34000015258789,1942300
2013-11-01,EWG,29.200000762939453,29.229999542236328,29.040000915527344,29.200000762939453,2226200
2013-11-04,EWG,29.260000228881836,29.3700008392334,29.219999313354492,29.360000610351562,1258000
2013-11-05,EWG,28.969999313354492,29.1200008392334,28.8799991607666,29.059999465942383,1515000
2013-11-06,EWG,29.280000686645508,29.40999984741211,29.239999771118164,29.280000686645508,1535600
2013-11-07,EWG,29.260000228881836,29.31999969482422,28.93000030517578,28.959999084472656,3856300
2013-11-08,EWG,28.889999389648438,29.100000381469727,28.850000381469727,29.079999923706055,1265700
2013-11-11,EWG,29.190000534057617,29.280000686645508,29.170000076293945,29.280000686645508,843000
2013-11-12,EWG,29.209999084472656,29.299999237060547,29.110000610351562,29.190000534057617,2841400
2013-11-13,EWG,28.899999618530273,29.360000610351562,28.84000015258789,29.329999923706055,1565700
2013-11-14,EWG,29.34000015258789,29.530000686645508,29.299999237060547,29.450000762939453,1473500
2013-11-15,EWG,29.59000015258789,29.65999984741211,29.530000686645508,29.65999984741211,7873000
2013-11-18,EWG,29.940000534057617,29.969999313354492,29.719999313354492,29.739999771118164,2915600
2013-11-19,EWG,29.760000228881836,29.8700008392334,29.709999084472656,29.799999237060547,1771100
2013-11-20,EWG,29.809999465942383,29.860000610351562,29.40999984741211,29.5,3906800
2013-11-21,EWG,29.639999389648438,29.739999771118164,29.579999923706055,29.719999313354492,1499700
2013-11-22,EWG,29.829999923706055,29.959999084472656,29.799999237060547,29.93000030517578,4452300
2013-11-25,EWG,30.079999923706055,30.1200008392334,30.020000457763672,30.06999969482422,2335600
2013-11-26,EWG,30.100000381469727,30.280000686645508,30.079999923706055,30.239999771118164,1943600
2013-11-27,EWG,30.350000381469727,30.440000534057617,30.329999923706055,30.3799991607666,2748700
2013-11-29,EWG,30.579999923706055,30.690000534057617,30.549999237060547,30.56999969482422,1511000
2013-12-02,EWG,30.520000457763672,30.559999465942383,30.40999984741211,30.440000534057617,2750000
2013-12-03,EWG,30.139999389648438,30.200000762939453,29.959999084472656,30.020000457763672,2716700
2013-12-04,EWG,29.540000915527344,29.809999465942383,29.540000915527344,29.75,4412200
2013-12-05,EWG,29.809999465942383,29.90999984741211,29.690000534057617,29.739999771118164,2315900
2013-12-06,EWG,30.030000686645508,30.200000762939453,29.979999542236328,30.15999984741211,1974600
2013-12-09,EWG,30.229999542236328,30.270000457763672,30.170000076293945,30.209999084472656,1183400
2013-12-10,EWG,30.079999923706055,30.190000534057617,29.989999771118164,30.049999237060547,955700
2013-12-11,EWG,30.170000076293945,30.170000076293945,29.850000381469727,29.850000381469727,2191500
2013-12-12,EWG,29.719999313354492,29.790000915527344,29.6200008392334,29.670000076293945,1617200
2013-12-13,EWG,29.690000534057617,29.739999771118164,29.56999969482422,29.729999542236328,1241300
2013-12-16,EWG,30.170000076293945,30.25,30.079999923706055,30.170000076293945,2246300
2013-12-17,EWG,30.100000381469727,30.110000610351562,29.920000076293945,30.040000915527344,2356200
2013-12-18,EWG,30.239999771118164,30.59000015258789,30.020000457763672,30.440000534057617,7280800
2013-12-19,EWG,30.399999618530273,30.579999923706055,30.34000015258789,30.549999237060547,2131500
2013-12-20,EWG,30.65999984741211,30.81999969482422,30.65999984741211,30.739999771118164,1882500
2013-12-23,EWG,31.020000457763672,31.139999389648438,30.979999542236328,31.100000381469727,1742000
2013-12-24,EWG,31.1299991607666,31.270000457763672,31.030000686645508,31.239999771118164,955400
2013-12-26,EWG,31.43000030517578,31.489999771118164,31.3700008392334,31.43000030517578,2548700
2013-12-27,EWG,31.549999237060547,31.610000610351562,31.479999542236328,31.510000228881836,2642100
2013-12-30,EWG,31.579999923706055,31.729999542236328,31.579999923706055,31.68000030517578,1208900
2013-12-31,EWG,31.729999542236328,31.93000030517578,31.690000534057617,31.760000228881836,1892600
2014-01-02,EWG,31.0,31.010000228881836,30.670000076293945,30.75,4637500
2014-01-03,EWG,30.75,30.799999237060547,30.639999389648438,30.649999618530273,2598000
2014-01-06,EWG,30.850000381469727,30.850000381469727,30.739999771118164,30.799999237060547,5987400
2014-01-07,EWG,30.90999984741211,30.969999313354492,30.84000015258789,30.90999984741211,2541800
2014-01-08,EWG,30.8799991607666,30.940000534057617,30.760000228881836,30.81999969482422,3006600
2014-01-09,EWG,30.8799991607666,30.899999618530273,30.56999969482422,30.75,2088100
2014-01-10,EWG,30.920000076293945,31.09000015258789,30.8799991607666,31.049999237060547,2010300
2014-01-13,EWG,30.979999542236328,31.049999237060547,30.790000915527344,30.850000381469727,2230700
2014-01-14,EWG,31.010000228881836,31.309999465942383,30.920000076293945,31.299999237060547,5009100
2014-01-15,EWG,31.450000762939453,31.739999771118164,31.440000534057617,31.719999313354492,2612500
2014-01-16,EWG,31.68000030517578,31.690000534057617,31.520000457763672,31.670000076293945,6000700
2014-01-17,EWG,31.520000457763672,31.59000015258789,31.329999923706055,31.389999389648438,2821900
2014-01-21,EWG,31.639999389648438,31.639999389648438,31.399999618530273,31.56999969482422,2378700
2014-01-22,EWG,31.540000915527344,31.559999465942383,31.420000076293945,31.479999542236328,2031400
2014-01-23,EWG,31.5,31.559999465942383,31.360000610351562,31.540000915527344,1941500
2014-01-24,EWG,31.059999465942383,31.09000015258789,30.489999771118164,30.520000457763672,3128900
2014-01-27,EWG,30.600000381469727,30.6299991607666,30.290000915527344,30.420000076293945,3207100
2014-01-28,EWG,30.6200008392334,30.84000015258789,30.610000610351562,30.799999237060547,3510700
2014-01-29,EWG,30.200000762939453,30.450000762939453,30.139999389648438,30.25,3600500
2014-01-30,EWG,30.43000030517578,30.450000762939453,30.200000762939453,30.389999389648438,1976500
2014-01-31,EWG,29.6299991607666,29.979999542236328,29.610000610351562,29.829999923706055,5772300
2014-02-03,EWG,29.809999465942383,29.8700008392334,29.309999465942383,29.34000015258789,4023900
2014-02-04,EWG,29.440000534057617,29.549999237060547,29.3799991607666,29.520000457763672,2782500
2014-02-05,EWG,29.459999084472656,29.56999969482422,29.420000076293945,29.540000915527344,2136400
2014-02-06,EWG,29.81999969482422,30.139999389648438,29.81999969482422,30.100000381469727,3263800
2014-02-07,EWG,30.219999313354492,30.469999313354492,30.1299991607666,30.450000762939453,3440100
2014-02-10,EWG,30.350000381469727,30.350000381469727,30.270000457763672,30.329999923706055,995300
2014-02-11,EWG,30.610000610351562,31.020000457763672,30.59000015258789,30.969999313354492,4878600
2014-02-12,EWG,30.979999542236328,31.100000381469727,30.940000534057617,31.0,4745100
2014-02-13,EWG,31.0,31.469999313354492,30.989999771118164,31.469999313354492,1932800
2014-02-14,EWG,31.5,31.639999389648438,31.469999313354492,31.56999969482422,1312300
2014-02-18,EWG,31.739999771118164,31.760000228881836,31.579999923706055,31.709999084472656,3292500
2014-02-19,EWG,31.68000030517578,31.829999923706055,31.420000076293945,31.43000030517578,1746300
2014-02-20,EWG,31.31999969482422,31.520000457763672,31.239999771118164,31.489999771118164,1765400
2014-02-21,EWG,31.540000915527344,31.709999084472656,31.489999771118164,31.579999923706055,2296400
2014-02-24,EWG,31.559999465942383,31.860000610351562,31.559999465942383,31.739999771118164,2888500
2014-02-25,EWG,31.75,31.850000381469727,31.56999969482422,31.670000076293945,1505300
2014-02-26,EWG,31.510000228881836,31.559999465942383,31.360000610351562,31.450000762939453,1798600
2014-02-27,EWG,31.18000030517578,31.43000030517578,31.110000610351562,31.43000030517578,2392900
2014-02-28,EWG,31.639999389648438,31.90999984741211,31.56999969482422,31.709999084472656,5627200
2014-03-03,EWG,30.889999389648438,31.0,30.540000915527344,30.6200008392334,7668200
2014-03-04,EWG,31.3700008392334,31.43000030517578,31.219999313354492,31.309999465942383,5713200
2014-03-05,EWG,31.280000686645508,31.34000015258789,31.170000076293945,31.239999771118164,3921100
2014-03-06,EWG,31.489999771118164,31.56999969482422,31.43000030517578,31.479999542236328,3150700
2014-03-07,EWG,31.31999969482422,31.34000015258789,30.920000076293945,31.1200008392334,3026900
2014-03-10,EWG,30.850000381469727,30.889999389648438,30.510000228881836,30.770000457763672,3316600
2014-03-11,EWG,30.829999923706055,31.0,30.65999984741211,30.709999084472656,4192500
2014-03-12,EWG,30.3700008392334,30.610000610351562,30.280000686645508,30.510000228881836,4171400
2014-03-13,EWG,30.65999984741211,30.690000534057617,29.530000686645508,29.6299991607666,5968200
2014-03-14,EWG,29.739999771118164,30.18000030517578,29.729999542236328,29.950000762939453,6998500
2014-03-17,EWG,30.280000686645508,30.559999465942383,30.270000457763672,30.479999542236328,2958800
2014-03-18,EWG,30.579999923706055,30.889999389648438,30.579999923706055,30.760000228881836,6104500
2014-03-19,EWG,30.790000915527344,30.8799991607666,30.190000534057617,30.420000076293945,3596800
2014-03-20,EWG,30.170000076293945,30.540000915527344,30.1299991607666,30.459999084472656,2697800
2014-03-21,EWG,30.6299991607666,30.780000686645508,30.43000030517578,30.489999771118164,4215600
2014-03-24,EWG,30.610000610351562,30.6299991607666,30.1299991607666,30.3799991607666,3006100
2014-03-25,EWG,30.700000762939453,30.889999389648438,30.510000228881836,30.81999969482422,2804300
2014-03-26,EWG,31.079999923706055,31.139999389648438,30.8799991607666,30.899999618530273,8127400
2014-03-27,EWG,30.860000610351562,31.010000228881836,30.809999465942383,30.8799991607666,1760700
2014-03-28,EWG,31.229999542236328,31.360000610351562,31.219999313354492,31.299999237060547,1641000
2014-03-31,EWG,31.540000915527344,31.579999923706055,31.299999237060547,31.350000381469727,2094700
2014-04-01,EWG,31.600000381469727,31.639999389648438,31.469999313354492,31.579999923706055,2199500
2014-04-02,EWG,31.530000686645508,31.579999923706055,31.489999771118164,31.549999237060547,3629200
2014-04-03,EWG,31.559999465942383,31.6299991607666,31.350000381469727,31.43000030517578,4614000
2014-04-04,EWG,31.59000015258789,31.65999984741211,31.31999969482422,31.34000015258789,5390800
2014-04-07,EWG,31.18000030517578,31.219999313354492,30.889999389648438,31.020000457763672,2268500
2014-04-08,EWG,30.90999984741211,31.149999618530273,30.8799991607666,31.059999465942383,1169000
2014-04-09,EWG,31.299999237060547,31.469999313354492,31.139999389648438,31.440000534057617,2045900
2014-04-10,EWG,31.440000534057617,31.459999084472656,30.81999969482422,30.850000381469727,2528200
2014-04-11,EWG,30.600000381469727,30.889999389648438,30.559999465942383,30.59000015258789,2613400
2014-04-14,EWG,30.65999984741211,30.690000534057617,30.479999542236328,30.649999618530273,3108900
2014-04-15,EWG,30.5,30.56999969482422,29.850000381469727,30.239999771118164,5016900
2014-04-16,EWG,30.579999923706055,30.739999771118164,30.459999084472656,30.709999084472656,2301000
2014-04-17,EWG,30.969999313354492,31.1200008392334,30.81999969482422,31.020000457763672,2183400
2014-04-21,EWG,31.0,31.1200008392334,30.959999084472656,31.09000015258789,808000
2014-04-22,EWG,31.43000030517578,31.540000915527344,31.3799991607666,31.489999771118164,2238200
2014-04-23,EWG,31.510000228881836,31.530000686645508,31.34000015258789,31.3799991607666,4296500
2014-04-24,EWG,31.209999084472656,31.420000076293945,30.920000076293945,31.270000457763672,7580600
2014-04-25,EWG,31.06999969482422,31.1299991607666,30.829999923706055,30.93000030517578,10145700
2014-04-28,EWG,31.100000381469727,31.260000228881836,30.860000610351562,31.149999618530273,4625300
2014-04-29,EWG,31.3799991607666,31.530000686645508,31.309999465942383,31.43000030517578,2096900
2014-04-30,EWG,31.549999237060547,31.690000534057617,31.5,31.68000030517578,3736400
2014-05-01,EWG,31.6200008392334,31.790000915527344,31.610000610351562,31.719999313354492,1631300
2014-05-02,EWG,31.389999389648438,31.559999465942383,31.350000381469727,31.459999084472656,2133500
2014-05-05,EWG,31.149999618530273,31.450000762939453,31.010000228881836,31.420000076293945,1201800
2014-05-06,EWG,31.280000686645508,31.360000610351562,31.18000030517578,31.219999313354492,2358200
2014-05-07,EWG,31.40999984741211,31.559999465942383,31.239999771118164,31.510000228881836,2348300
2014-05-08,EWG,31.479999542236328,31.65999984741211,31.3700008392334,31.40999984741211,4076900
2014-05-09,EWG,31.360000610351562,31.40999984741211,31.219999313354492,31.329999923706055,1574300
2014-05-12,EWG,31.600000381469727,31.739999771118164,31.600000381469727,31.729999542236328,2281700
2014-05-13,EWG,31.790000915527344,31.790000915527344,31.649999618530273,31.700000762939453,2851600
2014-05-14,EWG,31.690000534057617,31.739999771118164,31.59000015258789,31.6299991607666,1809600
2014-05-15,EWG,31.549999237060547,31.549999237060547,31.25,31.450000762939453,10195000
2014-05-16,EWG,31.280000686645508,31.329999923706055,31.18000030517578,31.31999969482422,5997800
2014-05-19,EWG,31.31999969482422,31.459999084472656,31.280000686645508,31.389999389648438,1026500
2014-05-20,EWG,31.34000015258789,31.3700008392334,31.139999389648438,31.25,1550700
2014-05-21,EWG,31.34000015258789,31.479999542236328,31.329999923706055,31.469999313354492,4508200
2014-05-22,EWG,31.440000534057617,31.510000228881836,31.399999618530273,31.479999542236328,1078400
2014-05-23,EWG,31.469999313354492,31.600000381469727,31.469999313354492,31.559999465942383,1502300
2014-05-27,EWG,32.119998931884766,32.15999984741211,32.0099983215332,32.150001525878906,2323800
2014-05-28,EWG,32.0,32.040000915527344,31.8799991607666,31.940000534057617,1567400
2014-05-29,EWG,32.029998779296875,32.099998474121094,31.979999542236328,32.09000015258789,1714800
2014-05-30,EWG,32.099998474121094,32.16999816894531,32.040000915527344,32.13999938964844,3243100
2014-06-02,EWG,32.16999816894531,32.16999816894531,31.959999084472656,32.09000015258789,1016500
2014-06-03,EWG,32.0,32.060001373291016,31.959999084472656,31.959999084472656,3793000
2014-06-04,EWG,31.889999389648438,32.02000045776367,31.8700008392334,31.959999084472656,2609800
2014-06-05,EWG,32.02000045776367,32.25,31.90999984741211,32.25,3400800
2014-06-06,EWG,32.31999969482422,32.36000061035156,32.22999954223633,32.349998474121094,2041700
2014-06-09,EWG,32.209999084472656,32.279998779296875,32.15999984741211,32.22999954223633,1243600
2014-06-10,EWG,32.20000076293945,32.20000076293945,32.09000015258789,32.189998626708984,4899300
2014-06-11,EWG,31.950000762939453,31.989999771118164,31.889999389648438,31.90999984741211,1521100
2014-06-12,EWG,31.940000534057617,32.0,31.84000015258789,31.899999618530273,3010700
2014-06-13,EWG,31.799999237060547,31.90999984741211,31.709999084472656,31.780000686645508,5368800
2014-06-16,EWG,31.829999923706055,31.93000030517578,31.799999237060547,31.84000015258789,2795200
2014-06-17,EWG,31.75,31.90999984741211,31.75,31.889999389648438,3962700
2014-06-18,EWG,31.969999313354492,32.20000076293945,31.899999618530273,32.16999816894531,5628800
2014-06-19,EWG,32.33000183105469,32.380001068115234,32.22999954223633,32.25,2813000
2014-06-20,EWG,32.279998779296875,32.279998779296875,32.11000061035156,32.189998626708984,2477900
2014-06-23,EWG,32.029998779296875,32.08000183105469,31.899999618530273,32.0099983215332,3369800
2014-06-24,EWG,32.029998779296875,32.04999923706055,31.889999389648438,31.93000030517578,4550700
2014-06-25,EWG,31.170000076293945,31.329999923706055,31.15999984741211,31.290000915527344,3334000
2014-06-26,EWG,31.139999389648438,31.170000076293945,30.770000457763672,31.09000015258789,3377200
2014-06-27,EWG,31.049999237060547,31.219999313354492,31.010000228881836,31.219999313354492,1276200
2014-06-30,EWG,31.219999313354492,31.34000015258789,31.18000030517578,31.280000686645508,5100200
2014-07-01,EWG,31.309999465942383,31.549999237060547,31.299999237060547,31.440000534057617,5230800
2014-07-02,EWG,31.3799991607666,31.459999084472656,31.350000381469727,31.40999984741211,3340300
2014-07-03,EWG,31.56999969482422,31.719999313354492,31.549999237060547,31.700000762939453,2246000
2014-07-07,EWG,31.420000076293945,31.450000762939453,31.229999542236328,31.290000915527344,2983200
2014-07-08,EWG,31.040000915527344,31.059999465942383,30.790000915527344,30.899999618530273,4088800
2014-07-09,EWG,30.899999618530273,31.09000015258789,30.889999389648438,31.049999237060547,3347000
2014-07-10,EWG,30.450000762939453,30.6200008392334,30.40999984741211,30.600000381469727,4820900
2014-07-11,EWG,30.459999084472656,30.56999969482422,30.399999618530273,30.549999237060547,3019900
2014-07-14,EWG,30.920000076293945,30.979999542236328,30.850000381469727,30.8799991607666,3835500
2014-07-15,EWG,30.8700008392334,30.889999389648438,30.530000686645508,30.65999984741211,6901300
2014-07-16,EWG,31.0,31.0,30.8799991607666,30.950000762939453,3441600
2014-07-17,EWG,30.729999542236328,30.90999984741211,30.420000076293945,30.469999313354492,5458700
2014-07-18,EWG,30.40999984741211,30.639999389648438,30.389999389648438,30.59000015258789,2202700
2014-07-21,EWG,30.270000457763672,30.309999465942383,30.15999984741211,30.260000228881836,2357300
2014-07-22,EWG,30.399999618530273,30.459999084472656,30.360000610351562,30.389999389648438,3859500
2014-07-23,EWG,30.610000610351562,30.610000610351562,30.459999084472656,30.469999313354492,3681900
2014-07-24,EWG,30.6200008392334,30.65999984741211,30.520000457763672,30.56999969482422,3857000
2014-07-25,EWG,30.389999389648438,30.40999984741211,30.030000686645508,30.139999389648438,2250100
2014-07-28,EWG,30.059999465942383,30.06999969482422,29.760000228881836,30.020000457763672,3028400
2014-07-29,EWG,30.1299991607666,30.18000030517578,29.959999084472656,29.969999313354492,1513200
2014-07-30,EWG,29.989999771118164,30.040000915527344,29.729999542236328,29.860000610351562,2920900
2014-07-31,EWG,29.440000534057617,29.469999313354492,29.100000381469727,29.149999618530273,5496800
2014-08-01,EWG,28.799999237060547,29.0,28.579999923706055,28.670000076293945,5779400
2014-08-04,EWG,28.75,28.809999465942383,28.5,28.760000228881836,5711700
2014-08-05,EWG,28.600000381469727,28.6200008392334,28.239999771118164,28.299999237060547,4349200
2014-08-06,EWG,28.079999923706055,28.450000762939453,28.079999923706055,28.350000381469727,6265400
2014-08-07,EWG,28.40999984741211,28.450000762939453,27.90999984741211,28.0,7171800
2014-08-08,EWG,28.100000381469727,28.40999984741211,28.020000457763672,28.3799991607666,6220600
2014-08-11,EWG,28.540000915527344,28.649999618530273,28.5,28.549999237060547,9333400
2014-08-12,EWG,28.299999237060547,28.34000015258789,28.139999389648438,28.260000228881836,3994100
2014-08-13,EWG,28.56999969482422,28.68000030517578,28.479999542236328,28.600000381469727,4638200
2014-08-14,EWG,28.780000686645508,28.81999969482422,28.700000762939453,28.75,5478300
2014-08-15,EWG,29.0,29.030000686645508,28.229999542236328,28.520000457763672,18408200
2014-08-18,EWG,28.729999542236328,28.81999969482422,28.68000030517578,28.81999969482422,3776400
2014-08-19,EWG,28.959999084472656,28.969999313354492,28.889999389648438,28.950000762939453,7796000
2014-08-20,EWG,28.670000076293945,28.850000381469727,28.6200008392334,28.790000915527344,13086400
2014-08-21,EWG,28.889999389648438,29.040000915527344,28.8700008392334,28.979999542236328,6110900
2014-08-22,EWG,28.920000076293945,28.940000534057617,28.610000610351562,28.799999237060547,2882200
2014-08-25,EWG,28.959999084472656,29.190000534057617,28.940000534057617,29.110000610351562,4866100
2014-08-26,EWG,29.260000228881836,29.40999984741211,29.239999771118164,29.299999237060547,6742900
2014-08-27,EWG,29.389999389648438,29.399999618530273,29.239999771118164,29.299999237060547,2488700
2014-08-28,EWG,28.889999389648438,29.020000457763672,28.81999969482422,29.010000228881836,4813600
2014-08-29,EWG,28.940000534057617,28.950000762939453,28.709999084472656,28.920000076293945,2451500
2014-09-02,EWG,29.020000457763672,29.030000686645508,28.850000381469727,28.959999084472656,2618500
2014-09-03,EWG,29.420000076293945,29.440000534057617,29.280000686645508,29.360000610351562,5157300
2014-09-04,EWG,29.18000030517578,29.31999969482422,29.079999923706055,29.190000534057617,4264200
2014-09-05,EWG,29.34000015258789,29.420000076293945,29.229999542236328,29.389999389648438,2767200
2014-09-08,EWG,29.25,29.309999465942383,29.049999237060547,29.1200008392334,3498100
2014-09-09,EWG,29.049999237060547,29.149999618530273,29.0,29.110000610351562,5383600
2014-09-10,EWG,28.989999771118164,29.149999618530273,28.950000762939453,29.1299991607666,2768800
2014-09-11,EWG,28.950000762939453,29.09000015258789,28.93000030517578,29.059999465942383,3112000
2014-09-12,EWG,28.950000762939453,29.059999465942383,28.829999923706055,28.959999084472656,6412600
2014-09-15,EWG,28.989999771118164,29.049999237060547,28.940000534057617,28.989999771118164,1495300
2014-09-16,EWG,28.799999237060547,29.139999389648438,28.799999237060547,29.079999923706055,2186200
2014-09-17,EWG,29.09000015258789,29.209999084472656,28.860000610351562,28.920000076293945,2920500
2014-09-18,EWG,29.190000534057617,29.309999465942383,29.170000076293945,29.280000686645508,3686800
2014-09-19,EWG,29.280000686645508,29.290000915527344,29.100000381469727,29.110000610351562,1425900
2014-09-22,EWG,29.149999618530273,29.18000030517578,28.90999984741211,29.0,5329600
2014-09-23,EWG,28.709999084472656,28.850000381469727,28.520000457763672,28.56999969482422,4154800
2014-09-24,EWG,28.469999313354492,28.68000030517578,28.3799991607666,28.65999984741211,3439200
2014-09-25,EWG,28.440000534057617,28.440000534057617,27.979999542236328,28.020000457763672,3039200
2014-09-26,EWG,28.010000228881836,28.079999923706055,27.889999389648438,28.059999465942383,2914900
2014-09-29,EWG,27.649999618530273,27.780000686645508,27.6200008392334,27.760000228881836,3040400
2014-09-30,EWG,27.559999465942383,27.799999237060547,27.510000228881836,27.700000762939453,7717400
2014-10-01,EWG,27.559999465942383,27.56999969482422,27.270000457763672,27.360000610351562,3050400
2014-10-02,EWG,27.3799991607666,27.40999984741211,26.920000076293945,27.1200008392334,3453500
2014-10-03,EWG,26.889999389648438,27.06999969482422,26.8700008392334,27.030000686645508,6553900
2014-10-06,EWG,27.040000915527344,27.059999465942383,26.729999542236328,26.969999313354492,4593100
2014-10-07,EWG,26.780000686645508,26.81999969482422,26.5,26.510000228881836,3283100
2014-10-08,EWG,26.530000686645508,27.0,26.399999618530273,26.959999084472656,6029400
2014-10-09,EWG,26.770000457763672,26.829999923706055,26.170000076293945,26.25,4855600
2014-10-10,EWG,25.950000762939453,26.059999465942383,25.670000076293945,25.719999313354492,7429600
2014-10-13,EWG,26.040000915527344,26.1299991607666,25.719999313354492,25.729999542236328,3534500
2014-10-14,EWG,25.950000762939453,26.040000915527344,25.770000457763672,25.8700008392334,3905400
2014-10-15,EWG,25.65999984741211,25.75,25.190000534057617,25.700000762939453,6590700
2014-10-16,EWG,25.030000686645508,25.729999542236328,25.0,25.520000457763672,4772300
2014-10-17,EWG,26.020000457763672,26.270000457763672,25.93000030517578,26.15999984741211,4636200
2014-10-20,EWG,25.850000381469727,26.100000381469727,25.809999465942383,26.09000015258789,2189300
2014-10-21,EWG,26.190000534057617,26.469999313354492,26.18000030517578,26.440000534057617,4293900
2014-10-22,EWG,26.34000015258789,26.399999618530273,26.030000686645508,26.040000915527344,3530900
2014-10-23,EWG,26.40999984741211,26.670000076293945,26.3700008392334,26.549999237060547,6114900
2014-10-24,EWG,26.530000686645508,26.579999923706055,26.420000076293945,26.549999237060547,5575200
2014-10-27,EWG,26.170000076293945,26.479999542236328,26.06999969482422,26.34000015258789,3225400
2014-10-28,EWG,26.75,26.969999313354492,26.729999542236328,26.950000762939453,5760400
2014-10-29,EWG,27.040000915527344,27.1200008392334,26.559999465942383,26.690000534057617,6551100
2014-10-30,EWG,26.399999618530273,26.899999618530273,26.3700008392334,26.84000015258789,2929700
2014-10-31,EWG,27.059999465942383,27.25,27.010000228881836,27.229999542236328,5702300
2014-11-03,EWG,27.020000457763672,27.059999465942383,26.829999923706055,26.940000534057617,3994700
2014-11-04,EWG,26.920000076293945,26.959999084472656,26.739999771118164,26.8799991607666,2781100
2014-11-05,EWG,27.100000381469727,27.100000381469727,26.899999618530273,27.020000457763672,1574800
2014-11-06,EWG,27.149999618530273,27.290000915527344,26.90999984741211,27.049999237060547,4059600
2014-11-07,EWG,26.8799991607666,26.950000762939453,26.700000762939453,26.889999389648438,3548600
2014-11-10,EWG,27.010000228881836,27.040000915527344,26.8799991607666,27.0,1734200
2014-11-11,EWG,27.059999465942383,27.200000762939453,26.950000762939453,27.170000076293945,3687500
2014-11-12,EWG,26.700000762939453,26.829999923706055,26.65999984741211,26.75,3464600
2014-11-13,EWG,26.739999771118164,26.969999313354492,26.719999313354492,26.889999389648438,3748300
2014-11-14,EWG,26.700000762939453,26.989999771118164,26.68000030517578,26.920000076293945,6719900
2014-11-17,EWG,26.850000381469727,27.040000915527344,26.799999237060547,26.989999771118164,2437200
2014-11-18,EWG,27.469999313354492,27.68000030517578,27.440000534057617,27.649999618530273,3724400
2014-11-19,EWG,27.729999542236328,27.809999465942383,27.520000457763672,27.65999984741211,1947800
2014-11-20,EWG,27.459999084472656,27.709999084472656,27.440000534057617,27.670000076293945,2374300
2014-11-21,EWG,28.030000686645508,28.110000610351562,27.8799991607666,27.979999542236328,4613900
2014-11-24,EWG,28.31999969482422,28.3799991607666,28.229999542236328,28.3700008392334,3492100
2014-11-25,EWG,28.530000686645508,28.68000030517578,28.520000457763672,28.600000381469727,5814500
2014-11-26,EWG,28.709999084472656,28.90999984741211,28.700000762939453,28.899999618530273,4605100
2014-11-28,EWG,28.8799991607666,28.889999389648438,28.770000457763672,28.790000915527344,3671100
2014-12-01,EWG,28.860000610351562,28.940000534057617,28.790000915527344,28.81999969482422,2772000
2014-12-02,EWG,28.670000076293945,28.700000762939453,28.559999465942383,28.68000030517578,1840100
2014-12-03,EWG,28.530000686645508,28.610000610351562,28.489999771118164,28.56999969482422,1820200
2014-12-04,EWG,28.530000686645508,28.6299991607666,28.350000381469727,28.5,2629800
2014-12-05,EWG,28.6200008392334,28.829999923706055,28.579999923706055,28.760000228881836,2815000
2014-12-08,EWG,28.600000381469727,28.68000030517578,28.5,28.549999237060547,2948400
2014-12-09,EWG,28.290000915527344,28.459999084472656,28.200000762939453,28.3799991607666,4041600
2014-12-10,EWG,28.399999618530273,28.40999984741211,28.110000610351562,28.1200008392334,11208600
2014-12-11,EWG,28.270000457763672,28.489999771118164,28.190000534057617,28.239999771118164,3626600
2014-12-12,EWG,28.1200008392334,28.229999542236328,27.6200008392334,27.639999389648438,3692100
2014-12-15,EWG,27.84000015258789,27.8799991607666,27.0,27.010000228881836,5736000
2014-12-16,EWG,27.040000915527344,27.790000915527344,27.010000228881836,27.389999389648438,5941000
2014-12-17,EWG,27.479999542236328,27.920000076293945,27.43000030517578,27.700000762939453,5354700
2014-12-18,EWG,27.889999389648438,28.1299991607666,27.84000015258789,28.110000610351562,3897200
2014-12-19,EWG,27.809999465942383,28.040000915527344,27.700000762939453,27.829999923706055,4457700
2014-12-22,EWG,28.15999984741211,28.190000534057617,28.020000457763672,28.15999984741211,2197200
2014-12-23,EWG,28.100000381469727,28.1200008392334,27.969999313354492,28.020000457763672,6164600
2014-12-24,EWG,28.049999237060547,28.239999771118164,28.030000686645508,28.170000076293945,1629600
2014-12-26,EWG,28.219999313354492,28.290000915527344,28.170000076293945,28.18000030517578,652100
2014-12-29,EWG,27.950000762939453,28.1299991607666,27.950000762939453,28.010000228881836,3376900
2014-12-30,EWG,27.84000015258789,27.850000381469727,27.6200008392334,27.65999984741211,4646100
2014-12-31,EWG,27.690000534057617,27.719999313354492,27.329999923706055,27.40999984741211,2454000
2015-01-02,EWG,27.399999618530273,27.5,27.200000762939453,27.280000686645508,4061500
2015-01-05,EWG,26.690000534057617,26.709999084472656,26.25,26.329999923706055,3959600
2015-01-06,EWG,26.489999771118164,26.690000534057617,26.200000762939453,26.219999313354492,3618600
2015-01-07,EWG,26.299999237060547,26.5,26.100000381469727,26.440000534057617,3783300
2015-01-08,EWG,26.600000381469727,27.059999465942383,26.56999969482422,26.940000534057617,3574500
2015-01-09,EWG,26.969999313354492,26.979999542236328,26.520000457763672,26.75,2442000
2015-01-12,EWG,26.899999618530273,27.0,26.579999923706055,26.90999984741211,3137900
2015-01-13,EWG,27.260000228881836,27.34000015258789,26.780000686645508,27.030000686645508,4854800
2015-01-14,EWG,26.989999771118164,27.18000030517578,26.889999389648438,27.100000381469727,8220700
2015-01-15,EWG,27.190000534057617,27.239999771118164,26.979999542236328,27.049999237060547,4357100
2015-01-16,EWG,27.049999237060547,27.790000915527344,26.969999313354492,27.690000534057617,6939200
2015-01-20,EWG,27.709999084472656,27.739999771118164,27.540000915527344,27.670000076293945,18778100
2015-01-21,EWG,27.579999923706055,27.860000610351562,27.489999771118164,27.850000381469727,11315100
2015-01-22,EWG,27.65999984741211,27.940000534057617,27.469999313354492,27.799999237060547,8936500
2015-01-23,EWG,27.809999465942383,28.040000915527344,27.760000228881836,27.760000228881836,4798600
2015-01-26,EWG,28.149999618530273,28.520000457763672,28.079999923706055,28.440000534057617,3726600
2015-01-27,EWG,28.190000534057617,28.31999969482422,28.079999923706055,28.209999084472656,6780300
2015-01-28,EWG,28.25,28.450000762939453,27.829999923706055,27.84000015258789,5686400
2015-01-29,EWG,28.260000228881836,28.549999237060547,28.190000534057617,28.540000915527344,4529700
2015-01-30,EWG,28.190000534057617,28.34000015258789,27.989999771118164,28.049999237060547,6264200
2015-02-02,EWG,28.309999465942383,28.719999313354492,28.239999771118164,28.670000076293945,3625100
2015-02-03,EWG,28.969999313354492,29.280000686645508,28.950000762939453,29.219999313354492,5943000
2015-02-04,EWG,28.889999389648438,29.059999465942383,28.65999984741211,28.739999771118164,9317100
2015-02-05,EWG,28.920000076293945,29.190000534057617,28.81999969482422,29.18000030517578,8647000
2015-02-06,EWG,28.6299991607666,28.729999542236328,28.3700008392334,28.440000534057617,5276000
2015-02-09,EWG,28.0,28.200000762939453,27.989999771118164,28.110000610351562,4204300
2015-02-10,EWG,28.329999923706055,28.530000686645508,28.18000030517578,28.450000762939453,4394000
2015-02-11,EWG,28.3700008392334,28.440000534057617,28.15999984741211,28.350000381469727,5292800
2015-02-12,EWG,28.920000076293945,29.209999084472656,28.90999984741211,29.200000762939453,3579100
2015-02-13,EWG,29.18000030517578,29.229999542236328,29.079999923706055,29.190000534057617,5914500
2015-02-17,EWG,28.979999542236328,29.1200008392334,28.780000686645508,29.049999237060547,4110700
2015-02-18,EWG,29.040000915527344,29.219999313354492,28.940000534057617,29.1299991607666,4587200
2015-02-19,EWG,29.09000015258789,29.229999542236328,29.010000228881836,29.100000381469727,13766600
2015-02-20,EWG,28.90999984741211,29.65999984741211,28.860000610351562,29.5,7021800
2015-02-23,EWG,29.389999389648438,29.479999542236328,29.309999465942383,29.420000076293945,2199000
2015-02-24,EWG,29.389999389648438,29.709999084472656,29.290000915527344,29.65999984741211,3242200
2015-02-25,EWG,29.6200008392334,29.709999084472656,29.549999237060547,29.670000076293945,6369500
2015-02-26,EWG,29.540000915527344,29.649999618530273,29.479999542236328,29.579999923706055,3733000
2015-02-27,EWG,29.56999969482422,29.809999465942383,29.489999771118164,29.700000762939453,3890300
2015-03-02,EWG,29.799999237060547,29.84000015258789,29.68000030517578,29.81999969482422,4455400
2015-03-03,EWG,29.690000534057617,29.729999542236328,29.3799991607666,29.489999771118164,3679700
2015-03-04,EWG,29.299999237060547,29.450000762939453,29.09000015258789,29.420000076293945,5131500
2015-03-05,EWG,29.510000228881836,29.6200008392334,29.420000076293945,29.510000228881836,8105000
2015-03-06,EWG,29.209999084472656,29.34000015258789,29.020000457763672,29.040000915527344,5953600
2015-03-09,EWG,29.209999084472656,29.350000381469727,29.139999389648438,29.299999237060547,17522400
2015-03-10,EWG,28.729999542236328,28.889999389648438,28.6200008392334,28.65999984741211,6871100
2015-03-11,EWG,28.799999237060547,29.110000610351562,28.760000228881836,29.010000228881836,7789000
2015-03-12,EWG,29.09000015258789,29.280000686645508,29.049999237060547,29.270000457763672,6006400
2015-03-13,EWG,28.979999542236328,29.239999771118164,28.809999465942383,29.190000534057617,5346900
2015-03-16,EWG,29.739999771118164,30.059999465942383,29.68000030517578,29.93000030517578,6375400
2015-03-17,EWG,29.65999984741211,29.690000534057617,29.450000762939453,29.600000381469727,4287500
2015-03-18,EWG,29.399999618530273,30.059999465942383,29.3799991607666,29.950000762939453,8854300
2015-03-19,EWG,29.440000534057617,29.579999923706055,29.270000457763672,29.469999313354492,8532400
2015-03-20,EWG,30.260000228881836,30.479999542236328,30.1200008392334,30.260000228881836,6941800
2015-03-23,EWG,30.239999771118164,30.329999923706055,30.079999923706055,30.209999084472656,4283100
2015-03-24,EWG,30.360000610351562,30.540000915527344,30.260000228881836,30.3799991607666,4217400
2015-03-25,EWG,30.56999969482422,30.59000015258789,30.200000762939453,30.209999084472656,5319800
2015-03-26,EWG,29.899999618530273,30.09000015258789,29.6200008392334,30.010000228881836,4149100
2015-03-27,EWG,30.020000457763672,30.200000762939453,29.8700008392334,30.100000381469727,2962300
2015-03-30,EWG,30.34000015258789,30.469999313354492,30.309999465942383,30.360000610351562,2865000
2015-03-31,EWG,29.8799991607666,30.059999465942383,29.780000686645508,29.84000015258789,9533000
2015-04-01,EWG,30.209999084472656,30.25,29.940000534057617,30.100000381469727,4452100
2015-04-02,EWG,30.25,30.389999389648438,30.18000030517578,30.329999923706055,5661400
2015-04-06,EWG,30.540000915527344,30.84000015258789,30.389999389648438,30.6200008392334,4038800
2015-04-07,EWG,30.540000915527344,30.68000030517578,30.3700008392334,30.3799991607666,4386700
2015-04-08,EWG,30.489999771118164,30.520000457763672,30.149999618530273,30.270000457763672,3365600
2015-04-09,EWG,30.260000228881836,30.31999969482422,30.110000610351562,30.25,2601900
2015-04-10,EWG,30.5,30.559999465942383,30.440000534057617,30.549999237060547,2724700
2015-04-13,EWG,30.43000030517578,30.479999542236328,30.139999389648438,30.229999542236328,4514200
2015-04-14,EWG,30.389999389648438,30.440000534057617,30.290000915527344,30.3700008392334,2679300
2015-04-15,EWG,30.420000076293945,30.5,30.110000610351562,30.360000610351562,3604600
2015-04-16,EWG,30.1200008392334,30.149999618530273,29.8700008392334,30.030000686645508,5812800
2015-04-17,EWG,29.530000686645508,29.56999969482422,29.239999771118164,29.389999389648438,7136400
2015-04-20,EWG,29.65999984741211,29.790000915527344,29.579999923706055,29.6299991607666,3272100
2015-04-21,EWG,29.90999984741211,29.959999084472656,29.780000686645508,29.889999389648438,4160400
2015-04-22,EWG,29.75,29.770000457763672,29.459999084472656,29.729999542236328,2620000
2015-04-23,EWG,29.399999618530273,29.729999542236328,29.290000915527344,29.6299991607666,9728700
2015-04-24,EWG,29.700000762939453,29.90999984741211,29.479999542236328,29.790000915527344,3191800
2015-04-27,EWG,30.260000228881836,30.479999542236328,30.229999542236328,30.290000915527344,4031700
2015-04-28,EWG,30.1200008392334,30.190000534057617,29.920000076293945,30.1200008392334,4030100
2015-04-29,EWG,29.860000610351562,29.920000076293945,29.479999542236328,29.6299991607666,8521700
2015-04-30,EWG,29.770000457763672,29.889999389648438,29.56999969482422,29.6200008392334,10081900
2015-05-01,EWG,29.829999923706055,30.020000457763672,29.709999084472656,30.0,3028400
2015-05-04,EWG,30.020000457763672,30.1299991607666,29.959999084472656,29.979999542236328,5637300
2015-05-05,EWG,29.760000228881836,29.780000686645508,29.34000015258789,29.40999984741211,3793200
2015-05-06,EWG,29.760000228881836,29.950000762939453,29.549999237060547,29.770000457763672,11252300
2015-05-07,EWG,29.709999084472656,29.850000381469727,29.600000381469727,29.719999313354492,3476600
2015-05-08,EWG,30.110000610351562,30.5,30.09000015258789,30.3799991607666,4433200
2015-05-11,EWG,30.06999969482422,30.190000534057617,29.959999084472656,30.010000228881836,4428600
2015-05-12,EWG,29.90999984741211,30.0,29.719999313354492,29.84000015258789,2657400
2015-05-13,EWG,30.020000457763672,30.15999984741211,29.729999542236328,29.770000457763672,4246300
2015-05-14,EWG,30.31999969482422,30.559999465942383,30.229999542236328,30.540000915527344,5225300
2015-05-15,EWG,30.31999969482422,30.479999542236328,30.18000030517578,30.459999084472656,2026800
2015-05-18,EWG,30.389999389648438,30.540000915527344,30.290000915527344,30.459999084472656,1669900
2015-05-19,EWG,30.43000030517578,30.670000076293945,30.389999389648438,30.540000915527344,3208800
2015-05-20,EWG,30.450000762939453,30.6299991607666,30.360000610351562,30.5,4168000
2015-05-21,EWG,30.450000762939453,30.649999618530273,30.43000030517578,30.579999923706055,3203400
2015-05-22,EWG,30.270000457763672,30.280000686645508,30.139999389648438,30.18000030517578,5490300
2015-05-26,EWG,29.639999389648438,29.649999618530273,29.25,29.350000381469727,5557500
2015-05-27,EWG,29.260000228881836,29.770000457763672,29.209999084472656,29.729999542236328,5387100
2015-05-28,EWG,29.59000015258789,29.65999984741211,29.31999969482422,29.639999389648438,2876400
2015-05-29,EWG,29.40999984741211,29.420000076293945,29.0,29.110000610351562,5038700
2015-06-01,EWG,29.1200008392334,29.149999618530273,28.790000915527344,29.020000457763672,3574300
2015-06-02,EWG,29.219999313354492,29.479999542236328,29.100000381469727,29.280000686645508,4121700
2015-06-03,EWG,29.6299991607666,29.940000534057617,29.610000610351562,29.739999771118164,4326500
2015-06-04,EWG,29.520000457763672,29.940000534057617,29.260000228881836,29.360000610351562,6531600
2015-06-05,EWG,28.809999465942383,29.06999969482422,28.649999618530273,28.81999969482422,5064300
2015-06-08,EWG,28.770000457763672,28.90999984741211,28.670000076293945,28.790000915527344,5884100
2015-06-09,EWG,28.59000015258789,28.790000915527344,28.399999618530273,28.639999389648438,3986300
2015-06-10,EWG,29.219999313354492,29.6299991607666,29.149999618530273,29.559999465942383,4819400
2015-06-11,EWG,29.690000534057617,29.799999237060547,29.360000610351562,29.549999237060547,18243900
2015-06-12,EWG,29.030000686645508,29.31999969482422,28.829999923706055,29.200000762939453,4336300
2015-06-15,EWG,28.540000915527344,28.829999923706055,28.510000228881836,28.799999237060547,3148000
2015-06-16,EWG,28.600000381469727,28.84000015258789,28.510000228881836,28.799999237060547,2655600
2015-06-17,EWG,28.760000228881836,28.84000015258789,28.360000610351562,28.690000534057617,5321500
2015-06-18,EWG,28.84000015258789,29.760000228881836,28.829999923706055,29.270000457763672,9981100
2015-06-19,EWG,29.059999465942383,29.1200008392334,28.8799991607666,28.979999542236328,3915100
2015-06-22,EWG,29.8700008392334,30.219999313354492,29.829999923706055,29.969999313354492,11568700
2015-06-23,EWG,29.899999618530273,30.030000686645508,29.829999923706055,29.899999618530273,9751100
2015-06-24,EWG,29.649999618530273,29.770000457763672,29.530000686645508,29.559999465942383,14108400
2015-06-25,EWG,29.229999542236328,29.25,28.959999084472656,29.170000076293945,5439500
2015-06-26,EWG,29.270000457763672,29.389999389648438,29.06999969482422,29.290000915527344,4971200
2015-06-29,EWG,28.43000030517578,28.579999923706055,28.030000686645508,28.110000610351562,11704700
2015-06-30,EWG,28.350000381469727,28.360000610351562,27.729999542236328,27.8799991607666,21530400
2015-07-01,EWG,28.329999923706055,28.40999984741211,27.979999542236328,28.1200008392334,4002400
2015-07-02,EWG,28.170000076293945,28.170000076293945,27.940000534057617,28.030000686645508,5942300
2015-07-06,EWG,27.31999969482422,27.68000030517578,27.190000534057617,27.34000015258789,9115000
2015-07-07,EWG,26.989999771118164,27.459999084472656,26.6200008392334,27.43000030517578,16279100
2015-07-08,EWG,27.110000610351562,27.219999313354492,26.93000030517578,27.010000228881836,5998000
2015-07-09,EWG,27.6200008392334,27.760000228881836,27.5,27.540000915527344,5060000
2015-07-10,EWG,28.770000457763672,28.90999984741211,28.6299991607666,28.889999389648438,6892300
2015-07-13,EWG,28.799999237060547,28.8700008392334,28.709999084472656,28.790000915527344,8777300
2015-07-14,EWG,28.760000228881836,28.93000030517578,28.719999313354492,28.8799991607666,11098800
2015-07-15,EWG,28.809999465942383,28.860000610351562,28.6200008392334,28.770000457763672,5302100
2015-07-16,EWG,29.079999923706055,29.18000030517578,28.979999542236328,29.0,3854500
2015-07-17,EWG,28.93000030517578,28.93000030517578,28.790000915527344,28.860000610351562,7178100
2015-07-20,EWG,29.049999237060547,29.079999923706055,28.950000762939453,29.0,7975400
2015-07-21,EWG,28.889999389648438,28.950000762939453,28.81999969482422,28.889999389648438,7407000
2015-07-22,EWG,28.56999969482422,28.700000762939453,28.530000686645508,28.690000534057617,2091000
2015-07-23,EWG,28.760000228881836,28.8700008392334,28.639999389648438,28.65999984741211,5575000
2015-07-24,EWG,28.600000381469727,28.6299991607666,28.219999313354492,28.25,8472300
2015-07-27,EWG,28.1200008392334,28.149999618530273,27.8700008392334,27.93000030517578,5674200
2015-07-28,EWG,28.1299991607666,28.290000915527344,27.950000762939453,28.239999771118164,2554100
2015-07-29,EWG,28.200000762939453,28.399999618530273,28.149999618530273,28.219999313354492,4818700
2015-07-30,EWG,27.979999542236328,28.09000015258789,27.760000228881836,28.059999465942383,2613600
2015-07-31,EWG,28.3799991607666,28.530000686645508,28.260000228881836,28.329999923706055,7146000
2015-08-03,EWG,28.6200008392334,28.670000076293945,28.420000076293945,28.530000686645508,3682900
2015-08-04,EWG,28.610000610351562,28.709999084472656,28.469999313354492,28.520000457763672,1785200
2015-08-05,EWG,28.81999969482422,28.920000076293945,28.760000228881836,28.84000015258789,4138300
2015-08-06,EWG,28.93000030517578,28.959999084472656,28.75,28.850000381469727,2014900
2015-08-07,EWG,28.6200008392334,28.790000915527344,28.579999923706055,28.760000228881836,3123100
2015-08-10,EWG,28.809999465942383,29.15999984741211,28.809999465942383,29.139999389648438,1800300
2015-08-11,EWG,28.6200008392334,28.649999618530273,28.34000015258789,28.479999542236328,3926600
2015-08-12,EWG,28.049999237060547,28.18000030517578,27.790000915527344,28.18000030517578,10962600
2015-08-13,EWG,28.010000228881836,28.110000610351562,27.950000762939453,28.010000228881836,6823100
2015-08-14,EWG,27.979999542236328,28.1200008392334,27.889999389648438,28.06999969482422,8624900
2015-08-17,EWG,27.600000381469727,27.81999969482422,27.540000915527344,27.809999465942383,14334700
2015-08-18,EWG,27.610000610351562,27.639999389648438,27.440000534057617,27.5,4347100
2015-08-19,EWG,27.149999618530273,27.350000381469727,27.020000457763672,27.209999084472656,12362700
2015-08-20,EWG,27.040000915527344,27.049999237060547,26.43000030517578,26.459999084472656,9605100
2015-08-21,EWG,26.540000915527344,26.780000686645508,25.950000762939453,26.010000228881836,14369500
2015-08-24,EWG,25.559999465942383,26.280000686645508,25.030000686645508,25.6299991607666,20636800
2015-08-25,EWG,26.59000015258789,26.600000381469727,25.729999542236328,25.809999465942383,11952000
2015-08-26,EWG,26.40999984741211,26.479999542236328,25.8799991607666,26.479999542236328,11421900
2015-08-27,EWG,26.540000915527344,26.700000762939453,26.389999389648438,26.639999389648438,9829100
2015-08-28,EWG,26.389999389648438,26.450000762939453,26.239999771118164,26.360000610351562,3505700
2015-08-31,EWG,26.290000915527344,26.450000762939453,26.170000076293945,26.34000015258789,8330600
2015-09-01,EWG,25.84000015258789,25.8799991607666,25.6200008392334,25.700000762939453,4773200
2015-09-02,EWG,26.030000686645508,26.059999465942383,25.809999465942383,26.049999237060547,4540300
2015-09-03,EWG,26.219999313354492,26.420000076293945,26.06999969482422,26.1299991607666,5573600
2015-09-04,EWG,25.59000015258789,25.690000534057617,25.459999084472656,25.579999923706055,4704000
2015-09-08,EWG,26.420000076293945,26.530000686645508,26.260000228881836,26.5,5013300
2015-09-09,EWG,26.670000076293945,26.68000030517578,26.09000015258789,26.1200008392334,3048300
2015-09-10,EWG,26.219999313354492,26.56999969482422,26.170000076293945,26.479999542236328,3643100
2015-09-11,EWG,26.229999542236328,26.489999771118164,26.209999084472656,26.479999542236328,3815000
2015-09-14,EWG,26.309999465942383,26.420000076293945,26.200000762939453,26.350000381469727,2586700
2015-09-15,EWG,26.329999923706055,26.489999771118164,26.270000457763672,26.469999313354492,3515300
2015-09-16,EWG,26.440000534057617,26.56999969482422,26.329999923706055,26.56999969482422,2063700
2015-09-17,EWG,26.56999969482422,26.940000534057617,26.489999771118164,26.739999771118164,10535000
2015-09-18,EWG,25.940000534057617,26.059999465942383,25.729999542236328,25.760000228881836,5446900
2015-09-21,EWG,25.6299991607666,25.700000762939453,25.440000534057617,25.56999969482422,2988700
2015-09-22,EWG,24.700000762939453,24.770000457763672,24.420000076293945,24.600000381469727,5743100
2015-09-23,EWG,24.739999771118164,24.81999969482422,24.5,24.610000610351562,12731600
2015-09-24,EWG,24.350000381469727,24.6200008392334,24.219999313354492,24.559999465942383,14326900
2015-09-25,EWG,24.809999465942383,24.93000030517578,24.600000381469727,24.700000762939453,6935200
2015-09-28,EWG,24.479999542236328,24.479999542236328,24.299999237060547,24.329999923706055,5285800
2015-09-29,EWG,24.290000915527344,24.459999084472656,24.170000076293945,24.420000076293945,4664500
2015-09-30,EWG,24.860000610351562,24.90999984741211,24.540000915527344,24.739999771118164,8084700
2015-10-01,EWG,24.6200008392334,24.670000076293945,24.270000457763672,24.530000686645508,15412400
2015-10-02,EWG,24.459999084472656,24.860000610351562,24.31999969482422,24.860000610351562,3200400
2015-10-05,EWG,25.229999542236328,25.329999923706055,25.139999389648438,25.290000915527344,1910600
2015-10-06,EWG,25.389999389648438,25.600000381469727,25.3700008392334,25.5,2583100
2015-10-07,EWG,25.809999465942383,25.920000076293945,25.6200008392334,25.809999465942383,2302000
2015-10-08,EWG,25.709999084472656,26.059999465942383,25.690000534057617,26.040000915527344,4236400
2015-10-09,EWG,26.229999542236328,26.280000686645508,26.1299991607666,26.260000228881836,5412300
2015-10-12,EWG,26.219999313354492,26.329999923706055,26.190000534057617,26.239999771118164,1650400
2015-10-13,EWG,25.889999389648438,26.18000030517578,25.8799991607666,26.0,5382700
2015-10-14,EWG,26.079999923706055,26.18000030517578,25.93000030517578,26.049999237060547,1550200
2015-10-15,EWG,26.15999984741211,26.3799991607666,26.1299991607666,26.360000610351562,1540500
2015-10-16,EWG,26.170000076293945,26.280000686645508,26.1200008392334,26.239999771118164,1106700
2015-10-19,EWG,26.280000686645508,26.299999237060547,26.190000534057617,26.270000457763672,2983400
2015-10-20,EWG,26.260000228881836,26.329999923706055,26.229999542236328,26.260000228881836,1366100
2015-10-21,EWG,26.530000686645508,26.59000015258789,26.329999923706055,26.329999923706055,1681800
2015-10-22,EWG,26.520000457763672,26.860000610351562,26.510000228881836,26.75,6187200
2015-10-23,EWG,27.149999618530273,27.25,27.040000915527344,27.200000762939453,4356900
2015-10-26,EWG,27.239999771118164,27.270000457763672,27.110000610351562,27.200000762939453,1076900
2015-10-27,EWG,27.020000457763672,27.06999969482422,26.860000610351562,26.93000030517578,1813400
2015-10-28,EWG,27.149999618530273,27.420000076293945,26.850000381469727,27.1299991607666,8465400
2015-10-29,EWG,26.940000534057617,27.06999969482422,26.8799991607666,27.049999237060547,2539600
2015-10-30,EWG,27.110000610351562,27.299999237060547,27.079999923706055,27.110000610351562,3890100
2015-11-02,EWG,27.530000686645508,27.59000015258789,27.469999313354492,27.520000457763672,2564300
2015-11-03,EWG,27.25,27.399999618530273,27.15999984741211,27.329999923706055,2563300
2015-11-04,EWG,27.059999465942383,27.06999969482422,26.719999313354492,26.850000381469727,3718000
2015-11-05,EWG,27.010000228881836,27.049999237060547,26.790000915527344,26.90999984741211,2773300
2015-11-06,EWG,26.8700008392334,26.950000762939453,26.700000762939453,26.920000076293945,2597400
2015-11-09,EWG,26.719999313354492,26.729999542236328,26.3700008392334,26.479999542236328,3830800
2015-11-10,EWG,26.290000915527344,26.450000762939453,26.229999542236328,26.40999984741211,3563900
2015-11-11,EWG,26.6200008392334,26.649999618530273,26.43000030517578,26.489999771118164,3520600
2015-11-12,EWG,26.309999465942383,26.520000457763672,26.25,26.309999465942383,5284200
2015-11-13,EWG,26.1200008392334,26.15999984741211,25.920000076293945,26.049999237060547,3430000
2015-11-16,EWG,26.079999923706055,26.270000457763672,26.030000686645508,26.260000228881836,3599100
2015-11-17,EWG,26.450000762939453,26.559999465942383,26.31999969482422,26.3799991607666,8315900
2015-11-18,EWG,26.559999465942383,26.739999771118164,26.469999313354492,26.700000762939453,4218900
2015-11-19,EWG,26.969999313354492,27.1200008392334,26.93000030517578,26.979999542236328,4687900
2015-11-20,EWG,27.06999969482422,27.110000610351562,26.84000015258789,26.860000610351562,6499300
2015-11-23,EWG,26.799999237060547,26.860000610351562,26.6200008392334,26.719999313354492,2895800
2015-11-24,EWG,26.399999618530273,26.579999923706055,26.329999923706055,26.540000915527344,2705400
2015-11-25,EWG,26.780000686645508,26.989999771118164,26.75,26.889999389648438,2557600
2015-11-27,EWG,27.1200008392334,27.209999084472656,27.110000610351562,27.170000076293945,1955400
2015-11-30,EWG,27.329999923706055,27.3799991607666,27.239999771118164,27.25,4826500
2015-12-01,EWG,27.360000610351562,27.3700008392334,27.1200008392334,27.270000457763672,9705900
2015-12-02,EWG,26.989999771118164,27.049999237060547,26.780000686645508,26.829999923706055,9061700
2015-12-03,EWG,26.920000076293945,26.950000762939453,26.530000686645508,26.670000076293945,20359000
2015-12-04,EWG,26.579999923706055,26.969999313354492,26.56999969482422,26.93000030517578,6132000
2015-12-07,EWG,26.969999313354492,27.020000457763672,26.829999923706055,26.989999771118164,4886800
2015-12-08,EWG,26.5,26.610000610351562,26.3700008392334,26.520000457763672,3171700
2015-12-09,EWG,26.510000228881836,26.729999542236328,26.219999313354492,26.399999618530273,6569100
2015-12-10,EWG,26.469999313354492,26.59000015258789,26.3700008392334,26.40999984741211,2572600
2015-12-11,EWG,25.969999313354492,26.030000686645508,25.760000228881836,25.780000686645508,6003900
2015-12-14,EWG,25.850000381469727,25.920000076293945,25.510000228881836,25.75,8441100
2015-12-15,EWG,26.079999923706055,26.170000076293945,25.940000534057617,26.040000915527344,7228800
2015-12-16,EWG,26.280000686645508,26.56999969482422,26.09000015258789,26.479999542236328,8976500
2015-12-17,EWG,26.68000030517578,26.700000762939453,26.3799991607666,26.399999618530273,6214100
2015-12-18,EWG,26.209999084472656,26.280000686645508,26.06999969482422,26.09000015258789,7442200
2015-12-21,EWG,26.549999237060547,26.579999923706055,26.1200008392334,26.270000457763672,3632500
2015-12-22,EWG,26.290000915527344,26.40999984741211,26.149999618530273,26.3799991607666,5846100
2015-12-23,EWG,26.510000228881836,26.790000915527344,26.510000228881836,26.790000915527344,2387700
2015-12-24,EWG,26.780000686645508,26.860000610351562,26.770000457763672,26.790000915527344,890500
2015-12-28,EWG,26.709999084472656,26.770000457763672,26.579999923706055,26.729999542236328,1857200
2015-12-29,EWG,26.899999618530273,27.079999923706055,26.8700008392334,27.040000915527344,2008900
2015-12-30,EWG,26.760000228881836,26.780000686645508,26.600000381469727,26.6200008392334,2443700
2015-12-31,EWG,26.43000030517578,26.479999542236328,26.170000076293945,26.190000534057617,6730100
2016-01-04,EWG,25.600000381469727,25.6299991607666,25.229999542236328,25.559999465942383,5939400
2016-01-05,EWG,25.309999465942383,25.3700008392334,25.09000015258789,25.31999969482422,8073700
2016-01-06,EWG,24.790000915527344,25.09000015258789,24.739999771118164,25.030000686645508,7372800
2016-01-07,EWG,24.530000686645508,24.799999237060547,24.469999313354492,24.530000686645508,13044500
2016-01-08,EWG,24.84000015258789,24.8700008392334,24.239999771118164,24.290000915527344,6369000
2016-01-11,EWG,24.68000030517578,24.690000534057617,24.290000915527344,24.479999542236328,7908400
2016-01-12,EWG,24.889999389648438,24.940000534057617,24.6200008392334,24.8700008392334,9033200
2016-01-13,EWG,24.850000381469727,24.899999618530273,24.170000076293945,24.25,6576800
2016-01-14,EWG,24.299999237060547,24.6299991607666,24.1200008392334,24.530000686645508,11884900
2016-01-15,EWG,23.670000076293945,23.899999618530273,23.520000457763672,23.6299991607666,11227200
2016-01-19,EWG,24.0,24.100000381469727,23.739999771118164,23.920000076293945,7828200
2016-01-20,EWG,23.540000915527344,23.59000015258789,23.059999465942383,23.489999771118164,7753100
2016-01-21,EWG,23.489999771118164,23.850000381469727,23.280000686645508,23.729999542236328,8377100
2016-01-22,EWG,24.1299991607666,24.25,24.040000915527344,24.18000030517578,14453600
2016-01-25,EWG,24.06999969482422,24.18000030517578,23.940000534057617,23.969999313354492,5688200
2016-01-26,EWG,24.1200008392334,24.440000534057617,24.1200008392334,24.43000030517578,4873300
2016-01-27,EWG,24.34000015258789,24.610000610351562,24.190000534057617,24.260000228881836,13096600
2016-01-28,EWG,24.34000015258789,24.3799991607666,23.950000762939453,24.15999984741211,5461900
2016-01-29,EWG,24.059999465942383,24.34000015258789,24.020000457763672,24.329999923706055,6935000
2016-02-01,EWG,24.100000381469727,24.3700008392334,24.020000457763672,24.309999465942383,4262600
2016-02-02,EWG,24.0,24.020000457763672,23.649999618530273,23.700000762939453,8097000
2016-02-03,EWG,23.979999542236328,24.15999984741211,23.6299991607666,24.149999618530273,9056500
2016-02-04,EWG,23.8700008392334,24.18000030517578,23.790000915527344,24.059999465942383,12475000
2016-02-05,EWG,23.969999313354492,24.020000457763672,23.520000457763672,23.600000381469727,5300400
2016-02-08,EWG,22.969999313354492,23.09000015258789,22.81999969482422,23.010000228881836,11590400
2016-02-09,EWG,22.670000076293945,23.100000381469727,22.670000076293945,22.969999313354492,12014000
2016-02-10,EWG,23.239999771118164,23.31999969482422,23.010000228881836,23.040000915527344,9710900
2016-02-11,EWG,22.93000030517578,22.959999084472656,22.690000534057617,22.8700008392334,16210600
2016-02-12,EWG,22.93000030517578,23.1299991607666,22.790000915527344,23.1200008392334,11672300
2016-02-16,EWG,23.3799991607666,23.440000534057617,23.149999618530273,23.440000534057617,3517700
2016-02-17,EWG,23.700000762939453,24.0,23.700000762939453,23.940000534057617,7225300
2016-02-18,EWG,24.1200008392334,24.1200008392334,23.90999984741211,23.969999313354492,9388100
2016-02-19,EWG,23.760000228881836,23.93000030517578,23.68000030517578,23.889999389648438,5012200
2016-02-22,EWG,24.030000686645508,24.170000076293945,24.030000686645508,24.139999389648438,2844900
2016-02-23,EWG,23.950000762939453,23.979999542236328,23.65999984741211,23.700000762939453,3931300
2016-02-24,EWG,23.100000381469727,23.420000076293945,22.989999771118164,23.399999618530273,7371000
2016-02-25,EWG,23.530000686645508,23.65999984741211,23.399999618530273,23.65999984741211,3977000
2016-02-26,EWG,23.81999969482422,23.850000381469727,23.610000610351562,23.649999618530273,4033900
2016-02-29,EWG,23.479999542236328,23.579999923706055,23.34000015258789,23.360000610351562,4084400
2016-03-01,EWG,23.90999984741211,24.260000228881836,23.860000610351562,24.239999771118164,5026900
2016-03-02,EWG,24.049999237060547,24.229999542236328,23.979999542236328,24.219999313354492,4342300
2016-03-03,EWG,24.25,24.469999313354492,24.200000762939453,24.459999084472656,3127300
2016-03-04,EWG,24.56999969482422,24.700000762939453,24.520000457763672,24.559999465942383,6234400
2016-03-07,EWG,24.260000228881836,24.59000015258789,24.239999771118164,24.489999771118164,8483600
2016-03-08,EWG,24.489999771118164,24.5,24.239999771118164,24.239999771118164,4244700
2016-03-09,EWG,24.40999984741211,24.440000534057617,24.280000686645508,24.34000015258789,4830700
2016-03-10,EWG,24.6299991607666,24.8700008392334,24.020000457763672,24.25,23740800
2016-03-11,EWG,24.84000015258789,25.1299991607666,24.809999465942383,25.110000610351562,9918400
2016-03-14,EWG,25.209999084472656,25.309999465942383,25.139999389648438,25.239999771118164,3916100
2016-03-15,EWG,25.079999923706055,25.149999618530273,25.010000228881836,25.1299991607666,2914800
2016-03-16,EWG,25.079999923706055,25.56999969482422,25.079999923706055,25.520000457763672,4877200
2016-03-17,EWG,25.3700008392334,25.540000915527344,25.270000457763672,25.510000228881836,4881900
2016-03-18,EWG,25.489999771118164,25.610000610351562,25.450000762939453,25.549999237060547,8096000
2016-03-21,EWG,25.479999542236328,25.600000381469727,25.420000076293945,25.520000457763672,6035000
2016-03-22,EWG,25.290000915527344,25.579999923706055,25.270000457763672,25.520000457763672,3596000
2016-03-23,EWG,25.649999618530273,25.649999618530273,25.389999389648438,25.43000030517578,3425800
2016-03-24,EWG,25.09000015258789,25.219999313354492,25.049999237060547,25.170000076293945,2306800
2016-03-28,EWG,25.309999465942383,25.31999969482422,25.18000030517578,25.239999771118164,1912000
2016-03-29,EWG,25.09000015258789,25.59000015258789,25.079999923706055,25.59000015258789,3383200
2016-03-30,EWG,25.959999084472656,26.110000610351562,25.8799991607666,25.93000030517578,4455400
2016-03-31,EWG,25.889999389648438,25.979999542236328,25.729999542236328,25.729999542236328,4347700
2016-04-01,EWG,25.209999084472656,25.549999237060547,25.170000076293945,25.520000457763672,5742300
2016-04-04,EWG,25.549999237060547,25.610000610351562,25.3799991607666,25.399999618530273,4828500
2016-04-05,EWG,24.889999389648438,24.940000534057617,24.780000686645508,24.799999237060547,3265400
2016-04-06,EWG,24.760000228881836,25.15999984741211,24.760000228881836,25.149999618530273,2705600
2016-04-07,EWG,24.850000381469727,24.889999389648438,24.530000686645508,24.600000381469727,9828900
2016-04-08,EWG,25.100000381469727,25.139999389648438,24.940000534057617,25.020000457763672,10829900
2016-04-11,EWG,25.280000686645508,25.40999984741211,25.110000610351562,25.110000610351562,2921800
2016-04-12,EWG,25.219999313354492,25.469999313354492,25.049999237060547,25.43000030517578,3523100
2016-04-13,EWG,25.690000534057617,25.81999969482422,25.639999389648438,25.739999771118164,2720700
2016-04-14,EWG,25.899999618530273,25.90999984741211,25.81999969482422,25.829999923706055,3235600
2016-04-15,EWG,25.8700008392334,25.899999618530273,25.760000228881836,25.799999237060547,3391600
2016-04-18,EWG,25.790000915527344,26.139999389648438,25.780000686645508,26.09000015258789,4147600
2016-04-19,EWG,26.65999984741211,26.799999237060547,26.639999389648438,26.760000228881836,3685400
2016-04-20,EWG,26.780000686645508,26.889999389648438,26.68000030517578,26.780000686645508,3396100
2016-04-21,EWG,26.799999237060547,26.829999923706055,26.600000381469727,26.670000076293945,4064700
2016-04-22,EWG,26.520000457763672,26.610000610351562,26.420000076293945,26.530000686645508,4360400
2016-04-25,EWG,26.329999923706055,26.40999984741211,26.25,26.399999618530273,6173000
2016-04-26,EWG,26.450000762939453,26.489999771118164,26.299999237060547,26.420000076293945,2681800
2016-04-27,EWG,26.450000762939453,26.6200008392334,26.40999984741211,26.56999969482422,7737800
2016-04-28,EWG,26.309999465942383,26.56999969482422,26.290000915527344,26.3799991607666,6916000
2016-04-29,EWG,26.309999465942383,26.3700008392334,26.139999389648438,26.229999542236328,7650900
2016-05-02,EWG,26.469999313354492,26.559999465942383,26.389999389648438,26.530000686645508,2568100
2016-05-03,EWG,26.190000534057617,26.209999084472656,26.0,26.040000915527344,6226200
2016-05-04,EWG,25.780000686645508,25.889999389648438,25.649999618530273,25.709999084472656,9265700
2016-05-05,EWG,25.549999237060547,25.600000381469727,25.469999313354492,25.549999237060547,6392700
2016-05-06,EWG,25.520000457763672,25.739999771118164,25.520000457763672,25.729999542236328,8510000
2016-05-09,EWG,25.93000030517578,26.0,25.799999237060547,25.81999969482422,3774000
2016-05-10,EWG,25.959999084472656,26.110000610351562,25.920000076293945,26.09000015258789,5461100
2016-05-11,EWG,25.889999389648438,26.049999237060547,25.81999969482422,25.860000610351562,8028600
2016-05-12,EWG,25.93000030517578,25.959999084472656,25.5,25.610000610351562,9941200
2016-05-13,EWG,25.530000686645508,25.68000030517578,25.3799991607666,25.450000762939453,5230600
2016-05-16,EWG,25.489999771118164,25.670000076293945,25.399999618530273,25.6299991607666,4052700
2016-05-17,EWG,25.530000686645508,25.6200008392334,25.299999237060547,25.350000381469727,4397100
2016-05-18,EWG,25.270000457763672,25.59000015258789,25.209999084472656,25.34000015258789,6566700
2016-05-19,EWG,25.049999237060547,25.1299991607666,24.969999313354492,25.100000381469727,4761700
2016-05-20,EWG,25.290000915527344,25.3700008392334,25.239999771118164,25.309999465942383,6007000
2016-05-23,EWG,25.1200008392334,25.219999313354492,25.100000381469727,25.18000030517578,6600900
2016-05-24,EWG,25.3700008392334,25.65999984741211,25.3700008392334,25.600000381469727,7277400
2016-05-25,EWG,25.799999237060547,25.920000076293945,25.799999237060547,25.850000381469727,3935500
2016-05-26,EWG,26.149999618530273,26.18000030517578,26.030000686645508,26.079999923706055,2464400
2016-05-27,EWG,26.040000915527344,26.09000015258789,25.93000030517578,26.0,1683900
2016-05-31,EWG,26.1299991607666,26.209999084472656,25.860000610351562,25.93000030517578,4625700
2016-06-01,EWG,25.81999969482422,25.989999771118164,25.790000915527344,25.959999084472656,4081400
2016-06-02,EWG,25.8700008392334,26.010000228881836,25.809999465942383,26.0,4434700
2016-06-03,EWG,26.059999465942383,26.139999389648438,25.889999389648438,26.1200008392334,3037600
2016-06-06,EWG,26.1200008392334,26.239999771118164,26.079999923706055,26.15999984741211,3325900
2016-06-07,EWG,26.520000457763672,26.579999923706055,26.459999084472656,26.469999313354492,5065600
2016-06-08,EWG,26.5,26.540000915527344,26.40999984741211,26.489999771118164,1389900
2016-06-09,EWG,25.979999542236328,26.06999969482422,25.920000076293945,26.010000228881836,3750200
2016-06-10,EWG,25.329999923706055,25.3799991607666,25.049999237060547,25.149999618530273,6546700
2016-06-13,EWG,24.799999237060547,25.040000915527344,24.68000030517578,24.75,4942800
2016-06-14,EWG,24.5,24.579999923706055,24.280000686645508,24.459999084472656,9324400
2016-06-15,EWG,24.579999923706055,24.780000686645508,24.510000228881836,24.540000915527344,5261800
2016-06-16,EWG,24.1200008392334,24.719999313354492,23.920000076293945,24.690000534057617,5499700
2016-06-17,EWG,24.75,24.969999313354492,24.600000381469727,24.93000030517578,9295000
2016-06-20,EWG,25.709999084472656,25.760000228881836,25.530000686645508,25.530000686645508,12798800
2016-06-21,EWG,25.700000762939453,25.920000076293945,25.540000915527344,25.739999771118164,6423800
2016-06-22,EWG,25.3700008392334,25.420000076293945,25.15999984741211,25.219999313354492,10220700
2016-06-23,EWG,25.770000457763672,26.110000610351562,25.579999923706055,26.040000915527344,11615400
2016-06-24,EWG,23.540000915527344,24.030000686645508,23.420000076293945,23.489999771118164,46597900
2016-06-27,EWG,23.010000228881836,23.020000457763672,22.510000228881836,22.920000076293945,11774000
2016-06-28,EWG,23.389999389648438,23.459999084472656,23.139999389648438,23.389999389648438,16493500
2016-06-29,EWG,23.700000762939453,23.75,23.56999969482422,23.709999084472656,11630600
2016-06-30,EWG,23.729999542236328,24.079999923706055,23.639999389648438,24.049999237060547,14300300
2016-07-01,EWG,24.200000762939453,24.280000686645508,24.1200008392334,24.1200008392334,22598400
2016-07-05,EWG,23.68000030517578,23.719999313354492,23.309999465942383,23.3700008392334,16997000
2016-07-06,EWG,23.079999923706055,23.31999969482422,22.889999389648438,23.299999237060547,9277100
2016-07-07,EWG,23.280000686645508,23.3700008392334,23.020000457763672,23.1299991607666,13257100
2016-07-08,EWG,23.610000610351562,23.700000762939453,23.549999237060547,23.649999618530273,9391900
2016-07-11,EWG,24.059999465942383,24.18000030517578,24.010000228881836,24.030000686645508,6878100
2016-07-12,EWG,24.540000915527344,24.59000015258789,24.399999618530273,24.40999984741211,8831800
2016-07-13,EWG,24.540000915527344,24.610000610351562,24.420000076293945,24.450000762939453,3651800
2016-07-14,EWG,24.81999969482422,24.940000534057617,24.790000915527344,24.829999923706055,8594400
2016-07-15,EWG,24.739999771118164,24.760000228881836,24.649999618530273,24.729999542236328,9822600
2016-07-18,EWG,24.649999618530273,24.860000610351562,24.579999923706055,24.739999771118164,2988000
2016-07-19,EWG,24.450000762939453,24.5,24.3700008392334,24.459999084472656,3284000
2016-07-20,EWG,24.739999771118164,24.829999923706055,24.690000534057617,24.770000457763672,2083100
2016-07-21,EWG,24.799999237060547,24.899999618530273,24.75,24.790000915527344,6098300
2016-07-22,EWG,24.84000015258789,24.8700008392334,24.709999084472656,24.780000686645508,3301500
2016-07-25,EWG,24.93000030517578,24.979999542236328,24.799999237060547,24.889999389648438,2615700
2016-07-26,EWG,25.0,25.110000610351562,24.940000534057617,25.06999969482422,5819000
2016-07-27,EWG,25.239999771118164,25.360000610351562,25.06999969482422,25.299999237060547,4268300
2016-07-28,EWG,25.399999618530273,25.450000762939453,25.290000915527344,25.420000076293945,4903900
2016-07-29,EWG,25.530000686645508,25.690000534057617,25.510000228881836,25.649999618530273,2460400
2016-08-01,EWG,25.559999465942383,25.700000762939453,25.489999771118164,25.549999237060547,2556500
2016-08-02,EWG,25.40999984741211,25.40999984741211,25.239999771118164,25.309999465942383,7950900
2016-08-03,EWG,25.170000076293945,25.290000915527344,25.15999984741211,25.290000915527344,1741100
2016-08-04,EWG,25.270000457763672,25.329999923706055,25.200000762939453,25.299999237060547,1779700
2016-08-05,EWG,25.350000381469727,25.540000915527344,25.31999969482422,25.510000228881836,2377600
2016-08-08,EWG,25.649999618530273,25.68000030517578,25.600000381469727,25.639999389648438,2905900
2016-08-09,EWG,25.90999984741211,26.360000610351562,25.90999984741211,26.270000457763672,3904400
2016-08-10,EWG,26.40999984741211,26.450000762939453,26.3700008392334,26.3799991607666,1870400
2016-08-11,EWG,26.530000686645508,26.639999389648438,26.479999542236328,26.530000686645508,3306800
2016-08-12,EWG,26.59000015258789,26.6299991607666,26.489999771118164,26.5,3233500
2016-08-15,EWG,26.639999389648438,26.709999084472656,26.6200008392334,26.6299991607666,2594200
2016-08-16,EWG,26.65999984741211,26.780000686645508,26.6200008392334,26.65999984741211,6133300
2016-08-17,EWG,26.420000076293945,26.610000610351562,26.299999237060547,26.540000915527344,5106400
2016-08-18,EWG,26.559999465942383,26.739999771118164,26.540000915527344,26.739999771118164,1725400
2016-08-19,EWG,26.450000762939453,26.56999969482422,26.360000610351562,26.559999465942383,2360800
2016-08-22,EWG,26.299999237060547,26.459999084472656,26.260000228881836,26.43000030517578,1941900
2016-08-23,EWG,26.639999389648438,26.719999313354492,26.549999237060547,26.56999969482422,1836900
2016-08-24,EWG,26.549999237060547,26.600000381469727,26.450000762939453,26.479999542236328,1431500
2016-08-25,EWG,26.34000015258789,26.40999984741211,26.290000915527344,26.329999923706055,1489400
2016-08-26,EWG,26.389999389648438,26.690000534057617,26.040000915527344,26.149999618530273,4915000
2016-08-29,EWG,26.09000015258789,26.290000915527344,26.09000015258789,26.270000457763672,4868700
2016-08-30,EWG,26.389999389648438,26.450000762939453,26.290000915527344,26.329999923706055,2765200
2016-08-31,EWG,26.270000457763672,26.34000015258789,26.149999618530273,26.209999084472656,1463400
2016-09-01,EWG,26.25,26.31999969482422,26.09000015258789,26.299999237060547,6898400
2016-09-02,EWG,26.479999542236328,26.59000015258789,26.350000381469727,26.540000915527344,2655500
2016-09-06,EWG,26.59000015258789,26.75,26.549999237060547,26.690000534057617,2261600
2016-09-07,EWG,26.790000915527344,26.8799991607666,26.709999084472656,26.790000915527344,1485300
2016-09-08,EWG,26.65999984741211,26.75,26.579999923706055,26.649999618530273,6101100
2016-09-09,EWG,26.40999984741211,26.40999984741211,26.049999237060547,26.06999969482422,3007100
2016-09-12,EWG,25.809999465942383,26.270000457763672,25.799999237060547,26.25,2314100
2016-09-13,EWG,26.020000457763672,26.100000381469727,25.790000915527344,25.899999618530273,3262900
2016-09-14,EWG,25.899999618530273,26.040000915527344,25.84000015258789,25.889999389648438,2225900
2016-09-15,EWG,25.8700008392334,26.139999389648438,25.780000686645508,26.100000381469727,2750400
2016-09-16,EWG,25.579999923706055,25.579999923706055,25.450000762939453,25.520000457763672,3621300
2016-09-19,EWG,25.709999084472656,25.809999465942383,25.6299991607666,25.68000030517578,1732700
2016-09-20,EWG,25.93000030517578,25.969999313354492,25.770000457763672,25.790000915527344,1854900
2016-09-21,EWG,25.889999389648438,26.15999984741211,25.799999237060547,26.139999389648438,3303500
2016-09-22,EWG,26.639999389648438,26.75,26.520000457763672,26.540000915527344,3801900
2016-09-23,EWG,26.43000030517578,26.520000457763672,26.43000030517578,26.440000534057617,1454600
2016-09-26,EWG,26.09000015258789,26.110000610351562,25.979999542236328,26.010000228881836,3120100
2016-09-27,EWG,25.6200008392334,25.969999313354492,25.610000610351562,25.950000762939453,5238700
2016-09-28,EWG,26.149999618530273,26.260000228881836,25.940000534057617,26.209999084472656,2106200
2016-09-29,EWG,26.139999389648438,26.219999313354492,25.56999969482422,25.690000534057617,4202900
2016-09-30,EWG,25.90999984741211,26.360000610351562,25.889999389648438,26.270000457763672,3931000
2016-10-03,EWG,26.139999389648438,26.15999984741211,25.989999771118164,26.15999984741211,3736900
2016-10-04,EWG,26.270000457763672,26.43000030517578,26.18000030517578,26.280000686645508,5510100
2016-10-05,EWG,26.389999389648438,26.43000030517578,26.309999465942383,26.389999389648438,2481900
2016-10-06,EWG,26.270000457763672,26.329999923706055,26.229999542236328,26.270000457763672,2657900
2016-10-07,EWG,26.190000534057617,26.190000534057617,25.8799991607666,26.079999923706055,2387300
2016-10-10,EWG,26.229999542236328,26.360000610351562,26.229999542236328,26.25,1344200
2016-10-11,EWG,26.229999542236328,26.25,25.8799991607666,25.969999313354492,4218700
2016-10-12,EWG,25.770000457763672,25.860000610351562,25.68000030517578,25.780000686645508,7413700
2016-10-13,EWG,25.43000030517578,25.690000534057617,25.360000610351562,25.639999389648438,5229100
2016-10-14,EWG,25.850000381469727,25.950000762939453,25.760000228881836,25.770000457763672,1757000
2016-10-17,EWG,25.709999084472656,25.75,25.600000381469727,25.670000076293945,1789600
2016-10-18,EWG,25.979999542236328,26.0,25.84000015258789,25.889999389648438,4603700
2016-10-19,EWG,25.899999618530273,25.969999313354492,25.8700008392334,25.940000534057617,1302900
2016-10-20,EWG,25.84000015258789,26.040000915527344,25.81999969482422,25.940000534057617,3632200
2016-10-21,EWG,25.719999313354492,25.84000015258789,25.709999084472656,25.84000015258789,1601200
2016-10-24,EWG,26.030000686645508,26.059999465942383,25.889999389648438,25.920000076293945,1591500
2016-10-25,EWG,25.899999618530273,25.959999084472656,25.81999969482422,25.93000030517578,1782500
2016-10-26,EWG,25.760000228881836,25.8700008392334,25.729999542236328,25.799999237060547,4023200
2016-10-27,EWG,25.889999389648438,25.90999984741211,25.780000686645508,25.799999237060547,3075100
2016-10-28,EWG,25.780000686645508,25.93000030517578,25.75,25.860000610351562,2549300
2016-10-31,EWG,25.829999923706055,25.940000534057617,25.75,25.90999984741211,2227200
2016-11-01,EWG,25.969999313354492,25.969999313354492,25.600000381469727,25.709999084472656,3840300
2016-11-02,EWG,25.610000610351562,25.65999984741211,25.43000030517578,25.510000228881836,4986900
2016-11-03,EWG,25.440000534057617,25.479999542236328,25.31999969482422,25.3700008392334,3391500
2016-11-04,EWG,25.209999084472656,25.309999465942383,25.1299991607666,25.190000534057617,2221600
2016-11-07,EWG,25.5,25.579999923706055,25.440000534057617,25.559999465942383,1829700
2016-11-08,EWG,25.489999771118164,25.709999084472656,25.450000762939453,25.639999389648438,3527100
2016-11-09,EWG,25.34000015258789,25.760000228881836,25.34000015258789,25.649999618530273,6317000
2016-11-10,EWG,25.6200008392334,25.690000534057617,25.34000015258789,25.56999969482422,5576000
2016-11-11,EWG,25.559999465942383,25.610000610351562,25.399999618530273,25.489999771118164,2449500
2016-11-14,EWG,25.239999771118164,25.31999969482422,25.15999984741211,25.239999771118164,6913300
2016-11-15,EWG,25.239999771118164,25.3700008392334,25.209999084472656,25.360000610351562,3365000
2016-11-16,EWG,25.040000915527344,25.15999984741211,25.0,25.059999465942383,5069200
2016-11-17,EWG,25.049999237060547,25.139999389648438,25.0,25.09000015258789,5496200
2016-11-18,EWG,24.959999084472656,25.0,24.81999969482422,24.860000610351562,2036700
2016-11-21,EWG,24.979999542236328,25.049999237060547,24.899999618530273,25.020000457763672,1446600
2016-11-22,EWG,25.09000015258789,25.1299991607666,24.969999313354492,25.09000015258789,2493500
2016-11-23,EWG,24.700000762939453,24.829999923706055,24.639999389648438,24.809999465942383,2552500
2016-11-25,EWG,24.979999542236328,25.0,24.940000534057617,24.969999313354492,1725700
2016-11-28,EWG,24.770000457763672,24.799999237060547,24.65999984741211,24.709999084472656,2007400
2016-11-29,EWG,24.670000076293945,24.959999084472656,24.65999984741211,24.920000076293945,1485600
2016-11-30,EWG,24.920000076293945,24.940000534057617,24.780000686645508,24.829999923706055,2764100
2016-12-01,EWG,24.700000762939453,24.719999313354492,24.549999237060547,24.68000030517578,1837000
2016-12-02,EWG,24.579999923706055,24.81999969482422,24.559999465942383,24.739999771118164,2653400
2016-12-05,EWG,25.1299991607666,25.399999618530273,25.1200008392334,25.34000015258789,3004800
2016-12-06,EWG,25.31999969482422,25.56999969482422,25.31999969482422,25.559999465942383,4378700
2016-12-07,EWG,25.81999969482422,26.270000457763672,25.81999969482422,26.15999984741211,13291000
2016-12-08,EWG,26.09000015258789,26.1299991607666,26.0,26.06999969482422,6705100
2016-12-09,EWG,26.010000228881836,26.1200008392334,25.959999084472656,26.09000015258789,6189300
2016-12-12,EWG,26.06999969482422,26.170000076293945,26.040000915527344,26.110000610351562,4169800
2016-12-13,EWG,26.270000457763672,26.450000762939453,26.270000457763672,26.34000015258789,5876300
2016-12-14,EWG,26.31999969482422,26.440000534057617,25.950000762939453,26.020000457763672,11454900
2016-12-15,EWG,25.899999618530273,26.040000915527344,25.8799991607666,26.020000457763672,4158700
2016-12-16,EWG,26.079999923706055,26.239999771118164,26.079999923706055,26.1299991607666,5400700
2016-12-19,EWG,26.139999389648438,26.25,26.049999237060547,26.059999465942383,2280100
2016-12-20,EWG,26.079999923706055,26.219999313354492,26.079999923706055,26.149999618530273,1330600
2016-12-21,EWG,26.280000686645508,26.34000015258789,26.260000228881836,26.290000915527344,2827600
2016-12-22,EWG,26.350000381469727,26.40999984741211,26.260000228881836,26.270000457763672,1742400
2016-12-23,EWG,26.239999771118164,26.329999923706055,26.239999771118164,26.309999465942383,1280000
2016-12-27,EWG,26.350000381469727,26.399999618530273,26.34000015258789,26.360000610351562,1463000
2016-12-28,EWG,26.239999771118164,26.239999771118164,26.110000610351562,26.18000030517578,2108600
2016-12-29,EWG,26.280000686645508,26.399999618530273,26.280000686645508,26.34000015258789,1523300
2016-12-30,EWG,26.579999923706055,26.670000076293945,26.459999084472656,26.479999542236328,3084600
2017-01-03,EWG,26.489999771118164,26.549999237060547,26.40999984741211,26.5,2838700
2017-01-04,EWG,26.510000228881836,26.68000030517578,26.510000228881836,26.65999984741211,2657900
2017-01-05,EWG,26.790000915527344,27.010000228881836,26.790000915527344,26.950000762939453,4653300
2017-01-06,EWG,26.809999465942383,26.93000030517578,26.809999465942383,26.860000610351562,1278300
2017-01-09,EWG,26.709999084472656,26.8799991607666,26.700000762939453,26.829999923706055,1195500
2017-01-10,EWG,26.8799991607666,26.969999313354492,26.809999465942383,26.81999969482422,3497300
2017-01-11,EWG,26.760000228881836,27.1200008392334,26.760000228881836,27.079999923706055,6543300
2017-01-12,EWG,27.059999465942383,27.09000015258789,26.940000534057617,26.989999771118164,3330200
2017-01-13,EWG,27.139999389648438,27.170000076293945,27.06999969482422,27.1200008392334,1703300
2017-01-17,EWG,27.15999984741211,27.219999313354492,27.1200008392334,27.18000030517578,6282700
2017-01-18,EWG,27.139999389648438,27.260000228881836,27.110000610351562,27.18000030517578,1939100
2017-01-19,EWG,27.110000610351562,27.139999389648438,27.030000686645508,27.1200008392334,1688900
2017-01-20,EWG,27.219999313354492,27.31999969482422,27.209999084472656,27.309999465942383,1826100
2017-01-23,EWG,27.299999237060547,27.3700008392334,27.229999542236328,27.350000381469727,1857900
2017-01-24,EWG,27.350000381469727,27.489999771118164,27.350000381469727,27.459999084472656,1140000
2017-01-25,EWG,27.799999237060547,27.940000534057617,27.780000686645508,27.90999984741211,3413700
2017-01-26,EWG,27.790000915527344,27.829999923706055,27.709999084472656,27.780000686645508,1368300
2017-01-27,EWG,27.799999237060547,27.829999923706055,27.729999542236328,27.780000686645508,1042900
2017-01-30,EWG,27.43000030517578,27.559999465942383,27.329999923706055,27.559999465942383,3276300
2017-01-31,EWG,27.670000076293945,27.690000534057617,27.389999389648438,27.510000228881836,3973200
2017-02-01,EWG,27.700000762939453,27.709999084472656,27.520000457763672,27.600000381469727,8959600
2017-02-02,EWG,27.6299991607666,27.690000534057617,27.530000686645508,27.59000015258789,1119000
2017-02-03,EWG,27.600000381469727,27.670000076293945,27.540000915527344,27.649999618530273,1774900
2017-02-06,EWG,27.190000534057617,27.270000457763672,27.079999923706055,27.219999313354492,3865900
2017-02-07,EWG,27.200000762939453,27.229999542236328,27.110000610351562,27.18000030517578,5691600
2017-02-08,EWG,27.06999969482422,27.200000762939453,27.020000457763672,27.18000030517578,3879600
2017-02-09,EWG,27.239999771118164,27.350000381469727,27.219999313354492,27.290000915527344,1862200
2017-02-10,EWG,27.219999313354492,27.350000381469727,27.209999084472656,27.309999465942383,1478500
2017-02-13,EWG,27.540000915527344,27.559999465942383,27.43000030517578,27.43000030517578,1603000
2017-02-14,EWG,27.450000762939453,27.469999313354492,27.31999969482422,27.440000534057617,2283900
2017-02-15,EWG,27.229999542236328,27.510000228881836,27.209999084472656,27.489999771118164,2900500
2017-02-16,EWG,27.540000915527344,27.65999984741211,27.530000686645508,27.639999389648438,4880600
2017-02-17,EWG,27.479999542236328,27.549999237060547,27.43000030517578,27.540000915527344,3198100
2017-02-21,EWG,27.579999923706055,27.799999237060547,27.579999923706055,27.780000686645508,3161700
2017-02-22,EWG,27.68000030517578,27.889999389648438,27.65999984741211,27.860000610351562,4258500
2017-02-23,EWG,27.860000610351562,27.8799991607666,27.719999313354492,27.799999237060547,4308100
2017-02-24,EWG,27.34000015258789,27.5,27.309999465942383,27.479999542236328,3838800
2017-02-27,EWG,27.479999542236328,27.6200008392334,27.459999084472656,27.56999969482422,4030000
2017-02-28,EWG,27.530000686645508,27.649999618530273,27.5,27.520000457763672,3465400
2017-03-01,EWG,27.780000686645508,27.989999771118164,27.760000228881836,27.90999984741211,3752500
2017-03-02,EWG,27.790000915527344,27.850000381469727,27.75,27.760000228881836,2815300
2017-03-03,EWG,27.84000015258789,28.010000228881836,27.760000228881836,27.989999771118164,2554400
2017-03-06,EWG,27.850000381469727,27.850000381469727,27.719999313354492,27.829999923706055,1656900
2017-03-07,EWG,27.709999084472656,27.809999465942383,27.65999984741211,27.719999313354492,3917600
2017-03-08,EWG,27.739999771118164,27.790000915527344,27.579999923706055,27.610000610351562,1370700
2017-03-09,EWG,27.790000915527344,27.8799991607666,27.719999313354492,27.790000915527344,2733800
2017-03-10,EWG,28.0,28.06999969482422,27.889999389648438,28.049999237060547,4366600
2017-03-13,EWG,28.020000457763672,28.100000381469727,28.020000457763672,28.059999465942383,4159200
2017-03-14,EWG,27.969999313354492,28.0,27.889999389648438,27.90999984741211,4470300
2017-03-15,EWG,27.899999618530273,28.299999237060547,27.889999389648438,28.270000457763672,3795200
2017-03-16,EWG,28.40999984741211,28.530000686645508,28.329999923706055,28.489999771118164,4634000
2017-03-17,EWG,28.459999084472656,28.530000686645508,28.40999984741211,28.40999984741211,5675100
2017-03-20,EWG,28.440000534057617,28.479999542236328,28.299999237060547,28.360000610351562,1541300
2017-03-21,EWG,28.649999618530273,28.670000076293945,28.18000030517578,28.219999313354492,3995000
2017-03-22,EWG,28.149999618530273,28.280000686645508,28.1299991607666,28.229999542236328,1898500
2017-03-23,EWG,28.149999618530273,28.450000762939453,28.149999618530273,28.3700008392334,2066500
2017-03-24,EWG,28.479999542236328,28.639999389648438,28.459999084472656,28.549999237060547,7910100
2017-03-27,EWG,28.479999542236328,28.6299991607666,28.43000030517578,28.6200008392334,6490400
2017-03-28,EWG,28.700000762939453,28.90999984741211,28.690000534057617,28.809999465942383,5678800
2017-03-29,EWG,28.75,28.780000686645508,28.68000030517578,28.780000686645508,5018300
2017-03-30,EWG,28.700000762939453,28.770000457763672,28.6200008392334,28.6299991607666,2451700
2017-03-31,EWG,28.65999984741211,28.860000610351562,28.639999389648438,28.75,3135400
2017-04-03,EWG,28.790000915527344,28.809999465942383,28.479999542236328,28.709999084472656,4028500
2017-04-04,EWG,28.600000381469727,28.739999771118164,28.56999969482422,28.729999542236328,4332300
2017-04-05,EWG,28.610000610351562,28.709999084472656,28.489999771118164,28.520000457763672,11980500
2017-04-06,EWG,28.520000457763672,28.59000015258789,28.469999313354492,28.510000228881836,2041000
2017-04-07,EWG,28.3700008392334,28.479999542236328,28.350000381469727,28.43000030517578,3430100
2017-04-10,EWG,28.31999969482422,28.43000030517578,28.309999465942383,28.329999923706055,2310000
2017-04-11,EWG,28.389999389648438,28.43000030517578,28.079999923706055,28.34000015258789,3227200
2017-04-12,EWG,28.309999465942383,28.399999618530273,28.239999771118164,28.399999618530273,1803800
2017-04-13,EWG,28.229999542236328,28.270000457763672,28.1200008392334,28.149999618530273,3435100
2017-04-17,EWG,28.239999771118164,28.329999923706055,28.209999084472656,28.280000686645508,3055100
2017-04-18,EWG,28.170000076293945,28.280000686645508,28.09000015258789,28.25,2360500
2017-04-19,EWG,28.290000915527344,28.299999237060547,28.1299991607666,28.149999618530273,1182800
2017-04-20,EWG,28.3700008392334,28.450000762939453,28.31999969482422,28.34000015258789,5964600
2017-04-21,EWG,28.31999969482422,28.360000610351562,28.260000228881836,28.34000015258789,4358400
2017-04-24,EWG,29.540000915527344,29.690000534057617,29.530000686645508,29.65999984741211,4214800
2017-04-25,EWG,29.739999771118164,29.93000030517578,29.719999313354492,29.899999618530273,2618200
2017-04-26,EWG,29.709999084472656,29.799999237060547,29.670000076293945,29.729999542236328,1791300
2017-04-27,EWG,29.729999542236328,29.729999542236328,29.600000381469727,29.670000076293945,1947300
2017-04-28,EWG,29.75,29.770000457763672,29.670000076293945,29.68000030517578,2548300
2017-05-01,EWG,29.739999771118164,29.90999984741211,29.729999542236328,29.8700008392334,2130300
2017-05-02,EWG,29.81999969482422,29.989999771118164,29.770000457763672,29.969999313354492,1901700
2017-05-03,EWG,29.90999984741211,29.969999313354492,29.8799991607666,29.90999984741211,3842000
2017-05-04,EWG,30.190000534057617,30.450000762939453,30.190000534057617,30.420000076293945,2444600
2017-05-05,EWG,30.420000076293945,30.90999984741211,30.40999984741211,30.8799991607666,5018900
2017-05-08,EWG,30.440000534057617,30.459999084472656,30.360000610351562,30.440000534057617,5278300
2017-05-09,EWG,30.43000030517578,30.479999542236328,30.299999237060547,30.360000610351562,5302200
2017-05-10,EWG,30.399999618530273,30.420000076293945,30.290000915527344,30.329999923706055,1279800
2017-05-11,EWG,30.260000228881836,30.260000228881836,30.09000015258789,30.260000228881836,1206300
2017-05-12,EWG,30.389999389648438,30.549999237060547,30.3799991607666,30.540000915527344,1924800
2017-05-15,EWG,30.59000015258789,30.760000228881836,30.56999969482422,30.739999771118164,1486200
2017-05-16,EWG,31.049999237060547,31.079999923706055,30.959999084472656,31.020000457763672,2277000
2017-05-17,EWG,30.829999923706055,30.8799991607666,30.579999923706055,30.579999923706055,2853400
2017-05-18,EWG,30.469999313354492,30.649999618530273,30.440000534057617,30.6299991607666,2596800
2017-05-19,EWG,30.8799991607666,31.0,30.860000610351562,30.959999084472656,4038500
2017-05-22,EWG,31.030000686645508,31.1200008392334,30.969999313354492,31.020000457763672,6148200
2017-05-23,EWG,31.1200008392334,31.139999389648438,30.950000762939453,30.979999542236328,3532200
2017-05-24,EWG,30.93000030517578,31.020000457763672,30.860000610351562,31.010000228881836,3094900
2017-05-25,EWG,30.959999084472656,31.040000915527344,30.920000076293945,30.959999084472656,1141000
2017-05-26,EWG,30.75,30.81999969482422,30.739999771118164,30.790000915527344,2714800
2017-05-30,EWG,30.850000381469727,30.959999084472656,30.790000915527344,30.81999969482422,1405200
2017-05-31,EWG,31.149999618530273,31.209999084472656,30.979999542236328,31.020000457763672,2227100
2017-06-01,EWG,31.059999465942383,31.149999618530273,31.049999237060547,31.149999618530273,4361000
2017-06-02,EWG,31.610000610351562,31.75,31.549999237060547,31.690000534057617,3773400
2017-06-05,EWG,31.530000686645508,31.540000915527344,31.420000076293945,31.520000457763672,5494800
2017-06-06,EWG,31.270000457763672,31.360000610351562,31.239999771118164,31.270000457763672,2664800
2017-06-07,EWG,31.270000457763672,31.34000015258789,31.110000610351562,31.290000915527344,1689000
2017-06-08,EWG,31.149999618530273,31.209999084472656,31.100000381469727,31.200000762939453,2796300
2017-06-09,EWG,31.219999313354492,31.350000381469727,31.18000030517578,31.280000686645508,5186900
2017-06-12,EWG,31.149999618530273,31.18000030517578,31.030000686645508,31.1200008392334,1510900
2017-06-13,EWG,31.280000686645508,31.3799991607666,31.239999771118164,31.329999923706055,2998700
2017-06-14,EWG,31.719999313354492,31.729999542236328,31.329999923706055,31.450000762939453,2341500
2017-06-15,EWG,30.799999237060547,30.940000534057617,30.760000228881836,30.93000030517578,1942000
2017-06-16,EWG,31.06999969482422,31.229999542236328,31.040000915527344,31.229999542236328,1530200
2017-06-19,EWG,31.469999313354492,31.520000457763672,31.399999618530273,31.450000762939453,3134200
2017-06-20,EWG,30.790000915527344,30.829999923706055,30.489999771118164,30.559999465942383,2373600
2017-06-21,EWG,30.5,30.56999969482422,30.43000030517578,30.559999465942383,1916600
2017-06-22,EWG,30.56999969482422,30.610000610351562,30.5,30.530000686645508,3006300
2017-06-23,EWG,30.440000534057617,30.6200008392334,30.389999389648438,30.540000915527344,1421900
2017-06-26,EWG,30.75,30.790000915527344,30.56999969482422,30.579999923706055,1172500
2017-06-27,EWG,30.6200008392334,30.760000228881836,30.530000686645508,30.610000610351562,2656900
2017-06-28,EWG,30.700000762939453,30.90999984741211,30.68000030517578,30.8799991607666,1760100
2017-06-29,EWG,30.670000076293945,30.670000076293945,30.239999771118164,30.3799991607666,3786300
2017-06-30,EWG,30.350000381469727,30.3700008392334,30.09000015258789,30.270000457763672,3369500
2017-07-03,EWG,30.260000228881836,30.3700008392334,30.260000228881836,30.290000915527344,1038300
2017-07-05,EWG,30.200000762939453,30.34000015258789,30.1299991607666,30.31999969482422,2529800
2017-07-06,EWG,30.139999389648438,30.299999237060547,30.079999923706055,30.18000030517578,2699000
2017-07-07,EWG,30.139999389648438,30.329999923706055,30.1200008392334,30.31999969482422,2793600
2017-07-10,EWG,30.299999237060547,30.420000076293945,30.290000915527344,30.389999389648438,2625700
2017-07-11,EWG,30.440000534057617,30.649999618530273,30.3700008392334,30.649999618530273,4257900
2017-07-12,EWG,30.809999465942383,30.90999984741211,30.799999237060547,30.850000381469727,10732100
2017-07-13,EWG,30.860000610351562,30.899999618530273,30.790000915527344,30.889999389648438,4231200
2017-07-14,EWG,30.899999618530273,31.110000610351562,30.84000015258789,31.09000015258789,1206200
2017-07-17,EWG,30.93000030517578,30.969999313354492,30.889999389648438,30.940000534057617,1785100
2017-07-18,EWG,30.760000228881836,30.860000610351562,30.719999313354492,30.81999969482422,4459000
2017-07-19,EWG,30.760000228881836,30.84000015258789,30.719999313354492,30.81999969482422,1491600
2017-07-20,EWG,31.020000457763672,31.06999969482422,30.889999389648438,31.010000228881836,3864700
2017-07-21,EWG,30.6200008392334,30.68000030517578,30.489999771118164,30.65999984741211,3015300
2017-07-24,EWG,30.459999084472656,30.600000381469727,30.40999984741211,30.59000015258789,1939900
2017-07-25,EWG,30.780000686645508,30.790000915527344,30.600000381469727,30.6200008392334,1640700
2017-07-26,EWG,30.700000762939453,30.889999389648438,30.670000076293945,30.81999969482422,2069300
2017-07-27,EWG,30.700000762939453,30.700000762939453,30.43000030517578,30.559999465942383,3878600
2017-07-28,EWG,30.56999969482422,30.709999084472656,30.549999237060547,30.690000534057617,1608500
2017-07-31,EWG,30.65999984741211,30.739999771118164,30.530000686645508,30.709999084472656,6248000
2017-08-01,EWG,30.989999771118164,31.15999984741211,30.979999542236328,31.0,2657300
2017-08-02,EWG,31.100000381469727,31.1200008392334,30.920000076293945,31.0,7822700
2017-08-03,EWG,30.950000762939453,31.040000915527344,30.899999618530273,30.899999618530273,10200800
2017-08-04,EWG,31.100000381469727,31.1299991607666,30.940000534057617,31.059999465942383,9905200
2017-08-07,EWG,30.989999771118164,31.010000228881836,30.950000762939453,31.010000228881836,1401100
2017-08-08,EWG,30.940000534057617,31.040000915527344,30.829999923706055,30.8799991607666,2584800
2017-08-09,EWG,30.489999771118164,30.739999771118164,30.459999084472656,30.729999542236328,2750100
2017-08-10,EWG,30.360000610351562,30.3799991607666,30.18000030517578,30.200000762939453,2218400
2017-08-11,EWG,30.420000076293945,30.479999542236328,30.329999923706055,30.399999618530273,3146400
2017-08-14,EWG,30.770000457763672,30.799999237060547,30.700000762939453,30.719999313354492,1450300
2017-08-15,EWG,30.68000030517578,30.729999542236328,30.510000228881836,30.690000534057617,1419900
2017-08-16,EWG,30.75,30.90999984741211,30.75,30.860000610351562,9888000
2017-08-17,EWG,30.709999084472656,30.770000457763672,30.459999084472656,30.469999313354492,3715600
2017-08-18,EWG,30.56999969482422,30.709999084472656,30.520000457763672,30.639999389648438,2379800
2017-08-21,EWG,30.549999237060547,30.59000015258789,30.399999618530273,30.540000915527344,1380300
2017-08-22,EWG,30.729999542236328,30.850000381469727,30.729999542236328,30.84000015258789,1614200
2017-08-23,EWG,30.780000686645508,30.889999389648438,30.770000457763672,30.8799991607666,1468200
2017-08-24,EWG,30.920000076293945,30.969999313354492,30.780000686645508,30.790000915527344,4007000
2017-08-25,EWG,30.8799991607666,31.15999984741211,30.8799991607666,31.09000015258789,4462400
2017-08-28,EWG,31.09000015258789,31.1299991607666,31.040000915527344,31.110000610351562,810300
2017-08-29,EWG,30.65999984741211,30.829999923706055,30.6299991607666,30.739999771118164,3287700
2017-08-30,EWG,30.709999084472656,30.739999771118164,30.6200008392334,30.649999618530273,1093300
2017-08-31,EWG,30.719999313354492,30.790000915527344,30.600000381469727,30.760000228881836,1973100
2017-09-01,EWG,30.979999542236328,31.010000228881836,30.84000015258789,30.850000381469727,6108400
2017-09-05,EWG,30.969999313354492,31.040000915527344,30.68000030517578,30.770000457763672,6849200
2017-09-06,EWG,31.260000228881836,31.34000015258789,31.149999618530273,31.270000457763672,2780300
2017-09-07,EWG,31.649999618530273,31.670000076293945,31.530000686645508,31.6299991607666,5031100
2017-09-08,EWG,31.68000030517578,31.690000534057617,31.579999923706055,31.59000015258789,2563900
2017-09-11,EWG,31.8700008392334,32.0,31.8700008392334,31.940000534057617,1500800
2017-09-12,EWG,32.029998779296875,32.06999969482422,31.979999542236328,32.02000045776367,1735900
2017-09-13,EWG,32.02000045776367,32.04999923706055,31.84000015258789,31.8799991607666,2513800
2017-09-14,EWG,31.799999237060547,31.950000762939453,31.790000915527344,31.950000762939453,1503000
2017-09-15,EWG,32.040000915527344,32.08000183105469,31.920000076293945,32.02000045776367,8558600
2017-09-18,EWG,32.119998931884766,32.15999984741211,32.029998779296875,32.099998474121094,1998300
2017-09-19,EWG,32.16999816894531,32.2400016784668,32.13999938964844,32.209999084472656,1696800
2017-09-20,EWG,32.20000076293945,32.33000183105469,31.93000030517578,32.11000061035156,2222900
2017-09-21,EWG,32.119998931884766,32.189998626708984,32.08000183105469,32.130001068115234,2489700
2017-09-22,EWG,32.220001220703125,32.279998779296875,32.16999816894531,32.189998626708984,3288500
2017-09-25,EWG,32.029998779296875,32.06999969482422,31.799999237060547,31.860000610351562,1982600
2017-09-26,EWG,31.81999969482422,31.850000381469727,31.690000534057617,31.770000457763672,2330300
2017-09-27,EWG,31.760000228881836,31.90999984741211,31.739999771118164,31.850000381469727,927300
2017-09-28,EWG,32.0,32.08000183105469,31.979999542236328,32.0099983215332,3317800
2017-09-29,EWG,32.2400016784668,32.45000076293945,32.18000030517578,32.43000030517578,2278300
2017-10-02,EWG,32.290000915527344,32.380001068115234,32.27000045776367,32.349998474121094,1879800
2017-10-03,EWG,32.380001068115234,32.47999954223633,32.380001068115234,32.470001220703125,1743700
2017-10-04,EWG,32.470001220703125,32.58000183105469,32.459999084472656,32.47999954223633,5589300
2017-10-05,EWG,32.38999938964844,32.470001220703125,32.369998931884766,32.470001220703125,5673000
2017-10-06,EWG,32.31999969482422,32.4900016784668,32.31999969482422,32.47999954223633,7384200
2017-10-09,EWG,32.470001220703125,32.529998779296875,32.43000030517578,32.459999084472656,1526400
2017-10-10,EWG,32.61000061035156,32.75,32.540000915527344,32.689998626708984,3952700
2017-10-11,EWG,32.779998779296875,32.900001525878906,32.779998779296875,32.880001068115234,2387900
2017-10-12,EWG,32.869998931884766,32.900001525878906,32.81999969482422,32.84000015258789,1902700
2017-10-13,EWG,32.91999816894531,32.97999954223633,32.810001373291016,32.84000015258789,1446700
2017-10-16,EWG,32.84000015258789,32.849998474121094,32.7400016784668,32.77000045776367,1475200
2017-10-17,EWG,32.689998626708984,32.72999954223633,32.63999938964844,32.720001220703125,1786000
2017-10-18,EWG,32.849998474121094,32.91999816894531,32.77000045776367,32.900001525878906,1349300
2017-10-19,EWG,32.75,32.86000061035156,32.72999954223633,32.81999969482422,3689300
2017-10-20,EWG,32.72999954223633,32.7400016784668,32.61000061035156,32.630001068115234,2761800
2017-10-23,EWG,32.59000015258789,32.619998931884766,32.52000045776367,32.529998779296875,1550300
2017-10-24,EWG,32.63999938964844,32.7400016784668,32.599998474121094,32.650001525878906,1527700
2017-10-25,EWG,32.70000076293945,32.7400016784668,32.52000045776367,32.63999938964844,1586000
2017-10-26,EWG,32.68000030517578,32.81999969482422,32.599998474121094,32.689998626708984,2231800
2017-10-27,EWG,32.72999954223633,32.790000915527344,32.650001525878906,32.7400016784668,1539900
2017-10-30,EWG,32.790000915527344,32.900001525878906,32.790000915527344,32.88999938964844,1349300
2017-10-31,EWG,33.0,33.09000015258789,32.959999084472656,33.06999969482422,2154800
2017-11-01,EWG,33.380001068115234,33.439998626708984,33.34000015258789,33.349998474121094,2003600
2017-11-02,EWG,33.41999816894531,33.5,33.380001068115234,33.5,4925500
2017-11-03,EWG,33.47999954223633,33.47999954223633,33.31999969482422,33.38999938964844,1898800
2017-11-06,EWG,33.27000045776367,33.349998474121094,33.25,33.34000015258789,4556700
2017-11-07,EWG,33.22999954223633,33.27000045776367,32.95000076293945,33.06999969482422,3500200
2017-11-08,EWG,33.119998931884766,33.209999084472656,33.060001373291016,33.18000030517578,1770800
2017-11-09,EWG,32.779998779296875,32.880001068115234,32.630001068115234,32.81999969482422,2115300
2017-11-10,EWG,32.77000045776367,32.81999969482422,32.68000030517578,32.7400016784668,1012500
2017-11-13,EWG,32.38999938964844,32.68000030517578,32.369998931884766,32.66999816894531,2289600
2017-11-14,EWG,32.7400016784668,32.869998931884766,32.65999984741211,32.849998474121094,3248800
2017-11-15,EWG,32.5099983215332,32.72999954223633,32.470001220703125,32.61000061035156,1135100
2017-11-16,EWG,32.84000015258789,32.900001525878906,32.7599983215332,32.869998931884766,4475600
2017-11-17,EWG,32.849998474121094,32.849998474121094,32.66999816894531,32.709999084472656,1813700
2017-11-20,EWG,32.79999923706055,32.880001068115234,32.709999084472656,32.72999954223633,1742400
2017-11-21,EWG,33.040000915527344,33.130001068115234,33.040000915527344,33.040000915527344,1527600
2017-11-22,EWG,33.06999969482422,33.08000183105469,32.689998626708984,32.81999969482422,2032900
2017-11-24,EWG,33.31999969482422,33.40999984741211,33.29999923706055,33.31999969482422,1199200
2017-11-27,EWG,33.2599983215332,33.31999969482422,33.099998474121094,33.119998931884766,3665500
2017-11-28,EWG,33.15999984741211,33.310001373291016,33.099998474121094,33.220001220703125,1466000
2017-11-29,EWG,33.380001068115234,33.41999816894531,33.08000183105469,33.130001068115234,3490400
2017-11-30,EWG,33.36000061035156,33.38999938964844,33.209999084472656,33.2400016784668,3670300
2017-12-01,EWG,32.959999084472656,33.08000183105469,32.75,32.95000076293945,4844200
2017-12-04,EWG,33.20000076293945,33.22999954223633,33.0,33.060001373291016,1939800
2017-12-05,EWG,32.95000076293945,33.130001068115234,32.880001068115234,32.91999816894531,2610100
2017-12-06,EWG,32.70000076293945,32.91999816894531,32.66999816894531,32.869998931884766,3760300
2017-12-07,EWG,32.869998931884766,33.11000061035156,32.83000183105469,33.02000045776367,4484200
2017-12-08,EWG,33.18000030517578,33.20000076293945,33.04999923706055,33.13999938964844,1291200
2017-12-11,EWG,33.11000061035156,33.20000076293945,33.08000183105469,33.119998931884766,1656100
2017-12-12,EWG,32.9900016784668,33.099998474121094,32.959999084472656,33.06999969482422,2581600
2017-12-13,EWG,33.130001068115234,33.15999984741211,32.959999084472656,33.08000183105469,3981800
2017-12-14,EWG,33.099998474121094,33.20000076293945,32.880001068115234,32.88999938964844,2181900
2017-12-15,EWG,32.97999954223633,33.08000183105469,32.900001525878906,33.029998779296875,2162600
2017-12-18,EWG,33.599998474121094,33.689998626708984,33.5099983215332,33.540000915527344,1963600
2017-12-19,EWG,33.52000045776367,33.540000915527344,33.310001373291016,33.45000076293945,3527500
2017-12-20,EWG,33.31999969482422,33.34000015258789,33.09000015258789,33.150001525878906,2715100
2017-12-21,EWG,33.11000061035156,33.279998779296875,33.099998474121094,33.16999816894531,2233000
2017-12-22,EWG,33.09000015258789,33.11000061035156,33.029998779296875,33.099998474121094,8729400
2017-12-26,EWG,33.15999984741211,33.209999084472656,33.060001373291016,33.099998474121094,1160200
2017-12-27,EWG,33.16999816894531,33.25,33.130001068115234,33.18000030517578,1808600
2017-12-28,EWG,33.279998779296875,33.310001373291016,33.119998931884766,33.150001525878906,4310000
2017-12-29,EWG,33.13999938964844,33.16999816894531,32.95000076293945,33.02000045776367,2636900
2018-01-02,EWG,33.060001373291016,33.27000045776367,33.02000045776367,33.2599983215332,3819100
2018-01-03,EWG,33.290000915527344,33.4900016784668,33.290000915527344,33.43000030517578,3228600
2018-01-04,EWG,34.0099983215332,34.119998931884766,33.959999084472656,33.97999954223633,2892400
2018-01-05,EWG,34.25,34.369998931884766,34.16999816894531,34.33000183105469,1880900
2018-01-08,EWG,34.25,34.279998779296875,34.189998626708984,34.22999954223633,3103400
2018-01-09,EWG,34.220001220703125,34.2400016784668,34.09000015258789,34.220001220703125,3574000
2018-01-10,EWG,34.040000915527344,34.040000915527344,33.83000183105469,33.91999816894531,4806600
2018-01-11,EWG,33.970001220703125,34.099998474121094,33.900001525878906,34.08000183105469,2250700
2018-01-12,EWG,34.33000183105469,34.540000915527344,34.279998779296875,34.5099983215332,9679100
2018-01-16,EWG,34.779998779296875,34.81999969482422,34.540000915527344,34.560001373291016,2713600
2018-01-17,EWG,34.599998474121094,34.77000045776367,34.439998626708984,34.650001525878906,5935400
2018-01-18,EWG,34.83000183105469,34.90999984741211,34.70000076293945,34.849998474121094,3257200
2018-01-19,EWG,35.2400016784668,35.29999923706055,35.099998474121094,35.2400016784668,3003700
2018-01-22,EWG,35.279998779296875,35.470001220703125,35.209999084472656,35.459999084472656,2683400
2018-01-23,EWG,35.56999969482422,35.66999816894531,35.5,35.650001525878906,2497000
2018-01-24,EWG,35.83000183105469,35.869998931884766,35.439998626708984,35.560001373291016,4705300
2018-01-25,EWG,35.709999084472656,35.720001220703125,35.22999954223633,35.310001373291016,4277300
2018-01-26,EWG,35.380001068115234,35.54999923706055,35.36000061035156,35.540000915527344,2013100
2018-01-29,EWG,35.25,35.279998779296875,35.099998474121094,35.209999084472656,3827800
2018-01-30,EWG,35.130001068115234,35.16999816894531,34.90999984741211,34.93000030517578,6804300
2018-01-31,EWG,35.20000076293945,35.209999084472656,34.88999938964844,35.0099983215332,5330200
2018-02-01,EWG,34.630001068115234,34.810001373291016,34.59000015258789,34.70000076293945,4407800
2018-02-02,EWG,34.27000045776367,34.290000915527344,33.849998474121094,33.86000061035156,5425000
2018-02-05,EWG,33.650001525878906,33.83000183105469,32.20000076293945,32.470001220703125,11688200
2018-02-06,EWG,32.56999969482422,33.4900016784668,32.5099983215332,33.4900016784668,22821400
2018-02-07,EWG,33.040000915527344,33.310001373291016,32.77000045776367,32.91999816894531,5111100
2018-02-08,EWG,32.7599983215332,32.77000045776367,31.81999969482422,31.850000381469727,9820000
2018-02-09,EWG,31.989999771118164,32.20000076293945,31.200000762939453,32.08000183105469,14562000
2018-02-12,EWG,32.310001373291016,32.59000015258789,32.20000076293945,32.540000915527344,8556000
2018-02-13,EWG,32.41999816894531,32.5099983215332,32.29999923706055,32.47999954223633,4605500
2018-02-14,EWG,32.2400016784668,33.220001220703125,32.220001220703125,33.20000076293945,5803400
2018-02-15,EWG,33.22999954223633,33.279998779296875,32.90999984741211,33.220001220703125,5785100
2018-02-16,EWG,33.119998931884766,33.52000045776367,33.11000061035156,33.279998779296875,2375600
2018-02-20,EWG,32.9900016784668,33.18000030517578,32.86000061035156,32.959999084472656,3425900
2018-02-21,EWG,32.97999954223633,33.20000076293945,32.709999084472656,32.72999954223633,2197300
2018-02-22,EWG,32.79999923706055,33.09000015258789,32.70000076293945,32.88999938964844,5021100
2018-02-23,EWG,33.029998779296875,33.16999816894531,32.95000076293945,33.130001068115234,4964400
2018-02-26,EWG,33.130001068115234,33.29999923706055,32.970001220703125,33.279998779296875,2466100
2018-02-27,EWG,33.0,33.04999923706055,32.650001525878906,32.65999984741211,2438100
2018-02-28,EWG,32.79999923706055,32.810001373291016,32.400001525878906,32.43000030517578,3021400
2018-03-01,EWG,32.040000915527344,32.16999816894531,31.520000457763672,31.809999465942383,8695300
2018-03-02,EWG,31.59000015258789,31.850000381469727,31.459999084472656,31.809999465942383,3243500
2018-03-05,EWG,31.690000534057617,32.29999923706055,31.670000076293945,32.27000045776367,2841700
2018-03-06,EWG,32.47999954223633,32.4900016784668,32.31999969482422,32.459999084472656,2588200
2018-03-07,EWG,32.47999954223633,32.75,32.439998626708984,32.720001220703125,3707300
2018-03-08,EWG,32.7400016784668,32.84000015258789,32.599998474121094,32.68000030517578,4111400
2018-03-09,EWG,32.65999984741211,32.810001373291016,32.599998474121094,32.790000915527344,2726500
2018-03-12,EWG,32.84000015258789,32.970001220703125,32.790000915527344,32.939998626708984,2024300
2018-03-13,EWG,32.95000076293945,32.97999954223633,32.33000183105469,32.400001525878906,5186400
2018-03-14,EWG,32.7400016784668,32.779998779296875,32.40999984741211,32.54999923706055,4239200
2018-03-15,EWG,32.59000015258789,32.790000915527344,32.5099983215332,32.650001525878906,3617000
2018-03-16,EWG,32.54999923706055,32.7599983215332,32.54999923706055,32.630001068115234,2542700
2018-03-19,EWG,32.45000076293945,32.47999954223633,32.22999954223633,32.38999938964844,2997400
2018-03-20,EWG,32.2599983215332,32.4900016784668,32.2599983215332,32.41999816894531,4257500
2018-03-21,EWG,32.34000015258789,32.619998931884766,32.310001373291016,32.45000076293945,3942800
2018-03-22,EWG,31.899999618530273,32.040000915527344,31.690000534057617,31.700000762939453,5829800
2018-03-23,EWG,31.729999542236328,31.799999237060547,31.270000457763672,31.309999465942383,7852700
2018-03-26,EWG,31.84000015258789,31.950000762939453,31.389999389648438,31.950000762939453,6474000
2018-03-27,EWG,31.959999084472656,32.08000183105469,31.450000762939453,31.59000015258789,5264100
2018-03-28,EWG,31.639999389648438,31.8700008392334,31.469999313354492,31.559999465942383,5522400
2018-03-29,EWG,31.989999771118164,32.150001525878906,31.90999984741211,32.040000915527344,3343100
2018-04-02,EWG,32.040000915527344,32.119998931884766,31.309999465942383,31.559999465942383,5626000
2018-04-03,EWG,31.700000762939453,31.799999237060547,31.510000228881836,31.760000228881836,5348700
2018-04-04,EWG,31.329999923706055,31.860000610351562,31.309999465942383,31.81999969482422,2541800
2018-04-05,EWG,32.20000076293945,32.33000183105469,32.150001525878906,32.209999084472656,2056600
2018-04-06,EWG,32.20000076293945,32.349998474121094,32.0099983215332,32.09000015258789,4201600
2018-04-09,EWG,32.369998931884766,32.5099983215332,32.22999954223633,32.310001373291016,2807900
2018-04-10,EWG,32.7400016784668,32.84000015258789,32.63999938964844,32.7599983215332,2552000
2018-04-11,EWG,32.599998474121094,32.72999954223633,32.4900016784668,32.560001373291016,3722100
2018-04-12,EWG,32.65999984741211,32.81999969482422,32.650001525878906,32.79999923706055,3293000
2018-04-13,EWG,32.97999954223633,33.0,32.7599983215332,32.88999938964844,3812200
2018-04-16,EWG,32.939998626708984,32.95000076293945,32.790000915527344,32.900001525878906,7545000
2018-04-17,EWG,33.130001068115234,33.36000061035156,33.099998474121094,33.29999923706055,3799200
2018-04-18,EWG,33.36000061035156,33.40999984741211,33.279998779296875,33.36000061035156,4375800
2018-04-19,EWG,33.29999923706055,33.36000061035156,33.099998474121094,33.189998626708984,4100700
2018-04-20,EWG,33.0,33.029998779296875,32.86000061035156,32.959999084472656,4045500
2018-04-23,EWG,32.880001068115234,32.91999816894531,32.75,32.84000015258789,1922800
2018-04-24,EWG,32.81999969482422,32.849998474121094,32.41999816894531,32.560001373291016,2787000
2018-04-25,EWG,32.29999923706055,32.41999816894531,32.150001525878906,32.38999938964844,2269800
2018-04-26,EWG,32.45000076293945,32.59000015258789,32.34000015258789,32.52000045776367,1738500
2018-04-27,EWG,32.630001068115234,32.66999816894531,32.43000030517578,32.650001525878906,1720000
2018-04-30,EWG,32.459999084472656,32.61000061035156,32.439998626708984,32.459999084472656,1847400
2018-05-01,EWG,32.38999938964844,32.43000030517578,32.150001525878906,32.34000015258789,1460900
2018-05-02,EWG,32.84000015258789,32.900001525878906,32.630001068115234,32.650001525878906,5158800
2018-05-03,EWG,32.68000030517578,32.72999954223633,32.41999816894531,32.66999816894531,3304500
2018-05-04,EWG,32.45000076293945,32.88999938964844,32.43000030517578,32.84000015258789,8574400
2018-05-07,EWG,32.93000030517578,33.060001373291016,32.90999984741211,32.97999954223633,10534200
2018-05-08,EWG,32.65999984741211,32.86000061035156,32.630001068115234,32.86000061035156,3030100
2018-05-09,EWG,32.790000915527344,32.959999084472656,32.77000045776367,32.900001525878906,2357600
2018-05-10,EWG,33.0,33.209999084472656,32.95000076293945,33.20000076293945,1738300
2018-05-11,EWG,33.15999984741211,33.220001220703125,33.099998474121094,33.150001525878906,1176400
2018-05-14,EWG,33.16999816894531,33.220001220703125,33.04999923706055,33.09000015258789,1678100
2018-05-15,EWG,32.779998779296875,32.959999084472656,32.65999984741211,32.849998474121094,2248100
2018-05-16,EWG,32.79999923706055,32.880001068115234,32.68000030517578,32.81999969482422,1554200
2018-05-17,EWG,32.95000076293945,33.04999923706055,32.90999984741211,33.0099983215332,2858900
2018-05-18,EWG,32.880001068115234,32.93000030517578,32.81999969482422,32.880001068115234,1803600
2018-05-21,EWG,33.130001068115234,33.209999084472656,33.0,33.13999938964844,1140900
2018-05-22,EWG,33.15999984741211,33.220001220703125,33.06999969482422,33.099998474121094,1367100
2018-05-23,EWG,32.41999816894531,32.529998779296875,32.34000015258789,32.529998779296875,2786900
2018-05-24,EWG,32.369998931884766,32.400001525878906,32.06999969482422,32.27000045776367,10118700
2018-05-25,EWG,32.130001068115234,32.27000045776367,32.0,32.20000076293945,5290800
2018-05-29,EWG,31.459999084472656,31.579999923706055,31.010000228881836,31.190000534057617,5815800
2018-05-30,EWG,31.690000534057617,32.0,31.540000915527344,31.920000076293945,4611100
2018-05-31,EWG,31.65999984741211,31.719999313354492,31.329999923706055,31.639999389648438,8929800
2018-06-01,EWG,31.920000076293945,31.950000762939453,31.670000076293945,31.809999465942383,3320500
2018-06-04,EWG,32.0,32.08000183105469,31.920000076293945,31.989999771118164,1728400
2018-06-05,EWG,32.130001068115234,32.20000076293945,31.899999618530273,32.0,6991500
2018-06-06,EWG,32.209999084472656,32.4900016784668,32.11000061035156,32.47999954223633,8802900
2018-06-07,EWG,32.45000076293945,32.459999084472656,31.979999542236328,32.09000015258789,3651900
2018-06-08,EWG,32.15999984741211,32.2599983215332,31.989999771118164,32.20000076293945,4125900
2018-06-11,EWG,32.27000045776367,32.52000045776367,32.20000076293945,32.459999084472656,1551200
2018-06-12,EWG,32.43000030517578,32.5,32.2400016784668,32.31999969482422,3093000
2018-06-13,EWG,32.47999954223633,32.56999969482422,32.34000015258789,32.45000076293945,2689400
2018-06-14,EWG,32.529998779296875,32.779998779296875,32.52000045776367,32.59000015258789,3406400
2018-06-15,EWG,32.38999938964844,32.459999084472656,32.310001373291016,32.43000030517578,2670200
2018-06-18,EWG,31.829999923706055,31.950000762939453,31.760000228881836,31.940000534057617,3690900
2018-06-19,EWG,30.600000381469727,30.809999465942383,30.510000228881836,30.799999237060547,5901200
2018-06-20,EWG,30.790000915527344,30.81999969482422,30.670000076293945,30.770000457763672,3989800
2018-06-21,EWG,30.530000686645508,30.549999237060547,30.25,30.34000015258789,4035900
2018-06-22,EWG,30.6299991607666,30.75,30.3799991607666,30.6299991607666,3215200
2018-06-25,EWG,30.270000457763672,30.290000915527344,29.989999771118164,30.100000381469727,5171200
2018-06-26,EWG,30.020000457763672,30.059999465942383,29.780000686645508,29.989999771118164,3831600
2018-06-27,EWG,30.010000228881836,30.209999084472656,29.649999618530273,29.670000076293945,5471200
2018-06-28,EWG,29.420000076293945,29.579999923706055,29.31999969482422,29.530000686645508,5415400
2018-06-29,EWG,29.979999542236328,30.1299991607666,29.90999984741211,29.979999542236328,4438500
2018-07-02,EWG,29.649999618530273,29.860000610351562,29.6299991607666,29.829999923706055,3170100
2018-07-03,EWG,30.100000381469727,30.1200008392334,29.899999618530273,29.93000030517578,3682300
2018-07-05,EWG,30.40999984741211,30.510000228881836,30.299999237060547,30.440000534057617,8379700
2018-07-06,EWG,30.549999237060547,30.700000762939453,30.510000228881836,30.649999618530273,2701100
2018-07-09,EWG,30.780000686645508,30.84000015258789,30.700000762939453,30.81999969482422,1946700
2018-07-10,EWG,30.850000381469727,30.969999313354492,30.829999923706055,30.93000030517578,1712100
2018-07-11,EWG,30.479999542236328,30.56999969482422,30.239999771118164,30.299999237060547,3587200
2018-07-12,EWG,30.43000030517578,30.579999923706055,30.350000381469727,30.540000915527344,2269700
2018-07-13,EWG,30.530000686645508,30.639999389648438,30.459999084472656,30.6299991607666,2150100
2018-07-16,EWG,30.760000228881836,30.81999969482422,30.729999542236328,30.790000915527344,1727200
2018-07-17,EWG,30.709999084472656,31.030000686645508,30.700000762939453,30.989999771118164,3431500
2018-07-18,EWG,31.030000686645508,31.110000610351562,31.0,31.020000457763672,2931300
2018-07-19,EWG,30.719999313354492,30.90999984741211,30.700000762939453,30.84000015258789,2633100
2018-07-20,EWG,30.59000015258789,30.799999237060547,30.579999923706055,30.770000457763672,2687200
2018-07-23,EWG,30.739999771118164,30.829999923706055,30.68000030517578,30.799999237060547,5602700
2018-07-24,EWG,31.139999389648438,31.219999313354492,30.959999084472656,31.020000457763672,4189700
2018-07-25,EWG,30.93000030517578,31.350000381469727,30.670000076293945,31.270000457763672,7260200
2018-07-26,EWG,31.219999313354492,31.299999237060547,31.149999618530273,31.190000534057617,4594300
2018-07-27,EWG,31.350000381469727,31.3799991607666,31.18000030517578,31.25,3186200
2018-07-30,EWG,31.3700008392334,31.43000030517578,31.260000228881836,31.290000915527344,2669000
2018-07-31,EWG,31.3700008392334,31.420000076293945,31.239999771118164,31.309999465942383,5280900
2018-08-01,EWG,31.149999618530273,31.229999542236328,31.0,31.059999465942383,2950000
2018-08-02,EWG,30.530000686645508,30.6299991607666,30.440000534057617,30.610000610351562,3128400
2018-08-03,EWG,30.530000686645508,30.709999084472656,30.530000686645508,30.690000534057617,2059600
2018-08-06,EWG,30.479999542236328,30.6200008392334,30.389999389648438,30.56999969482422,2432600
2018-08-07,EWG,30.479999542236328,30.90999984741211,30.479999542236328,30.760000228881836,2475600
2018-08-08,EWG,30.739999771118164,30.760000228881836,30.600000381469727,30.68000030517578,1401300
2018-08-09,EWG,30.829999923706055,30.829999923706055,30.6299991607666,30.649999618530273,2736700
2018-08-10,EWG,29.799999237060547,29.90999984741211,29.6299991607666,29.719999313354492,3498400
2018-08-13,EWG,29.670000076293945,29.739999771118164,29.540000915527344,29.579999923706055,2342400
2018-08-14,EWG,29.579999923706055,29.6299991607666,29.399999618530273,29.600000381469727,3318600
2018-08-15,EWG,29.010000228881836,29.079999923706055,28.790000915527344,28.989999771118164,3990500
2018-08-16,EWG,29.139999389648438,29.360000610351562,29.139999389648438,29.190000534057617,4191000
2018-08-17,EWG,29.1299991607666,29.469999313354492,29.1299991607666,29.420000076293945,4498100
2018-08-20,EWG,29.670000076293945,29.739999771118164,29.639999389648438,29.700000762939453,1755500
2018-08-21,EWG,30.110000610351562,30.239999771118164,29.959999084472656,30.1200008392334,2735300
2018-08-22,EWG,30.219999313354492,30.270000457763672,30.139999389648438,30.190000534057617,2853000
2018-08-23,EWG,30.110000610351562,30.219999313354492,30.010000228881836,30.030000686645508,2541100
2018-08-24,EWG,30.200000762939453,30.3700008392334,30.139999389648438,30.3700008392334,3105100
2018-08-27,EWG,30.6200008392334,30.889999389648438,30.6200008392334,30.8700008392334,3455900
2018-08-28,EWG,31.030000686645508,31.030000686645508,30.8700008392334,30.8700008392334,4380900
2018-08-29,EWG,30.829999923706055,31.010000228881836,30.799999237060547,31.0,2037800
2018-08-30,EWG,30.690000534057617,30.790000915527344,30.549999237060547,30.670000076293945,3668800
2018-08-31,EWG,30.3799991607666,30.479999542236328,30.100000381469727,30.229999542236328,2893700
2018-09-04,EWG,29.700000762939453,29.889999389648438,29.639999389648438,29.889999389648438,6974700
2018-09-05,EWG,29.709999084472656,29.760000228881836,29.479999542236328,29.579999923706055,3561300
2018-09-06,EWG,29.489999771118164,29.59000015258789,29.25,29.3700008392334,5127600
2018-09-07,EWG,29.100000381469727,29.260000228881836,29.040000915527344,29.1299991607666,8172400
2018-09-10,EWG,29.399999618530273,29.420000076293945,29.31999969482422,29.360000610351562,2555500
2018-09-11,EWG,29.1299991607666,29.350000381469727,29.09000015258789,29.350000381469727,2673400
2018-09-12,EWG,29.350000381469727,29.56999969482422,29.299999237060547,29.450000762939453,2913600
2018-09-13,EWG,29.780000686645508,29.84000015258789,29.610000610351562,29.75,2768500
2018-09-14,EWG,29.780000686645508,29.829999923706055,29.6299991607666,29.709999084472656,2937000
2018-09-17,EWG,29.790000915527344,29.850000381469727,29.649999618530273,29.670000076293945,2831400
2018-09-18,EWG,29.790000915527344,30.0,29.790000915527344,29.93000030517578,1762300
2018-09-19,EWG,29.93000030517578,30.06999969482422,29.90999984741211,30.010000228881836,2850000
2018-09-20,EWG,30.5,30.600000381469727,30.389999389648438,30.559999465942383,4984900
2018-09-21,EWG,30.56999969482422,30.6299991607666,30.520000457763672,30.579999923706055,2646200
2018-09-24,EWG,30.59000015258789,30.610000610351562,30.389999389648438,30.389999389648438,2405700
2018-09-25,EWG,30.530000686645508,30.559999465942383,30.440000534057617,30.489999771118164,3193000
2018-09-26,EWG,30.299999237060547,30.59000015258789,30.290000915527344,30.360000610351562,5655300
2018-09-27,EWG,30.34000015258789,30.459999084472656,30.229999542236328,30.280000686645508,1596800
2018-09-28,EWG,29.68000030517578,29.889999389648438,29.649999618530273,29.739999771118164,6817100
2018-10-01,EWG,30.020000457763672,30.100000381469727,29.860000610351562,29.899999618530273,3350000
2018-10-02,EWG,29.6299991607666,29.780000686645508,29.610000610351562,29.709999084472656,3270700
2018-10-03,EWG,29.969999313354492,30.0,29.790000915527344,29.81999969482422,3212400
2018-10-04,EWG,29.770000457763672,29.799999237060547,29.3799991607666,29.469999313354492,3906400
2018-10-05,EWG,29.280000686645508,29.329999923706055,29.049999237060547,29.190000534057617,3553200
2018-10-08,EWG,28.709999084472656,28.84000015258789,28.579999923706055,28.799999237060547,3439800
2018-10-09,EWG,28.549999237060547,28.84000015258789,28.489999771118164,28.770000457763672,3565700
2018-10-10,EWG,28.549999237060547,28.559999465942383,27.969999313354492,28.079999923706055,8992000
2018-10-11,EWG,28.18000030517578,28.270000457763672,27.6200008392334,27.84000015258789,9767500
2018-10-12,EWG,28.06999969482422,28.09000015258789,27.6299991607666,27.950000762939453,3622800
2018-10-15,EWG,28.0,28.18000030517578,27.959999084472656,28.06999969482422,2722400
2018-10-16,EWG,28.489999771118164,28.639999389648438,28.43000030517578,28.610000610351562,2230500
2018-10-17,EWG,28.3700008392334,28.459999084472656,28.190000534057617,28.290000915527344,2846800
2018-10-18,EWG,28.15999984741211,28.219999313354492,27.6200008392334,27.709999084472656,4772800
2018-10-19,EWG,27.690000534057617,28.0,27.690000534057617,27.84000015258789,2516000
2018-10-22,EWG,27.860000610351562,27.899999618530273,27.6200008392334,27.700000762939453,3220600
2018-10-23,EWG,27.059999465942383,27.479999542236328,26.940000534057617,27.360000610351562,5356600
2018-10-24,EWG,27.049999237060547,27.09000015258789,26.3700008392334,26.399999618530273,4730900
2018-10-25,EWG,26.770000457763672,27.09000015258789,26.610000610351562,26.950000762939453,5713500
2018-10-26,EWG,26.6299991607666,26.969999313354492,26.360000610351562,26.780000686645508,10116000
2018-10-29,EWG,27.260000228881836,27.280000686645508,26.639999389648438,26.889999389648438,7001700
2018-10-30,EWG,26.850000381469727,27.040000915527344,26.770000457763672,27.040000915527344,12515000
2018-10-31,EWG,27.219999313354492,27.440000534057617,27.190000534057617,27.25,8475700
2018-11-01,EWG,27.549999237060547,27.600000381469727,27.389999389648438,27.600000381469727,3467700
2018-11-02,EWG,27.969999313354492,28.049999237060547,27.559999465942383,27.780000686645508,4831200
2018-11-05,EWG,27.68000030517578,27.739999771118164,27.549999237060547,27.670000076293945,2205300
2018-11-06,EWG,27.56999969482422,27.709999084472656,27.559999465942383,27.700000762939453,2602300
2018-11-07,EWG,27.959999084472656,28.040000915527344,27.84000015258789,28.030000686645508,3022500
2018-11-08,EWG,27.790000915527344,27.850000381469727,27.420000076293945,27.489999771118164,2935500
2018-11-09,EWG,27.450000762939453,27.5,27.329999923706055,27.479999542236328,2356500
2018-11-12,EWG,26.959999084472656,26.979999542236328,26.670000076293945,26.690000534057617,4180000
2018-11-13,EWG,26.889999389648438,27.260000228881836,26.889999389648438,27.100000381469727,5681000
2018-11-14,EWG,27.450000762939453,27.469999313354492,27.020000457763672,27.200000762939453,5096400
2018-11-15,EWG,26.979999542236328,27.360000610351562,26.790000915527344,27.299999237060547,5620800
2018-11-16,EWG,27.040000915527344,27.34000015258789,26.989999771118164,27.280000686645508,4025700
2018-11-19,EWG,27.239999771118164,27.260000228881836,26.899999618530273,26.950000762939453,4173500
2018-11-20,EWG,26.43000030517578,26.6200008392334,26.309999465942383,26.399999618530273,4908900
2018-11-21,EWG,26.709999084472656,26.950000762939453,26.690000534057617,26.850000381469727,2255800
2018-11-23,EWG,26.450000762939453,26.610000610351562,26.450000762939453,26.559999465942383,1198400
2018-11-26,EWG,26.969999313354492,27.100000381469727,26.90999984741211,27.059999465942383,4899700
2018-11-27,EWG,26.899999618530273,26.950000762939453,26.709999084472656,26.860000610351562,3209900
2018-11-28,EWG,26.809999465942383,27.260000228881836,26.700000762939453,27.229999542236328,3875200
2018-11-29,EWG,27.06999969482422,27.1299991607666,26.950000762939453,27.079999923706055,2477900
2018-11-30,EWG,26.790000915527344,26.850000381469727,26.649999618530273,26.84000015258789,1951200
2018-12-03,EWG,27.31999969482422,27.34000015258789,27.190000534057617,27.280000686645508,2795700
2018-12-04,EWG,27.170000076293945,27.200000762939453,26.440000534057617,26.479999542236328,3893500
2018-12-06,EWG,25.920000076293945,26.1299991607666,25.649999618530273,26.110000610351562,6444700
2018-12-07,EWG,26.06999969482422,26.1299991607666,25.600000381469727,25.65999984741211,10526400
2018-12-10,EWG,25.59000015258789,25.65999984741211,25.239999771118164,25.489999771118164,4212600
2018-12-11,EWG,25.799999237060547,25.81999969482422,25.420000076293945,25.610000610351562,7446800
2018-12-12,EWG,25.93000030517578,26.139999389648438,25.920000076293945,26.010000228881836,5560300
2018-12-13,EWG,26.0,26.06999969482422,25.899999618530273,25.950000762939453,6477800
2018-12-14,EWG,25.6200008392334,25.719999313354492,25.579999923706055,25.579999923706055,3685500
2018-12-17,EWG,25.440000534057617,25.549999237060547,25.270000457763672,25.3799991607666,4914900
2018-12-18,EWG,25.6200008392334,25.709999084472656,25.440000534057617,25.520000457763672,4572000
2018-12-19,EWG,25.700000762939453,25.850000381469727,25.170000076293945,25.31999969482422,7235200
2018-12-20,EWG,25.299999237060547,25.43000030517578,25.1299991607666,25.200000762939453,6602300
2018-12-21,EWG,25.219999313354492,25.350000381469727,24.8700008392334,24.950000762939453,6874800
2018-12-24,EWG,24.799999237060547,24.90999984741211,24.440000534057617,24.440000534057617,2602800
2018-12-26,EWG,24.530000686645508,25.110000610351562,24.399999618530273,25.110000610351562,5367800
2018-12-27,EWG,24.729999542236328,25.049999237060547,24.520000457763672,25.030000686645508,6211500
2018-12-28,EWG,25.309999465942383,25.360000610351562,25.139999389648438,25.229999542236328,6554000
2018-12-31,EWG,25.450000762939453,25.450000762939453,25.25,25.350000381469727,3211300
2019-01-02,EWG,24.940000534057617,25.15999984741211,24.899999618530273,25.15999984741211,3756500
2019-01-03,EWG,24.920000076293945,24.950000762939453,24.780000686645508,24.829999923706055,5076000
2019-01-04,EWG,25.31999969482422,25.799999237060547,25.270000457763672,25.760000228881836,5316800
2019-01-07,EWG,25.719999313354492,25.889999389648438,25.639999389648438,25.799999237060547,4559000
2019-01-08,EWG,26.100000381469727,26.1299991607666,25.899999618530273,25.959999084472656,4335100
2019-01-09,EWG,26.329999923706055,26.43000030517578,26.209999084472656,26.399999618530273,5301800
2019-01-10,EWG,26.219999313354492,26.399999618530273,26.190000534057617,26.389999389648438,3714300
2019-01-11,EWG,26.100000381469727,26.18000030517578,26.020000457763672,26.1200008392334,2377500
2019-01-14,EWG,25.920000076293945,26.149999618530273,25.920000076293945,26.079999923706055,2179300
2019-01-15,EWG,25.950000762939453,26.100000381469727,25.899999618530273,26.059999465942383,4796400
2019-01-16,EWG,26.0,26.1200008392334,26.0,26.079999923706055,2845800
2019-01-17,EWG,25.90999984741211,26.209999084472656,25.90999984741211,26.1299991607666,3069100
2019-01-18,EWG,26.600000381469727,26.75,26.5,26.690000534057617,4835300
2019-01-22,EWG,26.270000457763672,26.3700008392334,26.170000076293945,26.18000030517578,2919400
2019-01-23,EWG,26.459999084472656,26.489999771118164,26.309999465942383,26.3799991607666,2837000
2019-01-24,EWG,26.43000030517578,26.559999465942383,26.31999969482422,26.450000762939453,3928200
2019-01-25,EWG,26.940000534057617,27.040000915527344,26.93000030517578,26.950000762939453,3064000
2019-01-28,EWG,26.850000381469727,26.969999313354492,26.81999969482422,26.93000030517578,1985700
2019-01-29,EWG,26.93000030517578,27.010000228881836,26.860000610351562,26.860000610351562,1552100
2019-01-30,EWG,26.780000686645508,27.06999969482422,26.649999618530273,27.010000228881836,5146600
2019-01-31,EWG,26.690000534057617,26.84000015258789,26.610000610351562,26.790000915527344,3030800
2019-02-01,EWG,26.780000686645508,26.8700008392334,26.65999984741211,26.809999465942383,2797200
2019-02-04,EWG,26.6299991607666,26.81999969482422,26.549999237060547,26.81999969482422,2873700
2019-02-05,EWG,27.049999237060547,27.190000534057617,27.020000457763672,27.149999618530273,2776600
2019-02-06,EWG,27.010000228881836,27.049999237060547,26.889999389648438,26.920000076293945,2247900
2019-02-07,EWG,26.3799991607666,26.40999984741211,26.170000076293945,26.170000076293945,5040900
2019-02-08,EWG,25.93000030517578,25.950000762939453,25.709999084472656,25.90999984741211,6004400
2019-02-11,EWG,25.93000030517578,25.989999771118164,25.8700008392334,25.93000030517578,2328500
2019-02-12,EWG,26.229999542236328,26.360000610351562,26.229999542236328,26.360000610351562,2117600
2019-02-13,EWG,26.350000381469727,26.399999618530273,26.270000457763672,26.270000457763672,2447600
2019-02-14,EWG,26.170000076293945,26.260000228881836,26.079999923706055,26.149999618530273,4154800
2019-02-15,EWG,26.559999465942383,26.719999313354492,26.5,26.700000762939453,3253300
2019-02-19,EWG,26.579999923706055,26.850000381469727,26.579999923706055,26.81999969482422,3192000
2019-02-20,EWG,26.889999389648438,27.149999618530273,26.889999389648438,27.030000686645508,5354900
2019-02-21,EWG,27.020000457763672,27.030000686645508,26.899999618530273,26.950000762939453,3320000
2019-02-22,EWG,27.059999465942383,27.100000381469727,26.979999542236328,27.030000686645508,2479600
2019-02-25,EWG,27.239999771118164,27.290000915527344,27.09000015258789,27.110000610351562,2893400
2019-02-26,EWG,27.219999313354492,27.3799991607666,27.209999084472656,27.31999969482422,2235900
2019-02-27,EWG,27.239999771118164,27.290000915527344,27.110000610351562,27.170000076293945,2273600
2019-02-28,EWG,27.190000534057617,27.34000015258789,27.18000030517578,27.299999237060547,2085900
2019-03-01,EWG,27.639999389648438,27.670000076293945,27.520000457763672,27.600000381469727,4654400
2019-03-04,EWG,27.56999969482422,27.56999969482422,27.299999237060547,27.3700008392334,7417700
2019-03-05,EWG,27.43000030517578,27.469999313354492,27.329999923706055,27.440000534057617,3123000
2019-03-06,EWG,27.459999084472656,27.469999313354492,27.309999465942383,27.309999465942383,2509000
2019-03-07,EWG,27.110000610351562,27.110000610351562,26.780000686645508,26.790000915527344,3815500
2019-03-08,EWG,26.709999084472656,26.899999618530273,26.700000762939453,26.889999389648438,1694600
2019-03-11,EWG,26.899999618530273,27.139999389648438,26.899999618530273,27.1299991607666,1649200
2019-03-12,EWG,27.100000381469727,27.1299991607666,27.020000457763672,27.09000015258789,2246900
2019-03-13,EWG,27.100000381469727,27.350000381469727,27.09000015258789,27.31999969482422,3716600
2019-03-14,EWG,27.31999969482422,27.360000610351562,27.260000228881836,27.31999969482422,1966200
2019-03-15,EWG,27.520000457763672,27.6200008392334,27.450000762939453,27.579999923706055,4192600
2019-03-18,EWG,27.59000015258789,27.6299991607666,27.530000686645508,27.600000381469727,2259200
2019-03-19,EWG,27.969999313354492,28.010000228881836,27.81999969482422,27.860000610351562,6184700
2019-03-20,EWG,27.540000915527344,27.850000381469727,27.43000030517578,27.690000534057617,3745600
2019-03-21,EWG,27.299999237060547,27.5,27.290000915527344,27.5,2776100
2019-03-22,EWG,27.049999237060547,27.09000015258789,26.700000762939453,26.739999771118164,4844100
2019-03-25,EWG,26.780000686645508,26.850000381469727,26.709999084472656,26.81999969482422,4007000
2019-03-26,EWG,26.90999984741211,26.979999542236328,26.850000381469727,26.899999618530273,3087500
2019-03-27,EWG,26.989999771118164,27.030000686645508,26.709999084472656,26.889999389648438,4128300
2019-03-28,EWG,26.809999465942383,26.850000381469727,26.649999618530273,26.780000686645508,2994100
2019-03-29,EWG,26.940000534057617,26.959999084472656,26.770000457763672,26.920000076293945,2357400
2019-04-01,EWG,27.239999771118164,27.31999969482422,27.170000076293945,27.299999237060547,3548600
2019-04-02,EWG,27.350000381469727,27.5,27.309999465942383,27.459999084472656,3530600
2019-04-03,EWG,27.809999465942383,27.950000762939453,27.770000457763672,27.899999618530273,7063200
2019-04-04,EWG,27.889999389648438,28.0,27.860000610351562,27.90999984741211,6768300
2019-04-05,EWG,27.899999618530273,27.969999313354492,27.8799991607666,27.940000534057617,2782500
2019-04-08,EWG,27.959999084472656,27.979999542236328,27.8700008392334,27.899999618530273,1913400
2019-04-09,EWG,27.729999542236328,27.760000228881836,27.639999389648438,27.649999618530273,3028300
2019-04-10,EWG,27.739999771118164,27.889999389648438,27.709999084472656,27.850000381469727,4084000
2019-04-11,EWG,27.899999618530273,27.969999313354492,27.81999969482422,27.8799991607666,3729000
2019-04-12,EWG,28.209999084472656,28.25,28.139999389648438,28.219999313354492,2119700
2019-04-15,EWG,28.270000457763672,28.270000457763672,28.209999084472656,28.25,1766800
2019-04-16,EWG,28.450000762939453,28.479999542236328,28.3799991607666,28.399999618530273,2575900
2019-04-17,EWG,28.68000030517578,28.68000030517578,28.549999237060547,28.6200008392334,5036200
2019-04-18,EWG,28.540000915527344,28.639999389648438,28.5,28.56999969482422,3243400
2019-04-22,EWG,28.540000915527344,28.68000030517578,28.540000915527344,28.649999618530273,1859600
2019-04-23,EWG,28.469999313354492,28.59000015258789,28.450000762939453,28.59000015258789,1839500
2019-04-24,EWG,28.600000381469727,28.65999984741211,28.5,28.549999237060547,2727000
2019-04-25,EWG,28.440000534057617,28.489999771118164,28.3700008392334,28.469999313354492,2739100
2019-04-26,EWG,28.540000915527344,28.600000381469727,28.469999313354492,28.540000915527344,1624700
2019-04-29,EWG,28.549999237060547,28.719999313354492,28.540000915527344,28.709999084472656,3162500
2019-04-30,EWG,28.709999084472656,28.850000381469727,28.6200008392334,28.799999237060547,5427000
2019-05-01,EWG,28.799999237060547,28.940000534057617,28.600000381469727,28.610000610351562,2245900
2019-05-02,EWG,28.75,28.770000457763672,28.559999465942383,28.579999923706055,2444000
2019-05-03,EWG,28.739999771118164,28.950000762939453,28.700000762939453,28.950000762939453,3059700
2019-05-06,EWG,28.270000457763672,28.68000030517578,28.25,28.65999984741211,6061900
2019-05-07,EWG,28.290000915527344,28.329999923706055,27.93000030517578,28.030000686645508,5074200
2019-05-08,EWG,28.260000228881836,28.40999984741211,28.209999084472656,28.329999923706055,9427900
2019-05-09,EWG,27.920000076293945,28.190000534057617,27.8700008392334,28.139999389648438,9866900
2019-05-10,EWG,28.18000030517578,28.399999618530273,28.0,28.34000015258789,10448600
2019-05-13,EWG,27.639999389648438,27.719999313354492,27.489999771118164,27.520000457763672,8065200
2019-05-14,EWG,27.649999618530273,27.8700008392334,27.6299991607666,27.770000457763672,5011100
2019-05-15,EWG,27.5,28.06999969482422,27.489999771118164,28.040000915527344,5179300
2019-05-16,EWG,28.1200008392334,28.389999389648438,28.1200008392334,28.299999237060547,2565100
2019-05-17,EWG,28.010000228881836,28.190000534057617,28.010000228881836,28.049999237060547,6962300
2019-05-20,EWG,27.690000534057617,27.790000915527344,27.600000381469727,27.719999313354492,4016800
2019-05-21,EWG,27.889999389648438,28.040000915527344,27.829999923706055,27.969999313354492,2216000
2019-05-22,EWG,27.809999465942383,27.950000762939453,27.809999465942383,27.860000610351562,2644700
2019-05-23,EWG,27.40999984741211,27.530000686645508,27.31999969482422,27.5,4395600
2019-05-24,EWG,27.700000762939453,27.729999542236328,27.6200008392334,27.700000762939453,2299100
2019-05-28,EWG,27.709999084472656,27.780000686645508,27.459999084472656,27.469999313354492,5962000
2019-05-29,EWG,27.15999984741211,27.190000534057617,27.030000686645508,27.139999389648438,2317700
2019-05-30,EWG,27.15999984741211,27.280000686645508,27.15999984741211,27.280000686645508,10277000
2019-05-31,EWG,26.81999969482422,26.940000534057617,26.780000686645508,26.920000076293945,13075200
2019-06-03,EWG,27.010000228881836,27.190000534057617,26.940000534057617,27.1299991607666,7127600
2019-06-04,EWG,27.56999969482422,27.68000030517578,27.489999771118164,27.670000076293945,3941300
2019-06-05,EWG,27.719999313354492,27.729999542236328,27.520000457763672,27.56999969482422,3979200
2019-06-06,EWG,27.559999465942383,27.670000076293945,27.450000762939453,27.6200008392334,3874600
2019-06-07,EWG,27.780000686645508,27.989999771118164,27.780000686645508,27.8700008392334,2061600
2019-06-10,EWG,27.90999984741211,28.0,27.84000015258789,27.90999984741211,1653700
2019-06-11,EWG,28.25,28.280000686645508,28.030000686645508,28.100000381469727,2934000
2019-06-12,EWG,28.010000228881836,28.049999237060547,27.899999618530273,27.899999618530273,2104200
2019-06-13,EWG,28.030000686645508,28.040000915527344,27.940000534057617,28.0,1871900
2019-06-14,EWG,27.729999542236328,27.739999771118164,27.639999389648438,27.690000534057617,2328800
2019-06-17,EWG,26.940000534057617,27.0,26.90999984741211,26.93000030517578,1906500
2019-06-18,EWG,27.229999542236328,27.459999084472656,27.219999313354492,27.420000076293945,3812100
2019-06-19,EWG,27.420000076293945,27.6200008392334,27.399999618530273,27.5,2312900
2019-06-20,EWG,27.8799991607666,27.90999984741211,27.68000030517578,27.790000915527344,1722500
2019-06-21,EWG,27.760000228881836,27.829999923706055,27.700000762939453,27.760000228881836,2537600
2019-06-24,EWG,27.799999237060547,27.829999923706055,27.739999771118164,27.75,1587900
2019-06-25,EWG,27.770000457763672,27.780000686645508,27.5,27.540000915527344,2078300
2019-06-26,EWG,27.690000534057617,27.739999771118164,27.6299991607666,27.65999984741211,1545900
2019-06-27,EWG,27.770000457763672,27.799999237060547,27.729999542236328,27.75,1796000
2019-06-28,EWG,27.950000762939453,28.110000610351562,27.940000534057617,28.049999237060547,3002500
2019-07-01,EWG,28.329999923706055,28.34000015258789,28.049999237060547,28.1200008392334,2699900
2019-07-02,EWG,28.1200008392334,28.170000076293945,28.079999923706055,28.139999389648438,2886700
2019-07-03,EWG,28.350000381469727,28.3799991607666,28.299999237060547,28.3700008392334,2031500
2019-07-05,EWG,28.059999465942383,28.110000610351562,27.90999984741211,28.06999969482422,2485700
2019-07-08,EWG,27.959999084472656,28.0,27.860000610351562,27.889999389648438,1594400
2019-07-09,EWG,27.639999389648438,27.809999465942383,27.6299991607666,27.790000915527344,1785200
2019-07-10,EWG,27.81999969482422,27.8700008392334,27.68000030517578,27.729999542236328,2141200
2019-07-11,EWG,27.760000228881836,27.780000686645508,27.559999465942383,27.6299991607666,2740500
2019-07-12,EWG,27.600000381469727,27.649999618530273,27.540000915527344,27.6299991607666,1942000
2019-07-15,EWG,27.760000228881836,27.799999237060547,27.719999313354492,27.799999237060547,2351800
2019-07-16,EWG,27.719999313354492,27.790000915527344,27.68000030517578,27.709999084472656,5559100
2019-07-17,EWG,27.700000762939453,27.719999313354492,27.489999771118164,27.5,1883000
2019-07-18,EWG,27.299999237060547,27.469999313354492,27.229999542236328,27.450000762939453,2992700
2019-07-19,EWG,27.31999969482422,27.40999984741211,27.260000228881836,27.280000686645508,3333100
2019-07-22,EWG,27.420000076293945,27.440000534057617,27.34000015258789,27.399999618530273,1603300
2019-07-23,EWG,27.68000030517578,27.780000686645508,27.649999618530273,27.739999771118164,2306100
2019-07-24,EWG,27.760000228881836,27.860000610351562,27.75,27.860000610351562,1859600
2019-07-25,EWG,27.670000076293945,27.670000076293945,27.360000610351562,27.420000076293945,4836100
2019-07-26,EWG,27.489999771118164,27.56999969482422,27.459999084472656,27.540000915527344,2695800
2019-07-29,EWG,27.610000610351562,27.610000610351562,27.540000915527344,27.59000015258789,1420400
2019-07-30,EWG,27.010000228881836,27.020000457763672,26.889999389648438,26.979999542236328,5593000
2019-07-31,EWG,27.110000610351562,27.18000030517578,26.65999984741211,26.81999969482422,3985900
2019-08-01,EWG,26.899999618530273,27.139999389648438,26.68000030517578,26.799999237060547,3729700
2019-08-02,EWG,26.59000015258789,26.59000015258789,26.34000015258789,26.520000457763672,5016700
2019-08-05,EWG,26.110000610351562,26.1299991607666,25.81999969482422,25.979999542236328,10331200
2019-08-06,EWG,26.100000381469727,26.149999618530273,25.8799991607666,26.049999237060547,5006400
2019-08-07,EWG,26.030000686645508,26.260000228881836,25.959999084472656,26.219999313354492,11760400
2019-08-08,EWG,26.299999237060547,26.540000915527344,26.239999771118164,26.40999984741211,4667200
2019-08-09,EWG,26.280000686645508,26.34000015258789,26.139999389648438,26.270000457763672,7069600
2019-08-12,EWG,26.1299991607666,26.219999313354492,26.0,26.010000228881836,2556400
2019-08-13,EWG,25.860000610351562,26.350000381469727,25.84000015258789,26.260000228881836,7187900
2019-08-14,EWG,25.639999389648438,25.670000076293945,25.389999389648438,25.40999984741211,5269000
2019-08-15,EWG,25.25,25.389999389648438,25.110000610351562,25.25,5279200
2019-08-16,EWG,25.350000381469727,25.6299991607666,25.350000381469727,25.600000381469727,3942600
2019-08-19,EWG,25.979999542236328,26.0,25.84000015258789,25.84000015258789,3075500
2019-08-20,EWG,25.809999465942383,25.850000381469727,25.68000030517578,25.709999084472656,2436100
2019-08-21,EWG,26.18000030517578,26.190000534057617,26.079999923706055,26.110000610351562,5501300
2019-08-22,EWG,26.149999618530273,26.190000534057617,25.920000076293945,26.020000457763672,2958600
2019-08-23,EWG,25.920000076293945,26.139999389648438,25.690000534057617,25.690000534057617,5631400
2019-08-26,EWG,25.93000030517578,25.950000762939453,25.799999237060547,25.920000076293945,2989500
2019-08-27,EWG,26.100000381469727,26.1299991607666,25.920000076293945,25.950000762939453,2309700
2019-08-28,EWG,25.739999771118164,25.950000762939453,25.649999618530273,25.889999389648438,3019600
2019-08-29,EWG,26.149999618530273,26.209999084472656,26.040000915527344,26.190000534057617,3927700
2019-08-30,EWG,26.440000534057617,26.450000762939453,26.149999618530273,26.25,3779400
2019-09-03,EWG,26.06999969482422,26.15999984741211,26.030000686645508,26.139999389648438,2515900
2019-09-04,EWG,26.469999313354492,26.559999465942383,26.43000030517578,26.540000915527344,3418400
2019-09-05,EWG,26.829999923706055,26.889999389648438,26.729999542236328,26.75,2420000
2019-09-06,EWG,26.90999984741211,26.93000030517578,26.829999923706055,26.860000610351562,1952000
2019-09-09,EWG,27.049999237060547,27.06999969482422,26.989999771118164,27.040000915527344,1495500
2019-09-10,EWG,27.110000610351562,27.239999771118164,27.059999465942383,27.15999984741211,2799200
2019-09-11,EWG,27.170000076293945,27.260000228881836,27.149999618530273,27.239999771118164,1986300
2019-09-12,EWG,27.15999984741211,27.469999313354492,27.149999618530273,27.40999984741211,2642700
2019-09-13,EWG,27.549999237060547,27.600000381469727,27.489999771118164,27.510000228881836,4717400
2019-09-16,EWG,27.25,27.270000457763672,27.170000076293945,27.209999084472656,2087400
2019-09-17,EWG,27.1200008392334,27.34000015258789,27.09000015258789,27.31999969482422,1412000
2019-09-18,EWG,27.260000228881836,27.350000381469727,27.149999618530273,27.290000915527344,1425100
2019-09-19,EWG,27.3799991607666,27.420000076293945,27.31999969482422,27.329999923706055,881400
2019-09-20,EWG,27.280000686645508,27.31999969482422,27.18000030517578,27.18000030517578,1996300
2019-09-23,EWG,26.8700008392334,27.030000686645508,26.860000610351562,27.020000457763672,2203700
2019-09-24,EWG,26.979999542236328,27.030000686645508,26.770000457763672,26.84000015258789,3821700
2019-09-25,EWG,26.600000381469727,26.700000762939453,26.479999542236328,26.65999984741211,1705600
2019-09-26,EWG,26.760000228881836,26.81999969482422,26.670000076293945,26.739999771118164,2073100
2019-09-27,EWG,26.889999389648438,26.950000762939453,26.770000457763672,26.81999969482422,2230800
2019-09-30,EWG,26.850000381469727,26.959999084472656,26.829999923706055,26.90999984741211,1533600
2019-10-01,EWG,26.8799991607666,26.8799991607666,26.59000015258789,26.649999618530273,4479400
2019-10-02,EWG,26.270000457763672,26.290000915527344,25.979999542236328,26.049999237060547,7353000
2019-10-03,EWG,26.030000686645508,26.200000762939453,25.899999618530273,26.18000030517578,2056500
2019-10-04,EWG,26.200000762939453,26.440000534057617,26.18000030517578,26.440000534057617,2054500
2019-10-07,EWG,26.3700008392334,26.540000915527344,26.3700008392334,26.399999618530273,1686200
2019-10-08,EWG,26.149999618530273,26.229999542236328,26.079999923706055,26.110000610351562,5357500
2019-10-09,EWG,26.43000030517578,26.469999313354492,26.360000610351562,26.40999984741211,2665400
2019-10-10,EWG,26.450000762939453,26.639999389648438,26.420000076293945,26.56999969482422,5324800
2019-10-11,EWG,27.239999771118164,27.479999542236328,27.209999084472656,27.290000915527344,5028100
2019-10-14,EWG,27.229999542236328,27.360000610351562,27.219999313354492,27.34000015258789,1595100
2019-10-15,EWG,27.389999389648438,27.770000457763672,27.3799991607666,27.68000030517578,3207000
2019-10-16,EWG,27.780000686645508,27.920000076293945,27.75,27.84000015258789,3877000
2019-10-17,EWG,28.110000610351562,28.139999389648438,27.93000030517578,28.0,1884400
2019-10-18,EWG,28.040000915527344,28.1200008392334,27.93000030517578,28.09000015258789,2767300
2019-10-21,EWG,28.3700008392334,28.399999618530273,28.270000457763672,28.34000015258789,7154100
2019-10-22,EWG,28.290000915527344,28.40999984741211,28.15999984741211,28.209999084472656,3215000
2019-10-23,EWG,28.260000228881836,28.43000030517578,28.25,28.399999618530273,1561700
2019-10-24,EWG,28.479999542236328,28.520000457763672,28.389999389648438,28.459999084472656,5276400
2019-10-25,EWG,28.360000610351562,28.420000076293945,28.329999923706055,28.40999984741211,1324200
2019-10-28,EWG,28.540000915527344,28.6200008392334,28.540000915527344,28.59000015258789,5557400
2019-10-29,EWG,28.459999084472656,28.549999237060547,28.450000762939453,28.510000228881836,2060000
2019-10-30,EWG,28.459999084472656,28.65999984741211,28.31999969482422,28.6200008392334,2623300
2019-10-31,EWG,28.540000915527344,28.579999923706055,28.43000030517578,28.549999237060547,2897900
2019-11-01,EWG,28.760000228881836,28.799999237060547,28.709999084472656,28.780000686645508,2151900
2019-11-04,EWG,29.190000534057617,29.229999542236328,29.020000457763672,29.06999969482422,2686800
2019-11-05,EWG,28.959999084472656,28.969999313354492,28.860000610351562,28.950000762939453,1783700
2019-11-06,EWG,29.010000228881836,29.049999237060547,28.920000076293945,28.969999313354492,1782900
2019-11-07,EWG,29.170000076293945,29.219999313354492,29.110000610351562,29.110000610351562,10297600
2019-11-08,EWG,28.959999084472656,29.020000457763672,28.8700008392334,29.020000457763672,1870400
2019-11-11,EWG,28.8700008392334,28.979999542236328,28.8700008392334,28.93000030517578,769200
2019-11-12,EWG,28.989999771118164,29.030000686645508,28.920000076293945,28.940000534057617,1478500
2019-11-13,EWG,28.780000686645508,28.899999618530273,28.780000686645508,28.8799991607666,2171200
2019-11-14,EWG,28.75,28.829999923706055,28.690000534057617,28.81999969482422,4916000
2019-11-15,EWG,28.8700008392334,29.040000915527344,28.8700008392334,29.040000915527344,2517200
2019-11-18,EWG,28.889999389648438,29.049999237060547,28.84000015258789,29.010000228881836,1275500
2019-11-19,EWG,29.239999771118164,29.260000228881836,28.989999771118164,29.040000915527344,3131200
2019-11-20,EWG,28.899999618530273,28.989999771118164,28.770000457763672,28.850000381469727,3679700
2019-11-21,EWG,28.899999618530273,28.920000076293945,28.790000915527344,28.8799991607666,2146900
2019-11-22,EWG,28.940000534057617,28.959999084472656,28.809999465942383,28.8700008392334,2288700
2019-11-25,EWG,28.90999984741211,29.010000228881836,28.90999984741211,29.0,1605600
2019-11-26,EWG,28.989999771118164,29.059999465942383,28.959999084472656,29.059999465942383,2443300
2019-11-27,EWG,29.040000915527344,29.110000610351562,29.030000686645508,29.079999923706055,1078500
2019-11-29,EWG,28.989999771118164,29.030000686645508,28.940000534057617,28.940000534057617,1042800
2019-12-02,EWG,28.850000381469727,28.850000381469727,28.579999923706055,28.670000076293945,4296500
2019-12-03,EWG,28.6299991607666,28.809999465942383,28.530000686645508,28.780000686645508,2983400
2019-12-04,EWG,28.940000534057617,29.030000686645508,28.940000534057617,29.0,2455000
2019-12-05,EWG,28.989999771118164,28.989999771118164,28.809999465942383,28.8799991607666,1878800
2019-12-06,EWG,28.969999313354492,28.989999771118164,28.889999389648438,28.950000762939453,1216200
2019-12-09,EWG,28.899999618530273,28.959999084472656,28.760000228881836,28.760000228881836,916000
2019-12-10,EWG,28.68000030517578,28.8700008392334,28.610000610351562,28.829999923706055,8346500
2019-12-11,EWG,28.899999618530273,29.100000381469727,28.899999618530273,29.079999923706055,2217200
2019-12-12,EWG,29.079999923706055,29.360000610351562,29.06999969482422,29.329999923706055,4373300
2019-12-13,EWG,29.459999084472656,29.68000030517578,29.34000015258789,29.40999984741211,3930000
2019-12-16,EWG,29.690000534057617,29.770000457763672,29.68000030517578,29.700000762939453,4832200
2019-12-17,EWG,29.56999969482422,29.59000015258789,29.450000762939453,29.459999084472656,6731200
2019-12-18,EWG,29.3700008392334,29.3799991607666,29.229999542236328,29.260000228881836,8757100
2019-12-19,EWG,29.170000076293945,29.290000915527344,29.139999389648438,29.270000457763672,4366300
2019-12-20,EWG,29.299999237060547,29.360000610351562,29.270000457763672,29.299999237060547,1888800
2019-12-23,EWG,29.299999237060547,29.3700008392334,29.280000686645508,29.329999923706055,1669500
2019-12-24,EWG,29.31999969482422,29.350000381469727,29.239999771118164,29.309999465942383,847300
2019-12-26,EWG,29.309999465942383,29.43000030517578,29.299999237060547,29.40999984741211,728500
2019-12-27,EWG,29.6200008392334,29.6200008392334,29.520000457763672,29.559999465942383,1145400
2019-12-30,EWG,29.469999313354492,29.479999542236328,29.170000076293945,29.209999084472656,1967900
2019-12-31,EWG,29.229999542236328,29.43000030517578,29.1299991607666,29.399999618530273,2062700
2020-01-02,EWG,29.700000762939453,29.889999389648438,29.700000762939453,29.8799991607666,4971300
2020-01-03,EWG,29.280000686645508,29.459999084472656,29.260000228881836,29.309999465942383,3328500
2020-01-06,EWG,29.110000610351562,29.3799991607666,29.110000610351562,29.350000381469727,6239300
2020-01-07,EWG,29.3700008392334,29.389999389648438,29.270000457763672,29.299999237060547,1699000
2020-01-08,EWG,29.360000610351562,29.649999618530273,29.360000610351562,29.56999969482422,2823700
2020-01-09,EWG,29.799999237060547,29.850000381469727,29.75,29.84000015258789,3743100
2020-01-10,EWG,29.850000381469727,29.899999618530273,29.700000762939453,29.760000228881836,3116000
2020-01-13,EWG,29.719999313354492,29.84000015258789,29.649999618530273,29.84000015258789,2333400
2020-01-14,EWG,29.690000534057617,29.860000610351562,29.68000030517578,29.81999969482422,7662700
2020-01-15,EWG,29.719999313354492,29.799999237060547,29.690000534057617,29.729999542236328,2076200
2020-01-16,EWG,29.760000228881836,29.809999465942383,29.690000534057617,29.799999237060547,2971200
2020-01-17,EWG,29.860000610351562,29.860000610351562,29.770000457763672,29.850000381469727,1521300
2020-01-21,EWG,29.950000762939453,29.979999542236328,29.81999969482422,29.81999969482422,2746400
2020-01-22,EWG,29.920000076293945,29.93000030517578,29.729999542236328,29.790000915527344,2065600
2020-01-23,EWG,29.610000610351562,29.649999618530273,29.399999618530273,29.6299991607666,2010500
2020-01-24,EWG,29.809999465942383,29.860000610351562,29.600000381469727,29.6299991607666,3671200
2020-01-27,EWG,28.950000762939453,29.09000015258789,28.920000076293945,28.959999084472656,3914100
2020-01-28,EWG,29.049999237060547,29.209999084472656,28.989999771118164,29.190000534057617,2269100
2020-01-29,EWG,29.200000762939453,29.25,29.09000015258789,29.149999618530273,1849400
2020-01-30,EWG,28.8799991607666,29.049999237060547,28.809999465942383,29.020000457763672,2979000
2020-01-31,EWG,28.799999237060547,28.81999969482422,28.450000762939453,28.530000686645508,5103000
2020-02-03,EWG,28.549999237060547,28.739999771118164,28.549999237060547,28.59000015258789,3283200
2020-02-04,EWG,29.09000015258789,29.139999389648438,29.020000457763672,29.100000381469727,4449800
2020-02-05,EWG,29.420000076293945,29.479999542236328,29.34000015258789,29.43000030517578,2806700
2020-02-06,EWG,29.600000381469727,29.600000381469727,29.5,29.520000457763672,1871200
2020-02-07,EWG,29.34000015258789,29.360000610351562,29.200000762939453,29.239999771118164,4032900
2020-02-10,EWG,29.15999984741211,29.25,29.1299991607666,29.239999771118164,1408700
2020-02-11,EWG,29.489999771118164,29.549999237060547,29.43000030517578,29.479999542236328,1745400
2020-02-12,EWG,29.739999771118164,29.739999771118164,29.639999389648438,29.700000762939453,1493600
2020-02-13,EWG,29.399999618530273,29.510000228881836,29.31999969482422,29.459999084472656,2069400
2020-02-14,EWG,29.540000915527344,29.56999969482422,29.420000076293945,29.479999542236328,1331500
2020-02-18,EWG,29.239999771118164,29.290000915527344,29.18000030517578,29.209999084472656,2228400
2020-02-19,EWG,29.3799991607666,29.5,29.3700008392334,29.5,1701300
2020-02-20,EWG,29.459999084472656,29.520000457763672,29.18000030517578,29.34000015258789,4083700
2020-02-21,EWG,29.25,29.260000228881836,29.059999465942383,29.139999389648438,2421900
2020-02-24,EWG,27.8799991607666,28.100000381469727,27.81999969482422,27.899999618530273,3990600
2020-02-25,EWG,27.899999618530273,27.920000076293945,27.25,27.270000457763672,7201300
2020-02-26,EWG,27.440000534057617,27.639999389648438,27.1200008392334,27.18000030517578,7056300
2020-02-27,EWG,26.809999465942383,27.200000762939453,26.479999542236328,26.489999771118164,12611800
2020-02-28,EWG,25.729999542236328,26.280000686645508,25.59000015258789,26.219999313354492,8276300
2020-03-02,EWG,26.309999465942383,26.65999984741211,25.950000762939453,26.6299991607666,20764400
2020-03-03,EWG,26.899999618530273,27.239999771118164,26.110000610351562,26.290000915527344,9348100
2020-03-04,EWG,26.809999465942383,27.149999618530273,26.579999923706055,27.1200008392334,6736300
2020-03-05,EWG,26.420000076293945,26.6299991607666,26.15999984741211,26.270000457763672,7619300
2020-03-06,EWG,25.90999984741211,26.15999984741211,25.75,26.010000228881836,4508100
2020-03-09,EWG,24.270000457763672,24.709999084472656,23.729999542236328,23.760000228881836,5588400
2020-03-10,EWG,24.600000381469727,24.690000534057617,23.700000762939453,24.540000915527344,11828500
2020-03-11,EWG,23.920000076293945,24.010000228881836,22.93000030517578,23.170000076293945,6526400
2020-03-12,EWG,21.40999984741211,21.440000534057617,20.079999923706055,20.229999542236328,5444600
2020-03-13,EWG,21.65999984741211,21.65999984741211,19.959999084472656,21.219999313354492,5391300
2020-03-16,EWG,18.520000457763672,19.719999313354492,18.15999984741211,18.729999542236328,4352900
2020-03-17,EWG,18.8700008392334,19.530000686645508,18.520000457763672,19.40999984741211,3325500
2020-03-18,EWG,18.110000610351562,18.510000228881836,17.5,18.030000686645508,7081000
2020-03-19,EWG,17.850000381469727,18.610000610351562,17.65999984741211,18.149999618530273,7867100
2020-03-20,EWG,18.920000076293945,19.260000228881836,18.229999542236328,18.25,5384200
2020-03-23,EWG,18.600000381469727,19.079999923706055,18.420000076293945,18.59000015258789,9643300
2020-03-24,EWG,20.200000762939453,20.790000915527344,20.020000457763672,20.59000015258789,7357600
2020-03-25,EWG,20.600000381469727,21.5,20.299999237060547,21.1200008392334,6100400
2020-03-26,EWG,21.139999389648438,22.030000686645508,21.1299991607666,21.979999542236328,7455800
2020-03-27,EWG,20.989999771118164,21.520000457763672,20.790000915527344,21.1200008392334,3807100
2020-03-30,EWG,21.110000610351562,21.549999237060547,20.940000534057617,21.520000457763672,3162900
2020-03-31,EWG,21.350000381469727,21.6200008392334,21.149999618530273,21.479999542236328,3825600
2020-04-01,EWG,20.709999084472656,20.8700008392334,20.309999465942383,20.3799991607666,4073900
2020-04-02,EWG,20.389999389648438,20.850000381469727,20.270000457763672,20.729999542236328,12390700
2020-04-03,EWG,20.459999084472656,20.549999237060547,20.260000228881836,20.43000030517578,5931600
2020-04-06,EWG,21.360000610351562,21.940000534057617,21.31999969482422,21.799999237060547,6244400
2020-04-07,EWG,22.639999389648438,22.649999618530273,21.969999313354492,21.969999313354492,8923900
2020-04-08,EWG,22.190000534057617,22.31999969482422,21.979999542236328,22.239999771118164,4821800
2020-04-09,EWG,22.739999771118164,23.1299991607666,22.690000534057617,23.040000915527344,5824700
2020-04-13,EWG,22.969999313354492,23.020000457763672,22.440000534057617,22.68000030517578,3053500
2020-04-14,EWG,23.239999771118164,23.479999542236328,23.1299991607666,23.270000457763672,3904500
2020-04-15,EWG,22.31999969482422,22.40999984741211,22.1299991607666,22.190000534057617,4238200
2020-04-16,EWG,22.389999389648438,22.399999618530273,21.920000076293945,22.1299991607666,7048200
2020-04-17,EWG,22.899999618530273,23.079999923706055,22.690000534057617,23.040000915527344,7279200
2020-04-20,EWG,22.670000076293945,23.030000686645508,22.6200008392334,22.68000030517578,5309000
2020-04-21,EWG,22.280000686645508,22.489999771118164,22.059999465942383,22.170000076293945,6219100
2020-04-22,EWG,22.399999618530273,22.479999542236328,22.290000915527344,22.440000534057617,2137600
2020-04-23,EWG,22.389999389648438,22.81999969482422,22.139999389648438,22.229999542236328,6124700
2020-04-24,EWG,22.450000762939453,22.520000457763672,22.18000030517578,22.510000228881836,4689600
2020-04-27,EWG,22.75,23.049999237060547,22.719999313354492,22.979999542236328,3237100
2020-04-28,EWG,23.479999542236328,23.479999542236328,23.0,23.020000457763672,2940200
2020-04-29,EWG,23.639999389648438,24.06999969482422,23.610000610351562,23.989999771118164,4141700
2020-04-30,EWG,23.59000015258789,23.719999313354492,23.3700008392334,23.579999923706055,13775900
2020-05-01,EWG,23.299999237060547,23.350000381469727,22.950000762939453,23.06999969482422,3052200
2020-05-04,EWG,22.739999771118164,22.93000030517578,22.6299991607666,22.920000076293945,3958600
2020-05-05,EWG,23.059999465942383,23.15999984741211,22.899999618530273,22.93000030517578,2860800
2020-05-06,EWG,23.100000381469727,23.1299991607666,22.65999984741211,22.65999984741211,8799500
2020-05-07,EWG,23.079999923706055,23.25,23.0,23.1299991607666,4445000
2020-05-08,EWG,23.489999771118164,23.6200008392334,23.450000762939453,23.579999923706055,4910400
2020-05-11,EWG,23.299999237060547,23.479999542236328,23.229999542236328,23.420000076293945,3294700
2020-05-12,EWG,23.530000686645508,23.549999237060547,23.059999465942383,23.059999465942383,5811400
2020-05-13,EWG,23.049999237060547,23.079999923706055,22.559999465942383,22.739999771118164,7194200
2020-05-14,EWG,22.110000610351562,22.540000915527344,21.93000030517578,22.530000686645508,7651000
2020-05-15,EWG,22.530000686645508,22.729999542236328,22.489999771118164,22.700000762939453,4994800
2020-05-18,EWG,23.479999542236328,24.170000076293945,23.479999542236328,24.049999237060547,7563600
2020-05-19,EWG,23.959999084472656,24.139999389648438,23.799999237060547,23.809999465942383,4997900
2020-05-20,EWG,24.31999969482422,24.579999923706055,24.280000686645508,24.479999542236328,7323100
2020-05-21,EWG,24.399999618530273,24.479999542236328,24.06999969482422,24.149999618530273,4342700
2020-05-22,EWG,24.15999984741211,24.229999542236328,24.020000457763672,24.229999542236328,2587500
2020-05-26,EWG,25.219999313354492,25.31999969482422,25.110000610351562,25.139999389648438,4885700
2020-05-27,EWG,25.6299991607666,25.760000228881836,25.360000610351562,25.719999313354492,7922000
2020-05-28,EWG,25.84000015258789,26.09000015258789,25.739999771118164,25.739999771118164,6481600
2020-05-29,EWG,25.81999969482422,25.8799991607666,25.489999771118164,25.790000915527344,9001100
2020-06-01,EWG,26.09000015258789,26.530000686645508,26.020000457763672,26.5,9309300
2020-06-02,EWG,26.68000030517578,26.860000610351562,26.600000381469727,26.829999923706055,7559800
2020-06-03,EWG,27.450000762939453,28.040000915527344,27.40999984741211,27.920000076293945,7438000
2020-06-04,EWG,27.690000534057617,28.079999923706055,27.649999618530273,27.90999984741211,6333800
2020-06-05,EWG,28.540000915527344,28.690000534057617,28.3799991607666,28.440000534057617,13732000
2020-06-08,EWG,28.59000015258789,28.84000015258789,28.3799991607666,28.829999923706055,6006200
2020-06-09,EWG,28.09000015258789,28.43000030517578,28.06999969482422,28.239999771118164,5422300
2020-06-10,EWG,28.34000015258789,28.43000030517578,27.979999542236328,28.110000610351562,3979200
2020-06-11,EWG,27.329999923706055,27.459999084472656,26.34000015258789,26.43000030517578,8419400
2020-06-12,EWG,27.110000610351562,27.209999084472656,26.3799991607666,26.81999969482422,8707400
2020-06-15,EWG,26.09000015258789,26.889999389648438,25.989999771118164,26.829999923706055,4946100
2020-06-16,EWG,27.309999465942383,27.389999389648438,26.75,27.1200008392334,5101900
2020-06-17,EWG,27.299999237060547,27.329999923706055,27.049999237060547,27.149999618530273,6168900
2020-06-18,EWG,26.90999984741211,27.1200008392334,26.850000381469727,26.979999542236328,3981500
2020-06-19,EWG,27.34000015258789,27.34000015258789,26.719999313354492,26.75,4237600
2020-06-22,EWG,27.0,27.239999771118164,26.850000381469727,27.200000762939453,4843700
2020-06-23,EWG,27.799999237060547,27.84000015258789,27.479999542236328,27.510000228881836,4120500
2020-06-24,EWG,27.15999984741211,27.200000762939453,26.549999237060547,26.739999771118164,4648400
2020-06-25,EWG,26.700000762939453,27.149999618530273,26.559999465942383,27.110000610351562,4900500
2020-06-26,EWG,26.969999313354492,26.979999542236328,26.489999771118164,26.56999969482422,4902700
2020-06-29,EWG,26.799999237060547,27.020000457763672,26.639999389648438,27.0,4555200
2020-06-30,EWG,26.81999969482422,27.239999771118164,26.809999465942383,27.110000610351562,5985900
2020-07-01,EWG,26.969999313354492,27.209999084472656,26.940000534057617,27.09000015258789,4474200
2020-07-02,EWG,27.670000076293945,27.8700008392334,27.520000457763672,27.56999969482422,3259000
2020-07-06,EWG,28.149999618530273,28.280000686645508,27.989999771118164,28.190000534057617,3994300
2020-07-07,EWG,27.829999923706055,27.920000076293945,27.559999465942383,27.56999969482422,5448900
2020-07-08,EWG,27.65999984741211,27.969999313354492,27.600000381469727,27.959999084472656,5289800
2020-07-09,EWG,28.170000076293945,28.170000076293945,27.540000915527344,27.770000457763672,4540100
2020-07-10,EWG,27.81999969482422,28.079999923706055,27.719999313354492,28.059999465942383,5252900
2020-07-13,EWG,28.270000457763672,28.459999084472656,27.760000228881836,27.829999923706055,6358800
2020-07-14,EWG,27.940000534057617,28.440000534057617,27.920000076293945,28.3700008392334,10033600
2020-07-15,EWG,28.700000762939453,28.860000610351562,28.520000457763672,28.68000030517578,5730600
2020-07-16,EWG,28.56999969482422,28.739999771118164,28.520000457763672,28.600000381469727,4006300
2020-07-17,EWG,28.729999542236328,28.850000381469727,28.639999389648438,28.84000015258789,3407800
2020-07-20,EWG,28.8799991607666,29.209999084472656,28.780000686645508,29.18000030517578,3276900
2020-07-21,EWG,29.459999084472656,29.559999465942383,29.309999465942383,29.3799991607666,3247300
2020-07-22,EWG,29.59000015258789,29.700000762939453,29.540000915527344,29.65999984741211,4636200
2020-07-23,EWG,29.56999969482422,29.670000076293945,29.270000457763672,29.350000381469727,6247600
2020-07-24,EWG,29.030000686645508,29.139999389648438,28.940000534057617,29.049999237060547,3072800
2020-07-27,EWG,29.350000381469727,29.559999465942383,29.329999923706055,29.5,4274300
2020-07-28,EWG,29.25,29.3799991607666,29.15999984741211,29.18000030517578,4247400
2020-07-29,EWG,29.3799991607666,29.649999618530273,29.350000381469727,29.59000015258789,6672100
2020-07-30,EWG,28.479999542236328,28.850000381469727,28.18000030517578,28.81999969482422,8315700
2020-07-31,EWG,28.799999237060547,28.81999969482422,28.030000686645508,28.25,7911900
2020-08-03,EWG,28.729999542236328,29.010000228881836,28.6299991607666,28.979999542236328,6363900
2020-08-04,EWG,28.690000534057617,29.0,28.639999389648438,29.0,6508800
2020-08-05,EWG,29.229999542236328,29.360000610351562,29.059999465942383,29.1200008392334,6685000
2020-08-06,EWG,29.079999923706055,29.34000015258789,28.989999771118164,29.290000915527344,4474000
2020-08-07,EWG,29.010000228881836,29.209999084472656,28.979999542236328,29.200000762939453,5381600
2020-08-10,EWG,29.200000762939453,29.229999542236328,29.030000686645508,29.200000762939453,6042500
2020-08-11,EWG,29.770000457763672,29.790000915527344,29.25,29.31999969482422,8555500
2020-08-12,EWG,29.84000015258789,30.100000381469727,29.799999237060547,30.020000457763672,8850700
2020-08-13,EWG,29.93000030517578,30.030000686645508,29.700000762939453,29.81999969482422,6804600
2020-08-14,EWG,29.6299991607666,29.75,29.56999969482422,29.649999618530273,3096900
2020-08-17,EWG,29.90999984741211,29.950000762939453,29.8799991607666,29.920000076293945,2160900
2020-08-18,EWG,30.219999313354492,30.260000228881836,29.8799991607666,29.979999542236328,5219100
2020-08-19,EWG,30.170000076293945,30.219999313354492,29.84000015258789,29.8700008392334,7328900
2020-08-20,EWG,29.479999542236328,29.829999923706055,29.459999084472656,29.770000457763672,7543400
2020-08-21,EWG,29.209999084472656,29.479999542236328,29.190000534057617,29.469999313354492,5071300
2020-08-24,EWG,30.110000610351562,30.110000610351562,29.90999984741211,30.079999923706055,2890700
2020-08-25,EWG,30.31999969482422,30.329999923706055,29.950000762939453,30.200000762939453,3433700
2020-08-26,EWG,30.219999313354492,30.540000915527344,30.18000030517578,30.510000228881836,5345800
2020-08-27,EWG,30.489999771118164,30.489999771118164,29.920000076293945,30.09000015258789,4164500
2020-08-28,EWG,30.229999542236328,30.280000686645508,30.06999969482422,30.270000457763672,2914100
2020-08-31,EWG,30.309999465942383,30.420000076293945,30.06999969482422,30.100000381469727,5092300
2020-09-01,EWG,30.18000030517578,30.290000915527344,30.010000228881836,30.1200008392334,6452800
2020-09-02,EWG,30.399999618530273,30.729999542236328,30.290000915527344,30.719999313354492,13438300
2020-09-03,EWG,30.649999618530273,30.670000076293945,29.770000457763672,29.90999984741211,7692300
2020-09-04,EWG,29.959999084472656,30.049999237060547,29.200000762939453,29.850000381469727,9923600
2020-09-08,EWG,29.520000457763672,29.860000610351562,29.440000534057617,29.559999465942383,10553200
2020-09-09,EWG,30.260000228881836,30.549999237060547,30.209999084472656,30.420000076293945,6922600
2020-09-10,EWG,30.65999984741211,30.75,30.079999923706055,30.110000610351562,7845300
2020-09-11,EWG,30.329999923706055,30.450000762939453,30.1200008392334,30.309999465942383,6630900
2020-09-14,EWG,30.489999771118164,30.5,30.280000686645508,30.350000381469727,4835900
2020-09-15,EWG,30.549999237060547,30.549999237060547,30.309999465942383,30.399999618530273,3172200
2020-09-16,EWG,30.469999313354492,30.530000686645508,30.229999542236328,30.280000686645508,2575200
2020-09-17,EWG,30.149999618530273,30.489999771118164,30.139999389648438,30.459999084472656,4951400
2020-09-18,EWG,30.399999618530273,30.420000076293945,30.1299991607666,30.270000457763672,5733800
2020-09-21,EWG,29.139999389648438,29.139999389648438,28.6200008392334,29.010000228881836,8490500
2020-09-22,EWG,29.06999969482422,29.09000015258789,28.68000030517578,28.969999313354492,7328800
2020-09-23,EWG,29.079999923706055,29.079999923706055,28.489999771118164,28.540000915527344,8223500
2020-09-24,EWG,28.649999618530273,28.93000030517578,28.459999084472656,28.729999542236328,5900000
2020-09-25,EWG,28.139999389648438,28.579999923706055,28.049999237060547,28.559999465942383,8088500
2020-09-28,EWG,29.18000030517578,29.280000686645508,29.139999389648438,29.270000457763672,4391800
2020-09-29,EWG,29.290000915527344,29.450000762939453,29.190000534057617,29.3700008392334,7418000
2020-09-30,EWG,29.25,29.450000762939453,29.040000915527344,29.1299991607666,10374700
2020-10-01,EWG,29.290000915527344,29.34000015258789,29.100000381469727,29.31999969482422,8304200
2020-10-02,EWG,28.829999923706055,29.219999313354492,28.829999923706055,29.170000076293945,6244600
2020-10-05,EWG,29.479999542236328,29.780000686645508,29.479999542236328,29.780000686645508,3782700
2020-10-06,EWG,29.90999984741211,29.90999984741211,29.3700008392334,29.459999084472656,5470200
2020-10-07,EWG,29.600000381469727,29.799999237060547,29.56999969482422,29.729999542236328,3673100
2020-10-08,EWG,29.959999084472656,30.059999465942383,29.920000076293945,30.040000915527344,9918500
2020-10-09,EWG,30.18000030517578,30.229999542236328,30.059999465942383,30.200000762939453,4371600
2020-10-12,EWG,30.25,30.450000762939453,30.25,30.40999984741211,1707000
2020-10-13,EWG,29.950000762939453,29.979999542236328,29.790000915527344,29.889999389648438,2903700
2020-10-14,EWG,30.049999237060547,30.100000381469727,29.829999923706055,29.8799991607666,2746300
2020-10-15,EWG,29.030000686645508,29.31999969482422,29.030000686645508,29.270000457763672,4763100
2020-10-16,EWG,29.59000015258789,29.790000915527344,29.559999465942383,29.610000610351562,5181400
2020-10-19,EWG,29.729999542236328,29.799999237060547,29.350000381469727,29.399999618530273,4837300
2020-10-20,EWG,29.610000610351562,29.729999542236328,29.459999084472656,29.489999771118164,5652600
2020-10-21,EWG,29.290000915527344,29.43000030517578,29.110000610351562,29.1299991607666,6368000
2020-10-22,EWG,29.020000457763672,29.18000030517578,28.8700008392334,29.1299991607666,3867600
2020-10-23,EWG,29.399999618530273,29.399999618530273,29.149999618530273,29.399999618530273,3677600
2020-10-26,EWG,28.350000381469727,28.3799991607666,27.81999969482422,28.079999923706055,5984400
2020-10-27,EWG,27.989999771118164,28.059999465942383,27.639999389648438,27.68000030517578,8931500
2020-10-28,EWG,26.579999923706055,26.68000030517578,26.280000686645508,26.3799991607666,11929800
2020-10-29,EWG,26.3700008392334,26.639999389648438,26.18000030517578,26.479999542236328,12242200
2020-10-30,EWG,26.3700008392334,26.420000076293945,26.059999465942383,26.280000686645508,9037800
2020-11-02,EWG,26.6299991607666,26.739999771118164,26.389999389648438,26.639999389648438,6990400
2020-11-03,EWG,27.219999313354492,27.65999984741211,27.200000762939453,27.510000228881836,6288100
2020-11-04,EWG,27.670000076293945,28.1299991607666,27.530000686645508,27.8799991607666,8462400
2020-11-05,EWG,28.6299991607666,28.719999313354492,28.440000534057617,28.610000610351562,8934500
2020-11-06,EWG,28.719999313354492,28.780000686645508,28.56999969482422,28.639999389648438,5410900
2020-11-09,EWG,30.149999618530273,30.149999618530273,29.40999984741211,29.440000534057617,11156700
2020-11-10,EWG,29.81999969482422,29.93000030517578,29.639999389648438,29.729999542236328,12077800
2020-11-11,EWG,29.780000686645508,29.940000534057617,29.739999771118164,29.940000534057617,7803800
2020-11-12,EWG,29.6200008392334,29.719999313354492,29.350000381469727,29.479999542236328,5645200
2020-11-13,EWG,29.760000228881836,29.959999084472656,29.75,29.93000030517578,5856300
2020-11-16,EWG,30.139999389648438,30.139999389648438,29.860000610351562,30.06999969482422,6324500
2020-11-17,EWG,29.989999771118164,30.1299991607666,29.889999389648438,30.06999969482422,5027500
2020-11-18,EWG,30.1200008392334,30.25,29.979999542236328,29.979999542236328,3155500
2020-11-19,EWG,29.950000762939453,30.15999984741211,29.889999389648438,30.139999389648438,3098900
2020-11-20,EWG,30.059999465942383,30.149999618530273,30.010000228881836,30.09000015258789,3464700
2020-11-23,EWG,30.280000686645508,30.299999237060547,29.959999084472656,30.1299991607666,5144600
2020-11-24,EWG,30.309999465942383,30.520000457763672,30.270000457763672,30.520000457763672,4626400
2020-11-25,EWG,30.420000076293945,30.610000610351562,30.3799991607666,30.579999923706055,3199600
2020-11-27,EWG,30.600000381469727,30.790000915527344,30.600000381469727,30.729999542236328,2112000
2020-11-30,EWG,31.030000686645508,31.09000015258789,30.559999465942383,30.559999465942383,5362000
2020-12-01,EWG,30.93000030517578,31.200000762939453,30.93000030517578,31.170000076293945,4648800
2020-12-02,EWG,30.969999313354492,31.1200008392334,30.93000030517578,31.079999923706055,10232900
2020-12-03,EWG,31.1200008392334,31.170000076293945,30.950000762939453,31.030000686645508,2499600
2020-12-04,EWG,31.18000030517578,31.290000915527344,31.110000610351562,31.139999389648438,3552100
2020-12-07,EWG,31.049999237060547,31.18000030517578,31.030000686645508,31.06999969482422,2311000
2020-12-08,EWG,31.100000381469727,31.219999313354492,31.079999923706055,31.219999313354492,2025000
2020-12-09,EWG,31.420000076293945,31.420000076293945,31.0,31.149999618530273,4411300
2020-12-10,EWG,30.979999542236328,31.299999237060547,30.979999542236328,31.229999542236328,4611200
2020-12-11,EWG,30.8799991607666,30.950000762939453,30.709999084472656,30.899999618530273,6642900
2020-12-14,EWG,30.850000381469727,30.899999618530273,30.670000076293945,30.709999084472656,3943300
2020-12-15,EWG,31.030000686645508,31.25,30.989999771118164,31.239999771118164,3663700
2020-12-16,EWG,31.56999969482422,31.760000228881836,31.469999313354492,31.709999084472656,4470000
2020-12-17,EWG,32.04999923706055,32.150001525878906,32.0099983215332,32.11000061035156,4011500
2020-12-18,EWG,32.150001525878906,32.15999984741211,31.899999618530273,32.040000915527344,5227900
2020-12-21,EWG,31.010000228881836,31.479999542236328,30.84000015258789,31.389999389648438,7352800
2020-12-22,EWG,31.399999618530273,31.420000076293945,31.229999542236328,31.290000915527344,5237200
2020-12-23,EWG,31.709999084472656,31.799999237060547,31.6299991607666,31.770000457763672,2205900
2020-12-24,EWG,31.770000457763672,31.850000381469727,31.700000762939453,31.84000015258789,2125200
2020-12-28,EWG,32.2400016784668,32.310001373291016,32.130001068115234,32.20000076293945,2373600
2020-12-29,EWG,32.45000076293945,32.459999084472656,32.099998474121094,32.189998626708984,2597700
2020-12-30,EWG,32.2400016784668,32.349998474121094,32.13999938964844,32.16999816894531,1809700
2020-12-31,EWG,32.13999938964844,32.18000030517578,31.649999618530273,31.770000457763672,2926200
2021-01-04,EWG,32.63999938964844,32.65999984741211,31.93000030517578,32.15999984741211,4783800
2021-01-05,EWG,32.099998474121094,32.38999938964844,32.04999923706055,32.31999969482422,5248300
2021-01-06,EWG,32.41999816894531,32.7400016784668,32.380001068115234,32.61000061035156,4872000
2021-01-07,EWG,32.72999954223633,32.83000183105469,32.650001525878906,32.77000045776367,5665200
2021-01-08,EWG,33.0,33.0099983215332,32.630001068115234,32.91999816894531,4780100
2021-01-11,EWG,32.16999816894531,32.459999084472656,32.130001068115234,32.369998931884766,2742100
2021-01-12,EWG,32.36000061035156,32.4900016784668,32.189998626708984,32.45000076293945,3854900
2021-01-13,EWG,32.41999816894531,32.56999969482422,32.34000015258789,32.43000030517578,2150300
2021-01-14,EWG,32.439998626708984,32.63999938964844,32.41999816894531,32.54999923706055,2678200
2021-01-15,EWG,32.029998779296875,32.08000183105469,31.65999984741211,31.84000015258789,4097500
2021-01-19,EWG,32.27000045776367,32.290000915527344,32.08000183105469,32.209999084472656,3386000
2021-01-20,EWG,32.369998931884766,32.470001220703125,32.27000045776367,32.45000076293945,1425800
2021-01-21,EWG,32.59000015258789,32.70000076293945,32.41999816894531,32.68000030517578,2532100
2021-01-22,EWG,32.52000045776367,32.63999938964844,32.47999954223633,32.54999923706055,2310400
2021-01-25,EWG,32.11000061035156,32.20000076293945,31.850000381469727,32.130001068115234,6597600
2021-01-26,EWG,32.529998779296875,32.599998474121094,32.369998931884766,32.52000045776367,2947200
2021-01-27,EWG,31.690000534057617,31.969999313354492,31.34000015258789,31.649999618530273,4882600
2021-01-28,EWG,31.81999969482422,32.09000015258789,31.799999237060547,31.889999389648438,3108400
2021-01-29,EWG,31.75,31.81999969482422,31.31999969482422,31.459999084472656,3305800
2021-02-01,EWG,31.829999923706055,31.860000610351562,31.700000762939453,31.770000457763672,4631600
2021-02-02,EWG,32.029998779296875,32.25,31.969999313354492,32.220001220703125,2732300
2021-02-03,EWG,32.25,32.47999954223633,32.209999084472656,32.45000076293945,3457700
2021-02-04,EWG,32.31999969482422,32.5,32.31999969482422,32.470001220703125,1668500
2021-02-05,EWG,32.599998474121094,32.66999816894531,32.47999954223633,32.63999938964844,1728600
2021-02-08,EWG,32.7599983215332,32.81999969482422,32.540000915527344,32.70000076293945,2249900
2021-02-09,EWG,32.619998931884766,32.790000915527344,32.59000015258789,32.7400016784668,1291800
2021-02-10,EWG,32.849998474121094,32.849998474121094,32.369998931884766,32.560001373291016,2108200
2021-02-11,EWG,32.86000061035156,32.93000030517578,32.77000045776367,32.88999938964844,1697400
2021-02-12,EWG,32.70000076293945,32.959999084472656,32.66999816894531,32.95000076293945,2467900
2021-02-16,EWG,33.0,33.06999969482422,32.900001525878906,32.97999954223633,2043600
2021-02-17,EWG,32.540000915527344,32.599998474121094,32.34000015258789,32.5,2137700
2021-02-18,EWG,32.56999969482422,32.619998931884766,32.36000061035156,32.59000015258789,2950300
2021-02-19,EWG,32.83000183105469,32.900001525878906,32.650001525878906,32.689998626708984,2067900
2021-02-22,EWG,32.63999938964844,32.81999969482422,32.59000015258789,32.63999938964844,2669200
2021-02-23,EWG,32.290000915527344,32.439998626708984,31.989999771118164,32.369998931884766,2749500
2021-02-24,EWG,32.349998474121094,32.75,32.279998779296875,32.720001220703125,2842700
2021-02-25,EWG,32.790000915527344,32.900001525878906,32.18000030517578,32.25,6032000
2021-02-26,EWG,32.349998474121094,32.349998474121094,32.0,32.0099983215332,6199600
2021-03-01,EWG,32.310001373291016,32.5099983215332,32.2599983215332,32.470001220703125,2696800
2021-03-02,EWG,32.61000061035156,32.65999984741211,32.47999954223633,32.58000183105469,2491600
2021-03-03,EWG,32.529998779296875,32.650001525878906,32.34000015258789,32.45000076293945,4029200
2021-03-04,EWG,32.40999984741211,32.59000015258789,32.02000045776367,32.130001068115234,5219700
2021-03-05,EWG,32.15999984741211,32.18000030517578,31.780000686645508,32.08000183105469,3868400
2021-03-08,EWG,32.15999984741211,32.619998931884766,32.119998931884766,32.400001525878906,5632200
2021-03-09,EWG,32.7599983215332,32.86000061035156,32.709999084472656,32.77000045776367,3555400
2021-03-10,EWG,33.040000915527344,33.08000183105469,32.880001068115234,33.06999969482422,3292400
2021-03-11,EWG,33.189998626708984,33.310001373291016,33.099998474121094,33.279998779296875,1525100
2021-03-12,EWG,32.88999938964844,33.209999084472656,32.880001068115234,33.189998626708984,2272500
2021-03-15,EWG,33.04999923706055,33.060001373291016,32.779998779296875,33.040000915527344,1698300
2021-03-16,EWG,33.220001220703125,33.220001220703125,33.029998779296875,33.08000183105469,2316900
2021-03-17,EWG,33.11000061035156,33.63999938964844,33.08000183105469,33.56999969482422,3696900
2021-03-18,EWG,33.560001373291016,33.77000045776367,33.400001525878906,33.41999816894531,3972900
2021-03-19,EWG,33.15999984741211,33.349998474121094,33.029998779296875,33.2400016784668,3339300
2021-03-22,EWG,33.380001068115234,33.540000915527344,33.369998931884766,33.470001220703125,2080600
2021-03-23,EWG,33.369998931884766,33.38999938964844,33.08000183105469,33.099998474121094,2093600
2021-03-24,EWG,32.939998626708984,33.0099983215332,32.75,32.75,2378900
2021-03-25,EWG,32.56999969482422,32.90999984741211,32.52000045776367,32.86000061035156,4476600
2021-03-26,EWG,33.04999923706055,33.22999954223633,32.97999954223633,33.209999084472656,2007600
2021-03-29,EWG,33.08000183105469,33.25,33.08000183105469,33.209999084472656,4870200
2021-03-30,EWG,33.20000076293945,33.45000076293945,33.20000076293945,33.34000015258789,3227400
2021-03-31,EWG,33.400001525878906,33.56999969482422,33.380001068115234,33.439998626708984,2582500
2021-04-01,EWG,33.720001220703125,34.029998779296875,33.709999084472656,33.95000076293945,1874600
2021-04-05,EWG,34.31999969482422,34.720001220703125,34.2400016784668,34.689998626708984,4162500
2021-04-06,EWG,34.290000915527344,34.33000183105469,34.209999084472656,34.31999969482422,1871000
2021-04-07,EWG,34.38999938964844,34.47999954223633,34.29999923706055,34.40999984741211,2962000
2021-04-08,EWG,34.439998626708984,34.560001373291016,34.34000015258789,34.52000045776367,1255000
2021-04-09,EWG,34.45000076293945,34.61000061035156,34.41999816894531,34.599998474121094,1165700
2021-04-12,EWG,34.58000183105469,34.59000015258789,34.47999954223633,34.560001373291016,7125900
2021-04-13,EWG,34.66999816894531,34.72999954223633,34.59000015258789,34.720001220703125,2187100
2021-04-14,EWG,34.720001220703125,34.7400016784668,34.560001373291016,34.59000015258789,2260700
2021-04-15,EWG,34.790000915527344,34.869998931884766,34.7400016784668,34.86000061035156,3715600
2021-04-16,EWG,35.189998626708984,35.38999938964844,35.15999984741211,35.38999938964844,3200300
2021-04-19,EWG,35.369998931884766,35.380001068115234,35.13999938964844,35.2599983215332,4440400
2021-04-20,EWG,34.9900016784668,34.9900016784668,34.63999938964844,34.7400016784668,2823700
2021-04-21,EWG,34.439998626708984,34.90999984741211,34.41999816894531,34.900001525878906,2403500
2021-04-22,EWG,34.970001220703125,35.040000915527344,34.7400016784668,34.83000183105469,2773700
2021-04-23,EWG,34.79999923706055,35.220001220703125,34.79999923706055,35.13999938964844,2713000
2021-04-26,EWG,35.119998931884766,35.209999084472656,35.06999969482422,35.20000076293945,2085900
2021-04-27,EWG,35.099998474121094,35.18000030517578,35.029998779296875,35.150001525878906,1306300
2021-04-28,EWG,35.15999984741211,35.380001068115234,35.09000015258789,35.29999923706055,2795800
2021-04-29,EWG,35.15999984741211,35.18000030517578,34.7599983215332,35.06999969482422,2363500
2021-04-30,EWG,34.95000076293945,34.97999954223633,34.47999954223633,34.619998931884766,4867400
2021-05-03,EWG,34.95000076293945,35.02000045776367,34.88999938964844,35.0099983215332,2657300
2021-05-04,EWG,34.279998779296875,34.36000061035156,33.849998474121094,34.060001373291016,6579100
2021-05-05,EWG,34.540000915527344,34.599998474121094,34.380001068115234,34.56999969482422,2839300
2021-05-06,EWG,34.59000015258789,34.86000061035156,34.470001220703125,34.84000015258789,3689500
2021-05-07,EWG,35.06999969482422,35.4900016784668,35.06999969482422,35.47999954223633,4211100
2021-05-10,EWG,35.40999984741211,35.41999816894531,35.08000183105469,35.11000061035156,4177400
2021-05-11,EWG,34.4900016784668,34.779998779296875,34.470001220703125,34.68000030517578,5408000
2021-05-12,EWG,34.560001373291016,34.7599983215332,34.310001373291016,34.380001068115234,5812200
2021-05-13,EWG,34.5099983215332,34.810001373291016,34.4900016784668,34.7400016784668,5659000
2021-05-14,EWG,35.11000061035156,35.439998626708984,35.09000015258789,35.41999816894531,3952200
2021-05-17,EWG,35.310001373291016,35.439998626708984,35.27000045776367,35.41999816894531,3031500
2021-05-18,EWG,35.5099983215332,35.560001373291016,35.400001525878906,35.43000030517578,3417000
2021-05-19,EWG,34.83000183105469,35.119998931884766,34.61000061035156,34.959999084472656,4785400
2021-05-20,EWG,35.25,35.61000061035156,35.2400016784668,35.56999969482422,3803400
2021-05-21,EWG,35.58000183105469,35.619998931884766,35.45000076293945,35.56999969482422,3457000
2021-05-24,EWG,35.79999923706055,36.0,35.7400016784668,35.939998626708984,1995900
2021-05-25,EWG,35.97999954223633,36.02000045776367,35.79999923706055,35.900001525878906,3027600
2021-05-26,EWG,35.77000045776367,35.84000015258789,35.63999938964844,35.70000076293945,4448500
2021-05-27,EWG,35.689998626708984,35.75,35.529998779296875,35.63999938964844,5072100
2021-05-28,EWG,35.7400016784668,35.900001525878906,35.689998626708984,35.779998779296875,2954100
2021-06-01,EWG,36.2599983215332,36.2599983215332,36.060001373291016,36.099998474121094,3589000
2021-06-02,EWG,36.04999923706055,36.130001068115234,35.9900016784668,36.119998931884766,2333900
2021-06-03,EWG,35.939998626708984,36.029998779296875,35.84000015258789,35.959999084472656,2299600
2021-06-04,EWG,36.15999984741211,36.25,36.099998474121094,36.2400016784668,2185500
2021-06-07,EWG,36.34000015258789,36.4900016784668,36.33000183105469,36.47999954223633,3032900
2021-06-08,EWG,36.40999984741211,36.41999816894531,36.2400016784668,36.310001373291016,2540300
2021-06-09,EWG,36.20000076293945,36.209999084472656,36.029998779296875,36.099998474121094,2812400
2021-06-10,EWG,35.45000076293945,35.599998474121094,35.38999938964844,35.5099983215332,2546400
2021-06-11,EWG,35.560001373291016,35.630001068115234,35.4900016784668,35.619998931884766,3920500
2021-06-14,EWG,35.68000030517578,35.709999084472656,35.59000015258789,35.68000030517578,1335200
2021-06-15,EWG,35.709999084472656,35.75,35.65999984741211,35.7400016784668,1925000
2021-06-16,EWG,35.63999938964844,35.66999816894531,35.209999084472656,35.290000915527344,3164600
2021-06-17,EWG,35.130001068115234,35.16999816894531,34.90999984741211,35.060001373291016,3130400
2021-06-18,EWG,34.439998626708984,34.52000045776367,34.290000915527344,34.380001068115234,3131900
2021-06-21,EWG,34.68000030517578,34.93000030517578,34.65999984741211,34.91999816894531,1913200
2021-06-22,EWG,34.779998779296875,35.02000045776367,34.709999084472656,34.91999816894531,3031700
2021-06-23,EWG,34.869998931884766,34.88999938964844,34.56999969482422,34.599998474121094,1994900
2021-06-24,EWG,34.95000076293945,35.0099983215332,34.880001068115234,34.939998626708984,1497100
2021-06-25,EWG,35.0099983215332,35.060001373291016,34.97999954223633,35.02000045776367,1971600
2021-06-28,EWG,34.970001220703125,34.9900016784668,34.790000915527344,34.869998931884766,1247300
2021-06-29,EWG,35.04999923706055,35.08000183105469,34.939998626708984,35.0,997900
2021-06-30,EWG,34.54999923706055,34.650001525878906,34.45000076293945,34.599998474121094,2971100
2021-07-01,EWG,34.619998931884766,34.709999084472656,34.529998779296875,34.68000030517578,2203600
2021-07-02,EWG,34.70000076293945,34.81999969482422,34.59000015258789,34.79999923706055,1447900
2021-07-06,EWG,34.66999816894531,34.68000030517578,34.290000915527344,34.40999984741211,2588700
2021-07-07,EWG,34.7400016784668,34.779998779296875,34.560001373291016,34.75,3645500
2021-07-08,EWG,34.189998626708984,34.36000061035156,34.06999969482422,34.279998779296875,3425400
2021-07-09,EWG,34.65999984741211,34.939998626708984,34.63999938964844,34.91999816894531,3336500
2021-07-12,EWG,35.0,35.15999984741211,34.970001220703125,35.13999938964844,2348400
2021-07-13,EWG,34.959999084472656,35.040000915527344,34.83000183105469,34.86000061035156,1525800
2021-07-14,EWG,35.029998779296875,35.040000915527344,34.939998626708984,35.0099983215332,3106700
2021-07-15,EWG,34.61000061035156,34.65999984741211,34.47999954223633,34.59000015258789,2588500
2021-07-16,EWG,34.61000061035156,34.61000061035156,34.2599983215332,34.310001373291016,2789800
2021-07-19,EWG,33.599998474121094,33.65999984741211,33.43000030517578,33.56999969482422,4168600
2021-07-20,EWG,33.400001525878906,33.810001373291016,33.33000183105469,33.72999954223633,4187200
2021-07-21,EWG,33.959999084472656,34.2400016784668,33.939998626708984,34.22999954223633,3042700
2021-07-22,EWG,34.41999816894531,34.470001220703125,34.20000076293945,34.310001373291016,2429600
2021-07-23,EWG,34.61000061035156,34.65999984741211,34.52000045776367,34.59000015258789,1976000
2021-07-26,EWG,34.560001373291016,34.630001068115234,34.52000045776367,34.58000183105469,2671500
2021-07-27,EWG,34.459999084472656,34.4900016784668,34.34000015258789,34.47999954223633,2128700
2021-07-28,EWG,34.38999938964844,34.599998474121094,34.33000183105469,34.54999923706055,2394500
2021-07-29,EWG,34.81999969482422,34.900001525878906,34.790000915527344,34.810001373291016,2347600
2021-07-30,EWG,34.61000061035156,34.70000076293945,34.459999084472656,34.52000045776367,1929200
2021-08-02,EWG,34.66999816894531,34.7599983215332,34.54999923706055,34.59000015258789,2059200
2021-08-03,EWG,34.650001525878906,34.720001220703125,34.5099983215332,34.68000030517578,1553200
2021-08-04,EWG,34.88999938964844,34.97999954223633,34.7599983215332,34.779998779296875,3614500
2021-08-05,EWG,34.880001068115234,34.970001220703125,34.880001068115234,34.95000076293945,2825900
2021-08-06,EWG,34.86000061035156,34.880001068115234,34.689998626708984,34.7400016784668,1248400
2021-08-09,EWG,34.720001220703125,34.720001220703125,34.619998931884766,34.650001525878906,1529900
2021-08-10,EWG,34.72999954223633,34.7400016784668,34.65999984741211,34.72999954223633,1759800
2021-08-11,EWG,34.849998474121094,34.900001525878906,34.7599983215332,34.880001068115234,2493000
2021-08-12,EWG,35.0,35.119998931884766,34.970001220703125,35.08000183105469,2303000
2021-08-13,EWG,35.22999954223633,35.349998474121094,35.209999084472656,35.34000015258789,1134400
2021-08-16,EWG,35.11000061035156,35.16999816894531,34.970001220703125,35.15999984741211,1406800
2021-08-17,EWG,34.880001068115234,34.95000076293945,34.72999954223633,34.84000015258789,1807100
2021-08-18,EWG,34.86000061035156,35.130001068115234,34.86000061035156,34.880001068115234,1552200
2021-08-19,EWG,34.349998474121094,34.59000015258789,34.33000183105469,34.5099983215332,2729400
2021-08-20,EWG,34.380001068115234,34.63999938964844,34.369998931884766,34.61000061035156,1689800
2021-08-23,EWG,34.7599983215332,34.900001525878906,34.70000076293945,34.869998931884766,1552400
2021-08-24,EWG,34.91999816894531,35.06999969482422,34.88999938964844,34.9900016784668,3329400
2021-08-25,EWG,34.91999816894531,34.970001220703125,34.869998931884766,34.90999984741211,1560100
2021-08-26,EWG,34.7599983215332,34.81999969482422,34.63999938964844,34.68000030517578,3492800
2021-08-27,EWG,34.72999954223633,35.060001373291016,34.720001220703125,35.02000045776367,1672300
2021-08-30,EWG,35.04999923706055,35.13999938964844,35.029998779296875,35.119998931884766,1233200
2021-08-31,EWG,35.04999923706055,35.04999923706055,34.81999969482422,34.95000076293945,2682500
2021-09-01,EWG,35.06999969482422,35.20000076293945,35.02000045776367,35.040000915527344,2717000
2021-09-02,EWG,35.220001220703125,35.220001220703125,35.13999938964844,35.189998626708984,1530100
2021-09-03,EWG,35.029998779296875,35.16999816894531,34.93000030517578,35.119998931884766,2499700
2021-09-07,EWG,35.2400016784668,35.279998779296875,35.099998474121094,35.099998474121094,2463700
2021-09-08,EWG,34.720001220703125,34.790000915527344,34.529998779296875,34.61000061035156,2160600
2021-09-09,EWG,34.619998931884766,34.75,34.52000045776367,34.529998779296875,3376300
2021-09-10,EWG,34.79999923706055,34.810001373291016,34.47999954223633,34.47999954223633,1977800
2021-09-13,EWG,34.77000045776367,34.779998779296875,34.630001068115234,34.72999954223633,1852600
2021-09-14,EWG,34.900001525878906,34.900001525878906,34.650001525878906,34.68000030517578,4016900
2021-09-15,EWG,34.689998626708984,34.689998626708984,34.47999954223633,34.650001525878906,2336000
2021-09-16,EWG,34.47999954223633,34.56999969482422,34.38999938964844,34.560001373291016,2238900
2021-09-17,EWG,34.400001525878906,34.43000030517578,33.91999816894531,34.040000915527344,6155100
2021-09-20,EWG,33.04999923706055,33.2400016784668,32.939998626708984,33.15999984741211,5624600
2021-09-21,EWG,33.66999816894531,33.77000045776367,33.52000045776367,33.54999923706055,4727700
2021-09-22,EWG,33.869998931884766,34.119998931884766,33.81999969482422,33.86000061035156,4088700
2021-09-23,EWG,34.189998626708984,34.36000061035156,34.189998626708984,34.31999969482422,3632200
2021-09-24,EWG,33.95000076293945,34.02000045776367,33.880001068115234,33.970001220703125,2829200
2021-09-27,EWG,33.95000076293945,34.06999969482422,33.880001068115234,34.02000045776367,2332200
2021-09-28,EWG,33.54999923706055,33.56999969482422,33.209999084472656,33.310001373291016,5896200
2021-09-29,EWG,33.349998474121094,33.349998474121094,33.11000061035156,33.150001525878906,4175200
2021-09-30,EWG,33.029998779296875,33.11000061035156,32.79999923706055,32.91999816894531,4372200
2021-10-01,EWG,32.959999084472656,32.97999954223633,32.650001525878906,32.939998626708984,6272400
2021-10-04,EWG,32.849998474121094,32.869998931884766,32.54999923706055,32.68000030517578,6016100
2021-10-05,EWG,32.599998474121094,32.869998931884766,32.54999923706055,32.75,2519400
2021-10-06,EWG,32.130001068115234,32.400001525878906,32.04999923706055,32.380001068115234,6933800
2021-10-07,EWG,32.540000915527344,32.779998779296875,32.529998779296875,32.70000076293945,3328200
2021-10-08,EWG,32.79999923706055,32.810001373291016,32.650001525878906,32.72999954223633,2631000
2021-10-11,EWG,32.630001068115234,32.720001220703125,32.5,32.5,3364700
2021-10-12,EWG,32.58000183105469,32.599998474121094,32.459999084472656,32.52000045776367,3190600
2021-10-13,EWG,32.869998931884766,32.97999954223633,32.779998779296875,32.95000076293945,3681100
2021-10-14,EWG,33.29999923706055,33.41999816894531,33.2400016784668,33.369998931884766,2891300
2021-10-15,EWG,33.52000045776367,33.63999938964844,33.4900016784668,33.630001068115234,2039100
2021-10-18,EWG,33.36000061035156,33.470001220703125,33.290000915527344,33.45000076293945,1680900
2021-10-19,EWG,33.619998931884766,33.689998626708984,33.529998779296875,33.58000183105469,6353700
2021-10-20,EWG,33.540000915527344,33.65999984741211,33.5,33.630001068115234,1806400
2021-10-21,EWG,33.61000061035156,33.63999938964844,33.5099983215332,33.540000915527344,2342400
2021-10-22,EWG,33.7599983215332,33.86000061035156,33.63999938964844,33.779998779296875,3372100
2021-10-25,EWG,33.77000045776367,33.83000183105469,33.70000076293945,33.810001373291016,1710300
2021-10-26,EWG,34.119998931884766,34.130001068115234,33.91999816894531,33.9900016784668,2304500
2021-10-27,EWG,33.97999954223633,34.029998779296875,33.84000015258789,33.84000015258789,2872300
2021-10-28,EWG,33.90999984741211,34.119998931884766,33.90999984741211,34.08000183105469,3950000
2021-10-29,EWG,33.75,33.790000915527344,33.599998474121094,33.77000045776367,4095000
2021-11-01,EWG,33.97999954223633,34.18000030517578,33.900001525878906,34.18000030517578,1659000
2021-11-02,EWG,34.290000915527344,34.369998931884766,34.279998779296875,34.34000015258789,3985800
2021-11-03,EWG,34.310001373291016,34.689998626708984,34.310001373291016,34.68000030517578,2560200
2021-11-04,EWG,34.59000015258789,34.59000015258789,34.40999984741211,34.52000045776367,2249600
2021-11-05,EWG,34.47999954223633,34.529998779296875,34.36000061035156,34.529998779296875,1737000
2021-11-08,EWG,34.4900016784668,34.560001373291016,34.439998626708984,34.439998626708984,1640800
2021-11-09,EWG,34.58000183105469,34.59000015258789,34.380001068115234,34.45000076293945,2933100
2021-11-10,EWG,34.29999923706055,34.380001068115234,33.97999954223633,33.9900016784668,2218300
2021-11-11,EWG,34.150001525878906,34.16999816894531,34.060001373291016,34.08000183105469,1389400
2021-11-12,EWG,34.099998474121094,34.15999984741211,34.040000915527344,34.11000061035156,1881600
2021-11-15,EWG,34.150001525878906,34.20000076293945,33.93000030517578,33.959999084472656,2900800
2021-11-16,EWG,34.09000015258789,34.16999816894531,34.02000045776367,34.040000915527344,1469300
2021-11-17,EWG,34.09000015258789,34.150001525878906,34.029998779296875,34.119998931884766,1264300
2021-11-18,EWG,34.130001068115234,34.279998779296875,34.029998779296875,34.2400016784668,1799600
2021-11-19,EWG,33.93000030517578,33.97999954223633,33.72999954223633,33.790000915527344,3049800
2021-11-22,EWG,33.630001068115234,33.70000076293945,33.45000076293945,33.45000076293945,2026100
2021-11-23,EWG,33.279998779296875,33.38999938964844,33.119998931884766,33.290000915527344,2612000
2021-11-24,EWG,32.599998474121094,32.95000076293945,32.56999969482422,32.939998626708984,2234800
2021-11-26,EWG,32.33000183105469,32.380001068115234,31.889999389648438,31.969999313354492,3067900
2021-11-29,EWG,32.15999984741211,32.15999984741211,31.829999923706055,32.029998779296875,3060300
2021-11-30,EWG,32.09000015258789,32.209999084472656,31.450000762939453,31.809999465942383,5715400
2021-12-01,EWG,32.36000061035156,32.560001373291016,31.75,31.770000457763672,5615300
2021-12-02,EWG,31.90999984741211,32.119998931884766,31.889999389648438,32.040000915527344,5484600
2021-12-03,EWG,32.08000183105469,32.09000015258789,31.56999969482422,31.81999969482422,6308300
2021-12-06,EWG,32.0,32.16999816894531,31.889999389648438,32.13999938964844,3827200
2021-12-07,EWG,32.61000061035156,32.95000076293945,32.59000015258789,32.95000076293945,2808600
2021-12-08,EWG,32.869998931884766,32.9900016784668,32.779998779296875,32.959999084472656,1664100
2021-12-09,EWG,32.709999084472656,32.7400016784668,32.52000045776367,32.52000045776367,2606800
2021-12-10,EWG,32.630001068115234,32.720001220703125,32.54999923706055,32.68000030517578,2191100
2021-12-13,EWG,32.7400016784668,32.779998779296875,32.529998779296875,32.540000915527344,2441900
2021-12-14,EWG,32.33000183105469,32.459999084472656,32.099998474121094,32.25,3093100
2021-12-15,EWG,32.2400016784668,32.619998931884766,32.09000015258789,32.619998931884766,3429500
2021-12-16,EWG,32.83000183105469,32.83000183105469,32.459999084472656,32.56999969482422,4252100
2021-12-17,EWG,32.290000915527344,32.36000061035156,32.06999969482422,32.08000183105469,3626700
2021-12-20,EWG,31.780000686645508,31.93000030517578,31.729999542236328,31.920000076293945,3471800
2021-12-21,EWG,32.099998474121094,32.290000915527344,32.040000915527344,32.290000915527344,3395400
2021-12-22,EWG,32.27000045776367,32.650001525878906,32.2400016784668,32.630001068115234,1538600
2021-12-23,EWG,32.68000030517578,32.91999816894531,32.66999816894531,32.86000061035156,2493300
2021-12-27,EWG,32.939998626708984,33.150001525878906,32.939998626708984,33.150001525878906,2551400
2021-12-28,EWG,33.15999984741211,33.2599983215332,33.130001068115234,33.15999984741211,2225700
2021-12-29,EWG,33.11000061035156,33.15999984741211,33.029998779296875,33.119998931884766,1492400
2021-12-30,EWG,32.880001068115234,32.97999954223633,32.7400016784668,32.779998779296875,2120900
2021-12-31,EWG,32.81999969482422,32.9900016784668,32.72999954223633,32.779998779296875,2738600
2022-01-03,EWG,33.119998931884766,33.189998626708984,33.0,33.15999984741211,1763100
2022-01-04,EWG,33.380001068115234,33.400001525878906,33.189998626708984,33.2599983215332,2580300
2022-01-05,EWG,33.59000015258789,33.61000061035156,33.13999938964844,33.150001525878906,2620600
2022-01-06,EWG,33.130001068115234,33.2599983215332,32.970001220703125,33.029998779296875,3658800
2022-01-07,EWG,33.029998779296875,33.15999984741211,32.900001525878906,33.11000061035156,2564900
2022-01-10,EWG,32.650001525878906,32.84000015258789,32.5099983215332,32.810001373291016,3478200
2022-01-11,EWG,32.97999954223633,33.2599983215332,32.88999938964844,33.2599983215332,2177500
2022-01-12,EWG,33.40999984741211,33.540000915527344,33.349998474121094,33.5099983215332,3772500
2022-01-13,EWG,33.66999816894531,33.709999084472656,33.310001373291016,33.34000015258789,5736800
2022-01-14,EWG,33.27000045776367,33.439998626708984,33.150001525878906,33.34000015258789,4147200
2022-01-18,EWG,32.86000061035156,32.9900016784668,32.66999816894531,32.709999084472656,5269900
2022-01-19,EWG,33.02000045776367,33.060001373291016,32.77000045776367,32.81999969482422,4648700
2022-01-20,EWG,32.880001068115234,33.06999969482422,32.619998931884766,32.63999938964844,3376000
2022-01-21,EWG,32.349998474121094,32.41999816894531,32.099998474121094,32.11000061035156,5542600
2022-01-24,EWG,31.270000457763672,31.690000534057617,30.770000457763672,31.670000076293945,10948400
2022-01-25,EWG,31.219999313354492,31.579999923706055,30.959999084472656,31.40999984741211,6098600
2022-01-26,EWG,32.0,32.189998626708984,31.43000030517578,31.6299991607666,10981300
2022-01-27,EWG,31.690000534057617,31.84000015258789,31.329999923706055,31.420000076293945,4721600
2022-01-28,EWG,31.170000076293945,31.489999771118164,31.010000228881836,31.479999542236328,4433100
2022-01-31,EWG,31.510000228881836,32.029998779296875,31.510000228881836,32.0099983215332,3441800
2022-02-01,EWG,32.27000045776367,32.29999923706055,32.029998779296875,32.279998779296875,3769100
2022-02-02,EWG,32.41999816894531,32.470001220703125,32.22999954223633,32.36000061035156,2930400
2022-02-03,EWG,32.16999816894531,32.34000015258789,32.06999969482422,32.06999969482422,3751100
2022-02-04,EWG,31.760000228881836,32.130001068115234,31.68000030517578,31.979999542236328,3348900
2022-02-07,EWG,31.959999084472656,32.130001068115234,31.889999389648438,31.979999542236328,3964200
2022-02-08,EWG,31.850000381469727,32.130001068115234,31.799999237060547,32.099998474121094,2219300
2022-02-09,EWG,32.56999969482422,32.630001068115234,32.4900016784668,32.619998931884766,2272700
2022-02-10,EWG,32.20000076293945,32.72999954223633,32.189998626708984,32.25,4278300
2022-02-11,EWG,32.279998779296875,32.400001525878906,31.459999084472656,31.56999969482422,14214100
2022-02-14,EWG,31.34000015258789,31.420000076293945,30.979999542236328,31.229999542236328,6454000
2022-02-15,EWG,31.93000030517578,32.16999816894531,31.920000076293945,32.16999816894531,4968300
2022-02-16,EWG,32.0099983215332,32.279998779296875,31.979999542236328,32.220001220703125,3709000
2022-02-17,EWG,31.899999618530273,31.950000762939453,31.549999237060547,31.610000610351562,4397600
2022-02-18,EWG,31.459999084472656,31.510000228881836,31.100000381469727,31.200000762939453,5927700
2022-02-22,EWG,30.549999237060547,30.729999542236328,30.09000015258789,30.420000076293945,8123100
2022-02-23,EWG,30.75,30.760000228881836,29.940000534057617,29.989999771118164,9503700
2022-02-24,EWG,28.309999465942383,29.40999984741211,28.239999771118164,29.309999465942383,21606100
2022-02-25,EWG,29.600000381469727,30.100000381469727,29.520000457763672,30.079999923706055,10060600
2022-02-28,EWG,29.100000381469727,29.670000076293945,28.899999618530273,29.079999923706055,16201700
2022-03-01,EWG,28.729999542236328,28.809999465942383,27.799999237060547,28.030000686645508,12318800
2022-03-02,EWG,28.049999237060547,28.43000030517578,27.93000030517578,28.239999771118164,9535900
2022-03-03,EWG,28.079999923706055,28.079999923706055,27.239999771118164,27.360000610351562,10274100
2022-03-04,EWG,26.170000076293945,26.219999313354492,25.540000915527344,25.889999389648438,30704800
2022-03-07,EWG,25.850000381469727,25.93000030517578,24.6299991607666,24.850000381469727,27714300
2022-03-08,EWG,25.540000915527344,26.43000030517578,25.030000686645508,25.670000076293945,27205700
2022-03-09,EWG,27.280000686645508,28.059999465942383,27.100000381469727,27.690000534057617,27225400
2022-03-10,EWG,26.790000915527344,27.149999618530273,26.639999389648438,26.809999465942383,15153600
2022-03-11,EWG,27.450000762939453,27.5,26.649999618530273,26.709999084472656,12094800
2022-03-14,EWG,27.56999969482422,27.829999923706055,27.389999389648438,27.450000762939453,9413600
2022-03-15,EWG,27.559999465942383,27.760000228881836,27.350000381469727,27.729999542236328,14046900
2022-03-16,EWG,28.299999237060547,29.020000457763672,28.209999084472656,28.93000030517578,18294400
2022-03-17,EWG,28.530000686645508,29.020000457763672,28.459999084472656,28.93000030517578,9147700
2022-03-18,EWG,28.25,28.940000534057617,28.200000762939453,28.90999984741211,6621800
2022-03-21,EWG,28.729999542236328,28.739999771118164,28.280000686645508,28.440000534057617,7586300
2022-03-22,EWG,28.709999084472656,28.90999984741211,28.68000030517578,28.860000610351562,3403600
2022-03-23,EWG,28.209999084472656,28.3799991607666,28.1200008392334,28.149999618530273,7583600
2022-03-24,EWG,28.110000610351562,28.360000610351562,28.010000228881836,28.309999465942383,5455100
2022-03-25,EWG,28.3799991607666,28.469999313354492,28.079999923706055,28.309999465942383,6040800
2022-03-28,EWG,28.479999542236328,28.65999984741211,28.280000686645508,28.6299991607666,6187300
2022-03-29,EWG,29.68000030517578,29.829999923706055,29.280000686645508,29.559999465942383,8018100
2022-03-30,EWG,29.239999771118164,29.299999237060547,29.049999237060547,29.18000030517578,3618700
2022-03-31,EWG,28.809999465942383,28.860000610351562,28.350000381469727,28.389999389648438,4306200
2022-04-01,EWG,28.6299991607666,28.65999984741211,28.3799991607666,28.610000610351562,3559800
2022-04-04,EWG,28.440000534057617,28.65999984741211,28.420000076293945,28.600000381469727,3666400
2022-04-05,EWG,28.290000915527344,28.43000030517578,27.989999771118164,28.06999969482422,4127800
2022-04-06,EWG,27.579999923706055,27.739999771118164,27.3799991607666,27.59000015258789,8541800
2022-04-07,EWG,27.760000228881836,27.81999969482422,27.3700008392334,27.600000381469727,5334800
2022-04-08,EWG,27.510000228881836,27.799999237060547,27.489999771118164,27.690000534057617,6130000
2022-04-11,EWG,27.549999237060547,27.729999542236328,27.299999237060547,27.34000015258789,5640500
2022-04-12,EWG,27.43000030517578,27.5,26.989999771118164,27.059999465942383,6505900
2022-04-13,EWG,26.959999084472656,27.360000610351562,26.93000030517578,27.329999923706055,4604300
2022-04-14,EWG,27.299999237060547,27.3799991607666,27.09000015258789,27.170000076293945,5036800
2022-04-18,EWG,27.059999465942383,27.31999969482422,27.020000457763672,27.110000610351562,6521900
2022-04-19,EWG,27.059999465942383,27.399999618530273,27.059999465942383,27.389999389648438,3861900
2022-04-20,EWG,27.690000534057617,27.790000915527344,27.610000610351562,27.709999084472656,4601900
2022-04-21,EWG,28.239999771118164,28.280000686645508,27.56999969482422,27.639999389648438,5081000
2022-04-22,EWG,27.549999237060547,27.549999237060547,27.06999969482422,27.09000015258789,5660900
2022-04-25,EWG,26.780000686645508,26.959999084472656,26.530000686645508,26.90999984741211,6099400
2022-04-26,EWG,26.709999084472656,26.709999084472656,25.84000015258789,25.84000015258789,7338400
2022-04-27,EWG,25.829999923706055,26.020000457763672,25.600000381469727,25.81999969482422,7271900
2022-04-28,EWG,26.18000030517578,26.3700008392334,25.829999923706055,26.31999969482422,7891600
2022-04-29,EWG,26.34000015258789,26.5,25.959999084472656,26.010000228881836,6492100
2022-05-02,EWG,25.950000762939453,26.149999618530273,25.700000762939453,25.959999084472656,8041900
2022-05-03,EWG,26.110000610351562,26.170000076293945,25.979999542236328,26.100000381469727,6359000
2022-05-04,EWG,26.25,26.760000228881836,25.979999542236328,26.719999313354492,9886700
2022-05-05,EWG,26.280000686645508,26.280000686645508,25.540000915527344,25.799999237060547,8071300
2022-05-06,EWG,25.56999969482422,25.649999618530273,25.280000686645508,25.420000076293945,7182700
2022-05-09,EWG,25.049999237060547,25.200000762939453,24.760000228881836,24.90999984741211,5943000
2022-05-10,EWG,25.549999237060547,25.56999969482422,25.079999923706055,25.260000228881836,7993300
2022-05-11,EWG,25.440000534057617,25.850000381469727,25.219999313354492,25.239999771118164,8779100
2022-05-12,EWG,24.950000762939453,25.399999618530273,24.829999923706055,25.100000381469727,6126900
2022-05-13,EWG,25.43000030517578,25.809999465942383,25.420000076293945,25.780000686645508,3455500
2022-05-16,EWG,25.56999969482422,25.860000610351562,25.420000076293945,25.770000457763672,2507200
2022-05-17,EWG,26.329999923706055,26.469999313354492,26.18000030517578,26.459999084472656,3766600
2022-05-18,EWG,26.100000381469727,26.1299991607666,25.540000915527344,25.559999465942383,3652300
2022-05-19,EWG,25.540000915527344,26.1200008392334,25.510000228881836,25.950000762939453,4494000
2022-05-20,EWG,26.290000915527344,26.290000915527344,25.760000228881836,26.09000015258789,3965900
2022-05-23,EWG,26.450000762939453,26.719999313354492,26.360000610351562,26.690000534057617,4645000
2022-05-24,EWG,26.520000457763672,26.600000381469727,26.329999923706055,26.510000228881836,2999000
2022-05-25,EWG,26.170000076293945,26.600000381469727,26.149999618530273,26.489999771118164,2362800
2022-05-26,EWG,26.610000610351562,27.020000457763672,26.600000381469727,26.969999313354492,2724300
2022-05-27,EWG,27.170000076293945,27.3799991607666,27.15999984741211,27.360000610351562,1483700
2022-05-31,EWG,27.280000686645508,27.450000762939453,27.1200008392334,27.329999923706055,3135700
2022-06-01,EWG,27.40999984741211,27.450000762939453,26.899999618530273,27.010000228881836,3095900
2022-06-02,EWG,27.270000457763672,27.700000762939453,27.200000762939453,27.690000534057617,2274200
2022-06-03,EWG,27.399999618530273,27.469999313354492,27.290000915527344,27.3700008392334,1437400
2022-06-06,EWG,27.6299991607666,27.760000228881836,27.459999084472656,27.530000686645508,1360600
2022-06-07,EWG,27.149999618530273,27.549999237060547,27.149999618530273,27.530000686645508,1453800
2022-06-08,EWG,27.280000686645508,27.3799991607666,27.1200008392334,27.170000076293945,1365200
2022-06-09,EWG,26.040000915527344,26.1200008392334,25.59000015258789,25.610000610351562,2492800
2022-06-10,EWG,25.040000915527344,25.079999923706055,24.75,24.829999923706055,3783500
2022-06-13,EWG,24.049999237060547,24.260000228881836,23.8700008392334,23.969999313354492,4093300
2022-06-14,EWG,24.040000915527344,24.079999923706055,23.549999237060547,23.760000228881836,4976100
2022-06-15,EWG,24.149999618530273,24.399999618530273,23.809999465942383,24.309999465942383,5409900
2022-06-16,EWG,23.450000762939453,23.709999084472656,23.329999923706055,23.510000228881836,3249000
2022-06-17,EWG,23.56999969482422,23.780000686645508,23.420000076293945,23.670000076293945,3617400
2022-06-21,EWG,24.110000610351562,24.1200008392334,23.8700008392334,23.90999984741211,2866500
2022-06-22,EWG,23.59000015258789,24.020000457763672,23.549999237060547,23.760000228881836,2241700
2022-06-23,EWG,23.3799991607666,23.420000076293945,23.09000015258789,23.3700008392334,4284500
2022-06-24,EWG,23.5,23.93000030517578,23.479999542236328,23.93000030517578,3730900
2022-06-27,EWG,23.959999084472656,24.079999923706055,23.829999923706055,23.899999618530273,2966000
2022-06-28,EWG,24.030000686645508,24.139999389648438,23.639999389648438,23.649999618530273,2541700
2022-06-29,EWG,23.459999084472656,23.5,23.229999542236328,23.25,2718100
2022-06-30,EWG,22.6200008392334,23.030000686645508,22.450000762939453,23.010000228881836,4886900
2022-07-01,EWG,22.700000762939453,23.040000915527344,22.600000381469727,23.030000686645508,2566600
2022-07-05,EWG,21.850000381469727,22.1299991607666,21.719999313354492,22.100000381469727,6604800
2022-07-06,EWG,22.0,22.079999923706055,21.81999969482422,22.020000457763672,3200500
2022-07-07,EWG,22.280000686645508,22.43000030517578,22.260000228881836,22.43000030517578,1882300
2022-07-08,EWG,22.530000686645508,22.729999542236328,22.40999984741211,22.649999618530273,2556000
2022-07-11,EWG,22.209999084472656,22.25,21.969999313354492,22.010000228881836,2794100
2022-07-12,EWG,21.850000381469727,22.200000762939453,21.850000381469727,21.90999984741211,3030900
2022-07-13,EWG,21.610000610351562,22.0,21.530000686645508,21.8799991607666,7737100
2022-07-14,EWG,21.299999237060547,21.510000228881836,21.079999923706055,21.459999084472656,4537000
2022-07-15,EWG,21.829999923706055,22.09000015258789,21.68000030517578,22.030000686645508,4397500
2022-07-18,EWG,22.399999618530273,22.469999313354492,22.139999389648438,22.200000762939453,3233800
2022-07-19,EWG,22.770000457763672,23.299999237060547,22.75,23.229999542236328,9261300
2022-07-20,EWG,23.09000015258789,23.200000762939453,22.809999465942383,22.920000076293945,5742100
2022-07-21,EWG,22.729999542236328,23.059999465942383,22.690000534057617,23.030000686645508,6179200
2022-07-22,EWG,23.149999618530273,23.309999465942383,22.829999923706055,22.920000076293945,3461500
2022-07-25,EWG,23.15999984741211,23.200000762939453,22.8700008392334,23.010000228881836,4194400
2022-07-26,EWG,22.56999969482422,22.6200008392334,22.3700008392334,22.40999984741211,4293200
2022-07-27,EWG,22.6299991607666,23.049999237060547,22.540000915527344,23.010000228881836,15421800
2022-07-28,EWG,22.93000030517578,23.1200008392334,22.739999771118164,23.09000015258789,4195000
2022-07-29,EWG,23.229999542236328,23.579999923706055,23.15999984741211,23.579999923706055,3923400
2022-08-01,EWG,23.559999465942383,23.739999771118164,23.469999313354492,23.56999969482422,3476000
2022-08-02,EWG,23.420000076293945,23.5,23.239999771118164,23.239999771118164,4013200
2022-08-03,EWG,23.420000076293945,23.65999984741211,23.309999465942383,23.6200008392334,3700500
2022-08-04,EWG,23.799999237060547,23.90999984741211,23.700000762939453,23.889999389648438,4106300
2022-08-05,EWG,23.520000457763672,23.68000030517578,23.43000030517578,23.610000610351562,3558200
2022-08-08,EWG,23.75,23.8799991607666,23.600000381469727,23.649999618530273,2746200
2022-08-09,EWG,23.59000015258789,23.6299991607666,23.40999984741211,23.440000534057617,3636500
2022-08-10,EWG,23.979999542236328,24.149999618530273,23.899999618530273,24.030000686645508,3509100
2022-08-11,EWG,24.110000610351562,24.200000762939453,23.90999984741211,23.989999771118164,4110200
2022-08-12,EWG,24.040000915527344,24.209999084472656,23.950000762939453,24.200000762939453,2956900
2022-08-15,EWG,23.850000381469727,23.940000534057617,23.799999237060547,23.8700008392334,3338700
2022-08-16,EWG,23.84000015258789,24.1200008392334,23.829999923706055,24.030000686645508,2509200
2022-08-17,EWG,23.540000915527344,23.709999084472656,23.43000030517578,23.549999237060547,7674500
2022-08-18,EWG,23.530000686645508,23.540000915527344,23.31999969482422,23.389999389648438,3350500
2022-08-19,EWG,23.200000762939453,23.209999084472656,22.93000030517578,22.989999771118164,4893900
2022-08-22,EWG,22.389999389648438,22.40999984741211,22.100000381469727,22.149999618530273,5315100
2022-08-23,EWG,22.18000030517578,22.440000534057617,22.06999969482422,22.139999389648438,5609700
2022-08-24,EWG,22.079999923706055,22.34000015258789,22.040000915527344,22.229999542236328,3652400
2022-08-25,EWG,22.270000457763672,22.5,22.219999313354492,22.5,2443500
2022-08-26,EWG,22.549999237060547,22.559999465942383,21.6200008392334,21.6299991607666,4491900
2022-08-29,EWG,21.739999771118164,21.940000534057617,21.709999084472656,21.799999237060547,3528700
2022-08-30,EWG,22.18000030517578,22.229999542236328,21.799999237060547,21.93000030517578,3691600
2022-08-31,EWG,21.940000534057617,22.049999237060547,21.790000915527344,21.84000015258789,2696800
2022-09-01,EWG,21.440000534057617,21.549999237060547,21.15999984741211,21.540000915527344,4467100
2022-09-02,EWG,21.950000762939453,22.18000030517578,21.25,21.350000381469727,15092100
2022-09-06,EWG,21.6200008392334,21.75,21.399999618530273,21.489999771118164,5485400
2022-09-07,EWG,21.530000686645508,22.040000915527344,21.510000228881836,22.040000915527344,4387500
2022-09-08,EWG,21.459999084472656,21.84000015258789,21.389999389648438,21.780000686645508,4490700
2022-09-09,EWG,22.239999771118164,22.43000030517578,22.239999771118164,22.420000076293945,3038400
2022-09-12,EWG,22.959999084472656,23.1299991607666,22.920000076293945,23.049999237060547,9235500
2022-09-13,EWG,22.520000457763672,22.690000534057617,22.06999969482422,22.09000015258789,6847400
2022-09-14,EWG,22.040000915527344,22.18000030517578,21.8799991607666,22.059999465942383,10468000
2022-09-15,EWG,21.850000381469727,22.09000015258789,21.81999969482422,21.860000610351562,3364700
2022-09-16,EWG,21.5,21.709999084472656,21.440000534057617,21.610000610351562,9370200
2022-09-19,EWG,21.360000610351562,21.809999465942383,21.360000610351562,21.790000915527344,3386400
2022-09-20,EWG,21.3799991607666,21.459999084472656,21.09000015258789,21.290000915527344,8508800
2022-09-21,EWG,21.239999771118164,21.5,20.93000030517578,20.940000534057617,6353100
2022-09-22,EWG,21.020000457763672,21.079999923706055,20.75,20.899999618530273,3566100
2022-09-23,EWG,20.280000686645508,20.31999969482422,19.920000076293945,20.059999465942383,6668600
2022-09-26,EWG,19.989999771118164,20.149999618530273,19.700000762939453,19.770000457763672,6489100
2022-09-27,EWG,19.850000381469727,19.989999771118164,19.350000381469727,19.530000686645508,6233200
2022-09-28,EWG,19.5,20.200000762939453,19.43000030517578,20.15999984741211,5230800
2022-09-29,EWG,19.610000610351562,19.790000915527344,19.399999618530273,19.760000228881836,5291600
2022-09-30,EWG,19.68000030517578,20.040000915527344,19.65999984741211,19.739999771118164,6804500
2022-10-03,EWG,19.959999084472656,20.270000457763672,19.860000610351562,20.219999313354492,4340500
2022-10-04,EWG,20.90999984741211,21.299999237060547,20.899999618530273,21.280000686645508,4940100
2022-10-05,EWG,20.760000228881836,21.049999237060547,20.579999923706055,20.920000076293945,4503400
2022-10-06,EWG,20.6299991607666,20.739999771118164,20.450000762939453,20.459999084472656,5603800
2022-10-07,EWG,20.270000457763672,20.309999465942383,19.90999984741211,19.989999771118164,3593300
2022-10-10,EWG,20.170000076293945,20.200000762939453,19.850000381469727,20.030000686645508,4613200
2022-10-11,EWG,19.829999923706055,20.100000381469727,19.649999618530273,19.760000228881836,4734900
2022-10-12,EWG,19.770000457763672,19.8700008392334,19.68000030517578,19.729999542236328,3461000
2022-10-13,EWG,19.450000762939453,20.450000762939453,19.3799991607666,20.350000381469727,8038400
2022-10-14,EWG,20.549999237060547,20.649999618530273,20.09000015258789,20.100000381469727,4538600
2022-10-17,EWG,20.729999542236328,20.889999389648438,20.709999084472656,20.829999923706055,7089200
2022-10-18,EWG,21.389999389648438,21.389999389648438,20.979999542236328,21.170000076293945,6711600
2022-10-19,EWG,20.850000381469727,20.979999542236328,20.670000076293945,20.81999969482422,4609400
2022-10-20,EWG,20.81999969482422,21.09000015258789,20.690000534057617,20.729999542236328,3385500
2022-10-21,EWG,20.649999618530273,21.200000762939453,20.579999923706055,21.190000534057617,5810600
2022-10-24,EWG,21.260000228881836,21.479999542236328,21.139999389648438,21.43000030517578,5313400
2022-10-25,EWG,21.489999771118164,21.90999984741211,21.459999084472656,21.889999389648438,3420200
2022-10-26,EWG,21.8799991607666,22.329999923706055,21.8799991607666,22.18000030517578,5468600
2022-10-27,EWG,22.040000915527344,22.299999237060547,21.950000762939453,21.959999084472656,3593400
2022-10-28,EWG,21.90999984741211,22.170000076293945,21.850000381469727,22.15999984741211,3372700
2022-10-31,EWG,21.860000610351562,21.920000076293945,21.780000686645508,21.81999969482422,2234800
2022-11-01,EWG,22.270000457763672,22.280000686645508,21.850000381469727,21.979999542236328,3571700
2022-11-02,EWG,21.90999984741211,22.190000534057617,21.489999771118164,21.489999771118164,6201000
2022-11-03,EWG,21.09000015258789,21.31999969482422,21.049999237060547,21.149999618530273,4075200
2022-11-04,EWG,22.0,22.31999969482422,21.860000610351562,22.309999465942383,7074500
2022-11-07,EWG,22.489999771118164,22.610000610351562,22.389999389648438,22.520000457763672,2484500
2022-11-08,EWG,22.6200008392334,22.979999542236328,22.59000015258789,22.850000381469727,5225000
2022-11-09,EWG,22.639999389648438,22.860000610351562,22.559999465942383,22.56999969482422,4797000
2022-11-10,EWG,23.729999542236328,24.1299991607666,23.59000015258789,24.1200008392334,7536400
2022-11-11,EWG,24.399999618530273,24.899999618530273,24.329999923706055,24.829999923706055,9108700
2022-11-14,EWG,24.719999313354492,24.959999084472656,24.639999389648438,24.649999618530273,5562900
2022-11-15,EWG,25.030000686645508,25.09000015258789,24.31999969482422,24.75,10749600
2022-11-16,EWG,24.780000686645508,24.850000381469727,24.6200008392334,24.760000228881836,6499200
2022-11-17,EWG,24.459999084472656,24.889999389648438,24.459999084472656,24.850000381469727,2771400
2022-11-18,EWG,25.030000686645508,25.040000915527344,24.860000610351562,24.93000030517578,3221500
2022-11-21,EWG,24.6299991607666,24.75,24.559999465942383,24.670000076293945,2228900
2022-11-22,EWG,24.719999313354492,24.90999984741211,24.68000030517578,24.889999389648438,2386400
2022-11-23,EWG,24.790000915527344,25.09000015258789,24.790000915527344,25.06999969482422,3481500
2022-11-25,EWG,25.139999389648438,25.31999969482422,25.139999389648438,25.260000228881836,1402200
2022-11-28,EWG,25.1200008392334,25.219999313354492,24.790000915527344,24.81999969482422,2757300
2022-11-29,EWG,24.84000015258789,25.020000457763672,24.809999465942383,24.90999984741211,1506500
2022-11-30,EWG,25.059999465942383,25.459999084472656,24.790000915527344,25.389999389648438,7822900
2022-12-01,EWG,25.59000015258789,25.709999084472656,25.399999618530273,25.579999923706055,3481300
2022-12-02,EWG,25.450000762939453,25.770000457763672,25.420000076293945,25.739999771118164,2734200
2022-12-05,EWG,25.559999465942383,25.65999984741211,25.329999923706055,25.389999389648438,2124600
2022-12-06,EWG,25.350000381469727,25.399999618530273,24.979999542236328,25.079999923706055,3936400
2022-12-07,EWG,25.200000762939453,25.290000915527344,25.030000686645508,25.170000076293945,3811500
2022-12-08,EWG,25.079999923706055,25.290000915527344,25.0,25.25,1835500
2022-12-09,EWG,25.260000228881836,25.389999389648438,25.209999084472656,25.260000228881836,2600700
2022-12-12,EWG,25.229999542236328,25.299999237060547,25.1299991607666,25.290000915527344,3061100
2022-12-13,EWG,26.06999969482422,26.15999984741211,25.559999465942383,25.700000762939453,6184800
2022-12-14,EWG,25.649999618530273,25.8799991607666,25.489999771118164,25.68000030517578,4214900
2022-12-15,EWG,25.219999313354492,25.260000228881836,24.760000228881836,24.860000610351562,6141700
2022-12-16,EWG,24.690000534057617,24.81999969482422,24.530000686645508,24.600000381469727,3932000
2022-12-19,EWG,24.690000534057617,24.75,24.530000686645508,24.600000381469727,2790300
2022-12-20,EWG,24.540000915527344,24.709999084472656,24.510000228881836,24.649999618530273,2388400
2022-12-21,EWG,24.84000015258789,25.030000686645508,24.799999237060547,24.920000076293945,2619400
2022-12-22,EWG,24.780000686645508,24.780000686645508,24.440000534057617,24.65999984741211,2340100
2022-12-23,EWG,24.6299991607666,24.809999465942383,24.540000915527344,24.729999542236328,3478400
2022-12-27,EWG,24.809999465942383,24.90999984741211,24.75,24.809999465942383,2706300
2022-12-28,EWG,24.84000015258789,24.920000076293945,24.559999465942383,24.59000015258789,2047100
2022-12-29,EWG,24.959999084472656,25.1299991607666,24.90999984741211,25.049999237060547,2120900
2022-12-30,EWG,24.829999923706055,24.93000030517578,24.700000762939453,24.729999542236328,3106100
2023-01-03,EWG,25.260000228881836,25.399999618530273,25.040000915527344,25.149999618530273,3660600
2023-01-04,EWG,25.81999969482422,25.940000534057617,25.65999984741211,25.8700008392334,5115900
2023-01-05,EWG,25.719999313354492,25.84000015258789,25.670000076293945,25.709999084472656,7284500
2023-01-06,EWG,25.729999542236328,26.40999984741211,25.610000610351562,26.360000610351562,5430600
2023-01-09,EWG,26.75,26.950000762939453,26.690000534057617,26.709999084472656,3640500
2023-01-10,EWG,26.780000686645508,26.979999542236328,26.770000457763672,26.979999542236328,2315100
2023-01-11,EWG,27.219999313354492,27.329999923706055,27.170000076293945,27.309999465942383,3410000
2023-01-12,EWG,27.530000686645508,27.84000015258789,27.270000457763672,27.770000457763672,6525100
2023-01-13,EWG,27.540000915527344,27.799999237060547,27.510000228881836,27.790000915527344,6497600
2023-01-17,EWG,27.850000381469727,28.059999465942383,27.739999771118164,27.809999465942383,4441100
2023-01-18,EWG,28.110000610351562,28.1299991607666,27.690000534057617,27.700000762939453,3637200
2023-01-19,EWG,27.469999313354492,27.559999465942383,27.299999237060547,27.510000228881836,5342500
2023-01-20,EWG,27.440000534057617,27.770000457763672,27.389999389648438,27.770000457763672,3301100
2023-01-23,EWG,27.6299991607666,27.899999618530273,27.6200008392334,27.8700008392334,1745700
2023-01-24,EWG,27.68000030517578,27.860000610351562,27.610000610351562,27.829999923706055,2675200
2023-01-25,EWG,27.75,28.020000457763672,27.690000534057617,28.010000228881836,2194500
2023-01-26,EWG,27.950000762939453,28.010000228881836,27.780000686645508,28.010000228881836,2680800
2023-01-27,EWG,27.81999969482422,28.06999969482422,27.81999969482422,27.989999771118164,3507700
2023-01-30,EWG,27.940000534057617,28.06999969482422,27.829999923706055,27.850000381469727,2910100
2023-01-31,EWG,27.799999237060547,28.040000915527344,27.760000228881836,28.040000915527344,1995500
2023-02-01,EWG,28.1299991607666,28.6299991607666,27.989999771118164,28.520000457763672,4725600
2023-02-02,EWG,28.81999969482422,28.90999984741211,28.579999923706055,28.8700008392334,5353700
2023-02-03,EWG,28.420000076293945,28.700000762939453,28.350000381469727,28.420000076293945,5765900
2023-02-06,EWG,28.149999618530273,28.219999313354492,27.989999771118164,28.079999923706055,1888100
2023-02-07,EWG,27.8799991607666,28.18000030517578,27.75,28.1299991607666,3825800
2023-02-08,EWG,28.149999618530273,28.200000762939453,28.010000228881836,28.1200008392334,2577100
2023-02-09,EWG,28.540000915527344,28.579999923706055,28.079999923706055,28.1299991607666,2028000
2023-02-10,EWG,27.850000381469727,27.860000610351562,27.6299991607666,27.770000457763672,1812400
2023-02-13,EWG,27.809999465942383,28.030000686645508,27.809999465942383,28.030000686645508,3384000
2023-02-14,EWG,27.950000762939453,28.290000915527344,27.889999389648438,28.1299991607666,3773900
2023-02-15,EWG,27.90999984741211,28.18000030517578,27.90999984741211,28.170000076293945,1257800
2023-02-16,EWG,27.899999618530273,28.219999313354492,27.850000381469727,28.049999237060547,3973400
2023-02-17,EWG,27.860000610351562,28.15999984741211,27.81999969482422,28.149999618530273,2878200
2023-02-21,EWG,27.850000381469727,27.950000762939453,27.639999389648438,27.68000030517578,2285100
2023-02-22,EWG,27.639999389648438,27.729999542236328,27.5,27.549999237060547,1711200
2023-02-23,EWG,27.799999237060547,27.850000381469727,27.579999923706055,27.790000915527344,1091200
2023-02-24,EWG,27.229999542236328,27.290000915527344,26.950000762939453,27.040000915527344,3821300
2023-02-27,EWG,27.479999542236328,27.549999237060547,27.350000381469727,27.479999542236328,2153800
2023-02-28,EWG,27.420000076293945,27.520000457763672,27.260000228881836,27.290000915527344,1677300
2023-03-01,EWG,27.610000610351562,27.670000076293945,27.34000015258789,27.489999771118164,3354300
2023-03-02,EWG,27.170000076293945,27.43000030517578,27.170000076293945,27.389999389648438,3688500
2023-03-03,EWG,27.739999771118164,27.969999313354492,27.639999389648438,27.940000534057617,2089000
2023-03-06,EWG,28.06999969482422,28.200000762939453,28.059999465942383,28.09000015258789,1529200
2023-03-07,EWG,27.969999313354492,28.0,27.510000228881836,27.559999465942383,1777500
2023-03-08,EWG,27.6299991607666,27.829999923706055,27.559999465942383,27.739999771118164,1214900
2023-03-09,EWG,27.68000030517578,27.81999969482422,27.459999084472656,27.530000686645508,1728600
2023-03-10,EWG,27.56999969482422,27.6299991607666,27.280000686645508,27.299999237060547,2563600
2023-03-13,EWG,26.809999465942383,27.139999389648438,26.729999542236328,26.950000762939453,6034300
2023-03-14,EWG,27.420000076293945,27.479999542236328,27.239999771118164,27.440000534057617,3155300
2023-03-15,EWG,26.09000015258789,26.510000228881836,26.040000915527344,26.459999084472656,4854400
2023-03-16,EWG,26.15999984741211,26.829999923706055,26.1299991607666,26.799999237060547,3700700
2023-03-17,EWG,26.399999618530273,26.540000915527344,26.200000762939453,26.440000534057617,3092200
2023-03-20,EWG,26.709999084472656,26.959999084472656,26.670000076293945,26.8799991607666,1938000
2023-03-21,EWG,27.459999084472656,27.540000915527344,27.360000610351562,27.479999542236328,1542900
2023-03-22,EWG,27.59000015258789,27.90999984741211,27.420000076293945,27.43000030517578,2528000
2023-03-23,EWG,27.709999084472656,27.8700008392334,27.280000686645508,27.43000030517578,2634500
2023-03-24,EWG,26.979999542236328,27.149999618530273,26.81999969482422,27.110000610351562,3105800
2023-03-27,EWG,27.459999084472656,27.510000228881836,27.309999465942383,27.469999313354492,7062100
2023-03-28,EWG,27.440000534057617,27.549999237060547,27.389999389648438,27.5,1879800
2023-03-29,EWG,27.81999969482422,27.920000076293945,27.719999313354492,27.8799991607666,1622900
2023-03-30,EWG,28.31999969482422,28.40999984741211,28.290000915527344,28.3799991607666,1656200
2023-03-31,EWG,28.469999313354492,28.56999969482422,28.399999618530273,28.459999084472656,1585100
2023-04-03,EWG,28.389999389648438,28.540000915527344,28.34000015258789,28.530000686645508,1714100
2023-04-04,EWG,28.6299991607666,28.729999542236328,28.559999465942383,28.65999984741211,2186100
2023-04-05,EWG,28.420000076293945,28.5,28.260000228881836,28.3700008392334,2022600
2023-04-06,EWG,28.34000015258789,28.649999618530273,28.329999923706055,28.579999923706055,1438200
2023-04-10,EWG,28.399999618530273,28.59000015258789,28.34000015258789,28.59000015258789,1769500
2023-04-11,EWG,28.610000610351562,28.700000762939453,28.579999923706055,28.649999618530273,1605400
2023-04-12,EWG,28.899999618530273,28.989999771118164,28.780000686645508,28.81999969482422,2582300
2023-04-13,EWG,29.040000915527344,29.209999084472656,29.030000686645508,29.170000076293945,1427700
2023-04-14,EWG,29.219999313354492,29.290000915527344,29.0,29.139999389648438,1616700
2023-04-17,EWG,28.950000762939453,28.979999542236328,28.81999969482422,28.979999542236328,1714200
2023-04-18,EWG,29.139999389648438,29.229999542236328,29.100000381469727,29.200000762939453,1097100
2023-04-19,EWG,29.110000610351562,29.239999771118164,29.09000015258789,29.190000534057617,1223400
2023-04-20,EWG,28.90999984741211,29.059999465942383,28.90999984741211,28.989999771118164,1580400
2023-04-21,EWG,29.049999237060547,29.270000457763672,28.989999771118164,29.260000228881836,3464300
2023-04-24,EWG,29.309999465942383,29.3799991607666,29.260000228881836,29.360000610351562,1152000
2023-04-25,EWG,29.229999542236328,29.260000228881836,28.969999313354492,28.989999771118164,1656200
2023-04-26,EWG,29.309999465942383,29.309999465942383,29.040000915527344,29.079999923706055,1663900
2023-04-27,EWG,29.15999984741211,29.309999465942383,29.079999923706055,29.290000915527344,1532500
2023-04-28,EWG,29.170000076293945,29.459999084472656,29.139999389648438,29.40999984741211,1466100
2023-05-01,EWG,29.489999771118164,29.559999465942383,29.399999618530273,29.43000030517578,4771800
2023-05-02,EWG,29.079999923706055,29.100000381469727,28.8700008392334,29.040000915527344,3699000
2023-05-03,EWG,29.219999313354492,29.43000030517578,29.170000076293945,29.200000762939453,3081600
2023-05-04,EWG,29.030000686645508,29.170000076293945,28.93000030517578,29.079999923706055,1843300
2023-05-05,EWG,29.239999771118164,29.559999465942383,29.229999542236328,29.5,865200
2023-05-08,EWG,29.5,29.520000457763672,29.3799991607666,29.43000030517578,2040900
2023-05-09,EWG,29.110000610351562,29.290000915527344,29.100000381469727,29.239999771118164,869500
2023-05-10,EWG,29.309999465942383,29.309999465942383,29.030000686645508,29.209999084472656,1036500
2023-05-11,EWG,28.920000076293945,29.0,28.780000686645508,28.959999084472656,1447200
2023-05-12,EWG,28.93000030517578,28.969999313354492,28.770000457763672,28.850000381469727,1208800
2023-05-15,EWG,28.90999984741211,29.0,28.84000015258789,28.979999542236328,1240800
2023-05-16,EWG,28.889999389648438,28.90999984741211,28.760000228881836,28.780000686645508,1848900
2023-05-17,EWG,28.829999923706055,28.959999084472656,28.709999084472656,28.959999084472656,1697400
2023-05-18,EWG,29.0,29.100000381469727,28.899999618530273,29.079999923706055,1421700
2023-05-19,EWG,29.260000228881836,29.40999984741211,29.260000228881836,29.31999969482422,1325800
2023-05-22,EWG,29.18000030517578,29.260000228881836,29.18000030517578,29.209999084472656,1811600
2023-05-23,EWG,29.030000686645508,29.100000381469727,28.81999969482422,28.829999923706055,1531600
2023-05-24,EWG,28.530000686645508,28.530000686645508,28.329999923706055,28.360000610351562,1997800
2023-05-25,EWG,28.270000457763672,28.350000381469727,28.170000076293945,28.290000915527344,1312900
2023-05-26,EWG,28.3799991607666,28.6200008392334,28.3799991607666,28.579999923706055,1635600
2023-05-30,EWG,28.65999984741211,28.65999984741211,28.34000015258789,28.43000030517578,1575900
2023-05-31,EWG,28.06999969482422,28.1299991607666,27.729999542236328,27.979999542236328,2882000
2023-06-01,EWG,28.1299991607666,28.469999313354492,28.079999923706055,28.43000030517578,4116500
2023-06-02,EWG,28.690000534057617,28.719999313354492,28.579999923706055,28.610000610351562,2158400
2023-06-05,EWG,28.559999465942383,28.559999465942383,28.3799991607666,28.420000076293945,2618400
2023-06-06,EWG,28.350000381469727,28.520000457763672,28.350000381469727,28.510000228881836,6091000
2023-06-07,EWG,27.780000686645508,27.889999389648438,27.600000381469727,27.6299991607666,1313000
2023-06-08,EWG,27.84000015258789,27.989999771118164,27.81999969482422,27.979999542236328,2335400
2023-06-09,EWG,27.8700008392334,27.8799991607666,27.729999542236328,27.760000228881836,2257900
2023-06-12,EWG,28.0,28.139999389648438,27.959999084472656,28.139999389648438,1647200
2023-06-13,EWG,28.31999969482422,28.40999984741211,28.239999771118164,28.389999389648438,2215400
2023-06-14,EWG,28.579999923706055,28.709999084472656,28.420000076293945,28.559999465942383,1061600
2023-06-15,EWG,28.579999923706055,28.959999084472656,28.559999465942383,28.93000030517578,1364900
2023-06-16,EWG,29.100000381469727,29.1200008392334,28.889999389648438,28.90999984741211,2059500
2023-06-20,EWG,28.479999542236328,28.540000915527344,28.3700008392334,28.450000762939453,945200
2023-06-21,EWG,28.329999923706055,28.510000228881836,28.270000457763672,28.389999389648438,819800
2023-06-22,EWG,28.299999237060547,28.40999984741211,28.299999237060547,28.350000381469727,1040900
2023-06-23,EWG,27.809999465942383,28.010000228881836,27.790000915527344,27.93000030517578,804600
2023-06-26,EWG,27.93000030517578,28.020000457763672,27.899999618530273,27.899999618530273,927100
2023-06-27,EWG,28.059999465942383,28.25,27.989999771118164,28.200000762939453,965500
2023-06-28,EWG,28.239999771118164,28.309999465942383,28.139999389648438,28.209999084472656,960100
2023-06-29,EWG,28.030000686645508,28.110000610351562,28.010000228881836,28.06999969482422,1067800
2023-06-30,EWG,28.530000686645508,28.610000610351562,28.469999313354492,28.56999969482422,2886400
2023-07-03,EWG,28.43000030517578,28.489999771118164,28.3700008392334,28.43000030517578,757300
2023-07-05,EWG,28.09000015258789,28.1200008392334,27.93000030517578,27.959999084472656,1388800
2023-07-06,EWG,27.520000457763672,27.549999237060547,27.229999542236328,27.389999389648438,1440600
2023-07-07,EWG,27.510000228881836,27.850000381469727,27.459999084472656,27.68000030517578,2174600
2023-07-10,EWG,27.729999542236328,27.889999389648438,27.719999313354492,27.889999389648438,886700
2023-07-11,EWG,28.040000915527344,28.190000534057617,27.979999542236328,28.190000534057617,6567500
2023-07-12,EWG,28.68000030517578,28.889999389648438,28.639999389648438,28.8700008392334,2555900
2023-07-13,EWG,29.18000030517578,29.3799991607666,29.18000030517578,29.3700008392334,3133700
2023-07-14,EWG,29.299999237060547,29.3700008392334,29.190000534057617,29.209999084472656,1367500
2023-07-17,EWG,29.09000015258789,29.309999465942383,29.059999465942383,29.270000457763672,442400
2023-07-18,EWG,29.190000534057617,29.360000610351562,29.170000076293945,29.34000015258789,1009700
2023-07-19,EWG,29.280000686645508,29.31999969482422,29.15999984741211,29.219999313354492,847900
2023-07-20,EWG,29.270000457763672,29.34000015258789,28.979999542236328,29.030000686645508,1209000
2023-07-21,EWG,29.100000381469727,29.139999389648438,29.0,29.100000381469727,975000
2023-07-24,EWG,28.959999084472656,29.020000457763672,28.90999984741211,28.940000534057617,1806500
2023-07-25,EWG,28.8700008392334,29.020000457763672,28.860000610351562,28.989999771118164,1446800
2023-07-26,EWG,28.65999984741211,29.040000915527344,28.65999984741211,28.959999084472656,3028400
2023-07-27,EWG,29.280000686645508,29.350000381469727,29.0,29.040000915527344,2363400
2023-07-28,EWG,29.290000915527344,29.479999542236328,29.270000457763672,29.420000076293945,1175600
2023-07-31,EWG,29.459999084472656,29.520000457763672,29.309999465942383,29.31999969482422,876600
2023-08-01,EWG,28.989999771118164,29.059999465942383,28.809999465942383,28.899999618530273,3708400
2023-08-02,EWG,28.520000457763672,28.559999465942383,28.260000228881836,28.31999969482422,2937900
2023-08-03,EWG,28.059999465942383,28.280000686645508,28.020000457763672,28.15999984741211,3161800
2023-08-04,EWG,28.270000457763672,28.530000686645508,28.190000534057617,28.229999542236328,1459900
2023-08-07,EWG,28.350000381469727,28.479999542236328,28.239999771118164,28.459999084472656,1426100
2023-08-08,EWG,27.959999084472656,28.100000381469727,27.850000381469727,28.079999923706055,1934600
2023-08-09,EWG,28.190000534057617,28.299999237060547,28.110000610351562,28.18000030517578,939500
2023-08-10,EWG,28.469999313354492,28.709999084472656,28.299999237060547,28.360000610351562,1906700
2023-08-11,EWG,28.139999389648438,28.209999084472656,28.049999237060547,28.110000610351562,2465600
2023-08-14,EWG,27.959999084472656,28.170000076293945,27.8700008392334,28.1200008392334,1568600
2023-08-15,EWG,28.010000228881836,28.020000457763672,27.739999771118164,27.799999237060547,4825100
2023-08-16,EWG,27.829999923706055,27.959999084472656,27.68000030517578,27.690000534057617,1834600
2023-08-17,EWG,27.790000915527344,27.81999969482422,27.459999084472656,27.5,6704500
2023-08-18,EWG,27.219999313354492,27.5,27.200000762939453,27.440000534057617,3035800
2023-08-21,EWG,27.540000915527344,27.6200008392334,27.43000030517578,27.59000015258789,1975800
2023-08-22,EWG,27.670000076293945,27.690000534057617,27.5,27.540000915527344,2264000
2023-08-23,EWG,27.469999313354492,27.690000534057617,27.469999313354492,27.649999618530273,3226400
2023-08-24,EWG,27.510000228881836,27.59000015258789,27.200000762939453,27.200000762939453,1682900
2023-08-25,EWG,27.3799991607666,27.540000915527344,27.15999984741211,27.3799991607666,1392500
2023-08-28,EWG,27.540000915527344,27.65999984741211,27.520000457763672,27.6200008392334,1199700
2023-08-29,EWG,27.610000610351562,28.110000610351562,27.600000381469727,28.09000015258789,2856600
2023-08-30,EWG,28.06999969482422,28.15999984741211,27.989999771118164,28.040000915527344,861300
2023-08-31,EWG,28.049999237060547,28.1299991607666,27.860000610351562,27.920000076293945,1159900
2023-09-01,EWG,27.979999542236328,28.0,27.56999969482422,27.610000610351562,1687000
2023-09-05,EWG,27.450000762939453,27.479999542236328,27.270000457763672,27.290000915527344,1061900
2023-09-06,EWG,27.260000228881836,27.31999969482422,27.15999984741211,27.229999542236328,723900
2023-09-07,EWG,27.1200008392334,27.170000076293945,27.010000228881836,27.09000015258789,1503600
2023-09-08,EWG,27.1200008392334,27.25,27.09000015258789,27.110000610351562,4147300
2023-09-11,EWG,27.3799991607666,27.459999084472656,27.290000915527344,27.440000534057617,1978600
2023-09-12,EWG,27.15999984741211,27.299999237060547,27.15999984741211,27.209999084472656,2481500
2023-09-13,EWG,27.149999618530273,27.229999542236328,27.030000686645508,27.079999923706055,816900
2023-09-14,EWG,27.1299991607666,27.280000686645508,27.079999923706055,27.25,1406000
2023-09-15,EWG,27.399999618530273,27.489999771118164,27.299999237060547,27.329999923706055,1490300
2023-09-18,EWG,27.1299991607666,27.18000030517578,27.040000915527344,27.1299991607666,1077400
2023-09-19,EWG,27.059999465942383,27.1299991607666,26.979999542236328,27.049999237060547,1025500
2023-09-20,EWG,27.270000457763672,27.40999984741211,27.030000686645508,27.040000915527344,3878600
2023-09-21,EWG,26.8700008392334,26.959999084472656,26.68000030517578,26.68000030517578,15878100
2023-09-22,EWG,26.809999465942383,26.93000030517578,26.690000534057617,26.709999084472656,1863000
2023-09-25,EWG,26.34000015258789,26.450000762939453,26.239999771118164,26.440000534057617,1202600
2023-09-26,EWG,26.1299991607666,26.219999313354492,25.940000534057617,25.969999313354492,1896600
2023-09-27,EWG,25.959999084472656,26.0,25.639999389648438,25.860000610351562,1720200
2023-09-28,EWG,25.8799991607666,26.200000762939453,25.850000381469727,26.1200008392334,1608600
2023-09-29,EWG,26.510000228881836,26.510000228881836,26.1299991607666,26.200000762939453,2110200
2023-10-02,EWG,26.0,26.040000915527344,25.68000030517578,25.739999771118164,3133200
2023-10-03,EWG,25.600000381469727,25.65999984741211,25.420000076293945,25.489999771118164,2152700
2023-10-04,EWG,25.68000030517578,25.719999313354492,25.459999084472656,25.690000534057617,1645100
2023-10-05,EWG,25.649999618530273,25.739999771118164,25.549999237060547,25.709999084472656,1410000
2023-10-06,EWG,25.649999618530273,26.149999618530273,25.530000686645508,26.09000015258789,1955400
2023-10-09,EWG,25.709999084472656,25.920000076293945,25.65999984741211,25.90999984741211,1442000
2023-10-10,EWG,26.280000686645508,26.43000030517578,26.239999771118164,26.31999969482422,1608000
2023-10-11,EWG,26.440000534057617,26.5,26.260000228881836,26.43000030517578,3408100
2023-10-12,EWG,26.309999465942383,26.329999923706055,26.0,26.079999923706055,1671700
2023-10-13,EWG,25.93000030517578,25.959999084472656,25.600000381469727,25.68000030517578,5224200
2023-10-16,EWG,25.799999237060547,25.959999084472656,25.770000457763672,25.940000534057617,1391300
2023-10-17,EWG,25.6299991607666,26.030000686645508,25.6299991607666,25.920000076293945,1252600
2023-10-18,EWG,25.649999618530273,25.709999084472656,25.440000534057617,25.469999313354492,1749900
2023-10-19,EWG,25.59000015258789,25.75,25.420000076293945,25.459999084472656,1979700
2023-10-20,EWG,25.31999969482422,25.399999618530273,25.18000030517578,25.190000534057617,3773500
2023-10-23,EWG,25.049999237060547,25.420000076293945,24.959999084472656,25.280000686645508,1667100
2023-10-24,EWG,25.270000457763672,25.389999389648438,25.229999542236328,25.360000610351562,1253700
2023-10-25,EWG,25.200000762939453,25.3700008392334,25.079999923706055,25.1299991607666,2716300
2023-10-26,EWG,24.940000534057617,25.0,24.719999313354492,24.81999969482422,1901200
2023-10-27,EWG,25.09000015258789,25.09000015258789,24.709999084472656,24.770000457763672,3086000
2023-10-30,EWG,25.049999237060547,25.139999389648438,24.93000030517578,25.100000381469727,1515700
2023-10-31,EWG,25.1200008392334,25.25,25.030000686645508,25.18000030517578,1181600
2023-11-01,EWG,25.139999389648438,25.3799991607666,25.110000610351562,25.360000610351562,2630300
2023-11-02,EWG,25.889999389648438,25.959999084472656,25.760000228881836,25.90999984741211,1789500
2023-11-03,EWG,26.200000762939453,26.31999969482422,26.1200008392334,26.149999618530273,1745000
2023-11-06,EWG,26.149999618530273,26.170000076293945,26.0,26.059999465942383,1020600
2023-11-07,EWG,25.93000030517578,26.09000015258789,25.899999618530273,26.030000686645508,2679400
2023-11-08,EWG,26.170000076293945,26.270000457763672,26.1200008392334,26.229999542236328,3458200
2023-11-09,EWG,26.479999542236328,26.530000686645508,26.219999313354492,26.239999771118164,2158700
2023-11-10,EWG,26.209999084472656,26.360000610351562,26.049999237060547,26.34000015258789,1374800
2023-11-13,EWG,26.219999313354492,26.450000762939453,26.190000534057617,26.40999984741211,2018500
2023-11-14,EWG,27.09000015258789,27.389999389648438,27.09000015258789,27.360000610351562,2062700
2023-11-15,EWG,27.479999542236328,27.600000381469727,27.440000534057617,27.510000228881836,1301900
2023-11-16,EWG,27.65999984741211,27.770000457763672,27.549999237060547,27.6299991607666,1155400
2023-11-17,EWG,27.8799991607666,28.0,27.81999969482422,27.989999771118164,938000
2023-11-20,EWG,27.899999618530273,28.100000381469727,27.899999618530273,28.06999969482422,1112500
2023-11-21,EWG,28.059999465942383,28.059999465942383,27.860000610351562,27.899999618530273,1138000
2023-11-22,EWG,27.969999313354492,27.989999771118164,27.84000015258789,27.950000762939453,1227700
2023-11-24,EWG,28.09000015258789,28.229999542236328,28.09000015258789,28.219999313354492,593500
2023-11-27,EWG,28.1299991607666,28.15999984741211,28.059999465942383,28.1299991607666,921500
2023-11-28,EWG,28.1299991607666,28.31999969482422,28.110000610351562,28.239999771118164,1686500
2023-11-29,EWG,28.520000457763672,28.639999389648438,28.459999084472656,28.530000686645508,1147100
2023-11-30,EWG,28.489999771118164,28.489999771118164,28.350000381469727,28.40999984741211,2223700
2023-12-01,EWG,28.440000534057617,28.760000228881836,28.420000076293945,28.729999542236328,2799100
2023-12-04,EWG,28.510000228881836,28.639999389648438,28.469999313354492,28.639999389648438,1327700
2023-12-05,EWG,28.649999618530273,28.770000457763672,28.600000381469727,28.690000534057617,1323100
2023-12-06,EWG,28.899999618530273,29.020000457763672,28.739999771118164,28.760000228881836,1221300
2023-12-07,EWG,28.81999969482422,28.93000030517578,28.739999771118164,28.889999389648438,1864800
2023-12-08,EWG,28.790000915527344,29.030000686645508,28.790000915527344,29.0,2214300
2023-12-11,EWG,28.860000610351562,29.059999465942383,28.860000610351562,29.040000915527344,747300
2023-12-12,EWG,29.030000686645508,29.1200008392334,28.940000534057617,29.100000381469727,816200
2023-12-13,EWG,29.100000381469727,29.520000457763672,28.93000030517578,29.489999771118164,1791600
2023-12-14,EWG,29.559999465942383,29.690000534057617,29.420000076293945,29.579999923706055,1934400
2023-12-15,EWG,29.3700008392334,29.420000076293945,29.260000228881836,29.270000457763672,2046900
2023-12-18,EWG,29.280000686645508,29.290000915527344,29.149999618530273,29.239999771118164,1548100
2023-12-19,EWG,29.459999084472656,29.579999923706055,29.43000030517578,29.579999923706055,1099600
2023-12-20,EWG,29.469999313354492,29.540000915527344,29.15999984741211,29.18000030517578,1062600
2023-12-21,EWG,29.440000534057617,29.549999237060547,29.34000015258789,29.540000915527344,1129100
2023-12-22,EWG,29.59000015258789,29.600000381469727,29.420000076293945,29.520000457763672,739300
2023-12-26,EWG,29.540000915527344,29.739999771118164,29.459999084472656,29.690000534057617,839100
2023-12-27,EWG,29.729999542236328,29.899999618530273,29.729999542236328,29.860000610351562,1031700
2023-12-28,EWG,29.760000228881836,29.799999237060547,29.6299991607666,29.65999984741211,906300
2023-12-29,EWG,29.709999084472656,29.81999969482422,29.600000381469727,29.690000534057617,1128700
2024-01-02,EWG,29.3799991607666,29.459999084472656,29.299999237060547,29.34000015258789,1970800
2024-01-03,EWG,28.969999313354492,29.010000228881836,28.809999465942383,28.920000076293945,2066300
2024-01-04,EWG,28.969999313354492,29.190000534057617,28.969999313354492,29.030000686645508,959600
2024-01-05,EWG,28.959999084472656,29.290000915527344,28.940000534057617,29.030000686645508,776500
2024-01-08,EWG,29.200000762939453,29.40999984741211,29.170000076293945,29.40999984741211,1289400
2024-01-09,EWG,29.100000381469727,29.209999084472656,29.09000015258789,29.15999984741211,727800
2024-01-10,EWG,29.18000030517578,29.3700008392334,29.1299991607666,29.299999237060547,1016600
2024-01-11,EWG,29.299999237060547,29.360000610351562,28.940000534057617,29.190000534057617,2574400
2024-01-12,EWG,29.290000915527344,29.399999618530273,29.18000030517578,29.219999313354492,698500
2024-01-16,EWG,28.68000030517578,28.799999237060547,28.610000610351562,28.670000076293945,1117200
2024-01-17,EWG,28.3700008392334,28.5,28.280000686645508,28.489999771118164,3637200
2024-01-18,EWG,28.610000610351562,28.739999771118164,28.56999969482422,28.729999542236328,1526100
2024-01-19,EWG,28.65999984741211,28.889999389648438,28.6200008392334,28.889999389648438,1589200
2024-01-22,EWG,28.899999618530273,28.979999542236328,28.889999389648438,28.920000076293945,1841200
2024-01-23,EWG,28.829999923706055,28.8700008392334,28.709999084472656,28.850000381469727,1274600
2024-01-24,EWG,29.520000457763672,29.579999923706055,29.350000381469727,29.360000610351562,2033200
2024-01-25,EWG,29.360000610351562,29.360000610351562,29.200000762939453,29.309999465942383,1307700
2024-01-26,EWG,29.420000076293945,29.489999771118164,29.3700008392334,29.389999389648438,1289600
2024-01-29,EWG,29.209999084472656,29.489999771118164,29.209999084472656,29.459999084472656,938400
2024-01-30,EWG,29.43000030517578,29.469999313354492,29.350000381469727,29.420000076293945,855000
2024-01-31,EWG,29.469999313354492,29.510000228881836,29.010000228881836,29.06999969482422,1646900
2024-02-01,EWG,29.219999313354492,29.5,29.170000076293945,29.5,3587800
2024-02-02,EWG,29.280000686645508,29.309999465942383,29.1200008392334,29.229999542236328,1608000
2024-02-05,EWG,29.030000686645508,29.1200008392334,28.920000076293945,29.06999969482422,1207900
2024-02-06,EWG,29.059999465942383,29.290000915527344,29.059999465942383,29.280000686645508,1258400
2024-02-07,EWG,29.25,29.270000457763672,29.110000610351562,29.200000762939453,954500
2024-02-08,EWG,29.260000228881836,29.290000915527344,29.209999084472656,29.260000228881836,1597800
2024-02-09,EWG,29.190000534057617,29.290000915527344,29.1299991607666,29.270000457763672,1126700
2024-02-12,EWG,29.280000686645508,29.40999984741211,29.260000228881836,29.34000015258789,1315300
2024-02-13,EWG,28.8799991607666,28.950000762939453,28.719999313354492,28.809999465942383,2183400
2024-02-14,EWG,28.969999313354492,29.170000076293945,28.959999084472656,29.15999984741211,2066500
2024-02-15,EWG,29.329999923706055,29.5,29.329999923706055,29.479999542236328,857700
2024-02-16,EWG,29.510000228881836,29.6200008392334,29.40999984741211,29.510000228881836,961500
2024-02-20,EWG,29.56999969482422,29.6299991607666,29.5,29.579999923706055,1094200
2024-02-21,EWG,29.600000381469727,29.729999542236328,29.59000015258789,29.709999084472656,1131300
2024-02-22,EWG,30.1200008392334,30.219999313354492,30.06999969482422,30.200000762939453,1507500
2024-02-23,EWG,30.209999084472656,30.260000228881836,30.15999984741211,30.219999313354492,1071100
2024-02-26,EWG,30.34000015258789,30.34000015258789,30.239999771118164,30.309999465942383,899900
2024-02-27,EWG,30.399999618530273,30.559999465942383,30.399999618530273,30.549999237060547,3879500
2024-02-28,EWG,30.450000762939453,30.540000915527344,30.420000076293945,30.489999771118164,845600
2024-02-29,EWG,30.700000762939453,30.770000457763672,30.489999771118164,30.639999389648438,1138800
2024-03-01,EWG,30.68000030517578,30.799999237060547,30.530000686645508,30.780000686645508,1855400
2024-03-04,EWG,30.68000030517578,30.770000457763672,30.68000030517578,30.729999542236328,811900
2024-03-05,EWG,30.700000762939453,30.809999465942383,30.520000457763672,30.6200008392334,3897900
2024-03-06,EWG,30.790000915527344,30.889999389648438,30.729999542236328,30.809999465942383,1459600
2024-03-07,EWG,30.959999084472656,31.260000228881836,30.959999084472656,31.25,884300
2024-03-08,EWG,31.219999313354492,31.25,30.979999542236328,31.010000228881836,1064400
2024-03-11,EWG,30.90999984741211,31.040000915527344,30.84000015258789,31.030000686645508,1563500
2024-03-12,EWG,31.110000610351562,31.43000030517578,31.0,31.420000076293945,1388400
2024-03-13,EWG,31.420000076293945,31.5,31.3799991607666,31.40999984741211,1857300
2024-03-14,EWG,31.350000381469727,31.360000610351562,31.020000457763672,31.149999618530273,1410900
2024-03-15,EWG,31.229999542236328,31.25,31.059999465942383,31.170000076293945,1173100
2024-03-18,EWG,31.15999984741211,31.15999984741211,30.969999313354492,30.989999771118164,1322300
2024-03-19,EWG,31.010000228881836,31.1200008392334,30.93000030517578,31.06999969482422,1346300
2024-03-20,EWG,31.0,31.479999542236328,30.989999771118164,31.450000762939453,1128400
2024-03-21,EWG,31.270000457763672,31.3700008392334,31.229999542236328,31.309999465942383,1007100
2024-03-22,EWG,31.309999465942383,31.329999923706055,31.229999542236328,31.290000915527344,1338200
2024-03-25,EWG,31.31999969482422,31.489999771118164,31.31999969482422,31.440000534057617,1423000
2024-03-26,EWG,31.700000762939453,31.729999542236328,31.56999969482422,31.579999923706055,969800
2024-03-27,EWG,31.790000915527344,31.8799991607666,31.719999313354492,31.8700008392334,1079100
2024-03-28,EWG,31.75,31.799999237060547,31.729999542236328,31.75,899000
2024-04-01,EWG,31.829999923706055,31.969999313354492,31.670000076293945,31.729999542236328,2072100
2024-04-02,EWG,31.399999618530273,31.40999984741211,31.280000686645508,31.350000381469727,2835900
2024-04-03,EWG,31.43000030517578,31.690000534057617,31.420000076293945,31.649999618530273,1882800
2024-04-04,EWG,31.84000015258789,31.90999984741211,31.3700008392334,31.3700008392334,1662300
2024-04-05,EWG,31.260000228881836,31.399999618530273,31.170000076293945,31.350000381469727,2182800
2024-04-08,EWG,31.579999923706055,31.639999389648438,31.520000457763672,31.579999923706055,979700
2024-04-09,EWG,31.530000686645508,31.600000381469727,31.239999771118164,31.360000610351562,1552900
2024-04-10,EWG,30.90999984741211,31.1299991607666,30.860000610351562,30.969999313354492,2819500
2024-04-11,EWG,30.920000076293945,30.93000030517578,30.5,30.850000381469727,2146900
2024-04-12,EWG,30.420000076293945,30.559999465942383,30.209999084472656,30.25,2065700
2024-04-15,EWG,30.790000915527344,30.850000381469727,30.239999771118164,30.260000228881836,2321500
2024-04-16,EWG,30.1299991607666,30.15999984741211,29.90999984741211,30.0,5629300
2024-04-17,EWG,30.280000686645508,30.299999237060547,30.020000457763672,30.149999618530273,2353300
2024-04-18,EWG,30.139999389648438,30.290000915527344,29.989999771118164,30.040000915527344,1926400
2024-04-19,EWG,30.049999237060547,30.139999389648438,29.90999984741211,30.010000228881836,6857200
2024-04-22,EWG,30.229999542236328,30.479999542236328,30.18000030517578,30.3799991607666,1457000
2024-04-23,EWG,30.639999389648438,30.959999084472656,30.6299991607666,30.93000030517578,1356100
2024-04-24,EWG,30.860000610351562,30.8700008392334,30.68000030517578,30.790000915527344,890900
2024-04-25,EWG,30.389999389648438,30.719999313354492,30.31999969482422,30.690000534057617,1986500
2024-04-26,EWG,30.850000381469727,31.010000228881836,30.809999465942383,30.959999084472656,834900
2024-04-29,EWG,30.8799991607666,31.0,30.860000610351562,30.979999542236328,586000
2024-04-30,EWG,30.729999542236328,30.81999969482422,30.450000762939453,30.459999084472656,1351300
2024-05-01,EWG,30.459999084472656,30.790000915527344,30.299999237060547,30.389999389648438,3394700
2024-05-02,EWG,30.670000076293945,30.739999771118164,30.420000076293945,30.709999084472656,1381500
2024-05-03,EWG,31.020000457763672,31.1299991607666,30.799999237060547,30.950000762939453,1261900
2024-05-06,EWG,31.209999084472656,31.299999237060547,31.149999618530273,31.280000686645508,770200
2024-05-07,EWG,31.530000686645508,31.670000076293945,31.5,31.59000015258789,743600
2024-05-08,EWG,31.549999237060547,31.65999984741211,31.549999237060547,31.65999984741211,671200
2024-05-09,EWG,31.889999389648438,32.08000183105469,31.8799991607666,32.060001373291016,611600
2024-05-10,EWG,32.16999816894531,32.220001220703125,32.11000061035156,32.18000030517578,636200
2024-05-13,EWG,32.220001220703125,32.279998779296875,32.13999938964844,32.16999816894531,1431800
2024-05-14,EWG,32.2400016784668,32.380001068115234,32.2400016784668,32.36000061035156,1229900
2024-05-15,EWG,32.560001373291016,32.75,32.529998779296875,32.7400016784668,828400
2024-05-16,EWG,32.52000045776367,32.52000045776367,32.34000015258789,32.349998474121094,1413500
2024-05-17,EWG,32.34000015258789,32.439998626708984,32.279998779296875,32.41999816894531,561400
2024-05-20,EWG,32.439998626708984,32.470001220703125,32.36000061035156,32.380001068115234,393600
2024-05-21,EWG,32.279998779296875,32.349998474121094,32.209999084472656,32.34000015258789,475500
2024-05-22,EWG,32.209999084472656,32.2599983215332,32.0,32.08000183105469,901600
2024-05-23,EWG,32.29999923706055,32.310001373291016,31.850000381469727,31.93000030517578,1774400
2024-05-24,EWG,32.13999938964844,32.29999923706055,32.08000183105469,32.279998779296875,637400
2024-05-28,EWG,32.380001068115234,32.38999938964844,32.150001525878906,32.2400016784668,811700
2024-05-29,EWG,31.780000686645508,31.899999618530273,31.739999771118164,31.739999771118164,1257500
2024-05-30,EWG,31.829999923706055,31.90999984741211,31.729999542236328,31.780000686645508,1451700
2024-05-31,EWG,31.989999771118164,32.08000183105469,31.81999969482422,32.060001373291016,847200
2024-06-03,EWG,32.2400016784668,32.310001373291016,32.029998779296875,32.20000076293945,1279300
2024-06-04,EWG,31.989999771118164,32.11000061035156,31.84000015258789,31.979999542236328,871800
2024-06-05,EWG,32.2599983215332,32.29999923706055,32.040000915527344,32.279998779296875,1402100
2024-06-06,EWG,32.34000015258789,32.369998931884766,32.2599983215332,32.34000015258789,1185400
2024-06-07,EWG,31.979999542236328,32.099998474121094,31.920000076293945,31.950000762939453,581500
2024-06-10,EWG,31.579999923706055,31.829999923706055,31.540000915527344,31.799999237060547,540400
2024-06-11,EWG,30.700000762939453,30.829999923706055,30.530000686645508,30.75,1075300
2024-06-12,EWG,31.399999618530273,31.530000686645508,31.280000686645508,31.350000381469727,987000
2024-06-13,EWG,31.010000228881836,31.010000228881836,30.510000228881836,30.610000610351562,980400
2024-06-14,EWG,29.989999771118164,30.059999465942383,29.850000381469727,30.010000228881836,3112700
2024-06-17,EWG,30.139999389648438,30.309999465942383,30.030000686645508,30.290000915527344,1146800
2024-06-18,EWG,30.18000030517578,30.329999923706055,30.170000076293945,30.290000915527344,729600
2024-06-20,EWG,30.239999771118164,30.389999389648438,30.200000762939453,30.350000381469727,1163700
2024-06-21,EWG,30.149999618530273,30.219999313354492,30.010000228881836,30.18000030517578,1218400
2024-06-24,EWG,30.479999542236328,30.6299991607666,30.40999984741211,30.479999542236328,1719000
2024-06-25,EWG,30.360000610351562,30.469999313354492,30.309999465942383,30.440000534057617,825100
2024-06-26,EWG,30.190000534057617,30.40999984741211,30.149999618530273,30.3700008392334,1824600
2024-06-27,EWG,30.520000457763672,30.6299991607666,30.459999084472656,30.549999237060547,990100
2024-06-28,EWG,30.520000457763672,30.670000076293945,30.5,30.6200008392334,999300
2024-07-01,EWG,30.850000381469727,30.90999984741211,30.649999618530273,30.760000228881836,781600
2024-07-02,EWG,30.3799991607666,30.540000915527344,30.34000015258789,30.520000457763672,915200
2024-07-03,EWG,30.829999923706055,31.020000457763672,30.829999923706055,30.979999542236328,306600
2024-07-05,EWG,31.3700008392334,31.3799991607666,31.059999465942383,31.309999465942383,800000
2024-07-08,EWG,31.360000610351562,31.399999618530273,31.1200008392334,31.15999984741211,354900
2024-07-09,EWG,30.93000030517578,30.950000762939453,30.729999542236328,30.799999237060547,1096000
2024-07-10,EWG,31.059999465942383,31.219999313354492,31.020000457763672,31.200000762939453,640400
2024-07-11,EWG,31.459999084472656,31.559999465942383,31.399999618530273,31.43000030517578,736400
2024-07-12,EWG,31.68000030517578,32.02000045776367,31.68000030517578,31.920000076293945,688100
2024-07-15,EWG,31.729999542236328,31.760000228881836,31.549999237060547,31.600000381469727,442700
2024-07-16,EWG,31.420000076293945,31.639999389648438,31.360000610351562,31.6299991607666,765700
2024-07-17,EWG,31.479999542236328,31.610000610351562,31.440000534057617,31.489999771118164,546300
2024-07-18,EWG,31.56999969482422,31.610000610351562,31.149999618530273,31.18000030517578,581300
2024-07-19,EWG,31.010000228881836,31.020000457763672,30.850000381469727,30.8700008392334,508700
2024-07-22,EWG,31.31999969482422,31.399999618530273,31.25,31.3700008392334,443200
2024-07-23,EWG,31.40999984741211,31.479999542236328,31.360000610351562,31.399999618530273,333400
2024-07-24,EWG,31.200000762939453,31.290000915527344,31.0,31.040000915527344,335500
2024-07-25,EWG,30.850000381469727,31.190000534057617,30.799999237060547,30.940000534057617,483400
2024-07-26,EWG,31.149999618530273,31.34000015258789,31.110000610351562,31.309999465942383,363100
2024-07-29,EWG,31.100000381469727,31.100000381469727,30.90999984741211,31.010000228881836,1504300
2024-07-30,EWG,31.079999923706055,31.139999389648438,30.959999084472656,31.049999237060547,525400
2024-07-31,EWG,31.18000030517578,31.309999465942383,31.079999923706055,31.110000610351562,638700
2024-08-01,EWG,30.739999771118164,30.850000381469727,30.219999313354492,30.350000381469727,1700500
2024-08-02,EWG,30.09000015258789,30.18000030517578,29.969999313354492,30.139999389648438,706200
2024-08-05,EWG,29.299999237060547,29.719999313354492,29.280000686645508,29.559999465942383,2460900
2024-08-06,EWG,29.299999237060547,29.68000030517578,29.299999237060547,29.489999771118164,1178100
2024-08-07,EWG,29.90999984741211,30.020000457763672,29.549999237060547,29.579999923706055,1685900
2024-08-08,EWG,29.829999923706055,30.059999465942383,29.709999084472656,30.030000686645508,638800
2024-08-09,EWG,29.969999313354492,30.190000534057617,29.920000076293945,30.15999984741211,641500
2024-08-12,EWG,30.190000534057617,30.200000762939453,30.030000686645508,30.100000381469727,409600
2024-08-13,EWG,30.209999084472656,30.549999237060547,30.209999084472656,30.520000457763672,335800
2024-08-14,EWG,30.700000762939453,30.729999542236328,30.600000381469727,30.670000076293945,740500
2024-08-15,EWG,30.959999084472656,31.110000610351562,30.950000762939453,31.059999465942383,791200
2024-08-16,EWG,31.229999542236328,31.43000030517578,31.229999542236328,31.399999618530273,463800
2024-08-19,EWG,31.530000686645508,31.770000457763672,31.530000686645508,31.760000228881836,313200
2024-08-20,EWG,31.719999313354492,31.799999237060547,31.65999984741211,31.709999084472656,236300
2024-08-21,EWG,31.899999618530273,32.08000183105469,31.829999923706055,32.040000915527344,400700
2024-08-22,EWG,32.09000015258789,32.11000061035156,31.829999923706055,31.850000381469727,867900
2024-08-23,EWG,32.11000061035156,32.45000076293945,32.08000183105469,32.41999816894531,696800
2024-08-26,EWG,32.31999969482422,32.38999938964844,32.27000045776367,32.33000183105469,222300
2024-08-27,EWG,32.459999084472656,32.560001373291016,32.40999984741211,32.52000045776367,598900
2024-08-28,EWG,32.540000915527344,32.61000061035156,32.34000015258789,32.459999084472656,479900
2024-08-29,EWG,32.630001068115234,32.709999084472656,32.45000076293945,32.470001220703125,659900
2024-08-30,EWG,32.689998626708984,32.720001220703125,32.470001220703125,32.630001068115234,341900
2024-09-03,EWG,32.4900016784668,32.529998779296875,32.11000061035156,32.16999816894531,651600
2024-09-04,EWG,32.040000915527344,32.290000915527344,32.040000915527344,32.150001525878906,335400
2024-09-05,EWG,32.33000183105469,32.36000061035156,32.15999984741211,32.2599983215332,290800
2024-09-06,EWG,32.20000076293945,32.2599983215332,31.65999984741211,31.68000030517578,508300
2024-09-09,EWG,31.780000686645508,31.969999313354492,31.780000686645508,31.93000030517578,276800
2024-09-10,EWG,31.639999389648438,31.639999389648438,31.360000610351562,31.610000610351562,347100
2024-09-11,EWG,31.670000076293945,31.850000381469727,31.34000015258789,31.809999465942383,484400
2024-09-12,EWG,31.809999465942383,32.13999938964844,31.719999313354492,32.130001068115234,423900
2024-09-13,EWG,32.290000915527344,32.47999954223633,32.290000915527344,32.400001525878906,640900
2024-09-16,EWG,32.41999816894531,32.61000061035156,32.369998931884766,32.599998474121094,140100
2024-09-17,EWG,32.68000030517578,32.689998626708984,32.41999816894531,32.54999923706055,486300
2024-09-18,EWG,32.70000076293945,33.0099983215332,32.529998779296875,32.58000183105469,711800
2024-09-19,EWG,33.119998931884766,33.220001220703125,32.95000076293945,33.09000015258789,281700
2024-09-20,EWG,32.849998474121094,32.849998474121094,32.59000015258789,32.689998626708984,396000
2024-09-23,EWG,32.810001373291016,32.84000015258789,32.709999084472656,32.779998779296875,249300
2024-09-24,EWG,32.95000076293945,33.15999984741211,32.91999816894531,33.15999984741211,731200
2024-09-25,EWG,33.15999984741211,33.15999984741211,32.88999938964844,32.900001525878906,267400
2024-09-26,EWG,33.54999923706055,33.7400016784668,33.439998626708984,33.70000076293945,501000
2024-09-27,EWG,34.029998779296875,34.119998931884766,33.869998931884766,33.93000030517578,828400
2024-09-30,EWG,33.88999938964844,33.90999984741211,33.65999984741211,33.84000015258789,795000
2024-10-01,EWG,33.79999923706055,33.79999923706055,33.18000030517578,33.369998931884766,852900
2024-10-02,EWG,33.18000030517578,33.29999923706055,33.06999969482422,33.209999084472656,298100
2024-10-03,EWG,33.0,33.02000045776367,32.779998779296875,32.88999938964844,593400
2024-10-04,EWG,32.90999984741211,33.099998474121094,32.880001068115234,33.08000183105469,183400
2024-10-07,EWG,32.970001220703125,32.970001220703125,32.66999816894531,32.75,491400
2024-10-08,EWG,32.88999938964844,32.95000076293945,32.79999923706055,32.90999984741211,204700
2024-10-09,EWG,32.869998931884766,33.130001068115234,32.869998931884766,33.09000015258789,200900
2024-10-10,EWG,33.04999923706055,33.04999923706055,32.849998474121094,32.970001220703125,197700
2024-10-11,EWG,33.0,33.22999954223633,33.0,33.189998626708984,370400
2024-10-14,EWG,33.20000076293945,33.369998931884766,33.18000030517578,33.369998931884766,279400
2024-10-15,EWG,33.380001068115234,33.40999984741211,33.130001068115234,33.15999984741211,1192300
2024-10-16,EWG,33.119998931884766,33.220001220703125,33.02000045776367,33.08000183105469,713900
2024-10-17,EWG,33.18000030517578,33.20000076293945,33.02000045776367,33.099998474121094,335600
2024-10-18,EWG,33.33000183105469,33.40999984741211,33.2599983215332,33.36000061035156,759100
2024-10-21,EWG,33.130001068115234,33.150001525878906,32.90999984741211,32.959999084472656,747700
2024-10-22,EWG,32.83000183105469,32.849998474121094,32.7400016784668,32.779998779296875,351500
2024-10-23,EWG,32.63999938964844,32.7400016784668,32.459999084472656,32.54999923706055,821400
2024-10-24,EWG,32.95000076293945,32.970001220703125,32.72999954223633,32.869998931884766,546700
2024-10-25,EWG,32.970001220703125,33.029998779296875,32.709999084472656,32.720001220703125,421200
2024-10-28,EWG,32.90999984741211,33.06999969482422,32.86000061035156,33.029998779296875,325500
2024-10-29,EWG,32.84000015258789,32.970001220703125,32.79999923706055,32.880001068115234,167400
2024-10-30,EWG,32.5,32.7400016784668,32.470001220703125,32.529998779296875,449800
2024-10-31,EWG,32.4900016784668,32.4900016784668,32.119998931884766,32.31999969482422,358400
2024-11-01,EWG,32.59000015258789,32.619998931884766,32.43000030517578,32.439998626708984,842300
2024-11-04,EWG,32.59000015258789,32.63999938964844,32.380001068115234,32.41999816894531,359200
2024-11-05,EWG,32.529998779296875,32.880001068115234,32.529998779296875,32.86000061035156,623600
2024-11-06,EWG,31.889999389648438,31.969999313354492,31.709999084472656,31.920000076293945,993200
2024-11-07,EWG,32.5099983215332,32.66999816894531,32.470001220703125,32.66999816894531,528800
2024-11-08,EWG,32.209999084472656,32.2400016784668,31.950000762939453,32.099998474121094,728500
2024-11-11,EWG,32.310001373291016,32.369998931884766,32.099998474121094,32.2400016784668,455200
2024-11-12,EWG,31.809999465942383,31.829999923706055,31.329999923706055,31.579999923706055,1024500
2024-11-13,EWG,31.34000015258789,31.3700008392334,31.030000686645508,31.239999771118164,564800
2024-11-14,EWG,31.709999084472656,31.799999237060547,31.510000228881836,31.540000915527344,1977800
2024-11-15,EWG,31.65999984741211,31.65999984741211,31.530000686645508,31.579999923706055,548900
2024-11-18,EWG,31.520000457763672,31.65999984741211,31.479999542236328,31.600000381469727,1307700
2024-11-19,EWG,31.18000030517578,31.559999465942383,31.15999984741211,31.489999771118164,826200
2024-11-20,EWG,31.360000610351562,31.3700008392334,31.1200008392334,31.34000015258789,837400
2024-11-21,EWG,31.260000228881836,31.34000015258789,31.1299991607666,31.270000457763672,286900
2024-11-22,EWG,31.229999542236328,31.479999542236328,31.229999542236328,31.40999984741211,436300
2024-11-25,EWG,31.81999969482422,31.860000610351562,31.6200008392334,31.719999313354492,421900
2024-11-26,EWG,31.700000762939453,31.719999313354492,31.479999542236328,31.559999465942383,1090100
2024-11-27,EWG,31.65999984741211,31.770000457763672,31.59000015258789,31.719999313354492,281500
2024-11-29,EWG,31.889999389648438,32.369998931884766,31.889999389648438,32.27000045776367,411600
2024-12-02,EWG,32.380001068115234,32.5099983215332,32.130001068115234,32.470001220703125,721200
2024-12-03,EWG,32.52000045776367,32.72999954223633,32.47999954223633,32.599998474121094,4134800
2024-12-04,EWG,32.880001068115234,33.099998474121094,32.84000015258789,33.02000045776367,663400
2024-12-05,EWG,33.34000015258789,33.470001220703125,33.31999969482422,33.439998626708984,775600
2024-12-06,EWG,33.52000045776367,33.529998779296875,33.34000015258789,33.38999938964844,849400
2024-12-09,EWG,33.470001220703125,33.47999954223633,33.189998626708984,33.20000076293945,3603900
2024-12-10,EWG,33.220001220703125,33.22999954223633,33.06999969482422,33.099998474121094,354000
2024-12-11,EWG,33.130001068115234,33.209999084472656,33.040000915527344,33.18000030517578,627400
2024-12-12,EWG,33.06999969482422,33.2400016784668,33.0099983215332,33.02000045776367,279000
2024-12-13,EWG,33.2400016784668,33.2400016784668,33.0099983215332,33.119998931884766,302900
2024-12-16,EWG,32.959999084472656,33.08000183105469,32.900001525878906,33.0099983215332,887600
2024-12-17,EWG,32.900001525878906,32.939998626708984,32.75,32.75,343200
2024-12-18,EWG,32.790000915527344,32.88999938964844,31.950000762939453,32.06999969482422,633100
2024-12-19,EWG,32.119998931884766,32.15999984741211,31.8799991607666,31.950000762939453,522600
2024-12-20,EWG,31.649999618530273,32.209999084472656,31.649999618530273,32.0,475400
2024-12-23,EWG,31.93000030517578,32.06999969482422,31.81999969482422,32.06999969482422,399000
2024-12-24,EWG,32.04999923706055,32.310001373291016,31.979999542236328,32.29999923706055,518300
2024-12-26,EWG,32.27000045776367,32.459999084472656,32.2400016784668,32.40999984741211,480300
2024-12-27,EWG,32.130001068115234,32.2400016784668,32.04999923706055,32.13999938964844,641700
2024-12-30,EWG,31.889999389648438,31.979999542236328,31.739999771118164,31.899999618530273,502200
2024-12-31,EWG,32.09000015258789,32.09000015258789,31.729999542236328,31.81999969482422,824300
2025-01-02,EWG,31.770000457763672,31.780000686645508,31.489999771118164,31.579999923706055,1613800
2025-01-03,EWG,31.6299991607666,31.670000076293945,31.489999771118164,31.670000076293945,382700
2025-01-06,EWG,32.13999938964844,32.459999084472656,32.08000183105469,32.27000045776367,491400
2025-01-07,EWG,32.689998626708984,32.720001220703125,32.36000061035156,32.41999816894531,830900
2025-01-08,EWG,32.279998779296875,32.439998626708984,32.16999816894531,32.380001068115234,766000
2025-01-10,EWG,32.2599983215332,32.27000045776367,31.90999984741211,32.029998779296875,2746700
2025-01-13,EWG,31.65999984741211,31.8799991607666,31.65999984741211,31.8700008392334,1495500
2025-01-14,EWG,32.18000030517578,32.279998779296875,32.09000015258789,32.220001220703125,807100
2025-01-15,EWG,32.869998931884766,32.91999816894531,32.70000076293945,32.790000915527344,763800
2025-01-16,EWG,32.77000045776367,32.939998626708984,32.68000030517578,32.83000183105469,752000
2025-01-17,EWG,33.150001525878906,33.34000015258789,33.099998474121094,33.150001525878906,526200
2025-01-21,EWG,33.689998626708984,33.97999954223633,33.619998931884766,33.97999954223633,813400
2025-01-22,EWG,34.209999084472656,34.2599983215332,34.08000183105469,34.08000183105469,290200
2025-01-23,EWG,34.209999084472656,34.52000045776367,34.130001068115234,34.470001220703125,1103700
2025-01-24,EWG,34.54999923706055,34.689998626708984,34.47999954223633,34.560001373291016,1230900
2025-01-27,EWG,34.369998931884766,34.58000183105469,34.369998931884766,34.5099983215332,764200
2025-01-28,EWG,34.459999084472656,34.61000061035156,34.380001068115234,34.560001373291016,393000
2025-01-29,EWG,34.68000030517578,34.810001373291016,34.599998474121094,34.7400016784668,735900
2025-01-30,EWG,34.88999938964844,35.06999969482422,34.7400016784668,34.90999984741211,1177900
2025-01-31,EWG,34.81999969482422,35.029998779296875,34.560001373291016,34.630001068115234,1401900
2025-02-03,EWG,33.75,34.15999984741211,33.599998474121094,33.939998626708984,2579900
2025-02-04,EWG,34.2599983215332,34.45000076293945,34.22999954223633,34.38999938964844,770500
2025-02-05,EWG,34.619998931884766,34.75,34.54999923706055,34.709999084472656,478100
2025-02-06,EWG,34.869998931884766,35.130001068115234,34.84000015258789,35.11000061035156,873800
2025-02-07,EWG,35.099998474121094,35.13999938964844,34.61000061035156,34.63999938964844,1786300
2025-02-10,EWG,34.83000183105469,34.95000076293945,34.79999923706055,34.900001525878906,476100
2025-02-11,EWG,35.060001373291016,35.40999984741211,35.02000045776367,35.400001525878906,866600
2025-02-12,EWG,35.2599983215332,35.84000015258789,35.209999084472656,35.75,1280300
2025-02-13,EWG,36.130001068115234,36.47999954223633,35.9900016784668,36.40999984741211,1988300
2025-02-14,EWG,36.560001373291016,36.630001068115234,36.41999816894531,36.41999816894531,1706100
2025-02-18,EWG,36.810001373291016,36.95000076293945,36.7599983215332,36.900001525878906,2397800
2025-02-19,EWG,36.25,36.279998779296875,35.939998626708984,36.060001373291016,2912000
2025-02-20,EWG,36.290000915527344,36.380001068115234,36.060001373291016,36.189998626708984,787300
2025-02-21,EWG,36.220001220703125,36.220001220703125,35.790000915527344,35.90999984741211,853600
2025-02-24,EWG,36.310001373291016,36.33000183105469,35.9900016784668,36.06999969482422,1695800
2025-02-25,EWG,36.56999969482422,36.72999954223633,36.310001373291016,36.58000183105469,959500
2025-02-26,EWG,36.79999923706055,37.06999969482422,36.599998474121094,36.709999084472656,2787900
2025-02-27,EWG,36.400001525878906,36.470001220703125,35.959999084472656,36.0,1308300
2025-02-28,EWG,36.08000183105469,36.27000045776367,35.70000076293945,36.06999969482422,1915100
2025-03-03,EWG,37.4900016784668,37.54999923706055,36.91999816894531,37.15999984741211,2534700
2025-03-04,EWG,36.470001220703125,37.470001220703125,36.119998931884766,37.029998779296875,4504700
2025-03-05,EWG,38.09000015258789,38.630001068115234,38.09000015258789,38.529998779296875,4337200
2025-03-06,EWG,38.63999938964844,39.189998626708984,38.5,38.59000015258789,7186100
2025-03-07,EWG,38.349998474121094,38.810001373291016,38.310001373291016,38.810001373291016,3645800
2025-03-10,EWG,38.0,38.130001068115234,37.4900016784668,37.790000915527344,3743700
2025-03-11,EWG,38.08000183105469,38.11000061035156,37.41999816894531,37.7400016784668,4873800
2025-03-12,EWG,38.060001373291016,38.16999816894531,37.779998779296875,37.9900016784668,3457000
2025-03-13,EWG,37.650001525878906,37.81999969482422,37.43000030517578,37.59000015258789,4820500
2025-03-14,EWG,38.38999938964844,38.630001068115234,38.2599983215332,38.619998931884766,3206700
2025-03-17,EWG,38.58000183105469,39.04999923706055,38.58000183105469,39.029998779296875,3206100
2025-03-18,EWG,39.2400016784668,39.36000061035156,39.02000045776367,39.310001373291016,9223600
2025-03-19,EWG,38.810001373291016,39.189998626708984,38.7400016784668,39.040000915527344,5386600
2025-03-20,EWG,38.119998931884766,38.459999084472656,38.11000061035156,38.36000061035156,3770200
2025-03-21,EWG,37.90999984741211,38.13999938964844,37.849998474121094,38.09000015258789,3294200
2025-03-24,EWG,38.09000015258789,38.220001220703125,37.869998931884766,38.029998779296875,5004500
2025-03-25,EWG,38.34000015258789,38.45000076293945,38.220001220703125,38.380001068115234,2058900
2025-03-26,EWG,37.970001220703125,38.130001068115234,37.439998626708984,37.560001373291016,4530500
2025-03-27,EWG,37.349998474121094,37.720001220703125,37.31999969482422,37.59000015258789,3573600
2025-03-28,EWG,37.41999816894531,37.54999923706055,37.209999084472656,37.38999938964844,5030100
2025-03-31,EWG,36.7599983215332,37.130001068115234,36.56999969482422,37.08000183105469,4808000
2025-04-01,EWG,37.22999954223633,37.439998626708984,37.0099983215332,37.290000915527344,2421300
2025-04-02,EWG,36.91999816894531,37.4900016784668,36.900001525878906,37.380001068115234,2966900
2025-04-03,EWG,37.31999969482422,37.41999816894531,36.65999984741211,36.72999954223633,5679700
2025-04-04,EWG,35.380001068115234,35.529998779296875,34.25,34.31999969482422,9598100
2025-04-07,EWG,33.349998474121094,35.099998474121094,33.060001373291016,33.54999923706055,10891700
2025-04-08,EWG,34.459999084472656,34.459999084472656,32.81999969482422,33.220001220703125,5685500
2025-04-09,EWG,33.58000183105469,36.41999816894531,33.439998626708984,36.220001220703125,7688900
2025-04-10,EWG,35.630001068115234,35.970001220703125,34.84000015258789,35.79999923706055,5509900
2025-04-11,EWG,35.70000076293945,36.459999084472656,35.59000015258789,36.369998931884766,4236400
2025-04-14,EWG,36.63999938964844,37.029998779296875,36.540000915527344,36.81999969482422,4588800
2025-04-15,EWG,37.119998931884766,37.310001373291016,36.970001220703125,37.20000076293945,3573000
2025-04-16,EWG,37.20000076293945,37.4900016784668,37.099998474121094,37.220001220703125,2622400
2025-04-17,EWG,37.400001525878906,37.58000183105469,37.22999954223633,37.400001525878906,3726300
2025-04-21,EWG,37.599998474121094,37.68000030517578,36.720001220703125,37.029998779296875,3951800
2025-04-22,EWG,37.560001373291016,38.06999969482422,37.529998779296875,38.029998779296875,2796700
2025-04-23,EWG,38.45000076293945,38.81999969482422,38.36000061035156,38.439998626708984,3499800
2025-04-24,EWG,38.66999816894531,39.06999969482422,38.599998474121094,39.029998779296875,1578300
2025-04-25,EWG,39.13999938964844,39.400001525878906,39.029998779296875,39.36000061035156,1797300
2025-04-28,EWG,39.41999816894531,39.4900016784668,39.15999984741211,39.470001220703125,1818200
2025-04-29,EWG,39.470001220703125,39.689998626708984,39.470001220703125,39.66999816894531,2696800
2025-04-30,EWG,39.27000045776367,39.63999938964844,39.099998474121094,39.4900016784668,2062000
2025-05-01,EWG,39.66999816894531,39.7400016784668,39.43000030517578,39.459999084472656,3225700
2025-05-02,EWG,40.310001373291016,40.5,40.2599983215332,40.34000015258789,2628600
2025-05-05,EWG,40.779998779296875,40.83000183105469,40.68000030517578,40.720001220703125,1575400
2025-05-06,EWG,40.54999923706055,40.77000045776367,40.5099983215332,40.66999816894531,4245800
2025-05-07,EWG,40.52000045776367,40.70000076293945,40.34000015258789,40.439998626708984,2652300
2025-05-08,EWG,40.65999984741211,40.65999984741211,40.41999816894531,40.459999084472656,1545500
2025-05-09,EWG,40.790000915527344,40.869998931884766,40.68000030517578,40.77000045776367,2614800
2025-05-12,EWG,40.29999923706055,40.40999984741211,40.02000045776367,40.380001068115234,5181300
2025-05-13,EWG,40.43000030517578,40.66999816894531,40.40999984741211,40.59000015258789,2303500
2025-05-14,EWG,40.720001220703125,40.7400016784668,40.34000015258789,40.34000015258789,2275700
2025-05-15,EWG,40.61000061035156,40.900001525878906,40.59000015258789,40.86000061035156,1893500
2025-05-16,EWG,40.810001373291016,40.88999938964844,40.650001525878906,40.849998474121094,2279600
2025-05-19,EWG,41.15999984741211,41.56999969482422,41.119998931884766,41.560001373291016,2223800
2025-05-20,EWG,41.599998474121094,41.77000045776367,41.59000015258789,41.77000045776367,3163400
2025-05-21,EWG,41.88999938964844,42.119998931884766,41.630001068115234,41.68000030517578,3274200
2025-05-22,EWG,41.540000915527344,41.7599983215332,41.43000030517578,41.63999938964844,3184200
2025-05-23,EWG,40.9900016784668,41.400001525878906,40.970001220703125,41.2599983215332,5027400
2025-05-27,EWG,42.27000045776367,42.400001525878906,42.15999984741211,42.310001373291016,1848800
2025-05-28,EWG,41.939998626708984,41.939998626708984,41.689998626708984,41.77000045776367,1642200
2025-05-29,EWG,41.93000030517578,41.97999954223633,41.650001525878906,41.849998474121094,1452100
2025-05-30,EWG,42.060001373291016,42.060001373291016,41.650001525878906,41.970001220703125,2300200
2025-06-02,EWG,41.849998474121094,42.349998474121094,41.720001220703125,42.34000015258789,4074000
2025-06-03,EWG,41.93000030517578,42.13999938964844,41.83000183105469,42.119998931884766,2262700
2025-06-04,EWG,42.20000076293945,42.59000015258789,42.15999984741211,42.459999084472656,2024400
2025-06-05,EWG,42.84000015258789,42.869998931884766,42.4900016784668,42.56999969482422,3078300
2025-06-06,EWG,42.5,42.61000061035156,42.41999816894531,42.52000045776367,1272400
2025-06-09,EWG,42.2400016784668,42.439998626708984,42.209999084472656,42.310001373291016,1341600
2025-06-10,EWG,42.29999923706055,42.33000183105469,41.9900016784668,42.119998931884766,6624500
2025-06-11,EWG,42.209999084472656,42.34000015258789,42.0,42.11000061035156,4258600
2025-06-12,EWG,42.220001220703125,42.439998626708984,42.150001525878906,42.220001220703125,2487800
2025-06-13,EWG,41.38999938964844,41.790000915527344,41.369998931884766,41.5099983215332,5467400
2025-06-16,EWG,41.16999816894531,41.5,40.970001220703125,41.130001068115234,6117000
2025-06-17,EWG,40.97999954223633,41.02000045776367,40.369998931884766,40.400001525878906,4781900
2025-06-18,EWG,40.349998474121094,40.599998474121094,40.220001220703125,40.279998779296875,3309900
2025-06-20,EWG,40.33000183105469,40.54999923706055,40.31999969482422,40.34000015258789,2332400
2025-06-23,EWG,40.04999923706055,40.790000915527344,40.029998779296875,40.75,4065000
2025-06-24,EWG,41.209999084472656,41.45000076293945,41.119998931884766,41.38999938964844,1791200
2025-06-25,EWG,41.060001373291016,41.209999084472656,40.959999084472656,41.150001525878906,1624500
2025-06-26,EWG,41.52000045776367,41.68000030517578,41.369998931884766,41.63999938964844,1985300
2025-06-27,EWG,42.0,42.38999938964844,41.90999984741211,42.29999923706055,4540600
2025-06-30,EWG,42.09000015258789,42.349998474121094,41.959999084472656,42.310001373291016,1624800
2025-07-01,EWG,42.06999969482422,42.25,41.81999969482422,42.0099983215332,1946400
2025-07-02,EWG,41.91999816894531,42.189998626708984,41.81999969482422,42.16999816894531,2088300
2025-07-03,EWG,42.119998931884766,42.310001373291016,42.08000183105469,42.209999084472656,1144900
2025-07-07,EWG,42.2400016784668,42.400001525878906,42.08000183105469,42.22999954223633,1840100
2025-07-08,EWG,42.380001068115234,42.66999816894531,42.349998474121094,42.59000015258789,2191200
2025-07-09,EWG,43.15999984741211,43.310001373291016,43.040000915527344,43.2599983215332,2940000
2025-07-10,EWG,43.11000061035156,43.11000061035156,42.790000915527344,42.86000061035156,1328400
2025-07-11,EWG,42.52000045776367,42.56999969482422,42.40999984741211,42.45000076293945,899700
2025-07-14,EWG,42.02000045776367,42.36000061035156,42.0099983215332,42.349998474121094,1924700
2025-07-15,EWG,42.369998931884766,42.369998931884766,41.81999969482422,41.81999969482422,1278700
2025-07-16,EWG,42.02000045776367,42.20000076293945,41.790000915527344,42.18000030517578,3383600
2025-07-17,EWG,42.04999923706055,42.380001068115234,42.04999923706055,42.349998474121094,1601500
2025-07-18,EWG,42.5099983215332,42.52000045776367,42.060001373291016,42.130001068115234,1109300
2025-07-21,EWG,42.380001068115234,42.630001068115234,42.2599983215332,42.41999816894531,918700
2025-07-22,EWG,42.209999084472656,42.45000076293945,41.97999954223633,42.41999816894531,3055700
2025-07-23,EWG,42.47999954223633,43.22999954223633,42.400001525878906,43.209999084472656,4461100
2025-07-24,EWG,42.79999923706055,42.88999938964844,42.68000030517578,42.70000076293945,2735600
2025-07-25,EWG,42.380001068115234,42.810001373291016,42.34000015258789,42.810001373291016,1846000
2025-07-28,EWG,42.06999969482422,42.09000015258789,41.560001373291016,41.66999816894531,3116900
2025-07-29,EWG,41.959999084472656,42.029998779296875,41.79999923706055,41.88999938964844,1985900
2025-07-30,EWG,41.709999084472656,41.939998626708984,41.439998626708984,41.630001068115234,2587300
2025-07-31,EWG,41.349998474121094,41.41999816894531,41.060001373291016,41.150001525878906,6831000
2025-08-01,EWG,40.84000015258789,40.88999938964844,40.5099983215332,40.75,3006000
2025-08-04,EWG,41.290000915527344,41.34000015258789,41.15999984741211,41.29999923706055,1611500
2025-08-05,EWG,41.5099983215332,41.54999923706055,41.2599983215332,41.4900016784668,1454100
2025-08-06,EWG,41.61000061035156,41.90999984741211,41.560001373291016,41.84000015258789,1693700
2025-08-07,EWG,42.529998779296875,42.54999923706055,42.060001373291016,42.33000183105469,2190600
2025-08-08,EWG,42.2599983215332,42.470001220703125,42.16999816894531,42.34000015258789,1907700
2025-08-11,EWG,41.939998626708984,42.040000915527344,41.84000015258789,41.939998626708984,937600
2025-08-12,EWG,41.77000045776367,42.15999984741211,41.720001220703125,42.150001525878906,2917500
2025-08-13,EWG,42.34000015258789,42.47999954223633,42.31999969482422,42.380001068115234,1136500
2025-08-14,EWG,42.33000183105469,42.56999969482422,42.290000915527344,42.5,1853500
2025-08-15,EWG,42.65999984741211,42.7599983215332,42.5099983215332,42.58000183105469,1174200
2025-08-18,EWG,42.40999984741211,42.47999954223633,42.27000045776367,42.45000076293945,860600
2025-08-19,EWG,42.63999938964844,42.68000030517578,42.33000183105469,42.38999938964844,1930400
2025-08-20,EWG,42.400001525878906,42.470001220703125,42.2400016784668,42.38999938964844,882200
2025-08-21,EWG,42.20000076293945,42.22999954223633,42.029998779296875,42.08000183105469,2238600
2025-08-22,EWG,42.189998626708984,42.779998779296875,42.150001525878906,42.65999984741211,1524400
2025-08-25,EWG,42.61000061035156,42.61000061035156,42.11000061035156,42.119998931884766,1707400
2025-08-26,EWG,42.20000076293945,42.31999969482422,42.06999969482422,42.130001068115234,3013300
2025-08-27,EWG,41.720001220703125,41.90999984741211,41.540000915527344,41.88999938964844,1166900
2025-08-28,EWG,42.0,42.09000015258789,41.91999816894531,42.02000045776367,2237100
2025-08-29,EWG,41.900001525878906,41.93000030517578,41.7599983215332,41.880001068115234,1715800
2025-09-02,EWG,40.970001220703125,41.22999954223633,40.84000015258789,41.040000915527344,3236400
2025-09-03,EWG,40.97999954223633,41.130001068115234,40.90999984741211,41.04999923706055,2549900
2025-09-04,EWG,41.209999084472656,41.349998474121094,41.13999938964844,41.34000015258789,2721700
2025-09-05,EWG,41.52000045776367,41.59000015258789,41.20000076293945,41.34000015258789,1639700
2025-09-08,EWG,41.5,41.709999084472656,41.5,41.689998626708984,1512200
2025-09-09,EWG,41.400001525878906,41.52000045776367,41.349998474121094,41.47999954223633,1616200
2025-09-10,EWG,41.31999969482422,41.369998931884766,41.02000045776367,41.06999969482422,2588900
2025-09-11,EWG,41.189998626708984,41.439998626708984,41.18000030517578,41.38999938964844,2503400
2025-09-12,EWG,41.220001220703125,41.36000061035156,41.189998626708984,41.310001373291016,1610500
2025-09-15,EWG,41.31999969482422,41.47999954223633,41.2599983215332,41.41999816894531,4993700
2025-09-16,EWG,41.27000045776367,41.27000045776367,40.939998626708984,41.150001525878906,2952700
2025-09-17,EWG,41.18000030517578,41.439998626708984,40.91999816894531,41.060001373291016,2659200
2025-09-18,EWG,41.27000045776367,41.540000915527344,41.16999816894531,41.45000076293945,5659000
2025-09-19,EWG,41.25,41.349998474121094,41.15999984741211,41.220001220703125,2925200
2025-09-22,EWG,40.9900016784668,41.27000045776367,40.91999816894531,41.2400016784668,2669100
2025-09-23,EWG,41.29999923706055,41.40999984741211,41.16999816894531,41.27000045776367,3737900
2025-09-24,EWG,41.220001220703125,41.34000015258789,41.150001525878906,41.2400016784668,2282700
2025-09-25,EWG,40.70000076293945,40.79999923706055,40.529998779296875,40.75,2866600
2025-09-26,EWG,41.060001373291016,41.220001220703125,41.02000045776367,41.20000076293945,2294500
2025-09-29,EWG,41.22999954223633,41.36000061035156,41.20000076293945,41.310001373291016,2822900
2025-09-30,EWG,41.36000061035156,41.66999816894531,41.349998474121094,41.61000061035156,2173600
2025-10-01,EWG,41.84000015258789,42.209999084472656,41.810001373291016,42.130001068115234,2286800
2025-10-02,EWG,42.54999923706055,42.61000061035156,42.279998779296875,42.470001220703125,2198800
2025-10-03,EWG,42.380001068115234,42.47999954223633,42.290000915527344,42.43000030517578,1461000
2025-10-06,EWG,42.45000076293945,42.470001220703125,42.29999923706055,42.41999816894531,2133100
2025-10-07,EWG,42.25,42.279998779296875,42.04999923706055,42.06999969482422,1400600
2025-10-08,EWG,42.279998779296875,42.41999816894531,42.209999084472656,42.34000015258789,2031200
2025-10-09,EWG,42.43000030517578,42.560001373291016,41.97999954223633,42.09000015258789,2417200
2025-10-10,EWG,42.2599983215332,42.2599983215332,41.5099983215332,41.52000045776367,2642300
2025-10-13,EWG,41.58000183105469,41.83000183105469,41.52000045776367,41.779998779296875,1946300
2025-10-14,EWG,41.380001068115234,41.779998779296875,41.310001373291016,41.66999816894531,2740800
2025-10-15,EWG,41.58000183105469,41.72999954223633,41.290000915527344,41.529998779296875,2847200
2025-10-16,EWG,41.63999938964844,41.86000061035156,41.52000045776367,41.59000015258789,2469700
2025-10-17,EWG,41.20000076293945,41.40999984741211,41.099998474121094,41.380001068115234,2717100
2025-10-20,EWG,41.72999954223633,41.91999816894531,41.70000076293945,41.880001068115234,1956600
2025-10-21,EWG,41.63999938964844,41.849998474121094,41.54999923706055,41.689998626708984,2593800
2025-10-22,EWG,41.59000015258789,41.599998474121094,41.220001220703125,41.439998626708984,2046400
2025-10-23,EWG,41.31999969482422,41.58000183105469,41.31999969482422,41.54999923706055,2269700
2025-10-24,EWG,41.650001525878906,41.689998626708984,41.5099983215332,41.59000015258789,1836600
2025-10-27,EWG,41.66999816894531,41.810001373291016,41.599998474121094,41.779998779296875,1370100
2025-10-28,EWG,41.790000915527344,41.900001525878906,41.70000076293945,41.720001220703125,1583000
2025-10-29,EWG,41.65999984741211,41.68000030517578,41.060001373291016,41.27000045776367,3329000
2025-10-30,EWG,40.959999084472656,41.15999984741211,40.959999084472656,41.0,1934100
2025-10-31,EWG,40.79999923706055,40.79999923706055,40.54999923706055,40.72999954223633,1590300
2025-11-03,EWG,40.9900016784668,41.0099983215332,40.86000061035156,40.90999984741211,2046100
2025-11-04,EWG,40.29999923706055,40.52000045776367,40.2599983215332,40.34000015258789,6831300
2025-11-05,EWG,40.38999938964844,40.779998779296875,40.38999938964844,40.72999954223633,1672700
2025-11-06,EWG,40.66999816894531,40.70000076293945,40.22999954223633,40.38999938964844,2667100
2025-11-07,EWG,40.06999969482422,40.4900016784668,39.970001220703125,40.47999954223633,2132200
2025-11-10,EWG,40.84000015258789,40.97999954223633,40.709999084472656,40.959999084472656,1484200
2025-11-11,EWG,41.060001373291016,41.279998779296875,41.060001373291016,41.22999954223633,2071700
2025-11-12,EWG,41.470001220703125,41.70000076293945,41.459999084472656,41.68000030517578,1261300
2025-11-13,EWG,41.459999084472656,41.5099983215332,41.029998779296875,41.25,4326700
2025-11-14,EWG,40.619998931884766,40.90999984741211,40.599998474121094,40.86000061035156,2265600
2025-11-17,EWG,40.34000015258789,40.43000030517578,39.84000015258789,40.0099983215332,1716700
2025-11-18,EWG,39.54999923706055,39.689998626708984,39.400001525878906,39.529998779296875,2340000
2025-11-19,EWG,39.650001525878906,39.779998779296875,39.31999969482422,39.5099983215332,1471400
2025-11-20,EWG,39.7400016784668,39.880001068115234,38.869998931884766,38.88999938964844,2224200
2025-11-21,EWG,39.31999969482422,39.52000045776367,39.04999923706055,39.400001525878906,1597300
2025-11-24,EWG,39.4900016784668,39.619998931884766,39.369998931884766,39.470001220703125,1394800
2025-11-25,EWG,39.880001068115234,40.25,39.72999954223633,40.189998626708984,1483300
2025-11-26,EWG,40.25,40.63999938964844,40.2400016784668,40.599998474121094,1644000
2025-11-28,EWG,40.7400016784668,40.91999816894531,40.70000076293945,40.91999816894531,1289400
2025-12-01,EWG,40.599998474121094,40.720001220703125,40.5099983215332,40.52000045776367,1938700
2025-12-02,EWG,40.83000183105469,40.95000076293945,40.75,40.88999938964844,1786600
2025-12-03,EWG,40.81999969482422,41.02000045776367,40.779998779296875,40.95000076293945,3088200
2025-12-04,EWG,41.2599983215332,41.279998779296875,41.08000183105469,41.13999938964844,1576700
2025-12-05,EWG,41.529998779296875,41.619998931884766,41.349998474121094,41.40999984741211,1761400
2025-12-08,EWG,41.56999969482422,41.56999969482422,41.25,41.34000015258789,1410600
2025-12-09,EWG,41.439998626708984,41.66999816894531,41.439998626708984,41.529998779296875,1457900
2025-12-10,EWG,41.47999954223633,42.0,41.459999084472656,41.939998626708984,2347600
2025-12-11,EWG,42.220001220703125,42.47999954223633,42.20000076293945,42.38999938964844,2142300
2025-12-12,EWG,42.380001068115234,42.439998626708984,42.0,42.18000030517578,2668600
2025-12-15,EWG,42.2400016784668,42.29999923706055,42.02000045776367,42.099998474121094,1927400
2025-12-16,EWG,42.06999969482422,42.189998626708984,41.86000061035156,42.029998779296875,3843400
2025-12-17,EWG,41.83000183105469,41.970001220703125,41.59000015258789,41.61000061035156,2181400
2025-12-18,EWG,41.91999816894531,42.150001525878906,41.81999969482422,41.939998626708984,1917900
2025-12-19,EWG,42.150001525878906,42.290000915527344,42.09000015258789,42.099998474121094,1755900
2025-12-22,EWG,42.27000045776367,42.36000061035156,42.16999816894531,42.34000015258789,1017500
2025-12-23,EWG,42.439998626708984,42.5,42.369998931884766,42.439998626708984,1583800
2025-12-24,EWG,42.56999969482422,42.61000061035156,42.5099983215332,42.56999969482422,1113900
2025-12-26,EWG,42.65999984741211,42.70000076293945,42.560001373291016,42.650001525878906,1381600
2025-12-29,EWG,42.529998779296875,42.61000061035156,42.40999984741211,42.5099983215332,1394100
2025-12-30,EWG,42.720001220703125,42.939998626708984,42.720001220703125,42.75,1950400
2025-12-31,EWG,42.650001525878906,42.66999816894531,42.4900016784668,42.5,2240800
2026-01-02,EWG,42.709999084472656,42.720001220703125,42.400001525878906,42.560001373291016,3380200
2026-01-05,EWG,42.689998626708984,43.09000015258789,42.650001525878906,43.04999923706055,3370100
2026-01-06,EWG,43.189998626708984,43.189998626708984,42.97999954223633,43.130001068115234,2305700
2026-01-07,EWG,43.31999969482422,43.41999816894531,43.220001220703125,43.2599983215332,2741300
2026-01-08,EWG,43.119998931884766,43.349998474121094,43.08000183105469,43.310001373291016,2105500
2026-01-09,EWG,43.45000076293945,43.47999954223633,43.18000030517578,43.40999984741211,1999700
2026-01-12,EWG,43.7599983215332,43.849998474121094,43.709999084472656,43.83000183105469,2176000
2026-01-13,EWG,43.88999938964844,43.88999938964844,43.52000045776367,43.56999969482422,2772800
2026-01-14,EWG,43.47999954223633,43.599998474121094,43.310001373291016,43.4900016784668,2682700
2026-01-15,EWG,43.34000015258789,43.470001220703125,43.22999954223633,43.2400016784668,2546800
2026-01-16,EWG,43.33000183105469,43.34000015258789,43.119998931884766,43.34000015258789,2776100
2026-01-20,EWG,42.709999084472656,42.81999969482422,42.470001220703125,42.540000915527344,2776800
2026-01-21,EWG,42.400001525878906,42.939998626708984,42.18000030517578,42.81999969482422,4279500
2026-01-22,EWG,43.029998779296875,43.20000076293945,42.900001525878906,43.099998474121094,2834700
2026-01-23,EWG,43.09000015258789,43.47999954223633,43.0099983215332,43.47999954223633,2311300
2026-01-26,EWG,43.7599983215332,43.939998626708984,43.7599983215332,43.84000015258789,2735100
2026-01-27,EWG,44.029998779296875,44.41999816894531,44.02000045776367,44.29999923706055,3458700
2026-01-28,EWG,43.959999084472656,44.08000183105469,43.79999923706055,44.0099983215332,2349300
2026-01-29,EWG,43.63999938964844,43.650001525878906,42.959999084472656,43.439998626708984,2562300
2026-01-30,EWG,43.380001068115234,43.45000076293945,42.97999954223633,43.11000061035156,3653000
2026-02-02,EWG,43.40999984741211,43.59000015258789,43.36000061035156,43.47999954223633,2764800
2026-02-03,EWG,43.369998931884766,43.59000015258789,43.220001220703125,43.5099983215332,1996800
2026-02-04,EWG,43.349998474121094,43.54999923706055,43.04999923706055,43.25,2147700
2026-02-05,EWG,42.7400016784668,43.119998931884766,42.65999984741211,42.84000015258789,1811000
2026-02-06,EWG,43.2599983215332,43.56999969482422,43.2400016784668,43.529998779296875,1323800
2026-02-09,EWG,44.0,44.36000061035156,43.91999816894531,44.31999969482422,1220300
2026-02-10,EWG,44.27000045776367,44.34000015258789,44.189998626708984,44.220001220703125,1308800
2026-02-11,EWG,44.11000061035156,44.150001525878906,43.86000061035156,44.04999923706055,1413300
2026-02-12,EWG,44.5099983215332,44.619998931884766,43.779998779296875,43.959999084472656,1646200
2026-02-13,EWG,43.91999816894531,44.09000015258789,43.709999084472656,43.970001220703125,960600
2026-02-17,EWG,43.709999084472656,44.06999969482422,43.54999923706055,44.040000915527344,1067500
2026-02-18,EWG,44.08000183105469,44.38999938964844,44.0,44.119998931884766,831400
2026-02-19,EWG,43.75,43.93000030517578,43.68000030517578,43.880001068115234,950600
2026-02-20,EWG,43.91999816894531,44.45000076293945,43.91999816894531,44.31999969482422,1027100
2026-02-23,EWG,44.209999084472656,44.27000045776367,43.849998474121094,43.900001525878906,788100
2026-02-24,EWG,43.810001373291016,44.11000061035156,43.720001220703125,43.95000076293945,1044300
2026-02-25,EWG,44.09000015258789,44.380001068115234,44.09000015258789,44.349998474121094,1068400
2026-02-26,EWG,44.459999084472656,44.56999969482422,44.189998626708984,44.560001373291016,1676400
2026-02-27,EWG,44.43000030517578,44.650001525878906,44.33000183105469,44.34000015258789,1309600
2026-03-02,EWG,42.91999816894531,43.189998626708984,42.790000915527344,42.90999984741211,3006900
2026-03-03,EWG,40.83000183105469,41.72999954223633,40.59000015258789,41.56999969482422,4329000
2026-03-04,EWG,41.880001068115234,42.130001068115234,41.689998626708984,42.099998474121094,2146600
2026-03-05,EWG,41.400001525878906,41.63999938964844,40.810001373291016,41.18000030517578,3326100
2026-03-06,EWG,40.279998779296875,40.939998626708984,40.15999984741211,40.81999969482422,3597900
2026-03-09,EWG,40.16999816894531,41.31999969482422,39.720001220703125,41.09000015258789,3922800
2026-03-10,EWG,41.5,41.849998474121094,41.040000915527344,41.099998474121094,3170700
2026-03-11,EWG,40.91999816894531,41.099998474121094,40.560001373291016,40.79999923706055,2047200
2026-03-12,EWG,40.40999984741211,40.58000183105469,40.09000015258789,40.34000015258789,5785700
2026-03-13,EWG,40.4900016784668,40.66999816894531,39.77000045776367,39.84000015258789,2175500
2026-03-16,EWG,40.38999938964844,40.650001525878906,40.29999923706055,40.52000045776367,2959500
2026-03-17,EWG,40.810001373291016,40.939998626708984,40.66999816894531,40.7400016784668,2163500
2026-03-18,EWG,40.52000045776367,40.599998474121094,39.720001220703125,39.7599983215332,2210400
2026-03-19,EWG,39.04999923706055,40.0,38.959999084472656,39.689998626708984,5975500
2026-03-20,EWG,39.36000061035156,39.36000061035156,38.029998779296875,38.20000076293945,4926200
2026-03-23,EWG,39.310001373291016,39.959999084472656,38.939998626708984,39.31999969482422,5674600
2026-03-24,EWG,38.619998931884766,39.150001525878906,38.540000915527344,38.95000076293945,1925800
2026-03-25,EWG,39.720001220703125,39.7599983215332,39.279998779296875,39.470001220703125,3017700
2026-03-26,EWG,38.869998931884766,39.27000045776367,38.63999938964844,38.66999816894531,2632400
2026-03-27,EWG,38.31999969482422,38.540000915527344,37.97999954223633,38.08000183105469,3954500
2026-03-30,EWG,38.36000061035156,38.650001525878906,38.15999984741211,38.369998931884766,2391100
2026-03-31,EWG,39.09000015258789,39.72999954223633,38.810001373291016,39.66999816894531,5435000
2026-04-01,EWG,40.290000915527344,40.459999084472656,39.97999954223633,40.20000076293945,3147700
2026-04-02,EWG,39.150001525878906,40.04999923706055,39.09000015258789,39.900001525878906,3465300
2026-04-06,EWG,39.869998931884766,40.34000015258789,39.869998931884766,40.209999084472656,4723200
2026-04-07,EWG,39.880001068115234,40.20000076293945,39.400001525878906,40.11000061035156,3071800
2026-04-08,EWG,42.04999923706055,42.130001068115234,41.47999954223633,41.7400016784668,2761000
2026-04-09,EWG,41.439998626708984,41.81999969482422,41.189998626708984,41.619998931884766,1933900
2026-04-10,EWG,41.959999084472656,41.959999084472656,41.439998626708984,41.599998474121094,1391200
2026-04-13,EWG,41.130001068115234,41.970001220703125,41.11000061035156,41.939998626708984,1472800
2026-04-14,EWG,42.2599983215332,42.40999984741211,42.189998626708984,42.189998626708984,1573300
2026-04-15,EWG,42.349998474121094,42.43000030517578,42.2400016784668,42.36000061035156,775500
2026-04-16,EWG,42.560001373291016,42.619998931884766,42.220001220703125,42.36000061035156,872300
2026-04-17,EWG,43.4900016784668,43.70000076293945,43.150001525878906,43.189998626708984,2980000
2026-04-20,EWG,42.91999816894531,43.0,42.68000030517578,42.9900016784668,1527600
2026-04-21,EWG,42.81999969482422,42.95000076293945,42.02000045776367,42.060001373291016,2144500
2026-04-22,EWG,42.41999816894531,42.470001220703125,42.150001525878906,42.31999969482422,1714900
2026-04-23,EWG,42.04999923706055,42.279998779296875,41.439998626708984,41.91999816894531,2886500
2026-04-24,EWG,42.16999816894531,42.369998931884766,42.040000915527344,42.349998474121094,2341600
2026-04-27,EWG,42.40999984741211,42.5099983215332,42.060001373291016,42.119998931884766,821400
2026-04-28,EWG,41.869998931884766,41.9900016784668,41.720001220703125,41.88999938964844,2087200
2026-04-29,EWG,41.7599983215332,41.7599983215332,41.18000030517578,41.34000015258789,1156000
2026-04-30,EWG,41.88999938964844,42.41999816894531,41.7599983215332,42.2599983215332,1323300
2026-05-01,EWG,42.619998931884766,42.779998779296875,42.290000915527344,42.33000183105469,3345000
2026-05-04,EWG,42.040000915527344,42.130001068115234,41.34000015258789,41.47999954223633,3032600
2026-05-05,EWG,42.31999969482422,42.4900016784668,42.029998779296875,42.38999938964844,1638200
2026-05-06,EWG,43.279998779296875,43.5099983215332,43.20000076293945,43.470001220703125,1859100
2026-05-07,EWG,43.36000061035156,43.439998626708984,42.47999954223633,42.5,949500
2026-05-08,EWG,42.77000045776367,42.790000915527344,42.380001068115234,42.650001525878906,1195200
2026-05-11,EWG,42.5,42.66999816894531,42.43000030517578,42.529998779296875,1842500
2026-05-12,EWG,42.0,42.029998779296875,41.709999084472656,41.939998626708984,771600
2026-05-13,EWG,41.880001068115234,42.18000030517578,41.869998931884766,42.15999984741211,443100
2026-05-14,EWG,42.400001525878906,42.56999969482422,42.20000076293945,42.25,546400
2026-05-15,EWG,41.59000015258789,41.619998931884766,41.31999969482422,41.369998931884766,881700
2026-05-18,EWG,42.18000030517578,42.38999938964844,41.84000015258789,42.34000015258789,1272100
2026-05-19,EWG,42.33000183105469,42.45000076293945,42.0,42.040000915527344,1377400
2026-05-20,EWG,42.2599983215332,43.099998474121094,42.20000076293945,42.880001068115234,1654400
2026-05-21,EWG,42.529998779296875,43.220001220703125,42.36000061035156,43.04999923706055,2222500
2026-05-22,EWG,43.11000061035156,43.18000030517578,42.90999984741211,42.90999984741211,906500
2026-05-26,EWG,43.7400016784668,43.83000183105469,43.560001373291016,43.75,505200
2026-05-27,EWG,43.79999923706055,43.79999923706055,43.54999923706055,43.689998626708984,726500
2026-05-28,EWG,43.369998931884766,43.7400016784668,43.279998779296875,43.4900016784668,796300
2026-05-29,EWG,43.470001220703125,43.77000045776367,43.380001068115234,43.43000030517578,1481500
2026-06-01,EWG,43.31999969482422,43.65999984741211,43.099998474121094,43.47999954223633,1774500
2026-06-02,EWG,43.630001068115234,43.709999084472656,43.43000030517578,43.56999969482422,847900
2026-06-03,EWG,43.0099983215332,43.040000915527344,42.7599983215332,42.77000045776367,797500
2026-06-04,EWG,43.25,43.29999923706055,43.029998779296875,43.06999969482422,676800
2026-06-05,EWG,42.88999938964844,42.97999954223633,41.91999816894531,42.11000061035156,934600
2026-06-08,EWG,42.31999969482422,42.38999938964844,42.060001373291016,42.13999938964844,1062100
2026-06-09,EWG,42.560001373291016,42.689998626708984,41.4900016784668,42.040000915527344,2291800
2026-06-10,EWG,41.619998931884766,41.86000061035156,41.2400016784668,41.27000045776367,1196700
2026-06-11,EWG,41.439998626708984,42.369998931884766,41.25,42.27000045776367,1844500
2026-06-12,EWG,42.130001068115234,42.38999938964844,41.900001525878906,42.310001373291016,913000
2026-06-15,EWG,42.20000076293945,42.220001220703125,41.81999969482422,41.84000015258789,1121200
2026-06-16,EWG,42.06999969482422,42.11000061035156,41.72999954223633,41.77000045776367,1045900
2026-06-17,EWG,41.810001373291016,42.040000915527344,41.290000915527344,41.36000061035156,1710500
2026-06-18,EWG,41.529998779296875,41.66999816894531,41.439998626708984,41.52000045776367,926700
2026-06-22,EWG,41.54999923706055,41.72999954223633,41.459999084472656,41.540000915527344,604500
2026-06-23,EWG,41.0,41.16999816894531,40.959999084472656,40.97999954223633,1123300
2026-06-24,EWG,40.349998474121094,40.70000076293945,40.349998474121094,40.54999923706055,2915300
2026-06-25,EWG,41.040000915527344,41.29999923706055,40.84000015258789,41.06999969482422,649900
2026-06-26,EWG,40.65999984741211,40.86000061035156,40.58000183105469,40.630001068115234,353300
2026-06-29,EWG,40.810001373291016,40.95000076293945,40.599998474121094,40.93000030517578,367400
2026-06-30,EWG,41.029998779296875,41.40999984741211,41.029998779296875,41.369998931884766,597200
2026-07-01,EWG,41.16999816894531,41.33000183105469,41.060001373291016,41.209999084472656,482400
2026-07-02,EWG,42.150001525878906,42.459999084472656,42.09000015258789,42.310001373291016,1732400
2026-07-06,EWG,42.43000030517578,42.65999984741211,42.38999938964844,42.65999984741211,2626000
2026-07-07,EWG,42.41999816894531,42.41999816894531,41.91999816894531,42.04999923706055,548700
2026-07-08,EWG,41.20000076293945,41.369998931884766,40.970001220703125,41.310001373291016,953100
2026-07-09,EWG,41.380001068115234,41.61000061035156,41.349998474121094,41.540000915527344,3002000
2026-07-10,EWG,41.58000183105469,41.58000183105469,41.25,41.4900016784668,316800
2026-07-13,EWG,41.54999923706055,41.56999969482422,41.16999816894531,41.22999954223633,519400
2026-07-14,EWG,41.4900016784668,41.779998779296875,41.380001068115234,41.38999938964844,531500
2026-07-15,EWG,41.349998474121094,41.61000061035156,41.27000045776367,41.5,491500
2026-07-16,EWG,41.150001525878906,41.310001373291016,41.04999923706055,41.2400016784668,635000
2026-07-17,EWG,40.97999954223633,41.2400016784668,40.880001068115234,41.15999984741211,659100
