Datetime,Ticker,Open,High,Low,Close,Volume
2000-06-23,EWT,38.75,38.75,38.75,38.75,450
2000-06-26,EWT,38.0,38.0,38.0,38.0,250
2000-06-27,EWT,37.625,37.875,37.5,37.875,2200
2000-06-28,EWT,37.75,37.75,37.75,37.75,500
2000-06-29,EWT,37.75,37.75,37.75,37.75,0
2000-06-30,EWT,37.5,37.5,37.5,37.5,12150
2000-07-03,EWT,37.5,37.5,37.5,37.5,0
2000-07-05,EWT,38.625,38.75,38.625,38.75,16150
2000-07-06,EWT,37.875,38.375,37.875,38.375,25300
2000-07-07,EWT,37.5,37.75,37.5,37.625,18050
2000-07-10,EWT,37.25,37.25,37.25,37.25,100
2000-07-11,EWT,37.375,37.375,36.875,36.875,350
2000-07-12,EWT,36.75,36.75,36.75,36.75,100
2000-07-13,EWT,36.75,37.375,36.75,37.375,700
2000-07-14,EWT,38.0,38.125,38.0,38.125,1850
2000-07-17,EWT,38.75,38.875,38.75,38.875,4500
2000-07-18,EWT,37.25,37.25,37.25,37.25,850
2000-07-19,EWT,37.25,37.25,36.625,36.625,800
2000-07-20,EWT,36.25,36.75,36.25,36.75,5600
2000-07-21,EWT,35.75,35.75,35.75,35.75,200
2000-07-24,EWT,35.75,35.75,35.75,35.75,0
2000-07-25,EWT,35.75,35.75,35.75,35.75,0
2000-07-26,EWT,35.75,35.75,35.75,35.75,0
2000-07-27,EWT,35.75,35.75,35.75,35.75,0
2000-07-28,EWT,36.125,36.125,36.125,36.125,250
2000-07-31,EWT,36.125,36.125,36.125,36.125,0
2000-08-01,EWT,36.125,36.125,36.125,36.125,0
2000-08-02,EWT,36.125,36.125,36.125,36.125,0
2000-08-03,EWT,36.125,36.125,36.125,36.125,0
2000-08-04,EWT,36.125,36.125,35.875,36.0,13900
2000-08-07,EWT,35.75,35.75,35.75,35.75,139850
2000-08-08,EWT,35.75,35.875,35.75,35.875,900
2000-08-09,EWT,36.0,36.75,36.0,36.625,25450
2000-08-10,EWT,36.875,36.875,36.75,36.875,950850
2000-08-11,EWT,36.75,36.75,36.75,36.75,100
2000-08-14,EWT,35.625,35.625,35.125,35.625,900
2000-08-15,EWT,35.75,35.75,35.75,35.75,250
2000-08-16,EWT,36.5,36.875,36.375,36.5,22450
2000-08-17,EWT,37.0,37.125,37.0,37.125,550
2000-08-18,EWT,37.25,37.25,37.25,37.25,5000
2000-08-21,EWT,37.25,37.625,37.125,37.25,1200
2000-08-22,EWT,37.5,37.5,37.5,37.5,16400
2000-08-23,EWT,37.5,37.5,37.5,37.5,0
2000-08-24,EWT,34.5,35.375,34.5,35.375,9050
2000-08-25,EWT,35.0,35.0,35.0,35.0,950
2000-08-28,EWT,33.25,34.25,33.25,33.75,15400
2000-08-29,EWT,34.375,34.375,33.875,34.25,250
2000-08-30,EWT,33.5,33.5,33.375,33.375,500
2000-08-31,EWT,33.75,33.75,33.75,33.75,2450
2000-09-01,EWT,33.0,33.0,32.75,32.75,1900
2000-09-05,EWT,33.5,33.5,33.5,33.5,750
2000-09-06,EWT,33.5,33.5,33.5,33.5,100
2000-09-07,EWT,33.0,33.0,32.125,32.25,84000
2000-09-08,EWT,32.25,32.25,32.0,32.0,250
2000-09-11,EWT,32.75,32.75,32.125,32.25,8550
2000-09-12,EWT,32.25,32.25,32.25,32.25,800
2000-09-13,EWT,32.0,32.0,32.0,32.0,300
2000-09-14,EWT,31.125,31.25,31.125,31.25,200
2000-09-15,EWT,31.0,31.125,30.875,30.875,750250
2000-09-18,EWT,29.875,30.25,29.875,30.25,250
2000-09-19,EWT,29.5,29.5,29.5,29.5,150
2000-09-20,EWT,29.875,29.875,29.5,29.5,12150
2000-09-21,EWT,29.5,29.5,29.5,29.5,0
2000-09-22,EWT,28.875,29.375,28.5,29.375,850
2000-09-25,EWT,29.75,29.75,29.75,29.75,50
2000-09-26,EWT,30.0,30.0,30.0,30.0,200
2000-09-27,EWT,29.25,29.375,29.25,29.375,10200
2000-09-28,EWT,27.75,29.5,27.75,28.625,8000
2000-09-29,EWT,29.125,29.125,28.25,28.25,14800
2000-10-02,EWT,28.25,28.25,26.375,26.5,272950
2000-10-03,EWT,27.0,27.0,27.0,27.0,50
2000-10-04,EWT,26.75,27.0,26.125,26.125,21500
2000-10-05,EWT,27.0,27.0,26.875,26.875,26400
2000-10-06,EWT,28.0,28.25,27.5,27.5,61000
2000-10-09,EWT,27.375,27.625,27.375,27.625,15150
2000-10-10,EWT,27.5,27.625,27.25,27.25,13550
2000-10-11,EWT,27.0,27.125,27.0,27.125,850
2000-10-12,EWT,26.0,26.0,25.75,25.75,39750
2000-10-13,EWT,25.75,26.75,25.75,26.0,56150
2000-10-16,EWT,25.0,25.0,24.25,24.25,51450
2000-10-17,EWT,24.875,25.25,24.25,24.875,34500
2000-10-18,EWT,23.25,23.875,23.125,23.5,59450
2000-10-19,EWT,22.5,23.75,22.125,23.5,29900
2000-10-20,EWT,25.0,25.0,23.875,23.875,7700
2000-10-23,EWT,24.375,25.125,24.375,25.125,7150
2000-10-24,EWT,26.25,26.875,26.25,26.625,38550
2000-10-25,EWT,26.625,26.875,26.25,26.25,3250
2000-10-26,EWT,25.5,26.375,25.5,26.375,300
2000-10-27,EWT,25.375,25.375,25.0,25.125,92050
2000-10-30,EWT,24.125,25.0,24.125,25.0,2050
2000-10-31,EWT,24.625,25.25,24.625,24.875,23600
2000-11-01,EWT,24.125,24.5,24.0,24.5,28950
2000-11-02,EWT,25.625,25.75,25.0,25.625,20500
2000-11-03,EWT,27.25,27.25,26.25,26.5,4550
2000-11-06,EWT,26.25,26.25,25.5,25.875,12850
2000-11-07,EWT,26.875,26.875,26.75,26.75,11400
2000-11-08,EWT,27.75,27.75,27.25,27.5,45100
2000-11-09,EWT,27.5,27.5,27.25,27.25,352500
2000-11-10,EWT,27.25,27.25,27.0,27.0,169400
2000-11-13,EWT,26.0,26.25,25.75,26.0,12750
2000-11-14,EWT,26.125,27.25,26.125,27.25,10400
2000-11-15,EWT,25.875,26.0,25.625,26.0,23950
2000-11-16,EWT,24.625,24.625,24.0,24.125,4150
2000-11-17,EWT,23.875,23.875,23.875,23.875,1950
2000-11-20,EWT,22.625,22.625,21.75,21.875,28300
2000-11-21,EWT,21.875,21.875,21.875,21.875,0
2000-11-22,EWT,22.125,22.625,22.125,22.625,750
2000-11-24,EWT,22.625,22.625,22.625,22.625,0
2000-11-27,EWT,24.0,24.0,23.5,23.625,14600
2000-11-28,EWT,23.375,23.375,22.875,22.875,4000
2000-11-29,EWT,23.0,23.125,22.625,22.625,13350
2000-11-30,EWT,22.375,22.75,22.375,22.75,1650
2000-12-01,EWT,23.0,23.375,23.0,23.25,4550
2000-12-04,EWT,22.25,22.5,22.125,22.25,30400
2000-12-05,EWT,22.75,23.0,22.5,23.0,28550
2000-12-06,EWT,22.125,22.625,22.125,22.25,63400
2000-12-07,EWT,22.25,22.25,22.25,22.25,0
2000-12-08,EWT,22.875,23.0,22.875,23.0,34250
2000-12-11,EWT,23.125,23.25,23.0,23.25,37600
2000-12-12,EWT,23.5,23.5,23.25,23.25,4300
2000-12-13,EWT,23.125,23.5,23.125,23.5,33500
2000-12-14,EWT,23.0,23.0,22.75,22.75,13050
2000-12-15,EWT,22.5,22.5,22.25,22.25,42650
2000-12-18,EWT,21.875,22.125,21.875,22.0,4800
2000-12-19,EWT,21.875,21.875,21.875,21.875,1150
2000-12-20,EWT,21.5,21.5,20.875,20.875,13200
2000-12-21,EWT,20.5,20.625,20.25,20.5,3450
2000-12-22,EWT,20.375,20.875,20.375,20.875,700
2000-12-26,EWT,20.375,20.5,20.125,20.5,1800
2000-12-27,EWT,20.0,20.0,19.5,19.5,1900
2000-12-28,EWT,21.0,21.25,20.5,21.125,235450
2000-12-29,EWT,20.75,21.375,20.75,21.125,31850
2001-01-02,EWT,21.625,21.625,21.125,21.25,5350
2001-01-03,EWT,21.375,23.625,20.875,23.5,40650
2001-01-04,EWT,23.0,23.0,22.0,22.375,45800
2001-01-05,EWT,22.5,23.0,22.5,22.875,31300
2001-01-08,EWT,22.625,23.375,22.25,23.25,18250
2001-01-09,EWT,23.625,24.0,23.5,23.875,8700
2001-01-10,EWT,23.875,24.125,23.625,24.125,15750
2001-01-11,EWT,23.5,24.0,23.5,24.0,8950
2001-01-12,EWT,23.625,23.875,23.5,23.875,1650
2001-01-16,EWT,25.25,25.5,25.0,25.125,22700
2001-01-17,EWT,26.0,26.5,25.75,26.5,23900
2001-01-18,EWT,27.875,27.875,26.75,27.5,65900
2001-01-19,EWT,27.75,28.0,27.25,27.5,13350
2001-01-22,EWT,28.875,28.875,26.5,26.875,30050
2001-01-23,EWT,27.5,27.5,26.625,27.375,1600
2001-01-24,EWT,26.5,27.5,26.5,27.125,3600
2001-01-25,EWT,28.125,28.125,26.25,26.75,3000
2001-01-26,EWT,25.0,26.125,25.0,26.125,68450
2001-01-29,EWT,25.0,25.299999237060547,24.81999969482422,24.84000015258789,50800
2001-01-30,EWT,26.239999771118164,27.0,25.799999237060547,26.299999237060547,32700
2001-01-31,EWT,26.5,27.0,26.139999389648438,26.139999389648438,185450
2001-02-01,EWT,27.0,27.0,26.200000762939453,26.31999969482422,32150
2001-02-02,EWT,27.399999618530273,27.459999084472656,26.84000015258789,27.200000762939453,56000
2001-02-05,EWT,26.700000762939453,26.700000762939453,25.979999542236328,26.0,4000
2001-02-06,EWT,25.5,26.100000381469727,25.479999542236328,25.479999542236328,22000
2001-02-07,EWT,24.860000610351562,24.860000610351562,24.600000381469727,24.639999389648438,222750
2001-02-08,EWT,25.0,25.0,24.700000762939453,24.719999313354492,13700
2001-02-09,EWT,24.760000228881836,25.260000228881836,24.739999771118164,24.739999771118164,15150
2001-02-12,EWT,25.239999771118164,25.299999237060547,24.799999237060547,25.299999237060547,1600
2001-02-13,EWT,25.5,26.260000228881836,25.5,25.700000762939453,3150
2001-02-14,EWT,25.020000457763672,25.700000762939453,25.0,25.700000762939453,37500
2001-02-15,EWT,26.15999984741211,26.739999771118164,26.15999984741211,26.719999313354492,1550
2001-02-16,EWT,26.0,26.0,25.200000762939453,25.31999969482422,6400
2001-02-20,EWT,26.0,26.0,25.6200008392334,25.639999389648438,4150
2001-02-21,EWT,25.600000381469727,25.8799991607666,25.5,25.5,6800
2001-02-22,EWT,25.0,25.0,24.6200008392334,24.719999313354492,8550
2001-02-23,EWT,24.5,24.5,24.219999313354492,24.5,10200
2001-02-26,EWT,24.979999542236328,24.979999542236328,24.799999237060547,24.979999542236328,9650
2001-02-27,EWT,24.520000457763672,24.520000457763672,24.0,24.100000381469727,8300
2001-02-28,EWT,24.399999618530273,24.579999923706055,24.0,24.0,37200
2001-03-01,EWT,23.0,23.459999084472656,23.0,23.459999084472656,22800
2001-03-02,EWT,22.81999969482422,23.100000381469727,22.81999969482422,23.100000381469727,9350
2001-03-05,EWT,23.5,24.079999923706055,23.5,24.079999923706055,6300
2001-03-06,EWT,24.5,24.68000030517578,24.0,24.639999389648438,97150
2001-03-07,EWT,24.399999618530273,25.100000381469727,24.399999618530273,24.8799991607666,32300
2001-03-08,EWT,24.139999389648438,24.520000457763672,24.139999389648438,24.260000228881836,9100
2001-03-09,EWT,24.0,24.0,23.479999542236328,23.479999542236328,16950
2001-03-12,EWT,23.479999542236328,23.959999084472656,23.100000381469727,23.100000381469727,16400
2001-03-13,EWT,23.440000534057617,23.899999618530273,23.440000534057617,23.600000381469727,250
2001-03-14,EWT,23.5,23.5,22.760000228881836,23.100000381469727,23350
2001-03-15,EWT,24.100000381469727,24.100000381469727,23.65999984741211,23.719999313354492,5350
2001-03-16,EWT,24.5,24.5,23.739999771118164,23.899999618530273,97900
2001-03-19,EWT,23.100000381469727,23.5,23.079999923706055,23.100000381469727,74300
2001-03-20,EWT,23.219999313354492,23.600000381469727,22.31999969482422,22.31999969482422,32850
2001-03-21,EWT,23.079999923706055,23.579999923706055,23.079999923706055,23.399999618530273,3400
2001-03-22,EWT,23.799999237060547,24.299999237060547,23.5,24.299999237060547,28200
2001-03-23,EWT,24.65999984741211,24.65999984741211,23.940000534057617,24.200000762939453,22300
2001-03-26,EWT,24.959999084472656,24.959999084472656,24.200000762939453,24.3799991607666,10300
2001-03-27,EWT,24.399999618530273,24.739999771118164,24.260000228881836,24.260000228881836,19800
2001-03-28,EWT,23.940000534057617,23.940000534057617,23.899999618530273,23.899999618530273,17900
2001-03-29,EWT,23.899999618530273,24.260000228881836,23.899999618530273,24.260000228881836,5800
2001-03-30,EWT,24.079999923706055,24.079999923706055,23.639999389648438,24.059999465942383,1150
2001-04-02,EWT,23.540000915527344,23.65999984741211,23.079999923706055,23.5,28800
2001-04-03,EWT,22.0,22.459999084472656,21.959999084472656,21.959999084472656,22200
2001-04-04,EWT,21.700000762939453,22.0,21.700000762939453,22.0,3400
2001-04-05,EWT,22.459999084472656,23.280000686645508,22.459999084472656,23.280000686645508,17800
2001-04-06,EWT,22.200000762939453,23.059999465942383,22.200000762939453,23.020000457763672,1450
2001-04-09,EWT,21.920000076293945,22.299999237060547,21.920000076293945,22.18000030517578,15100
2001-04-10,EWT,22.0,22.799999237060547,21.81999969482422,22.420000076293945,23850
2001-04-11,EWT,22.600000381469727,23.18000030517578,22.600000381469727,23.18000030517578,14700
2001-04-12,EWT,22.899999618530273,22.899999618530273,22.5,22.739999771118164,13800
2001-04-16,EWT,21.700000762939453,22.31999969482422,21.700000762939453,22.31999969482422,1700
2001-04-17,EWT,22.700000762939453,22.700000762939453,22.440000534057617,22.440000534057617,350
2001-04-18,EWT,22.860000610351562,24.520000457763672,22.860000610351562,23.899999618530273,209900
2001-04-19,EWT,23.700000762939453,23.780000686645508,23.200000762939453,23.639999389648438,25300
2001-04-20,EWT,23.200000762939453,23.200000762939453,22.799999237060547,22.860000610351562,12150
2001-04-23,EWT,23.239999771118164,23.239999771118164,22.700000762939453,22.739999771118164,62850
2001-04-24,EWT,22.600000381469727,22.979999542236328,22.600000381469727,22.8799991607666,48000
2001-04-25,EWT,22.399999618530273,22.780000686645508,22.399999618530273,22.780000686645508,17200
2001-04-26,EWT,22.899999618530273,22.920000076293945,22.6200008392334,22.6200008392334,2000
2001-04-27,EWT,22.299999237060547,22.479999542236328,22.299999237060547,22.479999542236328,100
2001-04-30,EWT,22.420000076293945,22.6200008392334,22.420000076293945,22.520000457763672,49100
2001-05-01,EWT,22.700000762939453,22.700000762939453,22.399999618530273,22.600000381469727,22150
2001-05-02,EWT,22.600000381469727,22.600000381469727,22.200000762939453,22.299999237060547,29250
2001-05-03,EWT,22.200000762939453,22.479999542236328,21.940000534057617,22.3799991607666,14750
2001-05-04,EWT,21.040000915527344,22.299999237060547,21.040000915527344,22.299999237060547,31300
2001-05-07,EWT,21.8799991607666,22.200000762939453,21.8799991607666,21.940000534057617,11200
2001-05-08,EWT,22.360000610351562,22.360000610351562,21.540000915527344,21.959999084472656,477800
2001-05-09,EWT,22.299999237060547,22.299999237060547,22.0,22.079999923706055,7800
2001-05-10,EWT,21.979999542236328,21.979999542236328,21.700000762939453,21.700000762939453,18250
2001-05-11,EWT,22.299999237060547,22.31999969482422,21.700000762939453,21.700000762939453,12700
2001-05-14,EWT,21.719999313354492,21.719999313354492,21.6200008392334,21.719999313354492,4150
2001-05-15,EWT,21.600000381469727,21.719999313354492,21.479999542236328,21.700000762939453,43600
2001-05-16,EWT,21.65999984741211,21.84000015258789,21.299999237060547,21.84000015258789,5700
2001-05-17,EWT,21.6200008392334,21.860000610351562,21.600000381469727,21.860000610351562,15100
2001-05-18,EWT,21.600000381469727,21.799999237060547,21.440000534057617,21.799999237060547,4400
2001-05-21,EWT,21.360000610351562,21.360000610351562,20.81999969482422,21.239999771118164,307250
2001-05-22,EWT,21.200000762939453,21.239999771118164,21.0,21.0,16300
2001-05-23,EWT,21.559999465942383,21.799999237060547,21.559999465942383,21.760000228881836,1950
2001-05-24,EWT,21.979999542236328,21.979999542236328,21.600000381469727,21.760000228881836,57850
2001-05-25,EWT,21.260000228881836,21.700000762939453,21.260000228881836,21.65999984741211,14400
2001-05-29,EWT,21.100000381469727,21.31999969482422,21.020000457763672,21.18000030517578,8350
2001-05-30,EWT,21.0,21.0,20.65999984741211,20.700000762939453,4950
2001-05-31,EWT,20.8799991607666,21.100000381469727,20.700000762939453,20.799999237060547,7350
2001-06-01,EWT,20.959999084472656,20.959999084472656,20.719999313354492,20.860000610351562,1800
2001-06-04,EWT,20.700000762939453,20.84000015258789,20.540000915527344,20.540000915527344,17700
2001-06-05,EWT,21.15999984741211,21.479999542236328,20.920000076293945,21.399999618530273,58150
2001-06-06,EWT,21.860000610351562,21.860000610351562,21.600000381469727,21.739999771118164,1550
2001-06-07,EWT,21.520000457763672,21.540000915527344,21.280000686645508,21.540000915527344,22800
2001-06-08,EWT,21.65999984741211,21.959999084472656,21.600000381469727,21.959999084472656,32900
2001-06-11,EWT,21.959999084472656,21.979999542236328,21.799999237060547,21.799999237060547,800
2001-06-12,EWT,22.139999389648438,22.139999389648438,21.799999237060547,21.940000534057617,42750
2001-06-13,EWT,21.639999389648438,21.639999389648438,21.239999771118164,21.399999618530273,15550
2001-06-14,EWT,21.260000228881836,21.260000228881836,20.459999084472656,20.459999084472656,2250
2001-06-15,EWT,21.0,21.15999984741211,21.0,21.15999984741211,1650
2001-06-18,EWT,20.700000762939453,20.84000015258789,20.700000762939453,20.84000015258789,1450
2001-06-19,EWT,20.68000030517578,20.68000030517578,20.559999465942383,20.559999465942383,5700
2001-06-20,EWT,20.559999465942383,20.559999465942383,20.559999465942383,20.559999465942383,0
2001-06-21,EWT,20.280000686645508,20.280000686645508,20.260000228881836,20.260000228881836,3600
2001-06-22,EWT,20.15999984741211,20.15999984741211,20.0,20.1200008392334,9200
2001-06-25,EWT,20.020000457763672,20.260000228881836,20.020000457763672,20.260000228881836,250
2001-06-26,EWT,18.579999923706055,19.540000915527344,18.579999923706055,19.399999618530273,107950
2001-06-27,EWT,20.059999465942383,20.100000381469727,19.600000381469727,20.0,19250
2001-06-28,EWT,19.5,20.200000762939453,19.5,20.040000915527344,16200
2001-06-29,EWT,20.3799991607666,21.079999923706055,19.979999542236328,21.079999923706055,2900
2001-07-02,EWT,20.479999542236328,20.5,20.239999771118164,20.360000610351562,8850
2001-07-03,EWT,19.520000457763672,20.0,19.520000457763672,19.6200008392334,1400
2001-07-05,EWT,19.8799991607666,19.899999618530273,19.420000076293945,19.780000686645508,65050
2001-07-06,EWT,19.68000030517578,19.68000030517578,19.399999618530273,19.399999618530273,2500
2001-07-09,EWT,19.6200008392334,19.6200008392334,19.200000762939453,19.200000762939453,450
2001-07-10,EWT,19.0,19.0,18.020000457763672,18.219999313354492,27200
2001-07-11,EWT,18.3799991607666,18.579999923706055,18.020000457763672,18.579999923706055,7950
2001-07-12,EWT,18.5,19.0,18.5,19.0,3600
2001-07-13,EWT,18.68000030517578,18.68000030517578,18.200000762939453,18.399999618530273,68200
2001-07-16,EWT,17.979999542236328,17.979999542236328,17.540000915527344,17.579999923706055,26450
2001-07-17,EWT,17.899999618530273,17.899999618530273,17.719999313354492,17.719999313354492,28200
2001-07-18,EWT,17.100000381469727,17.440000534057617,17.0,17.0,30250
2001-07-19,EWT,17.100000381469727,17.260000228881836,17.0,17.139999389648438,15100
2001-07-20,EWT,17.200000762939453,17.200000762939453,16.979999542236328,17.059999465942383,7900
2001-07-23,EWT,17.059999465942383,17.18000030517578,16.81999969482422,17.139999389648438,3500
2001-07-24,EWT,16.6200008392334,16.6200008392334,16.399999618530273,16.399999618530273,12700
2001-07-25,EWT,16.920000076293945,16.920000076293945,16.700000762939453,16.700000762939453,2300
2001-07-26,EWT,17.200000762939453,17.399999618530273,17.1200008392334,17.399999618530273,68100
2001-07-27,EWT,17.5,17.520000457763672,17.5,17.520000457763672,2050
2001-07-30,EWT,17.399999618530273,17.420000076293945,17.219999313354492,17.219999313354492,1050
2001-07-31,EWT,17.200000762939453,17.780000686645508,17.200000762939453,17.600000381469727,2300
2001-08-01,EWT,17.8799991607666,18.399999618530273,17.8799991607666,18.020000457763672,73750
2001-08-02,EWT,18.219999313354492,18.68000030517578,18.219999313354492,18.65999984741211,93200
2001-08-03,EWT,18.440000534057617,18.440000534057617,18.299999237060547,18.420000076293945,8150
2001-08-06,EWT,18.3799991607666,18.3799991607666,18.020000457763672,18.079999923706055,13450
2001-08-07,EWT,18.65999984741211,18.65999984741211,17.899999618530273,18.3799991607666,2300
2001-08-08,EWT,18.0,18.3799991607666,18.0,18.100000381469727,4750
2001-08-09,EWT,17.979999542236328,18.34000015258789,17.959999084472656,18.31999969482422,900
2001-08-10,EWT,18.079999923706055,18.079999923706055,18.059999465942383,18.079999923706055,600
2001-08-13,EWT,18.360000610351562,18.559999465942383,18.360000610351562,18.479999542236328,1050
2001-08-14,EWT,18.780000686645508,18.780000686645508,18.3799991607666,18.3799991607666,3750
2001-08-15,EWT,18.760000228881836,19.0,18.760000228881836,18.760000228881836,56750
2001-08-16,EWT,18.979999542236328,19.280000686645508,18.920000076293945,19.280000686645508,5750
2001-08-17,EWT,18.940000534057617,18.940000534057617,18.440000534057617,18.520000457763672,63400
2001-08-20,EWT,18.899999618530273,18.899999618530273,18.399999618530273,18.399999618530273,1450
2001-08-21,EWT,18.540000915527344,18.68000030517578,18.100000381469727,18.100000381469727,15050
2001-08-22,EWT,18.540000915527344,18.540000915527344,18.1200008392334,18.200000762939453,1400
2001-08-23,EWT,17.920000076293945,18.3799991607666,17.920000076293945,18.18000030517578,1800
2001-08-24,EWT,18.0,18.0,17.5,17.600000381469727,9850
2001-08-27,EWT,18.100000381469727,18.100000381469727,17.68000030517578,17.68000030517578,2350
2001-08-28,EWT,17.219999313354492,18.059999465942383,17.219999313354492,17.420000076293945,11600
2001-08-29,EWT,18.18000030517578,18.18000030517578,17.860000610351562,17.860000610351562,3250
2001-08-30,EWT,17.860000610351562,17.940000534057617,17.420000076293945,17.540000915527344,47950
2001-08-31,EWT,17.959999084472656,18.100000381469727,17.739999771118164,17.739999771118164,52200
2001-09-04,EWT,18.559999465942383,18.780000686645508,18.100000381469727,18.479999542236328,107750
2001-09-05,EWT,17.899999618530273,17.899999618530273,17.520000457763672,17.719999313354492,41600
2001-09-06,EWT,17.31999969482422,17.719999313354492,17.299999237060547,17.299999237060547,15750
2001-09-07,EWT,17.5,17.5,17.200000762939453,17.239999771118164,1150
2001-09-10,EWT,17.459999084472656,17.459999084472656,16.899999618530273,17.200000762939453,104550
2001-09-17,EWT,15.5,15.5600004196167,14.699999809265137,15.199999809265137,36500
2001-09-18,EWT,15.5,15.5,14.9399995803833,15.039999961853027,46200
2001-09-19,EWT,14.920000076293945,15.15999984741211,14.859999656677246,14.979999542236328,35200
2001-09-20,EWT,14.800000190734863,14.800000190734863,14.319999694824219,14.539999961853027,3150
2001-09-21,EWT,14.0,14.0,13.300000190734863,13.699999809265137,51750
2001-09-24,EWT,13.720000267028809,14.119999885559082,13.720000267028809,14.119999885559082,35850
2001-09-25,EWT,13.899999618530273,13.899999618530273,13.359999656677246,13.5,53950
2001-09-26,EWT,14.140000343322754,14.15999984741211,13.760000228881836,14.15999984741211,30250
2001-09-27,EWT,14.100000381469727,14.140000343322754,13.760000228881836,14.140000343322754,31500
2001-09-28,EWT,13.979999542236328,14.199999809265137,13.979999542236328,14.199999809265137,2800
2001-10-01,EWT,14.300000190734863,14.300000190734863,14.079999923706055,14.180000305175781,3000
2001-10-02,EWT,13.699999809265137,13.699999809265137,13.520000457763672,13.520000457763672,20600
2001-10-03,EWT,13.420000076293945,13.899999618530273,13.020000457763672,13.899999618530273,20700
2001-10-04,EWT,13.539999961853027,13.800000190734863,13.279999732971191,13.699999809265137,33650
2001-10-05,EWT,13.800000190734863,13.800000190734863,13.619999885559082,13.800000190734863,26950
2001-10-08,EWT,13.899999618530273,13.960000038146973,13.880000114440918,13.960000038146973,2800
2001-10-09,EWT,14.100000381469727,14.15999984741211,13.819999694824219,13.819999694824219,4050
2001-10-10,EWT,14.0,14.140000343322754,13.520000457763672,14.140000343322754,104200
2001-10-11,EWT,14.819999694824219,15.479999542236328,14.819999694824219,15.140000343322754,110100
2001-10-12,EWT,15.100000381469727,15.279999732971191,14.920000076293945,14.920000076293945,6300
2001-10-15,EWT,14.760000228881836,14.760000228881836,14.420000076293945,14.420000076293945,3450
2001-10-16,EWT,14.920000076293945,15.180000305175781,14.739999771118164,15.180000305175781,3100
2001-10-17,EWT,15.319999694824219,15.34000015258789,15.0600004196167,15.0600004196167,105250
2001-10-18,EWT,15.239999771118164,15.239999771118164,14.84000015258789,14.84000015258789,700
2001-10-19,EWT,15.300000190734863,15.300000190734863,14.920000076293945,15.0,39650
2001-10-22,EWT,15.020000457763672,15.520000457763672,15.020000457763672,15.520000457763672,52350
2001-10-23,EWT,15.579999923706055,15.600000381469727,15.199999809265137,15.199999809265137,44150
2001-10-24,EWT,15.800000190734863,16.020000457763672,15.800000190734863,15.979999542236328,41400
2001-10-25,EWT,16.34000015258789,16.34000015258789,15.600000381469727,15.979999542236328,15300
2001-10-26,EWT,15.699999809265137,16.18000030517578,15.699999809265137,16.100000381469727,96450
2001-10-29,EWT,15.800000190734863,16.18000030517578,15.720000267028809,16.139999389648438,2250
2001-10-30,EWT,15.399999618530273,15.399999618530273,15.039999961853027,15.220000267028809,3550
2001-10-31,EWT,15.220000267028809,15.65999984741211,15.220000267028809,15.65999984741211,5600
2001-11-01,EWT,15.699999809265137,15.699999809265137,15.199999809265137,15.699999809265137,10050
2001-11-02,EWT,15.380000114440918,16.0,15.380000114440918,16.0,2800
2001-11-05,EWT,16.0,16.5,16.0,16.399999618530273,7500
2001-11-06,EWT,16.399999618530273,16.479999542236328,16.020000457763672,16.479999542236328,6200
2001-11-07,EWT,16.5,17.040000915527344,16.5,16.860000610351562,62900
2001-11-08,EWT,16.600000381469727,16.780000686645508,16.420000076293945,16.520000457763672,34000
2001-11-09,EWT,17.0,17.0,16.399999618530273,16.399999618530273,5800
2001-11-12,EWT,16.5,16.780000686645508,16.399999618530273,16.520000457763672,8950
2001-11-13,EWT,16.8799991607666,17.040000915527344,16.399999618530273,16.940000534057617,14300
2001-11-14,EWT,17.399999618530273,17.600000381469727,17.31999969482422,17.5,476100
2001-11-15,EWT,17.739999771118164,18.0,17.719999313354492,17.719999313354492,306600
2001-11-16,EWT,17.979999542236328,18.079999923706055,17.8799991607666,18.079999923706055,8050
2001-11-19,EWT,18.719999313354492,18.719999313354492,18.399999618530273,18.479999542236328,82350
2001-11-20,EWT,18.1200008392334,18.1200008392334,17.6200008392334,17.860000610351562,163550
2001-11-21,EWT,18.299999237060547,18.299999237060547,17.65999984741211,18.260000228881836,34200
2001-11-23,EWT,18.399999618530273,18.479999542236328,18.0,18.020000457763672,5650
2001-11-26,EWT,18.5,18.579999923706055,18.280000686645508,18.479999542236328,23450
2001-11-27,EWT,18.399999618530273,18.459999084472656,18.15999984741211,18.260000228881836,33050
2001-11-28,EWT,17.899999618530273,18.0,17.31999969482422,17.31999969482422,9450
2001-11-29,EWT,17.799999237060547,18.020000457763672,17.6200008392334,18.020000457763672,109350
2001-11-30,EWT,17.81999969482422,17.81999969482422,17.520000457763672,17.739999771118164,8400
2001-12-03,EWT,18.299999237060547,18.799999237060547,18.299999237060547,18.520000457763672,94200
2001-12-04,EWT,19.239999771118164,19.399999618530273,19.0,19.3799991607666,53350
2001-12-05,EWT,20.299999237060547,20.399999618530273,20.139999389648438,20.34000015258789,50400
2001-12-06,EWT,21.200000762939453,21.459999084472656,21.0,21.34000015258789,27950
2001-12-07,EWT,21.600000381469727,21.979999542236328,21.31999969482422,21.760000228881836,58700
2001-12-10,EWT,21.5,21.68000030517578,21.040000915527344,21.139999389648438,20550
2001-12-11,EWT,21.260000228881836,21.260000228881836,21.0,21.200000762939453,18950
2001-12-12,EWT,22.0,22.600000381469727,21.979999542236328,22.34000015258789,43200
2001-12-13,EWT,21.100000381469727,21.780000686645508,21.100000381469727,21.239999771118164,42100
2001-12-14,EWT,21.100000381469727,22.100000381469727,21.100000381469727,22.100000381469727,98450
2001-12-17,EWT,21.540000915527344,21.84000015258789,21.219999313354492,21.479999542236328,29200
2001-12-18,EWT,21.200000762939453,21.200000762939453,20.780000686645508,20.8799991607666,60050
2001-12-19,EWT,20.799999237060547,20.920000076293945,20.3799991607666,20.799999237060547,17800
2001-12-20,EWT,21.31999969482422,21.31999969482422,20.5,20.5,13050
2001-12-21,EWT,20.299999237060547,20.399999618530273,19.8799991607666,20.399999618530273,149450
2001-12-24,EWT,20.5,20.68000030517578,20.5,20.559999465942383,2700
2001-12-26,EWT,20.8799991607666,21.299999237060547,20.799999237060547,21.280000686645508,27400
2001-12-27,EWT,20.799999237060547,20.979999542236328,20.540000915527344,20.979999542236328,5750
2001-12-28,EWT,20.979999542236328,21.100000381469727,20.799999237060547,21.100000381469727,12050
2001-12-31,EWT,21.200000762939453,21.579999923706055,21.1200008392334,21.559999465942383,15100
2002-01-02,EWT,21.780000686645508,22.139999389648438,21.780000686645508,22.100000381469727,15500
2002-01-03,EWT,21.899999618530273,22.15999984741211,21.739999771118164,22.15999984741211,81550
2002-01-04,EWT,22.5,22.540000915527344,22.239999771118164,22.479999542236328,50450
2002-01-07,EWT,22.760000228881836,23.15999984741211,22.760000228881836,22.81999969482422,104450
2002-01-08,EWT,23.0,23.079999923706055,22.559999465942383,22.84000015258789,8550
2002-01-09,EWT,23.399999618530273,23.399999618530273,22.760000228881836,22.940000534057617,14250
2002-01-10,EWT,23.299999237060547,23.31999969482422,22.81999969482422,22.979999542236328,16950
2002-01-11,EWT,22.440000534057617,22.440000534057617,21.639999389648438,21.860000610351562,140550
2002-01-14,EWT,21.68000030517578,21.959999084472656,21.5,21.639999389648438,17450
2002-01-15,EWT,21.639999389648438,22.059999465942383,21.5,21.8799991607666,22250
2002-01-16,EWT,21.399999618530273,21.399999618530273,20.8799991607666,20.8799991607666,48700
2002-01-17,EWT,20.959999084472656,21.579999923706055,20.959999084472656,21.5,18700
2002-01-18,EWT,20.799999237060547,21.079999923706055,20.799999237060547,20.899999618530273,3650
2002-01-22,EWT,22.299999237060547,22.299999237060547,21.799999237060547,22.0,40050
2002-01-23,EWT,21.979999542236328,22.5,21.639999389648438,22.479999542236328,15800
2002-01-24,EWT,22.540000915527344,22.540000915527344,22.200000762939453,22.34000015258789,62700
2002-01-25,EWT,23.0,23.139999389648438,22.81999969482422,23.0,10950
2002-01-28,EWT,23.399999618530273,23.559999465942383,23.1200008392334,23.1200008392334,27100
2002-01-29,EWT,22.799999237060547,22.799999237060547,21.920000076293945,22.360000610351562,13450
2002-01-30,EWT,22.0,22.6200008392334,21.81999969482422,22.600000381469727,32850
2002-01-31,EWT,23.0,23.040000915527344,22.579999923706055,22.700000762939453,49400
2002-02-01,EWT,22.68000030517578,22.68000030517578,22.219999313354492,22.299999237060547,10750
2002-02-04,EWT,22.559999465942383,22.600000381469727,21.81999969482422,21.920000076293945,457100
2002-02-05,EWT,22.440000534057617,22.440000534057617,22.040000915527344,22.040000915527344,700
2002-02-06,EWT,22.459999084472656,22.5,22.200000762939453,22.5,4200
2002-02-07,EWT,22.68000030517578,22.899999618530273,22.31999969482422,22.479999542236328,67100
2002-02-08,EWT,22.799999237060547,22.799999237060547,22.479999542236328,22.479999542236328,4500
2002-02-11,EWT,22.899999618530273,23.15999984741211,22.780000686645508,23.100000381469727,11700
2002-02-12,EWT,23.020000457763672,23.100000381469727,22.600000381469727,22.68000030517578,3750
2002-02-13,EWT,23.200000762939453,23.239999771118164,22.719999313354492,23.079999923706055,7400
2002-02-14,EWT,23.3799991607666,24.100000381469727,23.3799991607666,23.979999542236328,116100
2002-02-15,EWT,23.979999542236328,23.979999542236328,23.6200008392334,23.860000610351562,17700
2002-02-19,EWT,22.399999618530273,22.5,21.8799991607666,22.0,80950
2002-02-20,EWT,21.299999237060547,21.68000030517578,21.299999237060547,21.639999389648438,73850
2002-02-21,EWT,21.540000915527344,21.700000762939453,21.299999237060547,21.299999237060547,63500
2002-02-22,EWT,21.399999618530273,21.600000381469727,21.31999969482422,21.600000381469727,3250
2002-02-25,EWT,20.799999237060547,21.360000610351562,20.799999237060547,21.299999237060547,238200
2002-02-26,EWT,21.200000762939453,21.200000762939453,20.700000762939453,20.8799991607666,31550
2002-02-27,EWT,21.68000030517578,22.079999923706055,21.68000030517578,22.059999465942383,70850
2002-02-28,EWT,22.059999465942383,22.079999923706055,22.0,22.040000915527344,139300
2002-03-01,EWT,22.0,22.420000076293945,21.639999389648438,22.420000076293945,145950
2002-03-04,EWT,22.34000015258789,23.200000762939453,22.34000015258789,23.200000762939453,110550
2002-03-05,EWT,23.360000610351562,23.360000610351562,22.799999237060547,23.079999923706055,26150
2002-03-06,EWT,23.399999618530273,23.979999542236328,23.399999618530273,23.959999084472656,10750
2002-03-07,EWT,23.899999618530273,23.940000534057617,23.5,23.860000610351562,55450
2002-03-08,EWT,23.799999237060547,23.84000015258789,23.639999389648438,23.799999237060547,45350
2002-03-11,EWT,23.899999618530273,24.3799991607666,23.899999618530273,23.959999084472656,32700
2002-03-12,EWT,23.940000534057617,23.959999084472656,23.6200008392334,23.8799991607666,36700
2002-03-13,EWT,23.579999923706055,23.739999771118164,23.219999313354492,23.3799991607666,16000
2002-03-14,EWT,23.799999237060547,23.799999237060547,23.260000228881836,23.360000610351562,285350
2002-03-15,EWT,23.0,23.0,22.719999313354492,22.739999771118164,33350
2002-03-18,EWT,22.959999084472656,22.959999084472656,22.420000076293945,22.760000228881836,45700
2002-03-19,EWT,22.600000381469727,22.799999237060547,22.520000457763672,22.799999237060547,18550
2002-03-20,EWT,23.219999313354492,23.479999542236328,22.920000076293945,23.020000457763672,45600
2002-03-21,EWT,22.940000534057617,23.299999237060547,22.81999969482422,23.280000686645508,46300
2002-03-22,EWT,23.440000534057617,23.860000610351562,23.440000534057617,23.440000534057617,47050
2002-03-25,EWT,24.040000915527344,24.040000915527344,23.459999084472656,23.700000762939453,8750
2002-03-26,EWT,23.6200008392334,24.079999923706055,23.6200008392334,23.6200008392334,82850
2002-03-27,EWT,23.700000762939453,23.700000762939453,23.200000762939453,23.579999923706055,56000
2002-03-28,EWT,23.459999084472656,23.940000534057617,23.31999969482422,23.940000534057617,71000
2002-04-01,EWT,23.260000228881836,23.700000762939453,23.239999771118164,23.700000762939453,46350
2002-04-02,EWT,23.799999237060547,23.860000610351562,23.200000762939453,23.520000457763672,24400
2002-04-03,EWT,23.700000762939453,23.920000076293945,23.5,23.579999923706055,14650
2002-04-04,EWT,23.579999923706055,23.639999389648438,23.31999969482422,23.579999923706055,4050
2002-04-05,EWT,23.579999923706055,23.579999923706055,23.0,23.059999465942383,15400
2002-04-08,EWT,23.020000457763672,23.3799991607666,22.559999465942383,22.65999984741211,187750
2002-04-09,EWT,22.799999237060547,22.799999237060547,22.139999389648438,22.3799991607666,33250
2002-04-10,EWT,22.440000534057617,23.100000381469727,22.200000762939453,23.100000381469727,64800
2002-04-11,EWT,23.0,23.100000381469727,22.5,22.760000228881836,59000
2002-04-12,EWT,23.0,23.68000030517578,23.0,23.31999969482422,19750
2002-04-15,EWT,23.639999389648438,23.65999984741211,23.420000076293945,23.420000076293945,40750
2002-04-16,EWT,23.899999618530273,24.3799991607666,23.520000457763672,24.299999237060547,188450
2002-04-17,EWT,24.639999389648438,25.1200008392334,24.5,25.100000381469727,70850
2002-04-18,EWT,24.700000762939453,24.700000762939453,24.479999542236328,24.700000762939453,80300
2002-04-19,EWT,24.940000534057617,25.079999923706055,24.600000381469727,24.639999389648438,63800
2002-04-22,EWT,24.8799991607666,24.8799991607666,24.420000076293945,24.479999542236328,93450
2002-04-23,EWT,24.780000686645508,24.780000686645508,24.34000015258789,24.559999465942383,69650
2002-04-24,EWT,24.780000686645508,24.81999969482422,24.520000457763672,24.639999389648438,19150
2002-04-25,EWT,24.360000610351562,24.579999923706055,24.31999969482422,24.520000457763672,61100
2002-04-26,EWT,24.299999237060547,24.299999237060547,23.68000030517578,23.920000076293945,46000
2002-04-29,EWT,23.719999313354492,23.8799991607666,23.579999923706055,23.68000030517578,55500
2002-04-30,EWT,23.440000534057617,23.5,23.0,23.360000610351562,99800
2002-05-01,EWT,23.34000015258789,23.68000030517578,23.040000915527344,23.579999923706055,25950
2002-05-02,EWT,22.5,22.540000915527344,22.239999771118164,22.260000228881836,25150
2002-05-03,EWT,22.0,22.219999313354492,21.700000762939453,21.719999313354492,233400
2002-05-06,EWT,21.459999084472656,21.459999084472656,20.68000030517578,20.68000030517578,88300
2002-05-07,EWT,20.899999618530273,21.68000030517578,20.860000610351562,21.68000030517578,18600
2002-05-08,EWT,22.0,22.8799991607666,21.719999313354492,22.719999313354492,145900
2002-05-09,EWT,21.920000076293945,22.200000762939453,21.6200008392334,22.200000762939453,70700
2002-05-10,EWT,22.360000610351562,22.360000610351562,21.780000686645508,22.139999389648438,40300
2002-05-13,EWT,21.81999969482422,22.459999084472656,21.81999969482422,22.459999084472656,81700
2002-05-14,EWT,22.600000381469727,22.899999618530273,22.5,22.600000381469727,152850
2002-05-15,EWT,23.100000381469727,23.399999618530273,22.719999313354492,22.84000015258789,109850
2002-05-16,EWT,22.219999313354492,23.0,22.219999313354492,22.639999389648438,14000
2002-05-17,EWT,22.700000762939453,23.18000030517578,22.520000457763672,22.959999084472656,177200
2002-05-20,EWT,22.540000915527344,22.540000915527344,21.200000762939453,21.68000030517578,60300
2002-05-21,EWT,21.0,21.479999542236328,20.920000076293945,21.020000457763672,28300
2002-05-22,EWT,21.700000762939453,21.799999237060547,21.420000076293945,21.799999237060547,16350
2002-05-23,EWT,21.700000762939453,21.920000076293945,21.399999618530273,21.799999237060547,15650
2002-05-24,EWT,22.200000762939453,22.299999237060547,22.18000030517578,22.18000030517578,3950
2002-05-28,EWT,22.200000762939453,22.200000762939453,21.979999542236328,22.139999389648438,10550
2002-05-29,EWT,21.719999313354492,21.84000015258789,21.700000762939453,21.760000228881836,393900
2002-05-30,EWT,21.799999237060547,22.3799991607666,21.799999237060547,22.3799991607666,786600
2002-05-31,EWT,22.3799991607666,22.700000762939453,22.020000457763672,22.399999618530273,291150
2002-06-03,EWT,21.940000534057617,21.940000534057617,21.399999618530273,21.420000076293945,221400
2002-06-04,EWT,21.420000076293945,21.780000686645508,21.399999618530273,21.520000457763672,130600
2002-06-05,EWT,21.799999237060547,21.799999237060547,21.540000915527344,21.700000762939453,65850
2002-06-06,EWT,21.540000915527344,21.579999923706055,20.600000381469727,20.920000076293945,102950
2002-06-07,EWT,20.760000228881836,20.760000228881836,20.200000762939453,20.299999237060547,27050
2002-06-10,EWT,20.600000381469727,21.079999923706055,20.540000915527344,21.079999923706055,37050
2002-06-11,EWT,20.860000610351562,20.860000610351562,20.1200008392334,20.1200008392334,7850
2002-06-12,EWT,20.200000762939453,20.68000030517578,20.200000762939453,20.65999984741211,36350
2002-06-13,EWT,21.399999618530273,21.399999618530273,20.8799991607666,21.0,68850
2002-06-14,EWT,21.440000534057617,21.440000534057617,20.200000762939453,20.899999618530273,264450
2002-06-17,EWT,20.5,21.219999313354492,20.5,21.219999313354492,64350
2002-06-18,EWT,21.18000030517578,21.479999542236328,21.040000915527344,21.479999542236328,148350
2002-06-19,EWT,20.600000381469727,20.600000381469727,20.1200008392334,20.219999313354492,148900
2002-06-20,EWT,20.600000381469727,20.68000030517578,20.1200008392334,20.399999618530273,67400
2002-06-21,EWT,20.739999771118164,20.8799991607666,20.200000762939453,20.739999771118164,31250
2002-06-24,EWT,20.799999237060547,20.799999237060547,20.100000381469727,20.579999923706055,24400
2002-06-25,EWT,20.899999618530273,20.899999618530273,20.239999771118164,20.239999771118164,5350
2002-06-26,EWT,19.100000381469727,19.600000381469727,19.020000457763672,19.5,304600
2002-06-27,EWT,19.899999618530273,19.899999618530273,19.540000915527344,19.719999313354492,83150
2002-06-28,EWT,19.959999084472656,20.739999771118164,19.959999084472656,20.739999771118164,123100
2002-07-01,EWT,19.559999465942383,19.559999465942383,18.940000534057617,19.15999984741211,29900
2002-07-02,EWT,19.360000610351562,19.399999618530273,18.1200008392334,18.540000915527344,70200
2002-07-03,EWT,18.860000610351562,19.18000030517578,18.399999618530273,18.979999542236328,68100
2002-07-05,EWT,20.15999984741211,20.260000228881836,19.719999313354492,20.260000228881836,22450
2002-07-08,EWT,20.799999237060547,20.799999237060547,20.5,20.68000030517578,84400
2002-07-09,EWT,21.0,21.0,20.540000915527344,20.700000762939453,13400
2002-07-10,EWT,20.700000762939453,20.700000762939453,19.719999313354492,19.739999771118164,12100
2002-07-11,EWT,19.639999389648438,20.479999542236328,19.639999389648438,20.459999084472656,23200
2002-07-12,EWT,21.0,21.280000686645508,20.739999771118164,20.979999542236328,6450
2002-07-15,EWT,20.700000762939453,21.0,18.0,20.959999084472656,54000
2002-07-16,EWT,20.559999465942383,21.18000030517578,20.3799991607666,20.8799991607666,8000
2002-07-17,EWT,20.959999084472656,21.239999771118164,20.6200008392334,21.239999771118164,48800
2002-07-18,EWT,20.959999084472656,20.959999084472656,20.440000534057617,20.440000534057617,3550
2002-07-19,EWT,20.0,20.139999389648438,19.81999969482422,19.81999969482422,5350
2002-07-22,EWT,19.1200008392334,19.600000381469727,19.059999465942383,19.239999771118164,21300
2002-07-23,EWT,20.0,20.0,19.0,19.239999771118164,32650
2002-07-24,EWT,18.639999389648438,19.700000762939453,18.420000076293945,19.68000030517578,114950
2002-07-25,EWT,18.600000381469727,19.18000030517578,17.15999984741211,17.799999237060547,368800
2002-07-26,EWT,18.020000457763672,18.020000457763672,17.239999771118164,17.940000534057617,58450
2002-07-29,EWT,18.0,18.540000915527344,17.639999389648438,18.540000915527344,64000
2002-07-30,EWT,18.700000762939453,18.700000762939453,18.100000381469727,18.299999237060547,181450
2002-07-31,EWT,18.559999465942383,18.559999465942383,17.760000228881836,17.84000015258789,41550
2002-08-01,EWT,18.34000015258789,18.34000015258789,17.520000457763672,17.639999389648438,32800
2002-08-02,EWT,17.799999237060547,18.079999923706055,17.420000076293945,17.420000076293945,29850
2002-08-05,EWT,16.5,16.84000015258789,16.0,16.020000457763672,81600
2002-08-06,EWT,16.100000381469727,17.459999084472656,16.100000381469727,16.81999969482422,37650
2002-08-07,EWT,17.440000534057617,17.68000030517578,17.200000762939453,17.579999923706055,51050
2002-08-08,EWT,17.34000015258789,17.899999618530273,17.34000015258789,17.780000686645508,17800
2002-08-09,EWT,17.600000381469727,18.100000381469727,17.600000381469727,17.84000015258789,8600
2002-08-12,EWT,17.799999237060547,17.799999237060547,17.239999771118164,17.479999542236328,26200
2002-08-13,EWT,17.5,18.100000381469727,17.5,17.520000457763672,31650
2002-08-14,EWT,18.18000030517578,18.700000762939453,18.0,18.700000762939453,15250
2002-08-15,EWT,18.15999984741211,18.899999618530273,18.15999984741211,18.780000686645508,32650
2002-08-16,EWT,18.5,18.6200008392334,18.479999542236328,18.6200008392334,45900
2002-08-19,EWT,18.6200008392334,18.719999313354492,18.6200008392334,18.68000030517578,23300
2002-08-20,EWT,18.799999237060547,18.799999237060547,17.739999771118164,17.84000015258789,5750
2002-08-21,EWT,18.280000686645508,18.280000686645508,17.860000610351562,18.280000686645508,3800
2002-08-22,EWT,18.399999618530273,18.479999542236328,17.899999618530273,18.479999542236328,9150
2002-08-23,EWT,18.559999465942383,18.559999465942383,18.020000457763672,18.440000534057617,60650
2002-08-26,EWT,18.239999771118164,18.600000381469727,18.059999465942383,18.600000381469727,36900
2002-08-27,EWT,18.5,18.5,18.0,18.0,12050
2002-08-28,EWT,17.200000762939453,17.639999389648438,17.200000762939453,17.239999771118164,21800
2002-08-29,EWT,17.219999313354492,17.479999542236328,17.15999984741211,17.3799991607666,162150
2002-08-30,EWT,17.5,17.600000381469727,17.5,17.600000381469727,2700
2002-09-03,EWT,17.15999984741211,17.15999984741211,16.200000762939453,16.200000762939453,7600
2002-09-04,EWT,16.780000686645508,16.899999618530273,16.219999313354492,16.299999237060547,80000
2002-09-05,EWT,16.459999084472656,16.459999084472656,15.720000267028809,15.800000190734863,30200
2002-09-06,EWT,16.079999923706055,16.3799991607666,16.079999923706055,16.3799991607666,5700
2002-09-09,EWT,16.600000381469727,16.8799991607666,16.420000076293945,16.780000686645508,7800
2002-09-10,EWT,17.360000610351562,17.479999542236328,16.959999084472656,17.399999618530273,27750
2002-09-11,EWT,17.700000762939453,17.700000762939453,17.0,17.0,118350
2002-09-12,EWT,17.15999984741211,17.15999984741211,16.81999969482422,16.959999084472656,9000
2002-09-13,EWT,16.420000076293945,16.579999923706055,16.420000076293945,16.520000457763672,3400
2002-09-16,EWT,16.260000228881836,16.260000228881836,15.819999694824219,16.020000457763672,9500
2002-09-17,EWT,16.780000686645508,16.81999969482422,16.1200008392334,16.200000762939453,81750
2002-09-18,EWT,16.200000762939453,16.200000762939453,16.020000457763672,16.059999465942383,5700
2002-09-19,EWT,16.299999237060547,16.299999237060547,15.800000190734863,15.800000190734863,9300
2002-09-20,EWT,16.200000762939453,16.200000762939453,15.420000076293945,15.600000381469727,2850
2002-09-23,EWT,15.020000457763672,15.260000228881836,15.0,15.100000381469727,8000
2002-09-24,EWT,15.0,15.0,14.619999885559082,14.779999732971191,8450
2002-09-25,EWT,15.079999923706055,15.300000190734863,14.9399995803833,15.300000190734863,10750
2002-09-26,EWT,15.300000190734863,15.600000381469727,15.0,15.0,6750
2002-09-27,EWT,14.800000190734863,14.9399995803833,14.699999809265137,14.720000267028809,3600
2002-09-30,EWT,14.600000381469727,15.300000190734863,14.5,15.300000190734863,57250
2002-10-01,EWT,15.100000381469727,15.119999885559082,14.520000457763672,15.0,26550
2002-10-02,EWT,15.0,15.0,14.460000038146973,14.460000038146973,11800
2002-10-03,EWT,14.380000114440918,14.479999542236328,14.0,14.460000038146973,2150
2002-10-04,EWT,14.380000114440918,14.380000114440918,14.020000457763672,14.020000457763672,500
2002-10-07,EWT,14.0,14.0,13.220000267028809,13.220000267028809,31300
2002-10-08,EWT,14.199999809265137,14.199999809265137,13.5600004196167,13.899999618530273,4950
2002-10-09,EWT,13.979999542236328,13.979999542236328,13.619999885559082,13.699999809265137,11950
2002-10-10,EWT,13.520000457763672,14.0600004196167,13.520000457763672,14.0600004196167,90900
2002-10-11,EWT,13.800000190734863,14.399999618530273,13.800000190734863,14.399999618530273,18800
2002-10-14,EWT,14.100000381469727,14.180000305175781,13.779999732971191,13.819999694824219,6550
2002-10-15,EWT,14.880000114440918,15.479999542236328,14.720000267028809,15.319999694824219,149400
2002-10-16,EWT,15.380000114440918,15.380000114440918,15.0,15.0600004196167,143100
2002-10-17,EWT,15.880000114440918,16.200000762939453,15.720000267028809,16.200000762939453,67350
2002-10-18,EWT,16.799999237060547,16.799999237060547,16.3799991607666,16.760000228881836,27100
2002-10-21,EWT,16.440000534057617,16.959999084472656,16.440000534057617,16.959999084472656,110700
2002-10-22,EWT,15.539999961853027,15.800000190734863,15.539999961853027,15.779999732971191,32750
2002-10-23,EWT,16.719999313354492,17.219999313354492,16.719999313354492,17.200000762939453,46450
2002-10-24,EWT,17.219999313354492,17.239999771118164,16.719999313354492,17.239999771118164,94700
2002-10-25,EWT,17.280000686645508,17.3799991607666,17.0,17.260000228881836,21350
2002-10-28,EWT,17.18000030517578,17.5,17.0,17.0,26850
2002-10-29,EWT,17.18000030517578,17.18000030517578,16.18000030517578,16.65999984741211,25500
2002-10-30,EWT,16.239999771118164,16.979999542236328,16.239999771118164,16.979999542236328,10450
2002-10-31,EWT,16.860000610351562,17.020000457763672,16.520000457763672,16.719999313354492,1300
2002-11-01,EWT,16.459999084472656,17.079999923706055,16.15999984741211,17.059999465942383,26650
2002-11-04,EWT,17.18000030517578,17.799999237060547,17.18000030517578,17.559999465942383,114000
2002-11-05,EWT,17.15999984741211,17.219999313354492,16.920000076293945,17.200000762939453,72850
2002-11-06,EWT,17.979999542236328,17.979999542236328,17.6200008392334,17.799999237060547,84050
2002-11-07,EWT,17.639999389648438,17.860000610351562,17.239999771118164,17.420000076293945,24500
2002-11-08,EWT,18.18000030517578,18.239999771118164,17.799999237060547,18.18000030517578,10800
2002-11-11,EWT,17.760000228881836,17.760000228881836,17.020000457763672,17.200000762939453,11450
2002-11-12,EWT,17.3799991607666,17.700000762939453,17.280000686645508,17.700000762939453,10800
2002-11-13,EWT,17.600000381469727,17.68000030517578,17.020000457763672,17.579999923706055,62200
2002-11-14,EWT,17.1200008392334,17.979999542236328,17.1200008392334,17.559999465942383,53750
2002-11-15,EWT,18.18000030517578,18.8799991607666,17.799999237060547,18.799999237060547,162950
2002-11-18,EWT,18.700000762939453,18.799999237060547,18.31999969482422,18.31999969482422,232150
2002-11-19,EWT,18.260000228881836,18.260000228881836,17.540000915527344,17.540000915527344,92850
2002-11-20,EWT,17.459999084472656,17.5,17.079999923706055,17.5,120650
2002-11-21,EWT,17.040000915527344,17.600000381469727,17.020000457763672,17.540000915527344,753550
2002-11-22,EWT,17.899999618530273,17.979999542236328,17.600000381469727,17.639999389648438,169700
2002-11-25,EWT,17.600000381469727,17.799999237060547,17.5,17.639999389648438,277650
2002-11-26,EWT,17.600000381469727,17.600000381469727,17.0,17.200000762939453,126850
2002-11-27,EWT,17.3799991607666,17.559999465942383,17.219999313354492,17.559999465942383,84950
2002-11-29,EWT,17.540000915527344,17.559999465942383,17.139999389648438,17.3799991607666,1900
2002-12-02,EWT,17.860000610351562,17.860000610351562,17.0,17.31999969482422,67650
2002-12-03,EWT,17.68000030517578,17.68000030517578,17.219999313354492,17.399999618530273,234400
2002-12-04,EWT,17.15999984741211,17.15999984741211,16.719999313354492,16.81999969482422,328550
2002-12-05,EWT,17.559999465942383,17.559999465942383,16.8799991607666,17.399999618530273,17850
2002-12-06,EWT,17.059999465942383,17.280000686645508,17.0,17.280000686645508,9300
2002-12-09,EWT,17.34000015258789,17.540000915527344,17.200000762939453,17.31999969482422,13150
2002-12-10,EWT,17.520000457763672,17.540000915527344,17.239999771118164,17.3799991607666,102950
2002-12-11,EWT,17.0,17.0,16.700000762939453,16.700000762939453,62300
2002-12-12,EWT,16.959999084472656,16.959999084472656,16.5,16.520000457763672,53050
2002-12-13,EWT,16.139999389648438,16.219999313354492,16.1200008392334,16.200000762939453,17500
2002-12-16,EWT,16.440000534057617,16.799999237060547,16.34000015258789,16.420000076293945,41050
2002-12-17,EWT,16.559999465942383,16.559999465942383,16.0,16.34000015258789,67050
2002-12-18,EWT,16.459999084472656,16.459999084472656,15.779999732971191,15.819999694824219,82750
2002-12-19,EWT,15.84000015258789,15.899999618530273,15.819999694824219,15.819999694824219,64150
2002-12-20,EWT,16.579999923706055,16.579999923706055,16.100000381469727,16.200000762939453,22000
2002-12-23,EWT,15.800000190734863,16.360000610351562,15.800000190734863,16.280000686645508,16000
2002-12-24,EWT,16.280000686645508,16.280000686645508,15.899999618530273,16.280000686645508,1400
2002-12-26,EWT,16.040000915527344,16.68000030517578,16.040000915527344,16.420000076293945,2700
2002-12-27,EWT,16.360000610351562,16.360000610351562,15.520000457763672,15.600000381469727,36700
2002-12-30,EWT,15.859999656677246,15.979999542236328,15.520000457763672,15.65999984741211,9600
2002-12-31,EWT,15.699999809265137,16.299999237060547,15.699999809265137,16.299999237060547,23600
2003-01-02,EWT,16.579999923706055,16.579999923706055,16.3799991607666,16.579999923706055,19750
2003-01-03,EWT,16.600000381469727,17.18000030517578,16.579999923706055,16.600000381469727,13950
2003-01-06,EWT,17.200000762939453,17.3799991607666,17.020000457763672,17.139999389648438,8700
2003-01-07,EWT,17.059999465942383,17.3799991607666,16.899999618530273,17.34000015258789,46500
2003-01-08,EWT,17.65999984741211,17.760000228881836,17.139999389648438,17.280000686645508,25150
2003-01-09,EWT,17.5,17.940000534057617,17.399999618530273,17.940000534057617,116400
2003-01-10,EWT,17.860000610351562,17.959999084472656,17.6200008392334,17.84000015258789,71600
2003-01-13,EWT,18.65999984741211,18.65999984741211,18.399999618530273,18.540000915527344,19150
2003-01-14,EWT,18.31999969482422,18.860000610351562,18.31999969482422,18.5,29450
2003-01-15,EWT,18.139999389648438,18.479999542236328,18.020000457763672,18.299999237060547,17000
2003-01-16,EWT,18.299999237060547,18.3799991607666,17.84000015258789,17.860000610351562,13250
2003-01-17,EWT,17.600000381469727,17.940000534057617,17.420000076293945,17.760000228881836,63200
2003-01-21,EWT,17.459999084472656,17.979999542236328,17.459999084472656,17.559999465942383,40800
2003-01-22,EWT,17.81999969482422,18.299999237060547,17.799999237060547,17.899999618530273,67250
2003-01-23,EWT,18.600000381469727,18.739999771118164,18.31999969482422,18.68000030517578,111900
2003-01-24,EWT,18.600000381469727,18.600000381469727,17.420000076293945,17.520000457763672,113550
2003-01-27,EWT,17.420000076293945,18.18000030517578,17.399999618530273,17.700000762939453,210450
2003-01-28,EWT,18.079999923706055,18.200000762939453,17.579999923706055,18.18000030517578,21650
2003-01-29,EWT,18.059999465942383,18.059999465942383,17.700000762939453,17.940000534057617,560050
2003-01-30,EWT,18.020000457763672,18.3799991607666,17.700000762939453,17.700000762939453,209650
2003-01-31,EWT,17.700000762939453,17.8799991607666,17.6200008392334,17.81999969482422,37150
2003-02-03,EWT,17.700000762939453,18.0,17.520000457763672,18.0,16600
2003-02-04,EWT,18.0,18.0,17.399999618530273,17.8799991607666,2100
2003-02-05,EWT,17.979999542236328,18.020000457763672,17.6200008392334,18.020000457763672,250
2003-02-06,EWT,16.739999771118164,17.079999923706055,16.739999771118164,16.760000228881836,79250
2003-02-07,EWT,16.700000762939453,16.700000762939453,16.31999969482422,16.600000381469727,80900
2003-02-10,EWT,16.479999542236328,16.479999542236328,16.219999313354492,16.360000610351562,74400
2003-02-11,EWT,16.360000610351562,16.5,16.31999969482422,16.399999618530273,89300
2003-02-12,EWT,16.440000534057617,16.440000534057617,16.239999771118164,16.239999771118164,35400
2003-02-13,EWT,16.219999313354492,16.219999313354492,15.720000267028809,15.760000228881836,83800
2003-02-14,EWT,15.420000076293945,16.3799991607666,15.420000076293945,16.139999389648438,83600
2003-02-18,EWT,16.68000030517578,16.700000762939453,16.200000762939453,16.579999923706055,102500
2003-02-19,EWT,16.3799991607666,16.3799991607666,15.920000076293945,16.15999984741211,36000
2003-02-20,EWT,16.040000915527344,16.219999313354492,16.0,16.219999313354492,219050
2003-02-21,EWT,16.0,16.200000762939453,15.859999656677246,16.200000762939453,26900
2003-02-24,EWT,16.059999465942383,16.299999237060547,16.059999465942383,16.18000030517578,183450
2003-02-25,EWT,15.779999732971191,15.800000190734863,15.4399995803833,15.800000190734863,203700
2003-02-26,EWT,15.880000114440918,15.899999618530273,15.579999923706055,15.600000381469727,58000
2003-02-27,EWT,15.800000190734863,15.800000190734863,15.520000457763672,15.699999809265137,61200
2003-02-28,EWT,15.4399995803833,16.139999389648438,15.4399995803833,16.100000381469727,84750
2003-03-03,EWT,16.260000228881836,16.260000228881836,15.739999771118164,15.979999542236328,33500
2003-03-04,EWT,16.0,16.15999984741211,15.420000076293945,15.420000076293945,28600
2003-03-05,EWT,15.420000076293945,15.880000114440918,15.319999694824219,15.779999732971191,155750
2003-03-06,EWT,15.380000114440918,15.619999885559082,15.319999694824219,15.5,259050
2003-03-07,EWT,15.359999656677246,15.699999809265137,15.100000381469727,15.699999809265137,70250
2003-03-10,EWT,15.039999961853027,15.279999732971191,15.039999961853027,15.180000305175781,11800
2003-03-11,EWT,15.119999885559082,15.300000190734863,15.119999885559082,15.220000267028809,73750
2003-03-12,EWT,15.34000015258789,15.619999885559082,15.220000267028809,15.520000457763672,57950
2003-03-13,EWT,15.819999694824219,16.360000610351562,15.680000305175781,16.360000610351562,117850
2003-03-14,EWT,16.3799991607666,16.3799991607666,16.079999923706055,16.15999984741211,81200
2003-03-17,EWT,15.9399995803833,16.399999618530273,15.9399995803833,16.219999313354492,225000
2003-03-18,EWT,16.8799991607666,16.8799991607666,16.31999969482422,16.540000915527344,153800
2003-03-19,EWT,16.68000030517578,16.68000030517578,16.200000762939453,16.299999237060547,85100
2003-03-20,EWT,16.5,17.100000381469727,16.5,17.079999923706055,67600
2003-03-21,EWT,17.100000381469727,17.260000228881836,16.700000762939453,17.239999771118164,35300
2003-03-24,EWT,16.600000381469727,16.600000381469727,15.800000190734863,15.880000114440918,32700
2003-03-25,EWT,15.920000076293945,16.559999465942383,15.920000076293945,16.1200008392334,418450
2003-03-26,EWT,16.200000762939453,16.3799991607666,16.040000915527344,16.239999771118164,104200
2003-03-27,EWT,16.360000610351562,16.360000610351562,16.059999465942383,16.079999923706055,8650
2003-03-28,EWT,16.079999923706055,16.360000610351562,15.9399995803833,16.18000030517578,38050
2003-03-31,EWT,15.680000305175781,15.680000305175781,15.199999809265137,15.579999923706055,38800
2003-04-01,EWT,15.680000305175781,15.899999618530273,15.34000015258789,15.899999618530273,73100
2003-04-02,EWT,15.880000114440918,15.9399995803833,15.600000381469727,15.899999618530273,109150
2003-04-03,EWT,15.880000114440918,15.880000114440918,15.5,15.520000457763672,184150
2003-04-04,EWT,16.040000915527344,16.18000030517578,15.960000038146973,16.079999923706055,36100
2003-04-07,EWT,16.8799991607666,16.959999084472656,16.219999313354492,16.399999618530273,91050
2003-04-08,EWT,16.579999923706055,16.579999923706055,16.040000915527344,16.040000915527344,4650
2003-04-09,EWT,16.280000686645508,16.5,16.0,16.100000381469727,43000
2003-04-10,EWT,16.780000686645508,16.780000686645508,16.139999389648438,16.399999618530273,71350
2003-04-11,EWT,16.139999389648438,16.84000015258789,16.139999389648438,16.420000076293945,74100
2003-04-14,EWT,16.0,16.420000076293945,15.800000190734863,16.420000076293945,35350
2003-04-15,EWT,16.639999389648438,16.639999389648438,16.1200008392334,16.360000610351562,11350
2003-04-16,EWT,16.65999984741211,16.65999984741211,16.420000076293945,16.440000534057617,44900
2003-04-17,EWT,16.3799991607666,16.799999237060547,16.260000228881836,16.799999237060547,39000
2003-04-21,EWT,16.6200008392334,16.84000015258789,16.6200008392334,16.81999969482422,13200
2003-04-22,EWT,16.5,16.600000381469727,16.31999969482422,16.579999923706055,29000
2003-04-23,EWT,16.739999771118164,16.739999771118164,16.31999969482422,16.440000534057617,33050
2003-04-24,EWT,15.640000343322754,15.699999809265137,15.279999732971191,15.279999732971191,180950
2003-04-25,EWT,14.979999542236328,15.020000457763672,14.739999771118164,14.739999771118164,46300
2003-04-28,EWT,14.680000305175781,15.279999732971191,14.680000305175781,15.140000343322754,80150
2003-04-29,EWT,15.199999809265137,15.579999923706055,15.199999809265137,15.460000038146973,460300
2003-04-30,EWT,15.119999885559082,15.479999542236328,15.0600004196167,15.119999885559082,51000
2003-05-01,EWT,15.300000190734863,15.300000190734863,15.0,15.140000343322754,73350
2003-05-02,EWT,15.300000190734863,15.600000381469727,15.039999961853027,15.5,411100
2003-05-05,EWT,15.5,15.600000381469727,15.220000267028809,15.420000076293945,71250
2003-05-06,EWT,15.699999809265137,15.800000190734863,15.399999618530273,15.65999984741211,368400
2003-05-07,EWT,15.699999809265137,15.699999809265137,15.420000076293945,15.65999984741211,34900
2003-05-08,EWT,15.199999809265137,15.359999656677246,15.180000305175781,15.260000228881836,78200
2003-05-09,EWT,15.380000114440918,15.800000190734863,15.380000114440918,15.739999771118164,96000
2003-05-12,EWT,15.720000267028809,16.100000381469727,15.720000267028809,15.960000038146973,202950
2003-05-13,EWT,16.280000686645508,16.280000686645508,15.920000076293945,16.100000381469727,93500
2003-05-14,EWT,16.459999084472656,16.459999084472656,15.880000114440918,15.960000038146973,128150
2003-05-15,EWT,16.299999237060547,16.299999237060547,15.920000076293945,16.239999771118164,188550
2003-05-16,EWT,16.059999465942383,16.059999465942383,15.640000343322754,15.739999771118164,56300
2003-05-19,EWT,15.619999885559082,15.680000305175781,15.359999656677246,15.359999656677246,98400
2003-05-20,EWT,15.520000457763672,15.680000305175781,15.420000076293945,15.5,119400
2003-05-21,EWT,15.420000076293945,15.779999732971191,15.420000076293945,15.640000343322754,56000
2003-05-22,EWT,15.699999809265137,15.880000114440918,15.619999885559082,15.800000190734863,159800
2003-05-23,EWT,16.0,16.200000762939453,15.979999542236328,16.079999923706055,56900
2003-05-27,EWT,16.280000686645508,16.600000381469727,16.040000915527344,16.520000457763672,201550
2003-05-28,EWT,16.479999542236328,16.579999923706055,16.399999618530273,16.420000076293945,362050
2003-05-29,EWT,16.420000076293945,16.700000762939453,16.420000076293945,16.579999923706055,248550
2003-05-30,EWT,16.739999771118164,17.219999313354492,16.68000030517578,17.0,280100
2003-06-02,EWT,17.139999389648438,17.559999465942383,17.139999389648438,17.219999313354492,417200
2003-06-03,EWT,17.18000030517578,17.479999542236328,17.0,17.200000762939453,144050
2003-06-04,EWT,17.0,17.979999542236328,16.920000076293945,17.65999984741211,425900
2003-06-05,EWT,17.0,17.68000030517578,17.0,17.639999389648438,144750
2003-06-06,EWT,17.739999771118164,18.0,17.399999618530273,17.760000228881836,203450
2003-06-09,EWT,17.959999084472656,17.959999084472656,17.399999618530273,17.600000381469727,80400
2003-06-10,EWT,17.639999389648438,17.84000015258789,17.579999923706055,17.84000015258789,144700
2003-06-11,EWT,17.780000686645508,17.780000686645508,17.540000915527344,17.760000228881836,209100
2003-06-12,EWT,17.979999542236328,18.079999923706055,17.799999237060547,17.940000534057617,29500
2003-06-13,EWT,17.940000534057617,17.940000534057617,17.559999465942383,17.719999313354492,46600
2003-06-16,EWT,17.84000015258789,18.3799991607666,17.780000686645508,18.15999984741211,71550
2003-06-17,EWT,18.540000915527344,18.940000534057617,18.200000762939453,18.200000762939453,199000
2003-06-18,EWT,18.579999923706055,18.600000381469727,18.31999969482422,18.579999923706055,40150
2003-06-19,EWT,18.5,18.559999465942383,18.219999313354492,18.280000686645508,475450
2003-06-20,EWT,18.31999969482422,18.559999465942383,18.18000030517578,18.399999618530273,77400
2003-06-23,EWT,18.3799991607666,18.3799991607666,17.65999984741211,17.8799991607666,200000
2003-06-24,EWT,17.559999465942383,18.100000381469727,17.559999465942383,17.780000686645508,149000
2003-06-25,EWT,18.459999084472656,18.459999084472656,17.84000015258789,18.079999923706055,156450
2003-06-26,EWT,18.280000686645508,18.299999237060547,17.860000610351562,18.299999237060547,72600
2003-06-27,EWT,18.260000228881836,18.260000228881836,17.780000686645508,17.780000686645508,140850
2003-06-30,EWT,18.459999084472656,18.459999084472656,17.639999389648438,17.8799991607666,78050
2003-07-01,EWT,18.1200008392334,18.68000030517578,18.1200008392334,18.68000030517578,367050
2003-07-02,EWT,18.959999084472656,19.579999923706055,18.860000610351562,19.219999313354492,241950
2003-07-03,EWT,19.399999618530273,19.399999618530273,18.979999542236328,19.040000915527344,78950
2003-07-07,EWT,20.5,20.799999237060547,20.020000457763672,20.020000457763672,171700
2003-07-08,EWT,20.579999923706055,20.579999923706055,20.059999465942383,20.399999618530273,144800
2003-07-09,EWT,20.280000686645508,20.600000381469727,20.0,20.020000457763672,231000
2003-07-10,EWT,19.860000610351562,19.860000610351562,19.459999084472656,19.520000457763672,499700
2003-07-11,EWT,19.420000076293945,20.0,19.420000076293945,19.719999313354492,86350
2003-07-14,EWT,20.280000686645508,20.6200008392334,20.200000762939453,20.5,198200
2003-07-15,EWT,20.059999465942383,20.459999084472656,20.059999465942383,20.34000015258789,63900
2003-07-16,EWT,20.579999923706055,20.600000381469727,20.139999389648438,20.15999984741211,124600
2003-07-17,EWT,19.780000686645508,19.8799991607666,19.440000534057617,19.440000534057617,125050
2003-07-18,EWT,19.979999542236328,20.399999618530273,19.579999923706055,20.299999237060547,81800
2003-07-21,EWT,19.979999542236328,19.979999542236328,19.299999237060547,19.639999389648438,82650
2003-07-22,EWT,19.799999237060547,20.059999465942383,19.600000381469727,19.8799991607666,44850
2003-07-23,EWT,19.959999084472656,20.18000030517578,19.600000381469727,19.700000762939453,89750
2003-07-24,EWT,20.399999618530273,20.68000030517578,20.020000457763672,20.079999923706055,53850
2003-07-25,EWT,20.600000381469727,20.799999237060547,20.260000228881836,20.68000030517578,55850
2003-07-28,EWT,20.700000762939453,20.780000686645508,20.299999237060547,20.360000610351562,142600
2003-07-29,EWT,20.299999237060547,20.399999618530273,19.799999237060547,20.399999618530273,94200
2003-07-30,EWT,20.100000381469727,20.18000030517578,19.860000610351562,19.899999618530273,47300
2003-07-31,EWT,20.1200008392334,20.940000534057617,20.100000381469727,20.440000534057617,69800
2003-08-01,EWT,20.559999465942383,20.760000228881836,20.239999771118164,20.399999618530273,125050
2003-08-04,EWT,20.239999771118164,20.34000015258789,20.1200008392334,20.239999771118164,17900
2003-08-05,EWT,20.100000381469727,20.100000381469727,19.520000457763672,19.799999237060547,120950
2003-08-06,EWT,19.639999389648438,19.799999237060547,19.459999084472656,19.520000457763672,57600
2003-08-07,EWT,19.600000381469727,20.0,19.600000381469727,19.780000686645508,166700
2003-08-08,EWT,20.020000457763672,20.020000457763672,19.399999618530273,19.440000534057617,34200
2003-08-11,EWT,19.979999542236328,19.979999542236328,19.520000457763672,19.739999771118164,214100
2003-08-12,EWT,19.6200008392334,20.079999923706055,19.6200008392334,20.0,120900
2003-08-13,EWT,21.059999465942383,21.059999465942383,20.520000457763672,20.700000762939453,63900
2003-08-14,EWT,21.079999923706055,21.079999923706055,20.65999984741211,20.700000762939453,66050
2003-08-15,EWT,20.899999618530273,20.899999618530273,20.65999984741211,20.65999984741211,32250
2003-08-18,EWT,21.18000030517578,21.399999618530273,20.739999771118164,20.940000534057617,112850
2003-08-19,EWT,21.0,21.0,20.760000228881836,20.940000534057617,160700
2003-08-20,EWT,21.079999923706055,21.399999618530273,20.760000228881836,21.360000610351562,123750
2003-08-21,EWT,21.8799991607666,22.100000381469727,21.6200008392334,22.040000915527344,322400
2003-08-22,EWT,22.799999237060547,22.799999237060547,22.1200008392334,22.299999237060547,448700
2003-08-25,EWT,22.559999465942383,22.559999465942383,22.0,22.0,75000
2003-08-26,EWT,21.399999618530273,21.780000686645508,21.020000457763672,21.5,194050
2003-08-27,EWT,21.540000915527344,21.540000915527344,21.139999389648438,21.360000610351562,395250
2003-08-28,EWT,21.719999313354492,21.8799991607666,21.1200008392334,21.8799991607666,377000
2003-08-29,EWT,22.260000228881836,22.700000762939453,21.799999237060547,22.260000228881836,251550
2003-09-02,EWT,22.860000610351562,22.940000534057617,22.139999389648438,22.780000686645508,274650
2003-09-03,EWT,22.6200008392334,22.639999389648438,22.020000457763672,22.479999542236328,206600
2003-09-04,EWT,22.059999465942383,22.200000762939453,21.799999237060547,21.899999618530273,102400
2003-09-05,EWT,21.81999969482422,22.280000686645508,21.719999313354492,21.799999237060547,113250
2003-09-08,EWT,22.399999618530273,22.979999542236328,22.280000686645508,22.760000228881836,154050
2003-09-09,EWT,22.5,22.700000762939453,22.059999465942383,22.139999389648438,73250
2003-09-10,EWT,21.81999969482422,22.0,21.600000381469727,21.639999389648438,48850
2003-09-11,EWT,21.700000762939453,22.200000762939453,21.600000381469727,21.81999969482422,780200
2003-09-12,EWT,22.100000381469727,22.239999771118164,21.600000381469727,21.6200008392334,172200
2003-09-15,EWT,21.65999984741211,21.899999618530273,21.559999465942383,21.600000381469727,139200
2003-09-16,EWT,22.18000030517578,22.31999969482422,22.040000915527344,22.299999237060547,234100
2003-09-17,EWT,22.780000686645508,22.799999237060547,22.239999771118164,22.239999771118164,444600
2003-09-18,EWT,22.479999542236328,22.700000762939453,22.260000228881836,22.65999984741211,104850
2003-09-19,EWT,22.600000381469727,22.600000381469727,22.219999313354492,22.280000686645508,66000
2003-09-22,EWT,21.84000015258789,22.200000762939453,21.719999313354492,21.940000534057617,137150
2003-09-23,EWT,22.020000457763672,22.200000762939453,22.0,22.040000915527344,258200
2003-09-24,EWT,22.479999542236328,22.5,21.8799991607666,21.8799991607666,202100
2003-09-25,EWT,22.040000915527344,22.299999237060547,21.81999969482422,21.81999969482422,99100
2003-09-26,EWT,21.559999465942383,22.020000457763672,21.559999465942383,21.799999237060547,106650
2003-09-29,EWT,21.920000076293945,22.399999618530273,21.920000076293945,22.0,53500
2003-09-30,EWT,22.219999313354492,22.219999313354492,21.600000381469727,21.979999542236328,156250
2003-10-01,EWT,22.18000030517578,22.399999618530273,21.8799991607666,22.3799991607666,216350
2003-10-02,EWT,22.65999984741211,22.700000762939453,22.440000534057617,22.65999984741211,97100
2003-10-03,EWT,22.8799991607666,23.3799991607666,22.739999771118164,23.1200008392334,1174350
2003-10-06,EWT,23.6200008392334,23.6200008392334,23.200000762939453,23.200000762939453,428550
2003-10-07,EWT,22.81999969482422,23.200000762939453,22.81999969482422,22.979999542236328,64850
2003-10-08,EWT,23.0,23.200000762939453,22.68000030517578,22.84000015258789,86700
2003-10-09,EWT,23.3799991607666,23.559999465942383,23.18000030517578,23.18000030517578,118250
2003-10-10,EWT,23.299999237060547,23.700000762939453,23.299999237060547,23.639999389648438,101150
2003-10-13,EWT,23.979999542236328,24.139999389648438,23.84000015258789,24.0,106700
2003-10-14,EWT,23.940000534057617,23.940000534057617,23.020000457763672,23.299999237060547,338700
2003-10-15,EWT,23.760000228881836,23.760000228881836,23.299999237060547,23.299999237060547,106850
2003-10-16,EWT,24.079999923706055,24.079999923706055,23.6200008392334,23.700000762939453,220100
2003-10-17,EWT,23.739999771118164,23.760000228881836,23.239999771118164,23.239999771118164,145550
2003-10-20,EWT,24.040000915527344,24.040000915527344,23.520000457763672,23.6200008392334,64150
2003-10-21,EWT,23.8799991607666,23.8799991607666,23.559999465942383,23.780000686645508,174750
2003-10-22,EWT,23.600000381469727,23.68000030517578,23.18000030517578,23.219999313354492,171950
2003-10-23,EWT,22.81999969482422,23.1200008392334,22.799999237060547,22.920000076293945,134300
2003-10-24,EWT,22.920000076293945,23.0,22.6200008392334,23.0,118400
2003-10-27,EWT,22.84000015258789,23.18000030517578,22.84000015258789,23.18000030517578,86300
2003-10-28,EWT,24.0,24.020000457763672,23.200000762939453,23.940000534057617,160800
2003-10-29,EWT,23.940000534057617,23.940000534057617,23.579999923706055,23.8799991607666,52300
2003-10-30,EWT,23.979999542236328,23.979999542236328,23.5,23.799999237060547,134050
2003-10-31,EWT,23.68000030517578,23.739999771118164,23.299999237060547,23.299999237060547,88400
2003-11-03,EWT,23.860000610351562,23.899999618530273,23.5,23.8799991607666,110500
2003-11-04,EWT,23.860000610351562,23.959999084472656,23.540000915527344,23.739999771118164,111600
2003-11-05,EWT,23.860000610351562,23.920000076293945,23.639999389648438,23.84000015258789,394500
2003-11-06,EWT,23.31999969482422,23.639999389648438,23.040000915527344,23.559999465942383,225700
2003-11-07,EWT,23.8799991607666,23.8799991607666,23.5,23.5,649250
2003-11-10,EWT,23.81999969482422,23.81999969482422,23.260000228881836,23.31999969482422,56150
2003-11-11,EWT,23.020000457763672,23.3799991607666,22.799999237060547,22.8799991607666,90900
2003-11-12,EWT,23.579999923706055,23.579999923706055,22.979999542236328,23.200000762939453,99600
2003-11-13,EWT,23.020000457763672,23.3799991607666,23.020000457763672,23.200000762939453,228200
2003-11-14,EWT,23.200000762939453,23.579999923706055,23.020000457763672,23.100000381469727,176300
2003-11-17,EWT,21.899999618530273,22.799999237060547,21.799999237060547,22.440000534057617,904550
2003-11-18,EWT,22.860000610351562,22.8799991607666,22.260000228881836,22.399999618530273,135600
2003-11-19,EWT,22.68000030517578,22.68000030517578,22.059999465942383,22.219999313354492,115500
2003-11-20,EWT,22.200000762939453,22.260000228881836,21.81999969482422,22.260000228881836,168550
2003-11-21,EWT,21.940000534057617,22.219999313354492,21.940000534057617,21.979999542236328,451950
2003-11-24,EWT,22.579999923706055,22.579999923706055,22.020000457763672,22.31999969482422,185900
2003-11-25,EWT,22.639999389648438,22.639999389648438,22.219999313354492,22.459999084472656,165350
2003-11-26,EWT,22.219999313354492,22.479999542236328,22.059999465942383,22.139999389648438,143050
2003-11-28,EWT,22.219999313354492,22.299999237060547,22.020000457763672,22.15999984741211,69050
2003-12-01,EWT,22.540000915527344,22.700000762939453,22.260000228881836,22.700000762939453,202950
2003-12-02,EWT,22.760000228881836,22.760000228881836,22.280000686645508,22.65999984741211,126900
2003-12-03,EWT,22.739999771118164,22.739999771118164,22.420000076293945,22.520000457763672,208150
2003-12-04,EWT,22.559999465942383,22.860000610351562,22.440000534057617,22.65999984741211,136250
2003-12-05,EWT,22.65999984741211,22.65999984741211,22.200000762939453,22.260000228881836,94200
2003-12-08,EWT,22.100000381469727,22.280000686645508,22.020000457763672,22.219999313354492,160500
2003-12-09,EWT,22.260000228881836,22.5,22.079999923706055,22.34000015258789,166300
2003-12-10,EWT,22.040000915527344,22.040000915527344,21.799999237060547,21.860000610351562,59250
2003-12-11,EWT,22.100000381469727,22.700000762939453,22.100000381469727,22.700000762939453,126100
2003-12-12,EWT,22.1200008392334,22.420000076293945,22.1200008392334,22.360000610351562,41950
2003-12-15,EWT,22.760000228881836,22.760000228881836,22.219999313354492,22.479999542236328,115950
2003-12-16,EWT,22.299999237060547,22.579999923706055,22.299999237060547,22.559999465942383,116150
2003-12-17,EWT,22.040000915527344,22.059999465942383,21.799999237060547,21.84000015258789,192600
2003-12-18,EWT,22.1200008392334,22.34000015258789,21.8799991607666,22.31999969482422,773500
2003-12-19,EWT,22.15999984741211,22.15999984741211,21.84000015258789,22.020000457763672,513050
2003-12-22,EWT,22.3799991607666,22.579999923706055,22.200000762939453,22.479999542236328,88600
2003-12-23,EWT,22.34000015258789,22.440000534057617,22.200000762939453,22.31999969482422,109400
2003-12-24,EWT,22.360000610351562,22.600000381469727,22.260000228881836,22.5,54100
2003-12-26,EWT,22.3799991607666,22.420000076293945,22.299999237060547,22.3799991607666,14550
2003-12-29,EWT,22.18000030517578,22.3799991607666,22.079999923706055,22.299999237060547,65600
2003-12-30,EWT,22.440000534057617,22.5,22.100000381469727,22.31999969482422,82150
2003-12-31,EWT,22.420000076293945,22.479999542236328,22.200000762939453,22.479999542236328,70550
2004-01-02,EWT,23.1200008392334,23.600000381469727,22.940000534057617,23.31999969482422,142200
2004-01-05,EWT,23.739999771118164,23.979999542236328,23.600000381469727,23.600000381469727,198400
2004-01-06,EWT,23.8799991607666,23.8799991607666,23.5,23.760000228881836,152100
2004-01-07,EWT,23.780000686645508,23.799999237060547,23.3799991607666,23.799999237060547,454650
2004-01-08,EWT,23.940000534057617,23.979999542236328,23.81999969482422,23.899999618530273,200150
2004-01-09,EWT,23.959999084472656,24.0,23.600000381469727,23.899999618530273,176650
2004-01-12,EWT,24.0,24.399999618530273,23.799999237060547,23.8799991607666,126250
2004-01-13,EWT,23.959999084472656,24.0,23.399999618530273,23.5,821900
2004-01-14,EWT,24.0,24.479999542236328,23.719999313354492,24.3799991607666,204250
2004-01-15,EWT,24.3799991607666,24.420000076293945,24.020000457763672,24.31999969482422,81900
2004-01-16,EWT,24.360000610351562,24.360000610351562,23.959999084472656,24.040000915527344,142100
2004-01-20,EWT,24.360000610351562,24.3799991607666,23.920000076293945,24.239999771118164,273550
2004-01-21,EWT,24.219999313354492,24.239999771118164,24.100000381469727,24.239999771118164,326900
2004-01-22,EWT,24.3799991607666,24.559999465942383,24.100000381469727,24.3799991607666,109950
2004-01-23,EWT,24.5,24.520000457763672,24.020000457763672,24.399999618530273,173750
2004-01-26,EWT,24.3799991607666,24.700000762939453,24.100000381469727,24.579999923706055,377950
2004-01-27,EWT,24.780000686645508,24.780000686645508,24.1200008392334,24.299999237060547,573600
2004-01-28,EWT,24.780000686645508,24.899999618530273,24.239999771118164,24.299999237060547,402000
2004-01-29,EWT,24.1200008392334,24.3799991607666,24.0,24.299999237060547,244100
2004-01-30,EWT,24.219999313354492,24.600000381469727,24.219999313354492,24.440000534057617,132100
2004-02-02,EWT,24.280000686645508,24.459999084472656,23.739999771118164,24.299999237060547,223250
2004-02-03,EWT,23.920000076293945,24.100000381469727,23.719999313354492,24.079999923706055,178750
2004-02-04,EWT,23.700000762939453,23.979999542236328,23.700000762939453,23.700000762939453,41250
2004-02-05,EWT,23.979999542236328,24.100000381469727,23.719999313354492,24.100000381469727,38600
2004-02-06,EWT,24.3799991607666,24.459999084472656,24.100000381469727,24.420000076293945,177350
2004-02-09,EWT,24.600000381469727,24.940000534057617,24.5,24.5,250950
2004-02-10,EWT,24.8799991607666,24.8799991607666,24.520000457763672,24.780000686645508,52950
2004-02-11,EWT,24.780000686645508,24.940000534057617,24.440000534057617,24.700000762939453,256750
2004-02-12,EWT,24.639999389648438,24.68000030517578,24.479999542236328,24.479999542236328,422350
2004-02-13,EWT,24.979999542236328,24.979999542236328,24.719999313354492,24.760000228881836,404400
2004-02-17,EWT,25.020000457763672,25.239999771118164,24.84000015258789,25.219999313354492,204200
2004-02-18,EWT,25.100000381469727,25.100000381469727,24.8799991607666,24.979999542236328,86800
2004-02-19,EWT,25.420000076293945,25.420000076293945,25.15999984741211,25.200000762939453,303700
2004-02-20,EWT,25.200000762939453,25.200000762939453,24.780000686645508,25.0,196450
2004-02-23,EWT,25.399999618530273,25.399999618530273,24.760000228881836,25.100000381469727,81800
2004-02-24,EWT,24.8799991607666,24.8799991607666,24.3799991607666,24.579999923706055,289550
2004-02-25,EWT,24.979999542236328,25.0,24.68000030517578,24.959999084472656,105400
2004-02-26,EWT,25.3799991607666,25.3799991607666,24.959999084472656,25.040000915527344,353300
2004-02-27,EWT,25.399999618530273,25.420000076293945,25.260000228881836,25.280000686645508,147050
2004-03-01,EWT,26.079999923706055,26.559999465942383,25.860000610351562,26.5,541350
2004-03-02,EWT,26.68000030517578,26.760000228881836,26.299999237060547,26.399999618530273,1484500
2004-03-03,EWT,26.280000686645508,26.399999618530273,26.020000457763672,26.299999237060547,99700
2004-03-04,EWT,26.780000686645508,26.860000610351562,26.479999542236328,26.719999313354492,343800
2004-03-05,EWT,26.18000030517578,26.700000762939453,26.020000457763672,26.399999618530273,174800
2004-03-08,EWT,26.100000381469727,26.1200008392334,25.600000381469727,25.700000762939453,511300
2004-03-09,EWT,26.280000686645508,26.280000686645508,25.799999237060547,25.959999084472656,499600
2004-03-10,EWT,26.079999923706055,26.079999923706055,23.719999313354492,25.299999237060547,523100
2004-03-11,EWT,25.31999969482422,25.5,25.139999389648438,25.139999389648438,275100
2004-03-12,EWT,25.040000915527344,25.399999618530273,24.799999237060547,25.299999237060547,365350
2004-03-15,EWT,24.31999969482422,24.479999542236328,24.200000762939453,24.420000076293945,160800
2004-03-16,EWT,24.399999618530273,24.65999984741211,24.299999237060547,24.559999465942383,190900
2004-03-17,EWT,24.65999984741211,24.899999618530273,24.520000457763672,24.799999237060547,226750
2004-03-18,EWT,25.479999542236328,25.780000686645508,25.1200008392334,25.600000381469727,195800
2004-03-19,EWT,25.280000686645508,25.420000076293945,24.739999771118164,25.299999237060547,408850
2004-03-22,EWT,21.6200008392334,23.899999618530273,21.5,22.5,1565450
2004-03-23,EWT,23.479999542236328,23.5,22.799999237060547,23.059999465942383,1094900
2004-03-24,EWT,23.559999465942383,23.600000381469727,23.299999237060547,23.299999237060547,547850
2004-03-25,EWT,23.3799991607666,23.600000381469727,23.200000762939453,23.440000534057617,844600
2004-03-26,EWT,23.34000015258789,23.34000015258789,22.5,22.65999984741211,960000
2004-03-29,EWT,24.34000015258789,24.639999389648438,24.299999237060547,24.399999618530273,390800
2004-03-30,EWT,24.280000686645508,24.360000610351562,24.020000457763672,24.219999313354492,231600
2004-03-31,EWT,24.399999618530273,24.5,24.34000015258789,24.360000610351562,151950
2004-04-01,EWT,24.559999465942383,24.979999542236328,24.459999084472656,24.979999542236328,371950
2004-04-02,EWT,24.979999542236328,25.15999984741211,24.739999771118164,24.940000534057617,614900
2004-04-05,EWT,25.079999923706055,25.399999618530273,24.959999084472656,25.360000610351562,385500
2004-04-06,EWT,25.15999984741211,25.18000030517578,24.979999542236328,25.18000030517578,142450
2004-04-07,EWT,25.040000915527344,25.15999984741211,24.940000534057617,24.959999084472656,215300
2004-04-08,EWT,25.479999542236328,25.479999542236328,25.020000457763672,25.15999984741211,167400
2004-04-12,EWT,25.799999237060547,25.979999542236328,25.559999465942383,25.899999618530273,182100
2004-04-13,EWT,25.899999618530273,25.959999084472656,25.299999237060547,25.399999618530273,429500
2004-04-14,EWT,25.65999984741211,25.799999237060547,25.579999923706055,25.68000030517578,407500
2004-04-15,EWT,25.219999313354492,25.299999237060547,24.979999542236328,25.059999465942383,208850
2004-04-16,EWT,25.600000381469727,25.600000381469727,25.299999237060547,25.600000381469727,197550
2004-04-19,EWT,25.600000381469727,25.600000381469727,25.020000457763672,25.600000381469727,95700
2004-04-20,EWT,25.600000381469727,25.600000381469727,25.219999313354492,25.219999313354492,196050
2004-04-21,EWT,25.579999923706055,25.81999969482422,25.219999313354492,25.579999923706055,1151500
2004-04-22,EWT,25.479999542236328,25.739999771118164,25.399999618530273,25.579999923706055,260700
2004-04-23,EWT,25.68000030517578,25.700000762939453,25.420000076293945,25.600000381469727,383200
2004-04-26,EWT,25.540000915527344,25.579999923706055,25.100000381469727,25.34000015258789,471450
2004-04-27,EWT,25.200000762939453,25.280000686645508,24.920000076293945,24.940000534057617,426050
2004-04-28,EWT,24.520000457763672,24.68000030517578,23.799999237060547,23.899999618530273,542850
2004-04-29,EWT,23.559999465942383,23.899999618530273,23.020000457763672,23.260000228881836,399000
2004-04-30,EWT,22.6200008392334,22.8799991607666,22.260000228881836,22.34000015258789,512300
2004-05-03,EWT,22.639999389648438,22.719999313354492,22.260000228881836,22.719999313354492,190100
2004-05-04,EWT,23.200000762939453,23.200000762939453,22.799999237060547,23.0,277850
2004-05-05,EWT,21.979999542236328,22.3799991607666,21.760000228881836,22.280000686645508,801950
2004-05-06,EWT,22.360000610351562,22.360000610351562,21.760000228881836,21.920000076293945,214900
2004-05-07,EWT,22.219999313354492,22.399999618530273,21.979999542236328,22.100000381469727,676450
2004-05-10,EWT,21.100000381469727,21.239999771118164,20.6200008392334,20.81999969482422,627550
2004-05-11,EWT,21.6200008392334,21.899999618530273,21.31999969482422,21.780000686645508,291050
2004-05-12,EWT,22.059999465942383,22.059999465942383,20.979999542236328,21.799999237060547,374600
2004-05-13,EWT,21.479999542236328,21.579999923706055,21.100000381469727,21.1200008392334,431400
2004-05-14,EWT,21.139999389648438,21.360000610351562,20.5,20.700000762939453,355300
2004-05-17,EWT,20.1200008392334,20.1200008392334,19.420000076293945,19.700000762939453,354300
2004-05-18,EWT,20.479999542236328,20.479999542236328,20.020000457763672,20.280000686645508,207450
2004-05-19,EWT,21.700000762939453,21.979999542236328,21.31999969482422,21.5,515650
2004-05-20,EWT,21.31999969482422,21.5,21.100000381469727,21.360000610351562,551250
2004-05-21,EWT,21.979999542236328,22.100000381469727,21.65999984741211,22.079999923706055,360250
2004-05-24,EWT,21.899999618530273,21.920000076293945,21.639999389648438,21.8799991607666,118900
2004-05-25,EWT,21.799999237060547,22.200000762939453,21.6200008392334,22.200000762939453,362700
2004-05-26,EWT,22.020000457763672,22.260000228881836,21.959999084472656,22.100000381469727,197900
2004-05-27,EWT,22.219999313354492,22.399999618530273,22.200000762939453,22.399999618530273,233150
2004-05-28,EWT,22.600000381469727,22.600000381469727,22.280000686645508,22.479999542236328,239050
2004-06-01,EWT,21.719999313354492,22.020000457763672,21.6200008392334,21.84000015258789,295650
2004-06-02,EWT,21.780000686645508,21.780000686645508,20.959999084472656,21.520000457763672,242000
2004-06-03,EWT,20.540000915527344,20.760000228881836,20.420000076293945,20.600000381469727,83000
2004-06-04,EWT,20.65999984741211,20.940000534057617,20.65999984741211,20.84000015258789,185450
2004-06-07,EWT,21.799999237060547,22.280000686645508,21.520000457763672,22.059999465942383,188950
2004-06-08,EWT,22.260000228881836,22.260000228881836,21.81999969482422,22.0,193450
2004-06-09,EWT,22.100000381469727,22.100000381469727,21.399999618530273,21.420000076293945,148600
2004-06-10,EWT,21.559999465942383,21.579999923706055,21.100000381469727,21.299999237060547,62600
2004-06-14,EWT,20.5,20.5,20.0,20.15999984741211,384250
2004-06-15,EWT,20.8799991607666,20.8799991607666,20.399999618530273,20.600000381469727,283400
2004-06-16,EWT,20.479999542236328,20.479999542236328,20.0,20.15999984741211,430400
2004-06-17,EWT,20.739999771118164,20.780000686645508,20.399999618530273,20.760000228881836,327650
2004-06-18,EWT,20.100000381469727,20.5,20.100000381469727,20.219999313354492,158250
2004-06-21,EWT,20.440000534057617,20.5,20.020000457763672,20.040000915527344,112450
2004-06-22,EWT,20.139999389648438,20.459999084472656,20.100000381469727,20.459999084472656,219950
2004-06-23,EWT,21.0,21.360000610351562,20.719999313354492,21.100000381469727,439350
2004-06-24,EWT,21.100000381469727,21.399999618530273,21.100000381469727,21.280000686645508,350000
2004-06-25,EWT,21.1200008392334,21.520000457763672,21.1200008392334,21.440000534057617,226250
2004-06-28,EWT,21.280000686645508,21.299999237060547,20.81999969482422,20.959999084472656,81700
2004-06-29,EWT,21.1200008392334,21.260000228881836,20.81999969482422,21.100000381469727,228500
2004-06-30,EWT,21.68000030517578,21.68000030517578,21.239999771118164,21.639999389648438,135650
2004-07-01,EWT,21.579999923706055,21.799999237060547,21.040000915527344,21.100000381469727,344200
2004-07-02,EWT,21.280000686645508,21.280000686645508,20.6200008392334,21.18000030517578,120700
2004-07-06,EWT,21.0,21.0,20.5,20.600000381469727,72550
2004-07-07,EWT,20.719999313354492,21.15999984741211,20.719999313354492,21.059999465942383,376450
2004-07-08,EWT,21.059999465942383,21.079999923706055,20.81999969482422,20.920000076293945,128650
2004-07-09,EWT,21.020000457763672,21.299999237060547,20.920000076293945,21.139999389648438,114750
2004-07-12,EWT,20.920000076293945,21.0,20.600000381469727,20.799999237060547,151100
2004-07-13,EWT,20.700000762939453,20.920000076293945,20.65999984741211,20.8799991607666,59300
2004-07-14,EWT,20.6200008392334,20.6200008392334,20.299999237060547,20.479999542236328,175950
2004-07-15,EWT,20.1200008392334,20.260000228881836,19.979999542236328,19.979999542236328,145300
2004-07-16,EWT,20.18000030517578,20.18000030517578,19.799999237060547,19.81999969482422,199350
2004-07-19,EWT,19.959999084472656,20.079999923706055,19.700000762939453,20.0,161350
2004-07-20,EWT,19.479999542236328,19.799999237060547,19.299999237060547,19.780000686645508,258300
2004-07-21,EWT,20.059999465942383,20.059999465942383,19.420000076293945,19.5,436550
2004-07-22,EWT,19.559999465942383,19.959999084472656,19.31999969482422,19.68000030517578,188500
2004-07-23,EWT,19.31999969482422,19.520000457763672,19.059999465942383,19.100000381469727,116100
2004-07-26,EWT,19.059999465942383,19.360000610351562,19.020000457763672,19.260000228881836,103400
2004-07-27,EWT,19.719999313354492,19.719999313354492,19.360000610351562,19.719999313354492,281000
2004-07-28,EWT,19.559999465942383,19.559999465942383,19.079999923706055,19.479999542236328,343050
2004-07-29,EWT,19.559999465942383,19.559999465942383,19.100000381469727,19.540000915527344,175600
2004-07-30,EWT,19.739999771118164,19.84000015258789,19.579999923706055,19.600000381469727,272550
2004-08-02,EWT,19.579999923706055,19.579999923706055,19.219999313354492,19.440000534057617,157800
2004-08-03,EWT,19.459999084472656,19.700000762939453,19.459999084472656,19.579999923706055,143800
2004-08-04,EWT,19.200000762939453,19.5,19.200000762939453,19.31999969482422,379600
2004-08-05,EWT,19.639999389648438,19.959999084472656,19.639999389648438,19.68000030517578,213700
2004-08-06,EWT,19.520000457763672,19.579999923706055,19.239999771118164,19.260000228881836,61300
2004-08-09,EWT,19.8799991607666,19.8799991607666,19.5,19.600000381469727,101650
2004-08-10,EWT,19.799999237060547,19.979999542236328,19.600000381469727,19.979999542236328,237850
2004-08-11,EWT,19.68000030517578,19.68000030517578,19.5,19.600000381469727,89050
2004-08-12,EWT,19.5,19.540000915527344,19.200000762939453,19.239999771118164,115900
2004-08-13,EWT,19.700000762939453,19.700000762939453,19.459999084472656,19.520000457763672,112700
2004-08-16,EWT,19.299999237060547,19.860000610351562,19.299999237060547,19.780000686645508,288100
2004-08-17,EWT,19.65999984741211,19.700000762939453,19.399999618530273,19.420000076293945,153350
2004-08-18,EWT,19.700000762939453,20.280000686645508,19.68000030517578,20.280000686645508,595350
2004-08-19,EWT,20.579999923706055,20.700000762939453,20.420000076293945,20.600000381469727,311500
2004-08-20,EWT,20.700000762939453,21.0,20.540000915527344,20.979999542236328,435000
2004-08-23,EWT,20.959999084472656,21.0,20.799999237060547,20.8799991607666,156850
2004-08-24,EWT,21.040000915527344,21.18000030517578,20.81999969482422,20.979999542236328,303400
2004-08-25,EWT,20.899999618530273,21.479999542236328,20.860000610351562,21.479999542236328,374550
2004-08-26,EWT,21.780000686645508,21.780000686645508,21.5,21.540000915527344,470900
2004-08-27,EWT,21.700000762939453,21.700000762939453,21.3799991607666,21.399999618530273,212500
2004-08-30,EWT,21.399999618530273,21.399999618530273,21.059999465942383,21.059999465942383,435050
2004-08-31,EWT,21.040000915527344,21.280000686645508,20.84000015258789,21.280000686645508,410950
2004-09-01,EWT,21.360000610351562,21.719999313354492,21.360000610351562,21.540000915527344,119800
2004-09-02,EWT,21.600000381469727,21.799999237060547,21.5,21.799999237060547,63250
2004-09-03,EWT,21.1200008392334,21.360000610351562,21.0,21.200000762939453,105350
2004-09-07,EWT,21.520000457763672,21.579999923706055,21.479999542236328,21.5,339050
2004-09-08,EWT,21.3799991607666,21.420000076293945,21.059999465942383,21.1200008392334,251400
2004-09-09,EWT,21.200000762939453,21.68000030517578,21.100000381469727,21.639999389648438,268350
2004-09-10,EWT,21.559999465942383,21.700000762939453,21.360000610351562,21.700000762939453,279700
2004-09-13,EWT,21.760000228881836,22.040000915527344,21.639999389648438,21.799999237060547,614400
2004-09-14,EWT,21.600000381469727,21.860000610351562,21.600000381469727,21.799999237060547,138900
2004-09-15,EWT,21.639999389648438,21.639999389648438,21.31999969482422,21.31999969482422,368300
2004-09-16,EWT,21.459999084472656,21.780000686645508,21.440000534057617,21.780000686645508,375050
2004-09-17,EWT,21.399999618530273,21.520000457763672,21.200000762939453,21.5,282000
2004-09-20,EWT,21.479999542236328,21.579999923706055,21.31999969482422,21.579999923706055,280850
2004-09-21,EWT,21.899999618530273,22.440000534057617,21.700000762939453,22.020000457763672,711550
2004-09-22,EWT,22.0,22.020000457763672,21.5,21.600000381469727,301550
2004-09-23,EWT,21.739999771118164,21.780000686645508,21.479999542236328,21.579999923706055,273500
2004-09-24,EWT,21.559999465942383,21.579999923706055,21.360000610351562,21.459999084472656,132550
2004-09-27,EWT,21.020000457763672,21.200000762939453,21.020000457763672,21.079999923706055,149600
2004-09-28,EWT,21.0,21.360000610351562,21.0,21.360000610351562,304600
2004-09-29,EWT,21.18000030517578,21.3799991607666,21.1200008392334,21.239999771118164,126900
2004-09-30,EWT,21.100000381469727,21.399999618530273,21.100000381469727,21.399999618530273,542900
2004-10-01,EWT,21.65999984741211,22.15999984741211,21.65999984741211,22.15999984741211,205650
2004-10-04,EWT,22.899999618530273,22.899999618530273,22.31999969482422,22.68000030517578,359650
2004-10-05,EWT,22.600000381469727,22.68000030517578,22.31999969482422,22.5,310750
2004-10-06,EWT,22.100000381469727,22.600000381469727,22.100000381469727,22.559999465942383,109150
2004-10-07,EWT,22.399999618530273,22.68000030517578,22.360000610351562,22.479999542236328,313400
2004-10-08,EWT,22.5,22.579999923706055,22.100000381469727,22.1200008392334,268050
2004-10-11,EWT,22.200000762939453,22.299999237060547,22.1200008392334,22.239999771118164,179200
2004-10-12,EWT,21.799999237060547,21.959999084472656,21.399999618530273,21.959999084472656,336650
2004-10-13,EWT,21.899999618530273,21.940000534057617,21.5,21.600000381469727,851550
2004-10-14,EWT,21.239999771118164,21.399999618530273,20.979999542236328,20.979999542236328,215950
2004-10-15,EWT,21.100000381469727,21.600000381469727,21.100000381469727,21.459999084472656,142100
2004-10-18,EWT,21.100000381469727,21.299999237060547,20.959999084472656,21.219999313354492,298700
2004-10-19,EWT,21.420000076293945,21.5,21.200000762939453,21.280000686645508,334300
2004-10-20,EWT,21.100000381469727,21.3799991607666,21.079999923706055,21.3799991607666,310700
2004-10-21,EWT,21.200000762939453,21.579999923706055,21.200000762939453,21.459999084472656,271150
2004-10-22,EWT,21.5,21.5,21.0,21.020000457763672,119450
2004-10-25,EWT,20.899999618530273,21.280000686645508,20.799999237060547,21.059999465942383,218150
2004-10-26,EWT,20.899999618530273,21.18000030517578,20.860000610351562,21.18000030517578,569950
2004-10-27,EWT,20.959999084472656,21.579999923706055,20.8799991607666,21.559999465942383,901000
2004-10-28,EWT,21.299999237060547,21.399999618530273,21.059999465942383,21.280000686645508,264350
2004-10-29,EWT,21.299999237060547,21.459999084472656,21.280000686645508,21.3799991607666,339700
2004-11-01,EWT,21.200000762939453,21.3799991607666,21.059999465942383,21.260000228881836,1025500
2004-11-02,EWT,21.559999465942383,21.899999618530273,21.520000457763672,21.600000381469727,880950
2004-11-03,EWT,22.360000610351562,22.5,22.100000381469727,22.360000610351562,889700
2004-11-04,EWT,22.360000610351562,22.799999237060547,22.299999237060547,22.719999313354492,548950
2004-11-05,EWT,22.899999618530273,23.040000915527344,22.860000610351562,23.040000915527344,1549300
2004-11-08,EWT,22.959999084472656,22.979999542236328,22.780000686645508,22.940000534057617,771900
2004-11-09,EWT,22.84000015258789,22.899999618530273,22.639999389648438,22.799999237060547,335050
2004-11-10,EWT,22.700000762939453,22.700000762939453,22.5,22.6200008392334,247300
2004-11-11,EWT,22.780000686645508,22.780000686645508,22.219999313354492,22.719999313354492,444500
2004-11-12,EWT,22.780000686645508,22.780000686645508,22.559999465942383,22.739999771118164,236700
2004-11-15,EWT,22.899999618530273,22.899999618530273,22.6200008392334,22.799999237060547,364000
2004-11-16,EWT,22.860000610351562,22.860000610351562,22.579999923706055,22.760000228881836,210400
2004-11-17,EWT,23.5,23.68000030517578,23.440000534057617,23.579999923706055,847500
2004-11-18,EWT,23.780000686645508,23.799999237060547,22.940000534057617,23.760000228881836,256800
2004-11-19,EWT,23.639999389648438,23.65999984741211,23.139999389648438,23.239999771118164,311600
2004-11-22,EWT,22.719999313354492,22.899999618530273,22.520000457763672,22.84000015258789,907700
2004-11-23,EWT,22.84000015258789,22.920000076293945,22.520000457763672,22.520000457763672,563600
2004-11-24,EWT,23.079999923706055,23.18000030517578,22.860000610351562,23.100000381469727,498100
2004-11-26,EWT,22.719999313354492,22.719999313354492,22.600000381469727,22.65999984741211,206400
2004-11-29,EWT,22.700000762939453,22.780000686645508,22.360000610351562,22.559999465942383,419250
2004-11-30,EWT,22.959999084472656,22.959999084472656,22.420000076293945,22.520000457763672,1044050
2004-12-01,EWT,22.579999923706055,22.760000228881836,22.479999542236328,22.639999389648438,1188650
2004-12-02,EWT,23.0,23.100000381469727,22.739999771118164,22.920000076293945,995100
2004-12-03,EWT,22.959999084472656,23.020000457763672,22.799999237060547,22.81999969482422,249550
2004-12-06,EWT,22.959999084472656,23.200000762939453,22.920000076293945,23.200000762939453,264250
2004-12-07,EWT,23.200000762939453,23.239999771118164,22.860000610351562,22.899999618530273,420300
2004-12-08,EWT,22.899999618530273,23.280000686645508,22.899999618530273,23.18000030517578,328550
2004-12-09,EWT,22.780000686645508,23.18000030517578,22.6200008392334,23.0,516400
2004-12-10,EWT,22.700000762939453,22.899999618530273,22.600000381469727,22.899999618530273,445050
2004-12-13,EWT,22.860000610351562,22.860000610351562,22.6200008392334,22.799999237060547,210200
2004-12-14,EWT,22.799999237060547,23.0,22.700000762939453,22.899999618530273,695150
2004-12-15,EWT,23.479999542236328,23.5,23.280000686645508,23.420000076293945,464150
2004-12-16,EWT,23.399999618530273,23.559999465942383,23.219999313354492,23.420000076293945,203900
2004-12-17,EWT,23.3799991607666,23.979999542236328,23.18000030517578,23.399999618530273,1105350
2004-12-20,EWT,23.5,23.5,23.100000381469727,23.360000610351562,3273050
2004-12-21,EWT,23.15999984741211,23.5,23.15999984741211,23.5,267600
2004-12-22,EWT,23.68000030517578,23.68000030517578,23.399999618530273,23.440000534057617,152250
2004-12-23,EWT,23.479999542236328,23.559999465942383,23.139999389648438,23.15999984741211,205550
2004-12-27,EWT,23.059999465942383,23.219999313354492,23.0,23.059999465942383,175650
2004-12-28,EWT,23.219999313354492,23.5,23.219999313354492,23.459999084472656,97900
2004-12-29,EWT,24.040000915527344,24.299999237060547,23.6200008392334,23.81999969482422,207550
2004-12-30,EWT,24.15999984741211,24.15999984741211,23.639999389648438,23.799999237060547,106950
2004-12-31,EWT,23.959999084472656,24.15999984741211,23.920000076293945,24.1200008392334,55100
2005-01-03,EWT,24.18000030517578,24.299999237060547,23.739999771118164,23.739999771118164,225300
2005-01-04,EWT,23.5,23.700000762939453,23.020000457763672,23.200000762939453,426800
2005-01-05,EWT,23.200000762939453,23.299999237060547,22.940000534057617,23.100000381469727,606950
2005-01-06,EWT,23.0,23.200000762939453,22.899999618530273,23.079999923706055,288950
2005-01-07,EWT,23.079999923706055,23.15999984741211,22.799999237060547,22.899999618530273,244200
2005-01-10,EWT,22.799999237060547,23.100000381469727,22.6200008392334,22.899999618530273,593750
2005-01-11,EWT,22.979999542236328,23.0,22.799999237060547,22.899999618530273,372500
2005-01-12,EWT,22.739999771118164,23.0,22.600000381469727,23.0,377350
2005-01-13,EWT,22.799999237060547,22.81999969482422,22.5,22.600000381469727,330950
2005-01-14,EWT,22.780000686645508,23.0,22.700000762939453,22.899999618530273,276100
2005-01-18,EWT,23.200000762939453,23.299999237060547,22.979999542236328,23.18000030517578,570500
2005-01-19,EWT,23.079999923706055,23.139999389648438,22.760000228881836,22.760000228881836,212700
2005-01-20,EWT,22.719999313354492,23.079999923706055,22.6200008392334,22.639999389648438,264700
2005-01-21,EWT,22.84000015258789,22.959999084472656,22.600000381469727,22.600000381469727,426950
2005-01-24,EWT,23.6200008392334,23.719999313354492,22.299999237060547,22.299999237060547,659700
2005-01-25,EWT,22.260000228881836,22.559999465942383,22.260000228881836,22.479999542236328,888350
2005-01-26,EWT,22.700000762939453,23.0,22.459999084472656,22.899999618530273,948950
2005-01-27,EWT,22.959999084472656,23.0,22.799999237060547,22.799999237060547,2049800
2005-01-28,EWT,23.0,23.0,22.68000030517578,22.799999237060547,221050
2005-01-31,EWT,23.479999542236328,23.68000030517578,23.31999969482422,23.559999465942383,333400
2005-02-01,EWT,23.559999465942383,23.700000762939453,23.459999084472656,23.559999465942383,257150
2005-02-02,EWT,23.959999084472656,23.959999084472656,23.760000228881836,23.940000534057617,382500
2005-02-03,EWT,23.860000610351562,23.940000534057617,23.600000381469727,23.65999984741211,615950
2005-02-04,EWT,23.739999771118164,24.200000762939453,23.6200008392334,24.15999984741211,353700
2005-02-07,EWT,24.020000457763672,24.239999771118164,23.959999084472656,24.239999771118164,221250
2005-02-08,EWT,24.100000381469727,24.540000915527344,24.040000915527344,24.5,869500
2005-02-09,EWT,24.3799991607666,24.579999923706055,24.139999389648438,24.280000686645508,321700
2005-02-10,EWT,24.3799991607666,24.479999542236328,24.100000381469727,24.139999389648438,152450
2005-02-11,EWT,24.0,24.559999465942383,24.0,24.459999084472656,545950
2005-02-14,EWT,24.299999237060547,24.440000534057617,24.200000762939453,24.420000076293945,387100
2005-02-15,EWT,24.3799991607666,24.68000030517578,24.34000015258789,24.559999465942383,283750
2005-02-16,EWT,24.399999618530273,24.399999618530273,24.299999237060547,24.299999237060547,212500
2005-02-17,EWT,24.100000381469727,24.200000762939453,23.719999313354492,23.739999771118164,504900
2005-02-18,EWT,24.15999984741211,24.15999984741211,23.959999084472656,24.0,314650
2005-02-22,EWT,23.959999084472656,24.15999984741211,23.760000228881836,23.799999237060547,427300
2005-02-23,EWT,24.299999237060547,24.299999237060547,23.8799991607666,24.0,507500
2005-02-24,EWT,24.200000762939453,24.420000076293945,24.1200008392334,24.3799991607666,350150
2005-02-25,EWT,24.700000762939453,25.020000457763672,24.600000381469727,25.020000457763672,564600
2005-02-28,EWT,25.280000686645508,25.3799991607666,24.739999771118164,24.8799991607666,677250
2005-03-01,EWT,25.18000030517578,25.360000610351562,25.139999389648438,25.280000686645508,547950
2005-03-02,EWT,25.239999771118164,25.239999771118164,24.81999969482422,24.84000015258789,486300
2005-03-03,EWT,24.979999542236328,25.020000457763672,24.6200008392334,24.65999984741211,321800
2005-03-04,EWT,24.799999237060547,24.860000610351562,24.540000915527344,24.579999923706055,758950
2005-03-07,EWT,24.760000228881836,24.979999542236328,24.65999984741211,24.920000076293945,442750
2005-03-08,EWT,24.739999771118164,24.760000228881836,24.5,24.600000381469727,217400
2005-03-09,EWT,24.780000686645508,24.84000015258789,24.479999542236328,24.520000457763672,454100
2005-03-10,EWT,24.739999771118164,24.739999771118164,24.260000228881836,24.399999618530273,417950
2005-03-11,EWT,24.540000915527344,24.700000762939453,24.200000762939453,24.479999542236328,271000
2005-03-14,EWT,24.1200008392334,24.34000015258789,24.0,24.1200008392334,215800
2005-03-15,EWT,23.760000228881836,23.959999084472656,23.399999618530273,23.459999084472656,704650
2005-03-16,EWT,23.760000228881836,23.799999237060547,23.420000076293945,23.540000915527344,353500
2005-03-17,EWT,23.34000015258789,23.65999984741211,23.34000015258789,23.600000381469727,177700
2005-03-18,EWT,23.760000228881836,23.760000228881836,23.520000457763672,23.68000030517578,454800
2005-03-21,EWT,23.600000381469727,23.600000381469727,23.299999237060547,23.399999618530273,260400
2005-03-22,EWT,23.459999084472656,23.459999084472656,22.799999237060547,22.979999542236328,322950
2005-03-23,EWT,23.100000381469727,23.239999771118164,23.0,23.0,609800
2005-03-24,EWT,22.780000686645508,23.200000762939453,22.780000686645508,23.059999465942383,175450
2005-03-28,EWT,23.299999237060547,23.299999237060547,23.0,23.139999389648438,216950
2005-03-29,EWT,22.700000762939453,22.799999237060547,22.34000015258789,22.5,667950
2005-03-30,EWT,22.860000610351562,22.8799991607666,22.520000457763672,22.799999237060547,447950
2005-03-31,EWT,23.399999618530273,23.399999618530273,22.940000534057617,23.15999984741211,97400
2005-04-01,EWT,23.600000381469727,23.639999389648438,23.239999771118164,23.31999969482422,895450
2005-04-04,EWT,23.299999237060547,23.299999237060547,22.799999237060547,23.0,215800
2005-04-05,EWT,22.760000228881836,23.280000686645508,22.760000228881836,23.059999465942383,150300
2005-04-06,EWT,23.200000762939453,23.280000686645508,23.100000381469727,23.239999771118164,166500
2005-04-07,EWT,23.15999984741211,23.15999984741211,22.81999969482422,23.0,288700
2005-04-08,EWT,23.299999237060547,23.299999237060547,23.040000915527344,23.040000915527344,99200
2005-04-11,EWT,23.260000228881836,23.260000228881836,22.8799991607666,22.899999618530273,231750
2005-04-12,EWT,22.959999084472656,23.280000686645508,22.84000015258789,23.260000228881836,187800
2005-04-13,EWT,23.200000762939453,23.200000762939453,22.959999084472656,23.059999465942383,410200
2005-04-14,EWT,22.940000534057617,23.0,22.3799991607666,22.559999465942383,596150
2005-04-15,EWT,22.219999313354492,22.5,22.219999313354492,22.360000610351562,559900
2005-04-18,EWT,22.0,22.18000030517578,21.81999969482422,22.100000381469727,368200
2005-04-19,EWT,22.200000762939453,22.5,22.200000762939453,22.360000610351562,623400
2005-04-20,EWT,22.200000762939453,22.239999771118164,21.799999237060547,21.799999237060547,233600
2005-04-21,EWT,22.200000762939453,22.399999618530273,22.1200008392334,22.360000610351562,271650
2005-04-22,EWT,22.200000762939453,22.3799991607666,22.100000381469727,22.280000686645508,212850
2005-04-25,EWT,22.540000915527344,22.540000915527344,22.360000610351562,22.459999084472656,342950
2005-04-26,EWT,22.65999984741211,22.760000228881836,22.5,22.559999465942383,373250
2005-04-27,EWT,22.139999389648438,22.540000915527344,22.139999389648438,22.31999969482422,1492650
2005-04-28,EWT,22.799999237060547,22.799999237060547,22.5,22.559999465942383,250650
2005-04-29,EWT,22.959999084472656,22.959999084472656,22.559999465942383,22.739999771118164,394350
2005-05-02,EWT,22.899999618530273,23.079999923706055,22.8799991607666,22.959999084472656,221100
2005-05-03,EWT,22.979999542236328,22.979999542236328,22.739999771118164,22.920000076293945,378500
2005-05-04,EWT,23.0,23.299999237060547,22.81999969482422,23.260000228881836,373250
2005-05-05,EWT,23.579999923706055,24.0,22.799999237060547,23.84000015258789,895000
2005-05-06,EWT,23.84000015258789,23.899999618530273,23.700000762939453,23.84000015258789,262550
2005-05-09,EWT,23.760000228881836,23.780000686645508,23.559999465942383,23.68000030517578,275050
2005-05-10,EWT,23.440000534057617,23.520000457763672,23.299999237060547,23.3799991607666,111200
2005-05-11,EWT,23.3799991607666,23.799999237060547,23.15999984741211,23.600000381469727,157900
2005-05-12,EWT,23.600000381469727,23.600000381469727,23.059999465942383,23.1200008392334,169950
2005-05-13,EWT,23.299999237060547,23.799999237060547,23.299999237060547,23.600000381469727,630600
2005-05-16,EWT,23.360000610351562,23.600000381469727,23.299999237060547,23.5,299300
2005-05-17,EWT,23.399999618530273,23.479999542236328,23.15999984741211,23.479999542236328,61350
2005-05-18,EWT,23.420000076293945,23.700000762939453,23.299999237060547,23.540000915527344,189450
2005-05-19,EWT,23.8799991607666,23.8799991607666,23.639999389648438,23.81999969482422,222800
2005-05-20,EWT,23.5,23.719999313354492,23.5,23.65999984741211,301500
2005-05-23,EWT,23.219999313354492,23.559999465942383,23.219999313354492,23.360000610351562,81800
2005-05-24,EWT,23.459999084472656,23.459999084472656,23.260000228881836,23.399999618530273,99000
2005-05-25,EWT,23.299999237060547,23.399999618530273,23.219999313354492,23.31999969482422,156500
2005-05-26,EWT,23.700000762939453,23.700000762939453,23.5,23.6200008392334,649350
2005-05-27,EWT,23.84000015258789,23.860000610351562,23.639999389648438,23.799999237060547,184650
2005-05-31,EWT,23.899999618530273,23.920000076293945,23.639999389648438,23.700000762939453,570200
2005-06-01,EWT,23.540000915527344,23.739999771118164,23.440000534057617,23.579999923706055,66950
2005-06-02,EWT,23.799999237060547,23.799999237060547,23.600000381469727,23.700000762939453,684350
2005-06-03,EWT,24.200000762939453,24.239999771118164,23.700000762939453,23.799999237060547,339650
2005-06-06,EWT,24.18000030517578,24.299999237060547,24.0,24.280000686645508,939250
2005-06-07,EWT,23.940000534057617,24.399999618530273,23.84000015258789,24.18000030517578,515700
2005-06-08,EWT,24.5,24.5,24.200000762939453,24.219999313354492,226300
2005-06-09,EWT,24.200000762939453,24.360000610351562,24.1200008392334,24.34000015258789,280750
2005-06-10,EWT,24.399999618530273,24.5,23.8799991607666,24.020000457763672,467250
2005-06-13,EWT,24.219999313354492,24.559999465942383,23.219999313354492,24.3799991607666,634700
2005-06-14,EWT,24.579999923706055,24.579999923706055,24.18000030517578,24.200000762939453,573400
2005-06-15,EWT,24.600000381469727,24.65999984741211,24.200000762939453,24.440000534057617,548850
2005-06-16,EWT,24.700000762939453,24.780000686645508,24.459999084472656,24.639999389648438,422350
2005-06-17,EWT,25.0,25.0,24.719999313354492,24.920000076293945,703500
2005-06-20,EWT,24.799999237060547,24.84000015258789,24.639999389648438,24.68000030517578,428250
2005-06-21,EWT,24.760000228881836,26.0,24.540000915527344,24.600000381469727,192550
2005-06-22,EWT,25.0,25.079999923706055,24.860000610351562,25.059999465942383,544800
2005-06-23,EWT,25.139999389648438,25.18000030517578,24.81999969482422,24.84000015258789,437150
2005-06-24,EWT,24.899999618530273,24.920000076293945,24.65999984741211,24.68000030517578,316950
2005-06-27,EWT,24.700000762939453,24.760000228881836,24.579999923706055,24.6200008392334,197300
2005-06-28,EWT,24.6200008392334,24.8799991607666,24.559999465942383,24.8799991607666,306050
2005-06-29,EWT,24.399999618530273,24.399999618530273,24.239999771118164,24.260000228881836,249600
2005-06-30,EWT,24.360000610351562,24.360000610351562,24.079999923706055,24.200000762939453,251900
2005-07-01,EWT,24.219999313354492,24.360000610351562,24.200000762939453,24.200000762939453,428950
2005-07-05,EWT,24.020000457763672,24.239999771118164,23.920000076293945,24.139999389648438,171950
2005-07-06,EWT,24.139999389648438,24.139999389648438,23.860000610351562,23.940000534057617,649700
2005-07-07,EWT,23.84000015258789,23.940000534057617,23.479999542236328,23.860000610351562,319900
2005-07-08,EWT,23.799999237060547,24.100000381469727,23.700000762939453,24.040000915527344,318850
2005-07-11,EWT,24.200000762939453,24.68000030517578,24.200000762939453,24.65999984741211,259000
2005-07-12,EWT,24.780000686645508,24.899999618530273,24.719999313354492,24.899999618530273,359000
2005-07-13,EWT,24.700000762939453,24.979999542236328,24.600000381469727,24.8799991607666,1031650
2005-07-14,EWT,25.040000915527344,25.68000030517578,24.920000076293945,24.920000076293945,230250
2005-07-15,EWT,25.639999389648438,25.639999389648438,24.8799991607666,25.0,222250
2005-07-18,EWT,25.040000915527344,25.040000915527344,24.780000686645508,24.860000610351562,277600
2005-07-19,EWT,24.84000015258789,25.18000030517578,24.84000015258789,25.15999984741211,566700
2005-07-20,EWT,25.100000381469727,25.200000762939453,24.920000076293945,25.200000762939453,142600
2005-07-21,EWT,25.059999465942383,25.3799991607666,24.920000076293945,25.219999313354492,276950
2005-07-22,EWT,25.200000762939453,25.260000228881836,25.100000381469727,25.200000762939453,135950
2005-07-25,EWT,25.200000762939453,25.260000228881836,25.059999465942383,25.100000381469727,106050
2005-07-26,EWT,24.6200008392334,24.84000015258789,24.600000381469727,24.799999237060547,172650
2005-07-27,EWT,24.780000686645508,24.780000686645508,24.600000381469727,24.6200008392334,430500
2005-07-28,EWT,24.84000015258789,24.979999542236328,24.780000686645508,24.860000610351562,451150
2005-07-29,EWT,24.639999389648438,24.68000030517578,24.479999542236328,24.5,332150
2005-08-01,EWT,24.559999465942383,24.799999237060547,24.540000915527344,24.719999313354492,255550
2005-08-02,EWT,24.959999084472656,25.200000762939453,24.940000534057617,25.15999984741211,419900
2005-08-03,EWT,25.200000762939453,25.479999542236328,25.100000381469727,25.299999237060547,617550
2005-08-04,EWT,25.399999618530273,25.399999618530273,25.0,25.0,437400
2005-08-05,EWT,25.1200008392334,25.1200008392334,24.600000381469727,24.639999389648438,248050
2005-08-08,EWT,24.059999465942383,24.940000534057617,24.059999465942383,24.739999771118164,187650
2005-08-09,EWT,24.600000381469727,25.0,24.600000381469727,24.940000534057617,613200
2005-08-10,EWT,24.959999084472656,25.079999923706055,24.700000762939453,24.860000610351562,300850
2005-08-11,EWT,24.979999542236328,25.079999923706055,24.780000686645508,24.979999542236328,209450
2005-08-12,EWT,25.639999389648438,25.639999389648438,24.420000076293945,24.8799991607666,315800
2005-08-15,EWT,24.520000457763672,24.600000381469727,24.31999969482422,24.440000534057617,193600
2005-08-16,EWT,24.5,24.5,24.0,24.079999923706055,465200
2005-08-17,EWT,24.239999771118164,24.360000610351562,24.100000381469727,24.360000610351562,181100
2005-08-18,EWT,24.239999771118164,24.260000228881836,23.860000610351562,23.920000076293945,187250
2005-08-19,EWT,23.84000015258789,24.059999465942383,23.760000228881836,23.84000015258789,144950
2005-08-22,EWT,24.299999237060547,24.600000381469727,24.1200008392334,24.3799991607666,172250
2005-08-23,EWT,24.239999771118164,24.239999771118164,23.959999084472656,24.100000381469727,292300
2005-08-24,EWT,23.860000610351562,23.920000076293945,23.600000381469727,23.6200008392334,349700
2005-08-25,EWT,23.600000381469727,23.81999969482422,23.579999923706055,23.739999771118164,94000
2005-08-26,EWT,23.81999969482422,23.899999618530273,23.600000381469727,23.719999313354492,329900
2005-08-29,EWT,23.5,23.65999984741211,23.3799991607666,23.559999465942383,274400
2005-08-30,EWT,23.100000381469727,23.280000686645508,23.0,23.200000762939453,614100
2005-08-31,EWT,23.020000457763672,23.5,22.799999237060547,23.5,471750
2005-09-01,EWT,23.360000610351562,23.600000381469727,23.239999771118164,23.579999923706055,350100
2005-09-02,EWT,23.219999313354492,23.719999313354492,23.219999313354492,23.600000381469727,179050
2005-09-06,EWT,23.799999237060547,23.940000534057617,23.600000381469727,23.920000076293945,287800
2005-09-07,EWT,23.65999984741211,23.799999237060547,23.520000457763672,23.540000915527344,705100
2005-09-08,EWT,23.600000381469727,23.600000381469727,23.440000534057617,23.5,226650
2005-09-09,EWT,23.399999618530273,23.65999984741211,23.239999771118164,23.600000381469727,1127950
2005-09-12,EWT,23.520000457763672,23.799999237060547,23.520000457763672,23.700000762939453,281950
2005-09-13,EWT,23.799999237060547,23.799999237060547,23.5,23.700000762939453,645600
2005-09-14,EWT,23.700000762939453,23.719999313354492,23.5,23.65999984741211,152050
2005-09-15,EWT,23.3799991607666,23.520000457763672,23.299999237060547,23.299999237060547,474550
2005-09-16,EWT,23.239999771118164,23.360000610351562,22.959999084472656,23.239999771118164,819600
2005-09-19,EWT,23.200000762939453,23.200000762939453,22.81999969482422,22.959999084472656,362250
2005-09-20,EWT,23.440000534057617,23.5,23.020000457763672,23.15999984741211,1452350
2005-09-21,EWT,23.299999237060547,23.299999237060547,22.899999618530273,22.940000534057617,307100
2005-09-22,EWT,22.799999237060547,22.799999237060547,22.5,22.6200008392334,668300
2005-09-23,EWT,22.559999465942383,22.579999923706055,22.280000686645508,22.399999618530273,413250
2005-09-26,EWT,22.399999618530273,22.600000381469727,22.280000686645508,22.5,427950
2005-09-27,EWT,22.239999771118164,22.399999618530273,22.100000381469727,22.299999237060547,920550
2005-09-28,EWT,22.239999771118164,22.459999084472656,22.239999771118164,22.420000076293945,582200
2005-09-29,EWT,22.3799991607666,23.280000686645508,22.3799991607666,23.200000762939453,2175200
2005-09-30,EWT,23.399999618530273,23.579999923706055,23.31999969482422,23.420000076293945,1191700
2005-10-03,EWT,23.020000457763672,23.479999542236328,23.020000457763672,23.420000076293945,663350
2005-10-04,EWT,23.399999618530273,23.760000228881836,23.219999313354492,23.299999237060547,799400
2005-10-05,EWT,23.440000534057617,23.5,22.920000076293945,23.0,468200
2005-10-06,EWT,23.100000381469727,23.219999313354492,22.700000762939453,22.8799991607666,597000
2005-10-07,EWT,23.360000610351562,23.459999084472656,22.520000457763672,23.31999969482422,337050
2005-10-10,EWT,23.299999237060547,23.299999237060547,22.940000534057617,23.059999465942383,350900
2005-10-11,EWT,23.0,23.200000762939453,22.81999969482422,22.899999618530273,385950
2005-10-12,EWT,22.639999389648438,22.700000762939453,22.200000762939453,22.440000534057617,667500
2005-10-13,EWT,22.520000457763672,22.520000457763672,22.020000457763672,22.360000610351562,410250
2005-10-14,EWT,22.440000534057617,22.5,22.18000030517578,22.360000610351562,507800
2005-10-17,EWT,22.0,22.200000762939453,21.860000610351562,22.079999923706055,661250
2005-10-18,EWT,22.040000915527344,22.200000762939453,21.899999618530273,21.899999618530273,1927650
2005-10-19,EWT,21.5,21.700000762939453,21.200000762939453,21.639999389648438,1145850
2005-10-20,EWT,21.600000381469727,21.739999771118164,21.200000762939453,21.239999771118164,850950
2005-10-21,EWT,21.399999618530273,21.639999389648438,21.299999237060547,21.600000381469727,294000
2005-10-24,EWT,21.440000534057617,21.8799991607666,21.420000076293945,21.780000686645508,359350
2005-10-25,EWT,21.540000915527344,21.65999984741211,21.459999084472656,21.540000915527344,441450
2005-10-26,EWT,21.559999465942383,21.739999771118164,21.3799991607666,21.440000534057617,479300
2005-10-27,EWT,21.399999618530273,21.479999542236328,21.0,21.0,488500
2005-10-28,EWT,21.299999237060547,21.579999923706055,21.1200008392334,21.420000076293945,446500
2005-10-31,EWT,21.84000015258789,22.15999984741211,21.68000030517578,22.1200008392334,902050
2005-11-01,EWT,21.979999542236328,22.100000381469727,21.860000610351562,22.0,270750
2005-11-02,EWT,21.81999969482422,22.6200008392334,21.81999969482422,22.600000381469727,529750
2005-11-03,EWT,22.360000610351562,22.780000686645508,22.360000610351562,22.739999771118164,1452700
2005-11-04,EWT,22.639999389648438,22.700000762939453,22.34000015258789,22.5,661550
2005-11-07,EWT,22.440000534057617,22.559999465942383,22.260000228881836,22.440000534057617,737050
2005-11-08,EWT,23.239999771118164,23.239999771118164,22.139999389648438,22.34000015258789,4415500
2005-11-09,EWT,23.100000381469727,23.100000381469727,22.600000381469727,22.899999618530273,1838600
2005-11-10,EWT,23.0,23.200000762939453,22.84000015258789,23.18000030517578,1923950
2005-11-11,EWT,23.440000534057617,23.579999923706055,23.3799991607666,23.479999542236328,1570550
2005-11-14,EWT,23.81999969482422,23.979999542236328,23.299999237060547,23.399999618530273,591650
2005-11-15,EWT,23.100000381469727,23.299999237060547,22.959999084472656,23.0,1201800
2005-11-16,EWT,23.600000381469727,23.600000381469727,22.940000534057617,23.239999771118164,375100
2005-11-17,EWT,23.440000534057617,23.440000534057617,22.979999542236328,23.280000686645508,986700
2005-11-18,EWT,23.68000030517578,23.68000030517578,23.200000762939453,23.280000686645508,1001800
2005-11-21,EWT,23.299999237060547,23.34000015258789,23.1200008392334,23.299999237060547,676500
2005-11-22,EWT,23.200000762939453,23.34000015258789,22.959999084472656,23.299999237060547,1521400
2005-11-23,EWT,23.31999969482422,23.639999389648438,23.31999969482422,23.520000457763672,609300
2005-11-25,EWT,22.600000381469727,23.559999465942383,22.600000381469727,23.440000534057617,235450
2005-11-28,EWT,23.760000228881836,23.760000228881836,23.3799991607666,23.3799991607666,655750
2005-11-29,EWT,23.5,23.65999984741211,23.31999969482422,23.360000610351562,999200
2005-11-30,EWT,23.5,23.899999618530273,23.5,23.739999771118164,1677050
2005-12-01,EWT,24.0,25.079999923706055,23.639999389648438,23.940000534057617,2392700
2005-12-02,EWT,24.0,24.059999465942383,23.860000610351562,23.899999618530273,2052300
2005-12-05,EWT,24.5,24.5,24.18000030517578,24.360000610351562,1949350
2005-12-06,EWT,24.5,24.780000686645508,24.420000076293945,24.600000381469727,2832700
2005-12-07,EWT,24.579999923706055,24.600000381469727,24.079999923706055,24.219999313354492,2230450
2005-12-08,EWT,24.040000915527344,24.059999465942383,23.719999313354492,23.760000228881836,1035200
2005-12-09,EWT,24.0,24.020000457763672,23.799999237060547,23.899999618530273,761650
2005-12-12,EWT,23.799999237060547,24.059999465942383,23.799999237060547,23.899999618530273,1423400
2005-12-13,EWT,24.479999542236328,24.479999542236328,23.700000762939453,23.899999618530273,1480350
2005-12-14,EWT,23.84000015258789,23.920000076293945,23.719999313354492,23.8799991607666,1635600
2005-12-15,EWT,24.100000381469727,24.139999389648438,23.899999618530273,24.040000915527344,2501600
2005-12-16,EWT,24.360000610351562,24.5,24.34000015258789,24.360000610351562,1773550
2005-12-19,EWT,24.799999237060547,24.84000015258789,24.399999618530273,24.459999084472656,1096050
2005-12-20,EWT,24.68000030517578,24.739999771118164,24.520000457763672,24.6200008392334,1643650
2005-12-21,EWT,24.940000534057617,24.940000534057617,24.760000228881836,24.860000610351562,1103100
2005-12-22,EWT,24.719999313354492,24.719999313354492,24.559999465942383,24.639999389648438,1065700
2005-12-23,EWT,24.700000762939453,24.920000076293945,24.700000762939453,24.799999237060547,636100
2005-12-27,EWT,24.639999389648438,25.0,24.600000381469727,24.68000030517578,1007050
2005-12-28,EWT,24.84000015258789,24.8799991607666,24.700000762939453,24.81999969482422,1217700
2005-12-29,EWT,24.979999542236328,25.18000030517578,24.979999542236328,25.040000915527344,1047100
2005-12-30,EWT,24.84000015258789,25.020000457763672,24.799999237060547,24.959999084472656,702800
2006-01-03,EWT,25.5,25.979999542236328,25.360000610351562,25.84000015258789,3214200
2006-01-04,EWT,25.899999618530273,26.059999465942383,25.81999969482422,25.979999542236328,3828850
2006-01-05,EWT,26.5,26.540000915527344,26.100000381469727,26.3799991607666,1806850
2006-01-06,EWT,26.299999237060547,26.5,26.200000762939453,26.420000076293945,1962500
2006-01-09,EWT,27.100000381469727,28.0,26.0,26.84000015258789,3898950
2006-01-10,EWT,26.559999465942383,26.559999465942383,26.299999237060547,26.34000015258789,2122950
2006-01-11,EWT,26.559999465942383,26.579999923706055,26.3799991607666,26.540000915527344,1525500
2006-01-12,EWT,26.760000228881836,26.920000076293945,26.15999984741211,26.200000762939453,2377400
2006-01-13,EWT,26.299999237060547,26.420000076293945,26.059999465942383,26.399999618530273,1802400
2006-01-17,EWT,26.299999237060547,26.399999618530273,25.860000610351562,25.920000076293945,2698650
2006-01-18,EWT,25.5,25.520000457763672,25.040000915527344,25.15999984741211,4119300
2006-01-19,EWT,25.299999237060547,25.68000030517578,25.200000762939453,25.600000381469727,2996700
2006-01-20,EWT,25.3799991607666,25.559999465942383,24.65999984741211,25.079999923706055,2544300
2006-01-23,EWT,25.1200008392334,25.31999969482422,25.0,25.18000030517578,1224550
2006-01-24,EWT,25.440000534057617,25.65999984741211,25.3799991607666,25.520000457763672,2106700
2006-01-25,EWT,25.899999618530273,25.959999084472656,25.399999618530273,25.6200008392334,3746100
2006-01-26,EWT,25.700000762939453,26.8799991607666,25.639999389648438,26.799999237060547,3846200
2006-01-27,EWT,28.0,28.1200008392334,26.420000076293945,27.1200008392334,3898500
2006-01-30,EWT,27.219999313354492,27.399999618530273,27.100000381469727,27.280000686645508,1701350
2006-01-31,EWT,27.360000610351562,27.3799991607666,26.959999084472656,26.959999084472656,2078200
2006-02-01,EWT,26.84000015258789,27.0,26.68000030517578,26.899999618530273,1600950
2006-02-02,EWT,26.84000015258789,26.8799991607666,26.219999313354492,26.239999771118164,2791450
2006-02-03,EWT,25.84000015258789,26.15999984741211,25.700000762939453,25.959999084472656,2264100
2006-02-06,EWT,26.719999313354492,26.760000228881836,26.360000610351562,26.360000610351562,2316800
2006-02-07,EWT,26.31999969482422,26.399999618530273,26.0,26.18000030517578,1790500
2006-02-08,EWT,25.8799991607666,26.31999969482422,25.700000762939453,26.15999984741211,2615550
2006-02-09,EWT,26.0,26.1200008392334,25.84000015258789,25.979999542236328,3225100
2006-02-10,EWT,25.8799991607666,25.899999618530273,25.34000015258789,25.899999618530273,2485500
2006-02-13,EWT,25.739999771118164,25.739999771118164,25.15999984741211,25.219999313354492,1250750
2006-02-14,EWT,25.700000762939453,25.899999618530273,25.459999084472656,25.899999618530273,1464800
2006-02-15,EWT,25.579999923706055,25.760000228881836,25.540000915527344,25.760000228881836,1552950
2006-02-16,EWT,26.079999923706055,26.280000686645508,25.920000076293945,26.18000030517578,1647600
2006-02-17,EWT,26.059999465942383,26.059999465942383,25.81999969482422,25.920000076293945,623850
2006-02-21,EWT,25.8799991607666,26.040000915527344,25.65999984741211,25.65999984741211,2812350
2006-02-22,EWT,25.399999618530273,25.600000381469727,25.260000228881836,25.360000610351562,1633250
2006-02-23,EWT,25.239999771118164,25.260000228881836,25.020000457763672,25.219999313354492,2254750
2006-02-24,EWT,25.5,25.5,25.31999969482422,25.420000076293945,1382250
2006-02-27,EWT,25.440000534057617,25.739999771118164,25.360000610351562,25.739999771118164,2747100
2006-02-28,EWT,25.5,25.700000762939453,25.1200008392334,25.280000686645508,2259450
2006-03-01,EWT,25.639999389648438,26.079999923706055,25.6200008392334,26.079999923706055,1689400
2006-03-02,EWT,26.020000457763672,26.079999923706055,25.799999237060547,26.059999465942383,1177350
2006-03-03,EWT,25.34000015258789,25.559999465942383,25.260000228881836,25.399999618530273,2075450
2006-03-06,EWT,25.5,25.5,25.0,25.1200008392334,690150
2006-03-07,EWT,25.020000457763672,25.020000457763672,24.3799991607666,24.780000686645508,1931450
2006-03-08,EWT,24.479999542236328,24.899999618530273,24.31999969482422,24.860000610351562,998950
2006-03-09,EWT,25.059999465942383,25.100000381469727,24.579999923706055,24.6200008392334,801950
2006-03-10,EWT,24.940000534057617,25.479999542236328,24.559999465942383,24.81999969482422,1515100
2006-03-13,EWT,25.020000457763672,25.200000762939453,24.959999084472656,25.0,1266200
2006-03-14,EWT,24.84000015258789,25.299999237060547,24.700000762939453,25.260000228881836,1279050
2006-03-15,EWT,25.18000030517578,25.280000686645508,25.020000457763672,25.260000228881836,1550200
2006-03-16,EWT,24.979999542236328,25.18000030517578,24.81999969482422,24.84000015258789,1093350
2006-03-17,EWT,25.059999465942383,25.059999465942383,24.81999969482422,25.0,726550
2006-03-20,EWT,25.079999923706055,25.100000381469727,24.81999969482422,25.040000915527344,864350
2006-03-21,EWT,24.739999771118164,24.920000076293945,24.5,24.579999923706055,2204200
2006-03-22,EWT,24.3799991607666,24.639999389648438,24.31999969482422,24.579999923706055,1012550
2006-03-23,EWT,24.5,24.579999923706055,24.239999771118164,24.31999969482422,1911550
2006-03-24,EWT,24.3799991607666,24.559999465942383,24.3799991607666,24.479999542236328,735450
2006-03-27,EWT,24.559999465942383,24.700000762939453,24.520000457763672,24.639999389648438,1084100
2006-03-28,EWT,24.760000228881836,24.780000686645508,24.479999542236328,24.5,968950
2006-03-29,EWT,24.860000610351562,25.1200008392334,24.719999313354492,25.079999923706055,1360050
2006-03-30,EWT,25.239999771118164,25.479999542236328,25.100000381469727,25.200000762939453,2269350
2006-03-31,EWT,25.260000228881836,26.15999984741211,25.260000228881836,25.459999084472656,865600
2006-04-03,EWT,25.6200008392334,25.979999542236328,25.520000457763672,25.799999237060547,3027900
2006-04-04,EWT,25.8799991607666,26.0,25.739999771118164,25.860000610351562,1680750
2006-04-05,EWT,25.860000610351562,26.15999984741211,25.84000015258789,26.079999923706055,1139100
2006-04-06,EWT,26.3799991607666,26.479999542236328,26.0,26.15999984741211,1650850
2006-04-07,EWT,26.34000015258789,26.34000015258789,25.700000762939453,25.760000228881836,1616050
2006-04-10,EWT,26.280000686645508,26.31999969482422,26.020000457763672,26.1200008392334,1500200
2006-04-11,EWT,26.139999389648438,26.139999389648438,25.700000762939453,25.84000015258789,753350
2006-04-12,EWT,26.0,26.100000381469727,25.81999969482422,26.059999465942383,1067350
2006-04-13,EWT,26.15999984741211,26.3799991607666,26.15999984741211,26.219999313354492,1085300
2006-04-17,EWT,26.979999542236328,26.979999542236328,26.5,26.719999313354492,1297700
2006-04-18,EWT,26.780000686645508,27.219999313354492,26.780000686645508,27.15999984741211,1569200
2006-04-19,EWT,27.15999984741211,27.299999237060547,26.920000076293945,27.200000762939453,1266850
2006-04-20,EWT,27.459999084472656,27.719999313354492,27.219999313354492,27.559999465942383,1267850
2006-04-21,EWT,27.739999771118164,27.739999771118164,27.040000915527344,27.219999313354492,1891650
2006-04-24,EWT,27.65999984741211,27.65999984741211,26.959999084472656,27.260000228881836,3079350
2006-04-25,EWT,27.3799991607666,27.3799991607666,26.979999542236328,27.200000762939453,1288350
2006-04-26,EWT,27.540000915527344,27.799999237060547,27.520000457763672,27.719999313354492,1982950
2006-04-27,EWT,27.600000381469727,27.8799991607666,27.440000534057617,27.799999237060547,1124250
2006-04-28,EWT,27.799999237060547,27.860000610351562,27.68000030517578,27.68000030517578,1140450
2006-05-01,EWT,27.84000015258789,28.020000457763672,27.81999969482422,27.81999969482422,1970200
2006-05-02,EWT,28.059999465942383,28.260000228881836,28.040000915527344,28.15999984741211,3132300
2006-05-03,EWT,28.399999618530273,28.399999618530273,28.100000381469727,28.360000610351562,1493200
2006-05-04,EWT,28.84000015258789,29.020000457763672,28.719999313354492,28.979999542236328,2098550
2006-05-05,EWT,29.239999771118164,29.5,29.100000381469727,29.459999084472656,2218550
2006-05-08,EWT,29.860000610351562,29.8799991607666,29.700000762939453,29.760000228881836,1994050
2006-05-09,EWT,29.3799991607666,29.420000076293945,29.079999923706055,29.100000381469727,2461050
2006-05-10,EWT,29.059999465942383,29.059999465942383,28.799999237060547,29.059999465942383,909900
2006-05-11,EWT,29.200000762939453,29.299999237060547,28.100000381469727,28.280000686645508,2474050
2006-05-12,EWT,28.280000686645508,28.360000610351562,27.639999389648438,28.100000381469727,2818900
2006-05-15,EWT,27.6200008392334,27.780000686645508,26.5,27.299999237060547,2645050
2006-05-16,EWT,27.18000030517578,27.3799991607666,27.020000457763672,27.15999984741211,1323950
2006-05-17,EWT,27.579999923706055,27.579999923706055,26.540000915527344,26.719999313354492,2539700
2006-05-18,EWT,26.559999465942383,26.959999084472656,26.420000076293945,26.780000686645508,2035150
2006-05-19,EWT,26.940000534057617,27.040000915527344,26.3799991607666,27.040000915527344,2619750
2006-05-22,EWT,25.799999237060547,25.920000076293945,25.139999389648438,25.68000030517578,4680800
2006-05-23,EWT,25.979999542236328,26.479999542236328,25.700000762939453,25.700000762939453,2711450
2006-05-24,EWT,26.139999389648438,26.280000686645508,25.600000381469727,26.100000381469727,1935050
2006-05-25,EWT,26.020000457763672,26.540000915527344,26.020000457763672,26.5,2038400
2006-05-26,EWT,26.34000015258789,26.639999389648438,26.059999465942383,26.260000228881836,857450
2006-05-30,EWT,25.959999084472656,26.020000457763672,25.299999237060547,25.299999237060547,1249000
2006-05-31,EWT,25.68000030517578,25.799999237060547,25.479999542236328,25.739999771118164,1410900
2006-06-01,EWT,25.979999542236328,26.459999084472656,25.780000686645508,26.399999618530273,1932550
2006-06-02,EWT,26.860000610351562,26.940000534057617,26.479999542236328,26.579999923706055,1359000
2006-06-05,EWT,25.65999984741211,25.780000686645508,25.079999923706055,25.200000762939453,2786650
2006-06-06,EWT,25.6200008392334,25.65999984741211,24.81999969482422,25.219999313354492,2305550
2006-06-07,EWT,24.979999542236328,25.1200008392334,24.639999389648438,24.68000030517578,1969650
2006-06-08,EWT,23.5,24.0,23.020000457763672,23.760000228881836,4080200
2006-06-09,EWT,24.360000610351562,24.600000381469727,23.84000015258789,23.899999618530273,1729350
2006-06-12,EWT,24.100000381469727,24.1200008392334,23.479999542236328,23.5,1514800
2006-06-13,EWT,23.31999969482422,23.399999618530273,22.920000076293945,23.139999389648438,2816900
2006-06-14,EWT,23.420000076293945,24.219999313354492,23.420000076293945,24.1200008392334,2193000
2006-06-15,EWT,24.299999237060547,24.84000015258789,24.239999771118164,24.719999313354492,1470900
2006-06-16,EWT,25.15999984741211,25.219999313354492,24.520000457763672,24.700000762939453,1164150
2006-06-19,EWT,24.8799991607666,25.020000457763672,24.420000076293945,24.440000534057617,725850
2006-06-20,EWT,24.059999465942383,24.200000762939453,23.8799991607666,23.979999542236328,1091800
2006-06-21,EWT,23.739999771118164,24.459999084472656,23.739999771118164,24.239999771118164,2237100
2006-06-22,EWT,24.639999389648438,24.639999389648438,24.100000381469727,24.479999542236328,1414050
2006-06-23,EWT,24.239999771118164,24.479999542236328,24.059999465942383,24.360000610351562,405950
2006-06-26,EWT,24.5,24.540000915527344,24.299999237060547,24.479999542236328,1050800
2006-06-27,EWT,24.780000686645508,24.780000686645508,24.139999389648438,24.200000762939453,942300
2006-06-28,EWT,24.520000457763672,24.6200008392334,24.1200008392334,24.600000381469727,1219800
2006-06-29,EWT,24.979999542236328,25.639999389648438,24.899999618530273,25.600000381469727,1978850
2006-06-30,EWT,25.65999984741211,25.700000762939453,25.360000610351562,25.639999389648438,959300
2006-07-03,EWT,25.6200008392334,25.860000610351562,25.600000381469727,25.81999969482422,661700
2006-07-05,EWT,25.239999771118164,25.280000686645508,24.979999542236328,25.040000915527344,924750
2006-07-06,EWT,25.299999237060547,25.34000015258789,25.079999923706055,25.139999389648438,471450
2006-07-07,EWT,25.18000030517578,25.200000762939453,24.799999237060547,24.84000015258789,1195450
2006-07-10,EWT,25.219999313354492,25.3799991607666,25.059999465942383,25.139999389648438,1061350
2006-07-11,EWT,24.979999542236328,25.200000762939453,24.84000015258789,25.200000762939453,539250
2006-07-12,EWT,24.920000076293945,25.020000457763672,24.719999313354492,24.84000015258789,765850
2006-07-13,EWT,24.5,24.68000030517578,24.079999923706055,24.219999313354492,1549150
2006-07-14,EWT,23.920000076293945,24.0,23.65999984741211,23.780000686645508,1900800
2006-07-17,EWT,23.040000915527344,23.360000610351562,23.040000915527344,23.280000686645508,809400
2006-07-18,EWT,23.360000610351562,23.440000534057617,23.059999465942383,23.239999771118164,815700
2006-07-19,EWT,23.260000228881836,24.260000228881836,23.239999771118164,24.020000457763672,2665000
2006-07-20,EWT,24.479999542236328,24.479999542236328,23.81999969482422,23.979999542236328,1391550
2006-07-21,EWT,23.920000076293945,24.0,23.559999465942383,23.600000381469727,1356150
2006-07-24,EWT,23.920000076293945,24.260000228881836,23.719999313354492,24.15999984741211,1862300
2006-07-25,EWT,24.020000457763672,24.280000686645508,23.940000534057617,24.18000030517578,1453350
2006-07-26,EWT,23.959999084472656,24.239999771118164,23.84000015258789,24.15999984741211,741800
2006-07-27,EWT,24.420000076293945,24.639999389648438,24.200000762939453,24.239999771118164,1050600
2006-07-28,EWT,24.459999084472656,25.0,24.34000015258789,24.860000610351562,1174800
2006-07-31,EWT,24.420000076293945,24.559999465942383,24.399999618530273,24.540000915527344,638400
2006-08-01,EWT,24.200000762939453,24.34000015258789,23.959999084472656,24.079999923706055,1472150
2006-08-02,EWT,24.399999618530273,24.6200008392334,24.3799991607666,24.459999084472656,1287400
2006-08-03,EWT,24.079999923706055,24.579999923706055,24.079999923706055,24.459999084472656,530450
2006-08-04,EWT,24.420000076293945,24.700000762939453,24.139999389648438,24.260000228881836,659600
2006-08-07,EWT,24.200000762939453,24.299999237060547,24.0,24.059999465942383,886450
2006-08-08,EWT,24.600000381469727,24.799999237060547,24.420000076293945,24.420000076293945,2288650
2006-08-09,EWT,25.0,25.200000762939453,24.760000228881836,24.81999969482422,1781400
2006-08-10,EWT,25.1200008392334,25.260000228881836,25.040000915527344,25.1200008392334,932400
2006-08-11,EWT,25.040000915527344,25.1200008392334,24.860000610351562,24.899999618530273,947200
2006-08-14,EWT,25.1200008392334,25.399999618530273,25.1200008392334,25.139999389648438,848900
2006-08-15,EWT,25.440000534057617,25.739999771118164,25.420000076293945,25.6200008392334,1154750
2006-08-16,EWT,25.739999771118164,25.899999618530273,25.739999771118164,25.81999969482422,1927550
2006-08-17,EWT,25.899999618530273,26.139999389648438,25.84000015258789,26.100000381469727,1290200
2006-08-18,EWT,25.940000534057617,26.0,25.700000762939453,25.979999542236328,1077950
2006-08-21,EWT,24.899999618530273,25.18000030517578,24.860000610351562,25.15999984741211,1193400
2006-08-22,EWT,25.200000762939453,25.360000610351562,25.040000915527344,25.040000915527344,1284400
2006-08-23,EWT,25.1200008392334,25.139999389648438,24.719999313354492,24.739999771118164,661750
2006-08-24,EWT,24.899999618530273,25.059999465942383,24.780000686645508,24.84000015258789,615100
2006-08-25,EWT,24.700000762939453,24.940000534057617,24.6200008392334,24.719999313354492,402600
2006-08-28,EWT,24.579999923706055,24.68000030517578,24.440000534057617,24.559999465942383,674900
2006-08-29,EWT,24.739999771118164,24.739999771118164,24.420000076293945,24.719999313354492,949000
2006-08-30,EWT,24.899999618530273,25.059999465942383,24.860000610351562,24.920000076293945,1047650
2006-08-31,EWT,25.079999923706055,25.15999984741211,24.959999084472656,25.0,881600
2006-09-01,EWT,25.31999969482422,25.540000915527344,25.31999969482422,25.540000915527344,968050
2006-09-05,EWT,25.600000381469727,25.84000015258789,25.600000381469727,25.780000686645508,2043850
2006-09-06,EWT,25.440000534057617,25.459999084472656,25.18000030517578,25.260000228881836,1073450
2006-09-07,EWT,25.399999618530273,25.440000534057617,25.059999465942383,25.3799991607666,1592150
2006-09-08,EWT,25.440000534057617,25.520000457763672,25.31999969482422,25.440000534057617,984600
2006-09-11,EWT,25.420000076293945,25.540000915527344,25.1200008392334,25.399999618530273,1135350
2006-09-12,EWT,25.200000762939453,25.700000762939453,25.200000762939453,25.68000030517578,1753450
2006-09-13,EWT,25.520000457763672,25.760000228881836,25.479999542236328,25.68000030517578,981800
2006-09-14,EWT,25.1200008392334,25.479999542236328,25.1200008392334,25.260000228881836,1254000
2006-09-15,EWT,25.600000381469727,25.799999237060547,25.459999084472656,25.600000381469727,1493900
2006-09-18,EWT,26.100000381469727,26.420000076293945,26.100000381469727,26.399999618530273,1315350
2006-09-19,EWT,26.31999969482422,26.3799991607666,25.760000228881836,26.040000915527344,2856550
2006-09-20,EWT,26.31999969482422,27.0,26.280000686645508,27.0,3458300
2006-09-21,EWT,26.540000915527344,26.68000030517578,26.239999771118164,26.31999969482422,1496400
2006-09-22,EWT,26.3799991607666,26.3799991607666,25.920000076293945,26.0,2154550
2006-09-25,EWT,26.399999618530273,26.6200008392334,26.040000915527344,26.520000457763672,1156550
2006-09-26,EWT,26.31999969482422,26.579999923706055,26.31999969482422,26.520000457763672,1074000
2006-09-27,EWT,26.540000915527344,26.559999465942383,26.31999969482422,26.479999542236328,983700
2006-09-28,EWT,26.299999237060547,26.420000076293945,26.18000030517578,26.299999237060547,1167450
2006-09-29,EWT,26.18000030517578,26.18000030517578,25.600000381469727,25.600000381469727,3756900
2006-10-02,EWT,26.260000228881836,26.34000015258789,26.1200008392334,26.139999389648438,3426750
2006-10-03,EWT,26.299999237060547,26.299999237060547,26.040000915527344,26.1200008392334,2693250
2006-10-04,EWT,25.81999969482422,26.360000610351562,25.81999969482422,26.239999771118164,1937100
2006-10-05,EWT,26.059999465942383,26.739999771118164,26.059999465942383,26.68000030517578,2832800
2006-10-06,EWT,26.479999542236328,26.540000915527344,26.31999969482422,26.399999618530273,834200
2006-10-09,EWT,26.280000686645508,26.459999084472656,26.219999313354492,26.3799991607666,383950
2006-10-10,EWT,26.1200008392334,26.540000915527344,26.1200008392334,26.399999618530273,1171850
2006-10-11,EWT,26.3799991607666,26.459999084472656,26.200000762939453,26.299999237060547,2039000
2006-10-12,EWT,26.34000015258789,26.65999984741211,26.34000015258789,26.600000381469727,1845350
2006-10-13,EWT,26.719999313354492,26.84000015258789,26.65999984741211,26.719999313354492,1932650
2006-10-16,EWT,27.0,27.079999923706055,26.8799991607666,26.940000534057617,1317250
2006-10-17,EWT,26.700000762939453,26.760000228881836,26.3799991607666,26.65999984741211,1027150
2006-10-18,EWT,26.6200008392334,26.760000228881836,26.360000610351562,26.3799991607666,898500
2006-10-19,EWT,26.299999237060547,26.420000076293945,26.239999771118164,26.399999618530273,660100
2006-10-20,EWT,26.399999618530273,26.399999618530273,26.219999313354492,26.260000228881836,2001300
2006-10-23,EWT,26.1200008392334,26.5,26.1200008392334,26.479999542236328,1336750
2006-10-24,EWT,26.1200008392334,26.600000381469727,26.1200008392334,26.540000915527344,834350
2006-10-25,EWT,26.559999465942383,26.579999923706055,26.399999618530273,26.540000915527344,2054800
2006-10-26,EWT,26.479999542236328,26.700000762939453,26.479999542236328,26.579999923706055,859800
2006-10-27,EWT,26.5,26.639999389648438,26.31999969482422,26.34000015258789,1425200
2006-10-30,EWT,26.360000610351562,26.360000610351562,26.1200008392334,26.18000030517578,649200
2006-10-31,EWT,26.200000762939453,26.479999542236328,26.200000762939453,26.479999542236328,931200
2006-11-01,EWT,26.559999465942383,26.559999465942383,26.040000915527344,26.100000381469727,1087100
2006-11-02,EWT,26.420000076293945,26.639999389648438,26.360000610351562,26.600000381469727,1412400
2006-11-03,EWT,26.780000686645508,27.18000030517578,26.780000686645508,27.020000457763672,2277700
2006-11-06,EWT,27.1200008392334,27.299999237060547,27.020000457763672,27.280000686645508,2522850
2006-11-07,EWT,27.440000534057617,27.479999542236328,27.280000686645508,27.299999237060547,875150
2006-11-08,EWT,27.15999984741211,27.34000015258789,27.020000457763672,27.31999969482422,479100
2006-11-09,EWT,27.219999313354492,27.219999313354492,26.920000076293945,26.959999084472656,1059600
2006-11-10,EWT,27.280000686645508,27.280000686645508,27.100000381469727,27.15999984741211,1195300
2006-11-13,EWT,27.139999389648438,27.239999771118164,27.0,27.200000762939453,842150
2006-11-14,EWT,27.34000015258789,27.600000381469727,27.280000686645508,27.479999542236328,1461750
2006-11-15,EWT,27.459999084472656,27.68000030517578,27.459999084472656,27.520000457763672,1371150
2006-11-16,EWT,28.420000076293945,28.420000076293945,27.5,27.5,679500
2006-11-17,EWT,27.3799991607666,27.559999465942383,27.260000228881836,27.559999465942383,252900
2006-11-20,EWT,27.420000076293945,27.559999465942383,27.31999969482422,27.520000457763672,1993450
2006-11-21,EWT,27.700000762939453,27.860000610351562,27.6200008392334,27.780000686645508,1053350
2006-11-22,EWT,28.0,28.15999984741211,27.8799991607666,28.040000915527344,1660600
2006-11-24,EWT,28.239999771118164,28.600000381469727,28.18000030517578,28.559999465942383,1407000
2006-11-27,EWT,28.639999389648438,28.780000686645508,28.200000762939453,28.219999313354492,3142400
2006-11-28,EWT,28.239999771118164,28.399999618530273,28.059999465942383,28.31999969482422,2854400
2006-11-29,EWT,28.639999389648438,28.940000534057617,28.639999389648438,28.719999313354492,1458800
2006-11-30,EWT,29.15999984741211,29.239999771118164,28.940000534057617,29.040000915527344,3025600
2006-12-01,EWT,29.219999313354492,29.3799991607666,28.860000610351562,29.079999923706055,3771850
2006-12-04,EWT,29.34000015258789,29.65999984741211,29.239999771118164,29.600000381469727,2266700
2006-12-05,EWT,29.399999618530273,29.760000228881836,29.399999618530273,29.739999771118164,2219750
2006-12-06,EWT,29.940000534057617,30.059999465942383,29.5,29.719999313354492,1124100
2006-12-07,EWT,29.799999237060547,29.84000015258789,29.520000457763672,29.540000915527344,1896850
2006-12-08,EWT,29.260000228881836,29.540000915527344,29.239999771118164,29.399999618530273,1587350
2006-12-11,EWT,29.200000762939453,29.31999969482422,29.1200008392334,29.200000762939453,1250050
2006-12-12,EWT,28.479999542236328,28.600000381469727,28.3799991607666,28.540000915527344,1719900
2006-12-13,EWT,28.6200008392334,28.68000030517578,28.420000076293945,28.440000534057617,1086700
2006-12-14,EWT,28.5,28.84000015258789,28.5,28.780000686645508,1210200
2006-12-15,EWT,28.940000534057617,29.1200008392334,28.799999237060547,28.799999237060547,1491700
2006-12-18,EWT,29.1200008392334,29.260000228881836,27.280000686645508,29.100000381469727,1738000
2006-12-19,EWT,28.3799991607666,28.8799991607666,28.3799991607666,28.81999969482422,1194450
2006-12-20,EWT,28.479999542236328,28.540000915527344,28.31999969482422,28.420000076293945,1676950
2006-12-21,EWT,28.360000610351562,28.520000457763672,28.280000686645508,28.299999237060547,868350
2006-12-22,EWT,28.420000076293945,28.479999542236328,28.3799991607666,28.399999618530273,284050
2006-12-26,EWT,28.559999465942383,28.8799991607666,28.559999465942383,28.799999237060547,559600
2006-12-27,EWT,28.959999084472656,29.139999389648438,28.700000762939453,29.040000915527344,1031900
2006-12-28,EWT,29.079999923706055,29.079999923706055,28.760000228881836,28.799999237060547,886350
2006-12-29,EWT,28.799999237060547,29.760000228881836,28.799999237060547,29.020000457763672,688600
2007-01-03,EWT,29.760000228881836,29.799999237060547,29.299999237060547,29.459999084472656,4634150
2007-01-04,EWT,29.200000762939453,29.6200008392334,29.15999984741211,29.559999465942383,2099350
2007-01-05,EWT,29.1200008392334,29.1200008392334,28.780000686645508,28.81999969482422,1913200
2007-01-08,EWT,28.920000076293945,28.920000076293945,28.540000915527344,28.719999313354492,1160950
2007-01-09,EWT,28.68000030517578,28.760000228881836,28.360000610351562,28.420000076293945,1314450
2007-01-10,EWT,28.100000381469727,28.459999084472656,27.65999984741211,28.360000610351562,2021400
2007-01-11,EWT,28.100000381469727,28.540000915527344,28.020000457763672,28.299999237060547,2813500
2007-01-12,EWT,28.639999389648438,28.940000534057617,28.600000381469727,28.920000076293945,1038950
2007-01-16,EWT,28.940000534057617,28.940000534057617,28.700000762939453,28.84000015258789,1441250
2007-01-17,EWT,28.940000534057617,29.139999389648438,28.81999969482422,29.020000457763672,1629750
2007-01-18,EWT,29.360000610351562,29.3799991607666,28.780000686645508,28.84000015258789,3030500
2007-01-19,EWT,28.68000030517578,29.059999465942383,28.65999984741211,28.959999084472656,1735950
2007-01-22,EWT,28.959999084472656,28.959999084472656,28.579999923706055,28.639999389648438,1514050
2007-01-23,EWT,28.65999984741211,29.200000762939453,28.65999984741211,29.059999465942383,2246750
2007-01-24,EWT,29.420000076293945,29.68000030517578,29.299999237060547,29.68000030517578,1801550
2007-01-25,EWT,29.399999618530273,29.399999618530273,28.65999984741211,28.739999771118164,2550300
2007-01-26,EWT,28.760000228881836,28.780000686645508,28.3799991607666,28.700000762939453,2015800
2007-01-29,EWT,28.34000015258789,28.5,28.18000030517578,28.299999237060547,1630650
2007-01-30,EWT,28.3799991607666,28.540000915527344,28.299999237060547,28.440000534057617,1019500
2007-01-31,EWT,28.18000030517578,28.479999542236328,28.0,28.440000534057617,2987550
2007-02-01,EWT,28.360000610351562,28.559999465942383,28.31999969482422,28.559999465942383,1203050
2007-02-02,EWT,28.760000228881836,28.760000228881836,28.559999465942383,28.6200008392334,1694850
2007-02-05,EWT,28.399999618530273,28.959999084472656,28.399999618530273,28.559999465942383,2269900
2007-02-06,EWT,29.1200008392334,29.1200008392334,28.579999923706055,29.020000457763672,4115150
2007-02-07,EWT,29.079999923706055,29.100000381469727,28.799999237060547,28.920000076293945,3982500
2007-02-08,EWT,28.799999237060547,28.920000076293945,28.65999984741211,28.799999237060547,1855950
2007-02-09,EWT,28.8799991607666,28.979999542236328,28.399999618530273,28.440000534057617,3224150
2007-02-12,EWT,28.559999465942383,28.559999465942383,28.079999923706055,28.219999313354492,1841100
2007-02-13,EWT,28.059999465942383,28.200000762939453,27.959999084472656,28.200000762939453,4729600
2007-02-14,EWT,28.440000534057617,29.0,28.440000534057617,28.920000076293945,2758150
2007-02-15,EWT,28.799999237060547,29.239999771118164,28.780000686645508,29.200000762939453,3043550
2007-02-16,EWT,28.860000610351562,29.219999313354492,28.860000610351562,29.219999313354492,3002000
2007-02-20,EWT,29.360000610351562,29.360000610351562,28.540000915527344,29.100000381469727,1731250
2007-02-21,EWT,28.959999084472656,29.34000015258789,28.940000534057617,29.260000228881836,1809250
2007-02-22,EWT,29.34000015258789,29.579999923706055,29.200000762939453,29.360000610351562,2213500
2007-02-23,EWT,29.34000015258789,29.459999084472656,28.84000015258789,28.940000534057617,2910600
2007-02-26,EWT,29.200000762939453,29.239999771118164,28.68000030517578,28.81999969482422,2896150
2007-02-27,EWT,28.34000015258789,28.360000610351562,26.799999237060547,27.100000381469727,6272350
2007-02-28,EWT,27.739999771118164,28.059999465942383,27.239999771118164,27.860000610351562,4487850
2007-03-01,EWT,27.3799991607666,27.739999771118164,26.81999969482422,27.65999984741211,2615300
2007-03-02,EWT,27.040000915527344,27.760000228881836,26.920000076293945,27.18000030517578,2165900
2007-03-05,EWT,26.5,26.860000610351562,26.040000915527344,26.15999984741211,3828050
2007-03-06,EWT,27.1200008392334,27.360000610351562,26.899999618530273,27.18000030517578,2453200
2007-03-07,EWT,27.020000457763672,27.1200008392334,26.760000228881836,26.860000610351562,3199450
2007-03-08,EWT,27.299999237060547,27.639999389648438,27.200000762939453,27.440000534057617,2523050
2007-03-09,EWT,27.3799991607666,27.479999542236328,27.059999465942383,27.239999771118164,1866950
2007-03-12,EWT,28.0,28.0,27.299999237060547,27.68000030517578,1530900
2007-03-13,EWT,27.520000457763672,27.579999923706055,26.8799991607666,26.920000076293945,3295550
2007-03-14,EWT,27.079999923706055,27.260000228881836,26.459999084472656,27.200000762939453,3387350
2007-03-15,EWT,27.18000030517578,27.739999771118164,27.18000030517578,27.520000457763672,1986750
2007-03-16,EWT,27.600000381469727,27.719999313354492,27.200000762939453,27.34000015258789,1318050
2007-03-19,EWT,27.600000381469727,27.860000610351562,27.540000915527344,27.81999969482422,1519000
2007-03-20,EWT,27.440000534057617,27.84000015258789,27.440000534057617,27.84000015258789,2524000
2007-03-21,EWT,27.84000015258789,28.579999923706055,27.739999771118164,28.459999084472656,2859000
2007-03-22,EWT,28.299999237060547,28.559999465942383,28.079999923706055,28.100000381469727,2625700
2007-03-23,EWT,28.31999969482422,28.34000015258789,28.100000381469727,28.34000015258789,2110600
2007-03-26,EWT,28.200000762939453,28.31999969482422,27.8799991607666,28.299999237060547,1747700
2007-03-27,EWT,27.84000015258789,28.059999465942383,27.84000015258789,28.0,1335950
2007-03-28,EWT,27.899999618530273,27.940000534057617,27.420000076293945,27.440000534057617,1276900
2007-03-29,EWT,27.979999542236328,28.100000381469727,27.540000915527344,27.860000610351562,2137800
2007-03-30,EWT,27.899999618530273,28.020000457763672,27.6200008392334,27.8799991607666,1408650
2007-04-02,EWT,27.899999618530273,28.040000915527344,27.760000228881836,27.959999084472656,1269500
2007-04-03,EWT,27.959999084472656,28.3799991607666,27.959999084472656,28.299999237060547,1339300
2007-04-04,EWT,28.219999313354492,28.34000015258789,28.040000915527344,28.299999237060547,5750100
2007-04-05,EWT,28.260000228881836,28.540000915527344,28.139999389648438,28.479999542236328,2117550
2007-04-09,EWT,28.760000228881836,28.799999237060547,28.540000915527344,28.600000381469727,1797150
2007-04-10,EWT,28.700000762939453,28.739999771118164,28.600000381469727,28.6200008392334,1195600
2007-04-11,EWT,28.719999313354492,28.799999237060547,28.399999618530273,28.479999542236328,1931850
2007-04-12,EWT,28.399999618530273,28.899999618530273,28.31999969482422,28.84000015258789,2326350
2007-04-13,EWT,28.5,28.65999984741211,28.31999969482422,28.600000381469727,1584150
2007-04-16,EWT,28.68000030517578,28.81999969482422,28.600000381469727,28.81999969482422,1421400
2007-04-17,EWT,28.68000030517578,28.68000030517578,28.200000762939453,28.239999771118164,2021500
2007-04-18,EWT,28.3799991607666,28.440000534057617,28.200000762939453,28.280000686645508,1287200
2007-04-19,EWT,27.8799991607666,28.040000915527344,27.639999389648438,27.979999542236328,1654450
2007-04-20,EWT,28.020000457763672,28.239999771118164,27.979999542236328,28.200000762939453,1754000
2007-04-23,EWT,28.239999771118164,28.360000610351562,28.059999465942383,28.1200008392334,2625650
2007-04-24,EWT,28.399999618530273,28.5,28.219999313354492,28.3799991607666,3160350
2007-04-25,EWT,28.31999969482422,28.540000915527344,28.200000762939453,28.459999084472656,1423650
2007-04-26,EWT,28.399999618530273,28.459999084472656,28.15999984741211,28.399999618530273,2314300
2007-04-27,EWT,28.020000457763672,28.219999313354492,27.920000076293945,28.079999923706055,2050900
2007-04-30,EWT,28.100000381469727,28.100000381469727,27.600000381469727,27.6200008392334,1598650
2007-05-01,EWT,27.700000762939453,27.799999237060547,27.479999542236328,27.760000228881836,1876400
2007-05-02,EWT,28.0,28.34000015258789,27.940000534057617,28.299999237060547,2272850
2007-05-03,EWT,28.479999542236328,28.5,28.280000686645508,28.479999542236328,2193150
2007-05-04,EWT,28.860000610351562,28.959999084472656,28.68000030517578,28.81999969482422,1917150
2007-05-07,EWT,28.920000076293945,29.139999389648438,28.920000076293945,29.040000915527344,1865300
2007-05-08,EWT,28.799999237060547,28.8799991607666,28.600000381469727,28.780000686645508,1964550
2007-05-09,EWT,28.719999313354492,28.899999618530273,28.600000381469727,28.81999969482422,2239700
2007-05-10,EWT,28.860000610351562,28.8799991607666,28.280000686645508,28.360000610351562,3727050
2007-05-11,EWT,28.540000915527344,28.860000610351562,28.459999084472656,28.81999969482422,2011150
2007-05-14,EWT,28.520000457763672,28.68000030517578,28.219999313354492,28.31999969482422,2077650
2007-05-15,EWT,28.31999969482422,28.520000457763672,28.200000762939453,28.239999771118164,1606150
2007-05-16,EWT,28.31999969482422,28.600000381469727,28.200000762939453,28.600000381469727,1719850
2007-05-17,EWT,28.559999465942383,28.639999389648438,28.34000015258789,28.479999542236328,1174200
2007-05-18,EWT,28.700000762939453,28.700000762939453,28.440000534057617,28.639999389648438,1367500
2007-05-21,EWT,28.799999237060547,28.979999542236328,28.780000686645508,28.780000686645508,4451350
2007-05-22,EWT,29.0,29.18000030517578,28.959999084472656,29.100000381469727,3513550
2007-05-23,EWT,29.100000381469727,29.34000015258789,29.0,29.020000457763672,2106050
2007-05-24,EWT,29.0,29.239999771118164,28.540000915527344,28.600000381469727,3195750
2007-05-25,EWT,29.0,29.100000381469727,28.860000610351562,29.040000915527344,1237800
2007-05-29,EWT,29.260000228881836,29.360000610351562,29.020000457763672,29.219999313354492,1873250
2007-05-30,EWT,28.700000762939453,29.299999237060547,28.6200008392334,29.15999984741211,2729800
2007-05-31,EWT,29.260000228881836,29.34000015258789,29.079999923706055,29.200000762939453,2913750
2007-06-01,EWT,29.420000076293945,29.600000381469727,29.399999618530273,29.600000381469727,1528150
2007-06-04,EWT,29.520000457763672,29.68000030517578,29.459999084472656,29.559999465942383,2368350
2007-06-05,EWT,29.459999084472656,29.639999389648438,29.280000686645508,29.459999084472656,1632700
2007-06-06,EWT,29.6200008392334,30.860000610351562,29.239999771118164,29.399999618530273,6973200
2007-06-07,EWT,29.600000381469727,29.700000762939453,29.0,29.079999923706055,3583350
2007-06-08,EWT,29.260000228881836,29.959999084472656,29.260000228881836,29.780000686645508,2800500
2007-06-11,EWT,29.600000381469727,30.040000915527344,29.600000381469727,29.84000015258789,3288200
2007-06-12,EWT,29.8799991607666,30.0,29.5,29.559999465942383,2497200
2007-06-13,EWT,29.799999237060547,30.1200008392334,29.760000228881836,30.079999923706055,3350150
2007-06-14,EWT,30.020000457763672,30.520000457763672,30.020000457763672,30.399999618530273,2417550
2007-06-15,EWT,30.84000015258789,31.079999923706055,30.81999969482422,31.040000915527344,4554800
2007-06-18,EWT,31.260000228881836,31.34000015258789,30.920000076293945,31.020000457763672,2865250
2007-06-19,EWT,31.139999389648438,31.280000686645508,30.920000076293945,31.239999771118164,2747350
2007-06-20,EWT,31.399999618530273,31.760000228881836,31.219999313354492,31.3799991607666,3664800
2007-06-21,EWT,31.799999237060547,32.47999954223633,31.600000381469727,32.459999084472656,5150750
2007-06-22,EWT,32.29999923706055,32.29999923706055,31.68000030517578,31.780000686645508,2635650
2007-06-25,EWT,32.02000045776367,32.400001525878906,31.860000610351562,32.08000183105469,5411750
2007-06-26,EWT,32.08000183105469,32.15999984741211,31.799999237060547,31.799999237060547,3915450
2007-06-27,EWT,31.719999313354492,32.20000076293945,31.65999984741211,32.15999984741211,2842350
2007-06-28,EWT,32.08000183105469,32.2599983215332,31.959999084472656,32.060001373291016,3486250
2007-06-29,EWT,32.060001373291016,32.15999984741211,31.81999969482422,32.0,3819850
2007-07-02,EWT,32.34000015258789,32.65999984741211,32.18000030517578,32.619998931884766,2475450
2007-07-03,EWT,32.58000183105469,32.900001525878906,32.58000183105469,32.7599983215332,3964850
2007-07-05,EWT,33.15999984741211,33.34000015258789,33.08000183105469,33.31999969482422,5647200
2007-07-06,EWT,33.400001525878906,33.560001373291016,33.13999938964844,33.459999084472656,3803850
2007-07-09,EWT,33.97999954223633,34.18000030517578,33.880001068115234,34.119998931884766,5210150
2007-07-10,EWT,33.79999923706055,33.86000061035156,33.459999084472656,33.5,3682150
2007-07-11,EWT,33.36000061035156,33.47999954223633,33.2400016784668,33.47999954223633,4192850
2007-07-12,EWT,33.58000183105469,34.099998474121094,33.58000183105469,34.040000915527344,4404050
2007-07-13,EWT,34.0,34.15999984741211,33.97999954223633,34.099998474121094,2636750
2007-07-16,EWT,33.41999816894531,34.099998474121094,33.41999816894531,33.68000030517578,2883500
2007-07-17,EWT,34.02000045776367,34.119998931884766,33.900001525878906,34.060001373291016,1827500
2007-07-18,EWT,33.68000030517578,33.70000076293945,33.2599983215332,33.58000183105469,3803750
2007-07-19,EWT,33.720001220703125,33.91999816894531,33.70000076293945,33.84000015258789,2530350
2007-07-20,EWT,34.08000183105469,34.2599983215332,33.619998931884766,33.880001068115234,6595650
2007-07-23,EWT,34.279998779296875,34.599998474121094,34.220001220703125,34.459999084472656,5009950
2007-07-24,EWT,34.34000015258789,34.599998474121094,33.939998626708984,34.13999938964844,5040350
2007-07-25,EWT,34.5,34.540000915527344,34.099998474121094,34.36000061035156,5065650
2007-07-26,EWT,33.400001525878906,33.52000045776367,32.18000030517578,32.86000061035156,11959700
2007-07-27,EWT,32.0,32.900001525878906,31.700000762939453,32.060001373291016,7070850
2007-07-30,EWT,32.20000076293945,32.939998626708984,32.119998931884766,32.720001220703125,5492300
2007-07-31,EWT,33.15999984741211,33.459999084472656,32.31999969482422,32.5,8325500
2007-08-01,EWT,31.5,31.860000610351562,31.0,31.6200008392334,10054200
2007-08-02,EWT,32.119998931884766,32.20000076293945,31.81999969482422,32.040000915527344,4027600
2007-08-03,EWT,32.36000061035156,32.380001068115234,30.940000534057617,31.34000015258789,7106300
2007-08-06,EWT,31.84000015258789,32.15999984741211,31.219999313354492,32.119998931884766,4038150
2007-08-07,EWT,31.239999771118164,32.0,31.100000381469727,31.8799991607666,4857750
2007-08-08,EWT,32.380001068115234,33.0,32.36000061035156,32.959999084472656,3790850
2007-08-09,EWT,32.08000183105469,32.20000076293945,31.520000457763672,31.700000762939453,5092900
2007-08-10,EWT,31.139999389648438,32.0,30.920000076293945,31.68000030517578,4864750
2007-08-13,EWT,31.940000534057617,32.0,31.5,31.5,2941050
2007-08-14,EWT,31.6200008392334,31.760000228881836,30.600000381469727,30.860000610351562,3339550
2007-08-15,EWT,30.139999389648438,30.459999084472656,29.520000457763672,29.559999465942383,7268050
2007-08-16,EWT,28.020000457763672,29.219999313354492,26.8799991607666,29.219999313354492,10237800
2007-08-17,EWT,29.940000534057617,30.559999465942383,29.65999984741211,30.3799991607666,6536600
2007-08-20,EWT,30.799999237060547,30.899999618530273,30.0,30.440000534057617,5673700
2007-08-21,EWT,30.0,30.260000228881836,29.84000015258789,30.0,8281400
2007-08-22,EWT,30.559999465942383,30.940000534057617,30.540000915527344,30.8799991607666,4283350
2007-08-23,EWT,31.18000030517578,31.459999084472656,30.600000381469727,31.040000915527344,6025750
2007-08-24,EWT,30.799999237060547,31.639999389648438,30.799999237060547,31.6200008392334,3821550
2007-08-27,EWT,31.059999465942383,31.280000686645508,30.860000610351562,30.860000610351562,3585400
2007-08-28,EWT,30.860000610351562,30.8799991607666,29.860000610351562,30.100000381469727,5533300
2007-08-29,EWT,30.760000228881836,31.299999237060547,30.65999984741211,31.239999771118164,3387200
2007-08-30,EWT,30.84000015258789,31.360000610351562,30.799999237060547,31.020000457763672,2108000
2007-08-31,EWT,32.099998474121094,32.560001373291016,31.8799991607666,31.8799991607666,3100850
2007-09-04,EWT,31.540000915527344,32.439998626708984,31.520000457763672,32.040000915527344,4026600
2007-09-05,EWT,31.34000015258789,31.700000762939453,31.260000228881836,31.540000915527344,4929450
2007-09-06,EWT,31.940000534057617,32.34000015258789,31.860000610351562,32.13999938964844,3281750
2007-09-07,EWT,31.600000381469727,31.700000762939453,31.100000381469727,31.31999969482422,4898200
2007-09-10,EWT,31.639999389648438,32.0,31.020000457763672,31.520000457763672,4213500
2007-09-11,EWT,31.84000015258789,32.099998474121094,31.68000030517578,31.940000534057617,3037400
2007-09-12,EWT,31.65999984741211,32.2400016784668,31.6200008392334,32.040000915527344,4667950
2007-09-13,EWT,31.739999771118164,31.979999542236328,31.65999984741211,31.799999237060547,4311250
2007-09-14,EWT,31.68000030517578,32.060001373291016,31.579999923706055,31.860000610351562,4119000
2007-09-17,EWT,31.139999389648438,31.5,31.1200008392334,31.18000030517578,3372800
2007-09-18,EWT,31.440000534057617,32.63999938964844,31.219999313354492,32.5,6545900
2007-09-19,EWT,32.220001220703125,32.5,31.8799991607666,32.02000045776367,4789200
2007-09-20,EWT,32.08000183105469,32.18000030517578,31.799999237060547,32.0,3496950
2007-09-21,EWT,32.5,32.79999923706055,32.5,32.70000076293945,4400350
2007-09-24,EWT,32.86000061035156,33.060001373291016,32.599998474121094,32.959999084472656,2325950
2007-09-25,EWT,32.7400016784668,32.81999969482422,32.34000015258789,32.779998779296875,2807200
2007-09-26,EWT,32.79999923706055,33.380001068115234,32.540000915527344,33.15999984741211,4769900
2007-09-27,EWT,33.79999923706055,33.97999954223633,33.599998474121094,33.900001525878906,4889100
2007-09-28,EWT,33.959999084472656,33.959999084472656,33.34000015258789,33.599998474121094,4421850
2007-10-01,EWT,33.97999954223633,34.7400016784668,33.97999954223633,34.540000915527344,4712550
2007-10-02,EWT,34.7599983215332,34.84000015258789,34.439998626708984,34.720001220703125,7334700
2007-10-03,EWT,34.7400016784668,34.959999084472656,34.15999984741211,34.36000061035156,12170950
2007-10-04,EWT,34.70000076293945,34.91999816894531,34.560001373291016,34.63999938964844,3844750
2007-10-05,EWT,35.439998626708984,35.439998626708984,34.779998779296875,35.20000076293945,5461800
2007-10-08,EWT,34.959999084472656,35.099998474121094,34.81999969482422,34.97999954223633,1704500
2007-10-09,EWT,34.68000030517578,35.400001525878906,34.68000030517578,35.380001068115234,5993750
2007-10-10,EWT,34.70000076293945,35.34000015258789,34.70000076293945,35.34000015258789,2706850
2007-10-11,EWT,35.36000061035156,35.599998474121094,34.599998474121094,34.900001525878906,6553050
2007-10-12,EWT,34.20000076293945,34.52000045776367,34.099998474121094,34.439998626708984,3276000
2007-10-15,EWT,34.400001525878906,34.5,33.84000015258789,34.13999938964844,2890950
2007-10-16,EWT,34.29999923706055,34.400001525878906,33.900001525878906,34.18000030517578,3537900
2007-10-17,EWT,34.720001220703125,34.84000015258789,34.060001373291016,34.63999938964844,2357700
2007-10-18,EWT,34.63999938964844,35.20000076293945,34.540000915527344,35.060001373291016,3045950
2007-10-19,EWT,34.939998626708984,35.0,33.7599983215332,33.779998779296875,3329350
2007-10-22,EWT,33.599998474121094,34.060001373291016,33.34000015258789,33.900001525878906,2747200
2007-10-23,EWT,34.68000030517578,34.79999923706055,34.2599983215332,34.779998779296875,2339450
2007-10-24,EWT,34.52000045776367,35.939998626708984,33.459999084472656,34.36000061035156,3751350
2007-10-25,EWT,35.08000183105469,35.18000030517578,34.560001373291016,35.040000915527344,2526800
2007-10-26,EWT,35.540000915527344,35.779998779296875,35.380001068115234,35.599998474121094,3604550
2007-10-29,EWT,35.02000045776367,36.380001068115234,35.02000045776367,36.380001068115234,3878350
2007-10-30,EWT,36.08000183105469,36.08000183105469,35.599998474121094,35.63999938964844,2991550
2007-10-31,EWT,35.81999969482422,36.29999923706055,35.599998474121094,36.29999923706055,3785750
2007-11-01,EWT,35.0,35.380001068115234,34.36000061035156,34.58000183105469,6923300
2007-11-02,EWT,34.2599983215332,34.279998779296875,33.2400016784668,34.099998474121094,4513550
2007-11-05,EWT,34.08000183105469,34.15999984741211,33.34000015258789,33.79999923706055,4432800
2007-11-06,EWT,34.119998931884766,34.619998931884766,33.97999954223633,34.52000045776367,3646600
2007-11-07,EWT,34.20000076293945,34.20000076293945,33.36000061035156,33.52000045776367,3259450
2007-11-08,EWT,32.68000030517578,33.41999816894531,31.899999618530273,32.459999084472656,6017550
2007-11-09,EWT,32.41999816894531,32.880001068115234,32.279998779296875,32.439998626708984,3550950
2007-11-12,EWT,31.579999923706055,32.2599983215332,31.200000762939453,31.200000762939453,3556600
2007-11-13,EWT,32.099998474121094,32.939998626708984,32.099998474121094,32.91999816894531,4090150
2007-11-14,EWT,33.15999984741211,33.5,32.58000183105469,32.81999969482422,2746800
2007-11-15,EWT,32.36000061035156,32.63999938964844,31.760000228881836,32.060001373291016,3461150
2007-11-16,EWT,32.34000015258789,32.34000015258789,31.65999984741211,32.0,3725050
2007-11-19,EWT,31.719999313354492,31.719999313354492,30.780000686645508,31.040000915527344,4158700
2007-11-20,EWT,31.5,32.0,30.959999084472656,31.760000228881836,4944000
2007-11-21,EWT,30.68000030517578,31.0,30.079999923706055,30.280000686645508,3531450
2007-11-23,EWT,31.040000915527344,31.100000381469727,30.719999313354492,31.0,3051850
2007-11-26,EWT,31.31999969482422,31.399999618530273,30.239999771118164,30.280000686645508,3442250
2007-11-27,EWT,30.260000228881836,30.920000076293945,30.219999313354492,30.760000228881836,6744150
2007-11-28,EWT,30.639999389648438,31.579999923706055,30.600000381469727,31.260000228881836,6283700
2007-11-29,EWT,31.299999237060547,31.299999237060547,30.84000015258789,31.100000381469727,3643650
2007-11-30,EWT,32.0,32.13999938964844,31.440000534057617,31.84000015258789,4394250
2007-12-03,EWT,31.479999542236328,31.600000381469727,31.219999313354492,31.360000610351562,2146200
2007-12-04,EWT,31.459999084472656,31.540000915527344,31.139999389648438,31.260000228881836,4049200
2007-12-05,EWT,32.15999984741211,32.34000015258789,32.060001373291016,32.34000015258789,3262900
2007-12-06,EWT,32.099998474121094,32.560001373291016,31.0,32.439998626708984,2976550
2007-12-07,EWT,32.13999938964844,32.47999954223633,32.040000915527344,32.15999984741211,7500300
2007-12-10,EWT,31.739999771118164,31.899999618530273,31.139999389648438,31.81999969482422,3290650
2007-12-11,EWT,31.639999389648438,31.760000228881836,30.68000030517578,30.700000762939453,2894350
2007-12-12,EWT,31.040000915527344,31.6200008392334,30.399999618530273,30.920000076293945,4742800
2007-12-13,EWT,30.0,30.0,29.219999313354492,29.799999237060547,4897250
2007-12-14,EWT,29.299999237060547,29.600000381469727,29.1200008392334,29.31999969482422,2806600
2007-12-17,EWT,28.520000457763672,28.65999984741211,27.68000030517578,27.68000030517578,4805750
2007-12-18,EWT,28.5,28.81999969482422,28.020000457763672,28.639999389648438,5148400
2007-12-19,EWT,29.399999618530273,29.719999313354492,29.239999771118164,29.559999465942383,5129550
2007-12-20,EWT,29.459999084472656,29.5,28.84000015258789,29.18000030517578,2994500
2007-12-21,EWT,29.360000610351562,30.0,29.18000030517578,29.700000762939453,3662250
2007-12-24,EWT,29.5,29.5,29.1200008392334,29.360000610351562,2259250
2007-12-26,EWT,29.360000610351562,29.440000534057617,29.15999984741211,29.280000686645508,3005800
2007-12-27,EWT,29.600000381469727,29.739999771118164,29.139999389648438,29.139999389648438,4364400
2007-12-28,EWT,29.899999618530273,30.1200008392334,29.700000762939453,29.700000762939453,2676850
2007-12-31,EWT,30.020000457763672,30.399999618530273,30.0,30.059999465942383,1622450
2008-01-02,EWT,29.760000228881836,29.8799991607666,28.920000076293945,28.979999542236328,3789700
2008-01-03,EWT,28.8799991607666,29.079999923706055,28.760000228881836,28.8799991607666,5177350
2008-01-04,EWT,28.579999923706055,28.600000381469727,27.799999237060547,28.059999465942383,3833200
2008-01-07,EWT,28.040000915527344,28.040000915527344,27.280000686645508,27.520000457763672,6012650
2008-01-08,EWT,28.040000915527344,28.219999313354492,27.31999969482422,27.6200008392334,4899150
2008-01-09,EWT,28.440000534057617,28.559999465942383,27.920000076293945,28.559999465942383,6811200
2008-01-10,EWT,28.31999969482422,28.959999084472656,28.100000381469727,28.6200008392334,6926050
2008-01-11,EWT,28.100000381469727,28.479999542236328,27.940000534057617,28.18000030517578,3258700
2008-01-14,EWT,29.200000762939453,29.540000915527344,29.200000762939453,29.34000015258789,9521300
2008-01-15,EWT,29.979999542236328,29.979999542236328,29.200000762939453,29.459999084472656,8383700
2008-01-16,EWT,29.0,29.079999923706055,28.200000762939453,28.700000762939453,7252350
2008-01-17,EWT,28.600000381469727,28.799999237060547,27.799999237060547,27.959999084472656,5113000
2008-01-18,EWT,28.84000015258789,29.079999923706055,28.360000610351562,28.760000228881836,6689900
2008-01-22,EWT,27.079999923706055,28.299999237060547,26.479999542236328,27.760000228881836,9636600
2008-01-23,EWT,25.959999084472656,27.579999923706055,25.219999313354492,27.420000076293945,9994600
2008-01-24,EWT,26.799999237060547,27.540000915527344,26.799999237060547,27.18000030517578,8466600
2008-01-25,EWT,28.040000915527344,28.399999618530273,27.34000015258789,27.5,5690700
2008-01-28,EWT,27.0,27.5,26.760000228881836,27.399999618530273,4218650
2008-01-29,EWT,27.520000457763672,27.520000457763672,27.059999465942383,27.360000610351562,2942700
2008-01-30,EWT,27.1200008392334,27.8799991607666,26.920000076293945,27.0,5018850
2008-01-31,EWT,26.780000686645508,27.760000228881836,26.600000381469727,27.3799991607666,4115150
2008-02-01,EWT,27.940000534057617,28.559999465942383,27.920000076293945,28.5,5286200
2008-02-04,EWT,28.540000915527344,28.579999923706055,28.059999465942383,28.280000686645508,3507250
2008-02-05,EWT,27.719999313354492,27.8799991607666,26.81999969482422,26.81999969482422,5425450
2008-02-06,EWT,27.18000030517578,27.219999313354492,26.600000381469727,26.6200008392334,3547700
2008-02-07,EWT,26.6200008392334,27.420000076293945,26.219999313354492,27.020000457763672,4239150
2008-02-08,EWT,26.81999969482422,27.3799991607666,26.65999984741211,27.200000762939453,10619400
2008-02-11,EWT,27.200000762939453,27.559999465942383,26.860000610351562,27.459999084472656,6654400
2008-02-12,EWT,27.700000762939453,28.139999389648438,27.520000457763672,27.940000534057617,3598150
2008-02-13,EWT,28.139999389648438,28.3799991607666,27.799999237060547,28.15999984741211,6603950
2008-02-14,EWT,28.959999084472656,29.200000762939453,28.34000015258789,28.799999237060547,6975950
2008-02-15,EWT,28.6200008392334,28.719999313354492,28.360000610351562,28.700000762939453,2395850
2008-02-19,EWT,29.399999618530273,29.5,28.8799991607666,28.899999618530273,5081500
2008-02-20,EWT,28.540000915527344,29.219999313354492,28.520000457763672,29.020000457763672,3640350
2008-02-21,EWT,29.600000381469727,29.81999969482422,29.200000762939453,29.540000915527344,8329850
2008-02-22,EWT,29.81999969482422,30.1200008392334,29.5,30.100000381469727,8261950
2008-02-25,EWT,30.639999389648438,31.18000030517578,30.239999771118164,31.18000030517578,8957000
2008-02-26,EWT,30.959999084472656,31.540000915527344,30.799999237060547,31.360000610351562,5982450
2008-02-27,EWT,31.200000762939453,31.8799991607666,31.200000762939453,31.719999313354492,5629950
2008-02-28,EWT,31.479999542236328,31.579999923706055,31.200000762939453,31.360000610351562,4228050
2008-02-29,EWT,31.100000381469727,31.3799991607666,30.600000381469727,30.860000610351562,6680200
2008-03-03,EWT,30.540000915527344,30.780000686645508,30.18000030517578,30.5,4824100
2008-03-04,EWT,31.200000762939453,31.31999969482422,30.5,31.100000381469727,7008500
2008-03-05,EWT,31.579999923706055,31.979999542236328,31.3799991607666,31.860000610351562,9487050
2008-03-06,EWT,32.2400016784668,32.2400016784668,31.520000457763672,31.6200008392334,9364400
2008-03-07,EWT,31.600000381469727,32.060001373291016,31.18000030517578,31.600000381469727,6490400
2008-03-10,EWT,31.139999389648438,31.440000534057617,30.6200008392334,30.959999084472656,7151400
2008-03-11,EWT,31.84000015258789,32.380001068115234,31.68000030517578,32.34000015258789,6740900
2008-03-12,EWT,31.81999969482422,31.959999084472656,31.420000076293945,31.420000076293945,4535200
2008-03-13,EWT,30.600000381469727,31.219999313354492,30.239999771118164,30.760000228881836,7580600
2008-03-14,EWT,30.700000762939453,30.799999237060547,29.540000915527344,29.81999969482422,7092000
2008-03-17,EWT,29.3799991607666,29.8799991607666,28.959999084472656,29.719999313354492,7384050
2008-03-18,EWT,30.200000762939453,30.799999237060547,29.959999084472656,30.719999313354492,6897850
2008-03-19,EWT,30.780000686645508,30.780000686645508,29.899999618530273,30.020000457763672,7491900
2008-03-20,EWT,31.239999771118164,32.20000076293945,30.920000076293945,32.099998474121094,14578300
2008-03-24,EWT,33.959999084472656,34.599998474121094,33.720001220703125,34.459999084472656,11604850
2008-03-25,EWT,34.02000045776367,34.02000045776367,33.560001373291016,33.7599983215332,11608700
2008-03-26,EWT,33.540000915527344,33.540000915527344,32.880001068115234,32.939998626708984,8200700
2008-03-27,EWT,32.68000030517578,32.7400016784668,32.08000183105469,32.20000076293945,10708600
2008-03-28,EWT,32.47999954223633,32.47999954223633,31.559999465942383,31.780000686645508,9657550
2008-03-31,EWT,31.65999984741211,31.920000076293945,31.540000915527344,31.700000762939453,8900800
2008-04-01,EWT,31.920000076293945,32.7400016784668,31.84000015258789,32.63999938964844,9008450
2008-04-02,EWT,32.380001068115234,32.58000183105469,32.099998474121094,32.2599983215332,10119150
2008-04-03,EWT,31.959999084472656,32.63999938964844,31.799999237060547,32.41999816894531,7715150
2008-04-04,EWT,32.599998474121094,32.599998474121094,32.099998474121094,32.380001068115234,3908400
2008-04-07,EWT,32.65999984741211,32.97999954223633,32.41999816894531,32.599998474121094,4466450
2008-04-08,EWT,32.31999969482422,32.5,32.15999984741211,32.20000076293945,5462300
2008-04-09,EWT,32.400001525878906,32.540000915527344,31.8799991607666,32.040000915527344,5333650
2008-04-10,EWT,32.779998779296875,33.18000030517578,32.70000076293945,32.97999954223633,5066400
2008-04-11,EWT,33.15999984741211,33.220001220703125,32.68000030517578,32.939998626708984,6188850
2008-04-14,EWT,33.119998931884766,33.31999969482422,32.959999084472656,33.040000915527344,4381450
2008-04-15,EWT,33.36000061035156,33.58000183105469,33.220001220703125,33.560001373291016,5333400
2008-04-16,EWT,34.0,34.5,34.0,34.400001525878906,6087700
2008-04-17,EWT,34.20000076293945,34.2599983215332,33.7599983215332,33.84000015258789,11393950
2008-04-18,EWT,34.36000061035156,34.459999084472656,34.02000045776367,34.279998779296875,8204750
2008-04-21,EWT,34.060001373291016,34.18000030517578,33.900001525878906,33.959999084472656,4229550
2008-04-22,EWT,33.959999084472656,33.959999084472656,33.41999816894531,33.619998931884766,5841700
2008-04-23,EWT,33.65999984741211,33.84000015258789,33.439998626708984,33.779998779296875,5250150
2008-04-24,EWT,33.79999923706055,33.900001525878906,33.279998779296875,33.63999938964844,6109400
2008-04-25,EWT,33.7599983215332,33.7599983215332,33.040000915527344,33.540000915527344,5403150
2008-04-28,EWT,33.779998779296875,34.15999984741211,33.779998779296875,33.880001068115234,4333400
2008-04-29,EWT,33.41999816894531,33.439998626708984,33.0,33.040000915527344,5833800
2008-04-30,EWT,33.15999984741211,33.5,33.0,33.119998931884766,4988900
2008-05-01,EWT,33.099998474121094,33.900001525878906,33.099998474121094,33.86000061035156,4446250
2008-05-02,EWT,33.91999816894531,33.959999084472656,33.5,33.79999923706055,4259400
2008-05-05,EWT,33.18000030517578,33.2400016784668,32.939998626708984,33.08000183105469,4763500
2008-05-06,EWT,32.97999954223633,33.380001068115234,32.68000030517578,33.36000061035156,4880650
2008-05-07,EWT,33.400001525878906,33.400001525878906,32.720001220703125,32.79999923706055,4220550
2008-05-08,EWT,32.63999938964844,32.7599983215332,32.31999969482422,32.68000030517578,4240350
2008-05-09,EWT,32.31999969482422,32.70000076293945,32.0,32.20000076293945,4110650
2008-05-12,EWT,32.36000061035156,32.68000030517578,32.2599983215332,32.58000183105469,3012650
2008-05-13,EWT,33.060001373291016,33.15999984741211,32.63999938964844,33.040000915527344,6727000
2008-05-14,EWT,33.220001220703125,33.459999084472656,33.08000183105469,33.119998931884766,2584150
2008-05-15,EWT,33.52000045776367,33.79999923706055,33.34000015258789,33.779998779296875,8004150
2008-05-16,EWT,34.119998931884766,34.34000015258789,33.959999084472656,34.279998779296875,5172200
2008-05-19,EWT,34.459999084472656,35.0,34.31999969482422,34.31999969482422,8238450
2008-05-20,EWT,33.2599983215332,33.400001525878906,33.060001373291016,33.119998931884766,5945350
2008-05-21,EWT,33.31999969482422,33.400001525878906,32.7599983215332,32.880001068115234,4906800
2008-05-22,EWT,33.2599983215332,33.41999816894531,33.08000183105469,33.2599983215332,3987600
2008-05-23,EWT,32.63999938964844,32.63999938964844,32.040000915527344,32.380001068115234,4488900
2008-05-27,EWT,32.2599983215332,32.65999984741211,32.220001220703125,32.599998474121094,3359200
2008-05-28,EWT,32.34000015258789,32.400001525878906,32.040000915527344,32.29999923706055,5146200
2008-05-29,EWT,32.29999923706055,32.779998779296875,32.2599983215332,32.560001373291016,5044850
2008-05-30,EWT,32.5,32.70000076293945,32.400001525878906,32.459999084472656,4006800
2008-06-02,EWT,32.63999938964844,32.7400016784668,32.18000030517578,32.619998931884766,3376100
2008-06-03,EWT,32.29999923706055,32.31999969482422,31.639999389648438,31.799999237060547,4304250
2008-06-04,EWT,31.959999084472656,32.18000030517578,31.84000015258789,32.060001373291016,4536000
2008-06-05,EWT,32.439998626708984,33.13999938964844,32.439998626708984,33.13999938964844,4475450
2008-06-06,EWT,32.540000915527344,32.599998474121094,31.899999618530273,31.920000076293945,5739700
2008-06-09,EWT,32.0,32.040000915527344,31.31999969482422,31.760000228881836,4247100
2008-06-10,EWT,31.0,31.059999465942383,30.579999923706055,30.739999771118164,8683800
2008-06-11,EWT,31.020000457763672,31.100000381469727,30.440000534057617,30.440000534057617,5588700
2008-06-12,EWT,30.239999771118164,30.559999465942383,29.8799991607666,29.920000076293945,11594600
2008-06-13,EWT,30.280000686645508,30.6200008392334,30.059999465942383,30.579999923706055,4973050
2008-06-16,EWT,30.31999969482422,30.65999984741211,30.299999237060547,30.559999465942383,3992800
2008-06-17,EWT,30.799999237060547,30.860000610351562,30.31999969482422,30.459999084472656,3445250
2008-06-18,EWT,30.520000457763672,30.559999465942383,30.1200008392334,30.3799991607666,6457200
2008-06-19,EWT,30.079999923706055,30.3799991607666,29.899999618530273,30.31999969482422,3188050
2008-06-20,EWT,29.540000915527344,29.639999389648438,29.040000915527344,29.15999984741211,5572550
2008-06-23,EWT,29.68000030517578,29.68000030517578,29.18000030517578,29.280000686645508,4759900
2008-06-24,EWT,28.979999542236328,29.34000015258789,28.780000686645508,28.920000076293945,4419000
2008-06-25,EWT,29.559999465942383,29.979999542236328,29.360000610351562,29.739999771118164,5539400
2008-06-26,EWT,29.1200008392334,29.799999237060547,28.5,28.68000030517578,7966350
2008-06-27,EWT,28.440000534057617,28.479999542236328,28.020000457763672,28.239999771118164,3925550
2008-06-30,EWT,28.420000076293945,28.5,28.219999313354492,28.260000228881836,8299050
2008-07-01,EWT,27.700000762939453,28.0,27.440000534057617,27.920000076293945,6903000
2008-07-02,EWT,28.0,28.020000457763672,27.0,27.15999984741211,7637850
2008-07-03,EWT,27.799999237060547,27.899999618530273,27.299999237060547,27.700000762939453,6378050
2008-07-07,EWT,27.760000228881836,27.940000534057617,27.059999465942383,27.5,5823550
2008-07-08,EWT,26.799999237060547,27.239999771118164,26.65999984741211,27.239999771118164,6959850
2008-07-09,EWT,26.81999969482422,26.8799991607666,26.219999313354492,26.239999771118164,5588500
2008-07-10,EWT,26.600000381469727,26.84000015258789,26.34000015258789,26.5,4893500
2008-07-11,EWT,26.8799991607666,27.139999389648438,26.5,26.920000076293945,6578800
2008-07-14,EWT,27.15999984741211,27.15999984741211,26.399999618530273,26.65999984741211,4707550
2008-07-15,EWT,25.6200008392334,26.139999389648438,25.219999313354492,25.579999923706055,8122950
2008-07-16,EWT,25.360000610351562,26.34000015258789,25.31999969482422,26.219999313354492,10732450
2008-07-17,EWT,26.700000762939453,27.079999923706055,26.479999542236328,26.81999969482422,12430150
2008-07-18,EWT,26.5,26.6200008392334,26.299999237060547,26.5,6560700
2008-07-21,EWT,27.200000762939453,27.299999237060547,26.979999542236328,27.18000030517578,4210400
2008-07-22,EWT,26.959999084472656,27.34000015258789,26.739999771118164,27.239999771118164,5251700
2008-07-23,EWT,27.899999618530273,28.219999313354492,27.719999313354492,28.040000915527344,6987000
2008-07-24,EWT,28.079999923706055,28.100000381469727,27.299999237060547,27.65999984741211,4263300
2008-07-25,EWT,27.520000457763672,27.68000030517578,27.399999618530273,27.479999542236328,5177050
2008-07-28,EWT,27.6200008392334,27.700000762939453,26.920000076293945,27.020000457763672,4020800
2008-07-29,EWT,26.600000381469727,27.100000381469727,26.540000915527344,27.100000381469727,6018300
2008-07-30,EWT,27.139999389648438,27.260000228881836,26.719999313354492,27.18000030517578,4742750
2008-07-31,EWT,26.6200008392334,26.65999984741211,26.200000762939453,26.280000686645508,5235750
2008-08-01,EWT,26.600000381469727,26.639999389648438,26.100000381469727,26.139999389648438,4272750
2008-08-04,EWT,26.219999313354492,26.280000686645508,25.899999618530273,26.15999984741211,4588450
2008-08-05,EWT,25.920000076293945,26.440000534057617,25.899999618530273,26.420000076293945,3900850
2008-08-06,EWT,26.639999389648438,26.959999084472656,26.5,26.8799991607666,4323400
2008-08-07,EWT,26.5,26.65999984741211,26.280000686645508,26.440000534057617,5437850
2008-08-08,EWT,26.959999084472656,27.700000762939453,26.8799991607666,27.5,4124750
2008-08-11,EWT,27.6200008392334,28.020000457763672,27.520000457763672,27.700000762939453,5736250
2008-08-12,EWT,27.440000534057617,27.5,27.239999771118164,27.3799991607666,3417650
2008-08-13,EWT,27.200000762939453,27.399999618530273,26.920000076293945,27.31999969482422,4921650
2008-08-14,EWT,27.239999771118164,27.799999237060547,27.219999313354492,27.540000915527344,4121750
2008-08-15,EWT,27.0,27.200000762939453,26.899999618530273,27.1200008392334,2083100
2008-08-18,EWT,26.420000076293945,26.420000076293945,25.899999618530273,26.0,3355600
2008-08-19,EWT,25.84000015258789,25.84000015258789,25.440000534057617,25.719999313354492,7968350
2008-08-20,EWT,26.219999313354492,26.399999618530273,26.020000457763672,26.3799991607666,4456350
2008-08-21,EWT,25.860000610351562,26.15999984741211,25.700000762939453,26.020000457763672,5120450
2008-08-22,EWT,26.15999984741211,26.15999984741211,25.959999084472656,26.020000457763672,5697550
2008-08-25,EWT,26.139999389648438,26.15999984741211,25.68000030517578,25.719999313354492,4500600
2008-08-26,EWT,25.860000610351562,26.020000457763672,25.700000762939453,25.760000228881836,3244250
2008-08-27,EWT,26.3799991607666,26.760000228881836,26.299999237060547,26.68000030517578,4730250
2008-08-28,EWT,26.420000076293945,26.65999984741211,26.360000610351562,26.639999389648438,3600050
2008-08-29,EWT,26.200000762939453,26.360000610351562,26.020000457763672,26.059999465942383,2264850
2008-09-02,EWT,25.079999923706055,25.15999984741211,24.579999923706055,24.84000015258789,4866250
2008-09-03,EWT,24.3799991607666,24.3799991607666,23.959999084472656,24.079999923706055,4779300
2008-09-04,EWT,23.5,23.520000457763672,22.719999313354492,22.8799991607666,16692900
2008-09-05,EWT,22.8799991607666,23.479999542236328,22.739999771118164,23.479999542236328,10328750
2008-09-08,EWT,24.84000015258789,24.8799991607666,23.899999618530273,24.420000076293945,10052250
2008-09-09,EWT,23.940000534057617,24.0,23.18000030517578,23.239999771118164,9823850
2008-09-10,EWT,23.600000381469727,23.860000610351562,23.3799991607666,23.639999389648438,14115200
2008-09-11,EWT,22.65999984741211,23.280000686645508,22.579999923706055,23.219999313354492,7460900
2008-09-12,EWT,23.0,23.65999984741211,22.8799991607666,23.520000457763672,6865800
2008-09-15,EWT,22.18000030517578,22.65999984741211,21.959999084472656,21.979999542236328,6270400
2008-09-16,EWT,20.940000534057617,22.040000915527344,20.8799991607666,21.780000686645508,9451600
2008-09-17,EWT,21.260000228881836,21.760000228881836,20.34000015258789,20.360000610351562,13485050
2008-09-18,EWT,21.360000610351562,22.219999313354492,20.360000610351562,22.020000457763672,14095150
2008-09-19,EWT,23.200000762939453,24.059999465942383,23.020000457763672,23.540000915527344,12290600
2008-09-22,EWT,23.239999771118164,23.31999969482422,22.34000015258789,22.520000457763672,8982650
2008-09-23,EWT,23.18000030517578,23.219999313354492,22.440000534057617,22.600000381469727,12806200
2008-09-24,EWT,22.600000381469727,22.899999618530273,22.440000534057617,22.719999313354492,5328450
2008-09-25,EWT,22.739999771118164,23.540000915527344,22.719999313354492,23.200000762939453,8512850
2008-09-26,EWT,22.18000030517578,22.6200008392334,22.100000381469727,22.3799991607666,4080650
2008-09-29,EWT,21.700000762939453,21.739999771118164,19.719999313354492,20.299999237060547,10799900
2008-09-30,EWT,21.239999771118164,21.600000381469727,20.899999618530273,21.600000381469727,8974900
2008-10-01,EWT,21.479999542236328,21.799999237060547,21.040000915527344,21.540000915527344,10603050
2008-10-02,EWT,21.100000381469727,21.15999984741211,20.299999237060547,20.3799991607666,6016800
2008-10-03,EWT,20.899999618530273,21.739999771118164,20.360000610351562,20.540000915527344,10406700
2008-10-06,EWT,19.520000457763672,19.65999984741211,18.459999084472656,19.639999389648438,11569500
2008-10-07,EWT,19.799999237060547,20.219999313354492,18.700000762939453,18.81999969482422,8447150
2008-10-08,EWT,18.639999389648438,19.579999923706055,18.31999969482422,18.579999923706055,13893950
2008-10-09,EWT,19.020000457763672,19.15999984741211,17.219999313354492,17.639999389648438,8367050
2008-10-10,EWT,16.600000381469727,18.360000610351562,16.040000915527344,17.559999465942383,14524700
2008-10-13,EWT,18.639999389648438,19.979999542236328,18.239999771118164,19.860000610351562,14698750
2008-10-14,EWT,19.81999969482422,19.979999542236328,18.559999465942383,18.940000534057617,12497300
2008-10-15,EWT,18.860000610351562,18.860000610351562,17.700000762939453,17.700000762939453,6888050
2008-10-16,EWT,17.959999084472656,18.34000015258789,16.81999969482422,18.299999237060547,9860400
2008-10-17,EWT,17.3799991607666,18.65999984741211,17.34000015258789,17.860000610351562,10213450
2008-10-20,EWT,17.899999618530273,18.5,17.639999389648438,18.3799991607666,6197000
2008-10-21,EWT,17.5,17.760000228881836,17.15999984741211,17.219999313354492,3711050
2008-10-22,EWT,16.81999969482422,16.84000015258789,15.960000038146973,16.360000610351562,8894900
2008-10-23,EWT,16.020000457763672,16.540000915527344,15.5,16.420000076293945,12880350
2008-10-24,EWT,13.920000076293945,15.239999771118164,13.760000228881836,14.819999694824219,11008150
2008-10-27,EWT,14.239999771118164,15.140000343322754,14.140000343322754,14.5600004196167,10016500
2008-10-28,EWT,15.5600004196167,16.459999084472656,15.0600004196167,16.440000534057617,12581550
2008-10-29,EWT,15.4399995803833,16.280000686645508,15.199999809265137,15.600000381469727,12504650
2008-10-30,EWT,16.780000686645508,17.139999389648438,16.360000610351562,17.079999923706055,8446100
2008-10-31,EWT,16.959999084472656,17.760000228881836,16.940000534057617,17.6200008392334,6845950
2008-11-03,EWT,17.719999313354492,17.959999084472656,17.540000915527344,17.559999465942383,9837400
2008-11-04,EWT,18.040000915527344,18.700000762939453,18.040000915527344,18.700000762939453,8011900
2008-11-05,EWT,17.540000915527344,17.84000015258789,16.84000015258789,16.979999542236328,7558500
2008-11-06,EWT,16.15999984741211,16.459999084472656,15.640000343322754,15.899999618530273,8557600
2008-11-07,EWT,16.579999923706055,17.079999923706055,16.520000457763672,17.059999465942383,7267150
2008-11-10,EWT,16.780000686645508,17.0,16.219999313354492,16.639999389648438,8505700
2008-11-11,EWT,15.9399995803833,16.360000610351562,15.600000381469727,15.899999618530273,8134550
2008-11-12,EWT,15.859999656677246,16.0,15.119999885559082,15.420000076293945,9818750
2008-11-13,EWT,15.399999618530273,16.5,14.640000343322754,16.440000534057617,11845400
2008-11-14,EWT,15.34000015258789,15.899999618530273,14.960000038146973,14.960000038146973,9689400
2008-11-17,EWT,15.079999923706055,15.479999542236328,14.739999771118164,14.899999618530273,8568800
2008-11-18,EWT,14.5600004196167,15.020000457763672,14.260000228881836,14.800000190734863,8376900
2008-11-19,EWT,14.479999542236328,14.699999809265137,13.84000015258789,13.859999656677246,10844400
2008-11-20,EWT,13.760000228881836,14.15999984741211,13.0,13.140000343322754,11794950
2008-11-21,EWT,14.359999656677246,15.039999961853027,13.65999984741211,15.0,9467250
2008-11-24,EWT,14.460000038146973,15.239999771118164,14.420000076293945,14.899999618530273,12300100
2008-11-25,EWT,15.100000381469727,15.199999809265137,14.520000457763672,14.920000076293945,7705700
2008-11-26,EWT,14.779999732971191,15.420000076293945,14.640000343322754,15.420000076293945,6118700
2008-11-28,EWT,15.279999732971191,15.5600004196167,15.279999732971191,15.5600004196167,2630500
2008-12-01,EWT,15.199999809265137,15.279999732971191,14.5,14.600000381469727,8887550
2008-12-02,EWT,14.880000114440918,15.420000076293945,14.760000228881836,15.260000228881836,7661500
2008-12-03,EWT,14.380000114440918,15.079999923706055,14.319999694824219,14.960000038146973,5450700
2008-12-04,EWT,14.359999656677246,14.760000228881836,14.079999923706055,14.520000457763672,6774800
2008-12-05,EWT,14.239999771118164,14.979999542236328,13.899999618530273,14.859999656677246,8239800
2008-12-08,EWT,15.5,15.84000015258789,15.359999656677246,15.539999961853027,4600400
2008-12-09,EWT,15.5,15.760000228881836,15.300000190734863,15.420000076293945,7753150
2008-12-10,EWT,16.299999237060547,16.3799991607666,16.0,16.299999237060547,5942750
2008-12-11,EWT,16.260000228881836,16.520000457763672,15.920000076293945,16.0,5614950
2008-12-12,EWT,15.520000457763672,16.15999984741211,15.520000457763672,16.0,5818350
2008-12-15,EWT,16.0,16.100000381469727,15.699999809265137,15.960000038146973,3742900
2008-12-16,EWT,17.100000381469727,17.100000381469727,16.18000030517578,17.100000381469727,7126500
2008-12-17,EWT,16.65999984741211,16.959999084472656,16.600000381469727,16.700000762939453,5909500
2008-12-18,EWT,16.799999237060547,16.959999084472656,16.360000610351562,16.399999618530273,7351050
2008-12-19,EWT,16.739999771118164,16.84000015258789,16.440000534057617,16.559999465942383,3779050
2008-12-22,EWT,16.15999984741211,16.18000030517578,15.5,15.859999656677246,4237950
2008-12-23,EWT,14.380000114440918,14.399999618530273,14.100000381469727,14.220000267028809,4786650
2008-12-24,EWT,14.420000076293945,14.520000457763672,14.239999771118164,14.300000190734863,2318950
2008-12-26,EWT,14.239999771118164,14.380000114440918,14.180000305175781,14.34000015258789,1800200
2008-12-29,EWT,14.380000114440918,14.5,14.199999809265137,14.380000114440918,2443550
2008-12-30,EWT,15.0,15.15999984741211,14.880000114440918,15.119999885559082,2533300
2008-12-31,EWT,15.039999961853027,15.359999656677246,15.020000457763672,15.180000305175781,2004150
2009-01-02,EWT,15.380000114440918,15.699999809265137,15.180000305175781,15.600000381469727,3028550
2009-01-05,EWT,15.399999618530273,15.579999923706055,15.279999732971191,15.5,6392600
2009-01-06,EWT,15.520000457763672,15.699999809265137,15.319999694824219,15.65999984741211,4954400
2009-01-07,EWT,15.34000015258789,15.399999618530273,15.100000381469727,15.300000190734863,4587550
2009-01-08,EWT,14.5600004196167,14.9399995803833,14.5,14.880000114440918,6255550
2009-01-09,EWT,14.539999961853027,14.539999961853027,14.15999984741211,14.300000190734863,4448200
2009-01-12,EWT,14.199999809265137,14.239999771118164,13.84000015258789,13.920000076293945,5099300
2009-01-13,EWT,14.239999771118164,14.479999542236328,14.15999984741211,14.300000190734863,4783800
2009-01-14,EWT,14.15999984741211,14.15999984741211,13.779999732971191,14.039999961853027,5042150
2009-01-15,EWT,13.760000228881836,14.100000381469727,13.399999618530273,13.84000015258789,5164600
2009-01-16,EWT,14.079999923706055,14.15999984741211,13.5600004196167,13.960000038146973,3844100
2009-01-20,EWT,13.279999732971191,13.420000076293945,12.84000015258789,12.84000015258789,5365050
2009-01-21,EWT,13.399999618530273,13.699999809265137,13.079999923706055,13.680000305175781,6789050
2009-01-22,EWT,13.220000267028809,13.5600004196167,13.079999923706055,13.399999618530273,4145050
2009-01-23,EWT,12.920000076293945,13.600000381469727,12.899999618530273,13.460000038146973,5101000
2009-01-26,EWT,13.479999542236328,13.760000228881836,13.34000015258789,13.520000457763672,4035150
2009-01-27,EWT,13.600000381469727,13.899999618530273,13.579999923706055,13.779999732971191,3526300
2009-01-28,EWT,14.220000267028809,14.460000038146973,14.119999885559082,14.300000190734863,4972600
2009-01-29,EWT,14.260000228881836,14.260000228881836,13.640000343322754,13.65999984741211,4044000
2009-01-30,EWT,13.65999984741211,13.859999656677246,13.4399995803833,13.619999885559082,6457600
2009-02-02,EWT,13.220000267028809,13.619999885559082,13.180000305175781,13.5,7770250
2009-02-03,EWT,13.84000015258789,14.100000381469727,13.65999984741211,14.020000457763672,5633650
2009-02-04,EWT,13.899999618530273,14.359999656677246,13.899999618530273,14.100000381469727,4443650
2009-02-05,EWT,13.84000015258789,14.279999732971191,13.680000305175781,14.079999923706055,5769550
2009-02-06,EWT,14.279999732971191,14.800000190734863,14.279999732971191,14.800000190734863,5845650
2009-02-09,EWT,14.640000343322754,14.65999984741211,14.380000114440918,14.520000457763672,4749200
2009-02-10,EWT,14.460000038146973,14.539999961853027,13.720000267028809,13.979999542236328,8001500
2009-02-11,EWT,14.399999618530273,14.5600004196167,14.239999771118164,14.359999656677246,5374900
2009-02-12,EWT,13.899999618530273,14.279999732971191,13.779999732971191,14.220000267028809,5340650
2009-02-13,EWT,14.5,14.619999885559082,14.420000076293945,14.420000076293945,3892200
2009-02-17,EWT,13.880000114440918,13.880000114440918,13.5,13.539999961853027,7179800
2009-02-18,EWT,13.899999618530273,13.979999542236328,13.640000343322754,13.779999732971191,5545850
2009-02-19,EWT,14.15999984741211,14.199999809265137,13.779999732971191,13.880000114440918,5766950
2009-02-20,EWT,13.399999618530273,13.720000267028809,13.220000267028809,13.65999984741211,5974850
2009-02-23,EWT,13.760000228881836,13.779999732971191,13.220000267028809,13.319999694824219,5676700
2009-02-24,EWT,13.5,14.039999961853027,13.4399995803833,13.880000114440918,7333950
2009-02-25,EWT,13.920000076293945,14.039999961853027,13.600000381469727,13.819999694824219,5377350
2009-02-26,EWT,13.920000076293945,14.100000381469727,13.65999984741211,13.65999984741211,6237050
2009-02-27,EWT,13.5600004196167,13.920000076293945,13.520000457763672,13.640000343322754,6373950
2009-03-02,EWT,13.15999984741211,13.34000015258789,12.979999542236328,13.020000457763672,8831150
2009-03-03,EWT,13.279999732971191,13.460000038146973,13.0600004196167,13.279999732971191,9963600
2009-03-04,EWT,13.979999542236328,14.34000015258789,13.880000114440918,14.119999885559082,8606700
2009-03-05,EWT,14.0600004196167,14.260000228881836,13.84000015258789,14.0,7273500
2009-03-06,EWT,14.300000190734863,14.539999961853027,14.0600004196167,14.319999694824219,6694450
2009-03-09,EWT,13.960000038146973,14.359999656677246,13.920000076293945,14.039999961853027,6109900
2009-03-10,EWT,14.479999542236328,14.979999542236328,14.4399995803833,14.880000114440918,7296250
2009-03-11,EWT,14.9399995803833,14.979999542236328,14.5600004196167,14.880000114440918,5501550
2009-03-12,EWT,14.739999771118164,15.300000190734863,14.619999885559082,15.220000267028809,7228550
2009-03-13,EWT,15.199999809265137,15.380000114440918,15.0600004196167,15.220000267028809,5867250
2009-03-16,EWT,15.4399995803833,15.619999885559082,15.300000190734863,15.359999656677246,6384450
2009-03-17,EWT,15.420000076293945,15.880000114440918,15.420000076293945,15.739999771118164,5410150
2009-03-18,EWT,15.739999771118164,16.18000030517578,15.539999961853027,15.960000038146973,7472650
2009-03-19,EWT,15.960000038146973,16.059999465942383,15.65999984741211,15.880000114440918,5368450
2009-03-20,EWT,15.65999984741211,15.739999771118164,15.34000015258789,15.359999656677246,4041250
2009-03-23,EWT,16.079999923706055,16.639999389648438,16.040000915527344,16.5,7251750
2009-03-24,EWT,16.399999618530273,16.579999923706055,16.200000762939453,16.360000610351562,5269600
2009-03-25,EWT,16.700000762939453,16.940000534057617,16.399999618530273,16.799999237060547,5670950
2009-03-26,EWT,16.860000610351562,17.100000381469727,16.780000686645508,17.020000457763672,3694900
2009-03-27,EWT,16.65999984741211,16.719999313354492,16.479999542236328,16.600000381469727,3858700
2009-03-30,EWT,15.960000038146973,16.0,15.739999771118164,15.859999656677246,5079300
2009-03-31,EWT,16.200000762939453,16.420000076293945,16.139999389648438,16.139999389648438,3175750
2009-04-01,EWT,16.520000457763672,16.899999618530273,16.440000534057617,16.860000610351562,4683800
2009-04-02,EWT,17.31999969482422,17.81999969482422,17.299999237060547,17.68000030517578,7110600
2009-04-03,EWT,17.420000076293945,17.84000015258789,17.399999618530273,17.799999237060547,7210100
2009-04-06,EWT,17.280000686645508,17.6200008392334,17.260000228881836,17.6200008392334,4065100
2009-04-07,EWT,17.139999389648438,17.239999771118164,16.979999542236328,17.139999389648438,3748400
2009-04-08,EWT,16.940000534057617,17.18000030517578,16.8799991607666,17.059999465942383,5836150
2009-04-09,EWT,17.899999618530273,17.899999618530273,17.6200008392334,17.81999969482422,6086700
2009-04-13,EWT,17.959999084472656,18.31999969482422,17.860000610351562,18.200000762939453,9152600
2009-04-14,EWT,18.219999313354492,18.34000015258789,18.020000457763672,18.079999923706055,11278700
2009-04-15,EWT,18.1200008392334,18.34000015258789,18.059999465942383,18.280000686645508,3837400
2009-04-16,EWT,18.559999465942383,18.8799991607666,18.420000076293945,18.6200008392334,4991150
2009-04-17,EWT,17.8799991607666,18.100000381469727,17.84000015258789,17.979999542236328,5154400
2009-04-20,EWT,17.65999984741211,17.700000762939453,17.34000015258789,17.399999618530273,7233300
2009-04-21,EWT,17.780000686645508,18.200000762939453,17.719999313354492,18.200000762939453,5563250
2009-04-22,EWT,17.979999542236328,18.31999969482422,17.899999618530273,18.0,4701600
2009-04-23,EWT,18.079999923706055,18.15999984741211,17.8799991607666,18.059999465942383,5262600
2009-04-24,EWT,18.280000686645508,18.520000457763672,18.239999771118164,18.34000015258789,4206250
2009-04-27,EWT,17.65999984741211,17.860000610351562,17.540000915527344,17.68000030517578,4383700
2009-04-28,EWT,17.239999771118164,17.6200008392334,17.239999771118164,17.479999542236328,2944850
2009-04-29,EWT,18.459999084472656,23.040000915527344,18.399999618530273,19.6200008392334,37344000
2009-04-30,EWT,20.600000381469727,20.639999389648438,20.15999984741211,20.440000534057617,19101850
2009-05-01,EWT,20.559999465942383,21.15999984741211,20.34000015258789,20.6200008392334,6363550
2009-05-04,EWT,21.65999984741211,22.440000534057617,21.65999984741211,22.299999237060547,12830000
2009-05-05,EWT,21.31999969482422,21.540000915527344,21.0,21.139999389648438,11304900
2009-05-06,EWT,21.799999237060547,21.959999084472656,21.34000015258789,21.639999389648438,13260900
2009-05-07,EWT,21.540000915527344,21.579999923706055,20.479999542236328,20.700000762939453,14794300
2009-05-08,EWT,20.899999618530273,21.299999237060547,20.760000228881836,21.18000030517578,11266750
2009-05-11,EWT,20.899999618530273,21.1200008392334,20.65999984741211,20.81999969482422,7519350
2009-05-12,EWT,20.760000228881836,20.799999237060547,20.219999313354492,20.520000457763672,11129300
2009-05-13,EWT,20.260000228881836,20.260000228881836,19.979999542236328,20.059999465942383,7133050
2009-05-14,EWT,19.940000534057617,20.420000076293945,19.940000534057617,20.219999313354492,6412350
2009-05-15,EWT,20.520000457763672,20.68000030517578,20.260000228881836,20.280000686645508,6021300
2009-05-18,EWT,20.920000076293945,21.3799991607666,20.920000076293945,21.260000228881836,6762050
2009-05-19,EWT,21.3799991607666,21.520000457763672,21.079999923706055,21.420000076293945,6873800
2009-05-20,EWT,21.420000076293945,21.6200008392334,21.18000030517578,21.280000686645508,10896900
2009-05-21,EWT,21.0,21.18000030517578,20.860000610351562,21.18000030517578,5929500
2009-05-22,EWT,21.479999542236328,21.799999237060547,21.420000076293945,21.6200008392334,14975800
2009-05-26,EWT,21.100000381469727,21.639999389648438,21.040000915527344,21.559999465942383,7451900
2009-05-27,EWT,22.059999465942383,22.18000030517578,21.700000762939453,21.760000228881836,8326000
2009-05-28,EWT,21.959999084472656,22.299999237060547,21.780000686645508,22.18000030517578,7461800
2009-05-29,EWT,22.280000686645508,22.559999465942383,22.18000030517578,22.540000915527344,17410400
2009-06-01,EWT,22.68000030517578,22.940000534057617,22.540000915527344,22.799999237060547,10660150
2009-06-02,EWT,22.420000076293945,22.6200008392334,22.299999237060547,22.34000015258789,6945450
2009-06-03,EWT,22.040000915527344,22.040000915527344,21.440000534057617,21.65999984741211,10361150
2009-06-04,EWT,21.600000381469727,21.780000686645508,21.540000915527344,21.559999465942383,8818350
2009-06-05,EWT,21.860000610351562,21.899999618530273,21.31999969482422,21.440000534057617,4984800
2009-06-08,EWT,20.780000686645508,21.040000915527344,20.420000076293945,20.84000015258789,7825550
2009-06-09,EWT,20.420000076293945,20.579999923706055,20.299999237060547,20.459999084472656,9427100
2009-06-10,EWT,20.719999313354492,20.799999237060547,20.299999237060547,20.579999923706055,11471600
2009-06-11,EWT,20.639999389648438,21.040000915527344,20.520000457763672,20.81999969482422,7764000
2009-06-12,EWT,20.399999618530273,20.440000534057617,20.15999984741211,20.299999237060547,6755100
2009-06-15,EWT,19.420000076293945,19.479999542236328,19.059999465942383,19.34000015258789,10934550
2009-06-16,EWT,19.399999618530273,19.65999984741211,19.100000381469727,19.239999771118164,8937550
2009-06-17,EWT,19.200000762939453,19.420000076293945,19.040000915527344,19.200000762939453,7330600
2009-06-18,EWT,19.239999771118164,19.299999237060547,19.020000457763672,19.020000457763672,13484600
2009-06-19,EWT,19.420000076293945,19.459999084472656,19.15999984741211,19.280000686645508,8014000
2009-06-22,EWT,19.399999618530273,19.420000076293945,19.1200008392334,19.1200008392334,14948150
2009-06-23,EWT,19.15999984741211,19.3799991607666,19.040000915527344,19.260000228881836,7820500
2009-06-24,EWT,20.040000915527344,20.18000030517578,19.860000610351562,19.899999618530273,8424900
2009-06-25,EWT,19.84000015258789,20.3799991607666,19.81999969482422,20.280000686645508,6950400
2009-06-26,EWT,20.31999969482422,20.31999969482422,20.1200008392334,20.1200008392334,6027750
2009-06-29,EWT,20.18000030517578,20.260000228881836,20.020000457763672,20.1200008392334,9197050
2009-06-30,EWT,20.200000762939453,20.260000228881836,19.899999618530273,20.18000030517578,10875700
2009-07-01,EWT,20.719999313354492,20.959999084472656,20.639999389648438,20.639999389648438,8748050
2009-07-02,EWT,20.6200008392334,20.65999984741211,20.440000534057617,20.459999084472656,6350950
2009-07-06,EWT,20.440000534057617,20.700000762939453,20.420000076293945,20.639999389648438,4718400
2009-07-07,EWT,20.81999969482422,20.959999084472656,20.479999542236328,20.559999465942383,7698400
2009-07-08,EWT,20.739999771118164,20.739999771118164,20.31999969482422,20.6200008392334,8720400
2009-07-09,EWT,21.18000030517578,21.200000762939453,20.899999618530273,20.899999618530273,7736350
2009-07-10,EWT,20.959999084472656,21.100000381469727,20.81999969482422,21.059999465942383,5817500
2009-07-13,EWT,20.399999618530273,20.68000030517578,20.219999313354492,20.639999389648438,9606600
2009-07-14,EWT,20.780000686645508,20.899999618530273,20.579999923706055,20.760000228881836,6371300
2009-07-15,EWT,21.34000015258789,21.899999618530273,21.299999237060547,21.68000030517578,9898600
2009-07-16,EWT,21.6200008392334,21.8799991607666,21.540000915527344,21.700000762939453,4074200
2009-07-17,EWT,21.799999237060547,21.979999542236328,21.700000762939453,21.959999084472656,4281750
2009-07-20,EWT,22.239999771118164,22.31999969482422,22.1200008392334,22.280000686645508,4232350
2009-07-21,EWT,22.219999313354492,22.280000686645508,21.940000534057617,22.219999313354492,5320450
2009-07-22,EWT,21.940000534057617,22.420000076293945,21.899999618530273,22.31999969482422,5428950
2009-07-23,EWT,22.219999313354492,22.799999237060547,22.15999984741211,22.700000762939453,11799400
2009-07-24,EWT,22.34000015258789,22.440000534057617,22.15999984741211,22.399999618530273,4567250
2009-07-27,EWT,22.299999237060547,22.440000534057617,22.200000762939453,22.34000015258789,4766400
2009-07-28,EWT,22.65999984741211,22.860000610351562,22.579999923706055,22.860000610351562,5827850
2009-07-29,EWT,22.3799991607666,22.559999465942383,22.299999237060547,22.440000534057617,5010500
2009-07-30,EWT,22.6200008392334,22.860000610351562,22.540000915527344,22.739999771118164,13709700
2009-07-31,EWT,22.540000915527344,22.780000686645508,22.479999542236328,22.65999984741211,5997400
2009-08-03,EWT,22.719999313354492,22.940000534057617,22.639999389648438,22.84000015258789,6543150
2009-08-04,EWT,22.280000686645508,22.520000457763672,22.219999313354492,22.299999237060547,7773950
2009-08-05,EWT,22.0,22.020000457763672,21.65999984741211,21.940000534057617,10068500
2009-08-06,EWT,22.040000915527344,22.079999923706055,21.68000030517578,21.920000076293945,5303600
2009-08-07,EWT,22.020000457763672,22.360000610351562,21.979999542236328,22.200000762939453,6278600
2009-08-10,EWT,21.959999084472656,22.040000915527344,21.799999237060547,21.979999542236328,3806400
2009-08-11,EWT,21.920000076293945,21.979999542236328,21.639999389648438,21.780000686645508,5735150
2009-08-12,EWT,21.84000015258789,22.31999969482422,21.760000228881836,22.1200008392334,7275950
2009-08-13,EWT,22.3799991607666,22.540000915527344,22.18000030517578,22.479999542236328,7128400
2009-08-14,EWT,22.559999465942383,22.579999923706055,22.18000030517578,22.34000015258789,7164900
2009-08-17,EWT,21.700000762939453,21.700000762939453,21.520000457763672,21.639999389648438,6292550
2009-08-18,EWT,21.639999389648438,21.799999237060547,21.559999465942383,21.739999771118164,6487700
2009-08-19,EWT,21.34000015258789,21.68000030517578,21.31999969482422,21.65999984741211,8088600
2009-08-20,EWT,21.440000534057617,21.6200008392334,21.420000076293945,21.600000381469727,5279100
2009-08-21,EWT,21.479999542236328,21.719999313354492,21.440000534057617,21.68000030517578,5136150
2009-08-24,EWT,22.0,22.079999923706055,21.84000015258789,21.940000534057617,8116400
2009-08-25,EWT,21.979999542236328,22.059999465942383,21.739999771118164,21.84000015258789,7128300
2009-08-26,EWT,21.5,21.559999465942383,21.31999969482422,21.479999542236328,7740300
2009-08-27,EWT,21.420000076293945,21.579999923706055,21.200000762939453,21.579999923706055,6533500
2009-08-28,EWT,22.0,22.1200008392334,21.799999237060547,21.8799991607666,6298100
2009-08-31,EWT,21.700000762939453,21.739999771118164,21.579999923706055,21.68000030517578,6256850
2009-09-01,EWT,22.3799991607666,22.579999923706055,21.860000610351562,21.920000076293945,15967350
2009-09-02,EWT,22.34000015258789,22.639999389648438,22.31999969482422,22.479999542236328,8080550
2009-09-03,EWT,22.860000610351562,22.959999084472656,22.719999313354492,22.940000534057617,8850700
2009-09-04,EWT,23.100000381469727,23.200000762939453,23.020000457763672,23.1200008392334,10786550
2009-09-08,EWT,23.700000762939453,23.739999771118164,23.520000457763672,23.6200008392334,6861200
2009-09-09,EWT,23.559999465942383,23.700000762939453,23.5,23.700000762939453,7888750
2009-09-10,EWT,23.739999771118164,24.059999465942383,23.600000381469727,24.0,10311950
2009-09-11,EWT,23.959999084472656,24.020000457763672,23.739999771118164,23.940000534057617,5540450
2009-09-14,EWT,23.459999084472656,23.719999313354492,23.440000534057617,23.68000030517578,6391300
2009-09-15,EWT,23.799999237060547,23.920000076293945,23.68000030517578,23.899999618530273,6061850
2009-09-16,EWT,24.280000686645508,24.420000076293945,24.139999389648438,24.420000076293945,19180050
2009-09-17,EWT,24.299999237060547,24.459999084472656,24.139999389648438,24.200000762939453,5448850
2009-09-18,EWT,24.399999618530273,24.459999084472656,24.260000228881836,24.360000610351562,3468050
2009-09-21,EWT,24.200000762939453,24.399999618530273,24.18000030517578,24.360000610351562,4068900
2009-09-22,EWT,24.34000015258789,24.459999084472656,24.239999771118164,24.440000534057617,3573400
2009-09-23,EWT,24.18000030517578,24.360000610351562,24.020000457763672,24.059999465942383,6469000
2009-09-24,EWT,23.899999618530273,23.959999084472656,23.459999084472656,23.6200008392334,6269650
2009-09-25,EWT,23.639999389648438,23.84000015258789,23.540000915527344,23.639999389648438,3895050
2009-09-28,EWT,23.65999984741211,24.0,23.6200008392334,23.84000015258789,4038150
2009-09-29,EWT,24.219999313354492,24.280000686645508,24.079999923706055,24.1200008392334,5731750
2009-09-30,EWT,24.65999984741211,24.81999969482422,24.360000610351562,24.639999389648438,7726200
2009-10-01,EWT,24.760000228881836,24.780000686645508,24.239999771118164,24.31999969482422,12123400
2009-10-02,EWT,23.8799991607666,25.959999084472656,23.81999969482422,24.139999389648438,5865850
2009-10-05,EWT,24.239999771118164,24.520000457763672,24.139999389648438,24.34000015258789,7117550
2009-10-06,EWT,24.739999771118164,25.0,24.719999313354492,24.860000610351562,7050950
2009-10-07,EWT,24.799999237060547,25.040000915527344,24.719999313354492,24.959999084472656,9699300
2009-10-08,EWT,24.600000381469727,24.719999313354492,24.420000076293945,24.65999984741211,8287350
2009-10-09,EWT,24.5,24.739999771118164,24.479999542236328,24.68000030517578,6197950
2009-10-12,EWT,24.700000762939453,24.81999969482422,24.600000381469727,24.700000762939453,3944700
2009-10-13,EWT,24.540000915527344,24.65999984741211,24.440000534057617,24.639999389648438,3801050
2009-10-14,EWT,25.219999313354492,25.360000610351562,25.059999465942383,25.280000686645508,8518700
2009-10-15,EWT,25.040000915527344,25.100000381469727,24.959999084472656,25.059999465942383,5521650
2009-10-16,EWT,24.81999969482422,24.959999084472656,24.700000762939453,24.84000015258789,5024850
2009-10-19,EWT,25.040000915527344,25.34000015258789,25.020000457763672,25.239999771118164,6698750
2009-10-20,EWT,25.219999313354492,25.260000228881836,24.84000015258789,24.84000015258789,5798000
2009-10-21,EWT,24.700000762939453,25.079999923706055,24.68000030517578,24.760000228881836,7705200
2009-10-22,EWT,24.440000534057617,24.700000762939453,24.219999313354492,24.639999389648438,6750900
2009-10-23,EWT,24.719999313354492,24.739999771118164,24.31999969482422,24.459999084472656,6834650
2009-10-26,EWT,24.639999389648438,24.84000015258789,24.360000610351562,24.440000534057617,5545000
2009-10-27,EWT,24.6200008392334,24.700000762939453,24.360000610351562,24.420000076293945,4901000
2009-10-28,EWT,24.059999465942383,24.1200008392334,23.520000457763672,23.739999771118164,9256050
2009-10-29,EWT,23.700000762939453,24.059999465942383,23.700000762939453,23.940000534057617,7898850
2009-10-30,EWT,23.559999465942383,23.6200008392334,22.899999618530273,23.219999313354492,12020800
2009-11-02,EWT,23.3799991607666,23.719999313354492,23.219999313354492,23.540000915527344,6299900
2009-11-03,EWT,23.239999771118164,23.420000076293945,23.15999984741211,23.360000610351562,7659150
2009-11-04,EWT,23.920000076293945,24.139999389648438,23.81999969482422,23.899999618530273,6636400
2009-11-05,EWT,23.959999084472656,24.260000228881836,23.959999084472656,24.219999313354492,5125400
2009-11-06,EWT,24.0,24.260000228881836,23.940000534057617,24.18000030517578,5083000
2009-11-09,EWT,24.6200008392334,24.860000610351562,24.559999465942383,24.68000030517578,7342200
2009-11-10,EWT,24.559999465942383,24.719999313354492,24.5,24.600000381469727,4227300
2009-11-11,EWT,24.959999084472656,25.1200008392334,24.719999313354492,24.940000534057617,5362650
2009-11-12,EWT,25.079999923706055,25.139999389648438,24.739999771118164,24.780000686645508,6053400
2009-11-13,EWT,24.899999618530273,25.079999923706055,24.799999237060547,25.0,3659600
2009-11-16,EWT,26.360000610351562,26.700000762939453,26.239999771118164,26.239999771118164,13403100
2009-11-17,EWT,25.34000015258789,25.420000076293945,25.020000457763672,25.3799991607666,13763350
2009-11-18,EWT,25.31999969482422,25.440000534057617,25.139999389648438,25.299999237060547,4075700
2009-11-19,EWT,24.959999084472656,24.959999084472656,24.540000915527344,24.739999771118164,8067100
2009-11-20,EWT,24.5,24.739999771118164,24.5,24.739999771118164,3704050
2009-11-23,EWT,24.979999542236328,25.139999389648438,24.940000534057617,24.940000534057617,6694100
2009-11-24,EWT,24.899999618530273,25.0,24.780000686645508,24.920000076293945,4891600
2009-11-25,EWT,25.15999984741211,25.219999313354492,25.059999465942383,25.1200008392334,5771200
2009-11-27,EWT,24.059999465942383,24.5,23.979999542236328,24.34000015258789,6528500
2009-11-30,EWT,24.440000534057617,24.540000915527344,24.219999313354492,24.459999084472656,9351500
2009-12-01,EWT,24.860000610351562,25.0,24.84000015258789,24.860000610351562,9766300
2009-12-02,EWT,25.020000457763672,25.18000030517578,24.920000076293945,25.0,6797700
2009-12-03,EWT,24.979999542236328,25.059999465942383,24.639999389648438,24.799999237060547,10635100
2009-12-04,EWT,24.920000076293945,24.979999542236328,24.579999923706055,24.81999969482422,8431000
2009-12-07,EWT,24.860000610351562,25.079999923706055,24.860000610351562,25.0,6098150
2009-12-08,EWT,24.860000610351562,24.899999618530273,24.700000762939453,24.84000015258789,5027050
2009-12-09,EWT,24.899999618530273,25.059999465942383,24.81999969482422,25.059999465942383,5051800
2009-12-10,EWT,24.739999771118164,24.920000076293945,24.700000762939453,24.8799991607666,4141900
2009-12-11,EWT,25.139999389648438,25.219999313354492,25.040000915527344,25.139999389648438,4148050
2009-12-14,EWT,25.15999984741211,25.219999313354492,25.040000915527344,25.1200008392334,3319900
2009-12-15,EWT,25.0,25.1200008392334,24.920000076293945,24.979999542236328,4444900
2009-12-16,EWT,24.860000610351562,24.920000076293945,24.719999313354492,24.760000228881836,6786300
2009-12-17,EWT,24.65999984741211,24.719999313354492,24.520000457763672,24.639999389648438,4520800
2009-12-18,EWT,24.68000030517578,24.719999313354492,24.540000915527344,24.65999984741211,5347200
2009-12-21,EWT,24.860000610351562,25.1200008392334,24.81999969482422,24.920000076293945,6690500
2009-12-22,EWT,24.8799991607666,24.8799991607666,24.739999771118164,24.81999969482422,4207200
2009-12-23,EWT,25.040000915527344,25.079999923706055,24.920000076293945,24.979999542236328,2783050
2009-12-24,EWT,25.100000381469727,25.3799991607666,25.100000381469727,25.260000228881836,1014550
2009-12-28,EWT,25.540000915527344,25.559999465942383,25.440000534057617,25.559999465942383,2370050
2009-12-29,EWT,25.540000915527344,25.579999923706055,25.440000534057617,25.440000534057617,4382000
2009-12-30,EWT,25.65999984741211,25.739999771118164,25.559999465942383,25.639999389648438,4386450
2009-12-31,EWT,26.020000457763672,26.059999465942383,25.940000534057617,25.940000534057617,2781250
2010-01-04,EWT,26.440000534057617,26.739999771118164,26.420000076293945,26.68000030517578,6074500
2010-01-05,EWT,26.440000534057617,26.600000381469727,26.280000686645508,26.579999923706055,12276300
2010-01-06,EWT,26.780000686645508,26.920000076293945,26.719999313354492,26.739999771118164,7782600
2010-01-07,EWT,26.5,26.65999984741211,26.459999084472656,26.540000915527344,3998050
2010-01-08,EWT,26.579999923706055,26.719999313354492,26.5,26.68000030517578,5970000
2010-01-11,EWT,26.81999969482422,26.899999618530273,26.6200008392334,26.739999771118164,5834200
2010-01-12,EWT,26.559999465942383,26.600000381469727,26.219999313354492,26.3799991607666,11815150
2010-01-13,EWT,26.219999313354492,26.420000076293945,26.139999389648438,26.360000610351562,8567900
2010-01-14,EWT,26.579999923706055,26.65999984741211,26.479999542236328,26.579999923706055,4610300
2010-01-15,EWT,26.700000762939453,26.780000686645508,26.399999618530273,26.440000534057617,11957200
2010-01-19,EWT,26.34000015258789,26.579999923706055,26.299999237060547,26.520000457763672,8158800
2010-01-20,EWT,26.059999465942383,26.079999923706055,25.780000686645508,26.0,7429900
2010-01-21,EWT,25.84000015258789,25.8799991607666,25.360000610351562,25.440000534057617,7286350
2010-01-22,EWT,25.0,25.059999465942383,24.639999389648438,24.700000762939453,8270850
2010-01-25,EWT,24.940000534057617,25.040000915527344,24.760000228881836,24.81999969482422,5756550
2010-01-26,EWT,24.18000030517578,24.360000610351562,24.079999923706055,24.18000030517578,8892850
2010-01-27,EWT,23.940000534057617,24.219999313354492,23.799999237060547,24.18000030517578,10342250
2010-01-28,EWT,24.600000381469727,24.6200008392334,24.040000915527344,24.219999313354492,10728700
2010-01-29,EWT,24.3799991607666,24.559999465942383,24.020000457763672,24.139999389648438,10481650
2010-02-01,EWT,24.0,24.239999771118164,23.920000076293945,24.079999923706055,8528950
2010-02-02,EWT,23.780000686645508,23.920000076293945,23.600000381469727,23.600000381469727,6667900
2010-02-03,EWT,24.040000915527344,24.1200008392334,23.899999618530273,24.0,10435850
2010-02-04,EWT,23.760000228881836,23.780000686645508,23.31999969482422,23.31999969482422,10978950
2010-02-05,EWT,22.84000015258789,23.020000457763672,22.479999542236328,23.0,8653400
2010-02-08,EWT,22.959999084472656,23.15999984741211,22.860000610351562,22.899999618530273,10280950
2010-02-09,EWT,23.440000534057617,23.6200008392334,23.260000228881836,23.440000534057617,9069150
2010-02-10,EWT,23.68000030517578,23.799999237060547,23.420000076293945,23.540000915527344,10583150
2010-02-11,EWT,23.520000457763672,23.81999969482422,23.459999084472656,23.780000686645508,5457900
2010-02-12,EWT,23.65999984741211,23.65999984741211,23.34000015258789,23.6200008392334,4302950
2010-02-16,EWT,23.84000015258789,24.059999465942383,23.68000030517578,23.899999618530273,5352000
2010-02-17,EWT,24.200000762939453,24.200000762939453,23.979999542236328,24.139999389648438,5895650
2010-02-18,EWT,24.079999923706055,24.399999618530273,24.079999923706055,24.31999969482422,5412650
2010-02-19,EWT,24.059999465942383,24.139999389648438,23.959999084472656,24.100000381469727,7030550
2010-02-22,EWT,24.100000381469727,24.139999389648438,23.899999618530273,23.899999618530273,9366150
2010-02-23,EWT,23.899999618530273,24.0,23.579999923706055,23.700000762939453,9258250
2010-02-24,EWT,23.739999771118164,23.959999084472656,23.68000030517578,23.860000610351562,6942600
2010-02-25,EWT,23.200000762939453,23.440000534057617,23.059999465942383,23.420000076293945,8585400
2010-02-26,EWT,23.399999618530273,23.540000915527344,23.239999771118164,23.540000915527344,6477200
2010-03-01,EWT,24.079999923706055,24.100000381469727,23.940000534057617,24.059999465942383,5913000
2010-03-02,EWT,24.15999984741211,24.239999771118164,24.079999923706055,24.1200008392334,6370500
2010-03-03,EWT,24.280000686645508,24.360000610351562,24.079999923706055,24.079999923706055,5454000
2010-03-04,EWT,24.079999923706055,24.1200008392334,23.899999618530273,24.059999465942383,4302450
2010-03-05,EWT,24.420000076293945,24.600000381469727,24.360000610351562,24.579999923706055,6722000
2010-03-08,EWT,24.739999771118164,24.899999618530273,24.68000030517578,24.68000030517578,6897800
2010-03-09,EWT,24.68000030517578,24.8799991607666,24.6200008392334,24.760000228881836,4513200
2010-03-10,EWT,24.780000686645508,25.0,24.780000686645508,24.940000534057617,3630200
2010-03-11,EWT,24.700000762939453,24.920000076293945,24.639999389648438,24.8799991607666,4697150
2010-03-12,EWT,24.920000076293945,24.959999084472656,24.700000762939453,24.81999969482422,4888250
2010-03-15,EWT,24.3799991607666,24.399999618530273,24.15999984741211,24.3799991607666,5766750
2010-03-16,EWT,24.579999923706055,24.639999389648438,24.440000534057617,24.579999923706055,4751100
2010-03-17,EWT,25.079999923706055,25.260000228881836,24.979999542236328,25.079999923706055,7460750
2010-03-18,EWT,25.100000381469727,25.139999389648438,24.920000076293945,25.020000457763672,4789650
2010-03-19,EWT,24.8799991607666,25.15999984741211,24.799999237060547,24.8799991607666,5940800
2010-03-22,EWT,24.6200008392334,24.8799991607666,24.600000381469727,24.760000228881836,7351850
2010-03-23,EWT,24.65999984741211,24.780000686645508,24.520000457763672,24.780000686645508,8999400
2010-03-24,EWT,24.600000381469727,24.68000030517578,24.520000457763672,24.559999465942383,9307000
2010-03-25,EWT,24.700000762939453,24.84000015258789,24.520000457763672,24.559999465942383,6387350
2010-03-26,EWT,24.81999969482422,24.899999618530273,24.600000381469727,24.719999313354492,3958900
2010-03-29,EWT,25.040000915527344,25.18000030517578,25.020000457763672,25.139999389648438,4788900
2010-03-30,EWT,25.18000030517578,25.260000228881836,25.059999465942383,25.239999771118164,2881100
2010-03-31,EWT,25.0,25.200000762939453,24.979999542236328,25.100000381469727,5497300
2010-04-01,EWT,25.399999618530273,25.81999969482422,25.3799991607666,25.760000228881836,30117650
2010-04-05,EWT,25.739999771118164,25.860000610351562,25.68000030517578,25.760000228881836,4625100
2010-04-06,EWT,25.81999969482422,25.979999542236328,25.799999237060547,25.899999618530273,4971900
2010-04-07,EWT,26.040000915527344,26.059999465942383,25.760000228881836,25.860000610351562,4306150
2010-04-08,EWT,25.65999984741211,25.920000076293945,25.540000915527344,25.860000610351562,5124650
2010-04-09,EWT,25.860000610351562,26.040000915527344,25.860000610351562,26.020000457763672,3249250
2010-04-12,EWT,25.84000015258789,25.959999084472656,25.81999969482422,25.899999618530273,2887250
2010-04-13,EWT,25.639999389648438,25.739999771118164,25.479999542236328,25.739999771118164,5528150
2010-04-14,EWT,25.959999084472656,26.18000030517578,25.920000076293945,26.15999984741211,5569350
2010-04-15,EWT,26.100000381469727,26.299999237060547,26.100000381469727,26.280000686645508,8576500
2010-04-16,EWT,25.959999084472656,25.979999542236328,25.540000915527344,25.739999771118164,7648750
2010-04-19,EWT,25.059999465942383,25.31999969482422,24.940000534057617,25.280000686645508,7799950
2010-04-20,EWT,25.520000457763672,25.540000915527344,25.34000015258789,25.399999618530273,4915850
2010-04-21,EWT,25.479999542236328,25.559999465942383,25.299999237060547,25.5,9476650
2010-04-22,EWT,25.360000610351562,25.639999389648438,25.219999313354492,25.639999389648438,10207000
2010-04-23,EWT,25.68000030517578,25.8799991607666,25.639999389648438,25.81999969482422,4813050
2010-04-26,EWT,26.3799991607666,26.3799991607666,26.1200008392334,26.15999984741211,5888150
2010-04-27,EWT,26.020000457763672,26.100000381469727,25.5,25.600000381469727,7769750
2010-04-28,EWT,25.860000610351562,25.8799991607666,25.6200008392334,25.739999771118164,9975600
2010-04-29,EWT,25.8799991607666,25.979999542236328,25.799999237060547,25.920000076293945,5884600
2010-04-30,EWT,25.65999984741211,25.700000762939453,25.3799991607666,25.420000076293945,8144200
2010-05-03,EWT,25.440000534057617,25.700000762939453,25.399999618530273,25.65999984741211,4766250
2010-05-04,EWT,25.1200008392334,25.18000030517578,24.6200008392334,24.6200008392334,11309500
2010-05-05,EWT,24.280000686645508,24.479999542236328,24.040000915527344,24.200000762939453,8696050
2010-05-06,EWT,23.959999084472656,24.139999389648438,22.239999771118164,23.260000228881836,12291250
2010-05-07,EWT,23.799999237060547,24.079999923706055,23.420000076293945,23.68000030517578,14213450
2010-05-10,EWT,24.6200008392334,24.81999969482422,24.520000457763672,24.700000762939453,9233050
2010-05-11,EWT,24.100000381469727,24.479999542236328,24.0,24.15999984741211,6241300
2010-05-12,EWT,24.280000686645508,24.399999618530273,24.18000030517578,24.31999969482422,5208200
2010-05-13,EWT,24.459999084472656,24.600000381469727,24.34000015258789,24.34000015258789,4886400
2010-05-14,EWT,24.260000228881836,24.31999969482422,23.920000076293945,24.15999984741211,7315850
2010-05-17,EWT,24.15999984741211,24.200000762939453,23.65999984741211,24.079999923706055,6424700
2010-05-18,EWT,24.100000381469727,24.18000030517578,23.5,23.6200008392334,7552050
2010-05-19,EWT,23.399999618530273,23.579999923706055,23.139999389648438,23.34000015258789,8369150
2010-05-20,EWT,22.65999984741211,22.81999969482422,22.31999969482422,22.459999084472656,13617950
2010-05-21,EWT,22.15999984741211,22.84000015258789,22.079999923706055,22.739999771118164,8230750
2010-05-24,EWT,22.780000686645508,22.899999618530273,22.639999389648438,22.700000762939453,5771900
2010-05-25,EWT,21.899999618530273,22.3799991607666,21.65999984741211,22.31999969482422,13203900
2010-05-26,EWT,22.399999618530273,22.540000915527344,22.020000457763672,22.139999389648438,7791950
2010-05-27,EWT,22.700000762939453,23.059999465942383,22.6200008392334,23.040000915527344,6420300
2010-05-28,EWT,23.0,23.0,22.6200008392334,22.719999313354492,7472200
2010-06-01,EWT,22.399999618530273,22.719999313354492,22.260000228881836,22.34000015258789,11196650
2010-06-02,EWT,22.299999237060547,22.719999313354492,22.280000686645508,22.719999313354492,8378850
2010-06-03,EWT,22.959999084472656,23.100000381469727,22.600000381469727,22.799999237060547,9960700
2010-06-04,EWT,22.5,22.540000915527344,22.059999465942383,22.18000030517578,9532700
2010-06-07,EWT,22.079999923706055,22.15999984741211,21.700000762939453,21.760000228881836,6777750
2010-06-08,EWT,21.81999969482422,22.059999465942383,21.6200008392334,21.959999084472656,6831900
2010-06-09,EWT,22.0,22.139999389648438,21.68000030517578,21.81999969482422,12054200
2010-06-10,EWT,22.280000686645508,22.579999923706055,22.280000686645508,22.559999465942383,5854950
2010-06-11,EWT,22.5,22.780000686645508,22.399999618530273,22.739999771118164,4537000
2010-06-14,EWT,22.959999084472656,23.15999984741211,22.739999771118164,22.780000686645508,5086400
2010-06-15,EWT,23.1200008392334,23.520000457763672,23.100000381469727,23.479999542236328,6076200
2010-06-16,EWT,23.3799991607666,23.6200008392334,23.299999237060547,23.540000915527344,3317000
2010-06-17,EWT,23.440000534057617,23.5,23.18000030517578,23.3799991607666,5012600
2010-06-18,EWT,23.34000015258789,23.479999542236328,23.280000686645508,23.420000076293945,3949550
2010-06-21,EWT,24.100000381469727,24.280000686645508,23.700000762939453,23.799999237060547,7711900
2010-06-22,EWT,23.84000015258789,23.899999618530273,23.459999084472656,23.540000915527344,7019400
2010-06-23,EWT,23.600000381469727,23.68000030517578,23.34000015258789,23.5,5011050
2010-06-24,EWT,23.399999618530273,23.540000915527344,23.200000762939453,23.360000610351562,5031050
2010-06-25,EWT,23.260000228881836,23.3799991607666,23.020000457763672,23.299999237060547,6474500
2010-06-28,EWT,23.360000610351562,23.420000076293945,23.15999984741211,23.219999313354492,6854350
2010-06-29,EWT,22.739999771118164,22.780000686645508,22.459999084472656,22.600000381469727,11303000
2010-06-30,EWT,22.600000381469727,22.760000228881836,22.3799991607666,22.399999618530273,5364900
2010-07-01,EWT,22.399999618530273,22.420000076293945,22.079999923706055,22.360000610351562,8274250
2010-07-02,EWT,22.600000381469727,22.760000228881836,22.420000076293945,22.579999923706055,3945000
2010-07-06,EWT,23.68000030517578,23.760000228881836,23.34000015258789,23.520000457763672,8336350
2010-07-07,EWT,23.5,23.860000610351562,23.479999542236328,23.84000015258789,6554500
2010-07-08,EWT,23.8799991607666,24.020000457763672,23.68000030517578,23.920000076293945,4943500
2010-07-09,EWT,23.920000076293945,24.100000381469727,23.899999618530273,24.0,2119200
2010-07-12,EWT,23.920000076293945,24.020000457763672,23.799999237060547,23.920000076293945,3642150
2010-07-13,EWT,24.1200008392334,24.200000762939453,23.979999542236328,24.079999923706055,5276800
2010-07-14,EWT,24.219999313354492,24.31999969482422,24.100000381469727,24.280000686645508,3788050
2010-07-15,EWT,24.280000686645508,24.299999237060547,23.979999542236328,24.100000381469727,10556000
2010-07-16,EWT,24.079999923706055,24.1200008392334,23.600000381469727,23.65999984741211,8820600
2010-07-19,EWT,24.040000915527344,24.1200008392334,23.899999618530273,24.100000381469727,3922800
2010-07-20,EWT,24.1200008392334,24.520000457763672,24.040000915527344,24.520000457763672,7964750
2010-07-21,EWT,24.399999618530273,24.399999618530273,23.979999542236328,24.079999923706055,7923300
2010-07-22,EWT,24.280000686645508,24.540000915527344,24.260000228881836,24.459999084472656,7661200
2010-07-23,EWT,24.420000076293945,24.719999313354492,24.399999618530273,24.6200008392334,6369900
2010-07-26,EWT,24.68000030517578,24.920000076293945,24.559999465942383,24.8799991607666,8627450
2010-07-27,EWT,24.81999969482422,24.8799991607666,24.6200008392334,24.780000686645508,7192750
2010-07-28,EWT,24.739999771118164,24.81999969482422,24.65999984741211,24.719999313354492,3432950
2010-07-29,EWT,25.0,25.0,24.639999389648438,24.799999237060547,7640300
2010-07-30,EWT,24.700000762939453,24.920000076293945,24.65999984741211,24.81999969482422,4397450
2010-08-02,EWT,25.5,25.739999771118164,25.420000076293945,25.579999923706055,4851000
2010-08-03,EWT,25.479999542236328,25.719999313354492,25.420000076293945,25.65999984741211,4058350
2010-08-04,EWT,25.65999984741211,25.719999313354492,25.520000457763672,25.579999923706055,6706650
2010-08-05,EWT,25.3799991607666,25.459999084472656,25.260000228881836,25.420000076293945,6951350
2010-08-06,EWT,25.31999969482422,25.479999542236328,25.200000762939453,25.399999618530273,3958450
2010-08-09,EWT,25.780000686645508,25.799999237060547,25.6200008392334,25.739999771118164,5565550
2010-08-10,EWT,25.360000610351562,25.579999923706055,25.31999969482422,25.520000457763672,7457350
2010-08-11,EWT,24.979999542236328,25.040000915527344,24.84000015258789,24.8799991607666,7013500
2010-08-12,EWT,24.68000030517578,24.940000534057617,24.68000030517578,24.920000076293945,6976850
2010-08-13,EWT,25.079999923706055,25.15999984741211,24.979999542236328,25.100000381469727,3320100
2010-08-16,EWT,25.18000030517578,25.299999237060547,25.100000381469727,25.239999771118164,2453900
2010-08-17,EWT,25.34000015258789,25.540000915527344,25.280000686645508,25.299999237060547,4848450
2010-08-18,EWT,25.260000228881836,25.34000015258789,25.100000381469727,25.280000686645508,3301750
2010-08-19,EWT,25.299999237060547,25.31999969482422,24.920000076293945,25.040000915527344,6180900
2010-08-20,EWT,25.139999389648438,25.139999389648438,24.959999084472656,25.1200008392334,3464950
2010-08-23,EWT,25.360000610351562,25.459999084472656,25.200000762939453,25.239999771118164,5679000
2010-08-24,EWT,24.8799991607666,25.079999923706055,24.760000228881836,24.979999542236328,7996350
2010-08-25,EWT,24.5,24.700000762939453,24.31999969482422,24.600000381469727,9256000
2010-08-26,EWT,24.459999084472656,24.540000915527344,24.260000228881836,24.3799991607666,6485300
2010-08-27,EWT,24.559999465942383,24.739999771118164,24.3799991607666,24.719999313354492,9353950
2010-08-30,EWT,24.579999923706055,24.639999389648438,24.440000534057617,24.459999084472656,4153050
2010-08-31,EWT,24.18000030517578,24.3799991607666,24.1200008392334,24.280000686645508,7651250
2010-09-01,EWT,24.559999465942383,24.760000228881836,24.459999084472656,24.719999313354492,7763650
2010-09-02,EWT,24.639999389648438,24.780000686645508,24.579999923706055,24.739999771118164,2748750
2010-09-03,EWT,25.280000686645508,25.360000610351562,25.1200008392334,25.200000762939453,6746700
2010-09-07,EWT,24.979999542236328,25.100000381469727,24.920000076293945,24.920000076293945,2959250
2010-09-08,EWT,25.059999465942383,25.200000762939453,25.059999465942383,25.100000381469727,4449000
2010-09-09,EWT,25.280000686645508,25.299999237060547,25.139999389648438,25.18000030517578,3866800
2010-09-10,EWT,25.260000228881836,25.420000076293945,25.260000228881836,25.31999969482422,3603300
2010-09-13,EWT,26.040000915527344,26.139999389648438,26.020000457763672,26.1200008392334,6478600
2010-09-14,EWT,26.15999984741211,26.420000076293945,26.100000381469727,26.280000686645508,4492500
2010-09-15,EWT,26.260000228881836,26.420000076293945,26.15999984741211,26.399999618530273,2977050
2010-09-16,EWT,26.059999465942383,26.260000228881836,26.040000915527344,26.239999771118164,6252650
2010-09-17,EWT,26.31999969482422,26.31999969482422,26.1200008392334,26.200000762939453,3556500
2010-09-20,EWT,26.420000076293945,26.68000030517578,26.34000015258789,26.579999923706055,3635000
2010-09-21,EWT,26.559999465942383,26.600000381469727,26.399999618530273,26.5,4030000
2010-09-22,EWT,26.440000534057617,26.579999923706055,26.31999969482422,26.420000076293945,5726050
2010-09-23,EWT,26.31999969482422,26.540000915527344,26.31999969482422,26.399999618530273,4228500
2010-09-24,EWT,26.600000381469727,26.860000610351562,26.559999465942383,26.799999237060547,5233200
2010-09-27,EWT,26.739999771118164,26.780000686645508,26.639999389648438,26.65999984741211,3882350
2010-09-28,EWT,26.719999313354492,26.860000610351562,26.540000915527344,26.799999237060547,4448750
2010-09-29,EWT,26.84000015258789,27.059999465942383,26.81999969482422,26.979999542236328,5183750
2010-09-30,EWT,27.1200008392334,27.200000762939453,26.8799991607666,27.100000381469727,9853850
2010-10-01,EWT,27.219999313354492,27.31999969482422,27.1200008392334,27.260000228881836,5353550
2010-10-04,EWT,27.059999465942383,27.15999984741211,26.959999084472656,27.1200008392334,3851700
2010-10-05,EWT,27.0,27.299999237060547,27.0,27.239999771118164,5308700
2010-10-06,EWT,27.360000610351562,27.5,27.34000015258789,27.459999084472656,3972500
2010-10-07,EWT,27.5,27.559999465942383,27.239999771118164,27.34000015258789,4202100
2010-10-08,EWT,27.219999313354492,27.459999084472656,27.079999923706055,27.420000076293945,5792750
2010-10-11,EWT,27.1200008392334,27.15999984741211,27.020000457763672,27.139999389648438,4211950
2010-10-12,EWT,26.639999389648438,26.81999969482422,26.559999465942383,26.780000686645508,5512600
2010-10-13,EWT,26.920000076293945,27.100000381469727,26.8799991607666,26.959999084472656,15230850
2010-10-14,EWT,27.100000381469727,27.299999237060547,27.100000381469727,27.18000030517578,5916550
2010-10-15,EWT,27.280000686645508,27.31999969482422,27.040000915527344,27.18000030517578,5403700
2010-10-18,EWT,26.600000381469727,26.940000534057617,26.540000915527344,26.940000534057617,8734550
2010-10-19,EWT,26.280000686645508,26.31999969482422,26.020000457763672,26.100000381469727,8907700
2010-10-20,EWT,26.6200008392334,26.760000228881836,26.559999465942383,26.65999984741211,10247400
2010-10-21,EWT,26.799999237060547,27.0,26.600000381469727,26.780000686645508,9932800
2010-10-22,EWT,26.860000610351562,27.0,26.84000015258789,26.920000076293945,4860800
2010-10-25,EWT,27.6200008392334,27.760000228881836,27.579999923706055,27.68000030517578,9689150
2010-10-26,EWT,27.600000381469727,27.68000030517578,27.5,27.639999389648438,4521900
2010-10-27,EWT,27.3799991607666,27.540000915527344,27.239999771118164,27.3799991607666,7567700
2010-10-28,EWT,27.799999237060547,27.84000015258789,27.65999984741211,27.799999237060547,4246950
2010-10-29,EWT,27.68000030517578,27.84000015258789,27.68000030517578,27.799999237060547,4381950
2010-11-01,EWT,28.139999389648438,28.260000228881836,27.979999542236328,28.059999465942383,3543200
2010-11-02,EWT,28.139999389648438,28.239999771118164,28.040000915527344,28.15999984741211,3781550
2010-11-03,EWT,28.100000381469727,28.239999771118164,27.81999969482422,28.219999313354492,6278600
2010-11-04,EWT,28.600000381469727,28.860000610351562,28.139999389648438,28.84000015258789,6473150
2010-11-05,EWT,28.799999237060547,28.920000076293945,28.719999313354492,28.81999969482422,6195500
2010-11-08,EWT,28.68000030517578,28.780000686645508,28.579999923706055,28.719999313354492,3159550
2010-11-09,EWT,28.799999237060547,28.899999618530273,28.559999465942383,28.68000030517578,4257100
2010-11-10,EWT,28.799999237060547,28.84000015258789,28.540000915527344,28.81999969482422,5145150
2010-11-11,EWT,28.459999084472656,28.68000030517578,28.440000534057617,28.65999984741211,6686800
2010-11-12,EWT,28.219999313354492,28.239999771118164,27.8799991607666,27.979999542236328,10193650
2010-11-15,EWT,28.059999465942383,28.1200008392334,27.920000076293945,27.959999084472656,4614350
2010-11-16,EWT,27.979999542236328,28.059999465942383,27.639999389648438,27.739999771118164,7811250
2010-11-17,EWT,27.760000228881836,27.940000534057617,27.719999313354492,27.719999313354492,5192750
2010-11-18,EWT,28.040000915527344,28.200000762939453,28.040000915527344,28.100000381469727,4326500
2010-11-19,EWT,28.100000381469727,28.18000030517578,27.8799991607666,28.15999984741211,4016550
2010-11-22,EWT,28.360000610351562,28.360000610351562,28.079999923706055,28.360000610351562,4667100
2010-11-23,EWT,27.84000015258789,27.84000015258789,27.639999389648438,27.780000686645508,5101950
2010-11-24,EWT,27.940000534057617,28.15999984741211,27.920000076293945,28.100000381469727,5440700
2010-11-26,EWT,27.84000015258789,27.959999084472656,27.780000686645508,27.899999618530273,3342850
2010-11-29,EWT,28.280000686645508,28.31999969482422,27.940000534057617,28.139999389648438,7063650
2010-11-30,EWT,28.059999465942383,28.299999237060547,28.040000915527344,28.18000030517578,6182500
2010-12-01,EWT,28.84000015258789,29.1200008392334,28.81999969482422,28.979999542236328,7586300
2010-12-02,EWT,29.079999923706055,29.5,29.059999465942383,29.440000534057617,6079500
2010-12-03,EWT,29.34000015258789,29.579999923706055,29.239999771118164,29.559999465942383,8846100
2010-12-06,EWT,29.719999313354492,29.860000610351562,29.579999923706055,29.84000015258789,5437450
2010-12-07,EWT,29.920000076293945,30.0,29.739999771118164,29.739999771118164,6646350
2010-12-08,EWT,29.65999984741211,29.739999771118164,29.440000534057617,29.6200008392334,8736000
2010-12-09,EWT,29.84000015258789,29.920000076293945,29.760000228881836,29.860000610351562,4524950
2010-12-10,EWT,29.84000015258789,30.0,29.760000228881836,29.959999084472656,4453350
2010-12-13,EWT,30.0,30.15999984741211,29.940000534057617,29.979999542236328,3736650
2010-12-14,EWT,30.079999923706055,30.15999984741211,30.020000457763672,30.079999923706055,4396350
2010-12-15,EWT,30.219999313354492,30.299999237060547,29.940000534057617,30.020000457763672,5558350
2010-12-16,EWT,30.18000030517578,30.520000457763672,30.1200008392334,30.479999542236328,13066850
2010-12-17,EWT,30.520000457763672,30.65999984741211,30.399999618530273,30.639999389648438,4778350
2010-12-20,EWT,30.360000610351562,30.5,30.239999771118164,30.360000610351562,4684450
2010-12-21,EWT,30.020000457763672,30.139999389648438,29.959999084472656,30.0,4886900
2010-12-22,EWT,30.059999465942383,30.079999923706055,29.959999084472656,30.020000457763672,2996300
2010-12-23,EWT,30.040000915527344,30.100000381469727,29.959999084472656,30.079999923706055,4133400
2010-12-27,EWT,30.260000228881836,30.3799991607666,30.18000030517578,30.360000610351562,4229800
2010-12-28,EWT,30.5,30.5,30.280000686645508,30.360000610351562,2646800
2010-12-29,EWT,30.579999923706055,30.739999771118164,30.5,30.719999313354492,4102850
2010-12-30,EWT,30.84000015258789,30.940000534057617,30.780000686645508,30.920000076293945,3776150
2010-12-31,EWT,30.979999542236328,31.260000228881836,30.979999542236328,31.239999771118164,2905000
2011-01-03,EWT,31.479999542236328,31.600000381469727,31.399999618530273,31.459999084472656,3274950
2011-01-04,EWT,31.239999771118164,31.280000686645508,31.0,31.219999313354492,4814900
2011-01-05,EWT,30.520000457763672,30.780000686645508,30.5,30.700000762939453,7456600
2011-01-06,EWT,30.700000762939453,30.760000228881836,30.559999465942383,30.639999389648438,4509950
2011-01-07,EWT,30.299999237060547,30.31999969482422,30.0,30.15999984741211,6813050
2011-01-10,EWT,30.299999237060547,30.31999969482422,30.15999984741211,30.219999313354492,5235100
2011-01-11,EWT,31.020000457763672,31.059999465942383,30.84000015258789,30.940000534057617,5188500
2011-01-12,EWT,31.31999969482422,31.559999465942383,31.219999313354492,31.520000457763672,8020700
2011-01-13,EWT,31.360000610351562,31.420000076293945,31.280000686645508,31.399999618530273,4098700
2011-01-14,EWT,31.260000228881836,31.459999084472656,31.239999771118164,31.420000076293945,3713900
2011-01-18,EWT,31.420000076293945,31.540000915527344,31.3799991607666,31.420000076293945,5443250
2011-01-19,EWT,31.65999984741211,31.700000762939453,31.34000015258789,31.479999542236328,6244550
2011-01-20,EWT,31.3799991607666,31.3799991607666,31.059999465942383,31.280000686645508,3899350
2011-01-21,EWT,31.200000762939453,31.260000228881836,30.979999542236328,31.040000915527344,5987500
2011-01-24,EWT,31.0,31.219999313354492,31.0,31.139999389648438,4668800
2011-01-25,EWT,31.139999389648438,31.31999969482422,31.040000915527344,31.219999313354492,7588950
2011-01-26,EWT,31.540000915527344,31.700000762939453,31.479999542236328,31.559999465942383,4621750
2011-01-27,EWT,31.760000228881836,31.940000534057617,31.760000228881836,31.799999237060547,4085450
2011-01-28,EWT,31.940000534057617,31.959999084472656,31.1200008392334,31.18000030517578,9053700
2011-01-31,EWT,31.459999084472656,31.5,31.139999389648438,31.139999389648438,9492650
2011-02-01,EWT,31.65999984741211,31.979999542236328,31.639999389648438,31.920000076293945,6702000
2011-02-02,EWT,31.979999542236328,32.060001373291016,31.84000015258789,31.899999618530273,3868350
2011-02-03,EWT,31.920000076293945,31.959999084472656,31.700000762939453,31.8799991607666,3234700
2011-02-04,EWT,31.959999084472656,32.060001373291016,31.799999237060547,32.02000045776367,3211450
2011-02-07,EWT,31.920000076293945,32.15999984741211,31.81999969482422,32.119998931884766,3970000
2011-02-08,EWT,31.860000610351562,31.860000610351562,31.65999984741211,31.780000686645508,6626550
2011-02-09,EWT,31.31999969482422,31.399999618530273,31.1200008392334,31.239999771118164,6906200
2011-02-10,EWT,30.280000686645508,30.700000762939453,30.219999313354492,30.600000381469727,8773150
2011-02-11,EWT,29.540000915527344,30.040000915527344,29.5,29.940000534057617,11146000
2011-02-14,EWT,29.719999313354492,29.799999237060547,29.6200008392334,29.700000762939453,6084150
2011-02-15,EWT,29.84000015258789,29.860000610351562,29.600000381469727,29.739999771118164,7463150
2011-02-16,EWT,29.719999313354492,29.84000015258789,29.639999389648438,29.84000015258789,6310700
2011-02-17,EWT,29.739999771118164,29.940000534057617,29.68000030517578,29.8799991607666,4869700
2011-02-18,EWT,30.3799991607666,30.440000534057617,30.239999771118164,30.420000076293945,4807900
2011-02-22,EWT,29.3799991607666,29.5,29.020000457763672,29.040000915527344,9527700
2011-02-23,EWT,29.020000457763672,29.079999923706055,28.65999984741211,28.940000534057617,9144050
2011-02-24,EWT,28.8799991607666,28.940000534057617,28.68000030517578,28.860000610351562,7329500
2011-02-25,EWT,29.139999389648438,29.479999542236328,29.139999389648438,29.260000228881836,6845300
2011-02-28,EWT,29.479999542236328,29.579999923706055,29.420000076293945,29.479999542236328,5932650
2011-03-01,EWT,29.860000610351562,29.899999618530273,29.440000534057617,29.479999542236328,6772550
2011-03-02,EWT,29.399999618530273,29.68000030517578,29.399999618530273,29.579999923706055,3934800
2011-03-03,EWT,30.040000915527344,30.299999237060547,30.020000457763672,30.18000030517578,5058250
2011-03-04,EWT,30.31999969482422,30.440000534057617,30.040000915527344,30.280000686645508,4018900
2011-03-07,EWT,30.18000030517578,30.239999771118164,29.700000762939453,29.739999771118164,7859550
2011-03-08,EWT,30.0,30.260000228881836,29.84000015258789,30.219999313354492,7252250
2011-03-09,EWT,30.200000762939453,30.260000228881836,30.040000915527344,30.15999984741211,4975750
2011-03-10,EWT,29.440000534057617,29.459999084472656,29.059999465942383,29.15999984741211,7810450
2011-03-11,EWT,28.760000228881836,29.299999237060547,28.739999771118164,29.280000686645508,6616900
2011-03-14,EWT,28.860000610351562,29.15999984741211,28.81999969482422,29.1200008392334,7093250
2011-03-15,EWT,27.540000915527344,28.440000534057617,27.459999084472656,28.440000534057617,17329400
2011-03-16,EWT,28.260000228881836,28.299999237060547,27.600000381469727,27.719999313354492,14844050
2011-03-17,EWT,28.200000762939453,28.3799991607666,27.979999542236328,28.280000686645508,11239250
2011-03-18,EWT,28.639999389648438,28.639999389648438,28.3799991607666,28.559999465942383,7530450
2011-03-21,EWT,28.8799991607666,29.020000457763672,28.8799991607666,28.920000076293945,3583250
2011-03-22,EWT,28.799999237060547,28.899999618530273,28.639999389648438,28.700000762939453,8818750
2011-03-23,EWT,28.780000686645508,29.200000762939453,28.719999313354492,29.100000381469727,6608000
2011-03-24,EWT,29.31999969482422,29.600000381469727,29.15999984741211,29.459999084472656,8625550
2011-03-25,EWT,29.479999542236328,29.579999923706055,29.399999618530273,29.459999084472656,4513350
2011-03-28,EWT,29.239999771118164,29.399999618530273,29.200000762939453,29.239999771118164,5426050
2011-03-29,EWT,29.34000015258789,29.479999542236328,29.239999771118164,29.3799991607666,4994150
2011-03-30,EWT,29.459999084472656,29.6200008392334,29.420000076293945,29.5,2977200
2011-03-31,EWT,29.68000030517578,29.780000686645508,29.639999389648438,29.719999313354492,3718800
2011-04-01,EWT,30.15999984741211,30.239999771118164,29.979999542236328,30.200000762939453,7106900
2011-04-04,EWT,30.200000762939453,30.34000015258789,30.100000381469727,30.280000686645508,5146100
2011-04-05,EWT,30.139999389648438,30.479999542236328,30.139999389648438,30.260000228881836,5787750
2011-04-06,EWT,30.979999542236328,31.059999465942383,30.860000610351562,30.860000610351562,7659850
2011-04-07,EWT,31.059999465942383,31.200000762939453,30.940000534057617,31.040000915527344,5031700
2011-04-08,EWT,31.0,31.020000457763672,30.760000228881836,30.8799991607666,2869450
2011-04-11,EWT,30.799999237060547,30.8799991607666,30.479999542236328,30.600000381469727,7951600
2011-04-12,EWT,30.18000030517578,30.18000030517578,29.860000610351562,30.0,6011350
2011-04-13,EWT,30.459999084472656,30.520000457763672,30.219999313354492,30.299999237060547,6606050
2011-04-14,EWT,30.239999771118164,30.479999542236328,30.200000762939453,30.399999618530273,3815700
2011-04-15,EWT,30.079999923706055,30.200000762939453,29.979999542236328,30.139999389648438,3331150
2011-04-18,EWT,29.579999923706055,29.719999313354492,29.479999542236328,29.68000030517578,6141000
2011-04-19,EWT,29.700000762939453,29.860000610351562,29.639999389648438,29.860000610351562,5324050
2011-04-20,EWT,30.6200008392334,30.81999969482422,30.6200008392334,30.760000228881836,5050050
2011-04-21,EWT,31.1200008392334,31.34000015258789,31.100000381469727,31.200000762939453,4325750
2011-04-25,EWT,31.200000762939453,31.219999313354492,31.0,31.059999465942383,2332100
2011-04-26,EWT,31.239999771118164,31.399999618530273,31.139999389648438,31.299999237060547,4950000
2011-04-27,EWT,31.6200008392334,31.940000534057617,31.540000915527344,31.81999969482422,8416150
2011-04-28,EWT,31.559999465942383,31.739999771118164,31.520000457763672,31.639999389648438,5261750
2011-04-29,EWT,31.84000015258789,32.0,31.760000228881836,32.0,3667150
2011-05-02,EWT,32.0,32.119998931884766,31.8799991607666,31.8799991607666,3860250
2011-05-03,EWT,31.420000076293945,31.5,31.15999984741211,31.420000076293945,5885700
2011-05-04,EWT,31.479999542236328,31.540000915527344,31.059999465942383,31.260000228881836,6251900
2011-05-05,EWT,31.440000534057617,31.6200008392334,31.219999313354492,31.360000610351562,8016650
2011-05-06,EWT,31.719999313354492,32.040000915527344,31.639999389648438,31.65999984741211,7847450
2011-05-09,EWT,31.760000228881836,31.920000076293945,31.65999984741211,31.799999237060547,6550900
2011-05-10,EWT,31.8799991607666,32.119998931884766,31.84000015258789,32.040000915527344,6340200
2011-05-11,EWT,31.780000686645508,31.799999237060547,31.31999969482422,31.520000457763672,6449400
2011-05-12,EWT,31.459999084472656,31.84000015258789,31.399999618530273,31.84000015258789,6064850
2011-05-13,EWT,31.780000686645508,31.780000686645508,31.1200008392334,31.200000762939453,10124200
2011-05-16,EWT,30.959999084472656,31.280000686645508,30.860000610351562,30.959999084472656,6631800
2011-05-17,EWT,30.8799991607666,30.959999084472656,30.6200008392334,30.860000610351562,4861800
2011-05-18,EWT,31.100000381469727,31.34000015258789,31.040000915527344,31.280000686645508,4735250
2011-05-19,EWT,31.0,31.100000381469727,30.8799991607666,31.079999923706055,3701600
2011-05-20,EWT,30.739999771118164,30.81999969482422,30.559999465942383,30.68000030517578,5291400
2011-05-23,EWT,30.100000381469727,30.239999771118164,29.959999084472656,30.200000762939453,4395750
2011-05-24,EWT,30.440000534057617,30.479999542236328,30.280000686645508,30.31999969482422,2216450
2011-05-25,EWT,30.219999313354492,30.440000534057617,30.200000762939453,30.360000610351562,2848450
2011-05-26,EWT,30.3799991607666,30.559999465942383,30.360000610351562,30.5,4046700
2011-05-27,EWT,30.639999389648438,30.719999313354492,30.540000915527344,30.6200008392334,3264900
2011-05-31,EWT,31.6200008392334,31.6200008392334,31.399999618530273,31.520000457763672,7029500
2011-06-01,EWT,31.780000686645508,31.899999618530273,31.3799991607666,31.479999542236328,7948500
2011-06-02,EWT,31.559999465942383,31.719999313354492,31.440000534057617,31.6200008392334,4897400
2011-06-03,EWT,31.459999084472656,31.739999771118164,31.399999618530273,31.5,3580650
2011-06-06,EWT,31.360000610351562,31.600000381469727,31.260000228881836,31.34000015258789,4732600
2011-06-07,EWT,31.739999771118164,31.84000015258789,31.600000381469727,31.600000381469727,5273150
2011-06-08,EWT,31.420000076293945,31.540000915527344,31.260000228881836,31.3799991607666,4562750
2011-06-09,EWT,31.459999084472656,31.719999313354492,31.399999618530273,31.6200008392334,6649800
2011-06-10,EWT,30.799999237060547,30.84000015258789,30.540000915527344,30.65999984741211,10179850
2011-06-13,EWT,30.3799991607666,30.5,30.239999771118164,30.260000228881836,5900950
2011-06-14,EWT,30.739999771118164,30.920000076293945,30.739999771118164,30.780000686645508,5735650
2011-06-15,EWT,30.360000610351562,30.459999084472656,30.059999465942383,30.200000762939453,6886800
2011-06-16,EWT,29.920000076293945,30.0,29.65999984741211,29.8799991607666,6616150
2011-06-17,EWT,29.940000534057617,30.059999465942383,29.81999969482422,29.84000015258789,5019650
2011-06-20,EWT,29.5,29.68000030517578,29.459999084472656,29.639999389648438,4613550
2011-06-21,EWT,29.8799991607666,30.18000030517578,29.860000610351562,30.079999923706055,4279100
2011-06-22,EWT,29.860000610351562,29.979999542236328,29.780000686645508,29.799999237060547,7625250
2011-06-23,EWT,29.3799991607666,29.68000030517578,29.139999389648438,29.68000030517578,6167750
2011-06-24,EWT,29.440000534057617,29.479999542236328,29.100000381469727,29.200000762939453,6995650
2011-06-27,EWT,29.1200008392334,29.5,29.079999923706055,29.420000076293945,5215700
2011-06-28,EWT,29.219999313354492,29.559999465942383,29.200000762939453,29.540000915527344,6745300
2011-06-29,EWT,29.6200008392334,29.920000076293945,29.540000915527344,29.920000076293945,5877650
2011-06-30,EWT,30.020000457763672,30.3799991607666,29.979999542236328,30.360000610351562,5734000
2011-07-01,EWT,30.360000610351562,30.780000686645508,30.299999237060547,30.780000686645508,5252400
2011-07-05,EWT,30.559999465942383,30.600000381469727,30.3799991607666,30.520000457763672,4247950
2011-07-06,EWT,30.639999389648438,30.639999389648438,30.420000076293945,30.520000457763672,6289500
2011-07-07,EWT,30.65999984741211,30.860000610351562,30.600000381469727,30.65999984741211,5187800
2011-07-08,EWT,30.3799991607666,30.3799991607666,30.059999465942383,30.360000610351562,4634850
2011-07-11,EWT,30.0,30.1200008392334,29.68000030517578,29.799999237060547,6778800
2011-07-12,EWT,29.440000534057617,29.520000457763672,29.31999969482422,29.420000076293945,5565850
2011-07-13,EWT,29.65999984741211,29.940000534057617,29.5,29.639999389648438,4430650
2011-07-14,EWT,29.760000228881836,29.860000610351562,29.399999618530273,29.479999542236328,4728450
2011-07-15,EWT,29.780000686645508,29.81999969482422,29.6200008392334,29.760000228881836,8022150
2011-07-18,EWT,29.520000457763672,29.559999465942383,29.280000686645508,29.399999618530273,3529100
2011-07-19,EWT,29.65999984741211,29.8799991607666,29.600000381469727,29.799999237060547,4020850
2011-07-20,EWT,30.440000534057617,30.520000457763672,30.31999969482422,30.31999969482422,4846050
2011-07-21,EWT,30.420000076293945,30.899999618530273,30.420000076293945,30.84000015258789,4934450
2011-07-22,EWT,30.700000762939453,30.860000610351562,30.639999389648438,30.739999771118164,2731600
2011-07-25,EWT,30.479999542236328,30.639999389648438,30.440000534057617,30.520000457763672,3805600
2011-07-26,EWT,30.940000534057617,31.079999923706055,30.81999969482422,30.860000610351562,2999550
2011-07-27,EWT,30.84000015258789,30.8799991607666,30.520000457763672,30.6200008392334,4395350
2011-07-28,EWT,30.700000762939453,30.8799991607666,30.559999465942383,30.68000030517578,3654500
2011-07-29,EWT,30.280000686645508,30.579999923706055,30.18000030517578,30.31999969482422,4143850
2011-08-01,EWT,30.5,30.559999465942383,30.059999465942383,30.440000534057617,5933600
2011-08-02,EWT,30.200000762939453,30.239999771118164,29.739999771118164,29.780000686645508,10071800
2011-08-03,EWT,29.579999923706055,29.65999984741211,29.139999389648438,29.65999984741211,7553500
2011-08-04,EWT,28.559999465942383,28.760000228881836,28.200000762939453,28.219999313354492,10551350
2011-08-05,EWT,27.739999771118164,27.739999771118164,26.81999969482422,27.360000610351562,15530400
2011-08-08,EWT,26.719999313354492,26.799999237060547,25.3799991607666,25.6200008392334,13509450
2011-08-09,EWT,26.5,27.200000762939453,25.68000030517578,27.059999465942383,15752950
2011-08-10,EWT,26.799999237060547,26.8799991607666,26.1200008392334,26.219999313354492,13301500
2011-08-11,EWT,26.760000228881836,28.0,26.700000762939453,27.600000381469727,11291550
2011-08-12,EWT,27.299999237060547,27.5,27.059999465942383,27.34000015258789,7225550
2011-08-15,EWT,27.639999389648438,27.8799991607666,27.600000381469727,27.8799991607666,4660950
2011-08-16,EWT,27.3799991607666,27.540000915527344,27.059999465942383,27.200000762939453,7575350
2011-08-17,EWT,27.200000762939453,27.360000610351562,26.940000534057617,27.219999313354492,5439550
2011-08-18,EWT,26.3799991607666,26.3799991607666,25.520000457763672,26.18000030517578,9412850
2011-08-19,EWT,25.540000915527344,26.260000228881836,25.540000915527344,25.700000762939453,6519150
2011-08-22,EWT,26.1200008392334,26.219999313354492,25.700000762939453,25.860000610351562,4373150
2011-08-23,EWT,26.520000457763672,27.079999923706055,26.31999969482422,27.040000915527344,5521550
2011-08-24,EWT,26.440000534057617,26.760000228881836,26.280000686645508,26.760000228881836,5712600
2011-08-25,EWT,26.31999969482422,26.459999084472656,25.739999771118164,25.959999084472656,6643300
2011-08-26,EWT,26.059999465942383,26.420000076293945,25.739999771118164,26.34000015258789,4132100
2011-08-29,EWT,26.760000228881836,27.1200008392334,26.719999313354492,27.079999923706055,2706050
2011-08-30,EWT,26.940000534057617,27.299999237060547,26.799999237060547,27.100000381469727,4185150
2011-08-31,EWT,27.600000381469727,27.780000686645508,27.440000534057617,27.479999542236328,5473200
2011-09-01,EWT,27.420000076293945,27.65999984741211,27.15999984741211,27.18000030517578,5754700
2011-09-02,EWT,27.059999465942383,27.100000381469727,26.719999313354492,26.84000015258789,6776450
2011-09-06,EWT,26.0,26.479999542236328,25.8799991607666,26.479999542236328,6471350
2011-09-07,EWT,26.81999969482422,27.18000030517578,26.6200008392334,27.1200008392334,5644500
2011-09-08,EWT,26.719999313354492,26.979999542236328,26.5,26.600000381469727,4082700
2011-09-09,EWT,26.5,26.579999923706055,26.020000457763672,26.200000762939453,5311750
2011-09-12,EWT,25.81999969482422,26.280000686645508,25.68000030517578,26.280000686645508,4493600
2011-09-13,EWT,25.68000030517578,26.040000915527344,25.479999542236328,26.0,6303900
2011-09-14,EWT,25.600000381469727,25.959999084472656,25.200000762939453,25.780000686645508,7047950
2011-09-15,EWT,26.15999984741211,26.299999237060547,26.0,26.280000686645508,4558550
2011-09-16,EWT,26.479999542236328,26.68000030517578,26.3799991607666,26.639999389648438,2978050
2011-09-19,EWT,25.799999237060547,25.920000076293945,25.579999923706055,25.899999618530273,4784250
2011-09-20,EWT,26.020000457763672,26.15999984741211,25.739999771118164,25.739999771118164,4552000
2011-09-21,EWT,25.68000030517578,25.799999237060547,25.15999984741211,25.200000762939453,5027900
2011-09-22,EWT,24.079999923706055,24.219999313354492,23.219999313354492,23.65999984741211,18373150
2011-09-23,EWT,23.780000686645508,24.239999771118164,23.700000762939453,24.219999313354492,7319050
2011-09-26,EWT,23.600000381469727,23.979999542236328,23.420000076293945,23.8799991607666,4194950
2011-09-27,EWT,24.700000762939453,25.260000228881836,24.600000381469727,24.68000030517578,7724650
2011-09-28,EWT,24.399999618530273,24.68000030517578,24.139999389648438,24.18000030517578,4775150
2011-09-29,EWT,24.760000228881836,24.84000015258789,24.059999465942383,24.459999084472656,3952450
2011-09-30,EWT,24.1200008392334,24.200000762939453,23.520000457763672,23.6200008392334,9125000
2011-10-03,EWT,23.700000762939453,24.0,23.299999237060547,23.299999237060547,6618050
2011-10-04,EWT,23.420000076293945,24.18000030517578,23.020000457763672,24.040000915527344,10250000
2011-10-05,EWT,23.639999389648438,24.260000228881836,23.540000915527344,24.200000762939453,7735050
2011-10-06,EWT,24.15999984741211,24.700000762939453,24.059999465942383,24.65999984741211,5315700
2011-10-07,EWT,24.600000381469727,24.68000030517578,24.200000762939453,24.360000610351562,3649250
2011-10-10,EWT,24.68000030517578,25.299999237060547,24.68000030517578,25.200000762939453,3865050
2011-10-11,EWT,25.15999984741211,25.360000610351562,25.079999923706055,25.280000686645508,3640550
2011-10-12,EWT,25.5,25.780000686645508,25.459999084472656,25.540000915527344,4056300
2011-10-13,EWT,25.219999313354492,25.399999618530273,25.059999465942383,25.3799991607666,3214150
2011-10-14,EWT,25.420000076293945,25.639999389648438,25.34000015258789,25.639999389648438,3956550
2011-10-17,EWT,25.5,25.540000915527344,25.040000915527344,25.15999984741211,3820250
2011-10-18,EWT,25.1200008392334,25.65999984741211,24.81999969482422,25.520000457763672,5630300
2011-10-19,EWT,25.299999237060547,25.3799991607666,25.020000457763672,25.139999389648438,5184200
2011-10-20,EWT,24.81999969482422,24.81999969482422,24.299999237060547,24.68000030517578,6344650
2011-10-21,EWT,24.899999618530273,25.18000030517578,24.899999618530273,25.139999389648438,4258700
2011-10-24,EWT,25.6200008392334,26.100000381469727,25.579999923706055,25.899999618530273,8348200
2011-10-25,EWT,25.6200008392334,25.739999771118164,25.440000534057617,25.600000381469727,4630800
2011-10-26,EWT,25.979999542236328,26.040000915527344,25.559999465942383,25.899999618530273,4331700
2011-10-27,EWT,26.600000381469727,27.3799991607666,26.420000076293945,27.040000915527344,11540850
2011-10-28,EWT,26.34000015258789,26.739999771118164,26.299999237060547,26.579999923706055,6282800
2011-10-31,EWT,26.200000762939453,26.219999313354492,25.860000610351562,25.899999618530273,3252150
2011-11-01,EWT,25.5,25.84000015258789,25.399999618530273,25.760000228881836,6086300
2011-11-02,EWT,26.18000030517578,26.440000534057617,25.979999542236328,26.200000762939453,4888050
2011-11-03,EWT,25.940000534057617,26.31999969482422,25.780000686645508,26.139999389648438,8287700
2011-11-04,EWT,26.139999389648438,26.299999237060547,25.899999618530273,26.280000686645508,3512950
2011-11-07,EWT,26.139999389648438,26.34000015258789,25.979999542236328,26.239999771118164,2478000
2011-11-08,EWT,26.299999237060547,26.5,26.079999923706055,26.479999542236328,3240800
2011-11-09,EWT,25.639999389648438,25.68000030517578,25.100000381469727,25.399999618530273,5527300
2011-11-10,EWT,25.18000030517578,25.280000686645508,24.979999542236328,25.139999389648438,3944100
2011-11-11,EWT,25.440000534057617,25.739999771118164,25.440000534057617,25.639999389648438,3451300
2011-11-14,EWT,25.780000686645508,25.8799991607666,25.540000915527344,25.6200008392334,2191400
2011-11-15,EWT,25.639999389648438,25.979999542236328,25.579999923706055,25.780000686645508,2516600
2011-11-16,EWT,25.280000686645508,25.479999542236328,25.1200008392334,25.15999984741211,3606300
2011-11-17,EWT,25.299999237060547,25.31999969482422,24.579999923706055,24.700000762939453,9754250
2011-11-18,EWT,24.84000015258789,24.8799991607666,24.520000457763672,24.700000762939453,4877100
2011-11-21,EWT,23.940000534057617,24.0,23.579999923706055,23.860000610351562,6830250
2011-11-22,EWT,23.899999618530273,24.059999465942383,23.739999771118164,23.940000534057617,4974950
2011-11-23,EWT,23.34000015258789,23.360000610351562,23.020000457763672,23.079999923706055,7975700
2011-11-25,EWT,23.020000457763672,23.280000686645508,22.959999084472656,23.020000457763672,3139350
2011-11-28,EWT,23.84000015258789,23.899999618530273,23.6200008392334,23.84000015258789,4855150
2011-11-29,EWT,23.799999237060547,23.979999542236328,23.68000030517578,23.780000686645508,4527500
2011-11-30,EWT,24.520000457763672,24.760000228881836,24.399999618530273,24.700000762939453,7892600
2011-12-01,EWT,24.860000610351562,25.139999389648438,24.81999969482422,24.979999542236328,3793200
2011-12-02,EWT,24.899999618530273,24.959999084472656,24.639999389648438,24.68000030517578,2564100
2011-12-05,EWT,24.799999237060547,24.860000610351562,24.639999389648438,24.780000686645508,4700950
2011-12-06,EWT,24.260000228881836,24.3799991607666,24.100000381469727,24.219999313354492,4045200
2011-12-07,EWT,24.15999984741211,24.440000534057617,24.040000915527344,24.3799991607666,4054500
2011-12-08,EWT,23.899999618530273,24.059999465942383,23.6200008392334,23.700000762939453,6425000
2011-12-09,EWT,23.760000228881836,24.15999984741211,23.760000228881836,23.979999542236328,4937850
2011-12-12,EWT,23.65999984741211,23.700000762939453,23.420000076293945,23.68000030517578,4510400
2011-12-13,EWT,23.860000610351562,23.940000534057617,23.520000457763672,23.559999465942383,4128050
2011-12-14,EWT,23.600000381469727,23.700000762939453,23.420000076293945,23.520000457763672,4512300
2011-12-15,EWT,23.520000457763672,23.540000915527344,23.239999771118164,23.399999618530273,4272400
2011-12-16,EWT,23.399999618530273,23.540000915527344,23.34000015258789,23.399999618530273,4430900
2011-12-19,EWT,23.0,23.1200008392334,22.65999984741211,22.780000686645508,4660450
2011-12-20,EWT,22.440000534057617,22.579999923706055,22.3799991607666,22.440000534057617,5885300
2011-12-21,EWT,23.059999465942383,23.239999771118164,22.940000534057617,23.219999313354492,5159950
2011-12-22,EWT,23.219999313354492,23.5,23.200000762939453,23.5,3114900
2011-12-23,EWT,23.579999923706055,23.860000610351562,23.540000915527344,23.84000015258789,3259200
2011-12-27,EWT,23.5,23.719999313354492,23.5,23.65999984741211,2587750
2011-12-28,EWT,23.479999542236328,23.479999542236328,23.139999389648438,23.239999771118164,3636700
2011-12-29,EWT,23.399999618530273,23.65999984741211,23.399999618530273,23.6200008392334,3539750
2011-12-30,EWT,23.420000076293945,23.5,23.3799991607666,23.420000076293945,2806750
2012-01-03,EWT,23.68000030517578,23.780000686645508,23.600000381469727,23.68000030517578,4294700
2012-01-04,EWT,23.600000381469727,23.68000030517578,23.5,23.579999923706055,3455150
2012-01-05,EWT,23.600000381469727,23.899999618530273,23.520000457763672,23.799999237060547,5335550
2012-01-06,EWT,23.719999313354492,23.760000228881836,23.600000381469727,23.65999984741211,4151400
2012-01-09,EWT,23.639999389648438,23.799999237060547,23.600000381469727,23.799999237060547,3558300
2012-01-10,EWT,24.200000762939453,24.420000076293945,24.200000762939453,24.34000015258789,5112850
2012-01-11,EWT,24.260000228881836,24.399999618530273,24.239999771118164,24.3799991607666,2975000
2012-01-12,EWT,24.399999618530273,24.479999542236328,24.260000228881836,24.459999084472656,2746350
2012-01-13,EWT,24.18000030517578,24.280000686645508,24.1200008392334,24.15999984741211,5941650
2012-01-17,EWT,24.420000076293945,24.440000534057617,24.139999389648438,24.299999237060547,4423100
2012-01-18,EWT,24.260000228881836,24.700000762939453,24.239999771118164,24.65999984741211,4959750
2012-01-19,EWT,24.739999771118164,25.100000381469727,24.719999313354492,25.020000457763672,5512650
2012-01-20,EWT,24.979999542236328,25.079999923706055,24.860000610351562,24.920000076293945,4277000
2012-01-23,EWT,25.0,25.280000686645508,24.979999542236328,25.139999389648438,2573650
2012-01-24,EWT,24.8799991607666,25.1200008392334,24.860000610351562,25.1200008392334,2217000
2012-01-25,EWT,25.079999923706055,25.399999618530273,24.920000076293945,25.31999969482422,2989000
2012-01-26,EWT,25.399999618530273,25.65999984741211,25.18000030517578,25.280000686645508,4414950
2012-01-27,EWT,25.219999313354492,25.440000534057617,25.18000030517578,25.239999771118164,6776650
2012-01-30,EWT,25.040000915527344,25.1200008392334,24.8799991607666,25.040000915527344,5336700
2012-01-31,EWT,25.479999542236328,25.559999465942383,25.360000610351562,25.5,5086550
2012-02-01,EWT,25.739999771118164,26.040000915527344,25.719999313354492,25.860000610351562,4652800
2012-02-02,EWT,26.1200008392334,26.239999771118164,25.979999542236328,26.0,3410900
2012-02-03,EWT,26.260000228881836,26.5,26.219999313354492,26.5,6718600
2012-02-06,EWT,26.100000381469727,26.18000030517578,26.020000457763672,26.139999389648438,3136600
2012-02-07,EWT,26.139999389648438,26.31999969482422,26.020000457763672,26.280000686645508,3626050
2012-02-08,EWT,26.639999389648438,26.81999969482422,26.6200008392334,26.719999313354492,3267100
2012-02-09,EWT,26.84000015258789,26.959999084472656,26.739999771118164,26.959999084472656,2875050
2012-02-10,EWT,26.420000076293945,26.459999084472656,26.299999237060547,26.399999618530273,3104850
2012-02-13,EWT,26.639999389648438,26.739999771118164,26.540000915527344,26.68000030517578,1966750
2012-02-14,EWT,26.520000457763672,26.540000915527344,26.399999618530273,26.520000457763672,2326550
2012-02-15,EWT,26.920000076293945,26.979999542236328,26.739999771118164,26.760000228881836,2342800
2012-02-16,EWT,26.559999465942383,26.799999237060547,26.479999542236328,26.68000030517578,3621500
2012-02-17,EWT,26.719999313354492,26.799999237060547,26.579999923706055,26.68000030517578,3474700
2012-02-21,EWT,26.639999389648438,26.719999313354492,26.3799991607666,26.440000534057617,4851450
2012-02-22,EWT,26.639999389648438,26.780000686645508,26.6200008392334,26.760000228881836,3062200
2012-02-23,EWT,26.6200008392334,26.68000030517578,26.520000457763672,26.6200008392334,2899100
2012-02-24,EWT,26.68000030517578,26.84000015258789,26.600000381469727,26.700000762939453,3922650
2012-02-27,EWT,26.440000534057617,26.540000915527344,26.31999969482422,26.479999542236328,3118500
2012-02-28,EWT,26.6200008392334,26.899999618530273,26.579999923706055,26.8799991607666,3150200
2012-02-29,EWT,27.3799991607666,27.459999084472656,27.1200008392334,27.219999313354492,4369650
2012-03-01,EWT,27.440000534057617,27.65999984741211,27.420000076293945,27.65999984741211,4273950
2012-03-02,EWT,27.34000015258789,27.399999618530273,27.260000228881836,27.360000610351562,1346000
2012-03-05,EWT,26.940000534057617,26.940000534057617,26.719999313354492,26.8799991607666,3002000
2012-03-06,EWT,26.360000610351562,26.399999618530273,26.059999465942383,26.239999771118164,5403400
2012-03-07,EWT,26.420000076293945,26.639999389648438,26.34000015258789,26.6200008392334,2740500
2012-03-08,EWT,26.899999618530273,27.0,26.799999237060547,26.959999084472656,2820400
2012-03-09,EWT,26.920000076293945,27.0,26.84000015258789,26.920000076293945,1961550
2012-03-12,EWT,26.68000030517578,26.700000762939453,26.479999542236328,26.579999923706055,3638950
2012-03-13,EWT,26.920000076293945,27.3799991607666,26.899999618530273,27.360000610351562,3849750
2012-03-14,EWT,27.260000228881836,27.899999618530273,27.059999465942383,27.139999389648438,3897850
2012-03-15,EWT,27.219999313354492,27.360000610351562,27.139999389648438,27.280000686645508,1931500
2012-03-16,EWT,27.079999923706055,27.239999771118164,27.0,27.1200008392334,2441050
2012-03-19,EWT,26.959999084472656,27.139999389648438,26.8799991607666,27.100000381469727,2017400
2012-03-20,EWT,26.579999923706055,26.719999313354492,26.459999084472656,26.600000381469727,2444650
2012-03-21,EWT,26.760000228881836,26.899999618530273,26.700000762939453,26.8799991607666,1892950
2012-03-22,EWT,26.8799991607666,26.959999084472656,26.68000030517578,26.799999237060547,3408100
2012-03-23,EWT,26.920000076293945,27.079999923706055,26.84000015258789,27.040000915527344,2152700
2012-03-26,EWT,26.719999313354492,27.020000457763672,26.700000762939453,27.0,3576700
2012-03-27,EWT,26.979999542236328,27.020000457763672,26.8799991607666,26.899999618530273,2336400
2012-03-28,EWT,27.020000457763672,27.040000915527344,26.760000228881836,26.920000076293945,3012200
2012-03-29,EWT,26.440000534057617,26.579999923706055,26.139999389648438,26.559999465942383,4462400
2012-03-30,EWT,26.739999771118164,26.860000610351562,26.600000381469727,26.84000015258789,3793500
2012-04-02,EWT,26.479999542236328,26.760000228881836,26.420000076293945,26.700000762939453,3988900
2012-04-03,EWT,26.34000015258789,26.3799991607666,25.979999542236328,26.1200008392334,4617600
2012-04-04,EWT,25.84000015258789,25.84000015258789,25.5,25.700000762939453,5180100
2012-04-05,EWT,25.799999237060547,26.040000915527344,25.799999237060547,25.959999084472656,3867450
2012-04-09,EWT,25.700000762939453,25.799999237060547,25.65999984741211,25.739999771118164,2060150
2012-04-10,EWT,25.68000030517578,25.719999313354492,25.239999771118164,25.399999618530273,5745350
2012-04-11,EWT,25.799999237060547,25.920000076293945,25.739999771118164,25.920000076293945,4405200
2012-04-12,EWT,25.8799991607666,26.280000686645508,25.81999969482422,26.260000228881836,3891250
2012-04-13,EWT,26.299999237060547,26.34000015258789,26.059999465942383,26.219999313354492,3967800
2012-04-16,EWT,26.280000686645508,26.360000610351562,25.940000534057617,26.059999465942383,3621250
2012-04-17,EWT,25.899999618530273,26.15999984741211,25.81999969482422,26.040000915527344,4029000
2012-04-18,EWT,25.719999313354492,25.84000015258789,25.6200008392334,25.760000228881836,2981950
2012-04-19,EWT,25.899999618530273,25.959999084472656,25.600000381469727,25.760000228881836,3022500
2012-04-20,EWT,25.559999465942383,25.719999313354492,25.5,25.559999465942383,2642450
2012-04-23,EWT,25.15999984741211,25.200000762939453,24.899999618530273,25.18000030517578,3146700
2012-04-24,EWT,25.479999542236328,25.5,25.34000015258789,25.399999618530273,2374750
2012-04-25,EWT,25.68000030517578,25.860000610351562,25.639999389648438,25.84000015258789,3007400
2012-04-26,EWT,25.700000762939453,26.079999923706055,25.700000762939453,26.0,3468350
2012-04-27,EWT,25.739999771118164,25.81999969482422,25.600000381469727,25.739999771118164,2940050
2012-04-30,EWT,25.639999389648438,25.639999389648438,25.459999084472656,25.6200008392334,1982550
2012-05-01,EWT,25.579999923706055,25.8799991607666,25.520000457763672,25.719999313354492,1800750
2012-05-02,EWT,26.1200008392334,26.260000228881836,26.0,26.219999313354492,4284150
2012-05-03,EWT,26.200000762939453,26.280000686645508,26.020000457763672,26.1200008392334,4376400
2012-05-04,EWT,26.079999923706055,26.100000381469727,25.81999969482422,25.899999618530273,3622700
2012-05-07,EWT,25.719999313354492,25.81999969482422,25.639999389648438,25.739999771118164,3467650
2012-05-08,EWT,25.459999084472656,25.540000915527344,25.200000762939453,25.479999542236328,3080600
2012-05-09,EWT,25.15999984741211,25.440000534057617,25.020000457763672,25.280000686645508,3092150
2012-05-10,EWT,25.479999542236328,25.520000457763672,25.34000015258789,25.3799991607666,2290900
2012-05-11,EWT,25.0,25.280000686645508,24.979999542236328,25.079999923706055,1786300
2012-05-14,EWT,24.719999313354492,24.739999771118164,24.540000915527344,24.68000030517578,2447250
2012-05-15,EWT,24.84000015258789,24.940000534057617,24.639999389648438,24.760000228881836,2122900
2012-05-16,EWT,24.360000610351562,24.5,24.219999313354492,24.260000228881836,3979800
2012-05-17,EWT,24.479999542236328,24.520000457763672,24.31999969482422,24.31999969482422,3716250
2012-05-18,EWT,24.260000228881836,24.360000610351562,23.959999084472656,24.0,4210400
2012-05-21,EWT,24.219999313354492,24.540000915527344,24.18000030517578,24.479999542236328,2738900
2012-05-22,EWT,24.5,24.639999389648438,24.280000686645508,24.459999084472656,2876300
2012-05-23,EWT,24.079999923706055,24.139999389648438,23.719999313354492,24.1200008392334,3234750
2012-05-24,EWT,24.059999465942383,24.079999923706055,23.719999313354492,23.81999969482422,4483550
2012-05-25,EWT,23.6200008392334,23.719999313354492,23.459999084472656,23.579999923706055,2089700
2012-05-29,EWT,24.420000076293945,24.6200008392334,24.360000610351562,24.579999923706055,4287050
2012-05-30,EWT,24.079999923706055,24.100000381469727,23.920000076293945,24.0,5945200
2012-05-31,EWT,24.239999771118164,24.280000686645508,23.979999542236328,24.139999389648438,3562600
2012-06-01,EWT,23.440000534057617,23.479999542236328,23.1200008392334,23.200000762939453,3474550
2012-06-04,EWT,23.0,23.1200008392334,22.920000076293945,23.059999465942383,3570800
2012-06-05,EWT,23.079999923706055,23.219999313354492,23.040000915527344,23.200000762939453,2642250
2012-06-06,EWT,23.459999084472656,23.81999969482422,23.440000534057617,23.739999771118164,4033250
2012-06-07,EWT,23.959999084472656,23.959999084472656,23.639999389648438,23.739999771118164,4063150
2012-06-08,EWT,23.18000030517578,23.399999618530273,23.1200008392334,23.399999618530273,3595100
2012-06-11,EWT,23.6200008392334,23.65999984741211,23.200000762939453,23.219999313354492,6227900
2012-06-12,EWT,23.420000076293945,23.6200008392334,23.31999969482422,23.540000915527344,3413900
2012-06-13,EWT,23.440000534057617,23.600000381469727,23.34000015258789,23.420000076293945,2485400
2012-06-14,EWT,23.420000076293945,23.6200008392334,23.299999237060547,23.540000915527344,2379600
2012-06-15,EWT,23.780000686645508,24.079999923706055,23.760000228881836,24.059999465942383,4288500
2012-06-18,EWT,24.079999923706055,24.219999313354492,24.0,24.1200008392334,3936100
2012-06-19,EWT,24.3799991607666,24.559999465942383,24.299999237060547,24.399999618530273,2610450
2012-06-20,EWT,24.440000534057617,24.5,24.200000762939453,24.459999084472656,2092200
2012-06-21,EWT,24.219999313354492,24.239999771118164,23.639999389648438,23.719999313354492,3393450
2012-06-22,EWT,23.899999618530273,23.899999618530273,23.760000228881836,23.899999618530273,2628100
2012-06-25,EWT,23.5,23.559999465942383,23.360000610351562,23.420000076293945,2669500
2012-06-26,EWT,23.540000915527344,23.700000762939453,23.360000610351562,23.579999923706055,2464450
2012-06-27,EWT,23.780000686645508,23.920000076293945,23.739999771118164,23.739999771118164,2388650
2012-06-28,EWT,23.579999923706055,23.68000030517578,23.459999084472656,23.68000030517578,2682900
2012-06-29,EWT,24.360000610351562,24.5,24.34000015258789,24.459999084472656,2733700
2012-07-02,EWT,24.479999542236328,24.600000381469727,24.360000610351562,24.459999084472656,1742900
2012-07-03,EWT,24.84000015258789,24.979999542236328,24.739999771118164,24.940000534057617,2680550
2012-07-05,EWT,24.780000686645508,24.920000076293945,24.639999389648438,24.780000686645508,2055150
2012-07-06,EWT,24.459999084472656,24.520000457763672,24.239999771118164,24.399999618530273,2841650
2012-07-09,EWT,24.31999969482422,24.459999084472656,24.260000228881836,24.420000076293945,2187050
2012-07-10,EWT,24.360000610351562,24.399999618530273,23.959999084472656,24.100000381469727,2584900
2012-07-11,EWT,24.18000030517578,24.219999313354492,24.0,24.1200008392334,1734900
2012-07-12,EWT,23.6200008392334,23.760000228881836,23.520000457763672,23.700000762939453,2736500
2012-07-13,EWT,23.559999465942383,23.940000534057617,23.559999465942383,23.8799991607666,1954100
2012-07-16,EWT,23.579999923706055,23.700000762939453,23.520000457763672,23.700000762939453,1963700
2012-07-17,EWT,23.81999969482422,23.959999084472656,23.6200008392334,23.8799991607666,4050950
2012-07-18,EWT,23.540000915527344,23.780000686645508,23.479999542236328,23.719999313354492,3447300
2012-07-19,EWT,23.940000534057617,24.079999923706055,23.899999618530273,24.040000915527344,3153550
2012-07-20,EWT,23.84000015258789,23.940000534057617,23.780000686645508,23.940000534057617,5755400
2012-07-23,EWT,23.200000762939453,23.3799991607666,23.0,23.34000015258789,2966650
2012-07-24,EWT,23.219999313354492,23.219999313354492,23.0,23.200000762939453,4622950
2012-07-25,EWT,23.18000030517578,23.34000015258789,23.100000381469727,23.200000762939453,2528150
2012-07-26,EWT,23.479999542236328,23.6200008392334,23.399999618530273,23.579999923706055,2828600
2012-07-27,EWT,23.8799991607666,24.34000015258789,23.860000610351562,24.299999237060547,2691800
2012-07-30,EWT,24.15999984741211,24.280000686645508,24.079999923706055,24.18000030517578,3141100
2012-07-31,EWT,24.360000610351562,24.5,24.299999237060547,24.34000015258789,3281800
2012-08-01,EWT,24.579999923706055,24.639999389648438,24.360000610351562,24.420000076293945,3468250
2012-08-02,EWT,24.260000228881836,24.5,24.100000381469727,24.260000228881836,3359500
2012-08-03,EWT,24.6200008392334,24.860000610351562,24.540000915527344,24.860000610351562,1893950
2012-08-06,EWT,24.84000015258789,24.959999084472656,24.799999237060547,24.860000610351562,1760300
2012-08-07,EWT,24.899999618530273,25.100000381469727,24.860000610351562,24.8799991607666,3633350
2012-08-08,EWT,24.8799991607666,25.020000457763672,24.860000610351562,24.940000534057617,1628550
2012-08-09,EWT,25.239999771118164,25.440000534057617,25.219999313354492,25.280000686645508,2535900
2012-08-10,EWT,25.34000015258789,25.459999084472656,25.280000686645508,25.440000534057617,2253650
2012-08-13,EWT,25.31999969482422,25.3799991607666,25.18000030517578,25.239999771118164,1406750
2012-08-14,EWT,25.559999465942383,25.559999465942383,25.34000015258789,25.420000076293945,1199300
2012-08-15,EWT,25.280000686645508,25.479999542236328,25.280000686645508,25.3799991607666,2264800
2012-08-16,EWT,25.479999542236328,25.65999984741211,25.399999618530273,25.600000381469727,1492000
2012-08-17,EWT,25.459999084472656,25.5,25.34000015258789,25.420000076293945,2956800
2012-08-20,EWT,25.34000015258789,25.3799991607666,25.239999771118164,25.34000015258789,1345400
2012-08-21,EWT,25.65999984741211,25.700000762939453,25.420000076293945,25.479999542236328,1728900
2012-08-22,EWT,25.399999618530273,25.540000915527344,25.299999237060547,25.479999542236328,1596750
2012-08-23,EWT,25.479999542236328,25.479999542236328,25.200000762939453,25.280000686645508,2278100
2012-08-24,EWT,25.280000686645508,25.459999084472656,25.200000762939453,25.3799991607666,1004350
2012-08-27,EWT,25.299999237060547,25.34000015258789,25.18000030517578,25.260000228881836,1146000
2012-08-28,EWT,25.059999465942383,25.1200008392334,24.959999084472656,25.020000457763672,3094100
2012-08-29,EWT,25.139999389648438,25.15999984741211,25.0,25.059999465942383,1203100
2012-08-30,EWT,25.040000915527344,25.040000915527344,24.8799991607666,24.959999084472656,1633800
2012-08-31,EWT,25.299999237060547,25.360000610351562,25.059999465942383,25.31999969482422,2459450
2012-09-04,EWT,25.260000228881836,25.360000610351562,25.1200008392334,25.260000228881836,2289400
2012-09-05,EWT,25.040000915527344,25.079999923706055,24.920000076293945,25.040000915527344,2849750
2012-09-06,EWT,24.959999084472656,25.3799991607666,24.959999084472656,25.31999969482422,2230550
2012-09-07,EWT,25.520000457763672,25.68000030517578,25.479999542236328,25.68000030517578,2675350
2012-09-10,EWT,25.700000762939453,25.760000228881836,25.600000381469727,25.639999389648438,1244000
2012-09-11,EWT,25.799999237060547,26.0,25.780000686645508,25.940000534057617,1785800
2012-09-12,EWT,26.239999771118164,26.420000076293945,26.219999313354492,26.360000610351562,5273700
2012-09-13,EWT,26.200000762939453,26.899999618530273,26.139999389648438,26.860000610351562,6009000
2012-09-14,EWT,27.100000381469727,27.420000076293945,27.059999465942383,27.200000762939453,3735400
2012-09-17,EWT,27.200000762939453,27.280000686645508,27.020000457763672,27.040000915527344,5138550
2012-09-18,EWT,27.040000915527344,27.139999389648438,26.979999542236328,27.040000915527344,3396250
2012-09-19,EWT,27.139999389648438,27.18000030517578,27.059999465942383,27.1200008392334,1785550
2012-09-20,EWT,26.979999542236328,27.059999465942383,26.860000610351562,27.040000915527344,2437750
2012-09-21,EWT,27.200000762939453,27.239999771118164,27.040000915527344,27.059999465942383,1421200
2012-09-24,EWT,27.020000457763672,27.139999389648438,27.0,27.1200008392334,2059850
2012-09-25,EWT,27.079999923706055,27.1200008392334,26.65999984741211,26.68000030517578,2328650
2012-09-26,EWT,26.639999389648438,26.65999984741211,26.459999084472656,26.5,3103500
2012-09-27,EWT,26.799999237060547,26.920000076293945,26.65999984741211,26.84000015258789,2993050
2012-09-28,EWT,26.84000015258789,26.860000610351562,26.65999984741211,26.760000228881836,2704150
2012-10-01,EWT,26.920000076293945,27.139999389648438,26.899999618530273,26.959999084472656,2722250
2012-10-02,EWT,27.020000457763672,27.1200008392334,26.920000076293945,27.100000381469727,3065550
2012-10-03,EWT,27.020000457763672,27.100000381469727,26.84000015258789,26.979999542236328,3747950
2012-10-04,EWT,26.920000076293945,27.0,26.799999237060547,26.959999084472656,3202050
2012-10-05,EWT,27.059999465942383,27.15999984741211,26.920000076293945,27.0,2373000
2012-10-08,EWT,26.639999389648438,26.700000762939453,26.559999465942383,26.600000381469727,1996200
2012-10-09,EWT,26.459999084472656,26.479999542236328,26.239999771118164,26.280000686645508,2436600
2012-10-10,EWT,26.31999969482422,26.360000610351562,26.020000457763672,26.100000381469727,1944900
2012-10-11,EWT,26.139999389648438,26.15999984741211,26.0,26.040000915527344,1695650
2012-10-12,EWT,25.920000076293945,25.959999084472656,25.799999237060547,25.899999618530273,1463300
2012-10-15,EWT,26.059999465942383,26.260000228881836,25.959999084472656,26.239999771118164,4384350
2012-10-16,EWT,26.280000686645508,26.440000534057617,26.280000686645508,26.399999618530273,3309000
2012-10-17,EWT,26.200000762939453,26.579999923706055,26.139999389648438,26.459999084472656,4755700
2012-10-18,EWT,26.260000228881836,26.3799991607666,26.1200008392334,26.200000762939453,4042200
2012-10-19,EWT,25.860000610351562,25.860000610351562,25.520000457763672,25.65999984741211,2231600
2012-10-22,EWT,25.700000762939453,25.920000076293945,25.68000030517578,25.8799991607666,2307950
2012-10-23,EWT,25.299999237060547,25.360000610351562,25.139999389648438,25.280000686645508,4703600
2012-10-24,EWT,25.540000915527344,25.600000381469727,25.360000610351562,25.440000534057617,3769850
2012-10-25,EWT,25.540000915527344,25.600000381469727,25.3799991607666,25.479999542236328,2091800
2012-10-26,EWT,25.059999465942383,25.280000686645508,25.0,25.219999313354492,2169450
2012-10-31,EWT,25.219999313354492,25.34000015258789,25.040000915527344,25.219999313354492,3193000
2012-11-01,EWT,25.420000076293945,25.6200008392334,25.34000015258789,25.540000915527344,4735000
2012-11-02,EWT,25.440000534057617,25.459999084472656,25.1200008392334,25.280000686645508,4554000
2012-11-05,EWT,25.200000762939453,25.520000457763672,25.139999389648438,25.520000457763672,3739400
2012-11-06,EWT,25.579999923706055,25.84000015258789,25.559999465942383,25.780000686645508,3782750
2012-11-07,EWT,25.639999389648438,25.65999984741211,25.260000228881836,25.420000076293945,2981800
2012-11-08,EWT,25.600000381469727,25.600000381469727,25.3799991607666,25.440000534057617,8467050
2012-11-09,EWT,25.739999771118164,26.059999465942383,25.700000762939453,25.860000610351562,4675150
2012-11-12,EWT,25.940000534057617,26.020000457763672,25.8799991607666,25.940000534057617,1824500
2012-11-13,EWT,25.239999771118164,25.459999084472656,25.139999389648438,25.420000076293945,4668750
2012-11-14,EWT,25.479999542236328,25.479999542236328,25.079999923706055,25.15999984741211,3316550
2012-11-15,EWT,25.219999313354492,25.440000534057617,25.18000030517578,25.360000610351562,3786100
2012-11-16,EWT,25.18000030517578,25.399999618530273,25.059999465942383,25.3799991607666,3896000
2012-11-19,EWT,25.459999084472656,25.700000762939453,25.420000076293945,25.68000030517578,2308600
2012-11-20,EWT,25.479999542236328,25.639999389648438,25.399999618530273,25.639999389648438,2595200
2012-11-21,EWT,25.280000686645508,25.420000076293945,25.239999771118164,25.299999237060547,2009300
2012-11-23,EWT,26.479999542236328,26.5,26.360000610351562,26.399999618530273,2847750
2012-11-26,EWT,26.399999618530273,26.600000381469727,26.3799991607666,26.579999923706055,4272400
2012-11-27,EWT,26.5,26.579999923706055,26.399999618530273,26.440000534057617,1814100
2012-11-28,EWT,26.34000015258789,26.68000030517578,26.239999771118164,26.639999389648438,3441200
2012-11-29,EWT,26.940000534057617,27.079999923706055,26.81999969482422,26.979999542236328,4658250
2012-11-30,EWT,27.200000762939453,27.219999313354492,27.079999923706055,27.1200008392334,3594950
2012-12-03,EWT,27.219999313354492,27.280000686645508,27.0,27.0,2726350
2012-12-04,EWT,27.1200008392334,27.239999771118164,27.100000381469727,27.100000381469727,3171050
2012-12-05,EWT,27.280000686645508,27.420000076293945,27.18000030517578,27.260000228881836,3013550
2012-12-06,EWT,27.280000686645508,27.3799991607666,27.239999771118164,27.360000610351562,1908300
2012-12-07,EWT,27.399999618530273,27.459999084472656,27.299999237060547,27.420000076293945,1917900
2012-12-10,EWT,27.239999771118164,27.3799991607666,27.239999771118164,27.3799991607666,3398700
2012-12-11,EWT,27.360000610351562,27.5,27.31999969482422,27.459999084472656,2111550
2012-12-12,EWT,27.559999465942383,27.719999313354492,27.520000457763672,27.579999923706055,3079900
2012-12-13,EWT,27.68000030517578,27.760000228881836,27.559999465942383,27.639999389648438,2370550
2012-12-14,EWT,27.559999465942383,27.6200008392334,27.479999542236328,27.579999923706055,3755850
2012-12-17,EWT,27.260000228881836,27.440000534057617,27.219999313354492,27.420000076293945,2374050
2012-12-18,EWT,26.739999771118164,26.920000076293945,26.600000381469727,26.920000076293945,4581300
2012-12-19,EWT,26.760000228881836,26.81999969482422,26.6200008392334,26.6200008392334,2936650
2012-12-20,EWT,26.479999542236328,26.65999984741211,26.459999084472656,26.6200008392334,3773200
2012-12-21,EWT,26.280000686645508,26.399999618530273,26.15999984741211,26.299999237060547,2577700
2012-12-24,EWT,26.219999313354492,26.360000610351562,26.219999313354492,26.299999237060547,721300
2012-12-26,EWT,26.600000381469727,26.639999389648438,26.479999542236328,26.479999542236328,988500
2012-12-27,EWT,26.520000457763672,26.719999313354492,26.420000076293945,26.68000030517578,1523800
2012-12-28,EWT,26.6200008392334,26.920000076293945,26.600000381469727,26.84000015258789,2037550
2012-12-31,EWT,26.780000686645508,27.260000228881836,26.780000686645508,27.239999771118164,1856850
2013-01-02,EWT,27.34000015258789,27.65999984741211,27.34000015258789,27.639999389648438,4809900
2013-01-03,EWT,27.399999618530273,27.579999923706055,27.34000015258789,27.360000610351562,6562600
2013-01-04,EWT,27.15999984741211,27.299999237060547,27.059999465942383,27.260000228881836,2438600
2013-01-07,EWT,27.040000915527344,27.040000915527344,26.84000015258789,26.959999084472656,3288950
2013-01-08,EWT,26.84000015258789,26.860000610351562,26.559999465942383,26.719999313354492,2525050
2013-01-09,EWT,26.940000534057617,27.040000915527344,26.920000076293945,26.959999084472656,3459450
2013-01-10,EWT,27.360000610351562,27.559999465942383,27.260000228881836,27.420000076293945,3494500
2013-01-11,EWT,27.200000762939453,27.239999771118164,27.059999465942383,27.219999313354492,2840300
2013-01-14,EWT,27.31999969482422,27.31999969482422,27.079999923706055,27.15999984741211,5449700
2013-01-15,EWT,26.860000610351562,27.0,26.780000686645508,27.0,3841000
2013-01-16,EWT,26.760000228881836,26.8799991607666,26.68000030517578,26.739999771118164,2756850
2013-01-17,EWT,26.739999771118164,26.899999618530273,26.68000030517578,26.799999237060547,2117050
2013-01-18,EWT,26.920000076293945,26.959999084472656,26.799999237060547,26.899999618530273,1413700
2013-01-22,EWT,27.0,27.040000915527344,26.8799991607666,26.959999084472656,2183050
2013-01-23,EWT,26.799999237060547,26.920000076293945,26.780000686645508,26.8799991607666,2276750
2013-01-24,EWT,26.700000762939453,26.81999969482422,26.600000381469727,26.6200008392334,2893900
2013-01-25,EWT,26.440000534057617,26.479999542236328,26.299999237060547,26.479999542236328,1826500
2013-01-28,EWT,26.520000457763672,26.520000457763672,26.31999969482422,26.3799991607666,4417750
2013-01-29,EWT,26.739999771118164,26.860000610351562,26.65999984741211,26.780000686645508,2575100
2013-01-30,EWT,26.639999389648438,26.8799991607666,26.639999389648438,26.760000228881836,3445250
2013-01-31,EWT,26.799999237060547,26.799999237060547,26.68000030517578,26.799999237060547,2315950
2013-02-01,EWT,26.799999237060547,26.979999542236328,26.760000228881836,26.8799991607666,1925100
2013-02-04,EWT,26.8799991607666,26.959999084472656,26.719999313354492,26.84000015258789,2989850
2013-02-05,EWT,26.8799991607666,26.959999084472656,26.81999969482422,26.860000610351562,4109250
2013-02-06,EWT,26.780000686645508,27.059999465942383,26.780000686645508,27.040000915527344,4292150
2013-02-07,EWT,27.020000457763672,27.020000457763672,26.799999237060547,26.940000534057617,2996900
2013-02-08,EWT,26.81999969482422,27.079999923706055,26.81999969482422,27.040000915527344,2168200
2013-02-11,EWT,27.139999389648438,27.18000030517578,27.040000915527344,27.1200008392334,1724750
2013-02-12,EWT,27.139999389648438,27.299999237060547,27.079999923706055,27.18000030517578,1141150
2013-02-13,EWT,27.360000610351562,27.440000534057617,27.18000030517578,27.200000762939453,4051800
2013-02-14,EWT,27.260000228881836,27.420000076293945,27.200000762939453,27.3799991607666,2358400
2013-02-15,EWT,27.3799991607666,27.459999084472656,27.260000228881836,27.280000686645508,1714700
2013-02-19,EWT,27.299999237060547,27.5,27.299999237060547,27.440000534057617,3352100
2013-02-20,EWT,27.579999923706055,27.579999923706055,27.280000686645508,27.34000015258789,2840700
2013-02-21,EWT,27.059999465942383,27.100000381469727,26.899999618530273,27.020000457763672,3998150
2013-02-22,EWT,27.079999923706055,27.18000030517578,27.059999465942383,27.15999984741211,2519450
2013-02-25,EWT,27.31999969482422,27.31999969482422,26.600000381469727,26.639999389648438,3104700
2013-02-26,EWT,26.780000686645508,26.860000610351562,26.700000762939453,26.760000228881836,1876150
2013-02-27,EWT,26.860000610351562,27.1200008392334,26.799999237060547,27.020000457763672,5263200
2013-02-28,EWT,27.139999389648438,27.200000762939453,27.020000457763672,27.040000915527344,2877150
2013-03-01,EWT,27.020000457763672,27.1200008392334,26.920000076293945,27.1200008392334,2387350
2013-03-04,EWT,26.760000228881836,26.780000686645508,26.639999389648438,26.700000762939453,3407600
2013-03-05,EWT,27.100000381469727,27.18000030517578,27.040000915527344,27.139999389648438,2916500
2013-03-06,EWT,27.1200008392334,27.18000030517578,27.079999923706055,27.1200008392334,1460050
2013-03-07,EWT,27.15999984741211,27.239999771118164,27.15999984741211,27.200000762939453,952250
2013-03-08,EWT,27.360000610351562,27.440000534057617,27.219999313354492,27.3799991607666,1272100
2013-03-11,EWT,27.299999237060547,27.3799991607666,27.239999771118164,27.31999969482422,1452050
2013-03-12,EWT,27.219999313354492,27.219999313354492,27.020000457763672,27.040000915527344,1496650
2013-03-13,EWT,27.139999389648438,27.15999984741211,27.020000457763672,27.1200008392334,1863450
2013-03-14,EWT,27.059999465942383,27.1200008392334,27.0,27.059999465942383,1292600
2013-03-15,EWT,26.780000686645508,26.780000686645508,26.639999389648438,26.700000762939453,4080950
2013-03-18,EWT,26.440000534057617,26.5,26.399999618530273,26.459999084472656,1991250
2013-03-19,EWT,26.420000076293945,26.479999542236328,26.139999389648438,26.299999237060547,5686400
2013-03-20,EWT,26.459999084472656,26.459999084472656,26.360000610351562,26.399999618530273,1828650
2013-03-21,EWT,26.280000686645508,26.280000686645508,26.139999389648438,26.200000762939453,2279100
2013-03-22,EWT,26.280000686645508,26.299999237060547,26.219999313354492,26.260000228881836,1474100
2013-03-25,EWT,26.440000534057617,26.5,26.219999313354492,26.299999237060547,2952000
2013-03-26,EWT,26.399999618530273,26.700000762939453,26.399999618530273,26.639999389648438,6517250
2013-03-27,EWT,26.479999542236328,26.719999313354492,26.3799991607666,26.700000762939453,2910650
2013-03-28,EWT,26.559999465942383,26.739999771118164,26.520000457763672,26.68000030517578,5249350
2013-04-01,EWT,26.860000610351562,26.8799991607666,26.579999923706055,26.639999389648438,1901350
2013-04-02,EWT,26.8799991607666,26.959999084472656,26.81999969482422,26.81999969482422,1646150
2013-04-03,EWT,26.860000610351562,26.899999618530273,26.6200008392334,26.68000030517578,3566600
2013-04-04,EWT,26.719999313354492,26.760000228881836,26.479999542236328,26.65999984741211,3301600
2013-04-05,EWT,26.260000228881836,26.6200008392334,26.15999984741211,26.559999465942383,3300100
2013-04-08,EWT,25.84000015258789,26.079999923706055,25.799999237060547,26.079999923706055,3126050
2013-04-09,EWT,25.979999542236328,26.200000762939453,25.860000610351562,26.100000381469727,3391300
2013-04-10,EWT,26.239999771118164,26.399999618530273,26.15999984741211,26.260000228881836,1739350
2013-04-11,EWT,26.520000457763672,26.6200008392334,26.440000534057617,26.5,2762400
2013-04-12,EWT,26.18000030517578,26.260000228881836,25.979999542236328,26.15999984741211,1783650
2013-04-15,EWT,26.139999389648438,26.139999389648438,25.719999313354492,25.799999237060547,2850400
2013-04-16,EWT,26.239999771118164,26.399999618530273,26.15999984741211,26.399999618530273,3034200
2013-04-17,EWT,26.100000381469727,26.1200008392334,25.899999618530273,26.0,2547250
2013-04-18,EWT,26.5,26.5,26.299999237060547,26.31999969482422,3989950
2013-04-19,EWT,27.100000381469727,27.18000030517578,27.020000457763672,27.079999923706055,3897250
2013-04-22,EWT,27.059999465942383,27.1200008392334,26.920000076293945,27.079999923706055,1947800
2013-04-23,EWT,26.920000076293945,27.18000030517578,26.899999618530273,27.100000381469727,3047600
2013-04-24,EWT,27.100000381469727,27.34000015258789,27.079999923706055,27.219999313354492,2409650
2013-04-25,EWT,27.360000610351562,27.479999542236328,27.280000686645508,27.399999618530273,1559550
2013-04-26,EWT,27.299999237060547,27.360000610351562,27.219999313354492,27.219999313354492,1845250
2013-04-29,EWT,27.600000381469727,27.84000015258789,27.540000915527344,27.760000228881836,1725950
2013-04-30,EWT,27.84000015258789,28.1200008392334,27.739999771118164,28.0,2210850
2013-05-01,EWT,28.020000457763672,28.100000381469727,27.760000228881836,27.760000228881836,2934950
2013-05-02,EWT,27.899999618530273,28.079999923706055,27.899999618530273,28.059999465942383,1754800
2013-05-03,EWT,28.219999313354492,28.31999969482422,28.18000030517578,28.219999313354492,2106950
2013-05-06,EWT,28.100000381469727,28.260000228881836,28.059999465942383,28.15999984741211,2035000
2013-05-07,EWT,28.239999771118164,28.280000686645508,28.139999389648438,28.239999771118164,1570600
2013-05-08,EWT,28.639999389648438,28.799999237060547,28.579999923706055,28.799999237060547,1235050
2013-05-09,EWT,28.780000686645508,28.780000686645508,28.559999465942383,28.6200008392334,1344950
2013-05-10,EWT,28.459999084472656,28.5,28.34000015258789,28.459999084472656,1091800
2013-05-13,EWT,28.1200008392334,28.15999984741211,27.979999542236328,27.979999542236328,2068150
2013-05-14,EWT,28.100000381469727,28.239999771118164,28.040000915527344,28.1200008392334,2309650
2013-05-15,EWT,28.059999465942383,28.100000381469727,27.920000076293945,28.100000381469727,1907050
2013-05-16,EWT,28.239999771118164,28.299999237060547,28.15999984741211,28.15999984741211,974400
2013-05-17,EWT,28.219999313354492,28.360000610351562,28.219999313354492,28.34000015258789,3419800
2013-05-20,EWT,28.280000686645508,28.299999237060547,28.200000762939453,28.299999237060547,1534150
2013-05-21,EWT,28.360000610351562,28.5,28.299999237060547,28.3799991607666,1945450
2013-05-22,EWT,28.360000610351562,28.600000381469727,28.0,28.1200008392334,3382250
2013-05-23,EWT,27.520000457763672,27.719999313354492,27.440000534057617,27.68000030517578,2649100
2013-05-24,EWT,27.540000915527344,27.540000915527344,27.360000610351562,27.520000457763672,1484200
2013-05-28,EWT,27.81999969482422,27.959999084472656,27.739999771118164,27.799999237060547,1573600
2013-05-29,EWT,27.84000015258789,27.860000610351562,27.65999984741211,27.760000228881836,1755050
2013-05-30,EWT,27.639999389648438,27.760000228881836,27.559999465942383,27.579999923706055,1467400
2013-05-31,EWT,27.559999465942383,27.579999923706055,27.260000228881836,27.280000686645508,1895150
2013-06-03,EWT,27.399999618530273,27.84000015258789,27.360000610351562,27.780000686645508,3208750
2013-06-04,EWT,27.440000534057617,27.479999542236328,27.239999771118164,27.34000015258789,2849950
2013-06-05,EWT,27.459999084472656,27.5,27.079999923706055,27.079999923706055,2198550
2013-06-06,EWT,27.139999389648438,27.31999969482422,27.020000457763672,27.299999237060547,2436850
2013-06-07,EWT,27.34000015258789,27.5,27.239999771118164,27.3799991607666,1698450
2013-06-10,EWT,27.3799991607666,27.399999618530273,27.200000762939453,27.280000686645508,1408350
2013-06-11,EWT,27.0,27.15999984741211,26.940000534057617,26.979999542236328,2539350
2013-06-12,EWT,27.059999465942383,27.100000381469727,26.68000030517578,26.84000015258789,2460450
2013-06-13,EWT,26.639999389648438,26.959999084472656,26.600000381469727,26.920000076293945,3148700
2013-06-14,EWT,26.6200008392334,26.65999984741211,26.360000610351562,26.479999542236328,3883050
2013-06-17,EWT,26.760000228881836,26.959999084472656,26.719999313354492,26.84000015258789,1215450
2013-06-18,EWT,26.719999313354492,27.0,26.719999313354492,26.979999542236328,1717750
2013-06-19,EWT,26.81999969482422,26.8799991607666,26.420000076293945,26.5,3256150
2013-06-20,EWT,26.020000457763672,26.020000457763672,25.31999969482422,25.420000076293945,5111650
2013-06-21,EWT,25.600000381469727,25.65999984741211,25.260000228881836,25.579999923706055,3450000
2013-06-24,EWT,25.280000686645508,25.3799991607666,24.959999084472656,25.18000030517578,3271200
2013-06-25,EWT,25.68000030517578,25.920000076293945,25.520000457763672,25.8799991607666,6216100
2013-06-26,EWT,25.84000015258789,26.18000030517578,25.799999237060547,26.079999923706055,4992950
2013-06-27,EWT,26.139999389648438,26.34000015258789,26.139999389648438,26.260000228881836,3093950
2013-06-28,EWT,26.479999542236328,26.639999389648438,26.360000610351562,26.600000381469727,4320550
2013-07-01,EWT,26.84000015258789,26.920000076293945,26.719999313354492,26.739999771118164,3105600
2013-07-02,EWT,26.739999771118164,26.920000076293945,26.440000534057617,26.600000381469727,2519850
2013-07-03,EWT,26.280000686645508,26.5,26.18000030517578,26.399999618530273,2355850
2013-07-05,EWT,26.84000015258789,26.8799991607666,26.579999923706055,26.700000762939453,3836000
2013-07-08,EWT,26.360000610351562,26.639999389648438,26.360000610351562,26.520000457763672,2388300
2013-07-09,EWT,26.739999771118164,26.959999084472656,26.719999313354492,26.84000015258789,2315050
2013-07-10,EWT,27.040000915527344,27.200000762939453,26.959999084472656,26.979999542236328,2367050
2013-07-11,EWT,27.81999969482422,28.100000381469727,27.81999969482422,28.100000381469727,5325300
2013-07-12,EWT,27.81999969482422,27.940000534057617,27.719999313354492,27.84000015258789,2561700
2013-07-15,EWT,28.020000457763672,28.139999389648438,27.940000534057617,28.0,2642200
2013-07-16,EWT,28.0,28.139999389648438,27.920000076293945,28.1200008392334,2772550
2013-07-17,EWT,28.15999984741211,28.239999771118164,28.100000381469727,28.200000762939453,2245850
2013-07-18,EWT,27.700000762939453,27.760000228881836,27.3799991607666,27.440000534057617,2788850
2013-07-19,EWT,27.0,27.040000915527344,26.860000610351562,27.0,3273850
2013-07-22,EWT,27.200000762939453,27.459999084472656,27.18000030517578,27.3799991607666,3319500
2013-07-23,EWT,27.700000762939453,27.760000228881836,27.6200008392334,27.639999389648438,2624300
2013-07-24,EWT,27.65999984741211,27.65999984741211,27.360000610351562,27.440000534057617,1720450
2013-07-25,EWT,27.440000534057617,27.600000381469727,27.399999618530273,27.579999923706055,2366450
2013-07-26,EWT,27.479999542236328,27.520000457763672,27.280000686645508,27.459999084472656,1646500
2013-07-29,EWT,27.200000762939453,27.299999237060547,27.200000762939453,27.219999313354492,1201000
2013-07-30,EWT,27.6200008392334,27.65999984741211,27.479999542236328,27.540000915527344,1030650
2013-07-31,EWT,27.18000030517578,27.520000457763672,27.1200008392334,27.260000228881836,4390100
2013-08-01,EWT,27.18000030517578,27.5,27.18000030517578,27.440000534057617,3011650
2013-08-02,EWT,27.280000686645508,27.479999542236328,27.260000228881836,27.399999618530273,2458800
2013-08-05,EWT,27.34000015258789,27.3799991607666,27.219999313354492,27.360000610351562,1490600
2013-08-06,EWT,27.0,27.040000915527344,26.81999969482422,26.84000015258789,2248250
2013-08-07,EWT,26.260000228881836,26.34000015258789,26.15999984741211,26.260000228881836,2430200
2013-08-08,EWT,26.459999084472656,26.65999984741211,26.280000686645508,26.559999465942383,2433500
2013-08-09,EWT,26.360000610351562,26.5,26.31999969482422,26.3799991607666,2272200
2013-08-12,EWT,26.3799991607666,26.579999923706055,26.360000610351562,26.5,1706650
2013-08-13,EWT,26.84000015258789,26.899999618530273,26.65999984741211,26.84000015258789,2046450
2013-08-14,EWT,26.65999984741211,26.760000228881836,26.6200008392334,26.68000030517578,2752050
2013-08-15,EWT,26.31999969482422,26.3799991607666,26.139999389648438,26.31999969482422,3249100
2013-08-16,EWT,26.639999389648438,26.739999771118164,26.520000457763672,26.520000457763672,1922050
2013-08-19,EWT,26.440000534057617,26.479999542236328,26.239999771118164,26.280000686645508,2082550
2013-08-20,EWT,26.239999771118164,26.399999618530273,26.219999313354492,26.280000686645508,3063100
2013-08-21,EWT,26.079999923706055,26.18000030517578,25.920000076293945,25.979999542236328,4219900
2013-08-22,EWT,26.1200008392334,26.260000228881836,26.1200008392334,26.18000030517578,2793850
2013-08-23,EWT,26.540000915527344,26.65999984741211,26.440000534057617,26.540000915527344,2367650
2013-08-26,EWT,26.540000915527344,26.639999389648438,26.3799991607666,26.440000534057617,1575850
2013-08-27,EWT,26.18000030517578,26.280000686645508,25.979999542236328,26.040000915527344,5762450
2013-08-28,EWT,26.3799991607666,26.559999465942383,26.239999771118164,26.31999969482422,2666750
2013-08-29,EWT,26.760000228881836,26.940000534057617,26.65999984741211,26.739999771118164,2975900
2013-08-30,EWT,27.059999465942383,27.100000381469727,26.860000610351562,26.959999084472656,3494000
2013-09-03,EWT,27.65999984741211,27.700000762939453,27.34000015258789,27.360000610351562,3575550
2013-09-04,EWT,27.540000915527344,27.799999237060547,27.540000915527344,27.739999771118164,3816900
2013-09-05,EWT,27.780000686645508,28.020000457763672,27.780000686645508,27.920000076293945,2701550
2013-09-06,EWT,28.1200008392334,28.15999984741211,27.81999969482422,27.979999542236328,4692950
2013-09-09,EWT,28.100000381469727,28.399999618530273,28.100000381469727,28.31999969482422,3579500
2013-09-10,EWT,28.399999618530273,28.459999084472656,28.31999969482422,28.399999618530273,2268500
2013-09-11,EWT,28.200000762939453,28.31999969482422,28.18000030517578,28.31999969482422,2010900
2013-09-12,EWT,28.139999389648438,28.200000762939453,28.020000457763672,28.059999465942383,2383250
2013-09-13,EWT,28.0,28.15999984741211,27.979999542236328,28.1200008392334,2586650
2013-09-16,EWT,28.440000534057617,28.559999465942383,28.360000610351562,28.399999618530273,4131050
2013-09-17,EWT,28.399999618530273,28.420000076293945,28.239999771118164,28.299999237060547,3169700
2013-09-18,EWT,28.100000381469727,29.0,28.040000915527344,28.8799991607666,6576000
2013-09-19,EWT,28.940000534057617,29.0,28.760000228881836,28.860000610351562,7725850
2013-09-20,EWT,28.920000076293945,28.920000076293945,28.360000610351562,28.420000076293945,3666650
2013-09-23,EWT,28.559999465942383,28.6200008392334,28.440000534057617,28.5,3111250
2013-09-24,EWT,28.520000457763672,28.639999389648438,28.440000534057617,28.5,4628650
2013-09-25,EWT,28.420000076293945,28.420000076293945,28.18000030517578,28.260000228881836,2340250
2013-09-26,EWT,28.1200008392334,28.219999313354492,28.040000915527344,28.200000762939453,1947350
2013-09-27,EWT,28.079999923706055,28.100000381469727,27.940000534057617,28.059999465942383,2223950
2013-09-30,EWT,27.639999389648438,27.860000610351562,27.559999465942383,27.84000015258789,3606750
2013-10-01,EWT,27.940000534057617,28.360000610351562,27.920000076293945,28.31999969482422,5110450
2013-10-02,EWT,28.100000381469727,28.31999969482422,28.079999923706055,28.299999237060547,3060450
2013-10-03,EWT,29.040000915527344,29.040000915527344,28.700000762939453,28.799999237060547,3819250
2013-10-04,EWT,28.81999969482422,29.139999389648438,28.760000228881836,29.059999465942383,2307100
2013-10-07,EWT,28.579999923706055,28.81999969482422,28.540000915527344,28.68000030517578,2022250
2013-10-08,EWT,28.899999618530273,28.920000076293945,28.5,28.559999465942383,3834800
2013-10-09,EWT,28.68000030517578,28.780000686645508,28.459999084472656,28.700000762939453,3839550
2013-10-10,EWT,28.84000015258789,29.260000228881836,28.799999237060547,29.100000381469727,6325200
2013-10-11,EWT,28.940000534057617,29.15999984741211,28.940000534057617,29.15999984741211,2242050
2013-10-14,EWT,28.760000228881836,29.0,28.68000030517578,28.959999084472656,3217000
2013-10-15,EWT,28.920000076293945,29.040000915527344,28.739999771118164,28.860000610351562,2999350
2013-10-16,EWT,28.780000686645508,29.0,28.760000228881836,28.940000534057617,2055550
2013-10-17,EWT,28.81999969482422,29.15999984741211,28.799999237060547,29.139999389648438,1906550
2013-10-18,EWT,29.200000762939453,29.34000015258789,29.139999389648438,29.280000686645508,2645550
2013-10-21,EWT,29.100000381469727,29.18000030517578,29.0,29.059999465942383,1998700
2013-10-22,EWT,29.3799991607666,29.540000915527344,29.299999237060547,29.360000610351562,3933350
2013-10-23,EWT,28.860000610351562,28.860000610351562,28.739999771118164,28.739999771118164,4462450
2013-10-24,EWT,29.0,29.059999465942383,28.8799991607666,28.940000534057617,2567300
2013-10-25,EWT,28.719999313354492,28.940000534057617,28.719999313354492,28.899999618530273,1899600
2013-10-28,EWT,28.8799991607666,29.100000381469727,28.860000610351562,29.020000457763672,1982750
2013-10-29,EWT,29.1200008392334,29.200000762939453,29.079999923706055,29.1200008392334,1541950
2013-10-30,EWT,29.299999237060547,29.31999969482422,28.940000534057617,29.040000915527344,2895350
2013-10-31,EWT,29.139999389648438,29.200000762939453,28.979999542236328,29.040000915527344,3242100
2013-11-01,EWT,28.940000534057617,29.0,28.780000686645508,28.81999969482422,5123350
2013-11-04,EWT,28.799999237060547,28.8799991607666,28.760000228881836,28.860000610351562,1669550
2013-11-05,EWT,28.559999465942383,28.559999465942383,28.360000610351562,28.3799991607666,2954750
2013-11-06,EWT,28.559999465942383,28.600000381469727,28.440000534057617,28.459999084472656,2042500
2013-11-07,EWT,28.540000915527344,28.540000915527344,28.1200008392334,28.15999984741211,2769100
2013-11-08,EWT,28.0,28.219999313354492,27.899999618530273,28.18000030517578,5370900
2013-11-11,EWT,28.059999465942383,28.1200008392334,27.959999084472656,28.020000457763672,1487250
2013-11-12,EWT,28.0,28.059999465942383,27.799999237060547,28.0,11780400
2013-11-13,EWT,27.540000915527344,27.899999618530273,27.520000457763672,27.860000610351562,4236700
2013-11-14,EWT,27.639999389648438,27.8799991607666,27.559999465942383,27.84000015258789,4398750
2013-11-15,EWT,28.020000457763672,28.31999969482422,27.920000076293945,28.219999313354492,4865100
2013-11-18,EWT,28.280000686645508,28.459999084472656,28.139999389648438,28.139999389648438,2525200
2013-11-19,EWT,28.360000610351562,28.420000076293945,28.18000030517578,28.219999313354492,2383200
2013-11-20,EWT,28.200000762939453,28.260000228881836,27.899999618530273,27.979999542236328,2793050
2013-11-21,EWT,27.68000030517578,27.700000762939453,27.540000915527344,27.639999389648438,3077450
2013-11-22,EWT,27.739999771118164,27.860000610351562,27.65999984741211,27.799999237060547,1962250
2013-11-25,EWT,28.020000457763672,28.040000915527344,27.719999313354492,27.739999771118164,2615100
2013-11-26,EWT,28.100000381469727,28.18000030517578,28.040000915527344,28.1200008392334,1650450
2013-11-27,EWT,28.420000076293945,28.459999084472656,28.299999237060547,28.31999969482422,1868650
2013-11-29,EWT,28.81999969482422,28.860000610351562,28.739999771118164,28.760000228881836,1725450
2013-12-02,EWT,28.65999984741211,28.739999771118164,28.299999237060547,28.34000015258789,3435350
2013-12-03,EWT,28.479999542236328,28.68000030517578,28.440000534057617,28.520000457763672,2565150
2013-12-04,EWT,28.639999389648438,28.719999313354492,28.399999618530273,28.639999389648438,2739600
2013-12-05,EWT,28.420000076293945,28.520000457763672,28.299999237060547,28.31999969482422,2688550
2013-12-06,EWT,28.739999771118164,28.84000015258789,28.639999389648438,28.739999771118164,2574100
2013-12-09,EWT,28.84000015258789,28.920000076293945,28.81999969482422,28.860000610351562,1881800
2013-12-10,EWT,28.799999237060547,28.860000610351562,28.719999313354492,28.81999969482422,1453850
2013-12-11,EWT,28.780000686645508,28.84000015258789,28.540000915527344,28.559999465942383,2638850
2013-12-12,EWT,28.459999084472656,28.5,28.31999969482422,28.34000015258789,2537900
2013-12-13,EWT,28.440000534057617,28.459999084472656,28.299999237060547,28.420000076293945,2070600
2013-12-16,EWT,28.360000610351562,28.559999465942383,28.31999969482422,28.3799991607666,3970200
2013-12-17,EWT,28.399999618530273,28.399999618530273,28.239999771118164,28.260000228881836,2537850
2013-12-18,EWT,27.719999313354492,28.280000686645508,27.5,28.1200008392334,5226700
2013-12-19,EWT,27.6200008392334,27.719999313354492,27.479999542236328,27.68000030517578,3436850
2013-12-20,EWT,27.81999969482422,27.8799991607666,27.700000762939453,27.760000228881836,2177100
2013-12-23,EWT,27.940000534057617,28.059999465942383,27.940000534057617,28.0,1843700
2013-12-24,EWT,27.959999084472656,27.979999542236328,27.780000686645508,27.959999084472656,534350
2013-12-26,EWT,27.940000534057617,27.979999542236328,27.84000015258789,27.8799991607666,541650
2013-12-27,EWT,28.18000030517578,28.34000015258789,28.18000030517578,28.31999969482422,2355800
2013-12-30,EWT,28.559999465942383,28.760000228881836,28.559999465942383,28.719999313354492,1315350
2013-12-31,EWT,28.700000762939453,28.860000610351562,28.639999389648438,28.84000015258789,1777700
2014-01-02,EWT,28.459999084472656,28.5,28.059999465942383,28.100000381469727,3590850
2014-01-03,EWT,28.020000457763672,28.059999465942383,27.920000076293945,28.0,2595500
2014-01-06,EWT,27.81999969482422,27.84000015258789,27.68000030517578,27.68000030517578,1652750
2014-01-07,EWT,27.81999969482422,27.860000610351562,27.719999313354492,27.860000610351562,2574450
2014-01-08,EWT,27.8799991607666,27.899999618530273,27.780000686645508,27.860000610351562,1443150
2014-01-09,EWT,27.719999313354492,27.760000228881836,27.559999465942383,27.719999313354492,1763950
2014-01-10,EWT,27.8799991607666,28.139999389648438,27.860000610351562,28.059999465942383,2957100
2014-01-13,EWT,27.979999542236328,28.020000457763672,27.68000030517578,27.799999237060547,3161750
2014-01-14,EWT,27.899999618530273,28.139999389648438,27.84000015258789,28.059999465942383,2373200
2014-01-15,EWT,28.18000030517578,28.299999237060547,28.15999984741211,28.280000686645508,1368100
2014-01-16,EWT,28.299999237060547,28.360000610351562,28.239999771118164,28.34000015258789,1810250
2014-01-17,EWT,28.200000762939453,28.260000228881836,28.1200008392334,28.200000762939453,1621000
2014-01-21,EWT,28.18000030517578,28.219999313354492,27.979999542236328,28.1200008392334,2280150
2014-01-22,EWT,28.31999969482422,28.3799991607666,28.239999771118164,28.34000015258789,2027450
2014-01-23,EWT,28.100000381469727,28.139999389648438,27.799999237060547,27.920000076293945,3094250
2014-01-24,EWT,28.020000457763672,28.040000915527344,27.68000030517578,27.700000762939453,3859200
2014-01-27,EWT,27.34000015258789,27.3799991607666,27.040000915527344,27.239999771118164,5306550
2014-01-28,EWT,27.31999969482422,27.479999542236328,27.239999771118164,27.440000534057617,4947350
2014-01-29,EWT,27.18000030517578,27.239999771118164,26.84000015258789,26.959999084472656,5544250
2014-01-30,EWT,27.200000762939453,27.299999237060547,27.0,27.020000457763672,5767300
2014-01-31,EWT,26.84000015258789,27.219999313354492,26.799999237060547,27.139999389648438,3968950
2014-02-03,EWT,26.979999542236328,27.040000915527344,26.520000457763672,26.559999465942383,4509450
2014-02-04,EWT,26.860000610351562,27.139999389648438,26.799999237060547,26.899999618530273,6559500
2014-02-05,EWT,26.639999389648438,26.899999618530273,26.559999465942383,26.760000228881836,4989750
2014-02-06,EWT,26.959999084472656,27.1200008392334,26.940000534057617,27.1200008392334,3840550
2014-02-07,EWT,27.260000228881836,27.440000534057617,27.18000030517578,27.31999969482422,3450800
2014-02-10,EWT,27.219999313354492,27.219999313354492,27.040000915527344,27.100000381469727,1698150
2014-02-11,EWT,27.260000228881836,27.6200008392334,27.239999771118164,27.579999923706055,3479500
2014-02-12,EWT,27.780000686645508,27.920000076293945,27.700000762939453,27.760000228881836,2795500
2014-02-13,EWT,27.5,27.739999771118164,27.459999084472656,27.68000030517578,2008350
2014-02-14,EWT,27.940000534057617,28.15999984741211,27.899999618530273,28.040000915527344,2607200
2014-02-18,EWT,27.940000534057617,28.0,27.860000610351562,27.899999618530273,2456700
2014-02-19,EWT,27.84000015258789,28.0,27.719999313354492,27.799999237060547,3506300
2014-02-20,EWT,27.700000762939453,27.860000610351562,27.559999465942383,27.81999969482422,2358500
2014-02-21,EWT,27.959999084472656,28.1200008392334,27.959999084472656,27.979999542236328,2214400
2014-02-24,EWT,27.860000610351562,28.079999923706055,27.84000015258789,27.899999618530273,2466700
2014-02-25,EWT,27.81999969482422,27.8799991607666,27.600000381469727,27.6200008392334,2670600
2014-02-26,EWT,27.959999084472656,28.0,27.780000686645508,27.8799991607666,2513400
2014-02-27,EWT,27.979999542236328,28.18000030517578,27.979999542236328,28.139999389648438,3226350
2014-02-28,EWT,28.15999984741211,28.219999313354492,27.959999084472656,28.1200008392334,4908000
2014-03-03,EWT,27.65999984741211,27.84000015258789,27.6200008392334,27.799999237060547,2848050
2014-03-04,EWT,28.020000457763672,28.079999923706055,27.940000534057617,27.940000534057617,2273050
2014-03-05,EWT,28.0,28.079999923706055,27.940000534057617,28.040000915527344,1743800
2014-03-06,EWT,28.440000534057617,28.68000030517578,28.440000534057617,28.600000381469727,3332900
2014-03-07,EWT,28.600000381469727,28.65999984741211,28.260000228881836,28.459999084472656,2441700
2014-03-10,EWT,28.420000076293945,28.420000076293945,28.239999771118164,28.3799991607666,2554650
2014-03-11,EWT,28.459999084472656,28.559999465942383,28.139999389648438,28.15999984741211,3304950
2014-03-12,EWT,28.1200008392334,28.5,28.100000381469727,28.479999542236328,3396900
2014-03-13,EWT,28.6200008392334,28.700000762939453,28.15999984741211,28.219999313354492,2788350
2014-03-14,EWT,28.299999237060547,28.479999542236328,28.239999771118164,28.280000686645508,4654300
2014-03-17,EWT,28.5,28.639999389648438,28.5,28.520000457763672,3703900
2014-03-18,EWT,28.3799991607666,28.579999923706055,28.3799991607666,28.520000457763672,2957500
2014-03-19,EWT,28.260000228881836,28.31999969482422,27.799999237060547,27.959999084472656,2801000
2014-03-20,EWT,27.559999465942383,27.860000610351562,27.459999084472656,27.780000686645508,3342200
2014-03-21,EWT,28.0,28.040000915527344,27.68000030517578,27.799999237060547,4427000
2014-03-24,EWT,27.979999542236328,28.0,27.739999771118164,27.899999618530273,3047850
2014-03-25,EWT,28.280000686645508,28.399999618530273,28.260000228881836,28.360000610351562,6893600
2014-03-26,EWT,28.360000610351562,28.540000915527344,28.34000015258789,28.360000610351562,2501900
2014-03-27,EWT,28.360000610351562,28.639999389648438,28.31999969482422,28.6200008392334,2500500
2014-03-28,EWT,28.639999389648438,28.84000015258789,28.600000381469727,28.6200008392334,4398050
2014-03-31,EWT,28.860000610351562,28.959999084472656,28.760000228881836,28.780000686645508,4572050
2014-04-01,EWT,29.020000457763672,29.18000030517578,29.020000457763672,29.139999389648438,4320550
2014-04-02,EWT,29.200000762939453,29.239999771118164,29.139999389648438,29.200000762939453,1733250
2014-04-03,EWT,29.079999923706055,29.200000762939453,28.920000076293945,29.139999389648438,3155950
2014-04-04,EWT,29.3799991607666,29.739999771118164,29.059999465942383,29.079999923706055,9636200
2014-04-07,EWT,29.100000381469727,29.15999984741211,28.920000076293945,29.020000457763672,4520550
2014-04-08,EWT,29.34000015258789,29.479999542236328,29.260000228881836,29.34000015258789,2909100
2014-04-09,EWT,29.639999389648438,29.780000686645508,29.399999618530273,29.639999389648438,3658150
2014-04-10,EWT,29.6200008392334,29.719999313354492,29.260000228881836,29.399999618530273,3406850
2014-04-11,EWT,29.360000610351562,29.399999618530273,29.280000686645508,29.3799991607666,3697750
2014-04-14,EWT,29.399999618530273,29.440000534057617,29.239999771118164,29.3799991607666,2499850
2014-04-15,EWT,29.579999923706055,29.579999923706055,29.139999389648438,29.540000915527344,4721600
2014-04-16,EWT,29.479999542236328,29.639999389648438,29.420000076293945,29.639999389648438,3891600
2014-04-17,EWT,29.700000762939453,29.899999618530273,29.68000030517578,29.81999969482422,2724450
2014-04-21,EWT,29.520000457763672,29.639999389648438,29.520000457763672,29.579999923706055,1167300
2014-04-22,EWT,29.65999984741211,29.719999313354492,29.639999389648438,29.68000030517578,1459500
2014-04-23,EWT,29.5,29.5,29.31999969482422,29.420000076293945,2211400
2014-04-24,EWT,29.540000915527344,29.579999923706055,29.360000610351562,29.540000915527344,1736150
2014-04-25,EWT,28.8799991607666,28.899999618530273,28.719999313354492,28.81999969482422,3945600
2014-04-28,EWT,29.239999771118164,29.3799991607666,29.079999923706055,29.360000610351562,3519550
2014-04-29,EWT,29.520000457763672,29.639999389648438,29.5,29.520000457763672,3102850
2014-04-30,EWT,29.139999389648438,29.31999969482422,29.1200008392334,29.280000686645508,2616300
2014-05-01,EWT,29.1200008392334,29.3799991607666,29.1200008392334,29.299999237060547,1665150
2014-05-02,EWT,29.440000534057617,29.600000381469727,29.399999618530273,29.540000915527344,2243800
2014-05-05,EWT,29.360000610351562,29.5,29.280000686645508,29.479999542236328,1717650
2014-05-06,EWT,29.520000457763672,29.6200008392334,29.459999084472656,29.5,2588750
2014-05-07,EWT,29.459999084472656,29.68000030517578,29.3799991607666,29.639999389648438,2461650
2014-05-08,EWT,29.719999313354492,29.8799991607666,29.700000762939453,29.739999771118164,2514450
2014-05-09,EWT,29.479999542236328,29.540000915527344,29.3799991607666,29.420000076293945,2179650
2014-05-12,EWT,29.34000015258789,29.540000915527344,29.280000686645508,29.5,2572700
2014-05-13,EWT,29.399999618530273,29.559999465942383,29.3799991607666,29.459999084472656,2936850
2014-05-14,EWT,29.6200008392334,29.6200008392334,29.399999618530273,29.440000534057617,6074850
2014-05-15,EWT,29.5,29.520000457763672,29.31999969482422,29.399999618530273,2120650
2014-05-16,EWT,29.579999923706055,29.799999237060547,29.5,29.719999313354492,2066800
2014-05-19,EWT,29.719999313354492,29.739999771118164,29.639999389648438,29.700000762939453,2221450
2014-05-20,EWT,29.68000030517578,29.760000228881836,29.559999465942383,29.600000381469727,2437250
2014-05-21,EWT,29.68000030517578,29.700000762939453,29.600000381469727,29.65999984741211,1173250
2014-05-22,EWT,29.940000534057617,30.020000457763672,29.920000076293945,30.020000457763672,1232500
2014-05-23,EWT,30.059999465942383,30.139999389648438,30.040000915527344,30.059999465942383,3527400
2014-05-27,EWT,30.34000015258789,30.360000610351562,30.18000030517578,30.299999237060547,4445000
2014-05-28,EWT,30.440000534057617,30.540000915527344,30.399999618530273,30.440000534057617,3000950
2014-05-29,EWT,30.440000534057617,30.520000457763672,30.420000076293945,30.459999084472656,2070600
2014-05-30,EWT,30.34000015258789,30.34000015258789,30.139999389648438,30.219999313354492,3492250
2014-06-02,EWT,30.219999313354492,30.3799991607666,30.219999313354492,30.34000015258789,3413350
2014-06-03,EWT,30.200000762939453,30.479999542236328,30.200000762939453,30.440000534057617,4249100
2014-06-04,EWT,30.34000015258789,30.360000610351562,30.239999771118164,30.299999237060547,1428550
2014-06-05,EWT,30.5,30.540000915527344,30.360000610351562,30.540000915527344,1747600
2014-06-06,EWT,30.520000457763672,30.6200008392334,30.5,30.540000915527344,1913550
2014-06-09,EWT,30.6200008392334,30.739999771118164,30.579999923706055,30.719999313354492,2327000
2014-06-10,EWT,30.81999969482422,30.940000534057617,30.780000686645508,30.920000076293945,3573450
2014-06-11,EWT,30.719999313354492,30.81999969482422,30.719999313354492,30.760000228881836,4584350
2014-06-12,EWT,30.739999771118164,30.780000686645508,30.639999389648438,30.719999313354492,3646450
2014-06-13,EWT,30.579999923706055,30.700000762939453,30.540000915527344,30.700000762939453,4196850
2014-06-16,EWT,30.739999771118164,30.739999771118164,30.600000381469727,30.719999313354492,1194450
2014-06-17,EWT,30.899999618530273,30.979999542236328,30.84000015258789,30.959999084472656,2383650
2014-06-18,EWT,30.959999084472656,31.239999771118164,30.860000610351562,31.200000762939453,4076900
2014-06-19,EWT,31.18000030517578,31.31999969482422,31.18000030517578,31.31999969482422,3205100
2014-06-20,EWT,31.079999923706055,31.139999389648438,30.940000534057617,31.0,1432800
2014-06-23,EWT,31.020000457763672,31.020000457763672,30.920000076293945,30.959999084472656,1911750
2014-06-24,EWT,30.959999084472656,31.139999389648438,30.860000610351562,30.899999618530273,2838300
2014-06-25,EWT,30.920000076293945,31.079999923706055,30.860000610351562,31.059999465942383,1697700
2014-06-26,EWT,31.299999237060547,31.299999237060547,31.200000762939453,31.219999313354492,1872550
2014-06-27,EWT,31.280000686645508,31.420000076293945,31.219999313354492,31.420000076293945,2759500
2014-06-30,EWT,31.68000030517578,31.700000762939453,31.559999465942383,31.600000381469727,3096450
2014-07-01,EWT,31.959999084472656,32.18000030517578,31.920000076293945,32.18000030517578,2631350
2014-07-02,EWT,32.279998779296875,32.29999923706055,32.18000030517578,32.2599983215332,4203950
2014-07-03,EWT,32.5,32.560001373291016,32.400001525878906,32.47999954223633,1500450
2014-07-07,EWT,32.400001525878906,32.619998931884766,32.400001525878906,32.599998474121094,8412000
2014-07-08,EWT,32.599998474121094,32.619998931884766,32.400001525878906,32.459999084472656,3553000
2014-07-09,EWT,32.36000061035156,32.52000045776367,32.34000015258789,32.52000045776367,2392350
2014-07-10,EWT,32.47999954223633,32.720001220703125,32.400001525878906,32.720001220703125,4211850
2014-07-11,EWT,32.68000030517578,32.70000076293945,32.58000183105469,32.619998931884766,2048400
2014-07-14,EWT,32.7599983215332,32.880001068115234,32.7599983215332,32.86000061035156,2950800
2014-07-15,EWT,32.900001525878906,32.900001525878906,32.63999938964844,32.779998779296875,3627850
2014-07-16,EWT,32.540000915527344,32.599998474121094,32.36000061035156,32.380001068115234,3859800
2014-07-17,EWT,32.220001220703125,32.220001220703125,31.600000381469727,31.719999313354492,7379900
2014-07-18,EWT,32.08000183105469,32.220001220703125,32.060001373291016,32.08000183105469,3411750
2014-07-21,EWT,32.060001373291016,32.34000015258789,32.060001373291016,32.31999969482422,3130050
2014-07-22,EWT,32.70000076293945,32.7400016784668,32.619998931884766,32.619998931884766,4021000
2014-07-23,EWT,32.720001220703125,32.7599983215332,32.599998474121094,32.63999938964844,2164100
2014-07-24,EWT,32.68000030517578,32.720001220703125,32.599998474121094,32.70000076293945,2530600
2014-07-25,EWT,32.31999969482422,32.34000015258789,32.18000030517578,32.31999969482422,1776200
2014-07-28,EWT,32.13999938964844,32.439998626708984,32.13999938964844,32.41999816894531,3233300
2014-07-29,EWT,32.2400016784668,32.34000015258789,32.18000030517578,32.220001220703125,3565850
2014-07-30,EWT,32.34000015258789,32.439998626708984,32.18000030517578,32.34000015258789,3195600
2014-07-31,EWT,31.520000457763672,31.639999389648438,31.360000610351562,31.5,8271100
2014-08-01,EWT,31.520000457763672,31.719999313354492,31.440000534057617,31.6200008392334,4428900
2014-08-04,EWT,31.8799991607666,31.920000076293945,31.719999313354492,31.8799991607666,4029200
2014-08-05,EWT,31.139999389648438,31.15999984741211,30.959999084472656,31.040000915527344,5174450
2014-08-06,EWT,31.18000030517578,31.280000686645508,31.100000381469727,31.15999984741211,2592300
2014-08-07,EWT,31.239999771118164,31.260000228881836,31.059999465942383,31.18000030517578,4342050
2014-08-08,EWT,31.34000015258789,31.440000534057617,31.239999771118164,31.399999618530273,4637350
2014-08-11,EWT,31.5,31.700000762939453,31.5,31.639999389648438,2197150
2014-08-12,EWT,31.459999084472656,31.579999923706055,31.440000534057617,31.559999465942383,1862200
2014-08-13,EWT,32.040000915527344,32.119998931884766,31.899999618530273,31.979999542236328,2592050
2014-08-14,EWT,31.979999542236328,32.08000183105469,31.959999084472656,32.0,1783600
2014-08-15,EWT,32.0,32.02000045776367,31.760000228881836,31.8799991607666,3988000
2014-08-18,EWT,31.84000015258789,31.940000534057617,31.760000228881836,31.8799991607666,2587550
2014-08-19,EWT,32.29999923706055,32.380001068115234,32.20000076293945,32.29999923706055,5561350
2014-08-20,EWT,32.380001068115234,32.5,32.34000015258789,32.47999954223633,1406350
2014-08-21,EWT,32.29999923706055,32.400001525878906,32.220001220703125,32.2400016784668,2392900
2014-08-22,EWT,32.68000030517578,32.7400016784668,32.52000045776367,32.63999938964844,2208050
2014-08-25,EWT,32.65999984741211,32.70000076293945,32.599998474121094,32.68000030517578,1799450
2014-08-26,EWT,32.63999938964844,32.81999969482422,32.619998931884766,32.79999923706055,2111400
2014-08-27,EWT,33.0,33.15999984741211,33.0,33.15999984741211,2167100
2014-08-28,EWT,32.900001525878906,33.08000183105469,32.84000015258789,33.060001373291016,2340050
2014-08-29,EWT,33.099998474121094,33.099998474121094,32.900001525878906,33.02000045776367,4252000
2014-09-02,EWT,32.779998779296875,32.86000061035156,32.65999984741211,32.7400016784668,2566700
2014-09-03,EWT,33.18000030517578,33.18000030517578,33.0,33.040000915527344,1767800
2014-09-04,EWT,32.97999954223633,33.08000183105469,32.81999969482422,32.900001525878906,2081750
2014-09-05,EWT,32.7599983215332,33.060001373291016,32.720001220703125,33.040000915527344,3050100
2014-09-08,EWT,33.0,33.040000915527344,32.84000015258789,32.880001068115234,2243300
2014-09-09,EWT,32.86000061035156,32.91999816894531,32.68000030517578,32.79999923706055,3194750
2014-09-10,EWT,32.400001525878906,32.70000076293945,32.400001525878906,32.65999984741211,3158550
2014-09-11,EWT,32.2599983215332,32.47999954223633,32.20000076293945,32.47999954223633,5311750
2014-09-12,EWT,32.08000183105469,32.18000030517578,31.860000610351562,31.979999542236328,4996150
2014-09-15,EWT,32.0,32.08000183105469,31.760000228881836,31.860000610351562,2799700
2014-09-16,EWT,31.579999923706055,32.15999984741211,31.579999923706055,31.920000076293945,5489500
2014-09-17,EWT,31.979999542236328,32.119998931884766,31.860000610351562,31.899999618530273,4154900
2014-09-18,EWT,32.0,32.08000183105469,31.979999542236328,32.02000045776367,2519350
2014-09-19,EWT,32.02000045776367,32.040000915527344,31.739999771118164,31.799999237060547,3446950
2014-09-22,EWT,31.440000534057617,31.5,31.200000762939453,31.299999237060547,3172450
2014-09-23,EWT,31.219999313354492,31.360000610351562,31.15999984741211,31.200000762939453,2452800
2014-09-24,EWT,31.280000686645508,31.579999923706055,31.280000686645508,31.520000457763672,3147850
2014-09-25,EWT,30.81999969482422,30.860000610351562,30.600000381469727,30.700000762939453,5278700
2014-09-26,EWT,30.68000030517578,30.780000686645508,30.6200008392334,30.739999771118164,4830250
2014-09-29,EWT,30.299999237060547,30.440000534057617,30.18000030517578,30.440000534057617,4677250
2014-09-30,EWT,30.420000076293945,30.579999923706055,30.399999618530273,30.540000915527344,4561850
2014-10-01,EWT,30.559999465942383,30.600000381469727,30.219999313354492,30.239999771118164,7178950
2014-10-02,EWT,30.440000534057617,30.799999237060547,30.3799991607666,30.6200008392334,7171050
2014-10-03,EWT,31.0,31.280000686645508,30.959999084472656,31.219999313354492,6415950
2014-10-06,EWT,31.18000030517578,31.280000686645508,31.059999465942383,31.079999923706055,3174400
2014-10-07,EWT,30.8799991607666,30.899999618530273,30.65999984741211,30.68000030517578,4423800
2014-10-08,EWT,30.5,31.15999984741211,30.479999542236328,31.079999923706055,5249600
2014-10-09,EWT,30.860000610351562,30.8799991607666,30.459999084472656,30.559999465942383,7467900
2014-10-10,EWT,30.31999969482422,30.360000610351562,29.760000228881836,29.81999969482422,8944400
2014-10-13,EWT,30.059999465942383,30.200000762939453,29.719999313354492,29.760000228881836,4612200
2014-10-14,EWT,29.979999542236328,30.31999969482422,29.899999618530273,30.18000030517578,4635250
2014-10-15,EWT,29.739999771118164,29.979999542236328,29.219999313354492,29.8799991607666,8067950
2014-10-16,EWT,29.65999984741211,30.219999313354492,29.579999923706055,29.979999542236328,7728000
2014-10-17,EWT,29.760000228881836,29.979999542236328,29.65999984741211,29.719999313354492,4525050
2014-10-20,EWT,29.979999542236328,30.260000228881836,29.979999542236328,30.200000762939453,3834050
2014-10-21,EWT,30.280000686645508,30.600000381469727,30.260000228881836,30.5,3235100
2014-10-22,EWT,30.639999389648438,30.68000030517578,30.3799991607666,30.440000534057617,4639150
2014-10-23,EWT,30.579999923706055,30.780000686645508,30.540000915527344,30.65999984741211,2078800
2014-10-24,EWT,30.299999237060547,30.479999542236328,30.239999771118164,30.440000534057617,2903050
2014-10-27,EWT,30.360000610351562,30.459999084472656,30.280000686645508,30.459999084472656,2796150
2014-10-28,EWT,30.899999618530273,31.15999984741211,30.8799991607666,31.079999923706055,5092650
2014-10-29,EWT,31.299999237060547,31.3799991607666,31.0,31.079999923706055,4346450
2014-10-30,EWT,31.040000915527344,31.15999984741211,30.940000534057617,31.059999465942383,2578650
2014-10-31,EWT,31.399999618530273,31.6200008392334,31.31999969482422,31.440000534057617,4481700
2014-11-03,EWT,31.440000534057617,31.459999084472656,31.280000686645508,31.399999618530273,3571550
2014-11-04,EWT,31.34000015258789,31.440000534057617,31.239999771118164,31.440000534057617,1625000
2014-11-05,EWT,31.239999771118164,31.34000015258789,31.1200008392334,31.31999969482422,2014200
2014-11-06,EWT,31.079999923706055,31.100000381469727,30.899999618530273,30.920000076293945,2731100
2014-11-07,EWT,31.020000457763672,31.15999984741211,31.0,31.1200008392334,1776300
2014-11-10,EWT,31.600000381469727,31.68000030517578,31.520000457763672,31.540000915527344,2175750
2014-11-11,EWT,31.399999618530273,31.540000915527344,31.399999618530273,31.479999542236328,1156400
2014-11-12,EWT,30.959999084472656,31.040000915527344,30.860000610351562,31.040000915527344,2903150
2014-11-13,EWT,31.239999771118164,31.299999237060547,31.139999389648438,31.200000762939453,1461300
2014-11-14,EWT,31.100000381469727,31.34000015258789,31.079999923706055,31.299999237060547,2014550
2014-11-17,EWT,31.020000457763672,31.040000915527344,30.899999618530273,31.0,1787100
2014-11-18,EWT,30.860000610351562,30.940000534057617,30.799999237060547,30.84000015258789,3366700
2014-11-19,EWT,31.079999923706055,31.299999237060547,31.040000915527344,31.18000030517578,2277700
2014-11-20,EWT,31.31999969482422,31.459999084472656,31.31999969482422,31.34000015258789,2542700
2014-11-21,EWT,31.6200008392334,31.8799991607666,31.6200008392334,31.84000015258789,4718100
2014-11-24,EWT,31.600000381469727,31.6200008392334,31.520000457763672,31.6200008392334,1668300
2014-11-25,EWT,31.6200008392334,31.6200008392334,31.459999084472656,31.459999084472656,3172050
2014-11-26,EWT,31.520000457763672,31.719999313354492,31.520000457763672,31.68000030517578,2086300
2014-11-28,EWT,31.68000030517578,31.739999771118164,31.579999923706055,31.6200008392334,2760250
2014-12-01,EWT,31.280000686645508,31.280000686645508,31.059999465942383,31.1200008392334,2765950
2014-12-02,EWT,30.899999618530273,30.899999618530273,30.760000228881836,30.84000015258789,2860500
2014-12-03,EWT,31.3799991607666,31.479999542236328,31.360000610351562,31.479999542236328,3987050
2014-12-04,EWT,31.579999923706055,31.600000381469727,31.420000076293945,31.440000534057617,1553350
2014-12-05,EWT,31.299999237060547,31.440000534057617,31.219999313354492,31.440000534057617,2600400
2014-12-08,EWT,31.219999313354492,31.219999313354492,31.059999465942383,31.139999389648438,3219300
2014-12-09,EWT,30.780000686645508,30.940000534057617,30.639999389648438,30.920000076293945,2531950
2014-12-10,EWT,30.5,30.540000915527344,30.260000228881836,30.34000015258789,2890950
2014-12-11,EWT,30.3799991607666,30.600000381469727,30.299999237060547,30.360000610351562,3444650
2014-12-12,EWT,30.200000762939453,30.299999237060547,30.020000457763672,30.059999465942383,3268200
2014-12-15,EWT,30.31999969482422,30.360000610351562,29.920000076293945,30.059999465942383,3855000
2014-12-16,EWT,29.8799991607666,30.260000228881836,29.719999313354492,29.799999237060547,5735500
2014-12-17,EWT,28.959999084472656,29.639999389648438,28.799999237060547,29.420000076293945,4495200
2014-12-18,EWT,29.479999542236328,29.540000915527344,29.34000015258789,29.5,3274500
2014-12-19,EWT,29.700000762939453,29.899999618530273,29.639999389648438,29.760000228881836,3039400
2014-12-22,EWT,29.940000534057617,30.139999389648438,29.84000015258789,30.059999465942383,2388100
2014-12-23,EWT,29.559999465942383,29.84000015258789,29.559999465942383,29.739999771118164,1607300
2014-12-24,EWT,29.899999618530273,30.059999465942383,29.8799991607666,29.979999542236328,716350
2014-12-26,EWT,30.079999923706055,30.18000030517578,30.020000457763672,30.040000915527344,669750
2014-12-29,EWT,30.34000015258789,30.5,30.18000030517578,30.200000762939453,2195950
2014-12-30,EWT,30.239999771118164,30.31999969482422,30.18000030517578,30.239999771118164,2620550
2014-12-31,EWT,30.299999237060547,30.360000610351562,30.18000030517578,30.219999313354492,1315100
2015-01-02,EWT,30.139999389648438,30.139999389648438,29.579999923706055,29.8799991607666,5803900
2015-01-05,EWT,29.65999984741211,29.65999984741211,29.3799991607666,29.5,6382100
2015-01-06,EWT,28.940000534057617,29.1200008392334,28.760000228881836,28.899999618530273,4725600
2015-01-07,EWT,29.219999313354492,29.420000076293945,29.1200008392334,29.399999618530273,4328350
2015-01-08,EWT,30.020000457763672,30.100000381469727,29.940000534057617,29.979999542236328,3723700
2015-01-09,EWT,29.84000015258789,29.84000015258789,29.540000915527344,29.700000762939453,2638100
2015-01-12,EWT,29.700000762939453,29.700000762939453,29.3799991607666,29.459999084472656,2572850
2015-01-13,EWT,29.940000534057617,30.040000915527344,29.540000915527344,29.68000030517578,3336250
2015-01-14,EWT,29.360000610351562,29.540000915527344,29.280000686645508,29.5,3962950
2015-01-15,EWT,30.100000381469727,30.260000228881836,29.959999084472656,30.020000457763672,8326150
2015-01-16,EWT,29.81999969482422,30.280000686645508,29.81999969482422,30.239999771118164,6995950
2015-01-20,EWT,30.420000076293945,30.700000762939453,30.360000610351562,30.639999389648438,6504200
2015-01-21,EWT,30.700000762939453,30.959999084472656,30.600000381469727,30.899999618530273,6145600
2015-01-22,EWT,31.0,31.479999542236328,30.81999969482422,31.399999618530273,6758200
2015-01-23,EWT,31.540000915527344,31.700000762939453,31.520000457763672,31.559999465942383,6111000
2015-01-26,EWT,31.600000381469727,31.739999771118164,31.520000457763672,31.68000030517578,3860900
2015-01-27,EWT,31.65999984741211,31.719999313354492,31.5,31.65999984741211,3458700
2015-01-28,EWT,31.760000228881836,31.780000686645508,31.360000610351562,31.420000076293945,4218500
2015-01-29,EWT,31.200000762939453,31.280000686645508,30.940000534057617,31.280000686645508,5922050
2015-01-30,EWT,30.600000381469727,30.780000686645508,30.399999618530273,30.459999084472656,5031350
2015-02-02,EWT,30.81999969482422,31.100000381469727,30.799999237060547,31.040000915527344,3177900
2015-02-03,EWT,31.299999237060547,31.420000076293945,31.200000762939453,31.360000610351562,5962700
2015-02-04,EWT,31.479999542236328,31.639999389648438,31.440000534057617,31.479999542236328,5235250
2015-02-05,EWT,31.3799991607666,31.579999923706055,31.31999969482422,31.559999465942383,2594950
2015-02-06,EWT,31.100000381469727,31.18000030517578,30.799999237060547,30.979999542236328,2967850
2015-02-09,EWT,30.920000076293945,30.920000076293945,30.799999237060547,30.84000015258789,3185350
2015-02-10,EWT,30.979999542236328,31.079999923706055,30.8799991607666,31.0,2555300
2015-02-11,EWT,31.100000381469727,31.280000686645508,31.0,31.18000030517578,2415000
2015-02-12,EWT,31.420000076293945,31.65999984741211,31.3799991607666,31.6200008392334,3778200
2015-02-13,EWT,31.6200008392334,32.0,31.6200008392334,32.0,5954150
2015-02-17,EWT,31.760000228881836,31.8799991607666,31.639999389648438,31.799999237060547,3384300
2015-02-18,EWT,31.68000030517578,31.799999237060547,31.520000457763672,31.760000228881836,2445150
2015-02-19,EWT,31.540000915527344,31.68000030517578,31.459999084472656,31.579999923706055,1633350
2015-02-20,EWT,31.579999923706055,31.84000015258789,31.479999542236328,31.760000228881836,2197250
2015-02-23,EWT,31.700000762939453,31.760000228881836,31.440000534057617,31.520000457763672,1988500
2015-02-24,EWT,31.799999237060547,32.08000183105469,31.719999313354492,31.979999542236328,8840800
2015-02-25,EWT,32.119998931884766,32.2400016784668,32.08000183105469,32.099998474121094,2877750
2015-02-26,EWT,32.060001373291016,32.060001373291016,31.940000534057617,32.040000915527344,3163450
2015-02-27,EWT,31.979999542236328,32.15999984741211,31.940000534057617,32.0,4865450
2015-03-02,EWT,31.799999237060547,32.040000915527344,31.799999237060547,32.02000045776367,2437800
2015-03-03,EWT,31.860000610351562,31.920000076293945,31.739999771118164,31.8799991607666,3669750
2015-03-04,EWT,31.81999969482422,31.81999969482422,31.579999923706055,31.760000228881836,3279050
2015-03-05,EWT,31.6200008392334,31.799999237060547,31.600000381469727,31.780000686645508,2760700
2015-03-06,EWT,31.579999923706055,31.6200008392334,31.280000686645508,31.479999542236328,4646650
2015-03-09,EWT,31.479999542236328,31.479999542236328,31.31999969482422,31.31999969482422,3413550
2015-03-10,EWT,30.940000534057617,30.979999542236328,30.760000228881836,30.760000228881836,3934850
2015-03-11,EWT,31.040000915527344,31.139999389648438,30.979999542236328,31.079999923706055,3288900
2015-03-12,EWT,31.579999923706055,31.6200008392334,31.34000015258789,31.360000610351562,3095150
2015-03-13,EWT,31.260000228881836,31.280000686645508,31.040000915527344,31.239999771118164,2596200
2015-03-16,EWT,31.239999771118164,31.479999542236328,31.239999771118164,31.440000534057617,2811050
2015-03-17,EWT,31.34000015258789,31.579999923706055,31.299999237060547,31.579999923706055,6065450
2015-03-18,EWT,31.799999237060547,32.5,31.559999465942383,32.31999969482422,8851250
2015-03-19,EWT,32.2599983215332,32.2599983215332,32.0,32.13999938964844,5815250
2015-03-20,EWT,32.2599983215332,32.380001068115234,32.20000076293945,32.2599983215332,3231200
2015-03-23,EWT,32.220001220703125,32.34000015258789,32.18000030517578,32.29999923706055,2249400
2015-03-24,EWT,32.31999969482422,32.36000061035156,32.220001220703125,32.36000061035156,2227050
2015-03-25,EWT,32.220001220703125,32.220001220703125,31.520000457763672,31.559999465942383,8352200
2015-03-26,EWT,31.559999465942383,31.68000030517578,31.360000610351562,31.540000915527344,4473350
2015-03-27,EWT,31.219999313354492,31.3799991607666,31.079999923706055,31.299999237060547,5206150
2015-03-30,EWT,31.440000534057617,31.600000381469727,31.3799991607666,31.540000915527344,6181250
2015-03-31,EWT,31.559999465942383,31.579999923706055,31.440000534057617,31.479999542236328,4038950
2015-04-01,EWT,31.440000534057617,31.479999542236328,31.299999237060547,31.479999542236328,3271200
2015-04-02,EWT,31.8799991607666,32.15999984741211,31.860000610351562,32.13999938964844,3703600
2015-04-06,EWT,32.099998474121094,32.400001525878906,32.040000915527344,32.279998779296875,3155750
2015-04-07,EWT,32.02000045776367,32.08000183105469,31.920000076293945,31.979999542236328,3678500
2015-04-08,EWT,31.719999313354492,31.799999237060547,31.5,31.68000030517578,5625200
2015-04-09,EWT,31.719999313354492,31.860000610351562,31.65999984741211,31.68000030517578,3339150
2015-04-10,EWT,32.0,32.060001373291016,31.899999618530273,32.0,2686100
2015-04-13,EWT,31.860000610351562,31.920000076293945,31.760000228881836,31.799999237060547,4793050
2015-04-14,EWT,31.68000030517578,31.780000686645508,31.579999923706055,31.6200008392334,4151150
2015-04-15,EWT,31.399999618530273,31.639999389648438,31.31999969482422,31.579999923706055,3102750
2015-04-16,EWT,31.739999771118164,31.940000534057617,31.65999984741211,31.799999237060547,4037750
2015-04-17,EWT,31.420000076293945,31.579999923706055,31.280000686645508,31.540000915527344,3289800
2015-04-20,EWT,31.65999984741211,31.799999237060547,31.639999389648438,31.65999984741211,2752100
2015-04-21,EWT,31.719999313354492,31.739999771118164,31.600000381469727,31.639999389648438,3296000
2015-04-22,EWT,31.979999542236328,32.220001220703125,31.940000534057617,32.20000076293945,4373000
2015-04-23,EWT,32.79999923706055,33.20000076293945,32.79999923706055,33.099998474121094,7388400
2015-04-24,EWT,33.70000076293945,33.81999969482422,33.619998931884766,33.63999938964844,5597750
2015-04-27,EWT,34.060001373291016,34.18000030517578,34.0,34.060001373291016,6229700
2015-04-28,EWT,34.02000045776367,34.02000045776367,33.779998779296875,33.79999923706055,5086550
2015-04-29,EWT,33.52000045776367,33.619998931884766,33.380001068115234,33.47999954223633,6689450
2015-04-30,EWT,33.119998931884766,33.119998931884766,32.84000015258789,32.880001068115234,5158900
2015-05-01,EWT,32.900001525878906,33.20000076293945,32.900001525878906,33.15999984741211,2723100
2015-05-04,EWT,33.15999984741211,33.220001220703125,33.119998931884766,33.13999938964844,2440250
2015-05-05,EWT,33.08000183105469,33.13999938964844,32.880001068115234,32.900001525878906,3343450
2015-05-06,EWT,33.119998931884766,33.119998931884766,32.7599983215332,32.86000061035156,2856800
2015-05-07,EWT,32.459999084472656,32.779998779296875,32.380001068115234,32.779998779296875,6532700
2015-05-08,EWT,32.880001068115234,33.040000915527344,32.84000015258789,32.880001068115234,3682650
2015-05-11,EWT,32.7599983215332,32.81999969482422,32.560001373291016,32.58000183105469,2849850
2015-05-12,EWT,32.540000915527344,32.63999938964844,32.47999954223633,32.560001373291016,1957350
2015-05-13,EWT,32.91999816894531,33.040000915527344,32.84000015258789,32.880001068115234,4591450
2015-05-14,EWT,32.68000030517578,32.779998779296875,32.599998474121094,32.720001220703125,3252450
2015-05-15,EWT,32.619998931884766,32.84000015258789,32.560001373291016,32.81999969482422,2840550
2015-05-18,EWT,32.7599983215332,32.86000061035156,32.70000076293945,32.7400016784668,2795100
2015-05-19,EWT,33.099998474121094,33.2599983215332,33.08000183105469,33.2400016784668,3453700
2015-05-20,EWT,32.939998626708984,33.099998474121094,32.79999923706055,33.0,3166250
2015-05-21,EWT,32.58000183105469,32.84000015258789,32.560001373291016,32.81999969482422,2260850
2015-05-22,EWT,32.959999084472656,32.97999954223633,32.84000015258789,32.880001068115234,2871850
2015-05-26,EWT,33.0,33.040000915527344,32.58000183105469,32.720001220703125,6006800
2015-05-27,EWT,32.91999816894531,33.279998779296875,32.84000015258789,33.220001220703125,4778350
2015-05-28,EWT,33.08000183105469,33.15999984741211,32.97999954223633,33.08000183105469,4617550
2015-05-29,EWT,32.939998626708984,32.939998626708984,32.68000030517578,32.68000030517578,2990500
2015-06-01,EWT,32.380001068115234,32.400001525878906,32.18000030517578,32.380001068115234,2959550
2015-06-02,EWT,32.31999969482422,32.52000045776367,32.2400016784668,32.36000061035156,2289900
2015-06-03,EWT,32.20000076293945,32.34000015258789,32.13999938964844,32.29999923706055,1649350
2015-06-04,EWT,31.3799991607666,31.420000076293945,31.139999389648438,31.200000762939453,4292800
2015-06-05,EWT,31.079999923706055,31.15999984741211,30.959999084472656,31.020000457763672,3617300
2015-06-08,EWT,31.200000762939453,31.219999313354492,31.059999465942383,31.100000381469727,2364950
2015-06-09,EWT,30.899999618530273,30.959999084472656,30.68000030517578,30.700000762939453,3858900
2015-06-10,EWT,31.239999771118164,31.65999984741211,31.239999771118164,31.520000457763672,5958450
2015-06-11,EWT,31.440000534057617,31.479999542236328,31.299999237060547,31.299999237060547,1825600
2015-06-12,EWT,31.3799991607666,31.420000076293945,31.280000686645508,31.399999618530273,1468200
2015-06-15,EWT,31.200000762939453,31.34000015258789,31.100000381469727,31.34000015258789,3055050
2015-06-16,EWT,31.15999984741211,31.31999969482422,31.15999984741211,31.239999771118164,1304500
2015-06-17,EWT,31.139999389648438,31.479999542236328,31.0,31.31999969482422,2849350
2015-06-18,EWT,31.559999465942383,31.739999771118164,31.479999542236328,31.579999923706055,2784450
2015-06-19,EWT,31.5,31.65999984741211,31.420000076293945,31.440000534057617,2424800
2015-06-22,EWT,31.920000076293945,32.02000045776367,31.8799991607666,32.0,2396400
2015-06-23,EWT,32.02000045776367,32.119998931884766,31.979999542236328,32.08000183105469,3858900
2015-06-24,EWT,32.0,32.040000915527344,31.81999969482422,31.81999969482422,3847250
2015-06-25,EWT,32.34000015258789,32.34000015258789,32.099998474121094,32.099998474121094,2194350
2015-06-26,EWT,32.040000915527344,32.099998474121094,31.860000610351562,31.899999618530273,2469400
2015-06-29,EWT,31.5,31.639999389648438,31.260000228881836,31.260000228881836,2363250
2015-06-30,EWT,31.760000228881836,31.84000015258789,31.479999542236328,31.559999465942383,3805000
2015-07-01,EWT,32.15999984741211,32.220001220703125,31.899999618530273,32.02000045776367,2925750
2015-07-02,EWT,32.02000045776367,32.13999938964844,31.920000076293945,31.979999542236328,2107550
2015-07-06,EWT,31.579999923706055,31.84000015258789,31.520000457763672,31.6200008392334,2952000
2015-07-07,EWT,31.459999084472656,31.540000915527344,31.139999389648438,31.440000534057617,4549750
2015-07-08,EWT,30.399999618530273,30.520000457763672,30.079999923706055,30.139999389648438,10619750
2015-07-09,EWT,30.399999618530273,30.559999465942383,30.059999465942383,30.059999465942383,4110000
2015-07-10,EWT,30.5,30.65999984741211,30.420000076293945,30.559999465942383,3696000
2015-07-13,EWT,30.860000610351562,31.040000915527344,30.860000610351562,31.0,3806200
2015-07-14,EWT,30.799999237060547,31.020000457763672,30.799999237060547,31.0,2993600
2015-07-15,EWT,30.84000015258789,30.959999084472656,30.739999771118164,30.780000686645508,2844450
2015-07-16,EWT,30.81999969482422,31.059999465942383,30.719999313354492,31.0,6317800
2015-07-17,EWT,31.0,31.020000457763672,30.8799991607666,31.020000457763672,3715750
2015-07-20,EWT,30.739999771118164,30.8799991607666,30.6200008392334,30.799999237060547,3324700
2015-07-21,EWT,31.040000915527344,31.040000915527344,30.81999969482422,30.81999969482422,3430300
2015-07-22,EWT,30.3799991607666,30.399999618530273,30.15999984741211,30.200000762939453,2631250
2015-07-23,EWT,30.0,30.079999923706055,29.8799991607666,29.920000076293945,5138500
2015-07-24,EWT,29.600000381469727,29.6200008392334,29.260000228881836,29.399999618530273,5644750
2015-07-27,EWT,28.899999618530273,29.0,28.719999313354492,28.81999969482422,6779950
2015-07-28,EWT,29.020000457763672,29.260000228881836,29.020000457763672,29.260000228881836,4015150
2015-07-29,EWT,29.0,29.399999618530273,28.940000534057617,29.3799991607666,7658850
2015-07-30,EWT,29.399999618530273,29.559999465942383,29.239999771118164,29.520000457763672,4011350
2015-07-31,EWT,29.5,29.559999465942383,29.239999771118164,29.420000076293945,6779700
2015-08-03,EWT,28.979999542236328,28.979999542236328,28.68000030517578,28.799999237060547,4977750
2015-08-04,EWT,28.940000534057617,29.040000915527344,28.68000030517578,28.760000228881836,3603250
2015-08-05,EWT,29.040000915527344,29.100000381469727,28.8799991607666,28.940000534057617,4103500
2015-08-06,EWT,28.5,28.540000915527344,28.31999969482422,28.420000076293945,5147350
2015-08-07,EWT,28.34000015258789,28.420000076293945,28.260000228881836,28.299999237060547,3405700
2015-08-10,EWT,28.559999465942383,29.0,28.5,28.940000534057617,4122050
2015-08-11,EWT,27.799999237060547,27.899999618530273,27.579999923706055,27.760000228881836,6287150
2015-08-12,EWT,27.31999969482422,27.440000534057617,27.219999313354492,27.3799991607666,12109750
2015-08-13,EWT,27.34000015258789,27.559999465942383,27.299999237060547,27.399999618530273,4140250
2015-08-14,EWT,27.479999542236328,27.5,27.3799991607666,27.5,2604050
2015-08-17,EWT,26.81999969482422,27.139999389648438,26.760000228881836,27.1200008392334,3760000
2015-08-18,EWT,26.600000381469727,26.700000762939453,26.420000076293945,26.5,7416700
2015-08-19,EWT,26.139999389648438,26.280000686645508,25.799999237060547,26.100000381469727,7055900
2015-08-20,EWT,25.920000076293945,26.020000457763672,25.81999969482422,25.899999618530273,5343500
2015-08-21,EWT,25.239999771118164,25.459999084472656,24.860000610351562,24.899999618530273,9084550
2015-08-24,EWT,23.260000228881836,24.84000015258789,22.860000610351562,23.979999542236328,16296150
2015-08-25,EWT,25.8799991607666,25.920000076293945,24.8799991607666,24.920000076293945,11996800
2015-08-26,EWT,25.459999084472656,25.8799991607666,25.139999389648438,25.780000686645508,10412600
2015-08-27,EWT,26.1200008392334,26.719999313354492,26.1200008392334,26.68000030517578,7762350
2015-08-28,EWT,26.559999465942383,26.68000030517578,26.5,26.6200008392334,5382050
2015-08-31,EWT,26.579999923706055,26.760000228881836,26.420000076293945,26.719999313354492,7061750
2015-09-01,EWT,26.0,26.219999313354492,25.799999237060547,25.940000534057617,6160400
2015-09-02,EWT,26.31999969482422,26.5,26.280000686645508,26.440000534057617,6068950
2015-09-03,EWT,26.579999923706055,26.8799991607666,26.5,26.579999923706055,3388200
2015-09-04,EWT,26.079999923706055,26.139999389648438,25.700000762939453,25.920000076293945,3830800
2015-09-08,EWT,26.559999465942383,26.739999771118164,26.479999542236328,26.739999771118164,3189200
2015-09-09,EWT,27.600000381469727,27.719999313354492,27.040000915527344,27.079999923706055,4598250
2015-09-10,EWT,27.100000381469727,27.3799991607666,26.920000076293945,27.260000228881836,4078350
2015-09-11,EWT,27.200000762939453,27.280000686645508,27.1200008392334,27.280000686645508,4019600
2015-09-14,EWT,27.200000762939453,27.260000228881836,27.1200008392334,27.219999313354492,2048100
2015-09-15,EWT,27.059999465942383,27.459999084472656,27.0,27.3799991607666,3536900
2015-09-16,EWT,27.68000030517578,27.920000076293945,27.68000030517578,27.81999969482422,3677850
2015-09-17,EWT,27.899999618530273,28.68000030517578,27.8799991607666,28.079999923706055,6240950
2015-09-18,EWT,27.719999313354492,27.899999618530273,27.520000457763672,27.559999465942383,4562550
2015-09-21,EWT,27.239999771118164,27.31999969482422,27.100000381469727,27.260000228881836,2699150
2015-09-22,EWT,26.559999465942383,26.719999313354492,26.5,26.65999984741211,2756250
2015-09-23,EWT,26.559999465942383,26.719999313354492,26.479999542236328,26.520000457763672,5919150
2015-09-24,EWT,26.0,26.139999389648438,25.719999313354492,26.079999923706055,5335400
2015-09-25,EWT,26.3799991607666,26.440000534057617,26.0,26.079999923706055,3342000
2015-09-28,EWT,25.860000610351562,25.860000610351562,25.3799991607666,25.479999542236328,5114500
2015-09-29,EWT,25.5,25.68000030517578,25.299999237060547,25.6200008392334,6571600
2015-09-30,EWT,26.280000686645508,26.3799991607666,26.079999923706055,26.31999969482422,5286950
2015-10-01,EWT,26.8799991607666,26.940000534057617,26.65999984741211,26.8799991607666,5618850
2015-10-02,EWT,26.5,27.18000030517578,26.399999618530273,27.18000030517578,5716750
2015-10-05,EWT,27.3799991607666,27.780000686645508,27.3799991607666,27.719999313354492,4697900
2015-10-06,EWT,27.479999542236328,27.65999984741211,27.399999618530273,27.5,3104650
2015-10-07,EWT,28.1200008392334,28.31999969482422,27.979999542236328,28.15999984741211,5192650
2015-10-08,EWT,27.8799991607666,28.239999771118164,27.860000610351562,28.15999984741211,5892700
2015-10-09,EWT,28.440000534057617,28.780000686645508,28.280000686645508,28.34000015258789,5262500
2015-10-12,EWT,28.34000015258789,28.399999618530273,28.239999771118164,28.280000686645508,2129900
2015-10-13,EWT,28.020000457763672,28.219999313354492,27.940000534057617,27.940000534057617,1877300
2015-10-14,EWT,28.079999923706055,28.260000228881836,27.959999084472656,28.139999389648438,2823100
2015-10-15,EWT,28.780000686645508,28.8799991607666,28.579999923706055,28.739999771118164,3835750
2015-10-16,EWT,28.520000457763672,28.84000015258789,28.520000457763672,28.760000228881836,4329800
2015-10-19,EWT,28.479999542236328,28.540000915527344,28.3799991607666,28.5,3019450
2015-10-20,EWT,28.479999542236328,28.579999923706055,28.440000534057617,28.559999465942383,1703200
2015-10-21,EWT,28.15999984741211,28.239999771118164,28.059999465942383,28.1200008392334,2925800
2015-10-22,EWT,28.31999969482422,28.719999313354492,28.31999969482422,28.600000381469727,3507550
2015-10-23,EWT,28.760000228881836,28.84000015258789,28.68000030517578,28.739999771118164,3473000
2015-10-26,EWT,28.780000686645508,28.81999969482422,28.639999389648438,28.700000762939453,2194350
2015-10-27,EWT,28.479999542236328,28.5,28.34000015258789,28.440000534057617,3005450
2015-10-28,EWT,28.219999313354492,28.459999084472656,27.8799991607666,28.1200008392334,5728600
2015-10-29,EWT,27.639999389648438,27.8799991607666,27.6200008392334,27.81999969482422,2804150
2015-10-30,EWT,27.920000076293945,27.959999084472656,27.760000228881836,27.799999237060547,3024850
2015-11-02,EWT,28.020000457763672,28.31999969482422,28.0,28.280000686645508,3241450
2015-11-03,EWT,28.540000915527344,28.959999084472656,28.479999542236328,28.780000686645508,5255700
2015-11-04,EWT,29.420000076293945,29.420000076293945,29.079999923706055,29.1200008392334,4552500
2015-11-05,EWT,29.0,29.200000762939453,28.860000610351562,29.059999465942383,2987300
2015-11-06,EWT,28.020000457763672,28.440000534057617,27.959999084472656,28.420000076293945,6434200
2015-11-09,EWT,27.8799991607666,27.979999542236328,27.65999984741211,27.760000228881836,6630150
2015-11-10,EWT,27.520000457763672,27.600000381469727,27.34000015258789,27.479999542236328,4918500
2015-11-11,EWT,27.15999984741211,27.3799991607666,27.15999984741211,27.280000686645508,4894400
2015-11-12,EWT,27.280000686645508,27.459999084472656,27.100000381469727,27.1200008392334,2791500
2015-11-13,EWT,26.760000228881836,26.899999618530273,26.600000381469727,26.719999313354492,3608350
2015-11-16,EWT,26.780000686645508,27.18000030517578,26.739999771118164,27.18000030517578,3332350
2015-11-17,EWT,27.280000686645508,27.440000534057617,27.18000030517578,27.219999313354492,4859000
2015-11-18,EWT,26.81999969482422,27.299999237060547,26.81999969482422,27.280000686645508,3891500
2015-11-19,EWT,27.600000381469727,27.700000762939453,27.520000457763672,27.6200008392334,4563000
2015-11-20,EWT,27.700000762939453,27.8799991607666,27.639999389648438,27.719999313354492,4179700
2015-11-23,EWT,27.719999313354492,27.739999771118164,27.559999465942383,27.559999465942383,2144300
2015-11-24,EWT,27.280000686645508,27.579999923706055,27.200000762939453,27.5,3009350
2015-11-25,EWT,27.399999618530273,27.440000534057617,27.280000686645508,27.360000610351562,2563850
2015-11-27,EWT,27.0,27.020000457763672,26.84000015258789,26.860000610351562,2747900
2015-11-30,EWT,26.799999237060547,27.100000381469727,26.760000228881836,27.059999465942383,6017850
2015-12-01,EWT,27.3799991607666,27.6200008392334,27.3799991607666,27.6200008392334,4620600
2015-12-02,EWT,27.260000228881836,27.399999618530273,27.15999984741211,27.219999313354492,5316900
2015-12-03,EWT,27.299999237060547,27.34000015258789,27.0,27.100000381469727,3078600
2015-12-04,EWT,26.940000534057617,27.520000457763672,26.940000534057617,27.440000534057617,6780350
2015-12-07,EWT,27.34000015258789,27.3799991607666,27.1200008392334,27.200000762939453,3709300
2015-12-08,EWT,26.520000457763672,26.81999969482422,26.459999084472656,26.799999237060547,5056750
2015-12-09,EWT,26.3799991607666,26.639999389648438,26.280000686645508,26.3799991607666,5187050
2015-12-10,EWT,26.34000015258789,26.540000915527344,26.299999237060547,26.34000015258789,3220050
2015-12-11,EWT,25.739999771118164,25.84000015258789,25.6200008392334,25.65999984741211,4315550
2015-12-14,EWT,25.860000610351562,25.979999542236328,25.68000030517578,25.940000534057617,4396000
2015-12-15,EWT,26.18000030517578,26.3799991607666,26.18000030517578,26.299999237060547,4308700
2015-12-16,EWT,26.520000457763672,26.860000610351562,26.420000076293945,26.700000762939453,5079350
2015-12-17,EWT,26.739999771118164,26.799999237060547,26.5,26.5,5182100
2015-12-18,EWT,26.459999084472656,26.520000457763672,26.299999237060547,26.420000076293945,4222350
2015-12-21,EWT,25.799999237060547,25.920000076293945,25.600000381469727,25.81999969482422,3259200
2015-12-22,EWT,25.84000015258789,26.059999465942383,25.739999771118164,26.020000457763672,3663300
2015-12-23,EWT,26.059999465942383,26.239999771118164,26.059999465942383,26.239999771118164,4376900
2015-12-24,EWT,26.1200008392334,26.219999313354492,26.100000381469727,26.139999389648438,652400
2015-12-28,EWT,26.15999984741211,26.18000030517578,26.0,26.139999389648438,2647650
2015-12-29,EWT,25.8799991607666,25.940000534057617,25.84000015258789,25.8799991607666,5870600
2015-12-30,EWT,25.65999984741211,25.760000228881836,25.5,25.5,1729650
2015-12-31,EWT,25.719999313354492,25.799999237060547,25.520000457763672,25.540000915527344,1815800
2016-01-04,EWT,24.65999984741211,24.81999969482422,24.559999465942383,24.760000228881836,5216700
2016-01-05,EWT,24.719999313354492,24.8799991607666,24.6200008392334,24.68000030517578,3612250
2016-01-06,EWT,24.239999771118164,24.280000686645508,24.020000457763672,24.1200008392334,5779550
2016-01-07,EWT,23.540000915527344,23.860000610351562,23.459999084472656,23.559999465942383,7397500
2016-01-08,EWT,23.760000228881836,23.799999237060547,23.399999618530273,23.440000534057617,7276200
2016-01-11,EWT,23.6200008392334,23.639999389648438,23.34000015258789,23.540000915527344,5385300
2016-01-12,EWT,23.6200008392334,23.68000030517578,23.3799991607666,23.5,6525400
2016-01-13,EWT,23.700000762939453,23.760000228881836,23.260000228881836,23.280000686645508,7214550
2016-01-14,EWT,23.420000076293945,23.799999237060547,23.260000228881836,23.719999313354492,10214500
2016-01-15,EWT,22.799999237060547,22.979999542236328,22.520000457763672,22.68000030517578,15481600
2016-01-19,EWT,22.68000030517578,23.739999771118164,22.68000030517578,23.399999618530273,8750550
2016-01-20,EWT,22.760000228881836,22.940000534057617,22.420000076293945,22.84000015258789,11952650
2016-01-21,EWT,22.920000076293945,23.280000686645508,22.780000686645508,23.040000915527344,7793450
2016-01-22,EWT,23.040000915527344,23.65999984741211,23.040000915527344,23.6200008392334,5496350
2016-01-25,EWT,23.65999984741211,23.739999771118164,23.440000534057617,23.440000534057617,4899500
2016-01-26,EWT,23.6200008392334,23.81999969482422,23.579999923706055,23.760000228881836,4795550
2016-01-27,EWT,23.780000686645508,23.959999084472656,23.540000915527344,23.600000381469727,5795300
2016-01-28,EWT,23.940000534057617,24.020000457763672,23.700000762939453,23.84000015258789,5666450
2016-01-29,EWT,24.420000076293945,24.719999313354492,24.420000076293945,24.65999984741211,6119700
2016-02-01,EWT,24.540000915527344,24.780000686645508,24.479999542236328,24.65999984741211,3133700
2016-02-02,EWT,24.5,24.540000915527344,24.31999969482422,24.360000610351562,5247650
2016-02-03,EWT,24.600000381469727,24.940000534057617,24.200000762939453,24.899999618530273,7189650
2016-02-04,EWT,24.979999542236328,25.420000076293945,24.979999542236328,25.18000030517578,6832400
2016-02-05,EWT,24.959999084472656,25.0,24.700000762939453,24.780000686645508,4830550
2016-02-08,EWT,24.440000534057617,24.65999984741211,24.219999313354492,24.520000457763672,6611700
2016-02-09,EWT,24.219999313354492,24.559999465942383,24.0,24.219999313354492,6687100
2016-02-10,EWT,24.459999084472656,24.780000686645508,24.219999313354492,24.239999771118164,6044250
2016-02-11,EWT,23.979999542236328,24.139999389648438,23.81999969482422,24.0,6554450
2016-02-12,EWT,24.139999389648438,24.280000686645508,24.0,24.280000686645508,4395300
2016-02-16,EWT,25.18000030517578,25.459999084472656,25.1200008392334,25.34000015258789,6487700
2016-02-17,EWT,25.399999618530273,25.639999389648438,25.31999969482422,25.559999465942383,4465050
2016-02-18,EWT,25.579999923706055,25.700000762939453,25.520000457763672,25.579999923706055,4070650
2016-02-19,EWT,25.399999618530273,25.520000457763672,25.31999969482422,25.31999969482422,4417800
2016-02-22,EWT,25.579999923706055,25.780000686645508,25.540000915527344,25.760000228881836,3274750
2016-02-23,EWT,25.540000915527344,25.579999923706055,25.3799991607666,25.3799991607666,2907700
2016-02-24,EWT,25.020000457763672,25.399999618530273,24.920000076293945,25.299999237060547,3109350
2016-02-25,EWT,25.6200008392334,25.780000686645508,25.540000915527344,25.719999313354492,3555700
2016-02-26,EWT,25.799999237060547,25.860000610351562,25.559999465942383,25.579999923706055,3014400
2016-02-29,EWT,25.700000762939453,25.899999618530273,25.639999389648438,25.68000030517578,4588350
2016-03-01,EWT,26.200000762939453,26.479999542236328,26.200000762939453,26.440000534057617,4651250
2016-03-02,EWT,26.260000228881836,26.5,26.219999313354492,26.459999084472656,4718350
2016-03-03,EWT,26.579999923706055,26.719999313354492,26.579999923706055,26.65999984741211,2862650
2016-03-04,EWT,26.84000015258789,27.239999771118164,26.84000015258789,27.1200008392334,5013800
2016-03-07,EWT,26.940000534057617,27.15999984741211,26.799999237060547,27.020000457763672,3510050
2016-03-08,EWT,26.739999771118164,26.84000015258789,26.639999389648438,26.700000762939453,3522000
2016-03-09,EWT,26.799999237060547,26.940000534057617,26.739999771118164,26.760000228881836,3324050
2016-03-10,EWT,26.81999969482422,26.920000076293945,26.559999465942383,26.84000015258789,3336000
2016-03-11,EWT,27.239999771118164,27.420000076293945,27.200000762939453,27.360000610351562,3458250
2016-03-14,EWT,27.299999237060547,27.399999618530273,27.260000228881836,27.31999969482422,2654600
2016-03-15,EWT,26.760000228881836,26.860000610351562,26.68000030517578,26.860000610351562,3468000
2016-03-16,EWT,26.920000076293945,27.65999984741211,26.920000076293945,27.559999465942383,5074500
2016-03-17,EWT,27.639999389648438,27.920000076293945,27.600000381469727,27.899999618530273,4672200
2016-03-18,EWT,27.959999084472656,28.15999984741211,27.959999084472656,28.020000457763672,3670300
2016-03-21,EWT,27.860000610351562,27.979999542236328,27.780000686645508,27.920000076293945,2840200
2016-03-22,EWT,27.65999984741211,27.860000610351562,27.6200008392334,27.719999313354492,3209350
2016-03-23,EWT,27.479999542236328,27.559999465942383,27.360000610351562,27.360000610351562,4254050
2016-03-24,EWT,27.299999237060547,27.399999618530273,27.219999313354492,27.3799991607666,2617400
2016-03-28,EWT,27.219999313354492,27.31999969482422,27.18000030517578,27.260000228881836,1398250
2016-03-29,EWT,27.100000381469727,27.5,27.040000915527344,27.440000534057617,3696500
2016-03-30,EWT,28.100000381469727,28.15999984741211,27.940000534057617,27.959999084472656,3512800
2016-03-31,EWT,27.799999237060547,27.84000015258789,27.65999984741211,27.719999313354492,3075550
2016-04-01,EWT,27.18000030517578,27.600000381469727,27.079999923706055,27.579999923706055,4661700
2016-04-04,EWT,27.579999923706055,27.6200008392334,27.299999237060547,27.31999969482422,2402100
2016-04-05,EWT,27.0,27.100000381469727,26.760000228881836,26.780000686645508,5760850
2016-04-06,EWT,26.31999969482422,26.860000610351562,26.31999969482422,26.84000015258789,5430300
2016-04-07,EWT,26.420000076293945,26.440000534057617,26.15999984741211,26.219999313354492,5469350
2016-04-08,EWT,26.700000762939453,26.780000686645508,26.479999542236328,26.559999465942383,4260450
2016-04-11,EWT,26.920000076293945,27.059999465942383,26.84000015258789,26.8799991607666,3455400
2016-04-12,EWT,26.84000015258789,27.059999465942383,26.700000762939453,27.0,3921750
2016-04-13,EWT,27.399999618530273,27.479999542236328,27.31999969482422,27.420000076293945,4814100
2016-04-14,EWT,27.219999313354492,27.239999771118164,27.1200008392334,27.200000762939453,2960150
2016-04-15,EWT,27.3799991607666,27.420000076293945,27.18000030517578,27.18000030517578,3710650
2016-04-18,EWT,27.219999313354492,27.420000076293945,27.139999389648438,27.3799991607666,2633950
2016-04-19,EWT,27.34000015258789,27.520000457763672,27.31999969482422,27.399999618530273,4127500
2016-04-20,EWT,26.899999618530273,27.079999923706055,26.81999969482422,27.020000457763672,2875100
2016-04-21,EWT,27.020000457763672,27.040000915527344,26.760000228881836,26.760000228881836,3518950
2016-04-22,EWT,26.780000686645508,26.920000076293945,26.739999771118164,26.760000228881836,2204850
2016-04-25,EWT,26.920000076293945,27.020000457763672,26.719999313354492,26.760000228881836,3200150
2016-04-26,EWT,27.079999923706055,27.100000381469727,26.959999084472656,27.040000915527344,5544400
2016-04-27,EWT,26.920000076293945,27.200000762939453,26.81999969482422,27.100000381469727,3820800
2016-04-28,EWT,26.559999465942383,26.719999313354492,26.399999618530273,26.420000076293945,4258400
2016-04-29,EWT,26.15999984741211,26.200000762939453,25.940000534057617,26.1200008392334,4331450
2016-05-02,EWT,26.15999984741211,26.299999237060547,26.040000915527344,26.260000228881836,4415300
2016-05-03,EWT,25.780000686645508,25.780000686645508,25.600000381469727,25.65999984741211,4791950
2016-05-04,EWT,25.479999542236328,25.540000915527344,25.280000686645508,25.299999237060547,4541100
2016-05-05,EWT,25.360000610351562,25.3799991607666,25.219999313354492,25.260000228881836,4039850
2016-05-06,EWT,25.15999984741211,25.360000610351562,25.139999389648438,25.219999313354492,2847000
2016-05-09,EWT,25.15999984741211,25.219999313354492,24.959999084472656,24.979999542236328,3897150
2016-05-10,EWT,25.139999389648438,25.34000015258789,25.139999389648438,25.280000686645508,2036800
2016-05-11,EWT,25.139999389648438,25.239999771118164,25.100000381469727,25.100000381469727,2857800
2016-05-12,EWT,25.079999923706055,25.18000030517578,24.899999618530273,25.0,2728150
2016-05-13,EWT,24.860000610351562,24.940000534057617,24.700000762939453,24.719999313354492,4469300
2016-05-16,EWT,24.940000534057617,25.100000381469727,24.940000534057617,25.059999465942383,2654800
2016-05-17,EWT,25.079999923706055,25.18000030517578,24.959999084472656,25.040000915527344,2445250
2016-05-18,EWT,24.940000534057617,25.31999969482422,24.940000534057617,25.18000030517578,6636100
2016-05-19,EWT,24.8799991607666,24.899999618530273,24.739999771118164,24.8799991607666,4287800
2016-05-20,EWT,25.139999389648438,25.34000015258789,25.139999389648438,25.280000686645508,3071050
2016-05-23,EWT,26.0,26.079999923706055,25.8799991607666,25.8799991607666,4174100
2016-05-24,EWT,25.84000015258789,26.040000915527344,25.84000015258789,26.020000457763672,2449550
2016-05-25,EWT,26.200000762939453,26.3799991607666,26.200000762939453,26.280000686645508,3240950
2016-05-26,EWT,26.440000534057617,26.540000915527344,26.3799991607666,26.459999084472656,3072700
2016-05-27,EWT,26.639999389648438,26.739999771118164,26.540000915527344,26.559999465942383,2707800
2016-05-31,EWT,26.700000762939453,26.81999969482422,26.639999389648438,26.68000030517578,3931150
2016-06-01,EWT,26.920000076293945,26.979999542236328,26.860000610351562,26.899999618530273,2897350
2016-06-02,EWT,26.8799991607666,27.040000915527344,26.860000610351562,26.979999542236328,2897950
2016-06-03,EWT,27.360000610351562,27.5,27.280000686645508,27.360000610351562,4250750
2016-06-06,EWT,27.399999618530273,27.600000381469727,27.399999618530273,27.479999542236328,4520500
2016-06-07,EWT,27.760000228881836,27.899999618530273,27.739999771118164,27.81999969482422,6714600
2016-06-08,EWT,28.020000457763672,28.1200008392334,27.920000076293945,28.020000457763672,3838350
2016-06-09,EWT,27.68000030517578,27.799999237060547,27.6200008392334,27.760000228881836,3922450
2016-06-10,EWT,27.260000228881836,27.360000610351562,27.100000381469727,27.219999313354492,3691300
2016-06-13,EWT,26.920000076293945,27.1200008392334,26.860000610351562,26.8799991607666,3134400
2016-06-14,EWT,27.139999389648438,27.18000030517578,26.959999084472656,27.020000457763672,4690700
2016-06-15,EWT,27.399999618530273,27.68000030517578,27.299999237060547,27.399999618530273,4059350
2016-06-16,EWT,26.8799991607666,27.200000762939453,26.739999771118164,27.200000762939453,4453000
2016-06-17,EWT,27.299999237060547,27.360000610351562,27.1200008392334,27.239999771118164,3089950
2016-06-20,EWT,27.65999984741211,27.84000015258789,27.65999984741211,27.739999771118164,3332350
2016-06-21,EWT,27.81999969482422,27.940000534057617,27.700000762939453,27.920000076293945,3100350
2016-06-22,EWT,27.920000076293945,28.040000915527344,27.760000228881836,27.799999237060547,4388650
2016-06-23,EWT,28.040000915527344,28.420000076293945,27.979999542236328,28.420000076293945,4691050
2016-06-24,EWT,26.979999542236328,27.5,26.719999313354492,26.81999969482422,8883400
2016-06-27,EWT,26.799999237060547,26.799999237060547,26.3799991607666,26.719999313354492,6156550
2016-06-28,EWT,27.239999771118164,27.3799991607666,27.15999984741211,27.3799991607666,3342850
2016-06-29,EWT,27.760000228881836,27.920000076293945,27.760000228881836,27.899999618530273,4526550
2016-06-30,EWT,28.059999465942383,28.15999984741211,27.8799991607666,28.100000381469727,4531400
2016-07-01,EWT,28.360000610351562,28.459999084472656,28.299999237060547,28.420000076293945,3236300
2016-07-05,EWT,27.959999084472656,28.059999465942383,27.84000015258789,27.8799991607666,3622900
2016-07-06,EWT,27.440000534057617,27.719999313354492,27.299999237060547,27.700000762939453,3361150
2016-07-07,EWT,27.920000076293945,27.979999542236328,27.739999771118164,27.84000015258789,3095450
2016-07-08,EWT,28.0,28.280000686645508,27.899999618530273,28.260000228881836,3414550
2016-07-11,EWT,28.600000381469727,28.780000686645508,28.600000381469727,28.65999984741211,2362550
2016-07-12,EWT,28.959999084472656,29.040000915527344,28.899999618530273,29.040000915527344,2047000
2016-07-13,EWT,28.959999084472656,29.020000457763672,28.84000015258789,28.979999542236328,3207500
2016-07-14,EWT,29.219999313354492,29.31999969482422,29.1200008392334,29.260000228881836,2774650
2016-07-15,EWT,29.540000915527344,29.579999923706055,29.360000610351562,29.459999084472656,2420500
2016-07-18,EWT,29.600000381469727,30.0,29.600000381469727,29.940000534057617,3152000
2016-07-19,EWT,29.760000228881836,29.780000686645508,29.6200008392334,29.68000030517578,2013650
2016-07-20,EWT,29.68000030517578,29.81999969482422,29.600000381469727,29.799999237060547,2055050
2016-07-21,EWT,29.860000610351562,30.020000457763672,29.780000686645508,29.860000610351562,4117800
2016-07-22,EWT,29.81999969482422,29.959999084472656,29.780000686645508,29.920000076293945,2443000
2016-07-25,EWT,29.559999465942383,29.6200008392334,29.459999084472656,29.5,1460100
2016-07-26,EWT,29.780000686645508,29.940000534057617,29.719999313354492,29.899999618530273,3132700
2016-07-27,EWT,29.979999542236328,30.020000457763672,29.700000762939453,29.899999618530273,3866200
2016-07-28,EWT,30.0,30.139999389648438,29.920000076293945,30.100000381469727,1793200
2016-07-29,EWT,29.940000534057617,30.1200008392334,29.84000015258789,30.059999465942383,3001400
2016-08-01,EWT,30.520000457763672,30.559999465942383,30.3799991607666,30.399999618530273,3591850
2016-08-02,EWT,30.34000015258789,30.3799991607666,30.0,30.219999313354492,4286250
2016-08-03,EWT,29.959999084472656,30.260000228881836,29.959999084472656,30.239999771118164,2517750
2016-08-04,EWT,30.219999313354492,30.420000076293945,30.200000762939453,30.31999969482422,1815500
2016-08-05,EWT,30.639999389648438,30.860000610351562,30.6200008392334,30.84000015258789,2471300
2016-08-08,EWT,30.920000076293945,30.979999542236328,30.860000610351562,30.899999618530273,1416600
2016-08-09,EWT,31.040000915527344,31.200000762939453,31.040000915527344,31.15999984741211,1774550
2016-08-10,EWT,31.420000076293945,31.5,31.260000228881836,31.360000610351562,2823350
2016-08-11,EWT,31.079999923706055,31.31999969482422,30.979999542236328,31.299999237060547,3639550
2016-08-12,EWT,31.0,31.100000381469727,30.940000534057617,31.040000915527344,2132800
2016-08-15,EWT,31.020000457763672,31.18000030517578,31.020000457763672,31.18000030517578,2494900
2016-08-16,EWT,30.959999084472656,30.959999084472656,30.799999237060547,30.899999618530273,2657300
2016-08-17,EWT,30.639999389648438,30.700000762939453,30.3799991607666,30.65999984741211,3590800
2016-08-18,EWT,30.739999771118164,30.899999618530273,30.700000762939453,30.8799991607666,1894100
2016-08-19,EWT,30.219999313354492,30.399999618530273,30.1200008392334,30.3799991607666,3780100
2016-08-22,EWT,29.959999084472656,29.979999542236328,29.81999969482422,29.940000534057617,2473550
2016-08-23,EWT,30.260000228881836,30.34000015258789,30.079999923706055,30.100000381469727,3682800
2016-08-24,EWT,30.1200008392334,30.260000228881836,30.040000915527344,30.239999771118164,4786600
2016-08-25,EWT,30.479999542236328,30.65999984741211,30.479999542236328,30.6200008392334,3443450
2016-08-26,EWT,30.600000381469727,30.899999618530273,30.200000762939453,30.420000076293945,5126500
2016-08-29,EWT,30.420000076293945,30.600000381469727,30.360000610351562,30.540000915527344,2263400
2016-08-30,EWT,30.459999084472656,30.520000457763672,30.299999237060547,30.399999618530273,2388900
2016-08-31,EWT,30.1200008392334,30.200000762939453,29.979999542236328,30.059999465942383,3227050
2016-09-01,EWT,29.979999542236328,30.18000030517578,29.8799991607666,30.15999984741211,2593950
2016-09-02,EWT,30.420000076293945,30.520000457763672,30.34000015258789,30.520000457763672,4926250
2016-09-06,EWT,31.18000030517578,31.399999618530273,31.059999465942383,31.360000610351562,7859550
2016-09-07,EWT,31.639999389648438,31.700000762939453,31.420000076293945,31.420000076293945,5264500
2016-09-08,EWT,31.399999618530273,31.459999084472656,31.219999313354492,31.280000686645508,2947250
2016-09-09,EWT,30.579999923706055,30.579999923706055,30.040000915527344,30.079999923706055,5930250
2016-09-12,EWT,29.719999313354492,30.31999969482422,29.700000762939453,30.200000762939453,5042100
2016-09-13,EWT,29.739999771118164,29.860000610351562,29.399999618530273,29.559999465942383,6514700
2016-09-14,EWT,29.719999313354492,30.0,29.65999984741211,29.780000686645508,5030550
2016-09-15,EWT,29.799999237060547,30.31999969482422,29.68000030517578,30.280000686645508,5778950
2016-09-16,EWT,30.100000381469727,30.18000030517578,29.81999969482422,30.059999465942383,3621400
2016-09-19,EWT,31.079999923706055,31.200000762939453,30.920000076293945,31.0,4467300
2016-09-20,EWT,31.200000762939453,31.200000762939453,31.0,31.020000457763672,2585850
2016-09-21,EWT,31.200000762939453,31.799999237060547,31.200000762939453,31.719999313354492,5468450
2016-09-22,EWT,31.6200008392334,31.780000686645508,31.5,31.6200008392334,2312250
2016-09-23,EWT,31.6200008392334,31.6200008392334,31.280000686645508,31.31999969482422,4180200
2016-09-26,EWT,31.040000915527344,31.100000381469727,30.899999618530273,30.920000076293945,2327650
2016-09-27,EWT,31.040000915527344,31.31999969482422,30.860000610351562,31.31999969482422,2931900
2016-09-28,EWT,31.34000015258789,31.559999465942383,31.139999389648438,31.559999465942383,3876300
2016-09-29,EWT,31.5,31.540000915527344,31.219999313354492,31.260000228881836,4388300
2016-09-30,EWT,31.200000762939453,31.440000534057617,31.18000030517578,31.399999618530273,1935850
2016-10-03,EWT,31.34000015258789,31.399999618530273,31.18000030517578,31.399999618530273,2605600
2016-10-04,EWT,31.520000457763672,31.579999923706055,31.100000381469727,31.15999984741211,3076800
2016-10-05,EWT,31.3799991607666,31.540000915527344,31.34000015258789,31.459999084472656,2536500
2016-10-06,EWT,31.200000762939453,31.540000915527344,31.15999984741211,31.5,2354750
2016-10-07,EWT,31.579999923706055,31.579999923706055,31.239999771118164,31.5,2609850
2016-10-10,EWT,31.559999465942383,31.979999542236328,31.559999465942383,31.780000686645508,4051200
2016-10-11,EWT,31.200000762939453,31.219999313354492,31.0,31.1200008392334,4317350
2016-10-12,EWT,31.280000686645508,31.559999465942383,31.260000228881836,31.459999084472656,3432550
2016-10-13,EWT,30.920000076293945,31.139999389648438,30.65999984741211,31.059999465942383,4288300
2016-10-14,EWT,31.100000381469727,31.18000030517578,30.860000610351562,30.920000076293945,3292250
2016-10-17,EWT,30.860000610351562,31.0,30.860000610351562,30.899999618530273,1718750
2016-10-18,EWT,31.34000015258789,31.479999542236328,31.260000228881836,31.440000534057617,2041550
2016-10-19,EWT,31.559999465942383,31.700000762939453,31.5,31.639999389648438,2556050
2016-10-20,EWT,31.540000915527344,31.719999313354492,31.479999542236328,31.540000915527344,2712550
2016-10-21,EWT,31.399999618530273,31.559999465942383,31.31999969482422,31.479999542236328,2154950
2016-10-24,EWT,31.68000030517578,31.719999313354492,31.559999465942383,31.68000030517578,1707400
2016-10-25,EWT,31.860000610351562,31.959999084472656,31.799999237060547,31.81999969482422,2449700
2016-10-26,EWT,31.639999389648438,31.81999969482422,31.6200008392334,31.65999984741211,2173550
2016-10-27,EWT,31.579999923706055,31.579999923706055,31.219999313354492,31.239999771118164,3367750
2016-10-28,EWT,31.3799991607666,31.479999542236328,31.18000030517578,31.299999237060547,3139000
2016-10-31,EWT,31.360000610351562,31.579999923706055,31.360000610351562,31.520000457763672,2847750
2016-11-01,EWT,31.440000534057617,31.479999542236328,30.979999542236328,31.18000030517578,4728600
2016-11-02,EWT,31.059999465942383,31.139999389648438,30.799999237060547,30.8799991607666,5601950
2016-11-03,EWT,30.860000610351562,30.920000076293945,30.700000762939453,30.799999237060547,2772750
2016-11-04,EWT,30.68000030517578,30.81999969482422,30.579999923706055,30.6200008392334,2288950
2016-11-07,EWT,31.299999237060547,31.649999618530273,31.25,31.649999618530273,5146000
2016-11-08,EWT,31.420000076293945,31.860000610351562,31.350000381469727,31.739999771118164,7080800
2016-11-09,EWT,30.799999237060547,30.979999542236328,30.5,30.649999618530273,10443100
2016-11-10,EWT,30.75,30.780000686645508,29.899999618530273,29.969999313354492,13999000
2016-11-11,EWT,29.520000457763672,29.8799991607666,29.290000915527344,29.75,9642500
2016-11-14,EWT,29.639999389648438,29.75,29.389999389648438,29.459999084472656,8923000
2016-11-15,EWT,29.799999237060547,30.100000381469727,29.760000228881836,30.059999465942383,4992600
2016-11-16,EWT,29.709999084472656,29.920000076293945,29.68000030517578,29.8700008392334,4879400
2016-11-17,EWT,30.040000915527344,30.190000534057617,29.959999084472656,30.040000915527344,4329600
2016-11-18,EWT,29.969999313354492,30.010000228881836,29.81999969482422,29.940000534057617,4536700
2016-11-21,EWT,30.15999984741211,30.309999465942383,30.149999618530273,30.260000228881836,2808200
2016-11-22,EWT,30.670000076293945,30.799999237060547,30.579999923706055,30.760000228881836,5279800
2016-11-23,EWT,30.450000762939453,30.6200008392334,30.450000762939453,30.5,6363500
2016-11-25,EWT,30.729999542236328,30.790000915527344,30.65999984741211,30.700000762939453,1508300
2016-11-28,EWT,30.81999969482422,30.90999984741211,30.75,30.770000457763672,3746500
2016-11-29,EWT,30.709999084472656,30.899999618530273,30.6200008392334,30.829999923706055,3611100
2016-11-30,EWT,30.8799991607666,30.8799991607666,30.700000762939453,30.739999771118164,7837700
2016-12-01,EWT,30.690000534057617,30.690000534057617,30.3700008392334,30.40999984741211,6107600
2016-12-02,EWT,30.420000076293945,30.559999465942383,30.389999389648438,30.5,3170300
2016-12-05,EWT,30.440000534057617,30.59000015258789,30.40999984741211,30.56999969482422,3587800
2016-12-06,EWT,30.790000915527344,30.93000030517578,30.760000228881836,30.899999618530273,7509000
2016-12-07,EWT,30.920000076293945,31.299999237060547,30.889999389648438,31.260000228881836,5564700
2016-12-08,EWT,31.40999984741211,31.549999237060547,31.329999923706055,31.530000686645508,3554600
2016-12-09,EWT,31.450000762939453,31.479999542236328,31.360000610351562,31.360000610351562,2523400
2016-12-12,EWT,31.25,31.31999969482422,31.139999389648438,31.190000534057617,2857100
2016-12-13,EWT,31.350000381469727,31.610000610351562,31.350000381469727,31.489999771118164,3031400
2016-12-14,EWT,31.239999771118164,31.31999969482422,30.639999389648438,30.649999618530273,6670000
2016-12-15,EWT,31.0,31.1200008392334,30.8700008392334,31.020000457763672,6832000
2016-12-16,EWT,30.770000457763672,30.809999465942383,30.540000915527344,30.6299991607666,3185500
2016-12-19,EWT,30.610000610351562,30.6200008392334,30.360000610351562,30.360000610351562,4605400
2016-12-20,EWT,30.399999618530273,30.489999771118164,30.389999389648438,30.389999389648438,4896600
2016-12-21,EWT,29.68000030517578,29.68000030517578,29.530000686645508,29.540000915527344,2504600
2016-12-22,EWT,29.059999465942383,29.100000381469727,28.920000076293945,29.059999465942383,2755100
2016-12-23,EWT,29.0,29.15999984741211,28.979999542236328,29.15999984741211,2215400
2016-12-27,EWT,29.139999389648438,29.260000228881836,29.139999389648438,29.229999542236328,1751900
2016-12-28,EWT,29.440000534057617,29.450000762939453,29.25,29.260000228881836,2797900
2016-12-29,EWT,29.3799991607666,29.579999923706055,29.34000015258789,29.559999465942383,3523000
2016-12-30,EWT,29.5,29.510000228881836,29.290000915527344,29.3700008392334,3366900
2017-01-03,EWT,29.68000030517578,29.8799991607666,29.6200008392334,29.739999771118164,3964700
2017-01-04,EWT,29.850000381469727,29.93000030517578,29.75,29.799999237060547,4464600
2017-01-05,EWT,30.239999771118164,30.3799991607666,30.209999084472656,30.350000381469727,3987400
2017-01-06,EWT,30.239999771118164,30.350000381469727,30.170000076293945,30.270000457763672,2503100
2017-01-09,EWT,30.149999618530273,30.329999923706055,30.1299991607666,30.280000686645508,4078800
2017-01-10,EWT,30.350000381469727,30.559999465942383,30.34000015258789,30.420000076293945,2356700
2017-01-11,EWT,30.3700008392334,30.610000610351562,30.290000915527344,30.59000015258789,4965500
2017-01-12,EWT,30.90999984741211,30.920000076293945,30.690000534057617,30.799999237060547,9364500
2017-01-13,EWT,30.65999984741211,30.790000915527344,30.65999984741211,30.790000915527344,3326100
2017-01-17,EWT,30.829999923706055,30.8700008392334,30.68000030517578,30.709999084472656,3532000
2017-01-18,EWT,30.56999969482422,30.56999969482422,30.31999969482422,30.3700008392334,2811000
2017-01-19,EWT,30.40999984741211,30.450000762939453,30.209999084472656,30.31999969482422,3831700
2017-01-20,EWT,30.530000686645508,30.639999389648438,30.40999984741211,30.639999389648438,3486900
2017-01-23,EWT,30.950000762939453,31.06999969482422,30.899999618530273,31.059999465942383,2789500
2017-01-24,EWT,31.18000030517578,31.3700008392334,31.18000030517578,31.299999237060547,3430300
2017-01-25,EWT,31.559999465942383,31.639999389648438,31.5,31.6200008392334,4535200
2017-01-26,EWT,31.670000076293945,31.719999313354492,31.530000686645508,31.549999237060547,4143800
2017-01-27,EWT,31.540000915527344,31.6200008392334,31.440000534057617,31.559999465942383,3639000
2017-01-30,EWT,31.440000534057617,31.489999771118164,31.31999969482422,31.440000534057617,3136100
2017-01-31,EWT,31.6200008392334,31.760000228881836,31.450000762939453,31.520000457763672,4711200
2017-02-01,EWT,31.6299991607666,31.690000534057617,31.489999771118164,31.540000915527344,6048400
2017-02-02,EWT,31.25,31.420000076293945,31.239999771118164,31.360000610351562,4921600
2017-02-03,EWT,31.59000015258789,31.770000457763672,31.559999465942383,31.690000534057617,3797700
2017-02-06,EWT,31.709999084472656,31.760000228881836,31.670000076293945,31.690000534057617,2746500
2017-02-07,EWT,31.65999984741211,31.68000030517578,31.540000915527344,31.579999923706055,2256100
2017-02-08,EWT,31.600000381469727,31.690000534057617,31.559999465942383,31.6200008392334,3049300
2017-02-09,EWT,31.6200008392334,31.920000076293945,31.6200008392334,31.780000686645508,4025600
2017-02-10,EWT,32.13999938964844,32.290000915527344,32.06999969482422,32.279998779296875,3205400
2017-02-13,EWT,32.31999969482422,32.5,32.31999969482422,32.4900016784668,3682000
2017-02-14,EWT,32.56999969482422,32.630001068115234,32.38999938964844,32.599998474121094,4381000
2017-02-15,EWT,32.779998779296875,33.04999923706055,32.7400016784668,33.040000915527344,3371400
2017-02-16,EWT,32.70000076293945,32.810001373291016,32.65999984741211,32.77000045776367,4558700
2017-02-17,EWT,32.45000076293945,32.63999938964844,32.45000076293945,32.619998931884766,5133400
2017-02-21,EWT,32.66999816894531,32.790000915527344,32.650001525878906,32.7599983215332,3659500
2017-02-22,EWT,32.65999984741211,32.7599983215332,32.59000015258789,32.75,3343700
2017-02-23,EWT,32.79999923706055,32.81999969482422,32.66999816894531,32.68000030517578,4536700
2017-02-24,EWT,32.5099983215332,32.619998931884766,32.470001220703125,32.59000015258789,4377200
2017-02-27,EWT,32.54999923706055,32.599998474121094,32.459999084472656,32.5,3058200
2017-02-28,EWT,32.540000915527344,32.540000915527344,32.31999969482422,32.38999938964844,3798400
2017-03-01,EWT,32.34000015258789,32.56999969482422,32.31999969482422,32.560001373291016,4407500
2017-03-02,EWT,32.150001525878906,32.16999816894531,31.950000762939453,31.950000762939453,3711900
2017-03-03,EWT,31.93000030517578,32.0099983215332,31.799999237060547,32.0099983215332,3399400
2017-03-06,EWT,32.0099983215332,32.09000015258789,31.969999313354492,32.06999969482422,2849300
2017-03-07,EWT,32.189998626708984,32.290000915527344,32.16999816894531,32.2599983215332,3643900
2017-03-08,EWT,32.25,32.310001373291016,32.15999984741211,32.16999816894531,2923700
2017-03-09,EWT,31.780000686645508,31.850000381469727,31.6299991607666,31.780000686645508,3018400
2017-03-10,EWT,31.850000381469727,32.02000045776367,31.809999465942383,32.02000045776367,3724600
2017-03-13,EWT,32.220001220703125,32.33000183105469,32.15999984741211,32.310001373291016,5990600
2017-03-14,EWT,32.290000915527344,32.349998474121094,32.209999084472656,32.220001220703125,2971200
2017-03-15,EWT,32.40999984741211,33.15999984741211,32.349998474121094,33.150001525878906,7591100
2017-03-16,EWT,33.31999969482422,33.369998931884766,33.22999954223633,33.29999923706055,4171600
2017-03-17,EWT,33.27000045776367,33.349998474121094,33.2599983215332,33.290000915527344,3900000
2017-03-20,EWT,33.43000030517578,33.77000045776367,33.43000030517578,33.7400016784668,7942200
2017-03-21,EWT,33.86000061035156,33.91999816894531,33.43000030517578,33.45000076293945,7661500
2017-03-22,EWT,33.52000045776367,33.709999084472656,33.459999084472656,33.65999984741211,4049300
2017-03-23,EWT,33.459999084472656,33.65999984741211,33.41999816894531,33.540000915527344,3958400
2017-03-24,EWT,33.63999938964844,33.7599983215332,33.599998474121094,33.66999816894531,3686300
2017-03-27,EWT,33.72999954223633,33.900001525878906,33.66999816894531,33.84000015258789,4391200
2017-03-28,EWT,33.810001373291016,33.88999938964844,33.72999954223633,33.84000015258789,4543700
2017-03-29,EWT,33.599998474121094,33.68000030517578,33.540000915527344,33.68000030517578,4325300
2017-03-30,EWT,33.38999938964844,33.560001373291016,33.38999938964844,33.4900016784668,3226100
2017-03-31,EWT,33.22999954223633,33.36000061035156,33.189998626708984,33.22999954223633,4303300
2017-04-03,EWT,33.34000015258789,33.5099983215332,33.2400016784668,33.4900016784668,8912400
2017-04-04,EWT,33.27000045776367,33.45000076293945,33.27000045776367,33.36000061035156,3157000
2017-04-05,EWT,33.790000915527344,33.900001525878906,33.599998474121094,33.599998474121094,5618100
2017-04-06,EWT,33.40999984741211,33.43000030517578,33.310001373291016,33.40999984741211,3284700
2017-04-07,EWT,33.209999084472656,33.36000061035156,33.20000076293945,33.2400016784668,3110100
2017-04-10,EWT,33.150001525878906,33.15999984741211,33.029998779296875,33.119998931884766,3472600
2017-04-11,EWT,33.06999969482422,33.13999938964844,32.849998474121094,33.029998779296875,4317400
2017-04-12,EWT,33.25,33.31999969482422,33.0,33.27000045776367,5501700
2017-04-13,EWT,33.38999938964844,33.470001220703125,33.18000030517578,33.18000030517578,3890400
2017-04-17,EWT,33.209999084472656,33.27000045776367,33.130001068115234,33.220001220703125,4119700
2017-04-18,EWT,32.900001525878906,32.939998626708984,32.75,32.86000061035156,3534500
2017-04-19,EWT,32.720001220703125,32.7400016784668,32.439998626708984,32.52000045776367,6017700
2017-04-20,EWT,32.650001525878906,32.779998779296875,32.61000061035156,32.77000045776367,2910800
2017-04-21,EWT,32.93000030517578,32.97999954223633,32.849998474121094,32.959999084472656,2819100
2017-04-24,EWT,33.279998779296875,33.38999938964844,33.2599983215332,33.369998931884766,3552500
2017-04-25,EWT,33.720001220703125,33.849998474121094,33.720001220703125,33.7400016784668,3461500
2017-04-26,EWT,33.7599983215332,33.83000183105469,33.689998626708984,33.72999954223633,4747500
2017-04-27,EWT,33.650001525878906,33.70000076293945,33.560001373291016,33.56999969482422,5966200
2017-04-28,EWT,33.7400016784668,33.77000045776367,33.66999816894531,33.7599983215332,3458200
2017-05-01,EWT,33.880001068115234,33.9900016784668,33.849998474121094,33.880001068115234,2596500
2017-05-02,EWT,34.220001220703125,34.38999938964844,34.220001220703125,34.36000061035156,4028600
2017-05-03,EWT,34.290000915527344,34.369998931884766,34.220001220703125,34.290000915527344,3694100
2017-05-04,EWT,34.2599983215332,34.27000045776367,34.11000061035156,34.11000061035156,5854200
2017-05-05,EWT,33.939998626708984,34.20000076293945,33.939998626708984,34.20000076293945,2883700
2017-05-08,EWT,34.150001525878906,34.189998626708984,34.06999969482422,34.06999969482422,2694800
2017-05-09,EWT,34.209999084472656,34.380001068115234,34.189998626708984,34.29999923706055,3909200
2017-05-10,EWT,34.279998779296875,34.34000015258789,34.22999954223633,34.33000183105469,2023700
2017-05-11,EWT,34.380001068115234,34.47999954223633,34.27000045776367,34.43000030517578,2706900
2017-05-12,EWT,34.400001525878906,34.47999954223633,34.400001525878906,34.439998626708984,1783800
2017-05-15,EWT,34.630001068115234,34.72999954223633,34.619998931884766,34.709999084472656,2761800
2017-05-16,EWT,34.560001373291016,34.58000183105469,34.4900016784668,34.54999923706055,3576600
2017-05-17,EWT,34.349998474121094,34.369998931884766,34.029998779296875,34.029998779296875,6633600
2017-05-18,EWT,33.959999084472656,34.189998626708984,33.900001525878906,34.09000015258789,5994100
2017-05-19,EWT,34.29999923706055,34.59000015258789,34.29999923706055,34.52000045776367,5207200
2017-05-22,EWT,34.470001220703125,34.59000015258789,34.470001220703125,34.56999969482422,2285800
2017-05-23,EWT,34.5099983215332,34.5099983215332,34.41999816894531,34.470001220703125,1913300
2017-05-24,EWT,34.540000915527344,34.63999938964844,34.47999954223633,34.630001068115234,3069500
2017-05-25,EWT,34.880001068115234,34.900001525878906,34.81999969482422,34.83000183105469,3862900
2017-05-26,EWT,34.81999969482422,34.81999969482422,34.66999816894531,34.709999084472656,2452900
2017-05-30,EWT,34.70000076293945,34.75,34.66999816894531,34.70000076293945,2928500
2017-05-31,EWT,34.5099983215332,34.52000045776367,34.29999923706055,34.380001068115234,3286600
2017-06-01,EWT,34.58000183105469,34.7599983215332,34.4900016784668,34.7400016784668,2582200
2017-06-02,EWT,34.810001373291016,34.970001220703125,34.810001373291016,34.95000076293945,1991600
2017-06-05,EWT,35.16999816894531,35.220001220703125,35.099998474121094,35.15999984741211,1933100
2017-06-06,EWT,35.029998779296875,35.150001525878906,35.029998779296875,35.119998931884766,2623200
2017-06-07,EWT,35.0099983215332,35.119998931884766,34.959999084472656,35.08000183105469,2793600
2017-06-08,EWT,35.209999084472656,35.2599983215332,35.150001525878906,35.2400016784668,4264700
2017-06-09,EWT,35.130001068115234,35.16999816894531,34.56999969482422,34.779998779296875,6082900
2017-06-12,EWT,34.56999969482422,34.61000061035156,34.43000030517578,34.540000915527344,6750800
2017-06-13,EWT,34.70000076293945,34.75,34.630001068115234,34.720001220703125,3601800
2017-06-14,EWT,34.7599983215332,34.790000915527344,34.439998626708984,34.56999969482422,4161000
2017-06-15,EWT,34.220001220703125,34.380001068115234,34.130001068115234,34.369998931884766,8714200
2017-06-16,EWT,34.61000061035156,34.619998931884766,34.47999954223633,34.529998779296875,4264600
2017-06-19,EWT,34.939998626708984,35.060001373291016,34.90999984741211,35.060001373291016,3935000
2017-06-20,EWT,35.220001220703125,35.279998779296875,35.04999923706055,35.04999923706055,4444300
2017-06-21,EWT,35.04999923706055,35.4900016784668,35.04999923706055,35.349998474121094,4733300
2017-06-22,EWT,35.4900016784668,35.529998779296875,35.40999984741211,35.45000076293945,3988800
2017-06-23,EWT,35.540000915527344,35.65999984741211,35.5,35.59000015258789,2780300
2017-06-26,EWT,36.41999816894531,36.59000015258789,36.25,36.310001373291016,5196300
2017-06-27,EWT,36.099998474121094,36.15999984741211,35.900001525878906,35.90999984741211,3759900
2017-06-28,EWT,35.790000915527344,36.029998779296875,35.7599983215332,36.0,4151100
2017-06-29,EWT,35.81999969482422,35.84000015258789,35.400001525878906,35.61000061035156,5986300
2017-06-30,EWT,35.77000045776367,35.869998931884766,35.72999954223633,35.7599983215332,3624100
2017-07-03,EWT,35.84000015258789,35.939998626708984,35.7400016784668,35.81999969482422,1716000
2017-07-05,EWT,35.720001220703125,35.939998626708984,35.63999938964844,35.91999816894531,4583300
2017-07-06,EWT,35.459999084472656,35.5,35.33000183105469,35.369998931884766,4268300
2017-07-07,EWT,35.40999984741211,35.47999954223633,35.29999923706055,35.43000030517578,2709400
2017-07-10,EWT,35.349998474121094,35.619998931884766,35.34000015258789,35.59000015258789,2614000
2017-07-11,EWT,36.0099983215332,36.119998931884766,35.88999938964844,36.08000183105469,2481200
2017-07-12,EWT,36.36000061035156,36.540000915527344,36.29999923706055,36.470001220703125,3404400
2017-07-13,EWT,36.400001525878906,36.56999969482422,36.400001525878906,36.54999923706055,3674400
2017-07-14,EWT,36.59000015258789,36.790000915527344,36.59000015258789,36.77000045776367,2862700
2017-07-17,EWT,36.56999969482422,36.61000061035156,36.439998626708984,36.5099983215332,2032700
2017-07-18,EWT,36.599998474121094,36.70000076293945,36.529998779296875,36.63999938964844,2468700
2017-07-19,EWT,36.849998474121094,36.900001525878906,36.810001373291016,36.88999938964844,1802600
2017-07-20,EWT,36.790000915527344,36.810001373291016,36.619998931884766,36.619998931884766,8298500
2017-07-21,EWT,36.349998474121094,36.400001525878906,36.29999923706055,36.38999938964844,2355700
2017-07-24,EWT,36.709999084472656,36.790000915527344,36.61000061035156,36.70000076293945,2280200
2017-07-25,EWT,36.75,36.810001373291016,36.68000030517578,36.70000076293945,1624700
2017-07-26,EWT,36.58000183105469,36.79999923706055,36.52000045776367,36.779998779296875,3142400
2017-07-27,EWT,37.099998474121094,37.15999984741211,36.709999084472656,36.86000061035156,6435100
2017-07-28,EWT,36.54999923706055,36.66999816894531,36.54999923706055,36.65999984741211,4952800
2017-07-31,EWT,36.689998626708984,36.689998626708984,36.54999923706055,36.599998474121094,4394100
2017-08-01,EWT,36.689998626708984,36.77000045776367,36.66999816894531,36.75,2085800
2017-08-02,EWT,37.060001373291016,37.11000061035156,36.849998474121094,37.02000045776367,4656300
2017-08-03,EWT,36.91999816894531,36.95000076293945,36.83000183105469,36.90999984741211,2664800
2017-08-04,EWT,37.06999969482422,37.130001068115234,36.95000076293945,37.099998474121094,1492300
2017-08-07,EWT,37.279998779296875,37.45000076293945,37.279998779296875,37.41999816894531,1754400
2017-08-08,EWT,37.369998931884766,37.4900016784668,37.290000915527344,37.36000061035156,3247900
2017-08-09,EWT,36.86000061035156,36.9900016784668,36.81999969482422,36.97999954223633,1993000
2017-08-10,EWT,36.290000915527344,36.34000015258789,35.959999084472656,35.959999084472656,4292700
2017-08-11,EWT,36.279998779296875,36.439998626708984,36.209999084472656,36.36000061035156,3437000
2017-08-14,EWT,36.25,36.40999984741211,36.25,36.380001068115234,2186300
2017-08-15,EWT,36.27000045776367,36.34000015258789,36.220001220703125,36.25,3206500
2017-08-16,EWT,36.349998474121094,36.470001220703125,36.33000183105469,36.43000030517578,2788600
2017-08-17,EWT,36.380001068115234,36.5099983215332,36.08000183105469,36.099998474121094,2461700
2017-08-18,EWT,36.2599983215332,36.439998626708984,36.119998931884766,36.2599983215332,2364400
2017-08-21,EWT,36.33000183105469,36.40999984741211,36.2400016784668,36.380001068115234,1829500
2017-08-22,EWT,36.689998626708984,36.880001068115234,36.689998626708984,36.810001373291016,1903200
2017-08-23,EWT,36.650001525878906,36.81999969482422,36.63999938964844,36.790000915527344,1930000
2017-08-24,EWT,37.16999816894531,37.2400016784668,37.040000915527344,37.13999938964844,2265000
2017-08-25,EWT,37.310001373291016,37.4900016784668,37.29999923706055,37.33000183105469,2572800
2017-08-28,EWT,37.380001068115234,37.38999938964844,37.2599983215332,37.29999923706055,2927500
2017-08-29,EWT,37.029998779296875,37.2400016784668,37.0099983215332,37.220001220703125,2033800
2017-08-30,EWT,37.29999923706055,37.45000076293945,37.2599983215332,37.43000030517578,2361200
2017-08-31,EWT,37.380001068115234,37.560001373291016,37.380001068115234,37.47999954223633,2760000
2017-09-01,EWT,37.63999938964844,37.7400016784668,37.630001068115234,37.68000030517578,2254500
2017-09-05,EWT,37.52000045776367,37.58000183105469,37.220001220703125,37.41999816894531,4049200
2017-09-06,EWT,37.349998474121094,37.41999816894531,37.310001373291016,37.40999984741211,2673900
2017-09-07,EWT,37.400001525878906,37.529998779296875,37.38999938964844,37.5099983215332,2053500
2017-09-08,EWT,37.529998779296875,37.56999969482422,37.43000030517578,37.439998626708984,2642800
2017-09-11,EWT,37.45000076293945,37.70000076293945,37.45000076293945,37.689998626708984,2760800
2017-09-12,EWT,37.61000061035156,37.65999984741211,37.52000045776367,37.56999969482422,2097100
2017-09-13,EWT,37.060001373291016,37.11000061035156,37.0,37.040000915527344,2182500
2017-09-14,EWT,37.08000183105469,37.16999816894531,37.02000045776367,37.130001068115234,2041000
2017-09-15,EWT,37.34000015258789,37.40999984741211,37.2599983215332,37.380001068115234,2469900
2017-09-18,EWT,37.459999084472656,37.52000045776367,37.38999938964844,37.41999816894531,2934300
2017-09-19,EWT,37.189998626708984,37.27000045776367,37.13999938964844,37.2599983215332,2625700
2017-09-20,EWT,37.0,37.029998779296875,36.5099983215332,36.7400016784668,4690700
2017-09-21,EWT,37.119998931884766,37.16999816894531,37.0,37.08000183105469,3011700
2017-09-22,EWT,36.560001373291016,36.619998931884766,36.470001220703125,36.529998779296875,4886900
2017-09-25,EWT,36.09000015258789,36.13999938964844,35.849998474121094,35.93000030517578,4731400
2017-09-26,EWT,35.90999984741211,36.06999969482422,35.90999984741211,35.970001220703125,4948900
2017-09-27,EWT,35.93000030517578,36.040000915527344,35.84000015258789,35.970001220703125,4119200
2017-09-28,EWT,35.7400016784668,35.880001068115234,35.720001220703125,35.810001373291016,4220600
2017-09-29,EWT,35.95000076293945,36.119998931884766,35.93000030517578,36.099998474121094,3890400
2017-10-02,EWT,36.22999954223633,36.34000015258789,36.209999084472656,36.290000915527344,3731400
2017-10-03,EWT,36.27000045776367,36.380001068115234,36.27000045776367,36.349998474121094,2186400
2017-10-04,EWT,36.220001220703125,36.29999923706055,36.209999084472656,36.279998779296875,1557000
2017-10-05,EWT,36.56999969482422,36.709999084472656,36.540000915527344,36.63999938964844,2545200
2017-10-06,EWT,36.54999923706055,36.599998474121094,36.439998626708984,36.54999923706055,1982800
2017-10-09,EWT,36.58000183105469,36.63999938964844,36.52000045776367,36.619998931884766,1376600
2017-10-10,EWT,36.75,36.869998931884766,36.75,36.86000061035156,2690300
2017-10-11,EWT,37.2400016784668,37.40999984741211,37.189998626708984,37.380001068115234,4035300
2017-10-12,EWT,37.54999923706055,37.619998931884766,37.47999954223633,37.52000045776367,2410000
2017-10-13,EWT,37.779998779296875,37.869998931884766,37.77000045776367,37.81999969482422,3203000
2017-10-16,EWT,37.91999816894531,37.93000030517578,37.84000015258789,37.849998474121094,2029700
2017-10-17,EWT,37.68000030517578,37.790000915527344,37.630001068115234,37.7599983215332,2419300
2017-10-18,EWT,37.79999923706055,37.88999938964844,37.709999084472656,37.7400016784668,2153500
2017-10-19,EWT,37.599998474121094,37.77000045776367,37.529998779296875,37.77000045776367,4201300
2017-10-20,EWT,37.72999954223633,37.79999923706055,37.65999984741211,37.79999923706055,3490600
2017-10-23,EWT,37.68000030517578,37.709999084472656,37.529998779296875,37.56999969482422,1821100
2017-10-24,EWT,37.59000015258789,37.70000076293945,37.56999969482422,37.599998474121094,2016000
2017-10-25,EWT,37.68000030517578,37.72999954223633,37.369998931884766,37.540000915527344,3152100
2017-10-26,EWT,37.66999816894531,37.709999084472656,37.540000915527344,37.54999923706055,1971100
2017-10-27,EWT,37.68000030517578,37.970001220703125,37.63999938964844,37.93000030517578,3645800
2017-10-30,EWT,37.97999954223633,38.029998779296875,37.869998931884766,37.900001525878906,2738000
2017-10-31,EWT,38.040000915527344,38.119998931884766,38.040000915527344,38.099998474121094,1795000
2017-11-01,EWT,38.22999954223633,38.2599983215332,37.970001220703125,38.029998779296875,5600200
2017-11-02,EWT,37.970001220703125,37.9900016784668,37.849998474121094,37.939998626708984,2671500
2017-11-03,EWT,37.90999984741211,37.959999084472656,37.7400016784668,37.90999984741211,3649200
2017-11-06,EWT,37.900001525878906,38.0099983215332,37.900001525878906,37.9900016784668,2795200
2017-11-07,EWT,38.08000183105469,38.09000015258789,37.880001068115234,37.900001525878906,3673300
2017-11-08,EWT,37.95000076293945,37.97999954223633,37.88999938964844,37.970001220703125,2879500
2017-11-09,EWT,37.58000183105469,37.619998931884766,37.400001525878906,37.599998474121094,4323300
2017-11-10,EWT,37.61000061035156,37.63999938964844,37.4900016784668,37.560001373291016,3845500
2017-11-13,EWT,37.400001525878906,37.599998474121094,37.33000183105469,37.54999923706055,2432400
2017-11-14,EWT,37.369998931884766,37.47999954223633,37.349998474121094,37.439998626708984,2991200
2017-11-15,EWT,37.09000015258789,37.2400016784668,37.040000915527344,37.22999954223633,4288200
2017-11-16,EWT,37.36000061035156,37.7400016784668,37.36000061035156,37.66999816894531,3667000
2017-11-17,EWT,37.72999954223633,37.86000061035156,37.72999954223633,37.77000045776367,3376900
2017-11-20,EWT,37.650001525878906,37.7400016784668,37.61000061035156,37.70000076293945,2368300
2017-11-21,EWT,38.220001220703125,38.290000915527344,38.189998626708984,38.20000076293945,3690900
2017-11-22,EWT,38.400001525878906,38.41999816894531,38.22999954223633,38.31999969482422,2110800
2017-11-24,EWT,38.31999969482422,38.459999084472656,38.310001373291016,38.400001525878906,1400100
2017-11-27,EWT,37.84000015258789,37.84000015258789,37.61000061035156,37.630001068115234,2341100
2017-11-28,EWT,37.720001220703125,37.849998474121094,37.630001068115234,37.7400016784668,4328000
2017-11-29,EWT,37.689998626708984,37.7400016784668,37.27000045776367,37.29999923706055,9331900
2017-11-30,EWT,37.04999923706055,37.13999938964844,36.95000076293945,37.099998474121094,10252000
2017-12-01,EWT,36.959999084472656,37.040000915527344,36.720001220703125,37.0,7035500
2017-12-04,EWT,37.2400016784668,37.33000183105469,36.91999816894531,36.939998626708984,6478100
2017-12-05,EWT,36.849998474121094,36.97999954223633,36.779998779296875,36.779998779296875,4491900
2017-12-06,EWT,36.0,36.099998474121094,35.869998931884766,36.0099983215332,4039500
2017-12-07,EWT,35.90999984741211,36.11000061035156,35.86000061035156,36.040000915527344,3128000
2017-12-08,EWT,36.400001525878906,36.400001525878906,36.18000030517578,36.279998779296875,2560800
2017-12-11,EWT,36.540000915527344,36.630001068115234,36.5,36.529998779296875,2522600
2017-12-12,EWT,36.31999969482422,36.38999938964844,36.2599983215332,36.349998474121094,2441500
2017-12-13,EWT,36.52000045776367,36.779998779296875,36.52000045776367,36.65999984741211,2936800
2017-12-14,EWT,36.689998626708984,36.7400016784668,36.52000045776367,36.52000045776367,2776800
2017-12-15,EWT,36.58000183105469,36.61000061035156,36.400001525878906,36.56999969482422,2532100
2017-12-18,EWT,36.5099983215332,36.70000076293945,36.5099983215332,36.68000030517578,2443100
2017-12-19,EWT,35.470001220703125,35.560001373291016,35.220001220703125,35.290000915527344,2905300
2017-12-20,EWT,35.52000045776367,35.619998931884766,35.470001220703125,35.5099983215332,3962800
2017-12-21,EWT,35.58000183105469,35.58000183105469,35.41999816894531,35.43000030517578,1777800
2017-12-22,EWT,35.72999954223633,35.84000015258789,35.630001068115234,35.79999923706055,2054900
2017-12-26,EWT,35.310001373291016,35.38999938964844,35.189998626708984,35.36000061035156,1902400
2017-12-27,EWT,35.47999954223633,35.560001373291016,35.41999816894531,35.5,2620300
2017-12-28,EWT,36.029998779296875,36.130001068115234,35.95000076293945,35.970001220703125,2294800
2017-12-29,EWT,36.349998474121094,36.41999816894531,36.20000076293945,36.209999084472656,2914100
2018-01-02,EWT,36.689998626708984,36.849998474121094,36.66999816894531,36.79999923706055,2288800
2018-01-03,EWT,37.040000915527344,37.25,37.040000915527344,37.16999816894531,3400400
2018-01-04,EWT,37.16999816894531,37.22999954223633,37.099998474121094,37.15999984741211,3300000
2018-01-05,EWT,37.29999923706055,37.4900016784668,37.2599983215332,37.459999084472656,3359400
2018-01-08,EWT,37.31999969482422,37.380001068115234,37.290000915527344,37.36000061035156,7208000
2018-01-09,EWT,37.31999969482422,37.33000183105469,37.16999816894531,37.310001373291016,3462800
2018-01-10,EWT,36.88999938964844,37.0,36.810001373291016,36.95000076293945,4606400
2018-01-11,EWT,36.970001220703125,37.18000030517578,36.93000030517578,37.18000030517578,4156700
2018-01-12,EWT,37.150001525878906,37.4900016784668,37.040000915527344,37.459999084472656,3182000
2018-01-16,EWT,37.709999084472656,37.84000015258789,37.52000045776367,37.529998779296875,5506900
2018-01-17,EWT,37.779998779296875,38.029998779296875,37.720001220703125,37.97999954223633,3999500
2018-01-18,EWT,38.18000030517578,38.36000061035156,38.119998931884766,38.25,5422800
2018-01-19,EWT,38.83000183105469,38.93000030517578,38.720001220703125,38.84000015258789,5011300
2018-01-22,EWT,39.13999938964844,39.349998474121094,39.119998931884766,39.31999969482422,6255900
2018-01-23,EWT,39.13999938964844,39.22999954223633,39.04999923706055,39.16999816894531,4026100
2018-01-24,EWT,39.040000915527344,39.20000076293945,38.869998931884766,39.0,5966600
2018-01-25,EWT,39.22999954223633,39.31999969482422,39.04999923706055,39.11000061035156,5677700
2018-01-26,EWT,39.0099983215332,39.189998626708984,38.939998626708984,39.16999816894531,4647800
2018-01-29,EWT,38.93000030517578,38.95000076293945,38.77000045776367,38.84000015258789,4972000
2018-01-30,EWT,38.47999954223633,38.5099983215332,38.27000045776367,38.349998474121094,5896600
2018-01-31,EWT,38.849998474121094,38.91999816894531,38.4900016784668,38.63999938964844,8551300
2018-02-01,EWT,38.599998474121094,38.77000045776367,38.4900016784668,38.540000915527344,6937300
2018-02-02,EWT,38.310001373291016,38.31999969482422,37.75,37.7599983215332,6136300
2018-02-05,EWT,37.63999938964844,37.900001525878906,36.689998626708984,36.7599983215332,14632700
2018-02-06,EWT,36.2599983215332,37.22999954223633,36.209999084472656,37.13999938964844,18032300
2018-02-07,EWT,36.810001373291016,37.08000183105469,36.45000076293945,36.4900016784668,9425400
2018-02-08,EWT,36.29999923706055,36.310001373291016,35.189998626708984,35.20000076293945,12327200
2018-02-09,EWT,35.7599983215332,36.189998626708984,35.150001525878906,35.91999816894531,17488200
2018-02-12,EWT,36.13999938964844,36.47999954223633,36.0099983215332,36.29999923706055,7110600
2018-02-13,EWT,36.29999923706055,36.560001373291016,36.2400016784668,36.470001220703125,4456600
2018-02-14,EWT,36.04999923706055,37.09000015258789,36.04999923706055,37.060001373291016,5781100
2018-02-15,EWT,37.43000030517578,37.72999954223633,37.09000015258789,37.72999954223633,5380400
2018-02-16,EWT,37.560001373291016,37.970001220703125,37.560001373291016,37.790000915527344,4624800
2018-02-20,EWT,37.02000045776367,37.349998474121094,37.02000045776367,37.209999084472656,6047700
2018-02-21,EWT,37.38999938964844,37.65999984741211,37.04999923706055,37.08000183105469,7781100
2018-02-22,EWT,36.97999954223633,37.16999816894531,36.880001068115234,36.970001220703125,4710900
2018-02-23,EWT,37.400001525878906,37.689998626708984,37.31999969482422,37.66999816894531,3519600
2018-02-26,EWT,37.790000915527344,38.0,37.58000183105469,37.91999816894531,2913600
2018-02-27,EWT,37.5099983215332,37.59000015258789,37.15999984741211,37.18000030517578,5713300
2018-02-28,EWT,37.099998474121094,37.16999816894531,36.63999938964844,36.650001525878906,3671000
2018-03-01,EWT,37.04999923706055,37.29999923706055,36.4900016784668,36.79999923706055,8415500
2018-03-02,EWT,36.59000015258789,37.09000015258789,36.47999954223633,37.029998779296875,4333600
2018-03-05,EWT,36.79999923706055,37.189998626708984,36.72999954223633,37.099998474121094,5623800
2018-03-06,EWT,37.63999938964844,37.63999938964844,37.290000915527344,37.5,4395500
2018-03-07,EWT,37.29999923706055,37.56999969482422,37.22999954223633,37.529998779296875,3693200
2018-03-08,EWT,37.65999984741211,37.709999084472656,37.47999954223633,37.63999938964844,2912500
2018-03-09,EWT,37.86000061035156,38.189998626708984,37.720001220703125,38.189998626708984,4408300
2018-03-12,EWT,38.4900016784668,38.63999938964844,38.41999816894531,38.529998779296875,5955700
2018-03-13,EWT,38.849998474121094,38.88999938964844,38.43000030517578,38.5099983215332,5001100
2018-03-14,EWT,38.59000015258789,38.66999816894531,38.279998779296875,38.4900016784668,6473400
2018-03-15,EWT,38.77000045776367,38.81999969482422,38.52000045776367,38.59000015258789,3804700
2018-03-16,EWT,38.5,38.59000015258789,38.439998626708984,38.47999954223633,4059500
2018-03-19,EWT,38.529998779296875,38.529998779296875,38.060001373291016,38.22999954223633,5131200
2018-03-20,EWT,38.470001220703125,38.560001373291016,38.36000061035156,38.5099983215332,2964500
2018-03-21,EWT,38.470001220703125,38.880001068115234,38.41999816894531,38.68000030517578,3827600
2018-03-22,EWT,38.16999816894531,38.29999923706055,37.779998779296875,37.810001373291016,7050500
2018-03-23,EWT,37.810001373291016,37.88999938964844,37.099998474121094,37.119998931884766,6235700
2018-03-26,EWT,38.20000076293945,38.439998626708984,37.83000183105469,38.40999984741211,4579800
2018-03-27,EWT,38.45000076293945,38.560001373291016,37.79999923706055,37.88999938964844,7204100
2018-03-28,EWT,37.7599983215332,37.869998931884766,37.52000045776367,37.720001220703125,7888800
2018-03-29,EWT,37.95000076293945,38.439998626708984,37.900001525878906,38.34000015258789,5613500
2018-04-02,EWT,37.95000076293945,38.04999923706055,37.2599983215332,37.45000076293945,6781500
2018-04-03,EWT,37.7599983215332,37.970001220703125,37.619998931884766,37.939998626708984,4799300
2018-04-04,EWT,37.290000915527344,38.130001068115234,37.15999984741211,38.09000015258789,4136700
2018-04-05,EWT,38.18000030517578,38.310001373291016,37.9900016784668,38.220001220703125,4141600
2018-04-06,EWT,37.900001525878906,38.08000183105469,37.36000061035156,37.4900016784668,4697100
2018-04-09,EWT,37.900001525878906,38.02000045776367,37.72999954223633,37.72999954223633,6385400
2018-04-10,EWT,38.16999816894531,38.27000045776367,37.97999954223633,38.220001220703125,4282400
2018-04-11,EWT,38.130001068115234,38.290000915527344,38.06999969482422,38.15999984741211,2861500
2018-04-12,EWT,37.86000061035156,38.16999816894531,37.86000061035156,38.130001068115234,4617800
2018-04-13,EWT,38.099998474121094,38.130001068115234,37.77000045776367,37.869998931884766,3184200
2018-04-16,EWT,37.880001068115234,38.04999923706055,37.86000061035156,38.04999923706055,3796300
2018-04-17,EWT,37.459999084472656,37.63999938964844,37.439998626708984,37.59000015258789,2728600
2018-04-18,EWT,37.68000030517578,37.869998931884766,37.59000015258789,37.790000915527344,4202800
2018-04-19,EWT,37.630001068115234,37.810001373291016,37.290000915527344,37.400001525878906,8312400
2018-04-20,EWT,37.029998779296875,37.029998779296875,36.66999816894531,36.779998779296875,6007000
2018-04-23,EWT,36.630001068115234,36.66999816894531,36.38999938964844,36.47999954223633,3569600
2018-04-24,EWT,36.369998931884766,36.43000030517578,35.7400016784668,35.810001373291016,8909600
2018-04-25,EWT,35.88999938964844,35.91999816894531,35.650001525878906,35.91999816894531,5580800
2018-04-26,EWT,35.91999816894531,36.099998474121094,35.88999938964844,36.06999969482422,5342500
2018-04-27,EWT,36.349998474121094,36.349998474121094,36.060001373291016,36.279998779296875,2796200
2018-04-30,EWT,36.459999084472656,36.47999954223633,36.27000045776367,36.29999923706055,5060200
2018-05-01,EWT,35.95000076293945,36.189998626708984,35.689998626708984,36.150001525878906,3444900
2018-05-02,EWT,36.290000915527344,36.290000915527344,35.84000015258789,35.900001525878906,5040500
2018-05-03,EWT,35.630001068115234,35.849998474121094,35.31999969482422,35.7400016784668,5022500
2018-05-04,EWT,35.72999954223633,36.130001068115234,35.56999969482422,36.06999969482422,3746100
2018-05-07,EWT,35.869998931884766,35.9900016784668,35.83000183105469,35.939998626708984,4121500
2018-05-08,EWT,36.279998779296875,36.310001373291016,36.13999938964844,36.25,3209100
2018-05-09,EWT,36.40999984741211,36.40999984741211,36.220001220703125,36.349998474121094,2641800
2018-05-10,EWT,36.68000030517578,37.11000061035156,36.68000030517578,37.06999969482422,8183000
2018-05-11,EWT,37.31999969482422,37.369998931884766,37.209999084472656,37.290000915527344,4579200
2018-05-14,EWT,37.59000015258789,37.66999816894531,37.459999084472656,37.47999954223633,3350800
2018-05-15,EWT,36.9900016784668,36.9900016784668,36.70000076293945,36.810001373291016,4656900
2018-05-16,EWT,37.04999923706055,37.33000183105469,37.04999923706055,37.27000045776367,6565700
2018-05-17,EWT,36.83000183105469,36.939998626708984,36.63999938964844,36.81999969482422,3608500
2018-05-18,EWT,36.68000030517578,36.720001220703125,36.599998474121094,36.68000030517578,4947200
2018-05-21,EWT,37.150001525878906,37.310001373291016,37.099998474121094,37.22999954223633,2361500
2018-05-22,EWT,37.20000076293945,37.2599983215332,37.130001068115234,37.16999816894531,3346600
2018-05-23,EWT,36.689998626708984,37.0099983215332,36.650001525878906,37.0,4765100
2018-05-24,EWT,37.04999923706055,37.099998474121094,36.72999954223633,37.040000915527344,5110500
2018-05-25,EWT,37.040000915527344,37.20000076293945,37.0099983215332,37.11000061035156,4717300
2018-05-29,EWT,36.75,36.84000015258789,36.400001525878906,36.540000915527344,6094500
2018-05-30,EWT,36.38999938964844,36.849998474121094,36.31999969482422,36.84000015258789,6804900
2018-05-31,EWT,36.599998474121094,36.75,36.5099983215332,36.630001068115234,7621900
2018-06-01,EWT,37.099998474121094,37.29999923706055,37.04999923706055,37.279998779296875,4271000
2018-06-04,EWT,37.869998931884766,37.9900016784668,37.849998474121094,37.900001525878906,3272900
2018-06-05,EWT,37.709999084472656,37.709999084472656,37.52000045776367,37.650001525878906,5506100
2018-06-06,EWT,38.20000076293945,38.45000076293945,38.189998626708984,38.45000076293945,5446400
2018-06-07,EWT,38.20000076293945,38.279998779296875,37.91999816894531,38.06999969482422,9060400
2018-06-08,EWT,37.560001373291016,37.709999084472656,37.45000076293945,37.65999984741211,4273200
2018-06-11,EWT,37.709999084472656,37.790000915527344,37.66999816894531,37.7599983215332,3809200
2018-06-12,EWT,37.59000015258789,37.619998931884766,37.400001525878906,37.5,4121800
2018-06-13,EWT,37.68000030517578,37.70000076293945,37.34000015258789,37.4900016784668,6837100
2018-06-14,EWT,37.06999969482422,37.13999938964844,36.93000030517578,37.0,4922300
2018-06-15,EWT,36.810001373291016,36.83000183105469,36.63999938964844,36.7599983215332,5603100
2018-06-18,EWT,36.33000183105469,36.33000183105469,35.959999084472656,36.2400016784668,5720600
2018-06-19,EWT,35.90999984741211,36.099998474121094,35.77000045776367,36.04999923706055,7118800
2018-06-20,EWT,36.459999084472656,36.63999938964844,36.45000076293945,36.459999084472656,5963300
2018-06-21,EWT,36.0099983215332,36.09000015258789,35.83000183105469,35.849998474121094,6706700
2018-06-22,EWT,36.16999816894531,36.16999816894531,35.970001220703125,36.040000915527344,3392300
2018-06-25,EWT,35.7400016784668,35.779998779296875,35.41999816894531,35.68000030517578,6776800
2018-06-26,EWT,35.63999938964844,35.84000015258789,35.540000915527344,35.63999938964844,4428900
2018-06-27,EWT,35.58000183105469,35.650001525878906,35.150001525878906,35.16999816894531,7838400
2018-06-28,EWT,35.11000061035156,35.31999969482422,35.0099983215332,35.31999969482422,6880800
2018-06-29,EWT,35.93000030517578,36.029998779296875,35.88999938964844,36.0,5133900
2018-07-02,EWT,35.540000915527344,35.7599983215332,35.400001525878906,35.70000076293945,4585800
2018-07-03,EWT,35.70000076293945,35.790000915527344,35.52000045776367,35.56999969482422,2509400
2018-07-05,EWT,35.38999938964844,35.41999816894531,35.16999816894531,35.290000915527344,5404800
2018-07-06,EWT,35.400001525878906,35.630001068115234,35.38999938964844,35.529998779296875,6057600
2018-07-09,EWT,36.150001525878906,36.36000061035156,36.060001373291016,36.33000183105469,4002000
2018-07-10,EWT,36.2400016784668,36.349998474121094,36.13999938964844,36.310001373291016,3429600
2018-07-11,EWT,35.70000076293945,35.79999923706055,35.54999923706055,35.619998931884766,4276800
2018-07-12,EWT,36.209999084472656,36.33000183105469,36.150001525878906,36.290000915527344,3957900
2018-07-13,EWT,36.31999969482422,36.459999084472656,36.27000045776367,36.41999816894531,4111800
2018-07-16,EWT,36.290000915527344,36.41999816894531,36.290000915527344,36.40999984741211,3391400
2018-07-17,EWT,36.20000076293945,36.56999969482422,36.20000076293945,36.56999969482422,4638200
2018-07-18,EWT,36.45000076293945,36.70000076293945,36.400001525878906,36.689998626708984,4088800
2018-07-19,EWT,36.5099983215332,36.81999969482422,36.45000076293945,36.65999984741211,6140100
2018-07-20,EWT,37.08000183105469,37.31999969482422,36.97999954223633,37.27000045776367,6259500
2018-07-23,EWT,37.13999938964844,37.13999938964844,36.959999084472656,37.029998779296875,3870100
2018-07-24,EWT,37.29999923706055,37.439998626708984,37.119998931884766,37.18000030517578,5640600
2018-07-25,EWT,37.34000015258789,37.59000015258789,37.27000045776367,37.59000015258789,5164100
2018-07-26,EWT,37.41999816894531,37.54999923706055,37.36000061035156,37.5,14152300
2018-07-27,EWT,37.77000045776367,37.88999938964844,37.540000915527344,37.689998626708984,5491900
2018-07-30,EWT,37.630001068115234,37.630001068115234,37.439998626708984,37.54999923706055,5442600
2018-07-31,EWT,37.70000076293945,37.88999938964844,37.63999938964844,37.79999923706055,5253100
2018-08-01,EWT,37.86000061035156,37.939998626708984,37.72999954223633,37.810001373291016,3944800
2018-08-02,EWT,37.16999816894531,37.470001220703125,37.09000015258789,37.400001525878906,4166900
2018-08-03,EWT,37.72999954223633,37.83000183105469,37.66999816894531,37.7400016784668,3481600
2018-08-06,EWT,37.66999816894531,37.709999084472656,37.529998779296875,37.68000030517578,2842800
2018-08-07,EWT,37.720001220703125,37.790000915527344,37.68000030517578,37.720001220703125,3394000
2018-08-08,EWT,37.84000015258789,37.97999954223633,37.779998779296875,37.95000076293945,2863500
2018-08-09,EWT,37.72999954223633,37.79999923706055,37.689998626708984,37.72999954223633,2627000
2018-08-10,EWT,37.31999969482422,37.369998931884766,37.20000076293945,37.31999969482422,5959400
2018-08-13,EWT,36.72999954223633,36.81999969482422,36.52000045776367,36.529998779296875,4584600
2018-08-14,EWT,36.849998474121094,36.959999084472656,36.79999923706055,36.91999816894531,3735600
2018-08-15,EWT,36.18000030517578,36.22999954223633,35.959999084472656,36.15999984741211,6634000
2018-08-16,EWT,36.459999084472656,36.63999938964844,36.400001525878906,36.52000045776367,5474400
2018-08-17,EWT,36.290000915527344,36.56999969482422,36.209999084472656,36.529998779296875,4777600
2018-08-20,EWT,36.54999923706055,36.630001068115234,36.439998626708984,36.599998474121094,3409700
2018-08-21,EWT,36.93000030517578,37.13999938964844,36.88999938964844,37.08000183105469,5332000
2018-08-22,EWT,36.959999084472656,37.13999938964844,36.939998626708984,37.06999969482422,5933700
2018-08-23,EWT,37.04999923706055,37.119998931884766,36.88999938964844,36.93000030517578,3471500
2018-08-24,EWT,37.060001373291016,37.22999954223633,36.9900016784668,37.18000030517578,4641200
2018-08-27,EWT,37.38999938964844,37.61000061035156,37.380001068115234,37.5099983215332,4083900
2018-08-28,EWT,37.75,37.86000061035156,37.709999084472656,37.779998779296875,4851400
2018-08-29,EWT,37.95000076293945,38.27000045776367,37.95000076293945,38.2400016784668,3404300
2018-08-30,EWT,37.93000030517578,38.060001373291016,37.52000045776367,37.61000061035156,9703200
2018-08-31,EWT,37.63999938964844,37.93000030517578,37.63999938964844,37.93000030517578,4516100
2018-09-04,EWT,37.5,37.599998474121094,37.349998474121094,37.58000183105469,6111600
2018-09-05,EWT,37.310001373291016,37.41999816894531,37.18000030517578,37.349998474121094,5722900
2018-09-06,EWT,37.33000183105469,37.41999816894531,37.130001068115234,37.2400016784668,4132200
2018-09-07,EWT,36.959999084472656,37.220001220703125,36.95000076293945,37.02000045776367,5582800
2018-09-10,EWT,36.720001220703125,36.7400016784668,36.52000045776367,36.58000183105469,3114700
2018-09-11,EWT,36.439998626708984,36.790000915527344,36.40999984741211,36.779998779296875,5376500
2018-09-12,EWT,36.52000045776367,36.83000183105469,36.459999084472656,36.63999938964844,8113300
2018-09-13,EWT,36.689998626708984,36.79999923706055,36.56999969482422,36.70000076293945,6291900
2018-09-14,EWT,37.06999969482422,37.209999084472656,36.959999084472656,37.06999969482422,6256900
2018-09-17,EWT,36.869998931884766,36.95000076293945,36.720001220703125,36.779998779296875,4171600
2018-09-18,EWT,36.7400016784668,36.900001525878906,36.7400016784668,36.83000183105469,4036700
2018-09-19,EWT,37.06999969482422,37.130001068115234,36.97999954223633,37.09000015258789,3460600
2018-09-20,EWT,37.099998474121094,37.22999954223633,36.97999954223633,37.189998626708984,3771400
2018-09-21,EWT,37.54999923706055,37.59000015258789,37.45000076293945,37.470001220703125,5580500
2018-09-24,EWT,37.220001220703125,37.47999954223633,37.209999084472656,37.43000030517578,4582100
2018-09-25,EWT,37.599998474121094,37.61000061035156,37.439998626708984,37.5,4684800
2018-09-26,EWT,37.41999816894531,37.650001525878906,37.310001373291016,37.33000183105469,6157900
2018-09-27,EWT,37.709999084472656,37.90999984741211,37.66999816894531,37.810001373291016,4366900
2018-09-28,EWT,37.70000076293945,37.810001373291016,37.630001068115234,37.70000076293945,3850700
2018-10-01,EWT,37.91999816894531,37.939998626708984,37.779998779296875,37.83000183105469,3778500
2018-10-02,EWT,37.150001525878906,37.27000045776367,37.06999969482422,37.16999816894531,3710800
2018-10-03,EWT,37.15999984741211,37.15999984741211,36.79999923706055,36.86000061035156,6115700
2018-10-04,EWT,36.25,36.290000915527344,35.779998779296875,35.95000076293945,6815900
2018-10-05,EWT,35.45000076293945,35.4900016784668,35.029998779296875,35.189998626708984,6724500
2018-10-08,EWT,35.029998779296875,35.36000061035156,34.95000076293945,35.279998779296875,4958900
2018-10-09,EWT,35.11000061035156,35.34000015258789,35.029998779296875,35.20000076293945,6049900
2018-10-10,EWT,34.93000030517578,34.939998626708984,34.02000045776367,34.08000183105469,9848600
2018-10-11,EWT,32.970001220703125,33.349998474121094,32.619998931884766,33.0,20147000
2018-10-12,EWT,33.93000030517578,34.13999938964844,33.45000076293945,33.81999969482422,9807900
2018-10-15,EWT,33.560001373291016,33.63999938964844,33.400001525878906,33.40999984741211,5833400
2018-10-16,EWT,33.900001525878906,34.31999969482422,33.83000183105469,34.27000045776367,5711000
2018-10-17,EWT,33.9900016784668,34.02000045776367,33.61000061035156,33.810001373291016,4673100
2018-10-18,EWT,33.630001068115234,33.66999816894531,32.9900016784668,33.119998931884766,8531000
2018-10-19,EWT,33.779998779296875,33.90999984741211,33.45000076293945,33.47999954223633,7136200
2018-10-22,EWT,33.90999984741211,33.90999984741211,33.470001220703125,33.54999923706055,4969200
2018-10-23,EWT,32.689998626708984,33.16999816894531,32.4900016784668,33.0,8693500
2018-10-24,EWT,32.97999954223633,32.97999954223633,32.099998474121094,32.119998931884766,7240300
2018-10-25,EWT,32.380001068115234,32.86000061035156,32.31999969482422,32.619998931884766,8977300
2018-10-26,EWT,31.829999923706055,32.29999923706055,31.610000610351562,31.940000534057617,9331400
2018-10-29,EWT,32.459999084472656,32.560001373291016,31.549999237060547,31.8700008392334,8669800
2018-10-30,EWT,32.2400016784668,32.709999084472656,32.189998626708984,32.63999938964844,7956800
2018-10-31,EWT,33.15999984741211,33.27000045776367,32.9900016784668,33.130001068115234,7815400
2018-11-01,EWT,33.47999954223633,33.900001525878906,33.31999969482422,33.88999938964844,8683500
2018-11-02,EWT,34.15999984741211,34.27000045776367,33.630001068115234,33.900001525878906,10356000
2018-11-05,EWT,33.7400016784668,33.91999816894531,33.630001068115234,33.86000061035156,8321500
2018-11-06,EWT,33.52000045776367,33.650001525878906,33.41999816894531,33.58000183105469,4499400
2018-11-07,EWT,34.02000045776367,34.380001068115234,33.970001220703125,34.33000183105469,4397400
2018-11-08,EWT,33.88999938964844,33.9900016784668,33.66999816894531,33.790000915527344,3781800
2018-11-09,EWT,33.16999816894531,33.2400016784668,33.0,33.119998931884766,4980900
2018-11-12,EWT,33.209999084472656,33.2599983215332,32.65999984741211,32.70000076293945,7177800
2018-11-13,EWT,32.97999954223633,33.33000183105469,32.880001068115234,33.02000045776367,9087600
2018-11-14,EWT,33.34000015258789,33.400001525878906,32.880001068115234,33.119998931884766,6187400
2018-11-15,EWT,33.290000915527344,33.849998474121094,33.209999084472656,33.709999084472656,9235200
2018-11-16,EWT,33.06999969482422,33.38999938964844,32.970001220703125,33.310001373291016,5983800
2018-11-19,EWT,33.09000015258789,33.09000015258789,32.7599983215332,32.84000015258789,5544600
2018-11-20,EWT,32.41999816894531,32.630001068115234,32.2599983215332,32.34000015258789,7678100
2018-11-21,EWT,32.86000061035156,33.060001373291016,32.79999923706055,32.849998474121094,5293100
2018-11-23,EWT,32.310001373291016,32.459999084472656,32.290000915527344,32.29999923706055,5009100
2018-11-26,EWT,32.95000076293945,32.9900016784668,32.779998779296875,32.97999954223633,5880000
2018-11-27,EWT,32.619998931884766,32.84000015258789,32.560001373291016,32.83000183105469,5356900
2018-11-28,EWT,33.34000015258789,33.84000015258789,33.130001068115234,33.790000915527344,6694500
2018-11-29,EWT,33.470001220703125,33.650001525878906,33.290000915527344,33.40999984741211,4945900
2018-11-30,EWT,33.20000076293945,33.31999969482422,33.08000183105469,33.29999923706055,4783700
2018-12-03,EWT,34.310001373291016,34.380001068115234,34.09000015258789,34.279998779296875,5100100
2018-12-04,EWT,34.150001525878906,34.20000076293945,33.33000183105469,33.38999938964844,8678300
2018-12-06,EWT,32.27000045776367,32.869998931884766,32.08000183105469,32.849998474121094,11849400
2018-12-07,EWT,32.7400016784668,32.88999938964844,32.13999938964844,32.279998779296875,11117400
2018-12-10,EWT,32.2400016784668,32.5,31.950000762939453,32.369998931884766,6088800
2018-12-11,EWT,32.7400016784668,32.75,32.27000045776367,32.5,7822900
2018-12-12,EWT,33.08000183105469,33.2400016784668,32.97999954223633,33.0099983215332,6911900
2018-12-13,EWT,33.02000045776367,33.15999984741211,32.900001525878906,32.91999816894531,9602600
2018-12-14,EWT,32.54999923706055,32.7599983215332,32.40999984741211,32.439998626708984,5973700
2018-12-17,EWT,32.7400016784668,32.84000015258789,32.27000045776367,32.369998931884766,7517900
2018-12-18,EWT,31.690000534057617,31.829999923706055,31.6200008392334,31.670000076293945,7056700
2018-12-19,EWT,31.809999465942383,32.04999923706055,31.049999237060547,31.18000030517578,13470400
2018-12-20,EWT,31.469999313354492,31.639999389648438,31.170000076293945,31.459999084472656,9756800
2018-12-21,EWT,31.520000457763672,31.729999542236328,31.149999618530273,31.260000228881836,7320700
2018-12-24,EWT,31.15999984741211,31.280000686645508,30.84000015258789,30.860000610351562,3622200
2018-12-26,EWT,30.90999984741211,31.420000076293945,30.780000686645508,31.399999618530273,5614800
2018-12-27,EWT,31.139999389648438,31.399999618530273,30.950000762939453,31.3799991607666,5237100
2018-12-28,EWT,31.719999313354492,31.90999984741211,31.6299991607666,31.709999084472656,9432300
2018-12-31,EWT,31.950000762939453,31.950000762939453,31.489999771118164,31.6200008392334,3567100
2019-01-02,EWT,30.959999084472656,31.299999237060547,30.950000762939453,31.280000686645508,6197600
2019-01-03,EWT,30.649999618530273,30.68000030517578,30.219999313354492,30.299999237060547,6574800
2019-01-04,EWT,30.3799991607666,30.950000762939453,30.34000015258789,30.889999389648438,5961800
2019-01-07,EWT,31.110000610351562,31.309999465942383,30.959999084472656,31.15999984741211,5882600
2019-01-08,EWT,31.139999389648438,31.18000030517578,30.93000030517578,31.09000015258789,4912700
2019-01-09,EWT,31.510000228881836,31.799999237060547,31.510000228881836,31.670000076293945,5577500
2019-01-10,EWT,31.520000457763672,31.90999984741211,31.5,31.8700008392334,5878100
2019-01-11,EWT,31.709999084472656,31.8700008392334,31.65999984741211,31.829999923706055,3353400
2019-01-14,EWT,31.43000030517578,31.59000015258789,31.360000610351562,31.420000076293945,4451600
2019-01-15,EWT,31.799999237060547,31.920000076293945,31.649999618530273,31.739999771118164,4440600
2019-01-16,EWT,31.780000686645508,31.989999771118164,31.770000457763672,31.8799991607666,5231900
2019-01-17,EWT,31.59000015258789,32.119998931884766,31.530000686645508,32.0099983215332,8627400
2019-01-18,EWT,32.06999969482422,32.36000061035156,32.04999923706055,32.31999969482422,6183300
2019-01-22,EWT,32.040000915527344,32.06999969482422,31.790000915527344,31.8700008392334,5634200
2019-01-23,EWT,32.0,32.09000015258789,31.81999969482422,32.04999923706055,3932800
2019-01-24,EWT,32.04999923706055,32.369998931884766,32.04999923706055,32.31999969482422,4333200
2019-01-25,EWT,32.75,32.95000076293945,32.7400016784668,32.84000015258789,3972100
2019-01-28,EWT,32.31999969482422,32.540000915527344,32.31999969482422,32.540000915527344,3673900
2019-01-29,EWT,32.41999816894531,32.470001220703125,32.15999984741211,32.22999954223633,9239300
2019-01-30,EWT,32.47999954223633,32.84000015258789,32.25,32.75,11699300
2019-01-31,EWT,32.970001220703125,33.36000061035156,32.95000076293945,33.290000915527344,8369200
2019-02-01,EWT,33.08000183105469,33.15999984741211,32.91999816894531,33.02000045776367,4729100
2019-02-04,EWT,33.060001373291016,33.29999923706055,32.970001220703125,33.22999954223633,3221800
2019-02-05,EWT,33.34000015258789,33.619998931884766,33.31999969482422,33.599998474121094,3309200
2019-02-06,EWT,33.560001373291016,33.630001068115234,33.41999816894531,33.45000076293945,3939500
2019-02-07,EWT,33.16999816894531,33.2599983215332,32.81999969482422,33.09000015258789,7014200
2019-02-08,EWT,32.77000045776367,32.880001068115234,32.400001525878906,32.81999969482422,3136000
2019-02-11,EWT,32.61000061035156,32.66999816894531,32.540000915527344,32.560001373291016,2457900
2019-02-12,EWT,32.83000183105469,33.02000045776367,32.810001373291016,32.91999816894531,2263800
2019-02-13,EWT,32.7599983215332,32.79999923706055,32.599998474121094,32.68000030517578,4330300
2019-02-14,EWT,32.5,32.779998779296875,32.47999954223633,32.63999938964844,3369300
2019-02-15,EWT,32.7400016784668,32.83000183105469,32.68000030517578,32.83000183105469,3704600
2019-02-19,EWT,32.7599983215332,33.15999984741211,32.7599983215332,33.09000015258789,4846800
2019-02-20,EWT,33.36000061035156,33.529998779296875,33.31999969482422,33.369998931884766,4010200
2019-02-21,EWT,33.43000030517578,33.439998626708984,33.25,33.380001068115234,3470000
2019-02-22,EWT,33.619998931884766,33.77000045776367,33.560001373291016,33.65999984741211,2294000
2019-02-25,EWT,33.959999084472656,34.08000183105469,33.849998474121094,33.939998626708984,4928200
2019-02-26,EWT,33.790000915527344,33.88999938964844,33.75,33.779998779296875,3282400
2019-02-27,EWT,33.720001220703125,33.7400016784668,33.470001220703125,33.619998931884766,3574400
2019-02-28,EWT,33.290000915527344,33.33000183105469,33.11000061035156,33.20000076293945,4279500
2019-03-01,EWT,33.5,33.540000915527344,33.29999923706055,33.349998474121094,3194800
2019-03-04,EWT,33.400001525878906,33.45000076293945,33.060001373291016,33.31999969482422,5137500
2019-03-05,EWT,33.310001373291016,33.529998779296875,33.27000045776367,33.47999954223633,3075100
2019-03-06,EWT,33.599998474121094,33.599998474121094,33.40999984741211,33.40999984741211,3025500
2019-03-07,EWT,33.29999923706055,33.31999969482422,33.0,33.08000183105469,5629000
2019-03-08,EWT,32.79999923706055,32.90999984741211,32.720001220703125,32.90999984741211,4788700
2019-03-11,EWT,32.959999084472656,33.290000915527344,32.959999084472656,33.27000045776367,2297900
2019-03-12,EWT,33.40999984741211,33.5,33.380001068115234,33.400001525878906,2533000
2019-03-13,EWT,33.619998931884766,33.689998626708984,33.54999923706055,33.560001373291016,3331100
2019-03-14,EWT,33.43000030517578,33.470001220703125,33.349998474121094,33.40999984741211,3448200
2019-03-15,EWT,33.7599983215332,33.95000076293945,33.7400016784668,33.91999816894531,3228600
2019-03-18,EWT,34.08000183105469,34.20000076293945,34.060001373291016,34.18000030517578,2939100
2019-03-19,EWT,34.25,34.36000061035156,34.189998626708984,34.25,3622200
2019-03-20,EWT,34.2400016784668,34.54999923706055,34.08000183105469,34.310001373291016,5437900
2019-03-21,EWT,34.4900016784668,34.709999084472656,34.40999984741211,34.66999816894531,7318500
2019-03-22,EWT,34.45000076293945,34.5099983215332,34.060001373291016,34.060001373291016,6569100
2019-03-25,EWT,33.939998626708984,34.09000015258789,33.869998931884766,33.970001220703125,4379900
2019-03-26,EWT,34.2400016784668,34.38999938964844,34.119998931884766,34.2400016784668,2701600
2019-03-27,EWT,34.119998931884766,34.209999084472656,33.90999984741211,34.02000045776367,3550800
2019-03-28,EWT,34.189998626708984,34.22999954223633,34.040000915527344,34.15999984741211,2928300
2019-03-29,EWT,34.59000015258789,34.63999938964844,34.40999984741211,34.58000183105469,3264700
2019-04-01,EWT,34.790000915527344,34.91999816894531,34.709999084472656,34.88999938964844,3277200
2019-04-02,EWT,34.90999984741211,34.91999816894531,34.709999084472656,34.84000015258789,2802600
2019-04-03,EWT,34.90999984741211,35.15999984741211,34.90999984741211,35.060001373291016,3903000
2019-04-04,EWT,35.06999969482422,35.279998779296875,35.040000915527344,35.2599983215332,3128000
2019-04-05,EWT,35.33000183105469,35.43000030517578,35.27000045776367,35.43000030517578,2359300
2019-04-08,EWT,35.20000076293945,35.34000015258789,35.13999938964844,35.29999923706055,2691100
2019-04-09,EWT,35.41999816894531,35.41999816894531,35.279998779296875,35.29999923706055,2488400
2019-04-10,EWT,35.459999084472656,35.529998779296875,35.41999816894531,35.529998779296875,4235300
2019-04-11,EWT,35.310001373291016,35.33000183105469,35.18000030517578,35.22999954223633,4124300
2019-04-12,EWT,35.459999084472656,35.54999923706055,35.439998626708984,35.5099983215332,4209200
2019-04-15,EWT,35.540000915527344,35.56999969482422,35.380001068115234,35.47999954223633,2605700
2019-04-16,EWT,35.779998779296875,35.81999969482422,35.72999954223633,35.790000915527344,3459900
2019-04-17,EWT,36.18000030517578,36.22999954223633,36.060001373291016,36.09000015258789,7218600
2019-04-18,EWT,36.040000915527344,36.220001220703125,35.9900016784668,36.13999938964844,5750200
2019-04-22,EWT,35.81999969482422,35.9900016784668,35.79999923706055,35.93000030517578,4827500
2019-04-23,EWT,36.0099983215332,36.16999816894531,35.970001220703125,36.11000061035156,2990800
2019-04-24,EWT,35.88999938964844,35.91999816894531,35.75,35.900001525878906,5985400
2019-04-25,EWT,35.83000183105469,35.900001525878906,35.689998626708984,35.86000061035156,4148400
2019-04-26,EWT,35.75,35.83000183105469,35.630001068115234,35.779998779296875,3340400
2019-04-29,EWT,35.810001373291016,35.86000061035156,35.7599983215332,35.849998474121094,2836100
2019-04-30,EWT,35.84000015258789,35.90999984741211,35.720001220703125,35.84000015258789,4340900
2019-05-01,EWT,36.02000045776367,36.209999084472656,35.65999984741211,35.720001220703125,6074500
2019-05-02,EWT,35.86000061035156,35.95000076293945,35.709999084472656,35.880001068115234,5053900
2019-05-03,EWT,36.40999984741211,36.5,36.36000061035156,36.43000030517578,5012300
2019-05-06,EWT,35.45000076293945,35.779998779296875,35.400001525878906,35.779998779296875,5459200
2019-05-07,EWT,35.79999923706055,35.79999923706055,35.29999923706055,35.45000076293945,7360100
2019-05-08,EWT,35.58000183105469,35.689998626708984,35.439998626708984,35.47999954223633,5814000
2019-05-09,EWT,34.7599983215332,34.959999084472656,34.439998626708984,34.849998474121094,8486000
2019-05-10,EWT,34.880001068115234,35.18000030517578,34.619998931884766,35.040000915527344,9673200
2019-05-13,EWT,33.77000045776367,33.959999084472656,33.4900016784668,33.68000030517578,10743900
2019-05-14,EWT,33.939998626708984,34.099998474121094,33.880001068115234,33.939998626708984,6187200
2019-05-15,EWT,33.81999969482422,34.220001220703125,33.790000915527344,34.029998779296875,6559800
2019-05-16,EWT,33.849998474121094,34.029998779296875,33.77000045776367,33.790000915527344,3793500
2019-05-17,EWT,33.08000183105469,33.34000015258789,33.04999923706055,33.11000061035156,5211000
2019-05-20,EWT,32.91999816894531,33.02000045776367,32.810001373291016,32.869998931884766,6112200
2019-05-21,EWT,33.2599983215332,33.31999969482422,33.119998931884766,33.290000915527344,4077200
2019-05-22,EWT,33.2400016784668,33.279998779296875,33.11000061035156,33.11000061035156,3557200
2019-05-23,EWT,32.43000030517578,32.59000015258789,32.310001373291016,32.5,5843100
2019-05-24,EWT,32.779998779296875,32.81999969482422,32.58000183105469,32.619998931884766,2978800
2019-05-28,EWT,32.68000030517578,32.75,32.400001525878906,32.439998626708984,3766100
2019-05-29,EWT,32.22999954223633,32.47999954223633,32.16999816894531,32.45000076293945,7513400
2019-05-30,EWT,32.65999984741211,32.849998474121094,32.630001068115234,32.790000915527344,4333300
2019-05-31,EWT,32.900001525878906,33.13999938964844,32.869998931884766,33.08000183105469,5692800
2019-06-03,EWT,33.43000030517578,33.47999954223633,33.150001525878906,33.220001220703125,9321100
2019-06-04,EWT,33.18000030517578,33.40999984741211,33.150001525878906,33.369998931884766,6382800
2019-06-05,EWT,33.45000076293945,33.4900016784668,33.16999816894531,33.310001373291016,7502100
2019-06-06,EWT,33.060001373291016,33.310001373291016,33.04999923706055,33.209999084472656,2960200
2019-06-07,EWT,33.34000015258789,33.65999984741211,33.29999923706055,33.45000076293945,3672300
2019-06-10,EWT,33.630001068115234,33.84000015258789,33.61000061035156,33.650001525878906,2911900
2019-06-11,EWT,33.88999938964844,33.939998626708984,33.689998626708984,33.790000915527344,2577300
2019-06-12,EWT,33.779998779296875,33.810001373291016,33.59000015258789,33.619998931884766,3464900
2019-06-13,EWT,33.58000183105469,33.61000061035156,33.400001525878906,33.5099983215332,3243300
2019-06-14,EWT,33.349998474121094,33.349998474121094,33.22999954223633,33.290000915527344,2546200
2019-06-17,EWT,33.439998626708984,33.529998779296875,33.41999816894531,33.43000030517578,1781800
2019-06-18,EWT,33.72999954223633,34.20000076293945,33.72999954223633,34.13999938964844,5210400
2019-06-19,EWT,34.54999923706055,34.900001525878906,34.45000076293945,34.709999084472656,6126900
2019-06-20,EWT,35.38999938964844,35.43000030517578,35.08000183105469,35.25,3220900
2019-06-21,EWT,35.06999969482422,35.150001525878906,35.029998779296875,35.06999969482422,3558900
2019-06-24,EWT,35.0,35.06999969482422,34.959999084472656,35.02000045776367,2741500
2019-06-25,EWT,34.849998474121094,34.849998474121094,34.540000915527344,34.56999969482422,4525700
2019-06-26,EWT,34.70000076293945,34.81999969482422,34.65999984741211,34.66999816894531,3432200
2019-06-27,EWT,35.04999923706055,35.130001068115234,34.97999954223633,35.04999923706055,3236700
2019-06-28,EWT,35.029998779296875,35.060001373291016,34.869998931884766,34.959999084472656,3734500
2019-07-01,EWT,35.68000030517578,35.75,35.439998626708984,35.560001373291016,4846700
2019-07-02,EWT,35.47999954223633,35.54999923706055,35.369998931884766,35.54999923706055,2764300
2019-07-03,EWT,35.130001068115234,35.25,35.130001068115234,35.25,2013400
2019-07-05,EWT,34.959999084472656,35.060001373291016,34.849998474121094,34.9900016784668,3583100
2019-07-08,EWT,35.0,35.04999923706055,34.93000030517578,35.02000045776367,4425000
2019-07-09,EWT,34.900001525878906,35.08000183105469,34.88999938964844,35.0099983215332,3812400
2019-07-10,EWT,35.59000015258789,35.650001525878906,35.47999954223633,35.54999923706055,2778700
2019-07-11,EWT,35.650001525878906,35.68000030517578,35.4900016784668,35.54999923706055,3398000
2019-07-12,EWT,35.470001220703125,35.56999969482422,35.369998931884766,35.56999969482422,1661300
2019-07-15,EWT,35.63999938964844,35.75,35.619998931884766,35.65999984741211,1820000
2019-07-16,EWT,35.7400016784668,35.75,35.599998474121094,35.65999984741211,1889100
2019-07-17,EWT,35.5,35.58000183105469,35.439998626708984,35.45000076293945,2398700
2019-07-18,EWT,35.56999969482422,35.900001525878906,35.56999969482422,35.900001525878906,4534400
2019-07-19,EWT,35.83000183105469,35.88999938964844,35.709999084472656,35.7400016784668,3925300
2019-07-22,EWT,35.959999084472656,36.119998931884766,35.959999084472656,35.97999954223633,2834700
2019-07-23,EWT,36.02000045776367,36.06999969482422,35.91999816894531,35.970001220703125,4006500
2019-07-24,EWT,35.90999984741211,36.06999969482422,35.90999984741211,35.970001220703125,2817500
2019-07-25,EWT,35.970001220703125,35.97999954223633,35.7400016784668,35.790000915527344,3105700
2019-07-26,EWT,35.880001068115234,35.880001068115234,35.77000045776367,35.79999923706055,1576000
2019-07-29,EWT,35.93000030517578,35.93000030517578,35.77000045776367,35.93000030517578,2945900
2019-07-30,EWT,35.630001068115234,35.630001068115234,35.459999084472656,35.540000915527344,2906500
2019-07-31,EWT,35.560001373291016,35.619998931884766,34.93000030517578,35.27000045776367,6647600
2019-08-01,EWT,35.25,35.47999954223633,34.52000045776367,34.619998931884766,9441900
2019-08-02,EWT,34.209999084472656,34.209999084472656,33.959999084472656,34.11000061035156,5427000
2019-08-05,EWT,33.5099983215332,33.56999969482422,32.93000030517578,33.08000183105469,6064400
2019-08-06,EWT,33.9900016784668,34.060001373291016,33.63999938964844,33.86000061035156,6962800
2019-08-07,EWT,33.630001068115234,34.02000045776367,33.470001220703125,33.9900016784668,5760400
2019-08-08,EWT,34.33000183105469,34.4900016784668,34.220001220703125,34.40999984741211,6243000
2019-08-09,EWT,34.209999084472656,34.2400016784668,33.849998474121094,34.099998474121094,3407000
2019-08-12,EWT,33.93000030517578,34.060001373291016,33.810001373291016,33.880001068115234,4702800
2019-08-13,EWT,33.61000061035156,34.63999938964844,33.56999969482422,34.43000030517578,8691000
2019-08-14,EWT,33.810001373291016,33.880001068115234,33.470001220703125,33.47999954223633,7308200
2019-08-15,EWT,33.720001220703125,33.79999923706055,33.560001373291016,33.709999084472656,4595900
2019-08-16,EWT,34.08000183105469,34.29999923706055,34.08000183105469,34.22999954223633,2914600
2019-08-19,EWT,34.52000045776367,34.56999969482422,34.34000015258789,34.369998931884766,2792600
2019-08-20,EWT,34.5,34.5,34.38999938964844,34.45000076293945,2651700
2019-08-21,EWT,34.65999984741211,34.720001220703125,34.560001373291016,34.65999984741211,4074800
2019-08-22,EWT,34.41999816894531,34.459999084472656,34.20000076293945,34.310001373291016,3093400
2019-08-23,EWT,34.22999954223633,34.5099983215332,33.83000183105469,33.869998931884766,6551800
2019-08-26,EWT,34.09000015258789,34.11000061035156,33.959999084472656,34.09000015258789,3916900
2019-08-27,EWT,34.220001220703125,34.2599983215332,34.029998779296875,34.04999923706055,3731300
2019-08-28,EWT,34.0,34.22999954223633,33.93000030517578,34.22999954223633,3029200
2019-08-29,EWT,34.5,34.709999084472656,34.45000076293945,34.63999938964844,2978000
2019-08-30,EWT,34.97999954223633,35.040000915527344,34.790000915527344,34.900001525878906,2555900
2019-09-03,EWT,34.599998474121094,34.790000915527344,34.599998474121094,34.790000915527344,3718600
2019-09-04,EWT,35.2400016784668,35.369998931884766,35.15999984741211,35.34000015258789,2757200
2019-09-05,EWT,35.529998779296875,35.70000076293945,35.5099983215332,35.619998931884766,5859500
2019-09-06,EWT,35.7599983215332,35.83000183105469,35.66999816894531,35.77000045776367,2688800
2019-09-09,EWT,35.84000015258789,35.900001525878906,35.720001220703125,35.849998474121094,3465800
2019-09-10,EWT,35.7400016784668,35.88999938964844,35.63999938964844,35.86000061035156,5534100
2019-09-11,EWT,35.970001220703125,36.060001373291016,35.88999938964844,36.029998779296875,4811400
2019-09-12,EWT,36.310001373291016,36.52000045776367,36.220001220703125,36.34000015258789,4767400
2019-09-13,EWT,36.59000015258789,36.720001220703125,36.4900016784668,36.619998931884766,4435500
2019-09-16,EWT,36.52000045776367,36.599998474121094,36.43000030517578,36.5099983215332,2151800
2019-09-17,EWT,36.349998474121094,36.59000015258789,36.279998779296875,36.58000183105469,1652600
2019-09-18,EWT,36.630001068115234,36.630001068115234,36.310001373291016,36.58000183105469,3256200
2019-09-19,EWT,36.540000915527344,36.65999984741211,36.47999954223633,36.5,4150800
2019-09-20,EWT,36.619998931884766,36.66999816894531,36.36000061035156,36.36000061035156,5028700
2019-09-23,EWT,36.34000015258789,36.5099983215332,36.31999969482422,36.459999084472656,2740400
2019-09-24,EWT,36.470001220703125,36.470001220703125,36.209999084472656,36.27000045776367,4372700
2019-09-25,EWT,36.09000015258789,36.400001525878906,35.9900016784668,36.310001373291016,3022800
2019-09-26,EWT,36.29999923706055,36.4900016784668,36.2599983215332,36.43000030517578,8095700
2019-09-27,EWT,36.38999938964844,36.400001525878906,35.939998626708984,36.08000183105469,6045500
2019-09-30,EWT,36.40999984741211,36.560001373291016,36.310001373291016,36.36000061035156,2635200
2019-10-01,EWT,36.4900016784668,36.599998474121094,36.400001525878906,36.43000030517578,4740400
2019-10-02,EWT,36.279998779296875,36.310001373291016,36.06999969482422,36.189998626708984,4955700
2019-10-03,EWT,36.290000915527344,36.5,36.15999984741211,36.470001220703125,6544000
2019-10-04,EWT,36.560001373291016,36.75,36.5,36.709999084472656,3490200
2019-10-07,EWT,36.66999816894531,36.869998931884766,36.65999984741211,36.75,3795500
2019-10-08,EWT,36.88999938964844,36.959999084472656,36.75,36.779998779296875,5596500
2019-10-09,EWT,36.709999084472656,36.93000030517578,36.709999084472656,36.84000015258789,4450300
2019-10-10,EWT,37.0,37.33000183105469,36.97999954223633,37.22999954223633,4215900
2019-10-11,EWT,37.560001373291016,37.88999938964844,37.560001373291016,37.59000015258789,6423900
2019-10-14,EWT,37.56999969482422,37.619998931884766,37.5099983215332,37.54999923706055,2034200
2019-10-15,EWT,37.709999084472656,37.91999816894531,37.68000030517578,37.88999938964844,3108500
2019-10-16,EWT,37.86000061035156,37.9900016784668,37.79999923706055,37.869998931884766,4422700
2019-10-17,EWT,38.36000061035156,38.36000061035156,38.02000045776367,38.119998931884766,3088100
2019-10-18,EWT,38.06999969482422,38.150001525878906,37.90999984741211,37.959999084472656,3699900
2019-10-21,EWT,38.11000061035156,38.310001373291016,38.099998474121094,38.290000915527344,3672300
2019-10-22,EWT,38.29999923706055,38.47999954223633,38.279998779296875,38.41999816894531,5200300
2019-10-23,EWT,38.2599983215332,38.38999938964844,38.20000076293945,38.38999938964844,3091900
2019-10-24,EWT,38.560001373291016,38.70000076293945,38.529998779296875,38.63999938964844,3474200
2019-10-25,EWT,38.470001220703125,38.720001220703125,38.470001220703125,38.720001220703125,2788800
2019-10-28,EWT,38.709999084472656,38.869998931884766,38.709999084472656,38.79999923706055,2535800
2019-10-29,EWT,38.77000045776367,38.84000015258789,38.709999084472656,38.720001220703125,2078300
2019-10-30,EWT,38.970001220703125,39.16999816894531,38.83000183105469,39.099998474121094,4192100
2019-10-31,EWT,38.849998474121094,38.90999984741211,38.66999816894531,38.81999969482422,3928900
2019-11-01,EWT,39.13999938964844,39.290000915527344,39.09000015258789,39.279998779296875,2717000
2019-11-04,EWT,39.97999954223633,40.06999969482422,39.90999984741211,39.97999954223633,4210700
2019-11-05,EWT,40.27000045776367,40.279998779296875,40.119998931884766,40.22999954223633,3343300
2019-11-06,EWT,40.290000915527344,40.310001373291016,40.150001525878906,40.279998779296875,4683800
2019-11-07,EWT,40.40999984741211,40.529998779296875,40.349998474121094,40.400001525878906,4344300
2019-11-08,EWT,40.06999969482422,40.15999984741211,39.959999084472656,40.15999984741211,3233400
2019-11-11,EWT,39.540000915527344,39.66999816894531,39.459999084472656,39.65999984741211,3035500
2019-11-12,EWT,39.68000030517578,39.720001220703125,39.52000045776367,39.56999969482422,3406700
2019-11-13,EWT,39.33000183105469,39.560001373291016,39.290000915527344,39.529998779296875,4067500
2019-11-14,EWT,39.349998474121094,39.4900016784668,39.31999969482422,39.47999954223633,2284500
2019-11-15,EWT,39.70000076293945,39.81999969482422,39.689998626708984,39.7599983215332,2466600
2019-11-18,EWT,39.9900016784668,40.09000015258789,39.90999984741211,39.9900016784668,3753400
2019-11-19,EWT,40.220001220703125,40.2400016784668,40.060001373291016,40.099998474121094,5313300
2019-11-20,EWT,39.9900016784668,40.08000183105469,39.79999923706055,39.93000030517578,4754500
2019-11-21,EWT,39.81999969482422,39.84000015258789,39.709999084472656,39.779998779296875,3576800
2019-11-22,EWT,39.810001373291016,39.849998474121094,39.709999084472656,39.7599983215332,3677500
2019-11-25,EWT,39.779998779296875,40.04999923706055,39.779998779296875,40.0,4236200
2019-11-26,EWT,39.9900016784668,40.08000183105469,39.900001525878906,40.08000183105469,2601100
2019-11-27,EWT,40.099998474121094,40.209999084472656,40.06999969482422,40.189998626708984,2541900
2019-11-29,EWT,39.5,39.529998779296875,39.43000030517578,39.45000076293945,1923600
2019-12-02,EWT,39.540000915527344,39.599998474121094,39.33000183105469,39.38999938964844,3847100
2019-12-03,EWT,39.40999984741211,39.470001220703125,39.209999084472656,39.45000076293945,5201900
2019-12-04,EWT,39.72999954223633,39.84000015258789,39.72999954223633,39.779998779296875,2615600
2019-12-05,EWT,40.0,40.099998474121094,39.90999984741211,40.08000183105469,3060300
2019-12-06,EWT,40.119998931884766,40.22999954223633,40.040000915527344,40.189998626708984,3607200
2019-12-09,EWT,40.15999984741211,40.290000915527344,40.029998779296875,40.08000183105469,2453000
2019-12-10,EWT,40.040000915527344,40.150001525878906,40.0,40.09000015258789,2255300
2019-12-11,EWT,40.36000061035156,40.75,40.36000061035156,40.709999084472656,4017400
2019-12-12,EWT,41.16999816894531,41.720001220703125,41.06999969482422,41.689998626708984,8161600
2019-12-13,EWT,41.59000015258789,41.83000183105469,41.40999984741211,41.560001373291016,6472400
2019-12-16,EWT,40.88999938964844,40.939998626708984,40.79999923706055,40.880001068115234,3463200
2019-12-17,EWT,41.150001525878906,41.20000076293945,41.11000061035156,41.15999984741211,3696500
2019-12-18,EWT,41.310001373291016,41.36000061035156,41.20000076293945,41.310001373291016,2895400
2019-12-19,EWT,41.02000045776367,41.18000030517578,41.0099983215332,41.130001068115234,3172200
2019-12-20,EWT,40.849998474121094,41.060001373291016,40.849998474121094,41.02000045776367,4819900
2019-12-23,EWT,41.02000045776367,41.08000183105469,40.9900016784668,41.04999923706055,2080800
2019-12-24,EWT,40.79999923706055,40.93000030517578,40.79999923706055,40.86000061035156,907300
2019-12-26,EWT,41.04999923706055,41.15999984741211,41.02000045776367,41.099998474121094,1325700
2019-12-27,EWT,41.31999969482422,41.34000015258789,41.2400016784668,41.310001373291016,1982800
2019-12-30,EWT,41.310001373291016,41.33000183105469,40.970001220703125,41.02000045776367,3447800
2019-12-31,EWT,41.06999969482422,41.150001525878906,40.970001220703125,41.130001068115234,2073400
2020-01-02,EWT,41.41999816894531,41.689998626708984,41.380001068115234,41.65999984741211,3455700
2020-01-03,EWT,41.130001068115234,41.279998779296875,40.970001220703125,41.060001373291016,3574200
2020-01-06,EWT,40.54999923706055,40.790000915527344,40.5,40.790000915527344,3024000
2020-01-07,EWT,40.459999084472656,40.599998474121094,40.349998474121094,40.599998474121094,5352400
2020-01-08,EWT,40.400001525878906,40.779998779296875,40.33000183105469,40.61000061035156,4292300
2020-01-09,EWT,41.08000183105469,41.119998931884766,40.880001068115234,40.939998626708984,6343900
2020-01-10,EWT,41.099998474121094,41.13999938964844,40.9900016784668,41.099998474121094,3782200
2020-01-13,EWT,41.4900016784668,41.81999969482422,41.439998626708984,41.810001373291016,2870000
2020-01-14,EWT,41.68000030517578,41.77000045776367,41.61000061035156,41.7599983215332,3575600
2020-01-15,EWT,41.47999954223633,41.47999954223633,41.18000030517578,41.2599983215332,4114800
2020-01-16,EWT,41.47999954223633,41.56999969482422,41.380001068115234,41.5,5979200
2020-01-17,EWT,41.529998779296875,41.56999969482422,41.400001525878906,41.540000915527344,2925200
2020-01-21,EWT,40.86000061035156,41.130001068115234,40.779998779296875,40.84000015258789,4981800
2020-01-22,EWT,41.20000076293945,41.27000045776367,41.099998474121094,41.220001220703125,3224600
2020-01-23,EWT,40.65999984741211,40.84000015258789,40.31999969482422,40.75,3797500
2020-01-24,EWT,40.849998474121094,40.869998931884766,40.459999084472656,40.58000183105469,4289500
2020-01-27,EWT,39.16999816894531,39.5099983215332,38.95000076293945,39.2400016784668,7478200
2020-01-28,EWT,39.27000045776367,39.56999969482422,39.15999984741211,39.540000915527344,6333100
2020-01-29,EWT,39.720001220703125,39.869998931884766,39.56999969482422,39.77000045776367,4642600
2020-01-30,EWT,38.40999984741211,38.7400016784668,38.2400016784668,38.689998626708984,7644500
2020-01-31,EWT,38.38999938964844,38.400001525878906,37.779998779296875,37.959999084472656,8582700
2020-02-03,EWT,38.400001525878906,38.619998931884766,38.400001525878906,38.5,4589000
2020-02-04,EWT,39.58000183105469,39.849998474121094,39.56999969482422,39.72999954223633,6034400
2020-02-05,EWT,40.20000076293945,40.20000076293945,39.84000015258789,39.95000076293945,5169200
2020-02-06,EWT,40.150001525878906,40.16999816894531,39.95000076293945,40.060001373291016,4265000
2020-02-07,EWT,39.400001525878906,39.45000076293945,39.220001220703125,39.310001373291016,4539900
2020-02-10,EWT,39.45000076293945,39.77000045776367,39.40999984741211,39.77000045776367,3679700
2020-02-11,EWT,40.11000061035156,40.29999923706055,40.060001373291016,40.09000015258789,4704200
2020-02-12,EWT,40.599998474121094,40.7599983215332,40.5099983215332,40.66999816894531,4251300
2020-02-13,EWT,40.38999938964844,40.54999923706055,40.279998779296875,40.43000030517578,4453000
2020-02-14,EWT,40.47999954223633,40.47999954223633,40.189998626708984,40.31999969482422,3340300
2020-02-18,EWT,39.75,39.84000015258789,39.66999816894531,39.720001220703125,3643100
2020-02-19,EWT,40.18000030517578,40.29999923706055,40.13999938964844,40.25,4113400
2020-02-20,EWT,39.58000183105469,39.66999816894531,39.189998626708984,39.38999938964844,7383800
2020-02-21,EWT,39.31999969482422,39.400001525878906,39.18000030517578,39.20000076293945,5953000
2020-02-24,EWT,38.02000045776367,38.34000015258789,37.900001525878906,38.119998931884766,6699200
2020-02-25,EWT,38.900001525878906,38.970001220703125,38.06999969482422,38.06999969482422,10253900
2020-02-26,EWT,38.59000015258789,38.81999969482422,38.38999938964844,38.459999084472656,9170600
2020-02-27,EWT,38.15999984741211,38.2599983215332,37.61000061035156,37.630001068115234,13210900
2020-02-28,EWT,36.599998474121094,37.540000915527344,36.310001373291016,37.41999816894531,19846600
2020-03-02,EWT,37.95000076293945,38.75,37.86000061035156,38.72999954223633,13735700
2020-03-03,EWT,38.86000061035156,39.209999084472656,38.41999816894531,38.58000183105469,17140900
2020-03-04,EWT,39.15999984741211,39.27000045776367,39.0,39.25,8536400
2020-03-05,EWT,39.029998779296875,39.2599983215332,38.88999938964844,39.0099983215332,13787400
2020-03-06,EWT,38.18000030517578,38.43000030517578,38.029998779296875,38.38999938964844,9776600
2020-03-09,EWT,36.68000030517578,37.36000061035156,36.439998626708984,36.779998779296875,11387900
2020-03-10,EWT,37.45000076293945,37.869998931884766,37.130001068115234,37.790000915527344,14551300
2020-03-11,EWT,37.18000030517578,37.18000030517578,36.66999816894531,36.70000076293945,11386800
2020-03-12,EWT,34.43000030517578,34.43000030517578,33.09000015258789,33.189998626708984,21055600
2020-03-13,EWT,35.380001068115234,35.65999984741211,33.540000915527344,34.939998626708984,14195900
2020-03-16,EWT,31.5,32.5,31.0,31.139999389648438,6679600
2020-03-17,EWT,31.329999923706055,32.470001220703125,31.040000915527344,32.400001525878906,5940900
2020-03-18,EWT,29.700000762939453,30.530000686645508,29.3700008392334,29.860000610351562,7720100
2020-03-19,EWT,29.6299991607666,29.81999969482422,29.149999618530273,29.479999542236328,9976600
2020-03-20,EWT,31.739999771118164,31.950000762939453,30.690000534057617,30.799999237060547,10861100
2020-03-23,EWT,31.09000015258789,31.110000610351562,30.229999542236328,30.549999237060547,7966700
2020-03-24,EWT,32.400001525878906,32.63999938964844,32.189998626708984,32.61000061035156,6801800
2020-03-25,EWT,33.310001373291016,33.900001525878906,32.959999084472656,33.529998779296875,7443600
2020-03-26,EWT,33.13999938964844,34.130001068115234,33.13999938964844,34.09000015258789,9337800
2020-03-27,EWT,32.560001373291016,32.869998931884766,32.2400016784668,32.45000076293945,4800000
2020-03-30,EWT,32.72999954223633,33.20000076293945,32.56999969482422,33.20000076293945,4680600
2020-03-31,EWT,33.0,33.220001220703125,32.77000045776367,32.970001220703125,3762100
2020-04-01,EWT,32.349998474121094,32.54999923706055,32.119998931884766,32.189998626708984,3638600
2020-04-02,EWT,32.540000915527344,33.119998931884766,32.47999954223633,33.08000183105469,5889200
2020-04-03,EWT,33.08000183105469,33.15999984741211,32.41999816894531,32.540000915527344,3625100
2020-04-06,EWT,33.560001373291016,34.13999938964844,33.52000045776367,34.08000183105469,4202400
2020-04-07,EWT,34.93000030517578,34.959999084472656,34.27000045776367,34.279998779296875,7186300
2020-04-08,EWT,34.459999084472656,34.65999984741211,34.25,34.58000183105469,4726800
2020-04-09,EWT,34.65999984741211,34.77000045776367,34.16999816894531,34.2599983215332,5963800
2020-04-13,EWT,34.38999938964844,34.4900016784668,34.29999923706055,34.43000030517578,3753300
2020-04-14,EWT,35.349998474121094,35.599998474121094,35.31999969482422,35.470001220703125,6003200
2020-04-15,EWT,35.06999969482422,35.18000030517578,34.90999984741211,35.0099983215332,3917600
2020-04-16,EWT,35.540000915527344,35.7400016784668,35.45000076293945,35.529998779296875,5643900
2020-04-17,EWT,36.209999084472656,36.209999084472656,35.939998626708984,36.09000015258789,3767700
2020-04-20,EWT,35.77000045776367,35.88999938964844,35.54999923706055,35.61000061035156,3338100
2020-04-21,EWT,34.779998779296875,34.81999969482422,34.5099983215332,34.56999969482422,4480500
2020-04-22,EWT,35.189998626708984,35.279998779296875,35.11000061035156,35.13999938964844,3653400
2020-04-23,EWT,35.29999923706055,35.47999954223633,35.06999969482422,35.13999938964844,2664600
2020-04-24,EWT,35.29999923706055,35.380001068115234,35.099998474121094,35.36000061035156,2593200
2020-04-27,EWT,36.040000915527344,36.220001220703125,35.93000030517578,36.20000076293945,2398500
2020-04-28,EWT,36.45000076293945,36.5099983215332,36.2400016784668,36.25,3786600
2020-04-29,EWT,36.869998931884766,37.2400016784668,36.849998474121094,37.18000030517578,3595600
2020-04-30,EWT,37.290000915527344,37.400001525878906,36.849998474121094,37.029998779296875,3997700
2020-05-01,EWT,36.369998931884766,36.529998779296875,35.959999084472656,36.0099983215332,4334700
2020-05-04,EWT,36.369998931884766,36.689998626708984,36.349998474121094,36.689998626708984,3098900
2020-05-05,EWT,36.81999969482422,36.93000030517578,36.650001525878906,36.689998626708984,3680700
2020-05-06,EWT,36.7599983215332,36.790000915527344,36.45000076293945,36.5099983215332,3069300
2020-05-07,EWT,36.88999938964844,36.9900016784668,36.72999954223633,36.93000030517578,3485600
2020-05-08,EWT,37.119998931884766,37.380001068115234,37.09000015258789,37.290000915527344,4276000
2020-05-11,EWT,37.209999084472656,37.400001525878906,37.119998931884766,37.27000045776367,3434500
2020-05-12,EWT,37.2400016784668,37.349998474121094,36.95000076293945,36.970001220703125,4659700
2020-05-13,EWT,37.310001373291016,37.380001068115234,36.779998779296875,36.93000030517578,6086300
2020-05-14,EWT,36.34000015258789,37.15999984741211,36.279998779296875,37.13999938964844,7183400
2020-05-15,EWT,36.52000045776367,36.63999938964844,36.36000061035156,36.45000076293945,5391700
2020-05-18,EWT,36.86000061035156,37.43000030517578,36.86000061035156,37.33000183105469,5078800
2020-05-19,EWT,37.04999923706055,37.16999816894531,36.939998626708984,36.939998626708984,3055400
2020-05-20,EWT,37.150001525878906,37.279998779296875,37.060001373291016,37.15999984741211,3950400
2020-05-21,EWT,37.40999984741211,37.439998626708984,37.029998779296875,37.09000015258789,4516100
2020-05-22,EWT,36.72999954223633,36.72999954223633,36.45000076293945,36.459999084472656,4458900
2020-05-26,EWT,37.400001525878906,37.5,37.220001220703125,37.25,6447000
2020-05-27,EWT,37.369998931884766,37.5,37.06999969482422,37.290000915527344,5211100
2020-05-28,EWT,37.209999084472656,37.38999938964844,36.939998626708984,36.9900016784668,4187400
2020-05-29,EWT,37.0,37.33000183105469,36.86000061035156,37.18000030517578,9048600
2020-06-01,EWT,37.38999938964844,37.84000015258789,37.38999938964844,37.81999969482422,4024000
2020-06-02,EWT,38.09000015258789,38.40999984741211,38.08000183105469,38.290000915527344,6133600
2020-06-03,EWT,38.83000183105469,39.189998626708984,38.790000915527344,39.13999938964844,5959300
2020-06-04,EWT,38.9900016784668,38.9900016784668,38.61000061035156,38.7400016784668,7621300
2020-06-05,EWT,39.83000183105469,39.95000076293945,39.68000030517578,39.779998779296875,5110600
2020-06-08,EWT,39.810001373291016,40.040000915527344,39.599998474121094,40.040000915527344,3550300
2020-06-09,EWT,39.650001525878906,40.029998779296875,39.59000015258789,39.9900016784668,4054400
2020-06-10,EWT,40.31999969482422,40.619998931884766,40.2400016784668,40.5,6691700
2020-06-11,EWT,39.400001525878906,39.59000015258789,38.75,38.77000045776367,7448600
2020-06-12,EWT,39.470001220703125,39.560001373291016,39.0099983215332,39.36000061035156,7753200
2020-06-15,EWT,38.68000030517578,39.279998779296875,38.56999969482422,39.150001525878906,5208200
2020-06-16,EWT,39.70000076293945,39.70000076293945,39.06999969482422,39.36000061035156,6728500
2020-06-17,EWT,39.720001220703125,39.869998931884766,39.650001525878906,39.810001373291016,5306500
2020-06-18,EWT,39.7599983215332,39.849998474121094,39.61000061035156,39.81999969482422,5249900
2020-06-19,EWT,40.0099983215332,40.0099983215332,39.52000045776367,39.599998474121094,6812100
2020-06-22,EWT,39.72999954223633,40.119998931884766,39.72999954223633,40.09000015258789,4492000
2020-06-23,EWT,40.2400016784668,40.439998626708984,40.220001220703125,40.279998779296875,3575800
2020-06-24,EWT,40.15999984741211,40.310001373291016,39.900001525878906,40.08000183105469,6246400
2020-06-25,EWT,39.84000015258789,40.22999954223633,39.790000915527344,40.209999084472656,3701200
2020-06-26,EWT,40.220001220703125,40.279998779296875,39.84000015258789,39.91999816894531,3977800
2020-06-29,EWT,40.060001373291016,40.27000045776367,39.95000076293945,40.22999954223633,3545800
2020-06-30,EWT,40.189998626708984,40.29999923706055,40.040000915527344,40.220001220703125,5493600
2020-07-01,EWT,40.52000045776367,40.790000915527344,40.5099983215332,40.689998626708984,5510200
2020-07-02,EWT,41.29999923706055,41.54999923706055,41.119998931884766,41.36000061035156,3990800
2020-07-06,EWT,42.27000045776367,42.529998779296875,42.189998626708984,42.529998779296875,3812000
2020-07-07,EWT,42.099998474121094,42.36000061035156,42.029998779296875,42.06999969482422,3891700
2020-07-08,EWT,42.560001373291016,42.79999923706055,42.470001220703125,42.779998779296875,2756900
2020-07-09,EWT,42.810001373291016,42.84000015258789,42.47999954223633,42.77000045776367,6005000
2020-07-10,EWT,42.33000183105469,42.349998474121094,42.08000183105469,42.209999084472656,6025100
2020-07-13,EWT,42.689998626708984,43.08000183105469,42.5,42.61000061035156,8297200
2020-07-14,EWT,42.599998474121094,42.9900016784668,42.56999969482422,42.95000076293945,5386000
2020-07-15,EWT,43.06999969482422,43.130001068115234,42.779998779296875,42.88999938964844,5799400
2020-07-16,EWT,42.560001373291016,42.790000915527344,42.5099983215332,42.779998779296875,5076800
2020-07-17,EWT,42.91999816894531,42.959999084472656,42.720001220703125,42.880001068115234,2936100
2020-07-20,EWT,42.869998931884766,43.04999923706055,42.72999954223633,43.02000045776367,2363300
2020-07-21,EWT,43.81999969482422,43.81999969482422,43.4900016784668,43.5099983215332,5420100
2020-07-22,EWT,43.709999084472656,43.7599983215332,43.529998779296875,43.720001220703125,4369400
2020-07-23,EWT,43.5099983215332,43.70000076293945,43.220001220703125,43.349998474121094,4251200
2020-07-24,EWT,43.369998931884766,44.150001525878906,43.29999923706055,43.900001525878906,11084800
2020-07-27,EWT,45.220001220703125,45.779998779296875,45.0099983215332,45.75,8283100
2020-07-28,EWT,44.790000915527344,44.790000915527344,44.150001525878906,44.15999984741211,7023800
2020-07-29,EWT,44.650001525878906,45.34000015258789,44.560001373291016,45.279998779296875,7950700
2020-07-30,EWT,44.720001220703125,44.880001068115234,44.34000015258789,44.79999923706055,4948700
2020-07-31,EWT,44.84000015258789,44.86000061035156,44.22999954223633,44.599998474121094,6296600
2020-08-03,EWT,44.25,44.459999084472656,44.16999816894531,44.41999816894531,3556100
2020-08-04,EWT,44.880001068115234,45.150001525878906,44.869998931884766,45.150001525878906,3322600
2020-08-05,EWT,45.56999969482422,45.84000015258789,45.459999084472656,45.63999938964844,6306900
2020-08-06,EWT,45.560001373291016,45.79999923706055,45.45000076293945,45.7599983215332,3831300
2020-08-07,EWT,45.31999969482422,45.380001068115234,45.060001373291016,45.22999954223633,4069900
2020-08-10,EWT,45.400001525878906,45.5099983215332,45.189998626708984,45.4900016784668,2788800
2020-08-11,EWT,45.18000030517578,45.34000015258789,44.880001068115234,44.959999084472656,4569300
2020-08-12,EWT,45.189998626708984,45.5099983215332,45.150001525878906,45.40999984741211,4243800
2020-08-13,EWT,45.02000045776367,45.08000183105469,44.81999969482422,45.0,3931800
2020-08-14,EWT,45.119998931884766,45.279998779296875,45.060001373291016,45.150001525878906,4077000
2020-08-17,EWT,45.7599983215332,46.040000915527344,45.75,45.93000030517578,2947500
2020-08-18,EWT,45.47999954223633,45.529998779296875,45.189998626708984,45.5,3707900
2020-08-19,EWT,45.119998931884766,45.20000076293945,44.81999969482422,44.86000061035156,4442700
2020-08-20,EWT,43.38999938964844,43.970001220703125,43.220001220703125,43.95000076293945,6922400
2020-08-21,EWT,44.189998626708984,44.349998474121094,44.099998474121094,44.349998474121094,2982000
2020-08-24,EWT,44.709999084472656,44.77000045776367,44.43000030517578,44.599998474121094,2452800
2020-08-25,EWT,44.790000915527344,45.040000915527344,44.779998779296875,45.0099983215332,2967800
2020-08-26,EWT,45.130001068115234,45.349998474121094,45.099998474121094,45.279998779296875,2332800
2020-08-27,EWT,45.06999969482422,45.08000183105469,44.54999923706055,44.70000076293945,3673000
2020-08-28,EWT,44.61000061035156,44.880001068115234,44.52000045776367,44.880001068115234,3821100
2020-08-31,EWT,43.88999938964844,44.060001373291016,43.650001525878906,43.95000076293945,5285900
2020-09-01,EWT,44.41999816894531,44.619998931884766,44.349998474121094,44.599998474121094,4488600
2020-09-02,EWT,44.66999816894531,44.91999816894531,44.31999969482422,44.83000183105469,10488900
2020-09-03,EWT,44.720001220703125,44.720001220703125,43.900001525878906,44.15999984741211,7846700
2020-09-04,EWT,44.29999923706055,44.4900016784668,43.84000015258789,44.22999954223633,6363900
2020-09-08,EWT,44.209999084472656,44.4900016784668,44.13999938964844,44.16999816894531,5033800
2020-09-09,EWT,44.36000061035156,44.61000061035156,44.349998474121094,44.5,6157600
2020-09-10,EWT,44.709999084472656,44.790000915527344,44.2599983215332,44.27000045776367,7610800
2020-09-11,EWT,44.47999954223633,44.58000183105469,44.220001220703125,44.349998474121094,7721800
2020-09-14,EWT,44.959999084472656,45.130001068115234,44.959999084472656,45.04999923706055,5049700
2020-09-15,EWT,45.5,45.77000045776367,45.40999984741211,45.619998931884766,6064700
2020-09-16,EWT,45.79999923706055,45.900001525878906,45.59000015258789,45.619998931884766,7194100
2020-09-17,EWT,45.22999954223633,45.470001220703125,45.150001525878906,45.43000030517578,5205200
2020-09-18,EWT,45.61000061035156,45.689998626708984,45.31999969482422,45.34000015258789,3479900
2020-09-21,EWT,44.77000045776367,45.15999984741211,44.650001525878906,45.13999938964844,3475300
2020-09-22,EWT,44.72999954223633,44.790000915527344,44.36000061035156,44.72999954223633,5385100
2020-09-23,EWT,44.5099983215332,44.56999969482422,43.84000015258789,43.88999938964844,9231500
2020-09-24,EWT,42.63999938964844,43.45000076293945,42.54999923706055,43.20000076293945,8698200
2020-09-25,EWT,43.130001068115234,43.349998474121094,42.849998474121094,43.31999969482422,4881800
2020-09-28,EWT,44.33000183105469,44.369998931884766,44.11000061035156,44.310001373291016,2947200
2020-09-29,EWT,44.33000183105469,44.59000015258789,44.22999954223633,44.41999816894531,4408600
2020-09-30,EWT,44.75,45.04999923706055,44.66999816894531,44.900001525878906,6138900
2020-10-01,EWT,45.310001373291016,45.61000061035156,45.279998779296875,45.56999969482422,3494600
2020-10-02,EWT,44.810001373291016,45.2400016784668,44.79999923706055,44.970001220703125,3101900
2020-10-05,EWT,45.09000015258789,45.439998626708984,45.04999923706055,45.439998626708984,4723300
2020-10-06,EWT,45.650001525878906,45.70000076293945,45.279998779296875,45.439998626708984,4257200
2020-10-07,EWT,45.97999954223633,46.27000045776367,45.97999954223633,46.15999984741211,4865600
2020-10-08,EWT,46.5,46.52000045776367,46.29999923706055,46.38999938964844,3027300
2020-10-09,EWT,46.4900016784668,46.81999969482422,46.380001068115234,46.77000045776367,3623000
2020-10-12,EWT,46.630001068115234,46.689998626708984,46.43000030517578,46.650001525878906,7388600
2020-10-13,EWT,46.41999816894531,46.45000076293945,46.189998626708984,46.380001068115234,4389200
2020-10-14,EWT,46.25,46.25,45.97999954223633,46.060001373291016,4117000
2020-10-15,EWT,45.65999984741211,45.95000076293945,45.619998931884766,45.86000061035156,4647600
2020-10-16,EWT,45.779998779296875,45.83000183105469,45.599998474121094,45.66999816894531,5014000
2020-10-19,EWT,46.20000076293945,46.25,45.810001373291016,45.880001068115234,4272100
2020-10-20,EWT,45.97999954223633,46.279998779296875,45.91999816894531,46.09000015258789,4680800
2020-10-21,EWT,46.09000015258789,46.2400016784668,46.02000045776367,46.099998474121094,4410400
2020-10-22,EWT,46.459999084472656,46.4900016784668,46.20000076293945,46.310001373291016,4476800
2020-10-23,EWT,46.36000061035156,46.5,46.22999954223633,46.47999954223633,2840800
2020-10-26,EWT,46.33000183105469,46.54999923706055,46.040000915527344,46.29999923706055,4944300
2020-10-27,EWT,46.47999954223633,46.4900016784668,46.31999969482422,46.45000076293945,3240300
2020-10-28,EWT,45.650001525878906,45.810001373291016,45.380001068115234,45.52000045776367,5125300
2020-10-29,EWT,45.369998931884766,45.61000061035156,45.2599983215332,45.470001220703125,4296600
2020-10-30,EWT,45.31999969482422,45.31999969482422,45.0099983215332,45.15999984741211,4401200
2020-11-02,EWT,45.5099983215332,45.66999816894531,45.33000183105469,45.560001373291016,3857600
2020-11-03,EWT,46.0099983215332,46.189998626708984,45.970001220703125,46.09000015258789,3321400
2020-11-04,EWT,46.47999954223633,46.939998626708984,46.349998474121094,46.790000915527344,5835100
2020-11-05,EWT,47.060001373291016,47.209999084472656,46.88999938964844,47.13999938964844,4862400
2020-11-06,EWT,47.02000045776367,47.2599983215332,47.0099983215332,47.16999816894531,4675000
2020-11-09,EWT,48.36000061035156,48.380001068115234,47.599998474121094,47.61000061035156,4688700
2020-11-10,EWT,47.470001220703125,47.66999816894531,47.2400016784668,47.36000061035156,4717900
2020-11-11,EWT,48.029998779296875,48.16999816894531,47.939998626708984,48.06999969482422,5798600
2020-11-12,EWT,48.119998931884766,48.16999816894531,47.810001373291016,47.880001068115234,4529000
2020-11-13,EWT,48.22999954223633,48.540000915527344,48.220001220703125,48.52000045776367,4281300
2020-11-16,EWT,49.2400016784668,49.75,49.029998779296875,49.43000030517578,4023600
2020-11-17,EWT,49.29999923706055,49.540000915527344,49.209999084472656,49.41999816894531,4274600
2020-11-18,EWT,50.08000183105469,50.13999938964844,49.810001373291016,49.810001373291016,3170100
2020-11-19,EWT,49.7400016784668,49.84000015258789,49.63999938964844,49.83000183105469,2766400
2020-11-20,EWT,49.77000045776367,49.900001525878906,49.7400016784668,49.75,2267900
2020-11-23,EWT,50.25,50.29999923706055,50.040000915527344,50.22999954223633,3147900
2020-11-24,EWT,50.209999084472656,50.380001068115234,49.95000076293945,50.349998474121094,1713400
2020-11-25,EWT,49.709999084472656,49.880001068115234,49.619998931884766,49.880001068115234,3252300
2020-11-27,EWT,50.29999923706055,50.43000030517578,50.189998626708984,50.27000045776367,1922900
2020-11-30,EWT,49.709999084472656,49.880001068115234,49.41999816894531,49.459999084472656,7555000
2020-12-01,EWT,50.06999969482422,50.470001220703125,49.91999816894531,50.33000183105469,3208100
2020-12-02,EWT,50.7599983215332,50.779998779296875,50.529998779296875,50.650001525878906,4645300
2020-12-03,EWT,51.43000030517578,51.59000015258789,51.150001525878906,51.209999084472656,3887800
2020-12-04,EWT,52.08000183105469,52.2599983215332,52.0099983215332,52.189998626708984,3906900
2020-12-07,EWT,52.380001068115234,52.41999816894531,52.209999084472656,52.310001373291016,1788500
2020-12-08,EWT,52.779998779296875,52.79999923706055,52.54999923706055,52.61000061035156,4454700
2020-12-09,EWT,52.91999816894531,52.959999084472656,52.15999984741211,52.380001068115234,3520500
2020-12-10,EWT,51.84000015258789,52.369998931884766,51.79999923706055,52.31999969482422,4137700
2020-12-11,EWT,52.279998779296875,52.369998931884766,52.060001373291016,52.22999954223633,2816400
2020-12-14,EWT,51.349998474121094,51.400001525878906,51.25,51.279998779296875,1835100
2020-12-15,EWT,51.40999984741211,51.52000045776367,51.189998626708984,51.47999954223633,3861500
2020-12-16,EWT,51.869998931884766,51.9900016784668,51.75,51.88999938964844,3440600
2020-12-17,EWT,51.61000061035156,51.75,51.58000183105469,51.72999954223633,2151200
2020-12-18,EWT,51.599998474121094,51.63999938964844,51.47999954223633,51.56999969482422,3201600
2020-12-21,EWT,51.43000030517578,51.81999969482422,51.369998931884766,51.650001525878906,2490500
2020-12-22,EWT,51.2599983215332,51.27000045776367,51.029998779296875,51.060001373291016,4404800
2020-12-23,EWT,51.27000045776367,51.43000030517578,51.220001220703125,51.31999969482422,2084500
2020-12-24,EWT,51.709999084472656,51.959999084472656,51.599998474121094,51.93000030517578,1152800
2020-12-28,EWT,52.54999923706055,52.61000061035156,52.38999938964844,52.41999816894531,3030100
2020-12-29,EWT,52.58000183105469,52.599998474121094,52.459999084472656,52.540000915527344,2869500
2020-12-30,EWT,53.369998931884766,53.52000045776367,53.29999923706055,53.31999969482422,2081600
2020-12-31,EWT,53.380001068115234,53.380001068115234,53.0,53.08000183105469,2003300
2021-01-04,EWT,54.16999816894531,54.33000183105469,53.54999923706055,53.779998779296875,4036600
2021-01-05,EWT,54.65999984741211,55.029998779296875,54.59000015258789,54.93000030517578,5833600
2021-01-06,EWT,54.349998474121094,55.029998779296875,54.31999969482422,54.900001525878906,6579600
2021-01-07,EWT,55.5099983215332,55.90999984741211,55.40999984741211,55.869998931884766,4757900
2021-01-08,EWT,56.560001373291016,56.61000061035156,55.90999984741211,56.27000045776367,4275500
2021-01-11,EWT,56.459999084472656,56.709999084472656,56.36000061035156,56.52000045776367,2772000
2021-01-12,EWT,56.63999938964844,56.79999923706055,56.459999084472656,56.68000030517578,2220100
2021-01-13,EWT,57.61000061035156,57.65999984741211,57.2400016784668,57.40999984741211,5625300
2021-01-14,EWT,57.86000061035156,58.560001373291016,57.75,58.15999984741211,4405100
2021-01-15,EWT,57.33000183105469,57.36000061035156,56.86000061035156,57.18000030517578,3225400
2021-01-19,EWT,57.959999084472656,57.9900016784668,57.70000076293945,57.709999084472656,4047900
2021-01-20,EWT,57.68000030517578,57.75,57.459999084472656,57.70000076293945,2985600
2021-01-21,EWT,58.63999938964844,58.79999923706055,58.4900016784668,58.70000076293945,3646100
2021-01-22,EWT,58.119998931884766,58.5,58.06999969482422,58.47999954223633,3172600
2021-01-25,EWT,58.290000915527344,58.45000076293945,57.810001373291016,58.310001373291016,2825300
2021-01-26,EWT,57.619998931884766,57.65999984741211,57.38999938964844,57.630001068115234,2627800
2021-01-27,EWT,57.02000045776367,57.22999954223633,56.59000015258789,56.630001068115234,4298000
2021-01-28,EWT,56.630001068115234,57.209999084472656,56.5,57.11000061035156,3669900
2021-01-29,EWT,55.65999984741211,55.880001068115234,55.189998626708984,55.34000015258789,4333600
2021-02-01,EWT,56.38999938964844,56.720001220703125,56.189998626708984,56.61000061035156,2493900
2021-02-02,EWT,57.7599983215332,58.09000015258789,57.709999084472656,57.91999816894531,4658500
2021-02-03,EWT,57.81999969482422,57.93000030517578,57.54999923706055,57.630001068115234,3483800
2021-02-04,EWT,57.7400016784668,57.86000061035156,57.4900016784668,57.849998474121094,3049400
2021-02-05,EWT,57.900001525878906,58.0099983215332,57.619998931884766,57.97999954223633,2438700
2021-02-08,EWT,57.93000030517578,58.439998626708984,57.810001373291016,58.40999984741211,2351200
2021-02-09,EWT,58.2599983215332,58.79999923706055,58.2599983215332,58.720001220703125,2361200
2021-02-10,EWT,59.15999984741211,59.2599983215332,58.630001068115234,58.7599983215332,2829200
2021-02-11,EWT,59.130001068115234,59.5099983215332,59.099998474121094,59.38999938964844,2897100
2021-02-12,EWT,59.349998474121094,59.54999923706055,59.15999984741211,59.36000061035156,2524200
2021-02-16,EWT,60.060001373291016,60.209999084472656,59.810001373291016,59.900001525878906,1883200
2021-02-17,EWT,59.779998779296875,59.90999984741211,59.59000015258789,59.81999969482422,2972900
2021-02-18,EWT,59.61000061035156,59.75,59.220001220703125,59.58000183105469,2648800
2021-02-19,EWT,60.09000015258789,60.41999816894531,59.939998626708984,60.04999923706055,2404400
2021-02-22,EWT,59.68000030517578,60.11000061035156,59.540000915527344,59.599998474121094,3263200
2021-02-23,EWT,59.70000076293945,60.060001373291016,59.31999969482422,59.90999984741211,3687200
2021-02-24,EWT,59.619998931884766,60.33000183105469,59.439998626708984,60.310001373291016,3271500
2021-02-25,EWT,60.36000061035156,60.470001220703125,59.18000030517578,59.29999923706055,6240400
2021-02-26,EWT,58.58000183105469,58.68000030517578,57.88999938964844,58.45000076293945,5013400
2021-03-01,EWT,59.27000045776367,59.939998626708984,59.2599983215332,59.68000030517578,3163200
2021-03-02,EWT,58.95000076293945,58.970001220703125,58.56999969482422,58.810001373291016,3036700
2021-03-03,EWT,59.29999923706055,59.400001525878906,58.70000076293945,58.70000076293945,4116700
2021-03-04,EWT,58.25,58.65999984741211,57.150001525878906,57.439998626708984,5119000
2021-03-05,EWT,58.220001220703125,58.220001220703125,57.15999984741211,58.040000915527344,6303200
2021-03-08,EWT,57.41999816894531,57.560001373291016,56.959999084472656,57.0,4786700
2021-03-09,EWT,57.13999938964844,57.7599983215332,57.13999938964844,57.58000183105469,5397200
2021-03-10,EWT,57.72999954223633,57.7400016784668,57.16999816894531,57.31999969482422,4546800
2021-03-11,EWT,58.65999984741211,59.06999969482422,58.5099983215332,59.060001373291016,2784500
2021-03-12,EWT,58.279998779296875,58.400001525878906,58.040000915527344,58.36000061035156,3911100
2021-03-15,EWT,58.63999938964844,58.79999923706055,58.369998931884766,58.7599983215332,2300000
2021-03-16,EWT,59.119998931884766,59.25,58.83000183105469,59.060001373291016,3026200
2021-03-17,EWT,58.45000076293945,58.9900016784668,58.209999084472656,58.81999969482422,4282000
2021-03-18,EWT,58.459999084472656,58.58000183105469,57.779998779296875,57.79999923706055,3602400
2021-03-19,EWT,57.529998779296875,58.189998626708984,57.47999954223633,58.15999984741211,3846900
2021-03-22,EWT,58.349998474121094,58.880001068115234,58.33000183105469,58.77000045776367,5511600
2021-03-23,EWT,58.33000183105469,58.45000076293945,57.900001525878906,58.0,3940900
2021-03-24,EWT,57.97999954223633,58.08000183105469,57.54999923706055,57.58000183105469,4170800
2021-03-25,EWT,57.63999938964844,58.13999938964844,57.63999938964844,58.029998779296875,6355000
2021-03-26,EWT,58.779998779296875,59.40999984741211,58.689998626708984,59.33000183105469,4783500
2021-03-29,EWT,59.54999923706055,59.7400016784668,59.2400016784668,59.5099983215332,4111100
2021-03-30,EWT,59.88999938964844,60.029998779296875,59.720001220703125,59.939998626708984,3835600
2021-03-31,EWT,59.75,60.04999923706055,59.66999816894531,59.959999084472656,5787600
2021-04-01,EWT,60.11000061035156,60.43000030517578,60.08000183105469,60.310001373291016,2573900
2021-04-05,EWT,60.58000183105469,60.779998779296875,60.41999816894531,60.56999969482422,3088600
2021-04-06,EWT,60.459999084472656,60.689998626708984,60.31999969482422,60.560001373291016,2093800
2021-04-07,EWT,60.4900016784668,60.560001373291016,60.25,60.349998474121094,1790600
2021-04-08,EWT,61.040000915527344,61.2400016784668,61.029998779296875,61.130001068115234,1822800
2021-04-09,EWT,60.849998474121094,60.970001220703125,60.65999984741211,60.900001525878906,1739400
2021-04-12,EWT,60.869998931884766,60.900001525878906,60.58000183105469,60.849998474121094,2424600
2021-04-13,EWT,60.650001525878906,60.869998931884766,60.619998931884766,60.779998779296875,3547200
2021-04-14,EWT,60.95000076293945,61.11000061035156,60.779998779296875,60.83000183105469,4042000
2021-04-15,EWT,61.970001220703125,62.16999816894531,61.880001068115234,61.959999084472656,5991900
2021-04-16,EWT,62.25,62.38999938964844,62.15999984741211,62.2599983215332,2587200
2021-04-19,EWT,63.0,63.119998931884766,62.810001373291016,62.88999938964844,3992100
2021-04-20,EWT,63.119998931884766,63.29999923706055,62.880001068115234,62.970001220703125,3685300
2021-04-21,EWT,63.0,63.540000915527344,62.959999084472656,63.45000076293945,2097000
2021-04-22,EWT,63.02000045776367,63.04999923706055,62.470001220703125,62.650001525878906,3822900
2021-04-23,EWT,63.43000030517578,63.880001068115234,63.43000030517578,63.81999969482422,2195400
2021-04-26,EWT,65.12000274658203,65.37999725341797,65.08000183105469,65.23999786376953,4974300
2021-04-27,EWT,65.05999755859375,65.08999633789062,64.83999633789062,65.01000213623047,2700100
2021-04-28,EWT,64.86000061035156,65.30000305175781,64.6500015258789,65.08999633789062,2558000
2021-04-29,EWT,65.5199966430664,65.58000183105469,65.05000305175781,65.33999633789062,4982200
2021-04-30,EWT,64.7300033569336,64.77999877929688,64.25,64.54000091552734,3650600
2021-05-03,EWT,63.84000015258789,63.970001220703125,63.68000030517578,63.83000183105469,3733900
2021-05-04,EWT,62.130001068115234,62.18000030517578,61.41999816894531,61.95000076293945,4062600
2021-05-05,EWT,61.88999938964844,62.09000015258789,61.72999954223633,62.0099983215332,3243300
2021-05-06,EWT,62.599998474121094,63.0099983215332,62.4900016784668,63.0099983215332,3498400
2021-05-07,EWT,64.1500015258789,64.68000030517578,63.72999954223633,64.45999908447266,5719300
2021-05-10,EWT,63.83000183105469,63.880001068115234,63.02000045776367,63.06999969482422,3796000
2021-05-11,EWT,59.58000183105469,60.66999816894531,59.56999969482422,60.560001373291016,7147700
2021-05-12,EWT,57.439998626708984,57.720001220703125,56.70000076293945,56.86000061035156,6113000
2021-05-13,EWT,57.790000915527344,58.279998779296875,57.65999984741211,58.09000015258789,5794700
2021-05-14,EWT,58.68000030517578,59.040000915527344,58.540000915527344,58.86000061035156,3653400
2021-05-17,EWT,56.380001068115234,56.90999984741211,56.20000076293945,56.880001068115234,4685200
2021-05-18,EWT,59.599998474121094,60.27000045776367,59.599998474121094,59.880001068115234,5267500
2021-05-19,EWT,58.72999954223633,59.5,58.650001525878906,59.47999954223633,4039800
2021-05-20,EWT,59.54999923706055,59.9900016784668,59.38999938964844,59.95000076293945,3369900
2021-05-21,EWT,60.09000015258789,60.18000030517578,59.08000183105469,59.18000030517578,4450800
2021-05-24,EWT,60.2599983215332,60.83000183105469,60.18000030517578,60.709999084472656,3260000
2021-05-25,EWT,61.22999954223633,61.439998626708984,61.029998779296875,61.27000045776367,3160400
2021-05-26,EWT,61.290000915527344,61.709999084472656,61.290000915527344,61.529998779296875,4019500
2021-05-27,EWT,61.54999923706055,61.68000030517578,61.290000915527344,61.369998931884766,3703900
2021-05-28,EWT,62.36000061035156,62.630001068115234,62.209999084472656,62.36000061035156,2522700
2021-06-01,EWT,64.01000213623047,64.06999969482422,63.72999954223633,63.93000030517578,2996300
2021-06-02,EWT,63.63999938964844,63.66999816894531,63.310001373291016,63.47999954223633,2592100
2021-06-03,EWT,63.11000061035156,63.34000015258789,62.939998626708984,63.189998626708984,2350800
2021-06-04,EWT,63.41999816894531,63.83000183105469,63.380001068115234,63.83000183105469,2069500
2021-06-07,EWT,63.34000015258789,63.38999938964844,63.029998779296875,63.33000183105469,1828300
2021-06-08,EWT,63.06999969482422,63.06999969482422,62.68000030517578,62.880001068115234,1973400
2021-06-09,EWT,62.61000061035156,62.84000015258789,62.5099983215332,62.720001220703125,2070900
2021-06-10,EWT,63.310001373291016,63.61000061035156,63.20000076293945,63.4900016784668,1855700
2021-06-11,EWT,63.54999923706055,63.54999923706055,63.349998474121094,63.52000045776367,1984600
2021-06-14,EWT,63.470001220703125,63.72999954223633,63.34000015258789,63.599998474121094,1548100
2021-06-15,EWT,63.91999816894531,63.91999816894531,63.529998779296875,63.65999984741211,2028300
2021-06-16,EWT,63.720001220703125,63.810001373291016,62.779998779296875,63.029998779296875,1999700
2021-06-17,EWT,63.43000030517578,63.63999938964844,63.310001373291016,63.5,3924700
2021-06-18,EWT,62.7400016784668,62.849998474121094,62.5099983215332,62.54999923706055,3365800
2021-06-21,EWT,62.25,62.709999084472656,61.97999954223633,62.68000030517578,3826700
2021-06-22,EWT,61.7400016784668,62.150001525878906,61.5099983215332,62.06999969482422,3452100
2021-06-23,EWT,62.70000076293945,62.939998626708984,62.619998931884766,62.65999984741211,2782300
2021-06-24,EWT,63.06999969482422,63.29999923706055,62.95000076293945,63.2599983215332,3818100
2021-06-25,EWT,63.630001068115234,63.630001068115234,63.27000045776367,63.529998779296875,2893100
2021-06-28,EWT,63.689998626708984,64.04000091552734,63.65999984741211,64.04000091552734,3587100
2021-06-29,EWT,63.650001525878906,63.84000015258789,63.47999954223633,63.81999969482422,2451100
2021-06-30,EWT,63.900001525878906,64.08000183105469,63.84000015258789,63.95000076293945,2483000
2021-07-01,EWT,63.88999938964844,63.93000030517578,63.5099983215332,63.849998474121094,2507600
2021-07-02,EWT,63.810001373291016,64.18000030517578,63.75,64.16000366210938,2348900
2021-07-06,EWT,64.5,64.54000091552734,64.08000183105469,64.41999816894531,2954500
2021-07-07,EWT,64.63999938964844,64.69000244140625,64.20999908447266,64.5,3788100
2021-07-08,EWT,63.4900016784668,63.79999923706055,63.400001525878906,63.599998474121094,3559400
2021-07-09,EWT,64.0,64.45999908447266,63.880001068115234,64.45999908447266,3256200
2021-07-12,EWT,64.37999725341797,64.72000122070312,64.19000244140625,64.68000030517578,1948300
2021-07-13,EWT,64.52999877929688,64.83000183105469,64.41000366210938,64.45999908447266,2786200
2021-07-14,EWT,64.9000015258789,64.93000030517578,64.62999725341797,64.80000305175781,2843000
2021-07-15,EWT,64.81999969482422,64.87999725341797,64.38999938964844,64.66000366210938,2781800
2021-07-16,EWT,64.91000366210938,65.04000091552734,64.3499984741211,64.44000244140625,2654200
2021-07-19,EWT,63.5099983215332,63.63999938964844,63.130001068115234,63.52000045776367,5313100
2021-07-20,EWT,63.2599983215332,63.81999969482422,63.0099983215332,63.689998626708984,3417600
2021-07-21,EWT,63.29999923706055,63.810001373291016,63.11000061035156,63.779998779296875,4346300
2021-07-22,EWT,63.779998779296875,63.810001373291016,63.5099983215332,63.75,3585100
2021-07-23,EWT,63.529998779296875,63.77000045776367,63.380001068115234,63.720001220703125,2020100
2021-07-26,EWT,62.90999984741211,63.290000915527344,62.849998474121094,63.290000915527344,3041700
2021-07-27,EWT,62.72999954223633,62.7400016784668,61.91999816894531,62.349998474121094,4025800
2021-07-28,EWT,62.529998779296875,63.060001373291016,62.25,63.0,4141200
2021-07-29,EWT,63.7599983215332,64.05999755859375,63.68000030517578,64.05999755859375,2870100
2021-07-30,EWT,63.459999084472656,63.7599983215332,63.36000061035156,63.59000015258789,2543100
2021-08-02,EWT,64.0999984741211,64.23999786376953,63.70000076293945,63.7400016784668,2998100
2021-08-03,EWT,64.19000244140625,64.43000030517578,63.970001220703125,64.4000015258789,1683200
2021-08-04,EWT,65.02999877929688,65.25,64.9000015258789,65.02999877929688,2527000
2021-08-05,EWT,65.05999755859375,65.30000305175781,64.9800033569336,65.2699966430664,1467200
2021-08-06,EWT,64.73999786376953,64.79000091552734,64.47000122070312,64.69000244140625,1885200
2021-08-09,EWT,64.58999633789062,64.6500015258789,64.33999633789062,64.38999938964844,2629100
2021-08-10,EWT,64.16999816894531,64.16999816894531,63.56999969482422,63.779998779296875,2755900
2021-08-11,EWT,63.72999954223633,63.81999969482422,63.45000076293945,63.790000915527344,3069900
2021-08-12,EWT,63.400001525878906,63.599998474121094,63.130001068115234,63.56999969482422,3589800
2021-08-13,EWT,62.709999084472656,62.77000045776367,62.41999816894531,62.77000045776367,3037900
2021-08-16,EWT,62.20000076293945,62.439998626708984,61.970001220703125,62.439998626708984,4221900
2021-08-17,EWT,60.959999084472656,61.04999923706055,60.22999954223633,60.58000183105469,5905500
2021-08-18,EWT,61.84000015258789,62.040000915527344,61.47999954223633,61.52000045776367,4093600
2021-08-19,EWT,59.959999084472656,60.54999923706055,59.880001068115234,60.279998779296875,3312000
2021-08-20,EWT,60.189998626708984,60.68000030517578,60.08000183105469,60.63999938964844,2680200
2021-08-23,EWT,61.70000076293945,62.13999938964844,61.630001068115234,61.97999954223633,2624200
2021-08-24,EWT,61.880001068115234,62.2400016784668,61.84000015258789,62.11000061035156,2843800
2021-08-25,EWT,62.79999923706055,63.310001373291016,62.790000915527344,63.08000183105469,2960300
2021-08-26,EWT,62.66999816894531,62.7599983215332,62.369998931884766,62.599998474121094,4803000
2021-08-27,EWT,63.5,63.97999954223633,63.439998626708984,63.939998626708984,3067800
2021-08-30,EWT,64.52999877929688,64.56999969482422,64.38999938964844,64.38999938964844,4235500
2021-08-31,EWT,65.05999755859375,65.06999969482422,64.80000305175781,64.95999908447266,6633300
2021-09-01,EWT,65.1500015258789,65.41000366210938,65.0,65.12999725341797,3932500
2021-09-02,EWT,65.13999938964844,65.23999786376953,64.91000366210938,65.06999969482422,3087400
2021-09-03,EWT,65.45999908447266,65.69000244140625,65.26000213623047,65.5999984741211,1960400
2021-09-07,EWT,65.16999816894531,65.41000366210938,65.04000091552734,65.27999877929688,2669500
2021-09-08,EWT,64.52999877929688,64.55000305175781,63.939998626708984,64.05000305175781,6526700
2021-09-09,EWT,65.05999755859375,65.05999755859375,64.58999633789062,64.6500015258789,4776900
2021-09-10,EWT,65.48999786376953,65.56999969482422,65.11000061035156,65.16000366210938,2186700
2021-09-13,EWT,65.44999694824219,65.47000122070312,65.18000030517578,65.45999908447266,2977500
2021-09-14,EWT,65.4000015258789,65.5199966430664,65.08000183105469,65.18000030517578,2675900
2021-09-15,EWT,65.05000305175781,65.22000122070312,64.86000061035156,65.19999694824219,3210400
2021-09-16,EWT,64.6500015258789,64.75,64.44999694824219,64.69999694824219,1858300
2021-09-17,EWT,64.69000244140625,64.69000244140625,64.1500015258789,64.29000091552734,3757500
2021-09-20,EWT,62.279998779296875,62.849998474121094,61.7599983215332,62.27000045776367,4635000
2021-09-21,EWT,62.91999816894531,62.970001220703125,62.47999954223633,62.61000061035156,2587800
2021-09-22,EWT,63.130001068115234,63.7599983215332,63.119998931884766,63.29999923706055,4892400
2021-09-23,EWT,64.04000091552734,64.36000061035156,63.939998626708984,64.22000122070312,2731300
2021-09-24,EWT,64.0999984741211,64.2300033569336,63.97999954223633,63.97999954223633,3247400
2021-09-27,EWT,64.31999969482422,64.37999725341797,64.0999984741211,64.19000244140625,2266900
2021-09-28,EWT,63.529998779296875,63.529998779296875,62.689998626708984,62.779998779296875,4365200
2021-09-29,EWT,62.459999084472656,62.61000061035156,61.810001373291016,61.84000015258789,3831600
2021-09-30,EWT,62.459999084472656,62.70000076293945,62.0,62.0099983215332,4121600
2021-10-01,EWT,61.7400016784668,61.970001220703125,61.04999923706055,61.869998931884766,4102400
2021-10-04,EWT,61.0,61.02000045776367,59.86000061035156,60.29999923706055,4299700
2021-10-05,EWT,60.689998626708984,61.06999969482422,60.63999938964844,60.75,2361800
2021-10-06,EWT,60.02000045776367,60.619998931884766,59.88999938964844,60.56999969482422,3245400
2021-10-07,EWT,61.7599983215332,61.93000030517578,61.599998474121094,61.70000076293945,4030600
2021-10-08,EWT,61.209999084472656,61.310001373291016,60.9900016784668,61.22999954223633,1881200
2021-10-11,EWT,61.470001220703125,61.72999954223633,61.099998474121094,61.119998931884766,3729500
2021-10-12,EWT,60.689998626708984,60.7599983215332,60.189998626708984,60.279998779296875,3567500
2021-10-13,EWT,60.0099983215332,60.380001068115234,59.91999816894531,60.25,3380800
2021-10-14,EWT,60.849998474121094,61.02000045776367,60.63999938964844,60.97999954223633,5318100
2021-10-15,EWT,61.65999984741211,61.970001220703125,61.59000015258789,61.880001068115234,2613700
2021-10-18,EWT,61.400001525878906,61.79999923706055,61.380001068115234,61.65999984741211,2001900
2021-10-19,EWT,62.529998779296875,62.810001373291016,62.459999084472656,62.70000076293945,2682200
2021-10-20,EWT,62.61000061035156,62.66999816894531,62.43000030517578,62.52000045776367,1622300
2021-10-21,EWT,62.18000030517578,62.380001068115234,62.06999969482422,62.310001373291016,2986300
2021-10-22,EWT,62.439998626708984,62.59000015258789,62.02000045776367,62.060001373291016,2307700
2021-10-25,EWT,62.56999969482422,62.66999816894531,62.349998474121094,62.560001373291016,2377100
2021-10-26,EWT,63.470001220703125,63.5099983215332,62.97999954223633,63.13999938964844,3255200
2021-10-27,EWT,63.36000061035156,63.560001373291016,63.11000061035156,63.119998931884766,1752900
2021-10-28,EWT,63.31999969482422,63.720001220703125,63.2400016784668,63.720001220703125,2064600
2021-10-29,EWT,62.70000076293945,63.02000045776367,62.630001068115234,63.02000045776367,2582500
2021-11-01,EWT,63.16999816894531,63.40999984741211,63.11000061035156,63.40999984741211,2631400
2021-11-02,EWT,63.220001220703125,63.380001068115234,63.130001068115234,63.290000915527344,1830800
2021-11-03,EWT,63.189998626708984,63.79999923706055,63.119998931884766,63.790000915527344,2647900
2021-11-04,EWT,63.2599983215332,63.540000915527344,63.04999923706055,63.52000045776367,2869400
2021-11-05,EWT,64.05999755859375,64.19000244140625,63.77000045776367,64.05999755859375,2669700
2021-11-08,EWT,64.68000030517578,64.93000030517578,64.62000274658203,64.83000183105469,2459700
2021-11-09,EWT,65.33000183105469,65.44999694824219,64.95999908447266,65.06999969482422,2749900
2021-11-10,EWT,65.0999984741211,65.26000213623047,64.5,64.51000213623047,4100900
2021-11-11,EWT,64.80999755859375,65.04000091552734,64.76000213623047,64.8499984741211,3022200
2021-11-12,EWT,65.16000366210938,65.38999938964844,65.05999755859375,65.27999877929688,2535900
2021-11-15,EWT,65.69999694824219,65.80999755859375,65.44000244140625,65.45999908447266,2975200
2021-11-16,EWT,65.56999969482422,65.72000122070312,65.5199966430664,65.5999984741211,2458500
2021-11-17,EWT,66.01000213623047,66.20999908447266,65.95999908447266,66.08000183105469,2873700
2021-11-18,EWT,66.36000061035156,66.6500015258789,66.27999877929688,66.6500015258789,3163400
2021-11-19,EWT,66.26000213623047,66.4000015258789,66.13999938964844,66.19999694824219,2801600
2021-11-22,EWT,66.36000061035156,66.6500015258789,66.0199966430664,66.02999877929688,4289900
2021-11-23,EWT,65.70999908447266,65.91999816894531,65.31999969482422,65.61000061035156,4752400
2021-11-24,EWT,65.43000030517578,65.72000122070312,65.36000061035156,65.69000244140625,2855500
2021-11-26,EWT,64.20999908447266,64.20999908447266,63.4900016784668,63.66999816894531,3573600
2021-11-29,EWT,64.7300033569336,64.79000091552734,64.37000274658203,64.73999786376953,5119700
2021-11-30,EWT,64.81999969482422,65.08999633789062,64.19999694824219,64.69000244140625,8286400
2021-12-01,EWT,65.93000030517578,66.36000061035156,65.3499984741211,65.37999725341797,8510500
2021-12-02,EWT,65.98999786376953,66.44000244140625,65.91000366210938,66.22000122070312,9618600
2021-12-03,EWT,66.22000122070312,66.37000274658203,65.58000183105469,65.79000091552734,7297500
2021-12-06,EWT,66.12000274658203,66.29000091552734,65.86000061035156,66.20999908447266,4630600
2021-12-07,EWT,66.81999969482422,67.18000030517578,66.72000122070312,67.16000366210938,5355400
2021-12-08,EWT,66.79000091552734,67.12000274658203,66.72000122070312,67.12000274658203,3468500
2021-12-09,EWT,66.9000015258789,66.93000030517578,66.61000061035156,66.68000030517578,2234600
2021-12-10,EWT,66.91999816894531,66.91999816894531,66.66999816894531,66.87000274658203,4710800
2021-12-13,EWT,64.29000091552734,64.38999938964844,63.93000030517578,63.939998626708984,5054400
2021-12-14,EWT,63.52000045776367,63.7599983215332,63.369998931884766,63.61000061035156,4149900
2021-12-15,EWT,63.95000076293945,64.58000183105469,63.650001525878906,64.55999755859375,5596600
2021-12-16,EWT,64.86000061035156,64.9800033569336,64.20999908447266,64.30000305175781,5590700
2021-12-17,EWT,64.62000274658203,64.80000305175781,64.44000244140625,64.51000213623047,5530500
2021-12-20,EWT,63.77000045776367,63.970001220703125,63.54999923706055,63.95000076293945,4414400
2021-12-21,EWT,64.70999908447266,65.04000091552734,64.55000305175781,65.0199966430664,2541200
2021-12-22,EWT,64.98999786376953,65.55999755859375,64.95999908447266,65.52999877929688,2502400
2021-12-23,EWT,65.52999877929688,65.81999969482422,65.4800033569336,65.7300033569336,1830300
2021-12-27,EWT,66.22000122070312,66.5,66.12999725341797,66.4800033569336,1512400
2021-12-28,EWT,67.0199966430664,67.08999633789062,66.73999786376953,66.75,2359500
2021-12-29,EWT,66.98999786376953,67.12999725341797,66.91999816894531,66.9800033569336,3071500
2021-12-30,EWT,66.55999755859375,66.80999755859375,66.55999755859375,66.73999786376953,2470800
2021-12-31,EWT,66.58999633789062,67.0199966430664,66.54000091552734,66.61000061035156,1342900
2022-01-03,EWT,66.87999725341797,67.20999908447266,66.7300033569336,67.16999816894531,3810400
2022-01-04,EWT,67.88999938964844,68.08000183105469,67.72000122070312,67.7699966430664,3605800
2022-01-05,EWT,67.97000122070312,68.01000213623047,66.94999694824219,66.95999908447266,4566000
2022-01-06,EWT,67.0199966430664,67.22000122070312,66.77999877929688,66.97000122070312,4252200
2022-01-07,EWT,66.2300033569336,66.3499984741211,65.77999877929688,66.13999938964844,2635300
2022-01-10,EWT,66.22000122070312,66.30999755859375,65.83999633789062,66.29000091552734,3365500
2022-01-11,EWT,66.41000366210938,67.1500015258789,66.36000061035156,67.08000183105469,4588600
2022-01-12,EWT,67.4000015258789,67.51000213623047,67.1500015258789,67.44999694824219,4016900
2022-01-13,EWT,68.12999725341797,68.4000015258789,67.69000244140625,67.70999908447266,4563200
2022-01-14,EWT,67.08000183105469,67.47000122070312,67.04000091552734,67.41000366210938,4050000
2022-01-18,EWT,67.01000213623047,67.18000030517578,66.66000366210938,66.66999816894531,5567400
2022-01-19,EWT,66.91000366210938,67.02999877929688,66.52999877929688,66.58000183105469,5596200
2022-01-20,EWT,66.68000030517578,67.08000183105469,65.98999786376953,66.02999877929688,4422800
2022-01-21,EWT,65.41999816894531,65.51000213623047,64.62999725341797,64.6500015258789,6314300
2022-01-24,EWT,64.80999755859375,65.0,63.5099983215332,64.97000122070312,8023400
2022-01-25,EWT,64.33000183105469,64.86000061035156,63.869998931884766,64.3499984741211,6589000
2022-01-26,EWT,64.70999908447266,64.94000244140625,63.540000915527344,63.880001068115234,5991000
2022-01-27,EWT,63.52000045776367,63.720001220703125,62.470001220703125,62.5,5418300
2022-01-28,EWT,62.400001525878906,62.7599983215332,61.619998931884766,62.75,4878800
2022-01-31,EWT,63.459999084472656,65.0,63.400001525878906,64.88999938964844,2833700
2022-02-01,EWT,65.0999984741211,65.13999938964844,64.29000091552734,65.13999938964844,2665400
2022-02-02,EWT,65.43000030517578,65.5199966430664,64.94000244140625,65.38999938964844,2246800
2022-02-03,EWT,64.37000274658203,64.80999755859375,64.25,64.58999633789062,2367500
2022-02-04,EWT,64.16000366210938,64.83000183105469,63.91999816894531,64.4800033569336,2871700
2022-02-07,EWT,64.81999969482422,65.16999816894531,64.66999816894531,64.76000213623047,2305600
2022-02-08,EWT,65.04000091552734,65.45999908447266,65.01000213623047,65.41999816894531,1884200
2022-02-09,EWT,66.05000305175781,66.27999877929688,65.9000015258789,66.25,2721700
2022-02-10,EWT,66.08999633789062,66.76000213623047,65.8499984741211,65.94999694824219,4066900
2022-02-11,EWT,66.5199966430664,66.63999938964844,65.13999938964844,65.26000213623047,6037100
2022-02-14,EWT,64.80000305175781,64.91999816894531,64.19999694824219,64.5999984741211,3313700
2022-02-15,EWT,65.41999816894531,65.75,65.37000274658203,65.72000122070312,2656900
2022-02-16,EWT,65.79000091552734,66.37999725341797,65.66000366210938,66.2300033569336,2252700
2022-02-17,EWT,65.9000015258789,66.01000213623047,65.23999786376953,65.27999877929688,3768900
2022-02-18,EWT,65.58000183105469,65.70999908447266,65.25,65.45999908447266,2397900
2022-02-22,EWT,65.01000213623047,65.22000122070312,64.4000015258789,64.69999694824219,4564100
2022-02-23,EWT,65.29000091552734,65.37999725341797,64.30999755859375,64.3499984741211,6223300
2022-02-24,EWT,61.7599983215332,63.36000061035156,61.290000915527344,63.2599983215332,11221400
2022-02-25,EWT,63.68000030517578,64.16999816894531,63.400001525878906,64.06999969482422,4860000
2022-02-28,EWT,63.380001068115234,64.0,63.22999954223633,63.91999816894531,7676200
2022-03-01,EWT,64.30000305175781,64.47000122070312,63.34000015258789,63.619998931884766,8167500
2022-03-02,EWT,63.90999984741211,64.58999633789062,63.720001220703125,64.41999816894531,4412500
2022-03-03,EWT,64.2300033569336,64.29000091552734,63.4900016784668,63.63999938964844,3981400
2022-03-04,EWT,62.7400016784668,62.869998931884766,62.18000030517578,62.470001220703125,3946000
2022-03-07,EWT,60.970001220703125,61.13999938964844,59.150001525878906,59.36000061035156,5960300
2022-03-08,EWT,59.459999084472656,60.2599983215332,59.040000915527344,59.720001220703125,6956800
2022-03-09,EWT,60.720001220703125,61.38999938964844,60.630001068115234,61.2400016784668,3764700
2022-03-10,EWT,61.40999984741211,61.61000061035156,60.97999954223633,61.380001068115234,5670800
2022-03-11,EWT,61.560001373291016,61.59000015258789,60.38999938964844,60.400001525878906,5459600
2022-03-14,EWT,60.810001373291016,60.97999954223633,59.970001220703125,60.099998474121094,4043300
2022-03-15,EWT,59.290000915527344,60.060001373291016,59.11000061035156,60.02000045776367,4992100
2022-03-16,EWT,60.5099983215332,61.439998626708984,60.15999984741211,61.40999984741211,9097000
2022-03-17,EWT,62.20000076293945,62.72999954223633,62.029998779296875,62.70000076293945,6269900
2022-03-18,EWT,61.90999984741211,62.560001373291016,61.70000076293945,62.52000045776367,6458100
2022-03-21,EWT,62.099998474121094,62.209999084472656,61.7599983215332,62.08000183105469,3224900
2022-03-22,EWT,62.130001068115234,62.40999984741211,62.11000061035156,62.290000915527344,3601800
2022-03-23,EWT,62.099998474121094,62.279998779296875,61.65999984741211,61.70000076293945,5922500
2022-03-24,EWT,61.81999969482422,62.310001373291016,61.75,62.2599983215332,3963400
2022-03-25,EWT,61.84000015258789,61.90999984741211,61.4900016784668,61.810001373291016,3155500
2022-03-28,EWT,61.18000030517578,61.380001068115234,60.83000183105469,61.380001068115234,2197700
2022-03-29,EWT,61.970001220703125,62.130001068115234,61.70000076293945,62.099998474121094,4825600
2022-03-30,EWT,62.25,62.529998779296875,61.97999954223633,62.119998931884766,5716800
2022-03-31,EWT,61.7400016784668,61.84000015258789,61.41999816894531,61.45000076293945,5547300
2022-04-01,EWT,61.65999984741211,61.77000045776367,61.16999816894531,61.4900016784668,6254500
2022-04-04,EWT,61.88999938964844,62.65999984741211,61.83000183105469,62.43000030517578,3286100
2022-04-05,EWT,62.29999923706055,62.310001373291016,61.209999084472656,61.650001525878906,10761800
2022-04-06,EWT,61.040000915527344,61.099998474121094,60.529998779296875,60.84000015258789,4717500
2022-04-07,EWT,60.040000915527344,60.279998779296875,59.77000045776367,60.0,4350800
2022-04-08,EWT,60.06999969482422,60.189998626708984,59.779998779296875,59.83000183105469,4229100
2022-04-11,EWT,58.91999816894531,58.9900016784668,58.58000183105469,58.66999816894531,4311100
2022-04-12,EWT,59.11000061035156,59.220001220703125,58.5099983215332,58.59000015258789,5661900
2022-04-13,EWT,59.5099983215332,60.02000045776367,59.5099983215332,59.95000076293945,4292800
2022-04-14,EWT,59.439998626708984,59.45000076293945,58.720001220703125,58.72999954223633,5183800
2022-04-18,EWT,57.86000061035156,58.13999938964844,57.68000030517578,57.810001373291016,3893600
2022-04-19,EWT,57.619998931884766,58.06999969482422,57.47999954223633,58.04999923706055,3398800
2022-04-20,EWT,58.5099983215332,58.59000015258789,58.31999969482422,58.40999984741211,6219700
2022-04-21,EWT,58.650001525878906,58.77000045776367,57.54999923706055,57.689998626708984,4622000
2022-04-22,EWT,57.720001220703125,57.86000061035156,56.849998474121094,56.939998626708984,4112100
2022-04-25,EWT,56.56999969482422,56.93000030517578,56.33000183105469,56.869998931884766,6583300
2022-04-26,EWT,56.439998626708984,56.459999084472656,55.380001068115234,55.380001068115234,4872500
2022-04-27,EWT,55.47999954223633,55.84000015258789,55.209999084472656,55.380001068115234,7605500
2022-04-28,EWT,55.93000030517578,56.83000183105469,55.5,56.59000015258789,6435100
2022-04-29,EWT,56.560001373291016,56.869998931884766,55.900001525878906,55.90999984741211,3244600
2022-05-02,EWT,55.650001525878906,55.959999084472656,54.81999969482422,55.650001525878906,5481200
2022-05-03,EWT,55.900001525878906,56.2599983215332,55.83000183105469,56.18000030517578,2904700
2022-05-04,EWT,56.20000076293945,57.40999984741211,55.7599983215332,57.31999969482422,4492600
2022-05-05,EWT,56.2599983215332,56.2599983215332,54.90999984741211,55.22999954223633,5949600
2022-05-06,EWT,55.29999923706055,55.56999969482422,54.7400016784668,55.15999984741211,5061700
2022-05-09,EWT,54.0,54.189998626708984,53.349998474121094,53.369998931884766,4174900
2022-05-10,EWT,54.47999954223633,54.59000015258789,53.599998474121094,54.0,7420900
2022-05-11,EWT,53.7599983215332,54.20000076293945,53.11000061035156,53.130001068115234,5002600
2022-05-12,EWT,52.61000061035156,53.02000045776367,52.189998626708984,52.72999954223633,4582900
2022-05-13,EWT,53.279998779296875,53.90999984741211,53.20000076293945,53.900001525878906,4225000
2022-05-16,EWT,53.56999969482422,53.72999954223633,53.33000183105469,53.470001220703125,3180200
2022-05-17,EWT,54.75,54.7599983215332,54.290000915527344,54.58000183105469,2756600
2022-05-18,EWT,54.540000915527344,54.65999984741211,53.630001068115234,53.709999084472656,4100500
2022-05-19,EWT,53.619998931884766,54.380001068115234,53.619998931884766,54.119998931884766,4602000
2022-05-20,EWT,54.70000076293945,54.790000915527344,53.4900016784668,54.34000015258789,5129500
2022-05-23,EWT,54.70000076293945,55.040000915527344,54.56999969482422,54.91999816894531,3079000
2022-05-24,EWT,53.93000030517578,54.209999084472656,53.540000915527344,54.04999923706055,2414000
2022-05-25,EWT,54.20000076293945,54.939998626708984,54.13999938964844,54.68000030517578,2755000
2022-05-26,EWT,54.36000061035156,55.040000915527344,54.310001373291016,54.90999984741211,4455800
2022-05-27,EWT,55.880001068115234,56.04999923706055,55.84000015258789,56.040000915527344,3154300
2022-05-31,EWT,57.400001525878906,57.5,57.0099983215332,57.060001373291016,6366800
2022-06-01,EWT,57.220001220703125,57.290000915527344,56.279998779296875,56.560001373291016,5912000
2022-06-02,EWT,56.58000183105469,57.279998779296875,56.439998626708984,57.279998779296875,3642500
2022-06-03,EWT,56.630001068115234,56.70000076293945,56.040000915527344,56.22999954223633,3165500
2022-06-06,EWT,57.0,57.08000183105469,56.0099983215332,56.33000183105469,8583300
2022-06-07,EWT,55.83000183105469,56.349998474121094,55.779998779296875,56.33000183105469,2461400
2022-06-08,EWT,56.56999969482422,56.68000030517578,56.09000015258789,56.15999984741211,4094000
2022-06-09,EWT,56.02000045776367,56.16999816894531,55.38999938964844,55.43000030517578,2554000
2022-06-10,EWT,55.290000915527344,55.31999969482422,54.849998474121094,54.869998931884766,3564400
2022-06-13,EWT,53.56999969482422,53.83000183105469,53.08000183105469,53.189998626708984,6245600
2022-06-14,EWT,53.93000030517578,54.08000183105469,53.56999969482422,53.93000030517578,4129300
2022-06-15,EWT,54.02000045776367,54.95000076293945,53.79999923706055,54.5,6692300
2022-06-16,EWT,52.65999984741211,52.77000045776367,52.2400016784668,52.45000076293945,6546400
2022-06-17,EWT,52.349998474121094,52.619998931884766,51.939998626708984,52.34000015258789,3877500
2022-06-21,EWT,53.119998931884766,53.45000076293945,53.099998474121094,53.2599983215332,4361700
2022-06-22,EWT,51.900001525878906,52.47999954223633,51.849998474121094,52.09000015258789,3166500
2022-06-23,EWT,51.869998931884766,51.9900016784668,51.31999969482422,51.959999084472656,3856700
2022-06-24,EWT,52.040000915527344,52.81999969482422,52.0099983215332,52.790000915527344,5427800
2022-06-27,EWT,52.88999938964844,52.939998626708984,52.5,52.65999984741211,4536900
2022-06-28,EWT,52.560001373291016,52.7400016784668,51.75,51.779998779296875,2987200
2022-06-29,EWT,51.65999984741211,51.7400016784668,51.400001525878906,51.529998779296875,2711600
2022-06-30,EWT,50.0,50.58000183105469,49.709999084472656,50.41999816894531,6693100
2022-07-01,EWT,49.15999984741211,49.2400016784668,48.68000030517578,49.08000183105469,4997300
2022-07-05,EWT,47.900001525878906,48.709999084472656,47.75,48.68000030517578,3535700
2022-07-06,EWT,47.86000061035156,48.209999084472656,47.65999984741211,48.0099983215332,3949900
2022-07-07,EWT,48.939998626708984,49.4900016784668,48.939998626708984,49.38999938964844,4225900
2022-07-08,EWT,49.220001220703125,49.66999816894531,49.099998474121094,49.61000061035156,3118300
2022-07-11,EWT,48.650001525878906,48.709999084472656,48.2599983215332,48.40999984741211,2369200
2022-07-12,EWT,48.619998931884766,48.849998474121094,48.400001525878906,48.54999923706055,3668600
2022-07-13,EWT,48.25,49.16999816894531,48.20000076293945,49.040000915527344,3372000
2022-07-14,EWT,48.790000915527344,49.22999954223633,48.36000061035156,49.15999984741211,3314100
2022-07-15,EWT,49.36000061035156,49.619998931884766,49.150001525878906,49.599998474121094,2667100
2022-07-18,EWT,50.06999969482422,50.16999816894531,49.439998626708984,49.5,2727800
2022-07-19,EWT,50.18000030517578,50.529998779296875,50.09000015258789,50.5,2197700
2022-07-20,EWT,50.02000045776367,50.310001373291016,49.880001068115234,50.16999816894531,3228300
2022-07-21,EWT,50.68000030517578,51.15999984741211,50.4900016784668,51.13999938964844,3130800
2022-07-22,EWT,51.13999938964844,51.279998779296875,50.599998474121094,50.84000015258789,1422300
2022-07-25,EWT,50.97999954223633,51.0099983215332,50.75,50.959999084472656,1804900
2022-07-26,EWT,50.439998626708984,50.4900016784668,49.9900016784668,50.040000915527344,2047400
2022-07-27,EWT,50.720001220703125,51.5,50.63999938964844,51.349998474121094,3087700
2022-07-28,EWT,51.060001373291016,51.33000183105469,50.689998626708984,51.2599983215332,2077700
2022-07-29,EWT,50.880001068115234,51.34000015258789,50.75,51.290000915527344,3069400
2022-08-01,EWT,50.349998474121094,50.7400016784668,50.119998931884766,50.349998474121094,6567800
2022-08-02,EWT,50.0,50.720001220703125,49.90999984741211,50.099998474121094,10755000
2022-08-03,EWT,50.380001068115234,50.61000061035156,50.119998931884766,50.470001220703125,2611000
2022-08-04,EWT,50.459999084472656,50.66999816894531,50.38999938964844,50.540000915527344,3037900
2022-08-05,EWT,51.15999984741211,51.47999954223633,51.099998474121094,51.45000076293945,3290200
2022-08-08,EWT,51.33000183105469,51.439998626708984,50.95000076293945,51.06999969482422,2762900
2022-08-09,EWT,51.38999938964844,51.470001220703125,51.040000915527344,51.119998931884766,2239400
2022-08-10,EWT,51.70000076293945,52.130001068115234,51.630001068115234,52.11000061035156,3875100
2022-08-11,EWT,52.58000183105469,52.91999816894531,52.31999969482422,52.34000015258789,4790200
2022-08-12,EWT,52.61000061035156,53.04999923706055,52.59000015258789,53.0099983215332,2185000
2022-08-15,EWT,52.7400016784668,52.95000076293945,52.70000076293945,52.84000015258789,2438800
2022-08-16,EWT,52.95000076293945,53.099998474121094,52.84000015258789,53.0,1147600
2022-08-17,EWT,52.790000915527344,52.939998626708984,52.58000183105469,52.72999954223633,1760000
2022-08-18,EWT,52.84000015258789,52.88999938964844,52.689998626708984,52.84000015258789,1537700
2022-08-19,EWT,52.47999954223633,52.5,52.16999816894531,52.20000076293945,1718300
2022-08-22,EWT,51.77000045776367,51.79999923706055,51.439998626708984,51.439998626708984,4100100
2022-08-23,EWT,51.38999938964844,51.810001373291016,51.369998931884766,51.459999084472656,3320700
2022-08-24,EWT,51.22999954223633,51.5,51.130001068115234,51.310001373291016,2570500
2022-08-25,EWT,51.720001220703125,52.16999816894531,51.65999984741211,52.130001068115234,3332500
2022-08-26,EWT,52.04999923706055,52.130001068115234,50.79999923706055,50.84000015258789,5652500
2022-08-29,EWT,50.279998779296875,50.43000030517578,50.060001373291016,50.209999084472656,4737900
2022-08-30,EWT,50.45000076293945,50.529998779296875,49.56999969482422,49.81999969482422,3335800
2022-08-31,EWT,50.56999969482422,50.66999816894531,50.220001220703125,50.22999954223633,4291700
2022-09-01,EWT,49.34000015258789,49.4900016784668,48.900001525878906,49.45000076293945,3335300
2022-09-02,EWT,49.22999954223633,49.38999938964844,48.59000015258789,48.66999816894531,3138400
2022-09-06,EWT,48.86000061035156,48.900001525878906,48.43000030517578,48.529998779296875,2325700
2022-09-07,EWT,47.880001068115234,48.5,47.77000045776367,48.45000076293945,3298300
2022-09-08,EWT,48.20000076293945,48.7599983215332,48.11000061035156,48.70000076293945,2242900
2022-09-09,EWT,49.15999984741211,49.5099983215332,49.13999938964844,49.5,2039800
2022-09-12,EWT,49.59000015258789,49.84000015258789,49.5099983215332,49.709999084472656,2891600
2022-09-13,EWT,48.779998779296875,48.88999938964844,47.7400016784668,47.779998779296875,4532800
2022-09-14,EWT,48.31999969482422,48.52000045776367,48.099998474121094,48.279998779296875,2941200
2022-09-15,EWT,48.15999984741211,48.380001068115234,47.81999969482422,47.88999938964844,2857100
2022-09-16,EWT,47.56999969482422,47.97999954223633,47.45000076293945,47.79999923706055,2631700
2022-09-19,EWT,47.25,47.779998779296875,47.18000030517578,47.7400016784668,3018400
2022-09-20,EWT,47.439998626708984,47.56999969482422,47.209999084472656,47.45000076293945,1927600
2022-09-21,EWT,47.18000030517578,47.689998626708984,46.77000045776367,46.81999969482422,2851600
2022-09-22,EWT,46.470001220703125,46.560001373291016,46.189998626708984,46.2599983215332,2826300
2022-09-23,EWT,45.439998626708984,45.5,44.900001525878906,45.06999969482422,4921000
2022-09-26,EWT,44.79999923706055,45.0,44.459999084472656,44.619998931884766,3613000
2022-09-27,EWT,44.97999954223633,45.18000030517578,44.5099983215332,44.689998626708984,3835300
2022-09-28,EWT,43.900001525878906,44.59000015258789,43.720001220703125,44.43000030517578,5415500
2022-09-29,EWT,43.75,43.77000045776367,43.189998626708984,43.45000076293945,4354100
2022-09-30,EWT,43.130001068115234,43.59000015258789,43.02000045776367,43.099998474121094,4910800
2022-10-03,EWT,43.18000030517578,43.68000030517578,42.97999954223633,43.599998474121094,3107000
2022-10-04,EWT,44.369998931884766,45.06999969482422,44.34000015258789,45.060001373291016,3818200
2022-10-05,EWT,44.97999954223633,45.43000030517578,44.58000183105469,45.220001220703125,3346400
2022-10-06,EWT,45.060001373291016,45.29999923706055,44.88999938964844,44.959999084472656,1710300
2022-10-07,EWT,44.25,44.34000015258789,43.5,43.54999923706055,2805700
2022-10-10,EWT,43.279998779296875,43.36000061035156,42.630001068115234,42.720001220703125,3018200
2022-10-11,EWT,42.33000183105469,42.630001068115234,41.939998626708984,42.11000061035156,3900300
2022-10-12,EWT,42.290000915527344,42.540000915527344,42.22999954223633,42.349998474121094,2898800
2022-10-13,EWT,41.150001525878906,42.86000061035156,41.029998779296875,42.77000045776367,5753200
2022-10-14,EWT,42.689998626708984,42.689998626708984,41.59000015258789,41.650001525878906,4330600
2022-10-17,EWT,42.380001068115234,42.650001525878906,42.34000015258789,42.540000915527344,2725300
2022-10-18,EWT,42.630001068115234,42.689998626708984,41.880001068115234,42.13999938964844,2661900
2022-10-19,EWT,41.38999938964844,41.75,41.2599983215332,41.45000076293945,2926100
2022-10-20,EWT,41.79999923706055,42.43000030517578,41.709999084472656,41.779998779296875,3888500
2022-10-21,EWT,41.41999816894531,42.209999084472656,41.29999923706055,42.209999084472656,2990300
2022-10-24,EWT,41.31999969482422,41.459999084472656,40.970001220703125,41.41999816894531,3339000
2022-10-25,EWT,40.91999816894531,41.529998779296875,40.88999938964844,41.52000045776367,4563800
2022-10-26,EWT,41.43000030517578,42.15999984741211,41.400001525878906,41.72999954223633,4309200
2022-10-27,EWT,41.93000030517578,42.20000076293945,41.66999816894531,41.75,2552900
2022-10-28,EWT,41.529998779296875,41.97999954223633,41.38999938964844,41.970001220703125,2773400
2022-10-31,EWT,41.59000015258789,41.75,41.43000030517578,41.65999984741211,4496200
2022-11-01,EWT,42.470001220703125,42.54999923706055,42.040000915527344,42.099998474121094,2722000
2022-11-02,EWT,42.18000030517578,42.68000030517578,41.5099983215332,41.5099983215332,4010700
2022-11-03,EWT,41.47999954223633,41.81999969482422,41.27000045776367,41.650001525878906,2607100
2022-11-04,EWT,42.79999923706055,43.060001373291016,42.529998779296875,43.0099983215332,3060500
2022-11-07,EWT,43.189998626708984,43.290000915527344,42.970001220703125,43.22999954223633,1903200
2022-11-08,EWT,43.65999984741211,44.13999938964844,43.59000015258789,43.93000030517578,3658300
2022-11-09,EWT,44.4900016784668,44.61000061035156,43.95000076293945,44.0,3252000
2022-11-10,EWT,45.5099983215332,46.59000015258789,45.36000061035156,46.58000183105469,7589300
2022-11-11,EWT,47.58000183105469,48.2599983215332,47.400001525878906,48.09000015258789,6914500
2022-11-14,EWT,47.88999938964844,48.18000030517578,47.7400016784668,47.81999969482422,2995200
2022-11-15,EWT,49.650001525878906,49.83000183105469,49.119998931884766,49.459999084472656,5891800
2022-11-16,EWT,48.630001068115234,48.68000030517578,48.380001068115234,48.470001220703125,5985800
2022-11-17,EWT,47.95000076293945,48.65999984741211,47.95000076293945,48.540000915527344,2503800
2022-11-18,EWT,48.650001525878906,48.709999084472656,48.34000015258789,48.61000061035156,2387700
2022-11-21,EWT,48.119998931884766,48.119998931884766,47.83000183105469,47.970001220703125,3195100
2022-11-22,EWT,48.349998474121094,48.70000076293945,48.279998779296875,48.68000030517578,3931300
2022-11-23,EWT,48.709999084472656,49.130001068115234,48.689998626708984,49.04999923706055,2257100
2022-11-25,EWT,49.2400016784668,49.290000915527344,49.029998779296875,49.18000030517578,1042200
2022-11-28,EWT,48.81999969482422,48.970001220703125,48.209999084472656,48.209999084472656,2665800
2022-11-29,EWT,49.02000045776367,49.20000076293945,48.79999923706055,49.060001373291016,3213300
2022-11-30,EWT,50.029998779296875,50.90999984741211,49.4900016784668,50.81999969482422,6110300
2022-12-01,EWT,50.9900016784668,51.08000183105469,50.41999816894531,50.75,4331700
2022-12-02,EWT,50.22999954223633,50.810001373291016,50.16999816894531,50.630001068115234,2840600
2022-12-05,EWT,50.540000915527344,50.689998626708984,50.16999816894531,50.36000061035156,3335300
2022-12-06,EWT,49.79999923706055,49.83000183105469,49.220001220703125,49.33000183105469,3405400
2022-12-07,EWT,49.439998626708984,49.619998931884766,49.22999954223633,49.38999938964844,2571600
2022-12-08,EWT,49.380001068115234,49.65999984741211,49.189998626708984,49.540000915527344,6079100
2022-12-09,EWT,49.689998626708984,49.959999084472656,49.4900016784668,49.4900016784668,3021200
2022-12-12,EWT,49.290000915527344,49.720001220703125,49.15999984741211,49.709999084472656,5502400
2022-12-13,EWT,42.61000061035156,42.61000061035156,41.7599983215332,41.939998626708984,7524500
2022-12-14,EWT,42.16999816894531,42.34000015258789,41.68000030517578,42.029998779296875,4309600
2022-12-15,EWT,41.70000076293945,41.709999084472656,41.0099983215332,41.06999969482422,3795900
2022-12-16,EWT,41.130001068115234,41.18000030517578,40.790000915527344,40.90999984741211,2796800
2022-12-19,EWT,41.13999938964844,41.18000030517578,40.7599983215332,40.88999938964844,1622600
2022-12-20,EWT,40.529998779296875,40.72999954223633,40.40999984741211,40.61000061035156,2422100
2022-12-21,EWT,40.65999984741211,41.11000061035156,40.58000183105469,41.08000183105469,5556700
2022-12-22,EWT,40.849998474121094,40.86000061035156,40.16999816894531,40.54999923706055,3972600
2022-12-23,EWT,40.45000076293945,40.68000030517578,40.33000183105469,40.599998474121094,1389900
2022-12-27,EWT,40.689998626708984,40.79999923706055,40.61000061035156,40.619998931884766,1853200
2022-12-28,EWT,40.33000183105469,40.41999816894531,39.75,39.79999923706055,2071000
2022-12-29,EWT,40.31999969482422,40.689998626708984,40.290000915527344,40.650001525878906,4002700
2022-12-30,EWT,40.2400016784668,40.349998474121094,39.88999938964844,40.15999984741211,3254600
2023-01-03,EWT,40.65999984741211,40.900001525878906,40.279998779296875,40.36000061035156,2744000
2023-01-04,EWT,40.72999954223633,41.029998779296875,40.47999954223633,40.93000030517578,4364500
2023-01-05,EWT,40.709999084472656,40.7400016784668,40.540000915527344,40.630001068115234,1730800
2023-01-06,EWT,41.27000045776367,42.029998779296875,41.060001373291016,41.970001220703125,3012200
2023-01-09,EWT,42.79999923706055,43.08000183105469,42.61000061035156,42.61000061035156,2967500
2023-01-10,EWT,42.83000183105469,43.02000045776367,42.75,43.0099983215332,1841100
2023-01-11,EWT,42.83000183105469,42.97999954223633,42.66999816894531,42.97999954223633,1987600
2023-01-12,EWT,42.95000076293945,43.5,42.66999816894531,43.34000015258789,4408700
2023-01-13,EWT,42.93000030517578,43.279998779296875,42.91999816894531,43.25,2434900
2023-01-17,EWT,43.369998931884766,43.650001525878906,43.34000015258789,43.61000061035156,2389900
2023-01-18,EWT,44.0099983215332,44.0099983215332,43.40999984741211,43.40999984741211,2969500
2023-01-19,EWT,43.33000183105469,43.61000061035156,43.25,43.36000061035156,2854300
2023-01-20,EWT,43.720001220703125,44.20000076293945,43.560001373291016,44.189998626708984,2037300
2023-01-23,EWT,44.2599983215332,45.130001068115234,44.209999084472656,44.84000015258789,2520400
2023-01-24,EWT,44.83000183105469,45.0099983215332,44.65999984741211,44.970001220703125,2300700
2023-01-25,EWT,44.7599983215332,45.0099983215332,44.400001525878906,45.0,1828700
2023-01-26,EWT,45.4900016784668,45.54999923706055,45.2400016784668,45.529998779296875,4274100
2023-01-27,EWT,45.470001220703125,45.630001068115234,45.36000061035156,45.380001068115234,6709600
2023-01-30,EWT,45.099998474121094,45.310001373291016,44.86000061035156,44.86000061035156,3629300
2023-01-31,EWT,44.5,44.84000015258789,44.310001373291016,44.810001373291016,4124200
2023-02-01,EWT,45.130001068115234,45.900001525878906,44.959999084472656,45.7400016784668,5309000
2023-02-02,EWT,46.04999923706055,46.11000061035156,45.709999084472656,45.88999938964844,7443100
2023-02-03,EWT,45.310001373291016,45.619998931884766,44.970001220703125,45.060001373291016,4069700
2023-02-06,EWT,44.5099983215332,44.650001525878906,44.290000915527344,44.36000061035156,4355200
2023-02-07,EWT,44.45000076293945,45.040000915527344,44.34000015258789,44.93000030517578,3393600
2023-02-08,EWT,45.220001220703125,45.2599983215332,44.849998474121094,44.959999084472656,2008600
2023-02-09,EWT,45.52000045776367,45.61000061035156,44.90999984741211,45.13999938964844,4303300
2023-02-10,EWT,44.9900016784668,45.04999923706055,44.689998626708984,44.900001525878906,2433500
2023-02-13,EWT,44.88999938964844,45.20000076293945,44.84000015258789,45.189998626708984,2008900
2023-02-14,EWT,45.08000183105469,45.56999969482422,44.91999816894531,45.290000915527344,3050800
2023-02-15,EWT,44.220001220703125,44.439998626708984,44.08000183105469,44.400001525878906,2754900
2023-02-16,EWT,44.41999816894531,44.720001220703125,44.209999084472656,44.349998474121094,3254300
2023-02-17,EWT,44.36000061035156,44.439998626708984,44.119998931884766,44.38999938964844,1836200
2023-02-21,EWT,44.189998626708984,44.36000061035156,43.849998474121094,43.880001068115234,2241700
2023-02-22,EWT,44.13999938964844,44.189998626708984,43.849998474121094,43.939998626708984,2217000
2023-02-23,EWT,44.869998931884766,45.09000015258789,44.52000045776367,44.880001068115234,2487000
2023-02-24,EWT,43.77000045776367,43.849998474121094,43.61000061035156,43.7599983215332,3208900
2023-02-27,EWT,44.04999923706055,44.18000030517578,43.849998474121094,43.93000030517578,3372500
2023-02-28,EWT,43.77000045776367,44.060001373291016,43.619998931884766,43.689998626708984,2397900
2023-03-01,EWT,44.400001525878906,44.439998626708984,44.13999938964844,44.209999084472656,2749700
2023-03-02,EWT,43.9900016784668,44.470001220703125,43.95000076293945,44.400001525878906,1866500
2023-03-03,EWT,44.529998779296875,44.88999938964844,44.380001068115234,44.849998474121094,1898000
2023-03-06,EWT,44.880001068115234,45.04999923706055,44.689998626708984,44.720001220703125,1556400
2023-03-07,EWT,45.0,45.040000915527344,44.34000015258789,44.400001525878906,3347400
2023-03-08,EWT,44.63999938964844,44.88999938964844,44.599998474121094,44.81999969482422,2747100
2023-03-09,EWT,44.439998626708984,44.650001525878906,43.849998474121094,43.90999984741211,4803500
2023-03-10,EWT,43.91999816894531,44.060001373291016,43.459999084472656,43.4900016784668,4548200
2023-03-13,EWT,43.529998779296875,44.099998474121094,43.52000045776367,43.849998474121094,8593600
2023-03-14,EWT,43.84000015258789,44.040000915527344,43.689998626708984,43.939998626708984,3450500
2023-03-15,EWT,42.77000045776367,43.029998779296875,42.58000183105469,43.029998779296875,5762900
2023-03-16,EWT,43.08000183105469,43.779998779296875,43.02000045776367,43.7599983215332,4144700
2023-03-17,EWT,43.70000076293945,43.81999969482422,43.5099983215332,43.56999969482422,3071400
2023-03-20,EWT,43.81999969482422,44.0099983215332,43.70000076293945,43.97999954223633,1638300
2023-03-21,EWT,44.25,44.47999954223633,44.130001068115234,44.43000030517578,2347800
2023-03-22,EWT,44.9900016784668,45.630001068115234,44.84000015258789,44.86000061035156,4115400
2023-03-23,EWT,45.5,45.849998474121094,45.2400016784668,45.470001220703125,3060500
2023-03-24,EWT,45.369998931884766,45.5,45.130001068115234,45.5,2138600
2023-03-27,EWT,45.20000076293945,45.220001220703125,45.0,45.189998626708984,1933300
2023-03-28,EWT,45.02000045776367,45.060001373291016,44.790000915527344,45.029998779296875,1709800
2023-03-29,EWT,45.150001525878906,45.22999954223633,45.029998779296875,45.16999816894531,3605000
2023-03-30,EWT,45.349998474121094,45.38999938964844,45.189998626708984,45.31999969482422,2180600
2023-03-31,EWT,45.22999954223633,45.43000030517578,45.18000030517578,45.33000183105469,1925100
2023-04-03,EWT,45.29999923706055,45.63999938964844,45.22999954223633,45.599998474121094,2232600
2023-04-04,EWT,45.45000076293945,45.66999816894531,45.29999923706055,45.52000045776367,1807600
2023-04-05,EWT,45.439998626708984,45.439998626708984,44.75,44.95000076293945,2605300
2023-04-06,EWT,44.81999969482422,45.0099983215332,44.630001068115234,44.88999938964844,2448800
2023-04-10,EWT,44.720001220703125,44.95000076293945,44.599998474121094,44.939998626708984,1927200
2023-04-11,EWT,45.29999923706055,45.380001068115234,45.189998626708984,45.209999084472656,1836000
2023-04-12,EWT,45.459999084472656,45.4900016784668,44.97999954223633,45.0099983215332,4130500
2023-04-13,EWT,45.02000045776367,45.27000045776367,44.91999816894531,45.209999084472656,2637600
2023-04-14,EWT,45.2400016784668,45.38999938964844,44.91999816894531,45.119998931884766,3137100
2023-04-17,EWT,45.02000045776367,45.11000061035156,44.880001068115234,45.060001373291016,1044800
2023-04-18,EWT,44.970001220703125,45.060001373291016,44.83000183105469,44.90999984741211,2255800
2023-04-19,EWT,44.2599983215332,44.43000030517578,44.220001220703125,44.34000015258789,1870800
2023-04-20,EWT,44.29999923706055,44.58000183105469,44.22999954223633,44.349998474121094,3396400
2023-04-21,EWT,44.099998474121094,44.099998474121094,43.83000183105469,43.95000076293945,2507900
2023-04-24,EWT,44.040000915527344,44.15999984741211,43.95000076293945,44.040000915527344,1319000
2023-04-25,EWT,43.15999984741211,43.189998626708984,42.900001525878906,42.91999816894531,2615100
2023-04-26,EWT,43.22999954223633,43.27000045776367,43.0,43.040000915527344,2843600
2023-04-27,EWT,43.29999923706055,43.689998626708984,43.2599983215332,43.650001525878906,2537200
2023-04-28,EWT,43.75,43.91999816894531,43.709999084472656,43.91999816894531,2406800
2023-05-01,EWT,43.790000915527344,44.060001373291016,43.68000030517578,43.70000076293945,2300500
2023-05-02,EWT,43.790000915527344,43.790000915527344,43.38999938964844,43.54999923706055,2739000
2023-05-03,EWT,43.79999923706055,44.0,43.59000015258789,43.599998474121094,2152200
2023-05-04,EWT,43.84000015258789,43.900001525878906,43.65999984741211,43.7400016784668,2361700
2023-05-05,EWT,44.04999923706055,44.5,43.97999954223633,44.400001525878906,3521400
2023-05-08,EWT,44.279998779296875,44.310001373291016,44.16999816894531,44.27000045776367,914300
2023-05-09,EWT,44.20000076293945,44.220001220703125,44.09000015258789,44.150001525878906,2469500
2023-05-10,EWT,44.0,44.13999938964844,43.84000015258789,44.060001373291016,2011800
2023-05-11,EWT,43.529998779296875,43.59000015258789,43.31999969482422,43.5099983215332,3146400
2023-05-12,EWT,43.4900016784668,43.59000015258789,43.189998626708984,43.310001373291016,2412200
2023-05-15,EWT,43.52000045776367,43.88999938964844,43.52000045776367,43.83000183105469,2639600
2023-05-16,EWT,44.040000915527344,44.189998626708984,44.0,44.0099983215332,2179800
2023-05-17,EWT,44.75,45.130001068115234,44.68000030517578,45.09000015258789,2855600
2023-05-18,EWT,45.29999923706055,45.5,45.22999954223633,45.439998626708984,1495300
2023-05-19,EWT,45.68000030517578,45.7400016784668,45.52000045776367,45.599998474121094,2512900
2023-05-22,EWT,45.45000076293945,45.59000015258789,45.43000030517578,45.439998626708984,1476100
2023-05-23,EWT,45.220001220703125,45.2599983215332,44.91999816894531,44.95000076293945,1724700
2023-05-24,EWT,44.81999969482422,44.86000061035156,44.619998931884766,44.709999084472656,2498700
2023-05-25,EWT,45.58000183105469,45.77000045776367,45.5,45.709999084472656,3792700
2023-05-26,EWT,46.29999923706055,46.880001068115234,46.2400016784668,46.79999923706055,3246100
2023-05-30,EWT,47.220001220703125,47.36000061035156,46.65999984741211,46.810001373291016,4052100
2023-05-31,EWT,46.38999938964844,46.38999938964844,45.88999938964844,46.20000076293945,4952100
2023-06-01,EWT,46.18000030517578,46.630001068115234,46.11000061035156,46.630001068115234,3406900
2023-06-02,EWT,47.119998931884766,47.310001373291016,46.9900016784668,47.15999984741211,3113100
2023-06-05,EWT,46.88999938964844,47.040000915527344,46.790000915527344,47.0099983215332,2239000
2023-06-06,EWT,46.97999954223633,47.33000183105469,46.939998626708984,47.2599983215332,2296500
2023-06-07,EWT,47.59000015258789,47.75,47.27000045776367,47.310001373291016,2203200
2023-06-08,EWT,47.02000045776367,47.40999984741211,47.02000045776367,47.369998931884766,1446200
2023-06-09,EWT,47.560001373291016,47.779998779296875,47.459999084472656,47.599998474121094,2865900
2023-06-12,EWT,47.709999084472656,48.040000915527344,47.66999816894531,48.029998779296875,2041400
2023-06-13,EWT,48.83000183105469,48.869998931884766,48.540000915527344,48.7400016784668,2954400
2023-06-14,EWT,48.5,48.79999923706055,48.290000915527344,48.63999938964844,4107500
2023-06-15,EWT,48.79999923706055,49.04999923706055,48.7400016784668,49.029998779296875,3452700
2023-06-16,EWT,48.709999084472656,48.72999954223633,48.40999984741211,48.45000076293945,2580400
2023-06-20,EWT,48.02000045776367,48.150001525878906,47.79999923706055,47.84000015258789,2056700
2023-06-21,EWT,47.939998626708984,47.97999954223633,47.689998626708984,47.849998474121094,1987000
2023-06-22,EWT,47.41999816894531,47.880001068115234,47.369998931884766,47.79999923706055,1277700
2023-06-23,EWT,47.0,47.189998626708984,46.90999984741211,47.13999938964844,1869400
2023-06-26,EWT,47.33000183105469,47.5099983215332,47.2400016784668,47.279998779296875,1810000
2023-06-27,EWT,47.16999816894531,47.40999984741211,47.04999923706055,47.380001068115234,1875900
2023-06-28,EWT,47.0,47.220001220703125,46.869998931884766,47.11000061035156,3522800
2023-06-29,EWT,46.84000015258789,47.029998779296875,46.79999923706055,46.81999969482422,6981700
2023-06-30,EWT,47.040000915527344,47.2599983215332,47.02000045776367,47.02000045776367,5452200
2023-07-03,EWT,47.54999923706055,47.77000045776367,47.439998626708984,47.56999969482422,1307700
2023-07-05,EWT,47.20000076293945,47.2599983215332,47.02000045776367,47.06999969482422,3288900
2023-07-06,EWT,46.130001068115234,46.18000030517578,45.7400016784668,45.97999954223633,3666400
2023-07-07,EWT,46.119998931884766,46.540000915527344,46.099998474121094,46.2400016784668,2436700
2023-07-10,EWT,45.959999084472656,46.25,45.93000030517578,46.22999954223633,2321700
2023-07-11,EWT,46.959999084472656,47.029998779296875,46.70000076293945,46.90999984741211,2293900
2023-07-12,EWT,47.63999938964844,48.06999969482422,47.599998474121094,48.06999969482422,3172900
2023-07-13,EWT,48.349998474121094,48.810001373291016,48.33000183105469,48.77000045776367,2371900
2023-07-14,EWT,49.0,49.04999923706055,48.68000030517578,48.70000076293945,3173400
2023-07-17,EWT,48.84000015258789,48.9900016784668,48.56999969482422,48.970001220703125,2220900
2023-07-18,EWT,48.779998779296875,48.9900016784668,48.66999816894531,48.95000076293945,2168300
2023-07-19,EWT,48.470001220703125,48.529998779296875,48.08000183105469,48.209999084472656,1899700
2023-07-20,EWT,47.959999084472656,48.08000183105469,47.47999954223633,47.56999969482422,3528200
2023-07-21,EWT,47.619998931884766,47.72999954223633,47.43000030517578,47.470001220703125,1998900
2023-07-24,EWT,47.869998931884766,48.09000015258789,47.7599983215332,48.08000183105469,2350000
2023-07-25,EWT,48.41999816894531,48.59000015258789,48.400001525878906,48.470001220703125,1416100
2023-07-26,EWT,48.099998474121094,48.63999938964844,48.08000183105469,48.470001220703125,2744500
2023-07-27,EWT,48.56999969482422,48.59000015258789,47.959999084472656,48.0099983215332,3079200
2023-07-28,EWT,48.560001373291016,48.84000015258789,48.529998779296875,48.779998779296875,2906100
2023-07-31,EWT,47.880001068115234,47.959999084472656,47.7599983215332,47.880001068115234,1716800
2023-08-01,EWT,47.84000015258789,47.88999938964844,47.619998931884766,47.720001220703125,1545900
2023-08-02,EWT,46.689998626708984,46.709999084472656,46.36000061035156,46.380001068115234,2216200
2023-08-03,EWT,46.0099983215332,46.27000045776367,45.90999984741211,46.099998474121094,2876500
2023-08-04,EWT,46.70000076293945,47.11000061035156,46.56999969482422,46.7400016784668,3185000
2023-08-07,EWT,47.209999084472656,47.27000045776367,47.0,47.20000076293945,1965500
2023-08-08,EWT,46.380001068115234,46.459999084472656,46.150001525878906,46.41999816894531,1707600
2023-08-09,EWT,46.790000915527344,46.84000015258789,46.349998474121094,46.47999954223633,1825900
2023-08-10,EWT,46.47999954223633,46.7599983215332,46.06999969482422,46.16999816894531,2391500
2023-08-11,EWT,45.90999984741211,46.02000045776367,45.66999816894531,45.790000915527344,2852700
2023-08-14,EWT,45.130001068115234,45.56999969482422,45.099998474121094,45.529998779296875,2176000
2023-08-15,EWT,45.27000045776367,45.31999969482422,45.11000061035156,45.119998931884766,2190100
2023-08-16,EWT,45.18000030517578,45.400001525878906,45.0,45.0,2068700
2023-08-17,EWT,45.619998931884766,45.63999938964844,45.150001525878906,45.15999984741211,2176000
2023-08-18,EWT,44.900001525878906,45.209999084472656,44.849998474121094,45.119998931884766,2238400
2023-08-21,EWT,45.060001373291016,45.470001220703125,45.029998779296875,45.40999984741211,2298500
2023-08-22,EWT,45.34000015258789,45.400001525878906,44.95000076293945,45.029998779296875,2365100
2023-08-23,EWT,45.56999969482422,45.91999816894531,45.560001373291016,45.849998474121094,2615300
2023-08-24,EWT,46.31999969482422,46.31999969482422,45.72999954223633,45.77000045776367,4104200
2023-08-25,EWT,45.45000076293945,45.72999954223633,45.209999084472656,45.5,2576600
2023-08-28,EWT,45.77000045776367,45.849998474121094,45.65999984741211,45.81999969482422,1852100
2023-08-29,EWT,45.779998779296875,46.34000015258789,45.72999954223633,46.33000183105469,2179000
2023-08-30,EWT,46.150001525878906,46.310001373291016,46.08000183105469,46.189998626708984,1213700
2023-08-31,EWT,45.77000045776367,45.84000015258789,45.540000915527344,45.599998474121094,1902200
2023-09-01,EWT,46.0099983215332,46.08000183105469,45.650001525878906,45.7599983215332,1551200
2023-09-05,EWT,45.970001220703125,46.099998474121094,45.86000061035156,45.90999984741211,2210600
2023-09-06,EWT,45.790000915527344,45.959999084472656,45.43000030517578,45.54999923706055,2201400
2023-09-07,EWT,45.099998474121094,45.15999984741211,44.97999954223633,45.130001068115234,4339500
2023-09-08,EWT,45.25,45.38999938964844,45.119998931884766,45.150001525878906,1388000
2023-09-11,EWT,45.18000030517578,45.33000183105469,45.029998779296875,45.310001373291016,1688800
2023-09-12,EWT,45.2599983215332,45.560001373291016,45.2599983215332,45.41999816894531,2854300
2023-09-13,EWT,45.540000915527344,45.83000183105469,45.4900016784668,45.689998626708984,1759800
2023-09-14,EWT,46.36000061035156,46.43000030517578,46.189998626708984,46.2599983215332,1848000
2023-09-15,EWT,46.29999923706055,46.349998474121094,45.970001220703125,46.02000045776367,2504600
2023-09-18,EWT,45.83000183105469,46.040000915527344,45.7599983215332,45.970001220703125,2160100
2023-09-19,EWT,45.61000061035156,45.650001525878906,45.36000061035156,45.540000915527344,2069200
2023-09-20,EWT,45.619998931884766,45.7400016784668,45.220001220703125,45.25,2064600
2023-09-21,EWT,44.43000030517578,44.59000015258789,44.29999923706055,44.34000015258789,2622100
2023-09-22,EWT,44.779998779296875,44.880001068115234,44.61000061035156,44.70000076293945,2030600
2023-09-25,EWT,44.709999084472656,44.959999084472656,44.68000030517578,44.88999938964844,1713300
2023-09-26,EWT,44.45000076293945,44.47999954223633,44.099998474121094,44.150001525878906,3138600
2023-09-27,EWT,44.349998474121094,44.459999084472656,44.0099983215332,44.2599983215332,2476600
2023-09-28,EWT,44.33000183105469,44.84000015258789,44.33000183105469,44.7599983215332,4056300
2023-09-29,EWT,45.13999938964844,45.16999816894531,44.47999954223633,44.54999923706055,2609000
2023-10-02,EWT,44.79999923706055,44.79999923706055,44.47999954223633,44.599998474121094,3763300
2023-10-03,EWT,44.400001525878906,44.560001373291016,44.060001373291016,44.130001068115234,3959800
2023-10-04,EWT,44.22999954223633,44.34000015258789,44.060001373291016,44.2400016784668,3728300
2023-10-05,EWT,44.70000076293945,44.880001068115234,44.5,44.810001373291016,1841200
2023-10-06,EWT,44.97999954223633,45.66999816894531,44.86000061035156,45.56999969482422,2851100
2023-10-09,EWT,45.08000183105469,45.45000076293945,44.91999816894531,45.43000030517578,2187300
2023-10-10,EWT,45.38999938964844,45.88999938964844,45.349998474121094,45.81999969482422,3087400
2023-10-11,EWT,45.90999984741211,45.970001220703125,45.65999984741211,45.880001068115234,2821700
2023-10-12,EWT,46.0099983215332,46.06999969482422,45.5099983215332,45.66999816894531,4449200
2023-10-13,EWT,45.720001220703125,45.86000061035156,45.43000030517578,45.5099983215332,2528400
2023-10-16,EWT,45.54999923706055,45.83000183105469,45.470001220703125,45.7400016784668,2928900
2023-10-17,EWT,45.06999969482422,45.47999954223633,44.970001220703125,45.2599983215332,2531300
2023-10-18,EWT,44.540000915527344,44.66999816894531,44.279998779296875,44.36000061035156,2467100
2023-10-19,EWT,44.790000915527344,45.0099983215332,44.619998931884766,44.779998779296875,2983300
2023-10-20,EWT,44.400001525878906,44.599998474121094,44.20000076293945,44.209999084472656,2633700
2023-10-23,EWT,43.81999969482422,44.31999969482422,43.630001068115234,44.11000061035156,3237600
2023-10-24,EWT,44.2400016784668,44.5099983215332,44.2400016784668,44.470001220703125,1968400
2023-10-25,EWT,44.189998626708984,44.220001220703125,43.72999954223633,43.83000183105469,2742500
2023-10-26,EWT,43.4900016784668,43.63999938964844,43.33000183105469,43.4900016784668,2731900
2023-10-27,EWT,43.66999816894531,43.709999084472656,43.400001525878906,43.459999084472656,2687200
2023-10-30,EWT,43.86000061035156,43.959999084472656,43.63999938964844,43.81999969482422,3188500
2023-10-31,EWT,43.400001525878906,43.540000915527344,43.220001220703125,43.52000045776367,2110500
2023-11-01,EWT,43.54999923706055,44.04999923706055,43.54999923706055,44.040000915527344,2938900
2023-11-02,EWT,44.90999984741211,45.0099983215332,44.75,44.9900016784668,1826300
2023-11-03,EWT,45.220001220703125,45.83000183105469,45.220001220703125,45.7400016784668,2502300
2023-11-06,EWT,45.83000183105469,45.869998931884766,45.66999816894531,45.84000015258789,1406000
2023-11-07,EWT,45.68000030517578,45.880001068115234,45.54999923706055,45.84000015258789,1618400
2023-11-08,EWT,45.880001068115234,45.90999984741211,45.54999923706055,45.650001525878906,2296400
2023-11-09,EWT,45.79999923706055,45.959999084472656,45.4900016784668,45.5099983215332,2304000
2023-11-10,EWT,45.7400016784668,46.27000045776367,45.70000076293945,46.2400016784668,2374600
2023-11-13,EWT,45.970001220703125,46.16999816894531,45.84000015258789,46.040000915527344,1590300
2023-11-14,EWT,46.779998779296875,47.20000076293945,46.75,47.189998626708984,2706500
2023-11-15,EWT,47.43000030517578,47.65999984741211,47.33000183105469,47.380001068115234,3966000
2023-11-16,EWT,47.43000030517578,47.560001373291016,47.31999969482422,47.439998626708984,2047300
2023-11-17,EWT,47.84000015258789,47.869998931884766,47.7400016784668,47.83000183105469,4081600
2023-11-20,EWT,48.02000045776367,48.40999984741211,47.9900016784668,48.310001373291016,2005800
2023-11-21,EWT,48.9900016784668,49.0,48.630001068115234,48.68000030517578,3542300
2023-11-22,EWT,48.310001373291016,48.380001068115234,48.02000045776367,48.220001220703125,2551200
2023-11-24,EWT,48.099998474121094,48.220001220703125,48.02000045776367,48.130001068115234,1232900
2023-11-27,EWT,48.04999923706055,48.209999084472656,47.939998626708984,48.099998474121094,1749000
2023-11-28,EWT,48.560001373291016,48.810001373291016,48.5,48.75,2420800
2023-11-29,EWT,49.029998779296875,49.25,48.939998626708984,48.97999954223633,2934300
2023-11-30,EWT,48.90999984741211,48.93000030517578,48.61000061035156,48.70000076293945,3175300
2023-12-01,EWT,48.529998779296875,49.060001373291016,48.38999938964844,49.02000045776367,2376700
2023-12-04,EWT,48.459999084472656,48.52000045776367,48.13999938964844,48.2599983215332,1860700
2023-12-05,EWT,48.06999969482422,48.279998779296875,47.95000076293945,48.20000076293945,1528000
2023-12-06,EWT,48.4900016784668,48.54999923706055,48.099998474121094,48.11000061035156,1458400
2023-12-07,EWT,48.31999969482422,48.68000030517578,48.2599983215332,48.63999938964844,1285900
2023-12-08,EWT,48.33000183105469,48.560001373291016,48.29999923706055,48.54999923706055,1739500
2023-12-11,EWT,48.529998779296875,48.869998931884766,48.4900016784668,48.849998474121094,1370600
2023-12-12,EWT,48.61000061035156,48.810001373291016,48.45000076293945,48.790000915527344,1574800
2023-12-13,EWT,48.72999954223633,49.5099983215332,48.5,49.459999084472656,2894300
2023-12-14,EWT,49.66999816894531,50.189998626708984,49.66999816894531,50.15999984741211,2971100
2023-12-15,EWT,49.72999954223633,49.84000015258789,49.47999954223633,49.5,4089800
2023-12-18,EWT,49.45000076293945,49.529998779296875,49.33000183105469,49.439998626708984,1900600
2023-12-19,EWT,49.52000045776367,49.630001068115234,49.43000030517578,49.58000183105469,2090200
2023-12-20,EWT,44.2599983215332,44.27000045776367,43.400001525878906,43.43000030517578,6425000
2023-12-21,EWT,44.08000183105469,44.310001373291016,44.0099983215332,44.310001373291016,3672800
2023-12-22,EWT,44.529998779296875,44.619998931884766,44.369998931884766,44.470001220703125,1616500
2023-12-26,EWT,45.36000061035156,45.47999954223633,45.25,45.40999984741211,3202200
2023-12-27,EWT,45.81999969482422,45.900001525878906,45.66999816894531,45.86000061035156,2128600
2023-12-28,EWT,46.0099983215332,46.150001525878906,45.97999954223633,46.029998779296875,2461600
2023-12-29,EWT,46.20000076293945,46.27000045776367,45.91999816894531,46.029998779296875,1884600
2024-01-02,EWT,45.22999954223633,45.22999954223633,44.869998931884766,44.970001220703125,4126400
2024-01-03,EWT,44.25,44.470001220703125,44.16999816894531,44.29999923706055,4850000
2024-01-04,EWT,44.290000915527344,44.5,44.2400016784668,44.31999969482422,6457000
2024-01-05,EWT,44.400001525878906,44.68000030517578,44.33000183105469,44.38999938964844,3069800
2024-01-08,EWT,44.540000915527344,45.11000061035156,44.5099983215332,45.08000183105469,1470800
2024-01-09,EWT,44.130001068115234,44.290000915527344,43.959999084472656,44.13999938964844,2861100
2024-01-10,EWT,44.119998931884766,44.130001068115234,43.83000183105469,43.93000030517578,2376200
2024-01-11,EWT,44.13999938964844,44.2599983215332,43.7599983215332,44.0,4648000
2024-01-12,EWT,44.06999969482422,44.2599983215332,43.95000076293945,44.099998474121094,4830400
2024-01-16,EWT,43.11000061035156,43.13999938964844,42.79999923706055,42.900001525878906,4528900
2024-01-17,EWT,42.22999954223633,42.380001068115234,42.130001068115234,42.349998474121094,3630000
2024-01-18,EWT,43.0,43.189998626708984,42.959999084472656,43.130001068115234,3898100
2024-01-19,EWT,43.95000076293945,44.22999954223633,43.75,44.189998626708984,3671500
2024-01-22,EWT,44.29999923706055,44.43000030517578,44.209999084472656,44.279998779296875,2248800
2024-01-23,EWT,44.45000076293945,44.619998931884766,44.36000061035156,44.560001373291016,2648000
2024-01-24,EWT,44.95000076293945,45.20000076293945,44.779998779296875,44.959999084472656,8833000
2024-01-25,EWT,45.220001220703125,45.220001220703125,44.88999938964844,44.97999954223633,3504000
2024-01-26,EWT,45.09000015258789,45.189998626708984,44.970001220703125,45.0,2199000
2024-01-29,EWT,45.31999969482422,45.459999084472656,45.09000015258789,45.400001525878906,2485700
2024-01-30,EWT,45.029998779296875,45.189998626708984,44.959999084472656,45.150001525878906,2720400
2024-01-31,EWT,44.939998626708984,45.130001068115234,44.58000183105469,44.650001525878906,5169500
2024-02-01,EWT,44.869998931884766,44.970001220703125,44.70000076293945,44.959999084472656,1638700
2024-02-02,EWT,44.689998626708984,44.83000183105469,44.59000015258789,44.7599983215332,2493300
2024-02-05,EWT,44.7599983215332,44.939998626708984,44.61000061035156,44.84000015258789,2012700
2024-02-06,EWT,45.25,45.709999084472656,45.150001525878906,45.689998626708984,5181400
2024-02-07,EWT,45.63999938964844,46.0099983215332,45.59000015258789,46.0099983215332,3054900
2024-02-08,EWT,46.08000183105469,46.58000183105469,45.91999816894531,46.529998779296875,4808200
2024-02-09,EWT,46.84000015258789,46.84000015258789,46.43000030517578,46.689998626708984,2416800
2024-02-12,EWT,46.79999923706055,47.16999816894531,46.72999954223633,46.86000061035156,3342000
2024-02-13,EWT,45.9900016784668,46.13999938964844,45.40999984741211,45.59000015258789,3676700
2024-02-14,EWT,46.060001373291016,46.459999084472656,46.060001373291016,46.310001373291016,4420000
2024-02-15,EWT,46.310001373291016,46.38999938964844,46.16999816894531,46.380001068115234,4307700
2024-02-16,EWT,46.0,46.220001220703125,45.939998626708984,46.09000015258789,3744200
2024-02-20,EWT,46.59000015258789,46.630001068115234,46.2599983215332,46.43000030517578,2567200
2024-02-21,EWT,45.9900016784668,46.029998779296875,45.869998931884766,45.9900016784668,3564500
2024-02-22,EWT,46.599998474121094,46.709999084472656,46.4900016784668,46.68000030517578,3503600
2024-02-23,EWT,46.45000076293945,46.47999954223633,46.25,46.40999984741211,2651300
2024-02-26,EWT,46.47999954223633,46.52000045776367,46.349998474121094,46.400001525878906,1486400
2024-02-27,EWT,46.2599983215332,46.349998474121094,46.119998931884766,46.13999938964844,2290300
2024-02-28,EWT,45.95000076293945,45.9900016784668,45.720001220703125,45.86000061035156,2142400
2024-02-29,EWT,46.470001220703125,46.5,46.15999984741211,46.33000183105469,3986000
2024-03-01,EWT,46.369998931884766,46.959999084472656,46.33000183105469,46.86000061035156,2423900
2024-03-04,EWT,47.2599983215332,47.41999816894531,47.16999816894531,47.279998779296875,2316000
2024-03-05,EWT,47.220001220703125,47.27000045776367,46.81999969482422,46.970001220703125,3169300
2024-03-06,EWT,47.900001525878906,48.29999923706055,47.84000015258789,48.060001373291016,2643200
2024-03-07,EWT,48.40999984741211,48.88999938964844,48.380001068115234,48.779998779296875,2993700
2024-03-08,EWT,48.849998474121094,49.099998474121094,48.349998474121094,48.459999084472656,5053400
2024-03-11,EWT,48.400001525878906,48.52000045776367,48.279998779296875,48.34000015258789,4375400
2024-03-12,EWT,49.0,49.150001525878906,48.66999816894531,49.11000061035156,4778700
2024-03-13,EWT,48.88999938964844,48.88999938964844,48.619998931884766,48.72999954223633,3349800
2024-03-14,EWT,48.7400016784668,48.790000915527344,48.34000015258789,48.4900016784668,3957900
2024-03-15,EWT,48.33000183105469,48.5,48.27000045776367,48.31999969482422,2877600
2024-03-18,EWT,48.7400016784668,48.7400016784668,48.33000183105469,48.380001068115234,2540300
2024-03-19,EWT,48.16999816894531,48.369998931884766,47.9900016784668,48.27000045776367,3219800
2024-03-20,EWT,47.9900016784668,48.470001220703125,47.93000030517578,48.459999084472656,3191700
2024-03-21,EWT,48.939998626708984,49.0,48.63999938964844,48.70000076293945,3686400
2024-03-22,EWT,48.619998931884766,48.77000045776367,48.56999969482422,48.68000030517578,1628700
2024-03-25,EWT,48.7599983215332,49.0,48.68000030517578,48.869998931884766,1774700
2024-03-26,EWT,48.59000015258789,48.61000061035156,48.43000030517578,48.459999084472656,1975200
2024-03-27,EWT,48.650001525878906,48.68000030517578,48.470001220703125,48.59000015258789,2977400
2024-03-28,EWT,48.59000015258789,48.84000015258789,48.560001373291016,48.68000030517578,2703800
2024-04-01,EWT,48.84000015258789,49.06999969482422,48.68000030517578,48.81999969482422,3585200
2024-04-02,EWT,49.029998779296875,49.11000061035156,48.93000030517578,48.970001220703125,2143200
2024-04-03,EWT,48.7400016784668,49.15999984741211,48.72999954223633,49.0099983215332,2361100
2024-04-04,EWT,49.36000061035156,49.599998474121094,48.56999969482422,48.59000015258789,2314500
2024-04-05,EWT,48.279998779296875,48.7599983215332,48.189998626708984,48.619998931884766,3340900
2024-04-08,EWT,49.04999923706055,49.2400016784668,48.939998626708984,48.970001220703125,3614200
2024-04-09,EWT,49.88999938964844,49.970001220703125,49.54999923706055,49.79999923706055,5274500
2024-04-10,EWT,49.310001373291016,49.400001525878906,49.029998779296875,49.2599983215332,8044100
2024-04-11,EWT,49.29999923706055,49.38999938964844,48.91999816894531,49.31999969482422,7457900
2024-04-12,EWT,48.68000030517578,48.7400016784668,48.34000015258789,48.369998931884766,4288800
2024-04-15,EWT,48.400001525878906,48.400001525878906,47.599998474121094,47.65999984741211,3904000
2024-04-16,EWT,46.5099983215332,46.790000915527344,46.38999938964844,46.58000183105469,4159600
2024-04-17,EWT,47.09000015258789,47.18000030517578,46.599998474121094,46.84000015258789,5485100
2024-04-18,EWT,46.720001220703125,47.029998779296875,46.470001220703125,46.689998626708984,3454200
2024-04-19,EWT,46.08000183105469,46.13999938964844,45.61000061035156,45.709999084472656,3811700
2024-04-22,EWT,45.36000061035156,45.959999084472656,45.36000061035156,45.849998474121094,5088000
2024-04-23,EWT,45.939998626708984,46.349998474121094,45.93000030517578,46.310001373291016,2689900
2024-04-24,EWT,46.72999954223633,46.779998779296875,46.279998779296875,46.529998779296875,2940000
2024-04-25,EWT,45.790000915527344,46.63999938964844,45.7400016784668,46.540000915527344,5273500
2024-04-26,EWT,46.95000076293945,47.11000061035156,46.849998474121094,47.099998474121094,2102500
2024-04-29,EWT,47.689998626708984,47.939998626708984,47.529998779296875,47.90999984741211,4130700
2024-04-30,EWT,47.38999938964844,47.619998931884766,47.150001525878906,47.15999984741211,2951900
2024-05-01,EWT,47.20000076293945,47.72999954223633,46.790000915527344,46.90999984741211,2740700
2024-05-02,EWT,47.52000045776367,48.04999923706055,47.13999938964844,47.900001525878906,3303200
2024-05-03,EWT,48.439998626708984,48.709999084472656,48.279998779296875,48.650001525878906,3461900
2024-05-06,EWT,48.880001068115234,49.0099983215332,48.779998779296875,48.9900016784668,2088100
2024-05-07,EWT,48.7599983215332,48.79999923706055,48.540000915527344,48.560001373291016,1229000
2024-05-08,EWT,48.650001525878906,48.88999938964844,48.650001525878906,48.86000061035156,1545300
2024-05-09,EWT,48.75,48.93000030517578,48.59000015258789,48.91999816894531,2435000
2024-05-10,EWT,49.56999969482422,49.65999984741211,49.369998931884766,49.459999084472656,2456700
2024-05-13,EWT,49.630001068115234,49.689998626708984,49.439998626708984,49.560001373291016,1970800
2024-05-14,EWT,49.880001068115234,50.41999816894531,49.84000015258789,50.40999984741211,2699200
2024-05-15,EWT,51.0,51.349998474121094,50.84000015258789,51.310001373291016,1951600
2024-05-16,EWT,51.04999923706055,51.20000076293945,50.810001373291016,50.83000183105469,1828400
2024-05-17,EWT,50.88999938964844,51.08000183105469,50.81999969482422,50.97999954223633,2981700
2024-05-20,EWT,50.61000061035156,50.900001525878906,50.400001525878906,50.83000183105469,2345400
2024-05-21,EWT,50.459999084472656,50.56999969482422,50.38999938964844,50.52000045776367,1441400
2024-05-22,EWT,51.189998626708984,51.22999954223633,50.84000015258789,51.029998779296875,4145900
2024-05-23,EWT,51.79999923706055,51.79999923706055,50.880001068115234,51.040000915527344,2833600
2024-05-24,EWT,51.5,51.79999923706055,51.369998931884766,51.689998626708984,1438800
2024-05-28,EWT,52.40999984741211,52.540000915527344,52.11000061035156,52.29999923706055,3662500
2024-05-29,EWT,51.25,51.25,51.0,51.029998779296875,3005900
2024-05-30,EWT,51.15999984741211,51.349998474121094,50.9900016784668,51.150001525878906,2920000
2024-05-31,EWT,50.470001220703125,50.4900016784668,49.77000045776367,50.31999969482422,3436800
2024-06-03,EWT,51.06999969482422,51.06999969482422,50.4900016784668,50.849998474121094,2528000
2024-06-04,EWT,50.189998626708984,50.310001373291016,49.86000061035156,50.189998626708984,2029900
2024-06-05,EWT,50.93000030517578,51.439998626708984,50.84000015258789,51.41999816894531,5040100
2024-06-06,EWT,51.65999984741211,51.65999984741211,51.33000183105469,51.599998474121094,1897900
2024-06-07,EWT,51.34000015258789,51.470001220703125,51.09000015258789,51.15999984741211,1790500
2024-06-10,EWT,51.2400016784668,51.630001068115234,51.02000045776367,51.56999969482422,1049900
2024-06-11,EWT,51.290000915527344,51.540000915527344,50.97999954223633,51.52000045776367,3590700
2024-06-12,EWT,52.70000076293945,53.0099983215332,52.529998779296875,52.63999938964844,2565600
2024-06-13,EWT,52.86000061035156,52.869998931884766,52.349998474121094,52.63999938964844,2537200
2024-06-14,EWT,52.900001525878906,53.15999984741211,52.61000061035156,53.119998931884766,1335500
2024-06-17,EWT,53.380001068115234,53.779998779296875,53.22999954223633,53.709999084472656,2678100
2024-06-18,EWT,54.189998626708984,54.5099983215332,53.9900016784668,54.439998626708984,4163700
2024-06-20,EWT,55.2400016784668,55.380001068115234,54.540000915527344,54.869998931884766,2924400
2024-06-21,EWT,54.5099983215332,55.040000915527344,54.459999084472656,54.630001068115234,2249700
2024-06-24,EWT,54.310001373291016,54.459999084472656,53.83000183105469,53.849998474121094,1913400
2024-06-25,EWT,53.599998474121094,54.040000915527344,53.59000015258789,54.02000045776367,1738700
2024-06-26,EWT,53.5,53.709999084472656,53.290000915527344,53.61000061035156,2078400
2024-06-27,EWT,54.040000915527344,54.16999816894531,53.779998779296875,53.970001220703125,1961100
2024-06-28,EWT,54.470001220703125,54.689998626708984,54.0099983215332,54.189998626708984,1542800
2024-07-01,EWT,54.29999923706055,54.380001068115234,53.810001373291016,54.04999923706055,1627200
2024-07-02,EWT,53.86000061035156,54.41999816894531,53.86000061035156,54.349998474121094,1606700
2024-07-03,EWT,54.75,55.31999969482422,54.720001220703125,55.27000045776367,1798900
2024-07-05,EWT,55.709999084472656,55.709999084472656,55.13999938964844,55.47999954223633,5517200
2024-07-08,EWT,56.5,56.619998931884766,56.060001373291016,56.2400016784668,3061100
2024-07-09,EWT,56.29999923706055,56.31999969482422,55.90999984741211,56.09000015258789,4327900
2024-07-10,EWT,56.86000061035156,56.939998626708984,56.59000015258789,56.880001068115234,1519300
2024-07-11,EWT,57.650001525878906,57.689998626708984,56.68000030517578,56.84000015258789,5439000
2024-07-12,EWT,56.459999084472656,57.119998931884766,56.459999084472656,56.810001373291016,5626500
2024-07-15,EWT,56.459999084472656,56.459999084472656,55.77000045776367,55.869998931884766,3385500
2024-07-16,EWT,56.33000183105469,56.58000183105469,56.099998474121094,56.56999969482422,3656400
2024-07-17,EWT,55.349998474121094,55.349998474121094,54.61000061035156,54.650001525878906,16442900
2024-07-18,EWT,54.810001373291016,54.939998626708984,53.650001525878906,53.970001220703125,6895300
2024-07-19,EWT,53.540000915527344,53.790000915527344,53.08000183105469,53.13999938964844,3720800
2024-07-22,EWT,52.65999984741211,52.97999954223633,52.54999923706055,52.95000076293945,6177200
2024-07-23,EWT,53.25,53.36000061035156,53.040000915527344,53.119998931884766,1796000
2024-07-24,EWT,52.56999969482422,52.66999816894531,51.7599983215332,51.779998779296875,4553300
2024-07-25,EWT,51.4900016784668,52.310001373291016,50.97999954223633,51.66999816894531,6075100
2024-07-26,EWT,52.29999923706055,52.33000183105469,51.90999984741211,52.13999938964844,6199000
2024-07-29,EWT,51.65999984741211,51.75,51.16999816894531,51.43000030517578,2058800
2024-07-30,EWT,52.06999969482422,52.08000183105469,51.02000045776367,51.38999938964844,6992000
2024-07-31,EWT,53.0,53.38999938964844,52.88999938964844,53.13999938964844,8550300
2024-08-01,EWT,52.66999816894531,52.97999954223633,51.540000915527344,51.7400016784668,5749500
2024-08-02,EWT,50.0099983215332,50.38999938964844,49.650001525878906,50.290000915527344,5847600
2024-08-05,EWT,45.060001373291016,48.27000045776367,45.060001373291016,47.779998779296875,11772200
2024-08-06,EWT,47.790000915527344,49.02000045776367,47.279998779296875,48.290000915527344,5673200
2024-08-07,EWT,50.470001220703125,50.5099983215332,48.93000030517578,48.97999954223633,7329300
2024-08-08,EWT,50.20000076293945,50.869998931884766,49.599998474121094,50.849998474121094,7417800
2024-08-09,EWT,51.369998931884766,51.66999816894531,50.939998626708984,51.47999954223633,5001700
2024-08-12,EWT,51.70000076293945,52.189998626708984,51.5099983215332,51.86000061035156,6369700
2024-08-13,EWT,52.11000061035156,53.040000915527344,51.9900016784668,53.02000045776367,3133800
2024-08-14,EWT,52.970001220703125,53.15999984741211,52.349998474121094,52.86000061035156,4296300
2024-08-15,EWT,52.880001068115234,53.369998931884766,52.65999984741211,53.22999954223633,2620400
2024-08-16,EWT,53.2599983215332,53.810001373291016,53.2400016784668,53.790000915527344,2180100
2024-08-19,EWT,54.20000076293945,54.65999984741211,53.939998626708984,54.63999938964844,2877700
2024-08-20,EWT,54.439998626708984,54.5,53.93000030517578,54.13999938964844,2615700
2024-08-21,EWT,53.72999954223633,54.25,53.599998474121094,54.060001373291016,2855700
2024-08-22,EWT,54.15999984741211,54.15999984741211,52.720001220703125,52.869998931884766,5192200
2024-08-23,EWT,53.90999984741211,54.63999938964844,53.77000045776367,54.400001525878906,3567500
2024-08-26,EWT,54.400001525878906,54.400001525878906,53.790000915527344,53.93000030517578,2454100
2024-08-27,EWT,53.790000915527344,54.220001220703125,53.56999969482422,54.119998931884766,1872200
2024-08-28,EWT,54.31999969482422,54.36000061035156,53.7400016784668,54.0,4602500
2024-08-29,EWT,54.369998931884766,54.66999816894531,54.040000915527344,54.06999969482422,4123900
2024-08-30,EWT,54.0,54.099998474121094,53.45000076293945,53.79999923706055,2693700
2024-09-03,EWT,52.95000076293945,52.9900016784668,51.52000045776367,51.66999816894531,6030200
2024-09-04,EWT,50.779998779296875,51.66999816894531,50.779998779296875,51.20000076293945,6487800
2024-09-05,EWT,51.349998474121094,51.91999816894531,51.27000045776367,51.56999969482422,2455400
2024-09-06,EWT,51.970001220703125,52.02000045776367,50.06999969482422,50.08000183105469,4564400
2024-09-09,EWT,50.90999984741211,51.40999984741211,50.880001068115234,51.220001220703125,2237400
2024-09-10,EWT,50.81999969482422,50.880001068115234,50.11000061035156,50.79999923706055,5801700
2024-09-11,EWT,51.099998474121094,52.0099983215332,50.25,52.0,4529700
2024-09-12,EWT,52.060001373291016,52.5099983215332,51.84000015258789,52.5,3357700
2024-09-13,EWT,52.689998626708984,52.709999084472656,52.459999084472656,52.54999923706055,2458700
2024-09-16,EWT,52.689998626708984,52.689998626708984,52.20000076293945,52.56999969482422,4676900
2024-09-17,EWT,52.709999084472656,52.720001220703125,52.060001373291016,52.310001373291016,1785000
2024-09-18,EWT,52.31999969482422,53.0,51.97999954223633,52.02000045776367,3807100
2024-09-19,EWT,53.41999816894531,53.88999938964844,53.029998779296875,53.709999084472656,2266000
2024-09-20,EWT,53.599998474121094,53.599998474121094,52.959999084472656,53.15999984741211,2008900
2024-09-23,EWT,53.369998931884766,53.68000030517578,53.189998626708984,53.52000045776367,5001000
2024-09-24,EWT,54.689998626708984,55.279998779296875,54.439998626708984,55.22999954223633,4524400
2024-09-25,EWT,55.36000061035156,55.59000015258789,54.97999954223633,55.0099983215332,1598800
2024-09-26,EWT,56.43000030517578,56.560001373291016,55.7599983215332,56.380001068115234,3169800
2024-09-27,EWT,56.09000015258789,56.150001525878906,55.470001220703125,55.5,3617800
2024-09-30,EWT,54.060001373291016,54.310001373291016,53.47999954223633,53.869998931884766,3408400
2024-10-01,EWT,54.189998626708984,54.209999084472656,52.95000076293945,53.5099983215332,5785100
2024-10-02,EWT,53.72999954223633,53.849998474121094,53.29999923706055,53.599998474121094,3468000
2024-10-03,EWT,53.02000045776367,53.7599983215332,52.959999084472656,53.650001525878906,5048000
2024-10-04,EWT,53.86000061035156,53.86000061035156,53.40999984741211,53.779998779296875,3133200
2024-10-07,EWT,54.0,54.18000030517578,53.58000183105469,53.689998626708984,2427500
2024-10-08,EWT,54.119998931884766,54.41999816894531,53.939998626708984,54.34000015258789,3096500
2024-10-09,EWT,53.900001525878906,54.380001068115234,53.79999923706055,54.31999969482422,5988500
2024-10-10,EWT,54.11000061035156,54.5099983215332,53.779998779296875,54.439998626708984,1683900
2024-10-11,EWT,54.439998626708984,55.119998931884766,54.439998626708984,55.09000015258789,2991300
2024-10-14,EWT,55.02000045776367,55.38999938964844,54.95000076293945,55.369998931884766,2399400
2024-10-15,EWT,55.439998626708984,55.52000045776367,54.52000045776367,54.59000015258789,4287500
2024-10-16,EWT,55.2599983215332,55.400001525878906,55.060001373291016,55.2400016784668,2515600
2024-10-17,EWT,56.56999969482422,57.0099983215332,56.29999923706055,56.72999954223633,5331000
2024-10-18,EWT,57.02000045776367,57.02000045776367,56.540000915527344,56.65999984741211,3717300
2024-10-21,EWT,56.400001525878906,56.439998626708984,55.83000183105469,56.209999084472656,1827000
2024-10-22,EWT,56.36000061035156,56.54999923706055,56.22999954223633,56.47999954223633,2556100
2024-10-23,EWT,55.66999816894531,56.029998779296875,55.2400016784668,55.599998474121094,3546300
2024-10-24,EWT,55.779998779296875,55.869998931884766,55.349998474121094,55.61000061035156,2393600
2024-10-25,EWT,56.65999984741211,56.7599983215332,56.220001220703125,56.29999923706055,1323300
2024-10-28,EWT,55.810001373291016,55.810001373291016,55.400001525878906,55.47999954223633,3774900
2024-10-29,EWT,55.08000183105469,55.52000045776367,54.849998474121094,55.349998474121094,2352200
2024-10-30,EWT,54.95000076293945,55.119998931884766,54.630001068115234,54.72999954223633,2499800
2024-10-31,EWT,54.599998474121094,54.599998474121094,53.77000045776367,54.220001220703125,2410800
2024-11-01,EWT,55.040000915527344,55.400001525878906,54.720001220703125,54.79999923706055,1628200
2024-11-04,EWT,55.560001373291016,55.70000076293945,55.119998931884766,55.20000076293945,2267900
2024-11-05,EWT,55.720001220703125,56.2599983215332,55.70000076293945,55.939998626708984,2574100
2024-11-06,EWT,54.900001525878906,55.34000015258789,54.38999938964844,55.2400016784668,2673100
2024-11-07,EWT,56.33000183105469,56.72999954223633,56.279998779296875,56.650001525878906,3048200
2024-11-08,EWT,56.40999984741211,56.43000030517578,55.77000045776367,55.9900016784668,1723000
2024-11-11,EWT,55.119998931884766,55.13999938964844,54.369998931884766,54.7599983215332,2079200
2024-11-12,EWT,54.279998779296875,54.279998779296875,53.63999938964844,54.029998779296875,5553600
2024-11-13,EWT,54.58000183105469,54.630001068115234,53.81999969482422,54.08000183105469,2875200
2024-11-14,EWT,53.880001068115234,54.029998779296875,53.52000045776367,53.560001373291016,2503600
2024-11-15,EWT,53.720001220703125,53.779998779296875,53.15999984741211,53.31999969482422,2379700
2024-11-18,EWT,53.04999923706055,53.63999938964844,53.0,53.599998474121094,1754900
2024-11-19,EWT,53.72999954223633,54.279998779296875,53.61000061035156,54.209999084472656,1402900
2024-11-20,EWT,53.689998626708984,53.709999084472656,53.04999923706055,53.650001525878906,1801300
2024-11-21,EWT,53.58000183105469,53.84000015258789,53.2599983215332,53.7400016784668,1830600
2024-11-22,EWT,54.25,54.34000015258789,54.06999969482422,54.2400016784668,1080800
2024-11-25,EWT,54.5,54.5,53.83000183105469,54.060001373291016,2632400
2024-11-26,EWT,53.86000061035156,54.0,53.439998626708984,53.52000045776367,1410700
2024-11-27,EWT,53.0099983215332,53.09000015258789,52.18000030517578,52.689998626708984,2096200
2024-11-29,EWT,52.38999938964844,53.290000915527344,52.38999938964844,53.150001525878906,1401300
2024-12-02,EWT,53.91999816894531,54.27000045776367,53.91999816894531,54.189998626708984,3928200
2024-12-03,EWT,53.93000030517578,54.400001525878906,53.630001068115234,54.400001525878906,2548900
2024-12-04,EWT,54.959999084472656,55.150001525878906,54.68000030517578,55.0099983215332,2611400
2024-12-05,EWT,54.95000076293945,55.349998474121094,54.95000076293945,55.11000061035156,1555300
2024-12-06,EWT,55.099998474121094,55.099998474121094,54.77000045776367,54.849998474121094,1442600
2024-12-09,EWT,55.34000015258789,55.56999969482422,54.88999938964844,54.90999984741211,1382300
2024-12-10,EWT,54.59000015258789,54.68000030517578,53.880001068115234,53.93000030517578,3861800
2024-12-11,EWT,54.34000015258789,54.52000045776367,54.189998626708984,54.439998626708984,1518100
2024-12-12,EWT,54.18000030517578,54.31999969482422,54.02000045776367,54.060001373291016,1995600
2024-12-13,EWT,54.70000076293945,54.90999984741211,54.40999984741211,54.650001525878906,1062800
2024-12-16,EWT,54.439998626708984,54.63999938964844,54.220001220703125,54.459999084472656,3066600
2024-12-17,EWT,52.720001220703125,52.720001220703125,52.27000045776367,52.560001373291016,1873300
2024-12-18,EWT,53.09000015258789,53.279998779296875,51.310001373291016,51.43000030517578,4292800
2024-12-19,EWT,52.220001220703125,52.22999954223633,51.849998474121094,51.849998474121094,2442500
2024-12-20,EWT,51.66999816894531,52.5099983215332,51.58000183105469,52.220001220703125,2896700
2024-12-23,EWT,52.720001220703125,53.2599983215332,52.61000061035156,53.189998626708984,2025100
2024-12-24,EWT,52.880001068115234,53.130001068115234,52.79999923706055,53.11000061035156,503700
2024-12-26,EWT,52.56999969482422,52.84000015258789,52.470001220703125,52.630001068115234,1161100
2024-12-27,EWT,52.5,52.59000015258789,52.09000015258789,52.54999923706055,1927800
2024-12-30,EWT,51.91999816894531,52.16999816894531,51.66999816894531,51.970001220703125,1019900
2024-12-31,EWT,52.16999816894531,52.20000076293945,51.70000076293945,51.7599983215332,1033100
2025-01-02,EWT,51.4900016784668,51.77000045776367,51.099998474121094,51.34000015258789,2148700
2025-01-03,EWT,51.83000183105469,52.25,51.77000045776367,52.22999954223633,1430500
2025-01-06,EWT,53.709999084472656,53.970001220703125,53.56999969482422,53.81999969482422,4842100
2025-01-07,EWT,54.189998626708984,54.189998626708984,53.06999969482422,53.09000015258789,4525700
2025-01-08,EWT,52.689998626708984,52.689998626708984,52.310001373291016,52.4900016784668,3313200
2025-01-10,EWT,51.439998626708984,51.439998626708984,50.90999984741211,51.13999938964844,3082800
2025-01-13,EWT,49.79999923706055,50.279998779296875,49.79999923706055,50.27000045776367,3094900
2025-01-14,EWT,51.060001373291016,51.099998474121094,50.560001373291016,50.97999954223633,8238200
2025-01-15,EWT,51.310001373291016,51.59000015258789,51.18000030517578,51.529998779296875,3094900
2025-01-16,EWT,52.279998779296875,52.34000015258789,51.869998931884766,51.97999954223633,4075200
2025-01-17,EWT,52.16999816894531,52.41999816894531,51.939998626708984,52.029998779296875,2366300
2025-01-21,EWT,52.81999969482422,53.31999969482422,52.689998626708984,53.11000061035156,4170900
2025-01-22,EWT,53.439998626708984,53.540000915527344,53.220001220703125,53.349998474121094,2353800
2025-01-23,EWT,53.27000045776367,53.61000061035156,52.970001220703125,53.59000015258789,1296700
2025-01-24,EWT,53.93000030517578,53.93000030517578,53.380001068115234,53.43000030517578,1869600
2025-01-27,EWT,50.65999984741211,51.31999969482422,50.09000015258789,50.43000030517578,9212900
2025-01-28,EWT,50.4900016784668,51.2400016784668,50.18000030517578,51.18000030517578,2166500
2025-01-29,EWT,51.29999923706055,51.34000015258789,50.75,51.08000183105469,3887600
2025-01-30,EWT,51.58000183105469,51.86000061035156,51.38999938964844,51.66999816894531,1881200
2025-01-31,EWT,52.060001373291016,52.439998626708984,51.40999984741211,51.45000076293945,5564800
2025-02-03,EWT,50.68000030517578,51.369998931884766,50.47999954223633,51.0099983215332,3235600
2025-02-04,EWT,51.34000015258789,51.790000915527344,51.220001220703125,51.7599983215332,2921200
2025-02-05,EWT,51.869998931884766,52.31999969482422,51.81999969482422,52.130001068115234,2052400
2025-02-06,EWT,52.130001068115234,52.29999923706055,52.0099983215332,52.2599983215332,1373600
2025-02-07,EWT,52.63999938964844,52.81999969482422,51.9900016784668,52.0099983215332,2347600
2025-02-10,EWT,52.36000061035156,52.52000045776367,52.310001373291016,52.52000045776367,1252200
2025-02-11,EWT,52.13999938964844,52.59000015258789,52.13999938964844,52.52000045776367,2183600
2025-02-12,EWT,52.040000915527344,52.540000915527344,51.83000183105469,52.349998474121094,1396000
2025-02-13,EWT,52.43000030517578,52.900001525878906,52.27000045776367,52.869998931884766,4792500
2025-02-14,EWT,52.470001220703125,52.81999969482422,52.400001525878906,52.75,1796500
2025-02-18,EWT,53.31999969482422,53.43000030517578,53.02000045776367,53.16999816894531,4560900
2025-02-19,EWT,53.06999969482422,53.20000076293945,52.95000076293945,53.11000061035156,879800
2025-02-20,EWT,53.25,53.310001373291016,52.959999084472656,53.16999816894531,1506600
2025-02-21,EWT,53.5099983215332,53.66999816894531,52.779998779296875,52.95000076293945,2178500
2025-02-24,EWT,53.09000015258789,53.220001220703125,52.560001373291016,52.56999969482422,3245300
2025-02-25,EWT,52.68000030517578,52.779998779296875,52.16999816894531,52.369998931884766,1728100
2025-02-26,EWT,52.939998626708984,53.4900016784668,52.84000015258789,53.08000183105469,2051200
2025-02-27,EWT,52.54999923706055,52.54999923706055,50.810001373291016,50.83000183105469,3654600
2025-02-28,EWT,50.619998931884766,50.970001220703125,50.209999084472656,50.810001373291016,5879200
2025-03-03,EWT,51.31999969482422,51.400001525878906,49.959999084472656,50.25,4710000
2025-03-04,EWT,50.83000183105469,51.689998626708984,50.52000045776367,51.040000915527344,4422500
2025-03-05,EWT,51.709999084472656,52.20000076293945,51.47999954223633,52.06999969482422,4661200
2025-03-06,EWT,51.20000076293945,51.5,50.7400016784668,50.790000915527344,3075700
2025-03-07,EWT,50.9900016784668,51.36000061035156,50.5,51.22999954223633,2950700
2025-03-10,EWT,50.380001068115234,50.630001068115234,49.40999984741211,49.88999938964844,2759800
2025-03-11,EWT,49.95000076293945,50.33000183105469,49.58000183105469,49.97999954223633,2403500
2025-03-12,EWT,50.66999816894531,50.79999923706055,50.2599983215332,50.66999816894531,3011500
2025-03-13,EWT,49.689998626708984,49.86000061035156,49.380001068115234,49.630001068115234,1823900
2025-03-14,EWT,49.86000061035156,50.29999923706055,49.83000183105469,50.27000045776367,3501100
2025-03-17,EWT,50.279998779296875,50.880001068115234,50.279998779296875,50.709999084472656,2388500
2025-03-18,EWT,50.43000030517578,50.4900016784668,50.08000183105469,50.20000076293945,1900800
2025-03-19,EWT,50.060001373291016,50.459999084472656,49.86000061035156,50.13999938964844,2183700
2025-03-20,EWT,49.95000076293945,50.40999984741211,49.91999816894531,50.279998779296875,2381100
2025-03-21,EWT,49.869998931884766,50.22999954223633,49.720001220703125,50.220001220703125,3217700
2025-03-24,EWT,50.11000061035156,50.47999954223633,50.11000061035156,50.380001068115234,2253900
2025-03-25,EWT,50.459999084472656,50.4900016784668,50.290000915527344,50.459999084472656,1779600
2025-03-26,EWT,50.130001068115234,50.20000076293945,49.380001068115234,49.5099983215332,6238700
2025-03-27,EWT,49.290000915527344,49.529998779296875,49.09000015258789,49.20000076293945,4459200
2025-03-28,EWT,48.66999816894531,48.779998779296875,47.66999816894531,47.81999969482422,3115800
2025-03-31,EWT,46.810001373291016,47.58000183105469,46.66999816894531,47.47999954223633,3735300
2025-04-01,EWT,47.58000183105469,48.25,47.41999816894531,48.20000076293945,4981300
2025-04-02,EWT,47.880001068115234,48.72999954223633,47.880001068115234,48.47999954223633,1844100
2025-04-03,EWT,46.779998779296875,46.86000061035156,46.029998779296875,46.04999923706055,3677600
2025-04-04,EWT,44.790000915527344,44.88999938964844,43.439998626708984,43.81999969482422,5090500
2025-04-07,EWT,40.5,43.70000076293945,40.4900016784668,42.029998779296875,7814400
2025-04-08,EWT,43.15999984741211,43.15999984741211,40.31999969482422,40.95000076293945,6265900
2025-04-09,EWT,39.66999816894531,45.47999954223633,39.439998626708984,44.790000915527344,7227400
2025-04-10,EWT,44.029998779296875,44.36000061035156,42.15999984741211,43.31999969482422,3395900
2025-04-11,EWT,45.189998626708984,45.810001373291016,44.7400016784668,45.619998931884766,9437400
2025-04-14,EWT,45.72999954223633,46.060001373291016,45.47999954223633,45.77000045776367,3887400
2025-04-15,EWT,46.130001068115234,46.41999816894531,46.02000045776367,46.04999923706055,4057600
2025-04-16,EWT,45.099998474121094,45.59000015258789,44.619998931884766,44.9900016784668,3957400
2025-04-17,EWT,45.369998931884766,45.369998931884766,44.84000015258789,44.880001068115234,2251900
2025-04-21,EWT,44.65999984741211,44.810001373291016,43.91999816894531,44.220001220703125,2424100
2025-04-22,EWT,43.91999816894531,44.75,43.91999816894531,44.33000183105469,3072300
2025-04-23,EWT,45.900001525878906,46.0,45.34000015258789,45.5,4004900
2025-04-24,EWT,45.400001525878906,46.2599983215332,45.27000045776367,46.18000030517578,3294500
2025-04-25,EWT,46.150001525878906,46.380001068115234,45.86000061035156,46.34000015258789,2335400
2025-04-28,EWT,46.459999084472656,46.52000045776367,46.060001373291016,46.470001220703125,794000
2025-04-29,EWT,47.04999923706055,47.2400016784668,46.869998931884766,47.150001525878906,2227300
2025-04-30,EWT,47.0099983215332,47.599998474121094,46.75,47.47999954223633,2900500
2025-05-01,EWT,48.27000045776367,48.27000045776367,47.810001373291016,47.81999969482422,2409800
2025-05-02,EWT,51.20000076293945,51.25,50.75,50.95000076293945,5652400
2025-05-05,EWT,53.189998626708984,53.5099983215332,52.939998626708984,52.959999084472656,6050900
2025-05-06,EWT,51.400001525878906,51.93000030517578,51.27000045776367,51.560001373291016,3630500
2025-05-07,EWT,50.90999984741211,51.34000015258789,50.439998626708984,51.0,3916600
2025-05-08,EWT,51.099998474121094,51.560001373291016,50.849998474121094,51.15999984741211,2671600
2025-05-09,EWT,51.90999984741211,52.04999923706055,51.66999816894531,51.75,3268700
2025-05-12,EWT,52.75,53.04999923706055,52.5,52.95000076293945,3704200
2025-05-13,EWT,52.61000061035156,53.599998474121094,52.54999923706055,53.279998779296875,5297100
2025-05-14,EWT,53.97999954223633,53.97999954223633,53.52000045776367,53.77000045776367,4083400
2025-05-15,EWT,53.95000076293945,54.040000915527344,53.61000061035156,53.9900016784668,2431400
2025-05-16,EWT,54.119998931884766,54.119998931884766,53.779998779296875,54.0099983215332,2361900
2025-05-19,EWT,53.13999938964844,53.849998474121094,53.13999938964844,53.81999969482422,2878700
2025-05-20,EWT,53.290000915527344,53.52000045776367,53.22999954223633,53.47999954223633,4082100
2025-05-21,EWT,54.25,54.41999816894531,53.61000061035156,53.720001220703125,3430600
2025-05-22,EWT,53.4900016784668,53.90999984741211,53.439998626708984,53.70000076293945,3543600
2025-05-23,EWT,53.15999984741211,53.650001525878906,53.02000045776367,53.52000045776367,4506500
2025-05-27,EWT,53.439998626708984,53.70000076293945,53.25,53.58000183105469,3897300
2025-05-28,EWT,53.41999816894531,53.45000076293945,53.189998626708984,53.2599983215332,2648900
2025-05-29,EWT,53.25,53.33000183105469,52.540000915527344,52.869998931884766,4164400
2025-05-30,EWT,52.529998779296875,52.540000915527344,51.869998931884766,52.380001068115234,3364500
2025-06-02,EWT,52.25,52.84000015258789,52.220001220703125,52.84000015258789,2989700
2025-06-03,EWT,52.86000061035156,53.25,52.81999969482422,53.150001525878906,2517000
2025-06-04,EWT,53.9900016784668,54.029998779296875,53.630001068115234,53.959999084472656,3558700
2025-06-05,EWT,54.20000076293945,54.25,53.56999969482422,53.7400016784668,3943700
2025-06-06,EWT,54.0,54.13999938964844,53.900001525878906,54.11000061035156,2015700
2025-06-09,EWT,54.33000183105469,54.810001373291016,54.2400016784668,54.709999084472656,10128200
2025-06-10,EWT,55.290000915527344,55.81999969482422,55.130001068115234,55.79999923706055,9573700
2025-06-11,EWT,56.0,56.119998931884766,55.70000076293945,55.83000183105469,4928100
2025-06-12,EWT,56.529998779296875,56.939998626708984,56.529998779296875,56.7400016784668,4948200
2025-06-13,EWT,55.599998474121094,56.220001220703125,55.54999923706055,55.849998474121094,3335600
2025-06-16,EWT,56.41999816894531,56.83000183105469,56.34000015258789,56.459999084472656,3549900
2025-06-17,EWT,56.029998779296875,56.16999816894531,55.459999084472656,55.650001525878906,4013800
2025-06-18,EWT,55.95000076293945,56.27000045776367,55.79999923706055,56.029998779296875,3191700
2025-06-20,EWT,55.75,55.75,54.779998779296875,54.84000015258789,4283700
2025-06-23,EWT,54.459999084472656,55.209999084472656,54.310001373291016,55.18000030517578,3174300
2025-06-24,EWT,56.2400016784668,56.849998474121094,56.15999984741211,56.81999969482422,3706500
2025-06-25,EWT,57.2400016784668,57.369998931884766,57.08000183105469,57.310001373291016,2320600
2025-06-26,EWT,57.68000030517578,57.959999084472656,57.459999084472656,57.849998474121094,2709100
2025-06-27,EWT,57.70000076293945,58.0,57.52000045776367,57.849998474121094,4126100
2025-06-30,EWT,57.16999816894531,57.439998626708984,57.040000915527344,57.400001525878906,3160400
2025-07-01,EWT,57.810001373291016,57.939998626708984,57.400001525878906,57.58000183105469,4532500
2025-07-02,EWT,57.880001068115234,58.75,57.880001068115234,58.75,4288700
2025-07-03,EWT,59.25,59.619998931884766,59.119998931884766,59.439998626708984,2192000
2025-07-07,EWT,57.970001220703125,58.13999938964844,57.459999084472656,57.630001068115234,4089600
2025-07-08,EWT,57.68000030517578,57.689998626708984,57.41999816894531,57.65999984741211,2034000
2025-07-09,EWT,58.209999084472656,58.290000915527344,57.81999969482422,58.029998779296875,2224600
2025-07-10,EWT,58.54999923706055,58.59000015258789,58.04999923706055,58.380001068115234,2614300
2025-07-11,EWT,58.619998931884766,58.619998931884766,58.27000045776367,58.29999923706055,3596100
2025-07-14,EWT,57.7400016784668,57.939998626708984,57.66999816894531,57.810001373291016,4458400
2025-07-15,EWT,58.70000076293945,58.70000076293945,58.209999084472656,58.27000045776367,3535200
2025-07-16,EWT,58.650001525878906,59.02000045776367,58.369998931884766,58.97999954223633,3729900
2025-07-17,EWT,59.380001068115234,59.599998474121094,59.189998626708984,59.47999954223633,5888900
2025-07-18,EWT,59.619998931884766,59.619998931884766,59.189998626708984,59.2400016784668,3360000
2025-07-21,EWT,59.27000045776367,59.709999084472656,59.25,59.36000061035156,2087000
2025-07-22,EWT,58.650001525878906,58.790000915527344,58.27000045776367,58.720001220703125,2345800
2025-07-23,EWT,59.63999938964844,59.79999923706055,59.209999084472656,59.79999923706055,2258600
2025-07-24,EWT,59.54999923706055,59.63999938964844,59.33000183105469,59.38999938964844,3744000
2025-07-25,EWT,59.22999954223633,59.45000076293945,59.09000015258789,59.43000030517578,1862400
2025-07-28,EWT,59.11000061035156,59.150001525878906,58.939998626708984,59.060001373291016,2199300
2025-07-29,EWT,58.5099983215332,58.75,58.400001525878906,58.619998931884766,3911500
2025-07-30,EWT,58.65999984741211,58.81999969482422,58.189998626708984,58.349998474121094,3936700
2025-07-31,EWT,59.040000915527344,59.040000915527344,58.27000045776367,58.36000061035156,3346700
2025-08-01,EWT,58.810001373291016,58.81999969482422,58.09000015258789,58.38999938964844,4497600
2025-08-04,EWT,58.900001525878906,58.959999084472656,58.70000076293945,58.84000015258789,1983000
2025-08-05,EWT,59.29999923706055,59.29999923706055,58.83000183105469,58.91999816894531,3557400
2025-08-06,EWT,58.72999954223633,59.2599983215332,58.59000015258789,59.13999938964844,4043800
2025-08-07,EWT,60.56999969482422,60.810001373291016,60.099998474121094,60.36000061035156,4145800
2025-08-08,EWT,60.220001220703125,60.34000015258789,60.08000183105469,60.290000915527344,2088000
2025-08-11,EWT,60.439998626708984,60.63999938964844,60.220001220703125,60.279998779296875,1398400
2025-08-12,EWT,60.720001220703125,61.119998931884766,60.58000183105469,61.09000015258789,2152600
2025-08-13,EWT,61.20000076293945,61.36000061035156,60.90999984741211,61.029998779296875,2105600
2025-08-14,EWT,60.43000030517578,60.79999923706055,60.40999984741211,60.650001525878906,1801700
2025-08-15,EWT,60.7400016784668,60.7400016784668,60.310001373291016,60.41999816894531,1674600
2025-08-18,EWT,61.02000045776367,61.150001525878906,60.84000015258789,61.040000915527344,741600
2025-08-19,EWT,60.52000045776367,60.560001373291016,60.04999923706055,60.09000015258789,2600700
2025-08-20,EWT,58.88999938964844,58.88999938964844,58.25,58.779998779296875,3654900
2025-08-21,EWT,58.560001373291016,58.77000045776367,58.45000076293945,58.56999969482422,2138500
2025-08-22,EWT,58.810001373291016,59.77000045776367,58.599998474121094,59.65999984741211,2442100
2025-08-25,EWT,59.45000076293945,59.68000030517578,59.2599983215332,59.2599983215332,2705200
2025-08-26,EWT,59.400001525878906,59.58000183105469,59.349998474121094,59.5,2797200
2025-08-27,EWT,59.369998931884766,59.790000915527344,59.2599983215332,59.77000045776367,1966300
2025-08-28,EWT,59.689998626708984,59.95000076293945,59.56999969482422,59.900001525878906,2018300
2025-08-29,EWT,59.18000030517578,59.18000030517578,58.619998931884766,58.81999969482422,4159600
2025-09-02,EWT,57.630001068115234,58.08000183105469,57.560001373291016,58.04999923706055,2499200
2025-09-03,EWT,58.83000183105469,59.0,58.56999969482422,58.72999954223633,2120400
2025-09-04,EWT,58.970001220703125,59.31999969482422,58.790000915527344,59.29999923706055,901000
2025-09-05,EWT,60.22999954223633,60.43000030517578,59.720001220703125,60.209999084472656,2731400
2025-09-08,EWT,60.65999984741211,60.9900016784668,60.599998474121094,60.97999954223633,2802200
2025-09-09,EWT,61.310001373291016,61.709999084472656,61.27000045776367,61.619998931884766,2770400
2025-09-10,EWT,62.43000030517578,62.95000076293945,62.400001525878906,62.560001373291016,3242100
2025-09-11,EWT,62.5099983215332,62.900001525878906,62.4900016784668,62.7400016784668,4489400
2025-09-12,EWT,62.599998474121094,62.939998626708984,62.54999923706055,62.83000183105469,1733000
2025-09-15,EWT,62.86000061035156,63.029998779296875,62.79999923706055,63.02000045776367,2739900
2025-09-16,EWT,63.439998626708984,63.459999084472656,63.119998931884766,63.31999969482422,2524800
2025-09-17,EWT,63.380001068115234,63.86000061035156,62.7400016784668,63.209999084472656,4827800
2025-09-18,EWT,63.459999084472656,63.88999938964844,63.209999084472656,63.77000045776367,4069500
2025-09-19,EWT,63.470001220703125,63.470001220703125,63.209999084472656,63.380001068115234,2517400
2025-09-22,EWT,63.560001373291016,64.12999725341797,63.439998626708984,64.0199966430664,2007000
2025-09-23,EWT,64.58999633789062,64.66999816894531,64.08000183105469,64.29000091552734,3467700
2025-09-24,EWT,63.70000076293945,63.7400016784668,63.27000045776367,63.56999969482422,2994100
2025-09-25,EWT,62.81999969482422,63.25,62.560001373291016,63.060001373291016,3437500
2025-09-26,EWT,62.4900016784668,62.7599983215332,62.2400016784668,62.7400016784668,2706000
2025-09-29,EWT,63.20000076293945,63.52000045776367,62.9900016784668,63.08000183105469,3292000
2025-09-30,EWT,63.2400016784668,63.720001220703125,63.20000076293945,63.619998931884766,2963200
2025-10-01,EWT,63.59000015258789,64.19999694824219,63.470001220703125,64.13999938964844,3426400
2025-10-02,EWT,64.41999816894531,64.41999816894531,63.810001373291016,64.0,2308800
2025-10-03,EWT,64.75,64.87000274658203,64.37000274658203,64.63999938964844,2786800
2025-10-06,EWT,64.80999755859375,65.20999908447266,64.7699966430664,65.02999877929688,2060500
2025-10-07,EWT,65.66999816894531,65.66999816894531,64.76000213623047,64.80999755859375,4918700
2025-10-08,EWT,65.08999633789062,65.69000244140625,65.05000305175781,65.6500015258789,2359300
2025-10-09,EWT,65.45999908447266,65.45999908447266,64.66000366210938,64.83000183105469,2594000
2025-10-10,EWT,64.93000030517578,64.94999694824219,61.599998474121094,61.619998931884766,6762400
2025-10-13,EWT,64.2699966430664,64.69999694824219,63.880001068115234,64.55999755859375,5372100
2025-10-14,EWT,63.15999984741211,64.11000061035156,62.83000183105469,63.70000076293945,6203200
2025-10-15,EWT,65.04000091552734,65.29000091552734,64.41000366210938,64.98999786376953,5127600
2025-10-16,EWT,65.55000305175781,65.77999877929688,64.94000244140625,65.16999816894531,3622600
2025-10-17,EWT,64.77999877929688,65.23999786376953,64.55000305175781,65.08999633789062,3905700
2025-10-20,EWT,65.91999816894531,66.44000244140625,65.91999816894531,66.16999816894531,2243700
2025-10-21,EWT,66.18000030517578,66.19000244140625,65.7699966430664,65.77999877929688,3144800
2025-10-22,EWT,65.55999755859375,65.76000213623047,64.76000213623047,65.02999877929688,3850600
2025-10-23,EWT,65.25,65.8499984741211,65.2300033569336,65.70999908447266,2227800
2025-10-24,EWT,66.41999816894531,66.63999938964844,66.2699966430664,66.4800033569336,2985900
2025-10-27,EWT,66.68000030517578,66.98999786376953,66.5199966430664,66.9800033569336,3540400
2025-10-28,EWT,66.66000366210938,67.20999908447266,66.55999755859375,67.08999633789062,3264600
2025-10-29,EWT,67.47000122070312,67.58000183105469,66.7699966430664,67.12999725341797,4086000
2025-10-30,EWT,66.72000122070312,66.94999694824219,66.5,66.54000091552734,3122700
2025-10-31,EWT,66.93000030517578,66.95999908447266,66.30999755859375,66.6500015258789,2239400
2025-11-03,EWT,66.68000030517578,67.05999755859375,66.44999694824219,66.9000015258789,1790300
2025-11-04,EWT,65.94000244140625,66.33000183105469,65.41000366210938,65.43000030517578,2785900
2025-11-05,EWT,65.51000213623047,66.30000305175781,65.51000213623047,66.02999877929688,1500700
2025-11-06,EWT,65.9000015258789,65.95999908447266,64.83000183105469,64.94000244140625,3439100
2025-11-07,EWT,64.41999816894531,64.62999725341797,63.63999938964844,64.61000061035156,3038600
2025-11-10,EWT,65.41999816894531,65.81999969482422,65.05000305175781,65.75,2644200
2025-11-11,EWT,65.19000244140625,65.52999877929688,65.0,65.38999938964844,3140400
2025-11-12,EWT,65.5,65.5,65.1500015258789,65.41000366210938,4526800
2025-11-13,EWT,64.97000122070312,64.98999786376953,63.91999816894531,63.9900016784668,4531600
2025-11-14,EWT,64.37000274658203,65.52999877929688,64.25,65.16999816894531,6168400
2025-11-17,EWT,63.439998626708984,63.9900016784668,62.880001068115234,63.15999984741211,3848500
2025-11-18,EWT,62.4900016784668,63.0099983215332,62.18000030517578,62.66999816894531,5826400
2025-11-19,EWT,62.27000045776367,62.88999938964844,62.13999938964844,62.5,3239500
2025-11-20,EWT,63.65999984741211,63.66999816894531,61.61000061035156,61.68000030517578,6443900
2025-11-21,EWT,61.119998931884766,62.150001525878906,60.66999816894531,61.79999923706055,12094000
2025-11-24,EWT,61.709999084472656,62.56999969482422,61.66999816894531,62.5099983215332,5069600
2025-11-25,EWT,62.2599983215332,62.81999969482422,61.61000061035156,62.79999923706055,2702600
2025-11-26,EWT,63.52000045776367,63.810001373291016,63.119998931884766,63.65999984741211,3360300
2025-11-28,EWT,64.37000274658203,64.54000091552734,64.12000274658203,64.51000213623047,4233300
2025-12-01,EWT,63.93000030517578,64.5,63.88999938964844,64.12999725341797,4383300
2025-12-02,EWT,64.5,64.7699966430664,64.2699966430664,64.62999725341797,2012200
2025-12-03,EWT,64.3499984741211,64.87000274658203,64.27999877929688,64.8499984741211,3276400
2025-12-04,EWT,64.81999969482422,64.81999969482422,64.33999633789062,64.51000213623047,1862800
2025-12-05,EWT,65.36000061035156,65.75,65.25,65.3499984741211,2582300
2025-12-08,EWT,65.76000213623047,65.79000091552734,65.30999755859375,65.56999969482422,1579400
2025-12-09,EWT,65.52999877929688,65.80000305175781,65.4000015258789,65.72000122070312,2566500
2025-12-10,EWT,66.04000091552734,66.88999938964844,65.88999938964844,66.80000305175781,3745600
2025-12-11,EWT,65.81999969482422,65.98999786376953,65.44999694824219,65.91999816894531,6816200
2025-12-12,EWT,65.45999908447266,65.4800033569336,64.0999984741211,64.0999984741211,5731000
2025-12-15,EWT,65.02999877929688,65.05000305175781,64.11000061035156,64.11000061035156,3611400
2025-12-16,EWT,61.11000061035156,61.369998931884766,60.900001525878906,61.119998931884766,5273200
2025-12-17,EWT,61.279998779296875,61.349998474121094,59.959999084472656,60.029998779296875,5042100
2025-12-18,EWT,61.04999923706055,61.189998626708984,60.75,60.869998931884766,3206600
2025-12-19,EWT,61.34000015258789,61.86000061035156,61.34000015258789,61.63999938964844,2688600
2025-12-22,EWT,62.13999938964844,62.150001525878906,61.849998474121094,61.97999954223633,3099400
2025-12-23,EWT,62.16999816894531,62.54999923706055,61.970001220703125,62.5,2425300
2025-12-24,EWT,62.7400016784668,62.7400016784668,62.43000030517578,62.529998779296875,1155700
2025-12-26,EWT,62.84000015258789,63.040000915527344,62.619998931884766,63.02000045776367,738800
2025-12-29,EWT,63.29999923706055,63.38999938964844,63.15999984741211,63.33000183105469,1845200
2025-12-30,EWT,63.65999984741211,63.86000061035156,63.56999969482422,63.709999084472656,2232500
2025-12-31,EWT,63.77000045776367,63.849998474121094,63.4900016784668,63.529998779296875,1774100
2026-01-02,EWT,64.37000274658203,64.77999877929688,64.19000244140625,64.7699966430664,2802800
2026-01-05,EWT,65.27999877929688,65.56999969482422,64.94999694824219,65.30000305175781,5187700
2026-01-06,EWT,65.70999908447266,66.01000213623047,65.66000366210938,65.83000183105469,3825800
2026-01-07,EWT,65.80999755859375,65.87999725341797,65.51000213623047,65.58999633789062,3035400
2026-01-08,EWT,65.5,65.54000091552734,65.06999969482422,65.44000244140625,7019000
2026-01-09,EWT,65.31999969482422,66.02999877929688,65.26000213623047,65.91999816894531,3561000
2026-01-12,EWT,65.76000213623047,66.68000030517578,65.72000122070312,66.62000274658203,3685100
2026-01-13,EWT,66.25,66.44999694824219,65.93000030517578,66.0999984741211,4129100
2026-01-14,EWT,66.48999786376953,66.55000305175781,66.0999984741211,66.51000213623047,4030200
2026-01-15,EWT,67.52999877929688,67.69000244140625,67.19999694824219,67.29000091552734,6585800
2026-01-16,EWT,67.58000183105469,67.72000122070312,67.19999694824219,67.33999633789062,2497200
2026-01-20,EWT,66.86000061035156,67.23999786376953,66.48999786376953,66.54000091552734,6277100
2026-01-21,EWT,67.25,67.91999816894531,67.06999969482422,67.44999694824219,4967000
2026-01-22,EWT,68.33000183105469,68.56999969482422,68.11000061035156,68.25,4850100
2026-01-23,EWT,68.69000244140625,69.77999877929688,68.58999633789062,69.70999908447266,14318500
2026-01-26,EWT,69.80999755859375,70.16000366210938,69.58000183105469,69.94000244140625,8628000
2026-01-27,EWT,70.63999938964844,71.38999938964844,70.30999755859375,71.31999969482422,7785000
2026-01-28,EWT,71.41999816894531,71.55999755859375,70.83999633789062,71.19000244140625,4774900
2026-01-29,EWT,70.26000213623047,70.2699966430664,68.69000244140625,69.83000183105469,4493300
2026-01-30,EWT,68.8499984741211,69.08999633789062,67.70999908447266,68.05999755859375,6749100
2026-02-02,EWT,68.25,69.12999725341797,68.25,68.94000244140625,4015200
2026-02-03,EWT,69.37000274658203,69.51000213623047,68.0199966430664,68.83000183105469,4651800
2026-02-04,EWT,69.55999755859375,69.6500015258789,67.87000274658203,68.1500015258789,8695400
2026-02-05,EWT,67.48999786376953,68.52999877929688,67.2699966430664,67.86000061035156,6533500
2026-02-06,EWT,69.0,70.08999633789062,68.87000274658203,70.05000305175781,5793100
2026-02-09,EWT,69.91000366210938,70.98999786376953,69.79000091552734,70.76000213623047,3554300
2026-02-10,EWT,71.58999633789062,71.75,71.19999694824219,71.44000244140625,3131400
2026-02-11,EWT,72.86000061035156,73.45999908447266,72.41000366210938,73.3499984741211,6242800
2026-02-12,EWT,73.87999725341797,73.87999725341797,72.25,72.55999755859375,6979800
2026-02-13,EWT,72.5199966430664,73.16999816894531,71.81999969482422,73.05000305175781,5554000
2026-02-17,EWT,71.80000305175781,73.01000213623047,71.36000061035156,72.88999938964844,5038400
2026-02-18,EWT,72.81999969482422,73.58999633789062,72.5999984741211,72.9800033569336,3366400
2026-02-19,EWT,72.37999725341797,72.69999694824219,72.11000061035156,72.66999816894531,2572000
2026-02-20,EWT,72.55000305175781,74.51000213623047,72.52999877929688,74.37999725341797,4814600
2026-02-23,EWT,73.52999877929688,73.73999786376953,72.68000030517578,73.18000030517578,3751200
2026-02-24,EWT,75.0,76.12999725341797,74.79000091552734,75.7300033569336,8219700
2026-02-25,EWT,77.01000213623047,77.22000122070312,76.62000274658203,77.05999755859375,6292800
2026-02-26,EWT,77.25,77.25,75.44000244140625,76.13999938964844,7854300
2026-02-27,EWT,74.94000244140625,75.80000305175781,74.80999755859375,75.66999816894531,5911500
2026-03-02,EWT,74.16000366210938,75.58000183105469,74.12999725341797,75.06999969482422,10905100
2026-03-03,EWT,71.02999877929688,71.93000030517578,69.44000244140625,71.29000091552734,21664700
2026-03-04,EWT,71.11000061035156,71.8499984741211,70.6500015258789,71.62000274658203,8752700
2026-03-05,EWT,70.58000183105469,71.43000030517578,69.33999633789062,70.4000015258789,10060900
2026-03-06,EWT,69.9000015258789,70.41000366210938,69.19000244140625,69.5199966430664,9022500
2026-03-09,EWT,68.68000030517578,71.2699966430664,67.98999786376953,70.76000213623047,11202900
2026-03-10,EWT,70.5,71.7699966430664,69.94999694824219,70.44000244140625,8586200
2026-03-11,EWT,71.58999633789062,72.37999725341797,71.41999816894531,71.91000366210938,6500200
2026-03-12,EWT,71.44999694824219,71.62000274658203,69.5999984741211,69.76000213623047,8822000
2026-03-13,EWT,71.26000213623047,72.0,69.68000030517578,69.98999786376953,7039700
2026-03-16,EWT,71.55000305175781,72.3499984741211,71.51000213623047,72.02999877929688,6249300
2026-03-17,EWT,73.13999938964844,73.4000015258789,72.68000030517578,73.0,5348400
2026-03-18,EWT,72.62000274658203,72.7300033569336,71.31999969482422,71.33999633789062,4421400
2026-03-19,EWT,70.52999877929688,72.58999633789062,70.22000122070312,72.13999938964844,6249600
2026-03-20,EWT,71.33999633789062,71.37000274658203,69.4000015258789,69.73999786376953,6599000
2026-03-23,EWT,71.44999694824219,72.62000274658203,70.93000030517578,72.16000366210938,10250300
2026-03-24,EWT,70.0,71.19999694824219,69.9000015258789,70.73999786376953,7028000
2026-03-25,EWT,72.19999694824219,72.7300033569336,71.6500015258789,72.38999938964844,7074100
2026-03-26,EWT,71.4000015258789,71.69999694824219,70.01000213623047,70.0999984741211,5003000
2026-03-27,EWT,70.04000091552734,70.30000305175781,69.2300033569336,69.48999786376953,4808200
2026-03-30,EWT,70.38999938964844,70.41999816894531,68.47000122070312,68.95999908447266,6999400
2026-03-31,EWT,68.41000366210938,70.9800033569336,68.4000015258789,70.91999816894531,10704200
2026-04-01,EWT,71.55000305175781,72.55000305175781,71.47000122070312,71.72000122070312,8100700
2026-04-02,EWT,69.33000183105469,71.18000030517578,69.05000305175781,70.7699966430664,6588000
2026-04-06,EWT,71.20999908447266,71.87999725341797,70.73999786376953,71.29000091552734,6253100
2026-04-07,EWT,71.31999969482422,71.83000183105469,70.16000366210938,71.81999969482422,7270500
2026-04-08,EWT,76.37000274658203,76.55999755859375,75.52999877929688,76.36000061035156,8120500
2026-04-09,EWT,75.62999725341797,76.61000061035156,75.19000244140625,76.41000366210938,11114400
2026-04-10,EWT,76.94000244140625,77.29000091552734,76.69999694824219,76.94000244140625,3337900
2026-04-13,EWT,76.94000244140625,78.66000366210938,76.91999816894531,78.26000213623047,4786600
2026-04-14,EWT,79.43000030517578,80.26000213623047,79.36000061035156,80.20999908447266,5114100
2026-04-15,EWT,80.4800033569336,80.94999694824219,80.06999969482422,80.73999786376953,4337000
2026-04-16,EWT,81.13999938964844,81.5999984741211,80.54000091552734,81.3499984741211,4614900
2026-04-17,EWT,83.0,83.98999786376953,82.72000122070312,83.22000122070312,7276600
2026-04-20,EWT,83.11000061035156,83.68000030517578,82.81999969482422,83.58999633789062,4876400
2026-04-21,EWT,84.23999786376953,85.18000030517578,83.18000030517578,83.52999877929688,7756300
2026-04-22,EWT,85.30000305175781,86.2300033569336,85.05000305175781,86.19000244140625,5776200
2026-04-23,EWT,84.41000366210938,85.23999786376953,83.25,84.23999786376953,4241000
2026-04-24,EWT,87.3499984741211,88.20999908447266,87.08000183105469,88.08999633789062,5337200
2026-04-27,EWT,87.80000305175781,87.80999755859375,87.01000213623047,87.3499984741211,3272600
2026-04-28,EWT,86.9000015258789,87.37000274658203,86.68000030517578,87.23999786376953,6012900
2026-04-29,EWT,87.25,87.58000183105469,86.68000030517578,87.19000244140625,3838300
2026-04-30,EWT,88.8499984741211,90.11000061035156,88.19000244140625,89.87999725341797,4502900
2026-05-01,EWT,89.66000366210938,91.29000091552734,89.55000305175781,89.97000122070312,3476700
2026-05-04,EWT,90.81999969482422,91.37999725341797,89.93000030517578,90.41000366210938,4506200
2026-05-05,EWT,92.20999908447266,92.98999786376953,92.02999877929688,92.7699966430664,4223800
2026-05-06,EWT,93.91999816894531,94.94999694824219,93.4800033569336,94.8499984741211,5198500
2026-05-07,EWT,95.37000274658203,95.41000366210938,94.13999938964844,94.30999755859375,5829200
2026-05-08,EWT,94.80999755859375,96.19999694824219,94.7300033569336,96.11000061035156,4306400
2026-05-11,EWT,96.38999938964844,97.2699966430664,95.98999786376953,97.1500015258789,5478900
2026-05-12,EWT,94.3499984741211,94.87000274658203,92.37999725341797,93.7699966430664,9963100
2026-05-13,EWT,93.98999786376953,95.04000091552734,93.6500015258789,94.86000061035156,4436600
2026-05-14,EWT,94.5199966430664,95.69000244140625,94.41000366210938,95.4800033569336,6202400
2026-05-15,EWT,91.55999755859375,92.02999877929688,90.68000030517578,91.27999877929688,6091600
2026-05-18,EWT,92.79000091552734,92.87000274658203,90.79000091552734,91.76000213623047,7936300
2026-05-19,EWT,89.05000305175781,90.94000244140625,88.7300033569336,89.83000183105469,13225500
2026-05-20,EWT,90.55000305175781,92.0,90.44000244140625,91.91999816894531,5711100
2026-05-21,EWT,93.3499984741211,95.08000183105469,93.08000183105469,94.47000122070312,6052900
2026-05-22,EWT,96.86000061035156,97.7300033569336,96.58000183105469,96.83999633789062,7455200
2026-05-26,EWT,101.19999694824219,102.29000091552734,101.05000305175781,102.13999938964844,6683700
2026-05-27,EWT,103.95999908447266,104.16000366210938,102.16000366210938,102.97000122070312,6456600
2026-05-28,EWT,101.41000366210938,102.81999969482422,100.87999725341797,102.33999633789062,7472200
2026-05-29,EWT,103.7300033569336,103.87000274658203,102.4000015258789,102.77999877929688,5846100
2026-06-01,EWT,105.18000030517578,107.36000061035156,104.80000305175781,106.41999816894531,6805200
2026-06-02,EWT,105.98999786376953,107.1500015258789,105.48999786376953,107.11000061035156,3744200
2026-06-03,EWT,107.20999908447266,107.4000015258789,106.30999755859375,106.9000015258789,2769500
2026-06-04,EWT,104.48999786376953,106.01000213623047,103.66999816894531,105.75,9185600
2026-06-05,EWT,101.47000122070312,101.68000030517578,97.27999877929688,98.08000183105469,11875600
2026-06-08,EWT,100.86000061035156,101.38999938964844,100.0,100.43000030517578,5096200
2026-06-09,EWT,103.2699966430664,104.05000305175781,97.23999786376953,100.80000305175781,12955000
2026-06-10,EWT,99.12999725341797,100.88999938964844,97.7699966430664,98.0,7388100
2026-06-11,EWT,99.0999984741211,102.88999938964844,99.02999877929688,102.44999694824219,7976000
2026-06-12,EWT,101.94999694824219,103.16000366210938,101.12999725341797,102.62000274658203,5304000
2026-06-15,EWT,106.05000305175781,106.61000061035156,105.68000030517578,106.37000274658203,5628900
2026-06-16,EWT,105.8499984741211,105.87999725341797,103.73999786376953,103.79000091552734,5305200
2026-06-17,EWT,106.58999633789062,107.31999969482422,104.88999938964844,105.11000061035156,7418000
2026-06-18,EWT,108.55999755859375,110.2300033569336,108.55999755859375,109.98999786376953,7382900
2026-06-22,EWT,112.20999908447266,112.77999877929688,111.44999694824219,111.52999877929688,4418100
2026-06-23,EWT,105.5999984741211,106.73999786376953,105.0,105.23999786376953,8882700
2026-06-24,EWT,104.27999877929688,105.38999938964844,103.3499984741211,104.72000122070312,3882600
2026-06-25,EWT,107.18000030517578,107.37999725341797,103.94999694824219,104.91000366210938,6592300
2026-06-26,EWT,101.5199966430664,103.62000274658203,101.01000213623047,102.80999755859375,7586900
2026-06-29,EWT,104.12999725341797,105.83999633789062,102.26000213623047,105.79000091552734,5754900
2026-06-30,EWT,106.83999633789062,108.8499984741211,106.75,108.61000061035156,6311800
2026-07-01,EWT,107.33000183105469,107.6500015258789,105.36000061035156,105.69000244140625,4323400
2026-07-02,EWT,107.31999969482422,108.26000213623047,103.61000061035156,104.86000061035156,5816500
2026-07-06,EWT,106.08000183105469,107.69000244140625,105.97000122070312,107.2699966430664,5831300
2026-07-07,EWT,102.75,103.30000305175781,101.16999816894531,101.87999725341797,5173300
2026-07-08,EWT,102.04000091552734,103.97000122070312,101.66999816894531,103.9000015258789,7593000
2026-07-09,EWT,105.05999755859375,105.62000274658203,104.62999725341797,105.05000305175781,5557800
2026-07-10,EWT,104.98999786376953,106.36000061035156,103.86000061035156,106.19000244140625,8625300
2026-07-13,EWT,103.55000305175781,103.81999969482422,101.80000305175781,101.87999725341797,8317700
2026-07-14,EWT,102.30999755859375,102.33999633789062,101.12999725341797,101.87999725341797,7077200
2026-07-15,EWT,102.77999877929688,103.02999877929688,100.51000213623047,102.48999786376953,7445800
2026-07-16,EWT,100.33000183105469,100.83999633789062,99.63999938964844,100.16000366210938,4695600
2026-07-17,EWT,95.31999969482422,97.61000061035156,94.77999877929688,97.33000183105469,11173900
