Datetime,Ticker,Open,High,Low,Close,Volume
1996-03-18,EWW,10.375,10.375,10.375,10.375,100
1996-03-19,EWW,10.375,10.375,10.375,10.375,400
1996-03-20,EWW,10.6875,10.75,10.625,10.6875,26200
1996-03-21,EWW,10.625,10.625,10.625,10.625,5500
1996-03-22,EWW,10.75,10.8125,10.75,10.75,1500
1996-03-25,EWW,10.75,10.75,10.75,10.75,10000
1996-03-26,EWW,10.75,11.0,10.75,10.8125,29700
1996-03-27,EWW,11.125,11.125,10.5625,10.5625,6100
1996-03-28,EWW,10.625,10.6875,10.625,10.6875,21400
1996-03-29,EWW,10.625,10.625,10.625,10.625,3400
1996-04-01,EWW,10.8125,10.9375,10.8125,10.9375,12100
1996-04-02,EWW,10.875,10.9375,10.8125,10.8125,17200
1996-04-03,EWW,10.8125,10.875,10.8125,10.875,2600
1996-04-04,EWW,10.9375,10.9375,10.8125,10.875,1600
1996-04-08,EWW,10.75,10.75,10.5625,10.625,6400
1996-04-09,EWW,10.625,10.625,10.625,10.625,1100
1996-04-10,EWW,10.75,10.75,10.75,10.75,2500
1996-04-11,EWW,10.625,10.625,10.5625,10.5625,20500
1996-04-12,EWW,10.5,11.1875,10.5,11.1875,3400
1996-04-15,EWW,11.125,11.375,11.125,11.375,1200
1996-04-16,EWW,11.375,11.375,11.25,11.3125,29900
1996-04-17,EWW,11.3125,11.75,11.3125,11.625,18000
1996-04-18,EWW,11.625,11.875,11.625,11.875,16700
1996-04-19,EWW,12.0,12.0625,11.5625,12.0625,20300
1996-04-22,EWW,11.875,12.125,11.875,12.0,3500
1996-04-23,EWW,12.0,12.0,11.75,11.875,3600
1996-04-24,EWW,11.875,11.875,11.8125,11.8125,6500
1996-04-25,EWW,11.8125,11.8125,11.625,11.6875,10100
1996-04-26,EWW,11.875,11.875,11.75,11.75,63600
1996-04-29,EWW,11.625,11.625,11.5,11.5,11300
1996-04-30,EWW,11.5,11.5625,11.5,11.5625,3600
1996-05-01,EWW,11.625,11.625,11.4375,11.625,2800
1996-05-02,EWW,11.625,11.625,11.25,11.25,4700
1996-05-03,EWW,11.5,11.5,11.3125,11.3125,9700
1996-05-06,EWW,11.0625,11.0625,11.0,11.0,10800
1996-05-07,EWW,11.25,11.3125,11.125,11.125,2600
1996-05-08,EWW,11.3125,11.4375,11.25,11.4375,53100
1996-05-09,EWW,11.5,11.5625,11.5,11.5625,1600
1996-05-10,EWW,11.5625,11.625,11.5625,11.625,11400
1996-05-13,EWW,11.625,11.6875,11.625,11.6875,2000
1996-05-14,EWW,11.875,11.875,11.75,11.75,4700
1996-05-15,EWW,11.8125,11.8125,11.75,11.75,2000
1996-05-16,EWW,11.6875,11.6875,11.625,11.6875,2400
1996-05-17,EWW,11.5,11.8125,11.5,11.8125,27500
1996-05-20,EWW,11.875,11.9375,11.875,11.9375,52500
1996-05-21,EWW,12.0,12.125,12.0,12.125,7000
1996-05-22,EWW,12.0625,12.0625,12.0625,12.0625,51900
1996-05-23,EWW,12.0625,12.125,12.0625,12.0625,6600
1996-05-24,EWW,12.125,12.125,12.0,12.0,1600
1996-05-28,EWW,12.125,12.125,12.0625,12.0625,13200
1996-05-29,EWW,12.0625,12.0625,11.875,11.9375,6200
1996-05-30,EWW,11.8125,11.9375,11.75,11.8125,21100
1996-05-31,EWW,11.75,11.75,11.625,11.625,2600
1996-06-03,EWW,11.6875,11.6875,11.625,11.6875,700
1996-06-04,EWW,11.875,11.875,11.875,11.875,1500
1996-06-05,EWW,11.9375,11.9375,11.8125,11.8125,1200
1996-06-06,EWW,11.875,11.875,11.875,11.875,400
1996-06-07,EWW,11.625,11.625,11.625,11.625,700
1996-06-10,EWW,11.625,11.625,11.625,11.625,0
1996-06-11,EWW,11.6875,11.6875,11.625,11.625,3000
1996-06-12,EWW,11.5,11.5,11.5,11.5,200
1996-06-13,EWW,11.5,11.5,11.5,11.5,0
1996-06-14,EWW,11.4375,11.4375,11.4375,11.4375,1000
1996-06-17,EWW,11.4375,11.4375,11.4375,11.4375,0
1996-06-18,EWW,11.625,11.6875,11.5625,11.5625,142000
1996-06-19,EWW,11.75,11.75,11.6875,11.6875,2900
1996-06-20,EWW,11.75,11.75,11.5,11.625,2300
1996-06-21,EWW,11.5,11.5,11.5,11.5,2000
1996-06-24,EWW,11.3125,11.3125,11.125,11.125,5000
1996-06-25,EWW,11.375,11.375,11.375,11.375,200
1996-06-26,EWW,11.1875,11.3125,11.1875,11.3125,1400
1996-06-27,EWW,11.375,11.6875,11.375,11.6875,31600
1996-06-28,EWW,11.625,11.625,11.625,11.625,6900
1996-07-01,EWW,11.625,11.625,11.375,11.375,400
1996-07-02,EWW,11.375,11.4375,11.375,11.4375,4000
1996-07-03,EWW,11.5,11.5,11.375,11.375,3200
1996-07-05,EWW,11.125,11.125,11.0,11.0,33900
1996-07-08,EWW,11.0,11.0,10.75,10.75,900
1996-07-09,EWW,10.875,10.875,10.875,10.875,3000
1996-07-10,EWW,10.8125,11.0,10.8125,11.0,800
1996-07-11,EWW,10.875,10.875,10.625,10.625,4500
1996-07-12,EWW,10.875,10.875,10.875,10.875,600
1996-07-15,EWW,10.5,10.5,10.3125,10.3125,18400
1996-07-16,EWW,10.25,10.25,10.125,10.125,14200
1996-07-17,EWW,10.5,10.625,10.5,10.625,7800
1996-07-18,EWW,10.875,10.875,10.875,10.875,11500
1996-07-19,EWW,10.875,10.875,10.875,10.875,0
1996-07-22,EWW,10.75,10.75,10.6875,10.6875,8600
1996-07-23,EWW,10.625,10.75,10.625,10.625,30300
1996-07-24,EWW,10.5625,10.625,10.5,10.5,37900
1996-07-25,EWW,10.6875,10.6875,10.6875,10.6875,100
1996-07-26,EWW,10.625,10.625,10.5,10.5,25500
1996-07-29,EWW,10.6875,10.6875,10.4375,10.4375,11000
1996-07-30,EWW,10.625,10.625,10.5625,10.5625,2100
1996-07-31,EWW,10.5625,10.5625,10.5,10.5,100000
1996-08-01,EWW,10.75,11.125,10.75,11.0,800
1996-08-02,EWW,11.375,11.375,11.375,11.375,3000
1996-08-05,EWW,11.25,11.3125,11.125,11.3125,1800
1996-08-06,EWW,11.25,11.3125,11.125,11.3125,16900
1996-08-07,EWW,11.375,11.5,11.25,11.375,115600
1996-08-08,EWW,11.3125,11.3125,11.3125,11.3125,2500
1996-08-09,EWW,11.3125,11.3125,11.3125,11.3125,0
1996-08-12,EWW,11.5,11.5,11.375,11.5,6300
1996-08-13,EWW,11.625,11.625,11.5625,11.5625,7500
1996-08-14,EWW,11.5625,11.625,11.4375,11.5,9800
1996-08-15,EWW,11.375,11.8125,11.375,11.8125,5800
1996-08-16,EWW,11.875,11.9375,11.6875,11.9375,4800
1996-08-19,EWW,12.0,12.125,12.0,12.0625,3800
1996-08-20,EWW,12.0,12.125,11.9375,12.0,14300
1996-08-21,EWW,12.25,12.25,12.125,12.1875,6000
1996-08-22,EWW,12.1875,12.25,12.125,12.1875,33900
1996-08-23,EWW,12.1875,12.1875,12.0,12.0,3600
1996-08-26,EWW,12.0,12.125,12.0,12.125,19900
1996-08-27,EWW,12.25,12.25,12.0625,12.1875,36700
1996-08-28,EWW,12.375,12.375,12.25,12.3125,78100
1996-08-29,EWW,12.25,12.25,11.75,11.75,17600
1996-08-30,EWW,11.875,11.875,11.4375,11.5625,27300
1996-09-03,EWW,11.5,11.75,11.4375,11.5625,84000
1996-09-04,EWW,11.5625,11.75,11.5625,11.75,3800
1996-09-05,EWW,11.625,11.6875,11.5625,11.5625,2600
1996-09-06,EWW,11.5625,11.75,11.5625,11.75,1400
1996-09-09,EWW,11.75,11.75,11.625,11.625,2300
1996-09-10,EWW,11.9375,12.0,11.8125,11.875,157400
1996-09-11,EWW,11.8125,11.875,11.75,11.875,3400
1996-09-12,EWW,11.875,11.875,11.75,11.875,1500
1996-09-13,EWW,11.9375,12.0625,11.75,11.75,10600
1996-09-16,EWW,11.625,11.75,11.625,11.75,3500
1996-09-17,EWW,11.875,11.875,11.6875,11.8125,1000
1996-09-18,EWW,11.8125,12.0,11.8125,11.875,19700
1996-09-19,EWW,11.9375,12.0,11.9375,12.0,12700
1996-09-20,EWW,11.9375,11.9375,11.8125,11.8125,700
1996-09-23,EWW,11.75,11.75,11.5625,11.75,1600
1996-09-24,EWW,11.75,11.8125,11.75,11.8125,500
1996-09-25,EWW,11.8125,11.875,11.75,11.875,800
1996-09-26,EWW,11.75,11.75,11.75,11.75,300
1996-09-27,EWW,11.6875,11.6875,11.5625,11.5625,12700
1996-09-30,EWW,11.5,11.5625,11.5,11.5625,800
1996-10-01,EWW,11.75,11.8125,11.75,11.8125,10800
1996-10-02,EWW,11.9375,11.9375,11.9375,11.9375,10000
1996-10-03,EWW,11.9375,12.0625,11.9375,12.0,1300
1996-10-04,EWW,12.0625,12.0625,12.0625,12.0625,400
1996-10-07,EWW,12.125,12.125,12.0,12.0,6900
1996-10-08,EWW,12.0625,12.0625,11.9375,12.0,13800
1996-10-09,EWW,12.0,12.0,12.0,12.0,1000
1996-10-10,EWW,12.0,12.0625,11.875,11.875,46300
1996-10-11,EWW,11.875,12.0,11.8125,11.8125,16100
1996-10-14,EWW,11.625,11.625,11.375,11.5,3800
1996-10-15,EWW,11.375,11.4375,11.25,11.25,5000
1996-10-16,EWW,11.25,11.25,11.125,11.25,2200
1996-10-17,EWW,11.1875,11.375,11.1875,11.375,7400
1996-10-18,EWW,11.625,11.625,11.625,11.625,2700
1996-10-21,EWW,11.625,11.625,11.4375,11.5,2600
1996-10-22,EWW,11.5,11.5625,11.375,11.4375,3300
1996-10-23,EWW,11.375,11.375,11.0625,11.0625,1100
1996-10-24,EWW,11.375,11.375,11.25,11.3125,5900
1996-10-25,EWW,11.4375,11.4375,11.0625,11.0625,20900
1996-10-28,EWW,11.125,11.1875,11.125,11.125,2500
1996-10-29,EWW,11.125,11.125,10.8125,10.875,2200
1996-10-30,EWW,10.875,10.875,10.625,10.6875,4600
1996-10-31,EWW,10.75,10.875,10.625,10.875,90000
1996-11-01,EWW,10.8125,11.0,10.8125,11.0,62700
1996-11-04,EWW,11.0,11.0625,11.0,11.0,800
1996-11-05,EWW,11.0,11.0,11.0,11.0,0
1996-11-06,EWW,11.375,11.375,11.25,11.25,1300
1996-11-07,EWW,11.3125,11.3125,11.1875,11.25,1800
1996-11-08,EWW,11.375,11.375,11.375,11.375,400
1996-11-11,EWW,11.375,11.625,11.25,11.625,30900
1996-11-12,EWW,11.5625,11.5625,11.375,11.4375,26600
1996-11-13,EWW,11.4375,11.5,11.375,11.5,38800
1996-11-14,EWW,11.625,11.625,11.5,11.5,1800
1996-11-15,EWW,11.75,11.75,11.4375,11.4375,1700
1996-11-18,EWW,11.5625,11.5625,11.5,11.5,3600
1996-11-19,EWW,11.5,11.5625,11.375,11.5,4100
1996-11-20,EWW,11.5625,11.5625,11.4375,11.4375,22700
1996-11-21,EWW,11.4375,11.4375,11.3125,11.3125,300
1996-11-22,EWW,11.3125,11.4375,11.3125,11.3125,3000
1996-11-25,EWW,11.4375,11.4375,11.125,11.125,3000
1996-11-26,EWW,11.1875,11.25,11.1875,11.1875,2200
1996-11-27,EWW,11.1875,11.375,11.1875,11.1875,800
1996-11-29,EWW,11.375,11.375,11.1875,11.1875,500
1996-12-02,EWW,11.4375,11.5,11.3125,11.375,2000
1996-12-03,EWW,11.4375,11.6875,11.4375,11.625,2200
1996-12-04,EWW,11.6875,11.6875,11.5,11.5,6200
1996-12-05,EWW,11.625,11.625,11.4375,11.4375,800
1996-12-06,EWW,11.25,11.5,11.25,11.25,600
1996-12-09,EWW,11.375,11.375,11.375,11.375,1000
1996-12-10,EWW,11.5,11.5,11.3125,11.3125,600
1996-12-11,EWW,11.25,11.4375,11.0,11.0,61100
1996-12-12,EWW,11.125,11.25,11.0,11.0,15900
1996-12-13,EWW,11.125,11.1875,11.0,11.0,800
1996-12-16,EWW,11.0,11.0,10.875,10.875,1500
1996-12-17,EWW,10.8125,11.125,10.8125,11.125,2700
1996-12-18,EWW,11.125,11.375,11.125,11.25,1300
1996-12-19,EWW,11.3125,11.3125,11.1875,11.3125,3500
1996-12-20,EWW,11.375,11.375,11.3125,11.3125,32000
1996-12-23,EWW,11.375,11.375,11.375,11.375,1500
1996-12-24,EWW,11.375,11.375,11.375,11.375,0
1996-12-26,EWW,11.3125,11.5625,11.3125,11.3125,1400
1996-12-27,EWW,11.3125,11.5625,11.3125,11.5625,1800
1996-12-30,EWW,11.625,11.625,11.625,11.625,2200
1996-12-31,EWW,11.625,11.625,11.375,11.625,1500
1997-01-02,EWW,11.5,11.5,11.5,11.5,400
1997-01-03,EWW,11.75,11.75,11.5,11.5,800
1997-01-06,EWW,12.0,12.0625,11.875,12.0,3200
1997-01-07,EWW,11.875,11.875,11.875,11.875,100
1997-01-08,EWW,12.125,12.25,12.125,12.25,14900
1997-01-09,EWW,12.3125,12.3125,12.0,12.0625,10600
1997-01-10,EWW,12.125,12.25,12.0,12.25,4500
1997-01-13,EWW,12.375,12.375,12.125,12.125,7000
1997-01-14,EWW,12.25,12.4375,12.25,12.4375,30000
1997-01-15,EWW,12.5625,12.6875,12.5625,12.6875,17500
1997-01-16,EWW,12.8125,12.875,12.625,12.75,37900
1997-01-17,EWW,12.75,12.8125,12.75,12.8125,13400
1997-01-20,EWW,12.875,12.875,12.5625,12.75,25000
1997-01-21,EWW,12.75,12.875,12.6875,12.75,25500
1997-01-22,EWW,12.5,12.6875,12.5,12.5,38300
1997-01-23,EWW,12.375,12.875,12.375,12.625,44900
1997-01-24,EWW,12.5625,12.5625,12.375,12.5,26700
1997-01-27,EWW,12.5,12.5,12.375,12.375,7400
1997-01-28,EWW,12.5625,12.6875,12.5625,12.625,1300
1997-01-29,EWW,12.5,12.5625,12.1875,12.25,219900
1997-01-30,EWW,12.4375,12.5,12.375,12.5,1800
1997-01-31,EWW,12.625,12.625,12.375,12.5,4400
1997-02-03,EWW,12.4375,12.4375,12.25,12.375,6300
1997-02-04,EWW,12.4375,12.4375,12.3125,12.3125,3100
1997-02-05,EWW,12.25,12.25,12.25,12.25,100
1997-02-06,EWW,12.375,12.5,12.375,12.5,2000
1997-02-07,EWW,12.5625,12.5625,12.375,12.375,17800
1997-02-10,EWW,12.5625,12.5625,12.375,12.5,2200
1997-02-11,EWW,12.5,12.625,12.5,12.625,7400
1997-02-12,EWW,12.8125,12.8125,12.8125,12.8125,100
1997-02-13,EWW,13.125,13.125,12.75,12.75,9900
1997-02-14,EWW,12.9375,13.0,12.75,13.0,4400
1997-02-18,EWW,13.1875,13.1875,13.0,13.125,18200
1997-02-19,EWW,13.125,13.3125,13.0625,13.1875,4500
1997-02-20,EWW,13.25,13.25,13.125,13.125,3900
1997-02-21,EWW,13.125,13.375,13.125,13.25,8900
1997-02-24,EWW,13.375,13.375,13.1875,13.375,6400
1997-02-25,EWW,13.375,13.4375,13.3125,13.4375,12700
1997-02-26,EWW,13.4375,13.4375,13.125,13.125,21000
1997-02-27,EWW,13.25,13.25,12.625,12.625,11200
1997-02-28,EWW,12.625,12.875,12.5625,12.875,2800
1997-03-03,EWW,12.625,12.6875,12.5,12.625,2400
1997-03-04,EWW,12.75,12.8125,12.625,12.625,29200
1997-03-05,EWW,12.5,12.625,12.375,12.5,41300
1997-03-06,EWW,12.625,12.6875,12.4375,12.5,3200
1997-03-07,EWW,12.4375,12.75,12.4375,12.625,56600
1997-03-10,EWW,12.5,12.75,12.5,12.75,2700
1997-03-11,EWW,12.875,12.875,12.5625,12.5625,1100
1997-03-12,EWW,12.5625,12.625,12.5,12.625,2700
1997-03-13,EWW,12.5,12.5625,12.25,12.25,4100
1997-03-14,EWW,12.1875,12.375,12.0,12.375,204900
1997-03-17,EWW,12.5625,12.5625,12.375,12.375,58500
1997-03-18,EWW,12.625,12.625,12.625,12.625,2400
1997-03-19,EWW,12.625,12.875,12.625,12.875,5600
1997-03-20,EWW,12.75,12.875,12.625,12.625,31200
1997-03-21,EWW,12.5625,12.75,12.5,12.75,2300
1997-03-24,EWW,12.5625,12.5625,12.5,12.5625,3800
1997-03-25,EWW,12.875,12.875,12.6875,12.6875,1300
1997-03-26,EWW,12.875,12.875,12.6875,12.6875,2600
1997-03-27,EWW,12.9375,12.9375,12.6875,12.6875,4200
1997-03-31,EWW,12.6875,12.6875,12.6875,12.6875,1100
1997-04-01,EWW,12.625,12.625,12.375,12.375,4800
1997-04-02,EWW,12.3125,12.5,12.3125,12.5,700
1997-04-03,EWW,12.25,12.625,12.25,12.625,37500
1997-04-04,EWW,12.625,12.625,12.625,12.625,0
1997-04-07,EWW,12.6875,12.75,12.5,12.625,3100
1997-04-08,EWW,12.75,12.75,12.6875,12.6875,1500
1997-04-09,EWW,12.75,12.75,12.625,12.75,1900
1997-04-10,EWW,12.8125,12.8125,12.625,12.625,4600
1997-04-11,EWW,12.625,12.8125,12.375,12.375,5500
1997-04-14,EWW,12.3125,12.3125,12.3125,12.3125,2000
1997-04-15,EWW,12.625,12.625,12.625,12.625,500
1997-04-16,EWW,12.8125,13.0,12.8125,12.875,1300
1997-04-17,EWW,12.875,12.875,12.875,12.875,1500
1997-04-18,EWW,12.875,12.875,12.75,12.75,200
1997-04-21,EWW,12.75,12.75,12.75,12.75,0
1997-04-22,EWW,12.75,12.8125,12.75,12.8125,8100
1997-04-23,EWW,12.6875,13.0,12.6875,13.0,400
1997-04-24,EWW,13.0625,13.0625,12.75,12.75,30700
1997-04-25,EWW,12.8125,12.8125,12.8125,12.8125,1900
1997-04-28,EWW,12.875,12.875,12.5,12.5,45800
1997-04-29,EWW,12.5625,12.5625,12.5,12.5,900
1997-04-30,EWW,12.6875,12.6875,12.6875,12.6875,1900
1997-05-01,EWW,12.5,12.5,12.4375,12.5,1000
1997-05-02,EWW,12.5,12.5,12.4375,12.5,20000
1997-05-05,EWW,12.5625,12.8125,12.5625,12.8125,3000
1997-05-06,EWW,13.0,13.0,12.9375,12.9375,15600
1997-05-07,EWW,12.875,12.875,12.625,12.625,300
1997-05-08,EWW,12.75,12.8125,12.75,12.8125,1600
1997-05-09,EWW,12.9375,13.0,12.9375,13.0,2100
1997-05-12,EWW,13.0,13.3125,13.0,13.3125,11300
1997-05-13,EWW,13.4375,13.4375,13.1875,13.1875,18600
1997-05-14,EWW,13.125,13.125,13.125,13.125,2000
1997-05-15,EWW,13.25,13.25,13.0,13.125,2700
1997-05-16,EWW,13.125,13.25,13.0625,13.0625,4400
1997-05-19,EWW,13.375,13.375,13.0,13.0625,1700
1997-05-20,EWW,13.1875,13.4375,13.1875,13.375,9900
1997-05-21,EWW,13.25,13.5,13.25,13.5,3000
1997-05-22,EWW,13.5625,13.5625,13.5625,13.5625,900
1997-05-23,EWW,13.375,13.625,13.375,13.5,13700
1997-05-27,EWW,13.625,13.625,13.4375,13.5,37700
1997-05-28,EWW,13.5,13.5,13.25,13.25,1800
1997-05-29,EWW,13.0,13.25,13.0,13.25,5900
1997-05-30,EWW,13.25,13.25,13.1875,13.25,4500
1997-06-02,EWW,13.125,13.4375,13.125,13.4375,8100
1997-06-03,EWW,13.3125,13.6875,13.3125,13.5,9000
1997-06-04,EWW,13.6875,13.6875,13.5625,13.6875,4000
1997-06-05,EWW,13.75,13.875,13.75,13.75,3800
1997-06-06,EWW,13.8125,13.875,13.6875,13.875,26700
1997-06-09,EWW,13.9375,13.9375,13.75,13.75,3800
1997-06-10,EWW,13.8125,13.875,13.8125,13.875,3400
1997-06-11,EWW,13.875,13.875,13.875,13.875,500
1997-06-12,EWW,14.0,14.125,13.875,13.875,1900
1997-06-13,EWW,14.1875,14.25,14.1875,14.25,4200
1997-06-16,EWW,14.25,14.3125,14.125,14.3125,7700
1997-06-17,EWW,14.375,14.4375,14.1875,14.1875,2400
1997-06-18,EWW,14.3125,14.3125,14.0625,14.0625,600
1997-06-19,EWW,14.3125,14.625,14.3125,14.625,9600
1997-06-20,EWW,14.375,14.6875,14.375,14.625,25100
1997-06-23,EWW,14.625,14.8125,14.5,14.8125,1500
1997-06-24,EWW,14.875,14.875,14.625,14.75,9700
1997-06-25,EWW,14.375,14.625,14.375,14.4375,3100
1997-06-26,EWW,14.625,14.875,14.5625,14.5625,5000
1997-06-27,EWW,14.6875,14.9375,14.6875,14.75,2100
1997-06-30,EWW,14.875,14.9375,14.625,14.875,4800
1997-07-01,EWW,14.625,15.0,14.625,15.0,17600
1997-07-02,EWW,15.125,15.25,15.0,15.1875,44700
1997-07-03,EWW,15.1875,15.375,15.1875,15.375,3000
1997-07-07,EWW,15.5625,15.8125,15.5625,15.8125,30700
1997-07-08,EWW,15.9375,16.3125,15.9375,16.3125,279300
1997-07-09,EWW,16.25,16.375,16.125,16.1875,59300
1997-07-10,EWW,16.25,16.25,16.0,16.125,5500
1997-07-11,EWW,16.5,16.5,16.0625,16.0625,26200
1997-07-14,EWW,16.0,16.125,15.875,15.875,3300
1997-07-15,EWW,15.75,15.9375,15.375,15.375,46400
1997-07-16,EWW,15.4375,16.0,15.4375,16.0,2200
1997-07-17,EWW,16.125,16.375,15.9375,16.25,15000
1997-07-18,EWW,15.875,15.9375,15.5,15.5,25700
1997-07-21,EWW,15.5,15.5,15.25,15.25,93100
1997-07-22,EWW,15.4375,15.625,15.375,15.4375,24900
1997-07-23,EWW,15.5,15.75,15.5,15.75,15400
1997-07-24,EWW,15.9375,16.125,15.9375,16.0,17300
1997-07-25,EWW,16.125,16.1875,15.9375,15.9375,76300
1997-07-28,EWW,16.0,16.0,15.875,15.875,19600
1997-07-29,EWW,16.0,16.3125,15.75,16.0625,14600
1997-07-30,EWW,16.4375,16.75,16.4375,16.75,3800
1997-07-31,EWW,17.0,17.1875,16.875,17.125,11300
1997-08-01,EWW,16.9375,17.1875,16.75,16.875,59500
1997-08-04,EWW,17.0,17.0625,16.875,17.0625,1100
1997-08-05,EWW,17.3125,17.5,17.1875,17.25,5300
1997-08-06,EWW,17.5,17.6875,17.5,17.6875,1600
1997-08-07,EWW,17.6875,17.6875,17.3125,17.5,7800
1997-08-08,EWW,17.125,17.25,16.75,16.875,55500
1997-08-11,EWW,16.875,17.125,16.5,16.75,19800
1997-08-12,EWW,16.9375,17.0,16.8125,16.9375,9300
1997-08-13,EWW,16.9375,17.0,16.6875,16.6875,34000
1997-08-14,EWW,16.9375,17.0,16.75,16.75,1200
1997-08-15,EWW,16.625,16.75,16.5,16.5,60200
1997-08-18,EWW,16.6875,16.6875,16.1875,16.3125,29500
1997-08-19,EWW,16.6875,16.9375,16.625,16.9375,10500
1997-08-20,EWW,17.0,17.1875,17.0,17.1875,15400
1997-08-21,EWW,17.3125,17.3125,16.8125,16.8125,45100
1997-08-22,EWW,16.875,16.875,15.9375,15.9375,41100
1997-08-25,EWW,16.1875,16.4375,16.125,16.125,2400
1997-08-26,EWW,16.125,16.25,15.9375,15.9375,3700
1997-08-27,EWW,16.1875,16.1875,15.625,15.625,9100
1997-08-28,EWW,15.875,15.875,15.875,15.875,12500
1997-08-29,EWW,15.5,15.5,14.9375,15.0625,42500
1997-09-02,EWW,15.3125,15.625,15.3125,15.625,36500
1997-09-03,EWW,15.75,16.0,15.6875,16.0,14400
1997-09-04,EWW,15.75,15.875,15.625,15.75,15600
1997-09-05,EWW,16.0625,16.0625,15.6875,15.6875,5100
1997-09-08,EWW,16.0,16.0,16.0,16.0,4100
1997-09-09,EWW,16.0625,16.0625,16.0625,16.0625,100
1997-09-10,EWW,15.875,15.875,15.6875,15.6875,22500
1997-09-11,EWW,15.75,15.75,15.25,15.375,55000
1997-09-12,EWW,15.625,15.8125,15.5,15.8125,1600
1997-09-15,EWW,15.9375,15.9375,15.9375,15.9375,100
1997-09-16,EWW,15.5625,16.125,15.5625,16.125,14800
1997-09-17,EWW,15.75,16.125,15.75,15.9375,3100
1997-09-18,EWW,16.3125,16.5625,16.3125,16.5625,14600
1997-09-19,EWW,16.5,16.625,16.5,16.625,800
1997-09-22,EWW,16.625,16.8125,16.625,16.6875,2000
1997-09-23,EWW,16.8125,16.8125,16.6875,16.6875,8200
1997-09-24,EWW,16.625,17.0,16.625,16.9375,13200
1997-09-25,EWW,16.9375,16.9375,16.75,16.8125,9800
1997-09-26,EWW,16.875,17.0625,16.875,17.0,42000
1997-09-29,EWW,16.75,17.125,16.75,17.125,1300
1997-09-30,EWW,17.1875,17.1875,16.9375,17.125,10300
1997-10-01,EWW,17.25,17.5,17.25,17.5,12400
1997-10-02,EWW,17.3125,17.5,17.3125,17.3125,7200
1997-10-03,EWW,17.75,17.75,17.3125,17.3125,3100
1997-10-06,EWW,17.4375,17.5,17.375,17.375,7300
1997-10-07,EWW,17.5,17.5,17.3125,17.375,7100
1997-10-08,EWW,17.5,17.5,17.3125,17.3125,41300
1997-10-09,EWW,17.1875,17.1875,16.875,16.875,11300
1997-10-10,EWW,17.0,17.0,16.875,16.875,4600
1997-10-13,EWW,16.9375,16.9375,16.9375,16.9375,100
1997-10-14,EWW,17.25,17.25,17.25,17.25,1100
1997-10-15,EWW,17.25,17.25,17.1875,17.1875,27800
1997-10-16,EWW,17.625,17.625,17.375,17.5625,7900
1997-10-17,EWW,17.25,17.25,16.875,16.875,102200
1997-10-20,EWW,17.25,17.5,17.25,17.375,1000
1997-10-21,EWW,17.3125,17.4375,17.3125,17.4375,1700
1997-10-22,EWW,17.5,17.5625,17.25,17.25,6400
1997-10-23,EWW,16.875,16.875,16.1875,16.375,42900
1997-10-24,EWW,16.625,16.8125,15.5625,15.75,54800
1997-10-27,EWW,15.1875,15.1875,13.0,13.0625,24000
1997-10-28,EWW,11.75,14.75,11.625,14.75,127100
1997-10-29,EWW,15.0625,15.4375,14.3125,14.3125,70400
1997-10-30,EWW,13.875,14.1875,13.5,13.5,86300
1997-10-31,EWW,14.375,14.375,13.6875,13.8125,50400
1997-11-03,EWW,14.5,14.8125,14.5,14.6875,34600
1997-11-04,EWW,15.0,15.0,14.6875,14.6875,2000
1997-11-05,EWW,15.125,15.25,15.0,15.0,5100
1997-11-06,EWW,14.6875,14.6875,14.6875,14.6875,400
1997-11-07,EWW,14.0625,14.25,13.75,13.75,6100
1997-11-10,EWW,14.0,14.1875,13.625,13.625,11900
1997-11-11,EWW,13.9375,13.9375,13.8125,13.8125,2100
1997-11-12,EWW,13.375,13.375,13.0,13.0,7100
1997-11-13,EWW,13.375,13.4375,13.0,13.4375,10100
1997-11-14,EWW,13.75,13.9375,13.625,13.9375,7200
1997-11-17,EWW,14.375,14.4375,14.125,14.4375,13300
1997-11-18,EWW,14.25,14.25,14.0625,14.0625,8500
1997-11-19,EWW,13.875,13.875,13.875,13.875,1500
1997-11-20,EWW,14.5625,14.5625,14.25,14.25,185900
1997-11-21,EWW,14.75,15.0625,14.75,15.0625,10800
1997-11-24,EWW,14.5625,14.75,14.5625,14.75,1400
1997-11-25,EWW,14.375,14.625,14.375,14.5,13000
1997-11-26,EWW,14.9375,14.9375,14.75,14.875,27900
1997-11-28,EWW,15.125,15.25,15.125,15.25,7600
1997-12-01,EWW,15.25,15.875,15.25,15.8125,12900
1997-12-02,EWW,15.9375,16.0,15.75,15.8125,3200
1997-12-03,EWW,15.9375,15.9375,15.9375,15.9375,700
1997-12-04,EWW,16.0625,16.25,16.0,16.0625,25700
1997-12-05,EWW,15.9375,15.9375,15.75,15.75,700
1997-12-08,EWW,16.1875,16.1875,16.1875,16.1875,2300
1997-12-09,EWW,16.1875,16.1875,15.875,15.875,8000
1997-12-10,EWW,15.875,15.875,15.6875,15.6875,14700
1997-12-11,EWW,15.5,15.5,15.125,15.125,8700
1997-12-12,EWW,15.25,15.4375,15.125,15.125,22900
1997-12-15,EWW,15.4375,15.5,15.375,15.5,13100
1997-12-16,EWW,15.9375,15.9375,15.9375,15.9375,1300
1997-12-17,EWW,16.0,16.0,15.875,15.875,6300
1997-12-18,EWW,15.875,15.875,15.625,15.625,8100
1997-12-19,EWW,15.5625,15.5625,15.1875,15.5,17200
1997-12-22,EWW,15.5625,15.5625,15.25,15.375,7100
1997-12-23,EWW,15.25,15.4375,15.1875,15.1875,4600
1997-12-24,EWW,15.375,15.4375,15.375,15.4375,1600
1997-12-26,EWW,15.5,15.5,15.5,15.5,300
1997-12-29,EWW,15.75,16.0,15.75,16.0,6300
1997-12-30,EWW,16.4375,16.4375,16.3125,16.375,12100
1997-12-31,EWW,16.4375,16.5625,16.25,16.5625,700
1998-01-02,EWW,16.4375,16.5,16.3125,16.5,5600
1998-01-05,EWW,16.5,16.5,16.1875,16.3125,20000
1998-01-06,EWW,16.25,16.25,16.25,16.25,500
1998-01-07,EWW,15.8125,15.8125,15.4375,15.4375,12300
1998-01-08,EWW,15.6875,15.6875,15.1875,15.1875,41000
1998-01-09,EWW,15.375,15.375,14.0,14.0,34900
1998-01-12,EWW,14.0,14.125,13.9375,14.125,5600
1998-01-13,EWW,14.4375,14.5,14.4375,14.4375,2800
1998-01-14,EWW,14.75,14.75,14.1875,14.1875,11900
1998-01-15,EWW,14.125,14.25,14.0625,14.25,30700
1998-01-16,EWW,14.5,14.75,14.5,14.75,11800
1998-01-20,EWW,15.0,15.1875,14.75,14.75,13300
1998-01-21,EWW,14.8125,14.875,14.4375,14.5,3900
1998-01-22,EWW,14.125,14.125,14.125,14.125,4700
1998-01-23,EWW,14.125,14.375,14.0,14.0,4200
1998-01-26,EWW,14.0625,14.3125,14.0625,14.125,7900
1998-01-27,EWW,14.4375,14.5625,14.375,14.5625,4300
1998-01-28,EWW,14.375,14.5,14.25,14.3125,40100
1998-01-29,EWW,14.25,14.25,14.0,14.0,20600
1998-01-30,EWW,14.0625,14.1875,13.75,14.125,8400
1998-02-02,EWW,14.5625,14.625,14.375,14.5625,16500
1998-02-03,EWW,14.5625,14.875,14.5625,14.75,8800
1998-02-04,EWW,14.75,15.0,14.75,14.8125,6100
1998-02-05,EWW,15.0,15.125,14.875,15.125,3600
1998-02-06,EWW,15.125,15.1875,15.0625,15.0625,8700
1998-02-09,EWW,15.0625,15.0625,14.5,14.75,12200
1998-02-10,EWW,14.4375,14.875,14.4375,14.875,31100
1998-02-11,EWW,14.8125,14.8125,14.5625,14.625,8900
1998-02-12,EWW,14.5,14.75,14.4375,14.75,8200
1998-02-13,EWW,14.5,14.5,14.5,14.5,1300
1998-02-17,EWW,14.5,14.5,14.125,14.125,4500
1998-02-18,EWW,14.0,14.0625,14.0,14.0,13500
1998-02-19,EWW,14.1875,14.625,14.1875,14.375,110200
1998-02-20,EWW,14.3125,14.3125,14.125,14.125,200
1998-02-23,EWW,14.4375,14.4375,14.125,14.125,10400
1998-02-24,EWW,14.0,14.4375,14.0,14.0,18000
1998-02-25,EWW,14.125,14.5625,14.125,14.5,3200
1998-02-26,EWW,14.75,14.9375,14.5625,14.75,4200
1998-02-27,EWW,14.4375,15.0625,14.4375,14.75,25100
1998-03-02,EWW,14.9375,15.125,14.9375,14.9375,9800
1998-03-03,EWW,15.0,15.125,14.875,15.0,12900
1998-03-04,EWW,15.0625,15.0625,14.75,14.875,3600
1998-03-05,EWW,14.5625,14.6875,14.5625,14.6875,4800
1998-03-06,EWW,14.75,15.0625,14.75,14.9375,40500
1998-03-09,EWW,14.6875,14.8125,14.6875,14.6875,1200
1998-03-10,EWW,14.8125,14.875,14.5,14.5,76400
1998-03-11,EWW,14.5,14.625,14.25,14.4375,79900
1998-03-12,EWW,14.5625,14.625,14.375,14.625,19400
1998-03-13,EWW,14.625,14.875,14.625,14.75,19000
1998-03-16,EWW,14.75,14.75,14.5625,14.625,1300
1998-03-17,EWW,14.4375,14.8125,14.4375,14.625,8400
1998-03-18,EWW,14.875,14.9375,14.75,14.75,900
1998-03-19,EWW,14.9375,15.0,14.875,14.875,32300
1998-03-20,EWW,15.0,15.125,14.875,15.125,10900
1998-03-23,EWW,15.25,15.625,15.25,15.625,38900
1998-03-24,EWW,15.4375,15.875,15.4375,15.6875,10300
1998-03-25,EWW,15.625,15.6875,15.375,15.375,11700
1998-03-26,EWW,15.25,15.375,15.25,15.375,2600
1998-03-27,EWW,15.5625,15.625,15.3125,15.3125,27100
1998-03-30,EWW,15.25,15.25,15.25,15.25,15600
1998-03-31,EWW,15.6875,15.75,15.4375,15.4375,4700
1998-04-01,EWW,15.5,15.625,15.5,15.5625,2400
1998-04-02,EWW,15.5,15.625,15.375,15.375,2200
1998-04-03,EWW,15.5,15.5625,15.25,15.25,2700
1998-04-06,EWW,15.4375,15.4375,15.25,15.25,24200
1998-04-07,EWW,15.375,15.375,14.875,14.875,24000
1998-04-08,EWW,15.125,15.125,14.8125,14.8125,700
1998-04-09,EWW,15.1875,15.1875,14.9375,15.125,21900
1998-04-13,EWW,15.1875,15.375,15.125,15.125,28300
1998-04-14,EWW,15.1875,15.3125,15.1875,15.25,6500
1998-04-15,EWW,15.25,15.5625,15.125,15.3125,3000
1998-04-16,EWW,15.4375,15.4375,15.0625,15.3125,9300
1998-04-17,EWW,15.3125,15.5625,15.3125,15.5,11300
1998-04-20,EWW,15.5,15.75,15.5,15.75,27900
1998-04-21,EWW,15.75,16.1875,15.75,15.9375,118300
1998-04-22,EWW,16.125,16.125,15.8125,16.0625,27700
1998-04-23,EWW,15.875,15.9375,15.8125,15.8125,46700
1998-04-24,EWW,16.0625,16.0625,15.5,15.5,800
1998-04-27,EWW,15.625,15.625,14.8125,14.8125,9100
1998-04-28,EWW,15.3125,15.3125,15.0625,15.1875,6400
1998-04-29,EWW,15.125,15.125,15.0625,15.125,4500
1998-04-30,EWW,15.25,15.5625,15.25,15.4375,9700
1998-05-01,EWW,15.5625,15.6875,15.5,15.5625,3000
1998-05-04,EWW,15.5625,15.5625,15.5625,15.5625,300
1998-05-05,EWW,15.4375,15.4375,15.1875,15.375,12400
1998-05-06,EWW,15.3125,15.3125,15.125,15.125,3700
1998-05-07,EWW,15.0,15.1875,14.9375,15.0625,11100
1998-05-08,EWW,15.25,15.375,15.0625,15.0625,12700
1998-05-11,EWW,15.4375,15.4375,15.125,15.125,4800
1998-05-12,EWW,14.875,14.875,14.875,14.875,100
1998-05-13,EWW,14.625,14.75,14.5,14.5,21400
1998-05-14,EWW,14.625,14.6875,14.5,14.5,3600
1998-05-15,EWW,14.5,14.6875,14.5,14.5,24000
1998-05-18,EWW,14.4375,14.5625,14.0,14.0,8200
1998-05-19,EWW,14.25,14.25,14.0,14.0,1100
1998-05-20,EWW,14.375,14.375,13.8125,13.8125,4700
1998-05-21,EWW,13.8125,14.0625,13.8125,14.0625,700
1998-05-22,EWW,14.3125,14.3125,13.8125,13.8125,103300
1998-05-26,EWW,14.1875,14.1875,13.375,13.5,2200
1998-05-27,EWW,12.875,12.9375,12.75,12.875,5100
1998-05-28,EWW,13.125,13.375,12.8125,13.125,31100
1998-05-29,EWW,13.6875,13.8125,13.375,13.4375,41600
1998-06-01,EWW,13.6875,13.6875,12.75,12.75,27400
1998-06-02,EWW,13.25,13.25,12.9375,13.0,24600
1998-06-03,EWW,13.0,13.125,13.0,13.0,7800
1998-06-04,EWW,13.0,13.875,13.0,13.75,38800
1998-06-05,EWW,13.75,14.0,13.6875,13.6875,13700
1998-06-08,EWW,13.9375,13.9375,13.4375,13.5,28400
1998-06-09,EWW,13.8125,13.8125,13.4375,13.6875,20600
1998-06-10,EWW,13.75,13.75,12.875,12.875,24500
1998-06-11,EWW,12.75,12.75,12.3125,12.3125,23000
1998-06-12,EWW,12.3125,12.375,11.6875,12.0625,31900
1998-06-15,EWW,12.0625,12.0625,11.5625,11.75,25600
1998-06-16,EWW,11.5,11.9375,11.4375,11.75,25100
1998-06-17,EWW,12.3125,12.8125,12.3125,12.5,17000
1998-06-18,EWW,13.0,13.0,12.5,12.5,35500
1998-06-19,EWW,12.5,12.625,12.5,12.625,10900
1998-06-22,EWW,12.6875,12.6875,12.25,12.5625,8000
1998-06-23,EWW,12.75,13.0,12.75,13.0,1300
1998-06-24,EWW,12.75,12.9375,12.625,12.8125,6200
1998-06-25,EWW,12.8125,12.8125,12.3125,12.3125,17600
1998-06-26,EWW,12.1875,12.25,12.0,12.0625,28100
1998-06-29,EWW,12.0,12.25,12.0,12.0625,30300
1998-06-30,EWW,12.3125,12.375,12.3125,12.375,4000
1998-07-01,EWW,12.625,13.0,12.5,13.0,9300
1998-07-02,EWW,13.1875,13.1875,12.875,13.0,7500
1998-07-06,EWW,12.875,13.0625,12.875,13.0,2300
1998-07-07,EWW,12.75,13.375,12.75,13.3125,52400
1998-07-08,EWW,13.5,13.5,13.3125,13.5,8800
1998-07-09,EWW,13.5,13.5,13.3125,13.3125,16800
1998-07-10,EWW,13.3125,13.3125,13.3125,13.3125,0
1998-07-13,EWW,13.125,13.625,13.125,13.625,8700
1998-07-14,EWW,13.9375,13.9375,13.75,13.8125,10400
1998-07-15,EWW,14.125,14.125,13.875,13.875,9600
1998-07-16,EWW,13.9375,14.125,13.9375,14.0,13800
1998-07-17,EWW,14.0,14.0625,13.875,13.875,24400
1998-07-20,EWW,14.375,14.375,13.9375,14.0,6700
1998-07-21,EWW,13.75,13.8125,13.5625,13.5625,11300
1998-07-22,EWW,13.5625,13.5625,13.5,13.5,5100
1998-07-23,EWW,13.5,13.5625,13.3125,13.375,3200
1998-07-24,EWW,13.375,13.375,13.375,13.375,4000
1998-07-27,EWW,13.1875,13.25,13.1875,13.25,11000
1998-07-28,EWW,12.75,12.875,12.625,12.875,10800
1998-07-29,EWW,13.0,13.125,13.0,13.125,31200
1998-07-30,EWW,13.25,13.25,13.125,13.25,9200
1998-07-31,EWW,13.0,13.0,12.5625,12.5625,8100
1998-08-03,EWW,12.6875,12.6875,12.375,12.625,7500
1998-08-04,EWW,12.4375,12.625,12.0625,12.0625,31800
1998-08-05,EWW,12.0625,12.1875,12.0625,12.1875,800
1998-08-06,EWW,12.0,12.125,11.875,12.125,2500
1998-08-07,EWW,12.125,12.125,12.0,12.0,2600
1998-08-10,EWW,11.5,11.5,11.25,11.375,6000
1998-08-11,EWW,11.0,11.0,10.3125,10.4375,42700
1998-08-12,EWW,11.125,11.125,10.25,10.25,38800
1998-08-13,EWW,10.25,10.9375,10.25,10.9375,10000
1998-08-14,EWW,10.8125,10.8125,10.375,10.375,8100
1998-08-17,EWW,10.125,10.125,10.125,10.125,400
1998-08-18,EWW,10.5625,10.5625,10.375,10.5,14500
1998-08-19,EWW,11.0,11.0,10.75,10.75,17100
1998-08-20,EWW,10.8125,10.8125,10.25,10.25,6600
1998-08-21,EWW,9.9375,9.9375,9.375,9.875,33500
1998-08-24,EWW,9.875,9.9375,9.375,9.6875,40100
1998-08-25,EWW,9.875,9.875,9.3125,9.3125,100700
1998-08-26,EWW,8.625,9.125,8.5,8.875,33300
1998-08-27,EWW,8.5,8.5,8.0,8.125,23600
1998-08-28,EWW,8.1875,8.4375,7.875,8.0,11600
1998-08-31,EWW,8.25,8.375,7.8125,7.8125,17000
1998-09-01,EWW,7.875,8.5,7.625,8.5,36400
1998-09-02,EWW,8.5,8.875,8.5,8.5,21500
1998-09-03,EWW,8.125,8.3125,8.125,8.125,22700
1998-09-04,EWW,8.25,8.4375,7.6875,7.6875,14100
1998-09-08,EWW,8.375,8.625,8.25,8.25,10100
1998-09-09,EWW,8.5,8.5,8.0,8.0,6600
1998-09-10,EWW,7.25,7.4375,6.8125,7.0,16200
1998-09-11,EWW,7.0,7.375,7.0,7.25,21300
1998-09-14,EWW,7.5,7.875,7.3125,7.5625,4800
1998-09-15,EWW,7.625,9.0625,7.625,9.0625,18500
1998-09-16,EWW,9.25,9.4375,8.75,8.875,19700
1998-09-17,EWW,8.5,8.75,8.5,8.75,21600
1998-09-18,EWW,8.9375,9.1875,8.9375,9.0,6900
1998-09-21,EWW,8.75,8.9375,8.625,8.9375,6300
1998-09-22,EWW,9.5,9.6875,9.3125,9.3125,4800
1998-09-23,EWW,9.6875,10.125,9.6875,10.125,11900
1998-09-24,EWW,10.375,10.375,9.4375,9.4375,5700
1998-09-25,EWW,9.3125,9.5,9.1875,9.5,31800
1998-09-28,EWW,9.9375,10.0625,9.8125,9.8125,7800
1998-09-29,EWW,9.75,9.75,9.5625,9.5625,12900
1998-09-30,EWW,9.25,9.25,9.0625,9.0625,2200
1998-10-01,EWW,9.0,9.0,8.6875,8.6875,30400
1998-10-02,EWW,8.75,9.4375,8.75,9.375,45300
1998-10-05,EWW,9.0625,9.0625,9.0,9.0,2000
1998-10-06,EWW,9.5,9.5,9.0625,9.0625,5100
1998-10-07,EWW,9.0625,9.0625,8.75,8.75,22300
1998-10-08,EWW,8.875,8.875,8.5,8.5625,3200
1998-10-09,EWW,9.0,9.3125,8.875,9.125,17600
1998-10-12,EWW,9.4375,9.5625,9.375,9.5,9800
1998-10-13,EWW,9.3125,9.5,9.25,9.25,4000
1998-10-14,EWW,9.3125,9.75,9.3125,9.5,15000
1998-10-15,EWW,9.625,9.875,9.5,9.875,14300
1998-10-16,EWW,10.125,10.375,10.0625,10.1875,16700
1998-10-19,EWW,10.25,10.3125,10.125,10.25,14300
1998-10-20,EWW,10.5,10.5625,10.25,10.25,8100
1998-10-21,EWW,10.0625,10.25,10.0625,10.25,5800
1998-10-22,EWW,10.25,10.75,10.1875,10.75,16900
1998-10-23,EWW,10.4375,10.75,10.4375,10.5625,23100
1998-10-26,EWW,10.4375,10.75,10.4375,10.5,1700
1998-10-27,EWW,10.8125,10.8125,10.25,10.25,18200
1998-10-28,EWW,10.0,10.25,10.0,10.125,27600
1998-10-29,EWW,9.75,10.125,9.75,10.0625,5000
1998-10-30,EWW,10.4375,10.5,10.1875,10.5,3200
1998-11-02,EWW,10.9375,11.25,10.8125,11.0625,74400
1998-11-03,EWW,11.125,11.1875,11.0,11.0625,10800
1998-11-04,EWW,11.3125,11.8125,11.3125,11.75,26800
1998-11-05,EWW,11.4375,11.8125,11.375,11.5625,20000
1998-11-06,EWW,11.5,11.5625,11.5,11.5625,11100
1998-11-09,EWW,11.5625,11.625,11.25,11.25,25000
1998-11-10,EWW,11.0,11.1875,11.0,11.0,16000
1998-11-11,EWW,11.3125,11.3125,10.75,10.75,9600
1998-11-12,EWW,10.75,10.9375,10.6875,10.6875,5200
1998-11-13,EWW,10.5625,10.5625,10.5625,10.5625,300
1998-11-16,EWW,10.875,10.875,10.5625,10.5625,35900
1998-11-17,EWW,10.625,10.8125,10.5625,10.75,10100
1998-11-18,EWW,10.625,10.875,10.625,10.875,8500
1998-11-19,EWW,11.125,11.125,10.875,10.875,3800
1998-11-20,EWW,11.125,11.125,10.75,10.75,2000
1998-11-23,EWW,10.75,11.25,10.75,11.1875,19000
1998-11-24,EWW,10.875,10.9375,10.75,10.75,7700
1998-11-25,EWW,10.625,10.625,10.625,10.625,2000
1998-11-27,EWW,10.75,10.75,10.75,10.75,800
1998-11-30,EWW,10.5,10.5,10.125,10.125,8400
1998-12-01,EWW,9.375,10.0625,9.375,10.0625,25900
1998-12-02,EWW,9.8125,10.1875,9.8125,10.1875,12700
1998-12-03,EWW,9.875,10.0625,9.875,9.9375,13300
1998-12-04,EWW,9.875,10.0625,9.75,10.0625,7800
1998-12-07,EWW,10.3125,10.3125,9.9375,10.125,14800
1998-12-08,EWW,10.1875,10.25,10.1875,10.1875,22200
1998-12-09,EWW,10.125,10.1875,9.9375,10.0625,16900
1998-12-10,EWW,9.875,9.9375,9.875,9.9375,1500
1998-12-11,EWW,9.75,10.0,9.75,10.0,5200
1998-12-14,EWW,10.3125,10.3125,9.8125,9.8125,12100
1998-12-15,EWW,9.9375,10.125,9.75,9.8125,51200
1998-12-16,EWW,10.0,10.0,9.75,9.9375,41400
1998-12-17,EWW,9.9375,10.1875,9.875,9.9375,1500
1998-12-18,EWW,10.0625,10.3125,10.0625,10.3125,8700
1998-12-21,EWW,10.3125,10.5,10.3125,10.5,6200
1998-12-22,EWW,10.25,10.375,10.1875,10.25,9600
1998-12-23,EWW,10.5625,10.5625,10.5625,10.5625,1800
1998-12-24,EWW,10.375,10.4375,10.375,10.4375,2800
1998-12-28,EWW,10.375,10.5625,10.375,10.375,5900
1998-12-29,EWW,10.25,10.375,10.1875,10.1875,22400
1998-12-30,EWW,10.125,10.1875,10.0625,10.0625,8600
1998-12-31,EWW,10.3125,10.3125,10.25,10.25,41600
1999-01-04,EWW,10.5,10.5625,10.1875,10.1875,8200
1999-01-05,EWW,10.25,10.25,10.0625,10.25,7100
1999-01-06,EWW,10.375,10.375,10.0625,10.0625,82300
1999-01-07,EWW,10.0,10.0,9.75,9.9375,37700
1999-01-08,EWW,9.75,9.8125,9.625,9.625,6500
1999-01-11,EWW,9.625,9.625,9.25,9.375,25900
1999-01-12,EWW,9.5,9.5,8.875,8.875,17500
1999-01-13,EWW,7.6875,8.375,7.6875,8.1875,57100
1999-01-14,EWW,8.1875,8.375,8.0625,8.3125,5500
1999-01-15,EWW,9.0,9.4375,9.0,9.4375,202000
1999-01-19,EWW,9.625,9.625,9.25,9.25,30800
1999-01-20,EWW,9.5,9.75,9.5,9.625,141900
1999-01-21,EWW,9.375,9.5625,9.375,9.375,13400
1999-01-22,EWW,9.25,9.5,9.25,9.5,7600
1999-01-25,EWW,9.375,9.5625,9.375,9.5,1900
1999-01-26,EWW,9.4375,9.4375,9.4375,9.4375,200
1999-01-27,EWW,9.875,10.0625,9.625,9.75,18700
1999-01-28,EWW,10.0625,10.1875,9.8125,10.0,2600
1999-01-29,EWW,10.125,10.375,10.0,10.0,7500
1999-02-01,EWW,10.25,10.375,10.125,10.25,132000
1999-02-02,EWW,10.1875,10.25,10.125,10.125,28200
1999-02-03,EWW,10.125,10.3125,10.125,10.3125,12100
1999-02-04,EWW,10.375,10.375,10.25,10.25,5500
1999-02-05,EWW,10.1875,10.1875,10.0625,10.0625,5700
1999-02-08,EWW,10.25,10.5,10.25,10.3125,26200
1999-02-09,EWW,10.5625,10.5625,10.1875,10.1875,2700
1999-02-10,EWW,10.375,10.375,10.25,10.25,1200
1999-02-11,EWW,10.3125,10.9375,10.3125,10.9375,56000
1999-02-12,EWW,11.0,11.0,10.75,10.75,5100
1999-02-16,EWW,10.875,11.0625,10.8125,10.8125,12800
1999-02-17,EWW,10.875,11.125,10.75,10.75,17100
1999-02-18,EWW,10.875,10.875,10.75,10.8125,4100
1999-02-19,EWW,10.8125,11.0625,10.8125,11.0625,9200
1999-02-22,EWW,11.375,11.375,11.0,11.0,365200
1999-02-23,EWW,11.25,11.25,11.0,11.125,17200
1999-02-24,EWW,11.0,11.25,10.9375,11.0,16900
1999-02-25,EWW,11.0625,11.0625,10.75,10.75,18100
1999-02-26,EWW,10.875,10.9375,10.875,10.9375,2200
1999-03-01,EWW,11.0625,11.0625,10.75,10.75,20600
1999-03-02,EWW,10.6875,10.9375,10.6875,10.9375,8400
1999-03-03,EWW,10.8125,10.8125,10.625,10.625,4600
1999-03-04,EWW,10.5625,10.875,10.5625,10.75,71300
1999-03-05,EWW,11.0625,11.1875,10.875,11.1875,23000
1999-03-08,EWW,11.3125,11.5,11.3125,11.5,5000
1999-03-09,EWW,11.6875,12.1875,11.6875,12.0,19300
1999-03-10,EWW,12.1875,12.5,12.0625,12.5,22200
1999-03-11,EWW,12.375,12.9375,12.375,12.5,47100
1999-03-12,EWW,12.5,12.5,12.25,12.3125,11900
1999-03-15,EWW,12.25,12.75,12.1875,12.5,12800
1999-03-16,EWW,12.5,12.875,12.5,12.875,7400
1999-03-17,EWW,12.9375,13.0,12.6875,12.875,7500
1999-03-18,EWW,12.9375,12.9375,12.8125,12.875,3900
1999-03-19,EWW,13.125,13.1875,12.5,12.5,21000
1999-03-22,EWW,12.75,12.75,12.25,12.25,3100
1999-03-23,EWW,12.25,12.4375,12.0625,12.0625,12200
1999-03-24,EWW,12.4375,12.5,12.25,12.5,12800
1999-03-25,EWW,13.1875,13.1875,12.8125,12.8125,10300
1999-03-26,EWW,12.8125,12.875,12.625,12.625,11200
1999-03-29,EWW,12.8125,13.125,12.8125,13.0,17500
1999-03-30,EWW,12.9375,13.125,12.9375,13.0,5900
1999-03-31,EWW,13.1875,13.3125,13.1875,13.1875,8800
1999-04-01,EWW,13.375,13.375,13.25,13.3125,4400
1999-04-05,EWW,13.5,13.9375,13.5,13.9375,26300
1999-04-06,EWW,14.0,14.1875,13.875,14.0,20900
1999-04-07,EWW,14.1875,14.1875,13.6875,14.0,23000
1999-04-08,EWW,13.8125,14.0,13.8125,14.0,6100
1999-04-09,EWW,13.6875,13.9375,13.6875,13.9375,5000
1999-04-12,EWW,13.625,14.0,13.625,14.0,15200
1999-04-13,EWW,14.3125,14.5,14.125,14.125,8700
1999-04-14,EWW,14.375,14.4375,14.1875,14.375,33600
1999-04-15,EWW,14.125,14.75,14.0,14.75,130100
1999-04-16,EWW,14.8125,15.0,14.5625,15.0,36700
1999-04-19,EWW,15.25,15.625,14.875,14.875,83600
1999-04-20,EWW,15.0,15.0,14.625,14.625,11300
1999-04-21,EWW,14.75,14.75,14.3125,14.3125,19900
1999-04-22,EWW,14.75,14.75,14.375,14.75,62700
1999-04-23,EWW,14.9375,15.0,14.875,15.0,7700
1999-04-26,EWW,15.1875,15.1875,14.875,14.9375,48900
1999-04-27,EWW,14.9375,15.0,14.75,14.75,41100
1999-04-28,EWW,14.4375,15.0,14.375,14.875,36200
1999-04-29,EWW,14.875,15.25,14.875,15.1875,41200
1999-04-30,EWW,15.1875,15.625,14.875,14.875,59300
1999-05-03,EWW,15.0,15.375,15.0,15.3125,58800
1999-05-04,EWW,15.375,15.375,15.1875,15.3125,24300
1999-05-05,EWW,15.5,15.5,15.125,15.375,19300
1999-05-06,EWW,15.375,15.8125,15.1875,15.75,52300
1999-05-07,EWW,15.875,16.125,15.6875,16.0,89400
1999-05-10,EWW,16.375,16.8125,16.375,16.625,37100
1999-05-11,EWW,16.75,16.75,16.1875,16.375,182100
1999-05-12,EWW,16.375,16.375,15.9375,16.0625,30300
1999-05-13,EWW,16.25,16.5,16.125,16.3125,12300
1999-05-14,EWW,16.125,16.125,15.375,15.625,79100
1999-05-17,EWW,15.8125,15.8125,15.125,15.4375,32300
1999-05-18,EWW,15.75,15.75,15.4375,15.6875,8700
1999-05-19,EWW,15.875,15.875,15.25,15.25,14200
1999-05-20,EWW,15.5,15.625,15.25,15.25,7000
1999-05-21,EWW,15.3125,15.5625,15.1875,15.1875,6600
1999-05-24,EWW,14.875,14.9375,14.5,14.5,49600
1999-05-25,EWW,14.3125,14.5,14.0,14.125,29200
1999-05-26,EWW,14.0625,14.3125,14.0625,14.25,10900
1999-05-27,EWW,14.75,14.75,14.0625,14.0625,8200
1999-05-28,EWW,13.8125,14.125,13.8125,14.0,6900
1999-06-01,EWW,14.1875,14.1875,13.5625,13.75,6800
1999-06-02,EWW,13.6875,13.8125,13.6875,13.6875,4600
1999-06-03,EWW,14.0625,14.0625,13.875,14.0,4900
1999-06-04,EWW,13.625,14.25,13.625,14.25,13200
1999-06-07,EWW,14.375,14.375,14.125,14.375,7000
1999-06-08,EWW,14.375,14.5625,14.1875,14.1875,7700
1999-06-09,EWW,14.25,14.3125,14.25,14.3125,6800
1999-06-10,EWW,14.0,14.25,14.0,14.25,30400
1999-06-11,EWW,14.375,14.375,13.6875,13.6875,29600
1999-06-14,EWW,13.625,13.9375,13.5,13.5,17800
1999-06-15,EWW,13.4375,14.0,13.4375,14.0,34500
1999-06-16,EWW,14.25,15.0,14.25,14.5,557000
1999-06-17,EWW,15.1875,15.25,14.8125,15.0625,39200
1999-06-18,EWW,15.3125,15.3125,15.0,15.0,10400
1999-06-21,EWW,15.5,15.5,15.25,15.5,27700
1999-06-22,EWW,15.5625,15.6875,15.3125,15.5,59500
1999-06-23,EWW,15.5,15.5,14.78125,14.78125,257900
1999-06-24,EWW,15.0625,15.0625,14.4375,14.5,6300
1999-06-25,EWW,14.5,14.6875,14.4375,14.6875,5200
1999-06-28,EWW,14.6875,15.0,14.625,15.0,4400
1999-06-29,EWW,14.75,15.0,14.75,14.75,18400
1999-06-30,EWW,15.0625,15.5,14.875,15.5,121000
1999-07-01,EWW,15.375,15.6875,15.1875,15.4375,275700
1999-07-02,EWW,15.6875,15.875,15.5625,15.8125,29100
1999-07-06,EWW,15.5625,16.0,15.5625,15.8125,9400
1999-07-07,EWW,15.8125,15.875,15.5625,15.75,109900
1999-07-08,EWW,15.75,15.9375,15.625,15.75,36700
1999-07-09,EWW,15.75,15.75,15.5,15.5625,16700
1999-07-12,EWW,15.6875,15.6875,15.125,15.125,7400
1999-07-13,EWW,15.0625,15.125,14.6875,15.125,37700
1999-07-14,EWW,15.3125,15.5,15.3125,15.5,5700
1999-07-15,EWW,15.3125,15.5625,15.3125,15.5,18900
1999-07-16,EWW,15.5,15.5625,15.5,15.5,16700
1999-07-19,EWW,15.8125,15.8125,15.4375,15.6875,16200
1999-07-20,EWW,15.5625,15.6875,15.375,15.4375,14000
1999-07-21,EWW,15.25,15.3125,15.25,15.3125,2100
1999-07-22,EWW,15.3125,15.3125,15.0,15.0,13600
1999-07-23,EWW,15.0625,15.25,14.5,14.5625,16700
1999-07-26,EWW,14.375,14.5,14.1875,14.1875,96500
1999-07-27,EWW,14.375,14.375,14.1875,14.375,250800
1999-07-28,EWW,14.3125,14.375,14.1875,14.375,64000
1999-07-29,EWW,14.125,14.125,13.5625,13.625,110300
1999-07-30,EWW,13.875,13.875,13.625,13.625,2400
1999-08-02,EWW,13.875,13.875,13.5,13.5625,118400
1999-08-03,EWW,13.375,13.5625,13.3125,13.5625,6200
1999-08-04,EWW,13.625,13.6875,13.5625,13.6875,28200
1999-08-05,EWW,13.6875,13.6875,13.1875,13.1875,24300
1999-08-06,EWW,13.125,13.25,12.9375,12.9375,28200
1999-08-09,EWW,13.3125,13.3125,13.125,13.25,45900
1999-08-10,EWW,13.125,13.25,12.6875,13.0625,15300
1999-08-11,EWW,13.25,13.375,13.25,13.375,29200
1999-08-12,EWW,13.4375,13.875,13.4375,13.75,6500
1999-08-13,EWW,13.8125,14.0,13.8125,14.0,31000
1999-08-16,EWW,14.0625,14.1875,13.8125,13.8125,7200
1999-08-17,EWW,13.75,14.0,13.5,13.6875,29300
1999-08-18,EWW,13.8125,13.8125,13.625,13.75,18500
1999-08-19,EWW,13.6875,13.6875,13.3125,13.375,35800
1999-08-20,EWW,13.25,13.5625,13.25,13.3125,21900
1999-08-23,EWW,13.375,13.625,13.375,13.5625,8900
1999-08-24,EWW,13.4375,13.6875,13.4375,13.6875,3300
1999-08-25,EWW,13.5625,13.9375,13.5,13.875,9800
1999-08-26,EWW,14.0,14.0625,14.0,14.0,3700
1999-08-27,EWW,14.0625,14.0625,13.75,13.8125,11900
1999-08-30,EWW,13.4375,13.5625,13.3125,13.5625,6800
1999-08-31,EWW,13.4375,13.5625,13.1875,13.25,6100
1999-09-01,EWW,13.5,13.625,13.4375,13.5,8700
1999-09-02,EWW,13.25,13.25,13.1875,13.25,20300
1999-09-03,EWW,13.625,13.625,13.4375,13.4375,4800
1999-09-07,EWW,13.125,13.1875,12.875,12.9375,37600
1999-09-08,EWW,12.875,13.125,12.875,12.9375,11900
1999-09-09,EWW,12.6875,12.9375,12.6875,12.75,5400
1999-09-10,EWW,12.6875,13.0,12.6875,13.0,9900
1999-09-13,EWW,12.875,13.125,12.875,13.125,4400
1999-09-14,EWW,12.9375,13.25,12.9375,13.125,2800
1999-09-15,EWW,13.375,13.375,13.0,13.0625,3000
1999-09-16,EWW,12.9375,13.125,12.8125,12.9375,2600
1999-09-17,EWW,12.9375,12.9375,12.9375,12.9375,2200
1999-09-20,EWW,13.0,13.0625,12.875,13.0625,11900
1999-09-21,EWW,13.0625,13.0625,12.5625,12.75,90000
1999-09-22,EWW,12.8125,12.8125,12.625,12.8125,35800
1999-09-23,EWW,13.0625,13.3125,12.8125,12.8125,24800
1999-09-24,EWW,12.875,12.875,12.6875,12.765625,192400
1999-09-27,EWW,13.0,13.1875,13.0,13.1875,6800
1999-09-28,EWW,13.125,13.125,12.875,12.875,8900
1999-09-29,EWW,13.25,13.25,13.25,13.25,500
1999-09-30,EWW,12.9375,13.3125,12.9375,13.0,57100
1999-10-01,EWW,13.0625,13.0625,12.75,13.0,27400
1999-10-04,EWW,13.0,13.0,12.875,12.875,5800
1999-10-05,EWW,13.0625,13.125,12.6875,12.9375,19500
1999-10-06,EWW,13.125,13.125,13.0,13.0,6500
1999-10-07,EWW,13.375,13.375,13.125,13.125,5900
1999-10-08,EWW,13.0625,13.5,13.0625,13.375,6800
1999-10-11,EWW,13.4375,13.5625,13.4375,13.5625,2600
1999-10-12,EWW,13.8125,13.8125,13.3125,13.3125,20800
1999-10-13,EWW,13.3125,13.3125,13.0625,13.0625,6300
1999-10-14,EWW,13.0625,13.1875,13.0625,13.125,5500
1999-10-15,EWW,12.4375,12.4375,11.875,12.0,34400
1999-10-18,EWW,11.9375,12.1875,11.875,12.125,29900
1999-10-19,EWW,12.5,12.625,12.25,12.5,35300
1999-10-20,EWW,12.6875,12.75,12.5625,12.5625,5500
1999-10-21,EWW,12.75,12.875,12.6875,12.75,51200
1999-10-22,EWW,13.0,13.125,12.75,12.75,13300
1999-10-25,EWW,13.0,13.1875,12.8125,13.0625,107600
1999-10-26,EWW,13.25,13.25,12.9375,12.9375,16500
1999-10-27,EWW,13.1875,13.1875,12.8125,13.0625,15600
1999-10-28,EWW,13.3125,13.5625,13.25,13.4375,30400
1999-10-29,EWW,13.75,13.75,13.5,13.625,11200
1999-11-01,EWW,14.0625,14.0625,13.8125,14.0,7900
1999-11-02,EWW,14.0,14.25,13.9375,14.1875,10800
1999-11-03,EWW,14.4375,14.9375,14.4375,14.6875,47600
1999-11-04,EWW,14.9375,15.0625,14.6875,14.6875,2900
1999-11-05,EWW,14.9375,14.9375,14.75,14.9375,16100
1999-11-08,EWW,15.1875,15.375,15.125,15.125,45900
1999-11-09,EWW,15.5,15.5,14.875,14.875,20200
1999-11-10,EWW,15.0,15.3125,15.0,15.25,19300
1999-11-11,EWW,15.25,15.5625,15.25,15.375,17500
1999-11-12,EWW,15.75,15.75,15.3125,15.5,20200
1999-11-15,EWW,15.5,15.6875,15.4375,15.5,13500
1999-11-16,EWW,15.375,15.75,15.375,15.75,18900
1999-11-17,EWW,15.75,15.8125,15.5,15.625,14300
1999-11-18,EWW,16.0,16.0,15.75,15.875,43100
1999-11-19,EWW,16.125,16.375,16.0,16.25,17400
1999-11-22,EWW,16.4375,16.5,15.9375,16.125,30700
1999-11-23,EWW,15.9375,15.9375,15.5,15.75,18500
1999-11-24,EWW,15.6875,16.0,15.625,15.875,79700
1999-11-26,EWW,16.75,16.75,16.1875,16.1875,8900
1999-11-29,EWW,16.3125,16.375,16.125,16.1875,5500
1999-11-30,EWW,15.9375,16.1875,15.9375,15.9375,34000
1999-12-01,EWW,15.5,15.9375,15.5,15.75,15400
1999-12-02,EWW,15.875,16.25,15.875,16.1875,18500
1999-12-03,EWW,16.5,16.625,16.4375,16.5,26800
1999-12-06,EWW,16.25,16.875,16.25,16.5,46700
1999-12-07,EWW,16.75,16.75,16.375,16.375,20600
1999-12-08,EWW,16.5625,17.0,16.375,17.0,96200
1999-12-09,EWW,17.375,17.6875,17.125,17.1875,38100
1999-12-10,EWW,17.5625,17.5625,17.125,17.375,11600
1999-12-13,EWW,17.4375,17.4375,17.0,17.0,42000
1999-12-14,EWW,17.25,17.25,16.8125,16.875,17600
1999-12-15,EWW,16.9375,17.4375,16.9375,17.1875,17700
1999-12-16,EWW,17.25,17.5625,17.1875,17.375,24700
1999-12-17,EWW,17.3125,17.9375,17.3125,17.75,22200
1999-12-20,EWW,17.8125,17.8125,17.5625,17.8125,10100
1999-12-21,EWW,17.625,18.0,17.625,18.0,29300
1999-12-22,EWW,17.75,18.0625,17.3125,17.375,46900
1999-12-23,EWW,17.5,17.75,17.5,17.5,43500
1999-12-27,EWW,17.625,17.625,17.4375,17.5625,18000
1999-12-28,EWW,17.4375,17.5625,17.375,17.5,1900
1999-12-29,EWW,17.5,17.9375,17.5,17.75,54400
1999-12-30,EWW,18.125,18.125,17.75,17.9375,39600
1999-12-31,EWW,18.0625,18.0625,18.0,18.0625,14100
2000-01-03,EWW,18.5,18.625,18.0625,18.25,42800
2000-01-04,EWW,17.75,17.75,16.625,16.625,37400
2000-01-05,EWW,16.5625,17.0625,16.25,17.0,22400
2000-01-06,EWW,16.8125,17.125,16.8125,17.0,21300
2000-01-07,EWW,17.1875,17.6875,16.9375,17.5,57600
2000-01-10,EWW,18.25,18.375,18.0,18.375,36700
2000-01-11,EWW,18.5625,18.5625,17.875,17.875,29300
2000-01-12,EWW,18.0,18.0,17.625,17.75,5700
2000-01-13,EWW,18.5,18.5625,18.25,18.375,27000
2000-01-14,EWW,18.25,18.625,18.25,18.625,23700
2000-01-18,EWW,18.625,18.75,18.375,18.5625,26800
2000-01-19,EWW,18.625,18.625,18.0,18.25,11900
2000-01-20,EWW,18.0625,18.3125,17.5,17.5,94400
2000-01-21,EWW,17.625,17.625,17.4375,17.5,7900
2000-01-24,EWW,17.5,17.625,16.875,16.875,21400
2000-01-25,EWW,16.875,17.125,16.6875,16.875,21500
2000-01-26,EWW,17.125,17.125,16.875,17.125,10200
2000-01-27,EWW,17.0625,17.375,17.0,17.1875,29600
2000-01-28,EWW,16.6875,16.9375,16.5,16.5625,12900
2000-01-31,EWW,16.375,16.375,15.8125,16.25,12400
2000-02-01,EWW,16.1875,16.4375,15.9375,16.3125,21900
2000-02-02,EWW,16.3125,16.75,16.3125,16.75,27300
2000-02-03,EWW,16.875,17.6875,16.875,17.6875,16800
2000-02-04,EWW,17.625,18.3125,17.625,18.125,73300
2000-02-07,EWW,18.25,18.5625,18.125,18.5625,23300
2000-02-08,EWW,19.375,19.375,18.4375,18.875,26400
2000-02-09,EWW,18.6875,19.0625,18.5625,18.5625,16800
2000-02-10,EWW,18.5,19.375,18.5,19.0625,35300
2000-02-11,EWW,19.375,19.4375,18.625,18.6875,17900
2000-02-14,EWW,19.0625,19.0625,18.75,18.75,11800
2000-02-15,EWW,18.75,18.875,18.25,18.75,31300
2000-02-16,EWW,18.8125,18.9375,18.6875,18.9375,8900
2000-02-17,EWW,19.0,19.0,18.5625,18.75,13700
2000-02-18,EWW,18.8125,18.8125,18.0,18.0,11500
2000-02-22,EWW,18.125,18.125,17.375,17.375,27500
2000-02-23,EWW,17.8125,18.125,17.75,18.125,20400
2000-02-24,EWW,18.125,18.4375,17.875,17.9375,15100
2000-02-25,EWW,17.9375,18.1875,17.8125,17.8125,17900
2000-02-28,EWW,17.6875,17.8125,17.375,17.75,14700
2000-02-29,EWW,17.875,18.125,17.75,17.75,7400
2000-03-01,EWW,18.0,18.375,17.75,18.1875,16400
2000-03-02,EWW,18.5,19.375,18.5,19.375,16800
2000-03-03,EWW,20.0,20.25,19.5625,19.9375,70100
2000-03-06,EWW,19.9375,19.9375,19.375,19.625,16400
2000-03-07,EWW,19.3125,20.4375,19.125,19.75,75700
2000-03-08,EWW,20.0,20.5625,20.0,20.25,32700
2000-03-09,EWW,20.75,20.8125,20.375,20.5625,16700
2000-03-10,EWW,20.75,20.75,20.125,20.125,28900
2000-03-13,EWW,19.875,19.875,19.1875,19.375,19400
2000-03-14,EWW,19.625,19.625,19.0,19.0,12900
2000-03-15,EWW,18.9375,19.3125,18.6875,19.25,31500
2000-03-16,EWW,19.8125,19.8125,19.3125,19.4375,12400
2000-03-17,EWW,19.5,19.75,19.3125,19.625,35500
2000-03-20,EWW,19.75,19.75,19.4375,19.6875,55000
2000-03-21,EWW,19.625,19.75,19.4375,19.75,9200
2000-03-22,EWW,19.5625,19.75,19.1875,19.4375,14500
2000-03-23,EWW,19.0,19.625,19.0,19.625,17000
2000-03-24,EWW,19.6875,20.0625,19.6875,20.0,15300
2000-03-27,EWW,20.3125,20.3125,20.0,20.1875,11200
2000-03-28,EWW,19.875,19.9375,19.6875,19.6875,4600
2000-03-29,EWW,19.3125,19.625,19.25,19.3125,60300
2000-03-30,EWW,18.9375,19.0,18.25,18.5625,91800
2000-03-31,EWW,18.875,18.875,18.4375,18.4375,7300
2000-04-03,EWW,18.4375,18.4375,17.875,17.875,20300
2000-04-04,EWW,18.0625,18.375,16.875,17.5625,57700
2000-04-05,EWW,17.5625,18.0625,17.4375,17.9375,16600
2000-04-06,EWW,18.0625,18.375,18.0625,18.3125,13900
2000-04-07,EWW,18.8125,19.0,18.6875,19.0,27700
2000-04-10,EWW,18.75,19.0625,18.75,18.8125,19400
2000-04-11,EWW,18.4375,18.4375,18.25,18.3125,7400
2000-04-12,EWW,18.25,18.25,17.75,17.75,11200
2000-04-13,EWW,17.625,17.625,17.1875,17.1875,17100
2000-04-14,EWW,16.3125,16.5625,15.3125,15.4375,56300
2000-04-17,EWW,15.4375,15.5,15.1875,15.5,19200
2000-04-18,EWW,15.75,16.375,15.5,16.375,16200
2000-04-19,EWW,16.1875,16.3125,16.0,16.0625,23100
2000-04-20,EWW,16.0,16.0,15.8125,16.0,5100
2000-04-24,EWW,15.5,15.9375,15.5,15.875,8700
2000-04-25,EWW,16.3125,16.625,16.3125,16.625,3800
2000-04-26,EWW,16.75,17.0625,16.4375,16.5,7700
2000-04-27,EWW,15.875,16.6875,15.875,16.4375,19600
2000-04-28,EWW,16.6875,16.75,16.5625,16.6875,6900
2000-05-01,EWW,16.3125,16.5625,16.3125,16.375,5100
2000-05-02,EWW,16.5625,16.8125,16.375,16.375,5900
2000-05-03,EWW,16.0,16.0,15.5,15.5625,43800
2000-05-04,EWW,16.0,16.0625,15.6875,15.9375,10100
2000-05-05,EWW,15.9375,15.9375,15.9375,15.9375,0
2000-05-08,EWW,16.0,16.0,15.375,15.4375,5500
2000-05-09,EWW,15.625,15.625,15.125,15.25,16900
2000-05-10,EWW,15.0,15.125,14.8125,14.9375,34400
2000-05-11,EWW,15.375,15.375,15.3125,15.3125,2000
2000-05-12,EWW,15.4375,15.5,15.4375,15.4375,5100
2000-05-15,EWW,15.6875,15.75,15.4375,15.75,8800
2000-05-16,EWW,16.0,16.0,15.75,15.75,9700
2000-05-17,EWW,15.6875,15.6875,15.3125,15.3125,8300
2000-05-18,EWW,15.5,15.5,15.0,15.125,42700
2000-05-19,EWW,15.0,15.0,14.4375,14.5625,11000
2000-05-22,EWW,14.75,14.75,13.9375,14.1875,16100
2000-05-23,EWW,14.125,14.25,14.125,14.1875,6700
2000-05-24,EWW,14.1875,14.6875,13.9375,14.6875,12400
2000-05-25,EWW,14.875,14.875,14.375,14.375,4200
2000-05-26,EWW,14.1875,14.375,14.125,14.375,3700
2000-05-30,EWW,14.625,15.0,14.625,15.0,22200
2000-05-31,EWW,15.375,15.375,15.0625,15.0625,5700
2000-06-01,EWW,15.125,15.5,15.125,15.5,42100
2000-06-02,EWW,16.4375,16.75,16.1875,16.5,326100
2000-06-05,EWW,16.4375,16.625,16.3125,16.4375,15600
2000-06-06,EWW,16.375,16.375,15.75,15.75,113700
2000-06-07,EWW,15.5625,15.625,15.125,15.375,61600
2000-06-08,EWW,15.5625,15.625,15.1875,15.5625,15500
2000-06-09,EWW,15.75,15.75,15.4375,15.4375,7100
2000-06-12,EWW,15.5,15.8125,15.5,15.5625,18900
2000-06-13,EWW,15.75,16.0625,15.5,16.0625,36800
2000-06-14,EWW,16.0625,16.25,16.0,16.25,13200
2000-06-15,EWW,16.0,16.0625,15.9375,16.0,13200
2000-06-16,EWW,15.875,15.875,15.4375,15.5,57000
2000-06-19,EWW,15.9375,15.9375,15.375,15.75,13900
2000-06-20,EWW,15.75,15.75,15.3125,15.4375,50600
2000-06-21,EWW,15.5625,15.8125,15.5,15.6875,22900
2000-06-22,EWW,15.9375,15.9375,15.375,15.5,18200
2000-06-23,EWW,15.375,15.375,14.9375,15.25,3300
2000-06-26,EWW,15.25,15.375,15.1875,15.1875,16900
2000-06-27,EWW,15.5,15.75,15.5,15.5,2800
2000-06-28,EWW,16.0,16.0,15.6875,16.0,17900
2000-06-29,EWW,15.4375,15.9375,15.4375,15.9375,5400
2000-06-30,EWW,16.5625,16.8125,16.375,16.4375,22500
2000-07-03,EWW,17.875,18.125,17.75,18.0625,70600
2000-07-05,EWW,18.75,18.75,17.90625,17.90625,599100
2000-07-06,EWW,18.1875,19.1875,17.5625,17.625,119900
2000-07-07,EWW,17.5625,18.0625,17.5625,17.9375,46500
2000-07-10,EWW,18.0625,18.125,17.8125,18.0,26300
2000-07-11,EWW,18.25,18.3125,17.9375,18.0625,24600
2000-07-12,EWW,18.0625,18.1875,17.8125,18.0625,18200
2000-07-13,EWW,18.5625,18.6875,18.25,18.4375,26100
2000-07-14,EWW,18.625,18.875,18.375,18.5,49400
2000-07-17,EWW,18.5,18.5,18.1875,18.375,19700
2000-07-18,EWW,18.4375,18.4375,17.9375,18.25,31900
2000-07-19,EWW,17.625,17.875,17.0,17.4375,36400
2000-07-20,EWW,17.625,17.8125,17.0,17.125,29100
2000-07-21,EWW,17.125,17.4375,17.0,17.0,9900
2000-07-24,EWW,17.0625,17.1875,16.8125,16.9375,21200
2000-07-25,EWW,16.8125,17.1875,16.8125,17.1875,33600
2000-07-26,EWW,17.0,17.125,16.875,17.0,60900
2000-07-27,EWW,16.9375,17.125,16.875,17.0625,19500
2000-07-28,EWW,16.5625,16.625,16.125,16.25,22300
2000-07-31,EWW,16.375,16.5625,16.0,16.375,28700
2000-08-01,EWW,16.4375,16.75,16.4375,16.5,8500
2000-08-02,EWW,16.5,16.8125,16.5,16.75,17600
2000-08-03,EWW,16.4375,16.5,16.125,16.3125,64200
2000-08-04,EWW,16.75,16.75,16.5,16.6875,27800
2000-08-07,EWW,16.875,16.875,16.75,16.875,3000
2000-08-08,EWW,16.875,17.0625,16.75,16.875,33900
2000-08-09,EWW,17.0625,17.0625,16.5625,16.5625,27400
2000-08-10,EWW,16.5625,16.5625,16.3125,16.5,12900
2000-08-11,EWW,16.25,16.875,16.25,16.625,44600
2000-08-14,EWW,16.8125,16.875,16.625,16.875,14200
2000-08-15,EWW,16.5625,16.8125,16.5,16.625,41300
2000-08-16,EWW,17.0,17.0,16.75,17.0,7100
2000-08-17,EWW,16.625,17.0,16.625,16.875,27200
2000-08-18,EWW,17.0,17.1875,16.5,16.5,80800
2000-08-21,EWW,16.6875,16.6875,16.25,16.4375,37500
2000-08-22,EWW,16.5625,16.5625,16.1875,16.375,11600
2000-08-23,EWW,16.3125,16.625,16.25,16.5,25100
2000-08-24,EWW,16.125,16.125,15.875,15.875,17500
2000-08-25,EWW,16.0,16.0,15.625,15.6875,20000
2000-08-28,EWW,15.75,16.0,15.625,15.6875,25300
2000-08-29,EWW,15.875,15.9375,15.8125,15.8125,27200
2000-08-30,EWW,15.75,16.5,15.75,16.5,13300
2000-08-31,EWW,16.875,17.0,16.75,16.75,44500
2000-09-01,EWW,16.5625,17.0,16.5625,17.0,154100
2000-09-05,EWW,16.75,17.1875,16.6875,17.0625,27200
2000-09-06,EWW,17.125,17.25,16.6875,16.6875,21600
2000-09-07,EWW,17.0625,17.3125,16.9375,16.9375,19400
2000-09-08,EWW,17.125,17.125,16.625,16.75,30900
2000-09-11,EWW,16.6875,17.125,16.6875,16.8125,35000
2000-09-12,EWW,16.875,16.875,16.25,16.25,49800
2000-09-13,EWW,16.1875,16.6875,16.1875,16.625,30900
2000-09-14,EWW,16.75,16.8125,16.5625,16.8125,35300
2000-09-15,EWW,16.5,16.6875,16.375,16.625,30100
2000-09-18,EWW,16.5,16.5,16.0625,16.1875,26900
2000-09-19,EWW,16.0,16.1875,15.875,16.1875,16500
2000-09-20,EWW,15.9375,16.25,15.9375,16.125,8500
2000-09-21,EWW,16.25,16.25,16.0,16.0,2600
2000-09-22,EWW,15.125,15.8125,15.125,15.625,23600
2000-09-25,EWW,15.8125,16.1875,15.8125,15.875,12200
2000-09-26,EWW,15.625,15.8125,15.5,15.5625,13600
2000-09-27,EWW,15.4375,15.625,15.1875,15.1875,24900
2000-09-28,EWW,15.3125,15.625,15.25,15.625,13000
2000-09-29,EWW,15.5,15.5,15.1875,15.1875,4900
2000-10-02,EWW,15.1875,15.5625,14.875,15.125,144700
2000-10-03,EWW,15.0625,15.1875,14.9375,14.9375,35000
2000-10-04,EWW,14.9375,15.3125,14.8125,15.3125,57800
2000-10-05,EWW,15.125,15.375,15.125,15.3125,66700
2000-10-06,EWW,15.0,15.0,14.625,14.75,42700
2000-10-09,EWW,14.5625,14.5625,14.375,14.5625,12800
2000-10-10,EWW,14.6875,14.8125,14.4375,14.8125,60500
2000-10-11,EWW,14.75,14.75,14.3125,14.375,87300
2000-10-12,EWW,14.5,14.5,13.75,13.75,20100
2000-10-13,EWW,13.75,14.25,13.75,14.125,33200
2000-10-16,EWW,14.125,14.375,14.0625,14.0625,42900
2000-10-17,EWW,14.0,14.125,13.5,13.75,56600
2000-10-18,EWW,13.375,14.1875,13.375,14.1875,80400
2000-10-19,EWW,14.25,14.625,14.1875,14.625,43100
2000-10-20,EWW,14.25,14.625,14.25,14.4375,39900
2000-10-23,EWW,14.5,14.5,14.0625,14.25,32300
2000-10-24,EWW,14.4375,14.75,14.4375,14.5,11700
2000-10-25,EWW,14.375,14.75,14.375,14.625,29300
2000-10-26,EWW,14.5,14.625,14.4375,14.5,7600
2000-10-27,EWW,14.9375,15.125,14.75,15.0625,30100
2000-10-30,EWW,15.1875,15.375,14.9375,15.0625,22800
2000-10-31,EWW,15.5625,15.8125,15.3125,15.8125,66700
2000-11-01,EWW,15.25,15.625,15.25,15.375,10400
2000-11-02,EWW,15.4375,15.8125,15.4375,15.75,27300
2000-11-03,EWW,15.5625,15.5625,15.0625,15.1875,28300
2000-11-06,EWW,15.25,15.3125,14.6875,15.25,92100
2000-11-07,EWW,15.0625,15.625,15.0625,15.625,39600
2000-11-08,EWW,15.5625,15.5625,15.3125,15.3125,8200
2000-11-09,EWW,15.25,15.25,14.75,14.75,13500
2000-11-10,EWW,14.875,15.0,14.6875,14.75,14200
2000-11-13,EWW,14.625,14.6875,14.3125,14.3125,16200
2000-11-14,EWW,14.5625,15.0,14.5625,14.9375,9700
2000-11-15,EWW,14.875,15.1875,14.875,15.1875,6400
2000-11-16,EWW,14.9375,14.9375,14.8125,14.9375,4800
2000-11-17,EWW,15.125,15.3125,15.0,15.3125,9000
2000-11-20,EWW,15.3125,15.4375,15.125,15.1875,38700
2000-11-21,EWW,15.125,15.3125,15.0,15.3125,16500
2000-11-22,EWW,14.9375,15.125,14.75,14.9375,38300
2000-11-24,EWW,14.9375,15.125,14.9375,15.0,11400
2000-11-27,EWW,15.3125,15.3125,14.9375,15.0625,17700
2000-11-28,EWW,15.0625,15.0625,14.75,14.75,20200
2000-11-29,EWW,14.875,14.875,14.6875,14.8125,9300
2000-11-30,EWW,14.6875,14.6875,13.9375,14.25,52200
2000-12-01,EWW,13.8125,14.1875,13.8125,14.1875,9900
2000-12-04,EWW,13.75,13.9375,13.4375,13.4375,36500
2000-12-05,EWW,13.9375,14.375,13.8125,14.0625,23200
2000-12-06,EWW,14.0625,14.5,14.0,14.25,20100
2000-12-07,EWW,14.0625,14.4375,13.875,14.375,21500
2000-12-08,EWW,14.4375,14.75,14.375,14.4375,111100
2000-12-11,EWW,14.1875,14.5625,14.1875,14.5,13100
2000-12-12,EWW,14.1875,14.4375,14.1875,14.25,9000
2000-12-13,EWW,14.5,14.5,13.9375,14.1875,112500
2000-12-14,EWW,14.1875,14.375,13.9375,14.0625,12500
2000-12-15,EWW,13.875,14.0,13.625,13.75,65800
2000-12-18,EWW,13.9375,14.0,13.75,13.75,13300
2000-12-19,EWW,13.875,14.0,13.375,13.4375,24700
2000-12-20,EWW,13.5,13.5,12.4375,12.75,29300
2000-12-21,EWW,12.375,13.0625,12.375,13.0625,29100
2000-12-22,EWW,12.8125,13.1875,12.8125,13.125,28700
2000-12-26,EWW,13.1875,13.375,13.0,13.375,24000
2000-12-27,EWW,13.125,13.4375,13.0625,13.25,34700
2000-12-28,EWW,13.5,13.5625,13.1875,13.1875,35500
2000-12-29,EWW,13.5,13.5625,13.25,13.3125,19600
2001-01-02,EWW,13.4375,13.625,13.0,13.0,41800
2001-01-03,EWW,13.1875,14.0625,12.75,14.0625,128200
2001-01-04,EWW,13.875,14.25,13.875,14.125,29100
2001-01-05,EWW,14.125,14.125,13.875,14.125,3400
2001-01-08,EWW,14.125,14.125,13.8125,14.125,89600
2001-01-09,EWW,14.125,14.25,13.75,13.75,21700
2001-01-10,EWW,13.6875,13.8125,13.25,13.25,27300
2001-01-11,EWW,13.0625,13.9375,13.0625,13.9375,19600
2001-01-12,EWW,14.0,14.0625,13.875,13.875,40400
2001-01-16,EWW,13.75,14.0,13.75,13.875,65200
2001-01-17,EWW,14.375,14.5,14.125,14.1875,84200
2001-01-18,EWW,14.4375,14.4375,14.0625,14.25,101300
2001-01-19,EWW,14.375,14.5,14.1875,14.375,26500
2001-01-22,EWW,14.625,14.625,14.4375,14.625,22700
2001-01-23,EWW,14.8125,15.0,14.5,14.875,77700
2001-01-24,EWW,14.9375,15.125,14.8125,14.875,69000
2001-01-25,EWW,14.875,15.0625,14.6875,14.6875,51100
2001-01-26,EWW,14.5,15.0,14.5,15.0,72100
2001-01-29,EWW,15.020000457763672,15.369999885559082,15.020000457763672,15.300000190734863,95400
2001-01-30,EWW,15.300000190734863,15.600000381469727,15.300000190734863,15.399999618530273,40000
2001-01-31,EWW,15.550000190734863,15.649999618530273,15.050000190734863,15.350000381469727,34800
2001-02-01,EWW,15.350000381469727,15.5,15.050000190734863,15.109999656677246,19100
2001-02-02,EWW,15.25,15.25,15.0,15.0,17000
2001-02-05,EWW,15.0,15.260000228881836,14.800000190734863,15.100000381469727,52400
2001-02-06,EWW,15.350000381469727,15.350000381469727,15.069999694824219,15.1899995803833,18000
2001-02-07,EWW,15.25,15.279999732971191,14.859999656677246,14.859999656677246,87900
2001-02-08,EWW,15.149999618530273,15.229999542236328,14.760000228881836,14.800000190734863,29100
2001-02-09,EWW,14.649999618530273,14.899999618530273,14.600000381469727,14.800000190734863,75300
2001-02-12,EWW,14.600000381469727,15.25,14.600000381469727,15.25,54200
2001-02-13,EWW,15.199999809265137,15.199999809265137,14.800000190734863,14.800000190734863,20200
2001-02-14,EWW,14.850000381469727,15.100000381469727,14.510000228881836,15.100000381469727,29100
2001-02-15,EWW,15.300000190734863,15.300000190734863,15.0,15.109999656677246,112700
2001-02-16,EWW,15.0,15.0,14.699999809265137,14.899999618530273,6500
2001-02-20,EWW,15.149999618530273,15.149999618530273,14.699999809265137,14.84000015258789,28900
2001-02-21,EWW,14.350000381469727,14.449999809265137,14.0,14.0,119900
2001-02-22,EWW,14.0,14.199999809265137,13.699999809265137,14.010000228881836,136100
2001-02-23,EWW,13.890000343322754,14.199999809265137,13.850000381469727,14.149999618530273,26800
2001-02-26,EWW,14.4399995803833,14.449999809265137,14.100000381469727,14.149999618530273,28800
2001-02-27,EWW,14.399999618530273,14.550000190734863,14.199999809265137,14.199999809265137,33300
2001-02-28,EWW,14.25,14.350000381469727,14.199999809265137,14.260000228881836,17800
2001-03-01,EWW,14.25,14.5,14.0,14.399999618530273,20000
2001-03-02,EWW,14.199999809265137,14.699999809265137,14.199999809265137,14.699999809265137,17900
2001-03-05,EWW,14.75,14.850000381469727,14.399999618530273,14.399999618530273,11400
2001-03-06,EWW,14.649999618530273,15.0600004196167,14.649999618530273,15.0,52400
2001-03-07,EWW,15.100000381469727,15.199999809265137,14.75,15.149999618530273,72800
2001-03-08,EWW,14.800000190734863,15.350000381469727,14.800000190734863,15.0,246100
2001-03-09,EWW,15.100000381469727,15.100000381469727,14.75,14.960000038146973,12700
2001-03-12,EWW,14.75,14.800000190734863,14.100000381469727,14.100000381469727,15000
2001-03-13,EWW,14.25,14.5,14.0600004196167,14.399999618530273,20100
2001-03-14,EWW,13.800000190734863,14.210000038146973,13.800000190734863,14.010000228881836,219200
2001-03-15,EWW,14.0,14.279999732971191,13.75,14.0,19200
2001-03-16,EWW,14.0,14.149999618530273,13.800000190734863,13.949999809265137,5700
2001-03-19,EWW,13.850000381469727,14.399999618530273,13.850000381469727,14.399999618530273,12200
2001-03-20,EWW,14.25,14.5,13.800000190734863,13.800000190734863,35700
2001-03-21,EWW,13.949999809265137,14.0,13.710000038146973,13.8100004196167,8400
2001-03-22,EWW,13.5,13.550000190734863,13.199999809265137,13.40999984741211,79700
2001-03-23,EWW,13.850000381469727,13.850000381469727,13.0,13.300000190734863,55800
2001-03-26,EWW,13.5,13.710000038146973,13.350000381469727,13.59000015258789,13400
2001-03-27,EWW,13.699999809265137,14.050000190734863,13.619999885559082,13.699999809265137,26500
2001-03-28,EWW,13.850000381469727,13.850000381469727,13.550000190734863,13.5600004196167,5200
2001-03-29,EWW,13.850000381469727,13.850000381469727,13.600000381469727,13.619999885559082,250500
2001-03-30,EWW,13.600000381469727,13.989999771118164,13.600000381469727,13.989999771118164,16600
2001-04-02,EWW,14.100000381469727,14.100000381469727,13.649999618530273,13.899999618530273,17900
2001-04-03,EWW,14.0,14.0,13.350000381469727,13.430000305175781,13000
2001-04-04,EWW,13.399999618530273,14.399999618530273,13.399999618530273,13.699999809265137,1505500
2001-04-05,EWW,14.149999618530273,14.199999809265137,14.0,14.0,20700
2001-04-06,EWW,13.899999618530273,14.100000381469727,13.890000343322754,13.890000343322754,10800
2001-04-09,EWW,14.449999809265137,14.449999809265137,14.210000038146973,14.449999809265137,1600
2001-04-10,EWW,14.550000190734863,15.0,14.449999809265137,14.789999961853027,14500
2001-04-11,EWW,15.09000015258789,15.09000015258789,14.880000114440918,15.0,57600
2001-04-12,EWW,14.949999809265137,15.050000190734863,14.800000190734863,14.920000076293945,12100
2001-04-16,EWW,14.850000381469727,15.149999618530273,14.819999694824219,15.149999618530273,2100
2001-04-17,EWW,14.949999809265137,15.199999809265137,14.8100004196167,15.199999809265137,76100
2001-04-18,EWW,15.350000381469727,16.049999237060547,15.350000381469727,15.539999961853027,95700
2001-04-19,EWW,15.350000381469727,15.449999809265137,15.199999809265137,15.399999618530273,61900
2001-04-20,EWW,14.859999656677246,14.859999656677246,14.449999809265137,14.449999809265137,64000
2001-04-23,EWW,14.399999618530273,14.5,14.199999809265137,14.479999542236328,4400
2001-04-24,EWW,14.399999618530273,14.84000015258789,14.399999618530273,14.5,13100
2001-04-25,EWW,14.399999618530273,14.699999809265137,14.399999618530273,14.6899995803833,10900
2001-04-26,EWW,14.800000190734863,15.300000190734863,14.699999809265137,14.899999618530273,44200
2001-04-27,EWW,15.350000381469727,15.350000381469727,15.0,15.1899995803833,111400
2001-04-30,EWW,15.0,15.350000381469727,15.0,15.010000228881836,29700
2001-05-01,EWW,14.899999618530273,15.199999809265137,14.859999656677246,15.010000228881836,4400
2001-05-02,EWW,15.0,15.550000190734863,15.0,15.550000190734863,61900
2001-05-03,EWW,15.100000381469727,15.489999771118164,15.100000381469727,15.350000381469727,74600
2001-05-04,EWW,15.199999809265137,15.649999618530273,15.199999809265137,15.649999618530273,206900
2001-05-07,EWW,15.420000076293945,15.550000190734863,15.260000228881836,15.489999771118164,16600
2001-05-08,EWW,15.600000381469727,15.649999618530273,15.25,15.270000457763672,63300
2001-05-09,EWW,15.0,15.300000190734863,15.0,15.300000190734863,29300
2001-05-10,EWW,15.569999694824219,15.720000267028809,15.319999694824219,15.319999694824219,13500
2001-05-11,EWW,15.3100004196167,15.600000381469727,15.3100004196167,15.600000381469727,6300
2001-05-14,EWW,15.550000190734863,15.550000190734863,15.3100004196167,15.550000190734863,7800
2001-05-15,EWW,15.300000190734863,15.399999618530273,15.149999618530273,15.149999618530273,18200
2001-05-16,EWW,15.050000190734863,15.199999809265137,15.050000190734863,15.1899995803833,135900
2001-05-17,EWW,15.5,16.299999237060547,15.5,16.25,257300
2001-05-18,EWW,16.299999237060547,16.700000762939453,16.200000762939453,16.5,56900
2001-05-21,EWW,16.799999237060547,17.049999237060547,16.600000381469727,16.860000610351562,60000
2001-05-22,EWW,17.0,17.0,16.700000762939453,16.850000381469727,46300
2001-05-23,EWW,16.75,17.100000381469727,16.530000686645508,16.989999771118164,38200
2001-05-24,EWW,17.09000015258789,17.100000381469727,16.6299991607666,16.719999313354492,24600
2001-05-25,EWW,16.850000381469727,16.899999618530273,16.399999618530273,16.799999237060547,29300
2001-05-29,EWW,16.899999618530273,16.950000762939453,16.549999237060547,16.75,39100
2001-05-30,EWW,16.600000381469727,16.760000228881836,16.299999237060547,16.600000381469727,38300
2001-05-31,EWW,16.350000381469727,16.600000381469727,16.209999084472656,16.360000610351562,29700
2001-06-01,EWW,16.260000228881836,16.639999389648438,16.25,16.639999389648438,10200
2001-06-04,EWW,16.600000381469727,16.600000381469727,16.299999237060547,16.399999618530273,20300
2001-06-05,EWW,16.489999771118164,16.510000228881836,16.360000610351562,16.510000228881836,53100
2001-06-06,EWW,16.450000762939453,16.75,16.450000762939453,16.75,20600
2001-06-07,EWW,16.899999618530273,17.09000015258789,16.75,16.989999771118164,81700
2001-06-08,EWW,16.850000381469727,17.09000015258789,16.760000228881836,16.8700008392334,44900
2001-06-11,EWW,17.0,17.0,16.670000076293945,16.790000915527344,11900
2001-06-12,EWW,16.690000534057617,16.950000762939453,16.5,16.950000762939453,31100
2001-06-13,EWW,16.950000762939453,17.079999923706055,16.75,16.75,13300
2001-06-14,EWW,16.850000381469727,16.899999618530273,16.5,16.600000381469727,32900
2001-06-15,EWW,16.889999389648438,16.889999389648438,16.399999618530273,16.690000534057617,20800
2001-06-18,EWW,16.510000228881836,16.649999618530273,16.100000381469727,16.100000381469727,8700
2001-06-19,EWW,16.239999771118164,16.25,15.699999809265137,15.75,22100
2001-06-20,EWW,15.699999809265137,16.110000610351562,15.699999809265137,16.110000610351562,27400
2001-06-21,EWW,16.200000762939453,16.360000610351562,16.0,16.329999923706055,10700
2001-06-22,EWW,16.100000381469727,16.520000457763672,16.100000381469727,16.399999618530273,23300
2001-06-25,EWW,16.549999237060547,16.549999237060547,16.25,16.5,2600
2001-06-26,EWW,16.450000762939453,16.649999618530273,16.200000762939453,16.5,7400
2001-06-27,EWW,16.649999618530273,16.799999237060547,16.5,16.700000762939453,90200
2001-06-28,EWW,16.450000762939453,16.799999237060547,16.450000762939453,16.5,45500
2001-06-29,EWW,16.5,16.889999389648438,16.5,16.850000381469727,46300
2001-07-02,EWW,16.600000381469727,17.049999237060547,16.600000381469727,17.049999237060547,14700
2001-07-03,EWW,17.049999237060547,17.350000381469727,17.049999237060547,17.25,162200
2001-07-05,EWW,17.0,17.190000534057617,16.989999771118164,17.049999237060547,54700
2001-07-06,EWW,16.850000381469727,16.850000381469727,16.399999618530273,16.399999618530273,13700
2001-07-09,EWW,16.59000015258789,16.59000015258789,16.350000381469727,16.459999084472656,13400
2001-07-10,EWW,16.5,16.549999237060547,16.5,16.549999237060547,600
2001-07-11,EWW,16.149999618530273,16.34000015258789,15.699999809265137,15.75,68000
2001-07-12,EWW,16.049999237060547,16.049999237060547,15.359999656677246,15.5,47300
2001-07-13,EWW,15.75,15.75,15.350000381469727,15.449999809265137,12600
2001-07-16,EWW,15.449999809265137,15.649999618530273,15.149999618530273,15.149999618530273,88100
2001-07-17,EWW,15.25,15.539999961853027,15.25,15.539999961853027,11000
2001-07-18,EWW,15.550000190734863,15.600000381469727,15.25,15.260000228881836,15100
2001-07-19,EWW,15.399999618530273,15.399999618530273,15.350000381469727,15.350000381469727,200
2001-07-20,EWW,15.399999618530273,15.649999618530273,15.399999618530273,15.649999618530273,3100
2001-07-23,EWW,15.800000190734863,15.800000190734863,15.350000381469727,15.399999618530273,34700
2001-07-24,EWW,15.449999809265137,15.579999923706055,15.350000381469727,15.380000114440918,13500
2001-07-25,EWW,15.5,15.59000015258789,15.40999984741211,15.59000015258789,5800
2001-07-26,EWW,15.449999809265137,15.800000190734863,15.40999984741211,15.600000381469727,8000
2001-07-27,EWW,15.850000381469727,15.9399995803833,15.649999618530273,15.9399995803833,8900
2001-07-30,EWW,16.0,16.290000915527344,15.850000381469727,16.229999542236328,272500
2001-07-31,EWW,15.899999618530273,16.100000381469727,15.800000190734863,15.90999984741211,23600
2001-08-01,EWW,15.699999809265137,15.949999809265137,15.699999809265137,15.850000381469727,21300
2001-08-02,EWW,15.949999809265137,16.239999771118164,15.949999809265137,16.100000381469727,2800
2001-08-03,EWW,16.25,16.350000381469727,16.100000381469727,16.350000381469727,5600
2001-08-06,EWW,16.299999237060547,16.450000762939453,16.100000381469727,16.100000381469727,14900
2001-08-07,EWW,16.309999465942383,16.350000381469727,16.100000381469727,16.280000686645508,3200
2001-08-08,EWW,16.399999618530273,16.399999618530273,16.100000381469727,16.1200008392334,8500
2001-08-09,EWW,16.1299991607666,16.360000610351562,16.1299991607666,16.280000686645508,2500
2001-08-10,EWW,16.149999618530273,16.399999618530273,16.100000381469727,16.399999618530273,5700
2001-08-13,EWW,16.200000762939453,16.299999237060547,16.15999984741211,16.15999984741211,19600
2001-08-14,EWW,16.43000030517578,16.43000030517578,16.200000762939453,16.329999923706055,16900
2001-08-15,EWW,16.350000381469727,16.350000381469727,15.90999984741211,15.920000076293945,17700
2001-08-16,EWW,15.90999984741211,15.90999984741211,15.399999618530273,15.5,13200
2001-08-17,EWW,15.5,15.5,15.149999618530273,15.3100004196167,4600
2001-08-20,EWW,15.0,15.4399995803833,15.0,15.149999618530273,15100
2001-08-21,EWW,15.130000114440918,15.699999809265137,15.130000114440918,15.260000228881836,11100
2001-08-22,EWW,15.520000457763672,15.640000343322754,15.430000305175781,15.640000343322754,6900
2001-08-23,EWW,15.380000114440918,15.5,15.380000114440918,15.390000343322754,7000
2001-08-24,EWW,15.5,15.75,15.5,15.75,52700
2001-08-27,EWW,15.699999809265137,15.949999809265137,15.699999809265137,15.949999809265137,4400
2001-08-28,EWW,15.710000038146973,15.710000038146973,15.350000381469727,15.380000114440918,3100
2001-08-29,EWW,15.300000190734863,15.550000190734863,15.300000190734863,15.359999656677246,2900
2001-08-30,EWW,15.25,15.5,15.210000038146973,15.210000038146973,2300
2001-08-31,EWW,15.210000038146973,15.479999542236328,15.210000038146973,15.380000114440918,10100
2001-09-04,EWW,15.399999618530273,15.5,15.100000381469727,15.199999809265137,17700
2001-09-05,EWW,15.050000190734863,15.050000190734863,14.600000381469727,14.800000190734863,12400
2001-09-06,EWW,14.300000190734863,14.430000305175781,14.0,14.0,10800
2001-09-07,EWW,13.75,14.050000190734863,13.649999618530273,13.90999984741211,19700
2001-09-10,EWW,13.699999809265137,14.050000190734863,13.649999618530273,13.699999809265137,46200
2001-09-17,EWW,12.600000381469727,12.850000381469727,12.0,12.0,19500
2001-09-18,EWW,12.0,12.899999618530273,12.0,12.75,31500
2001-09-19,EWW,12.350000381469727,12.649999618530273,12.149999618530273,12.149999618530273,34900
2001-09-20,EWW,12.199999809265137,12.199999809265137,11.75,11.899999618530273,97500
2001-09-21,EWW,11.699999809265137,12.100000381469727,11.0,11.899999618530273,34000
2001-09-24,EWW,12.0,12.510000228881836,12.0,12.489999771118164,71200
2001-09-25,EWW,12.600000381469727,12.600000381469727,12.100000381469727,12.5,1800
2001-09-26,EWW,12.149999618530273,12.399999618530273,12.149999618530273,12.239999771118164,16600
2001-09-27,EWW,12.5,12.5,11.899999618530273,12.380000114440918,136400
2001-09-28,EWW,12.350000381469727,12.350000381469727,12.350000381469727,12.350000381469727,1300
2001-10-01,EWW,12.5,12.59000015258789,12.199999809265137,12.399999618530273,154000
2001-10-02,EWW,12.399999618530273,12.699999809265137,12.350000381469727,12.5,68800
2001-10-03,EWW,12.699999809265137,12.75,12.550000190734863,12.550000190734863,10500
2001-10-04,EWW,13.039999961853027,13.039999961853027,13.039999961853027,13.039999961853027,200
2001-10-05,EWW,12.75,12.899999618530273,12.699999809265137,12.899999618530273,6000
2001-10-08,EWW,12.800000190734863,12.890000343322754,12.699999809265137,12.850000381469727,2300
2001-10-09,EWW,12.899999618530273,13.09000015258789,12.899999618530273,12.949999809265137,6400
2001-10-10,EWW,13.199999809265137,13.369999885559082,13.149999618530273,13.369999885559082,57600
2001-10-11,EWW,13.550000190734863,13.890000343322754,13.550000190734863,13.800000190734863,9200
2001-10-12,EWW,13.699999809265137,13.699999809265137,13.050000190734863,13.5,9100
2001-10-15,EWW,13.5,13.5,13.25,13.25,4200
2001-10-16,EWW,13.25,13.260000228881836,13.149999618530273,13.25,134700
2001-10-17,EWW,13.550000190734863,13.699999809265137,13.300000190734863,13.399999618530273,97600
2001-10-18,EWW,13.449999809265137,13.449999809265137,13.239999771118164,13.289999961853027,13900
2001-10-19,EWW,13.420000076293945,13.449999809265137,13.010000228881836,13.199999809265137,61100
2001-10-22,EWW,13.210000038146973,13.449999809265137,13.149999618530273,13.149999618530273,24500
2001-10-23,EWW,13.449999809265137,13.449999809265137,13.25,13.34000015258789,14300
2001-10-24,EWW,13.34000015258789,13.609999656677246,13.25,13.609999656677246,55000
2001-10-25,EWW,13.640000343322754,13.739999771118164,13.210000038146973,13.739999771118164,137700
2001-10-26,EWW,13.649999618530273,13.649999618530273,13.449999809265137,13.550000190734863,2400
2001-10-29,EWW,13.550000190734863,13.550000190734863,13.199999809265137,13.199999809265137,2700
2001-10-30,EWW,13.0600004196167,13.0600004196167,12.800000190734863,12.899999618530273,5700
2001-10-31,EWW,13.149999618530273,13.300000190734863,12.899999618530273,13.010000228881836,4400
2001-11-01,EWW,13.050000190734863,13.390000343322754,13.050000190734863,13.390000343322754,39900
2001-11-02,EWW,13.170000076293945,13.449999809265137,13.149999618530273,13.210000038146973,14700
2001-11-05,EWW,13.729999542236328,13.729999542236328,13.449999809265137,13.5,2500
2001-11-06,EWW,13.449999809265137,13.699999809265137,13.449999809265137,13.699999809265137,5100
2001-11-07,EWW,13.460000038146973,13.699999809265137,13.460000038146973,13.510000228881836,16700
2001-11-08,EWW,13.40999984741211,13.739999771118164,13.40999984741211,13.59000015258789,149500
2001-11-09,EWW,13.59000015258789,13.59000015258789,13.399999618530273,13.5,6800
2001-11-12,EWW,13.199999809265137,13.350000381469727,13.0,13.350000381469727,11500
2001-11-13,EWW,13.5,13.59000015258789,13.34000015258789,13.579999923706055,20600
2001-11-14,EWW,13.949999809265137,13.949999809265137,13.6899995803833,13.710000038146973,34000
2001-11-15,EWW,13.800000190734863,13.9399995803833,13.699999809265137,13.710000038146973,40300
2001-11-16,EWW,13.9399995803833,13.9399995803833,13.65999984741211,13.65999984741211,7700
2001-11-19,EWW,13.600000381469727,13.800000190734863,13.600000381469727,13.800000190734863,7800
2001-11-20,EWW,13.630000114440918,13.850000381469727,13.600000381469727,13.630000114440918,7900
2001-11-21,EWW,13.609999656677246,13.850000381469727,13.609999656677246,13.670000076293945,20200
2001-11-23,EWW,13.670000076293945,13.75,13.529999732971191,13.5600004196167,7000
2001-11-26,EWW,13.649999618530273,13.9399995803833,13.649999618530273,13.9399995803833,6900
2001-11-27,EWW,13.65999984741211,14.09000015258789,13.65999984741211,14.09000015258789,12300
2001-11-28,EWW,13.8100004196167,14.050000190734863,13.8100004196167,13.949999809265137,8000
2001-11-29,EWW,13.8100004196167,13.949999809265137,13.710000038146973,13.930000305175781,11600
2001-11-30,EWW,14.079999923706055,14.09000015258789,13.8100004196167,13.8100004196167,1900
2001-12-03,EWW,13.970000267028809,13.979999542236328,13.75,13.979999542236328,5100
2001-12-04,EWW,14.1899995803833,14.1899995803833,13.949999809265137,14.09000015258789,516100
2001-12-05,EWW,14.300000190734863,14.699999809265137,14.300000190734863,14.630000114440918,22000
2001-12-06,EWW,14.550000190734863,14.649999618530273,14.420000076293945,14.5,158000
2001-12-07,EWW,14.640000343322754,14.75,14.510000228881836,14.600000381469727,37000
2001-12-10,EWW,14.850000381469727,14.949999809265137,14.710000038146973,14.850000381469727,15300
2001-12-11,EWW,14.979999542236328,15.050000190734863,14.800000190734863,14.899999618530273,38200
2001-12-12,EWW,14.920000076293945,14.949999809265137,14.65999984741211,14.800000190734863,14500
2001-12-13,EWW,14.5600004196167,14.789999961853027,14.520000457763672,14.520000457763672,7500
2001-12-14,EWW,14.829999923706055,14.84000015258789,14.600000381469727,14.800000190734863,4000
2001-12-17,EWW,14.569999694824219,15.039999961853027,14.569999694824219,14.899999618530273,76700
2001-12-18,EWW,14.869999885559082,15.09000015258789,14.869999885559082,15.0,19500
2001-12-19,EWW,14.850000381469727,14.920000076293945,14.760000228881836,14.90999984741211,6900
2001-12-20,EWW,14.949999809265137,14.949999809265137,14.670000076293945,14.670000076293945,3900
2001-12-21,EWW,14.979999542236328,15.199999809265137,14.869999885559082,15.069999694824219,39500
2001-12-24,EWW,15.149999618530273,15.34000015258789,15.100000381469727,15.199999809265137,7500
2001-12-26,EWW,15.119999885559082,15.350000381469727,15.109999656677246,15.34000015258789,5200
2001-12-27,EWW,15.350000381469727,15.399999618530273,15.170000076293945,15.319999694824219,17700
2001-12-28,EWW,15.069999694824219,15.4399995803833,15.069999694824219,15.4399995803833,4700
2001-12-31,EWW,15.300000190734863,15.350000381469727,15.0,15.180000305175781,34900
2002-01-02,EWW,15.1899995803833,15.390000343322754,15.1899995803833,15.289999961853027,10200
2002-01-03,EWW,15.329999923706055,15.84000015258789,15.329999923706055,15.84000015258789,166000
2002-01-04,EWW,15.9399995803833,15.989999771118164,15.710000038146973,15.829999923706055,37300
2002-01-07,EWW,15.550000190734863,15.850000381469727,15.510000228881836,15.649999618530273,30200
2002-01-08,EWW,15.65999984741211,15.84000015258789,15.609999656677246,15.609999656677246,21300
2002-01-09,EWW,15.819999694824219,15.890000343322754,15.5,15.5,22300
2002-01-10,EWW,15.600000381469727,15.600000381469727,15.1899995803833,15.380000114440918,2000
2002-01-11,EWW,15.300000190734863,15.399999618530273,15.220000267028809,15.399999618530273,15400
2002-01-14,EWW,15.180000305175781,15.289999961853027,14.979999542236328,14.979999542236328,47500
2002-01-15,EWW,15.029999732971191,15.699999809265137,15.020000457763672,15.470000267028809,10600
2002-01-16,EWW,15.470000267028809,15.699999809265137,15.350000381469727,15.5600004196167,13100
2002-01-17,EWW,15.819999694824219,15.930000305175781,15.649999618530273,15.930000305175781,192600
2002-01-18,EWW,15.699999809265137,15.720000267028809,15.649999618530273,15.65999984741211,6400
2002-01-22,EWW,15.699999809265137,15.899999618530273,15.550000190734863,15.550000190734863,7400
2002-01-23,EWW,15.729999542236328,16.139999389648438,15.699999809265137,16.139999389648438,12500
2002-01-24,EWW,16.43000030517578,16.639999389648438,16.34000015258789,16.34000015258789,140300
2002-01-25,EWW,16.360000610351562,16.440000534057617,16.200000762939453,16.440000534057617,321500
2002-01-28,EWW,16.450000762939453,16.649999618530273,16.399999618530273,16.5,141800
2002-01-29,EWW,16.600000381469727,16.68000030517578,16.200000762939453,16.280000686645508,249800
2002-01-30,EWW,16.329999923706055,16.329999923706055,15.989999771118164,16.139999389648438,397000
2002-01-31,EWW,16.06999969482422,16.59000015258789,16.0,16.579999923706055,105000
2002-02-01,EWW,16.600000381469727,16.68000030517578,16.209999084472656,16.229999542236328,455100
2002-02-04,EWW,16.25,16.299999237060547,15.90999984741211,16.010000228881836,456300
2002-02-05,EWW,16.18000030517578,16.420000076293945,16.139999389648438,16.40999984741211,100600
2002-02-06,EWW,16.030000686645508,16.329999923706055,15.760000228881836,16.329999923706055,244200
2002-02-07,EWW,16.1299991607666,16.399999618530273,16.0,16.020000457763672,513500
2002-02-08,EWW,16.149999618530273,16.25,15.930000305175781,15.930000305175781,35700
2002-02-11,EWW,16.0,16.100000381469727,15.649999618530273,15.789999961853027,31800
2002-02-12,EWW,15.6899995803833,15.989999771118164,15.520000457763672,15.989999771118164,16300
2002-02-13,EWW,16.0,16.139999389648438,15.899999618530273,16.1299991607666,28400
2002-02-14,EWW,16.25,16.389999389648438,16.049999237060547,16.280000686645508,60700
2002-02-15,EWW,16.280000686645508,16.280000686645508,16.010000228881836,16.059999465942383,194200
2002-02-19,EWW,16.049999237060547,16.049999237060547,15.800000190734863,15.800000190734863,49500
2002-02-20,EWW,15.699999809265137,15.75,15.510000228881836,15.720000267028809,39200
2002-02-21,EWW,15.75,15.850000381469727,15.5600004196167,15.600000381469727,16100
2002-02-22,EWW,15.6899995803833,15.6899995803833,15.399999618530273,15.399999618530273,38800
2002-02-25,EWW,15.470000267028809,15.84000015258789,15.470000267028809,15.739999771118164,28200
2002-02-26,EWW,15.869999885559082,15.880000114440918,15.609999656677246,15.779999732971191,69200
2002-02-27,EWW,16.0,16.149999618530273,15.9399995803833,16.149999618530273,313100
2002-02-28,EWW,16.149999618530273,16.440000534057617,16.149999618530273,16.15999984741211,1273700
2002-03-01,EWW,16.190000534057617,16.440000534057617,16.149999618530273,16.440000534057617,1339700
2002-03-04,EWW,16.649999618530273,16.799999237060547,16.5,16.700000762939453,374600
2002-03-05,EWW,16.799999237060547,16.950000762939453,16.75,16.780000686645508,101900
2002-03-06,EWW,16.799999237060547,17.270000457763672,16.799999237060547,17.100000381469727,518900
2002-03-07,EWW,17.34000015258789,17.350000381469727,16.799999237060547,16.799999237060547,436600
2002-03-08,EWW,17.1299991607666,17.34000015258789,17.0,17.329999923706055,99600
2002-03-11,EWW,17.329999923706055,17.399999618530273,17.149999618530273,17.149999618530273,43100
2002-03-12,EWW,17.200000762939453,17.299999237060547,17.0,17.290000915527344,492400
2002-03-13,EWW,17.450000762939453,17.489999771118164,17.209999084472656,17.25,262200
2002-03-14,EWW,17.299999237060547,17.350000381469727,17.110000610351562,17.200000762939453,480500
2002-03-15,EWW,17.280000686645508,17.5,17.110000610351562,17.5,141600
2002-03-18,EWW,17.649999618530273,17.68000030517578,17.510000228881836,17.610000610351562,327100
2002-03-19,EWW,17.850000381469727,18.049999237060547,17.719999313354492,17.8799991607666,298500
2002-03-20,EWW,17.969999313354492,18.100000381469727,17.719999313354492,17.790000915527344,449300
2002-03-21,EWW,17.770000457763672,17.8799991607666,17.690000534057617,17.84000015258789,226200
2002-03-22,EWW,17.940000534057617,18.100000381469727,17.75,18.049999237060547,378100
2002-03-25,EWW,18.1299991607666,18.1299991607666,17.84000015258789,17.989999771118164,88900
2002-03-26,EWW,17.700000762939453,18.040000915527344,17.520000457763672,17.579999923706055,1357300
2002-03-27,EWW,17.559999465942383,17.760000228881836,17.510000228881836,17.709999084472656,114800
2002-03-28,EWW,17.799999237060547,17.850000381469727,17.709999084472656,17.850000381469727,102800
2002-04-01,EWW,17.799999237060547,17.989999771118164,17.6200008392334,17.760000228881836,875500
2002-04-02,EWW,17.940000534057617,17.989999771118164,17.600000381469727,17.649999618530273,672200
2002-04-03,EWW,17.729999542236328,17.729999542236328,17.200000762939453,17.209999084472656,634800
2002-04-04,EWW,17.149999618530273,17.479999542236328,17.149999618530273,17.450000762939453,639200
2002-04-05,EWW,17.579999923706055,17.84000015258789,17.450000762939453,17.84000015258789,215600
2002-04-08,EWW,17.68000030517578,17.719999313354492,17.479999542236328,17.59000015258789,100700
2002-04-09,EWW,17.5,17.579999923706055,17.399999618530273,17.520000457763672,148400
2002-04-10,EWW,17.399999618530273,18.100000381469727,17.360000610351562,18.100000381469727,315200
2002-04-11,EWW,18.149999618530273,18.399999618530273,17.739999771118164,17.739999771118164,417400
2002-04-12,EWW,18.0,18.100000381469727,17.510000228881836,17.729999542236328,113400
2002-04-15,EWW,17.549999237060547,17.75,17.350000381469727,17.739999771118164,42800
2002-04-16,EWW,17.700000762939453,18.040000915527344,17.700000762939453,17.979999542236328,249800
2002-04-17,EWW,18.09000015258789,18.190000534057617,17.799999237060547,17.850000381469727,800500
2002-04-18,EWW,18.149999618530273,18.18000030517578,17.600000381469727,17.950000762939453,145800
2002-04-19,EWW,18.049999237060547,18.049999237060547,17.709999084472656,17.829999923706055,84100
2002-04-22,EWW,17.799999237060547,17.84000015258789,17.520000457763672,17.59000015258789,90400
2002-04-23,EWW,17.65999984741211,17.709999084472656,17.360000610351562,17.450000762939453,286400
2002-04-24,EWW,17.43000030517578,17.639999389648438,17.40999984741211,17.579999923706055,57600
2002-04-25,EWW,17.510000228881836,17.520000457763672,17.260000228881836,17.459999084472656,1176500
2002-04-26,EWW,17.459999084472656,17.68000030517578,17.309999465942383,17.5,645000
2002-04-29,EWW,17.5,17.549999237060547,17.350000381469727,17.350000381469727,491700
2002-04-30,EWW,17.25,17.579999923706055,17.209999084472656,17.350000381469727,208100
2002-05-01,EWW,17.450000762939453,17.450000762939453,17.139999389648438,17.299999237060547,875100
2002-05-02,EWW,17.25,17.790000915527344,17.110000610351562,17.139999389648438,1336300
2002-05-03,EWW,17.200000762939453,17.350000381469727,16.850000381469727,17.329999923706055,893600
2002-05-06,EWW,17.200000762939453,17.350000381469727,17.100000381469727,17.149999618530273,868700
2002-05-07,EWW,17.25,17.399999618530273,16.989999771118164,16.989999771118164,724300
2002-05-08,EWW,17.399999618530273,17.399999618530273,17.110000610351562,17.329999923706055,219700
2002-05-09,EWW,17.209999084472656,17.3799991607666,16.979999542236328,16.979999542236328,152400
2002-05-10,EWW,17.010000228881836,17.020000457763672,16.809999465942383,16.860000610351562,166500
2002-05-13,EWW,16.81999969482422,17.149999618530273,16.809999465942383,17.020000457763672,183300
2002-05-14,EWW,17.25,17.290000915527344,17.100000381469727,17.100000381469727,197500
2002-05-15,EWW,16.93000030517578,17.329999923706055,16.93000030517578,17.200000762939453,416300
2002-05-16,EWW,17.200000762939453,17.420000076293945,17.200000762939453,17.360000610351562,93500
2002-05-17,EWW,17.5,17.8799991607666,17.399999618530273,17.709999084472656,601300
2002-05-20,EWW,17.790000915527344,17.790000915527344,17.110000610351562,17.389999389648438,216700
2002-05-21,EWW,17.399999618530273,17.420000076293945,16.950000762939453,17.0,554300
2002-05-22,EWW,16.899999618530273,17.139999389648438,16.81999969482422,17.020000457763672,128800
2002-05-23,EWW,17.040000915527344,17.139999389648438,16.959999084472656,17.110000610351562,158700
2002-05-24,EWW,17.09000015258789,17.25,17.0,17.1299991607666,252100
2002-05-28,EWW,17.200000762939453,17.200000762939453,16.75,16.920000076293945,264900
2002-05-29,EWW,16.850000381469727,16.850000381469727,16.25,16.40999984741211,247900
2002-05-30,EWW,16.110000610351562,16.290000915527344,16.040000915527344,16.079999923706055,667000
2002-05-31,EWW,16.239999771118164,16.299999237060547,16.1299991607666,16.1299991607666,159800
2002-06-03,EWW,16.0,16.290000915527344,15.920000076293945,15.9399995803833,71300
2002-06-04,EWW,15.75,15.9399995803833,15.649999618530273,15.890000343322754,162700
2002-06-05,EWW,15.989999771118164,15.989999771118164,15.550000190734863,15.75,168100
2002-06-06,EWW,15.5,15.5,14.5,15.119999885559082,96300
2002-06-07,EWW,15.029999732971191,15.449999809265137,15.020000457763672,15.260000228881836,261200
2002-06-10,EWW,15.489999771118164,15.649999618530273,15.3100004196167,15.569999694824219,192300
2002-06-11,EWW,15.600000381469727,15.800000190734863,15.399999618530273,15.399999618530273,249900
2002-06-12,EWW,15.300000190734863,15.5,15.210000038146973,15.430000305175781,86300
2002-06-13,EWW,15.449999809265137,15.489999771118164,15.210000038146973,15.300000190734863,20400
2002-06-14,EWW,15.079999923706055,15.079999923706055,14.75,14.930000305175781,969100
2002-06-17,EWW,15.0600004196167,15.390000343322754,15.050000190734863,15.390000343322754,65700
2002-06-18,EWW,15.489999771118164,15.489999771118164,14.869999885559082,15.069999694824219,201700
2002-06-19,EWW,14.850000381469727,15.119999885559082,14.720000267028809,14.720000267028809,91600
2002-06-20,EWW,14.779999732971191,14.9399995803833,14.300000190734863,14.399999618530273,1156900
2002-06-21,EWW,14.449999809265137,14.449999809265137,14.050000190734863,14.260000228881836,518400
2002-06-24,EWW,14.300000190734863,14.300000190734863,13.850000381469727,14.180000305175781,255800
2002-06-25,EWW,14.109999656677246,14.489999771118164,14.069999694824219,14.210000038146973,326100
2002-06-26,EWW,13.710000038146973,13.890000343322754,13.460000038146973,13.569999694824219,138200
2002-06-27,EWW,13.960000038146973,14.25,13.800000190734863,14.25,549800
2002-06-28,EWW,14.59000015258789,14.600000381469727,14.25,14.59000015258789,1100400
2002-07-01,EWW,14.600000381469727,14.630000114440918,14.0,14.199999809265137,502600
2002-07-02,EWW,14.1899995803833,14.1899995803833,13.710000038146973,13.859999656677246,262700
2002-07-03,EWW,14.050000190734863,14.199999809265137,13.550000190734863,14.199999809265137,133500
2002-07-05,EWW,14.390000343322754,14.390000343322754,14.25,14.300000190734863,200900
2002-07-08,EWW,14.3100004196167,14.40999984741211,14.25,14.40999984741211,4900
2002-07-09,EWW,14.40999984741211,14.6899995803833,14.199999809265137,14.25,116500
2002-07-10,EWW,14.430000305175781,14.449999809265137,14.25,14.25,31800
2002-07-11,EWW,14.010000228881836,14.449999809265137,14.0,14.369999885559082,187000
2002-07-12,EWW,14.25,14.640000343322754,14.25,14.34000015258789,3100
2002-07-15,EWW,14.350000381469727,14.350000381469727,13.960000038146973,14.350000381469727,21100
2002-07-16,EWW,14.449999809265137,14.449999809265137,14.109999656677246,14.25,405200
2002-07-17,EWW,14.579999923706055,14.579999923706055,14.300000190734863,14.479999542236328,103000
2002-07-18,EWW,14.600000381469727,14.6899995803833,14.40999984741211,14.529999732971191,89100
2002-07-19,EWW,14.3100004196167,14.550000190734863,14.25,14.449999809265137,38600
2002-07-22,EWW,14.4399995803833,14.4399995803833,13.699999809265137,13.699999809265137,10600
2002-07-23,EWW,14.039999961853027,14.050000190734863,13.399999618530273,13.489999771118164,267800
2002-07-24,EWW,13.100000381469727,13.800000190734863,12.760000228881836,13.609999656677246,93600
2002-07-25,EWW,13.40999984741211,13.600000381469727,13.25,13.300000190734863,407600
2002-07-26,EWW,13.15999984741211,13.300000190734863,13.010000228881836,13.109999656677246,37100
2002-07-29,EWW,13.329999923706055,13.890000343322754,13.319999694824219,13.75,197300
2002-07-30,EWW,13.6899995803833,13.699999809265137,13.350000381469727,13.539999961853027,276700
2002-07-31,EWW,13.479999542236328,13.479999542236328,13.050000190734863,13.199999809265137,534000
2002-08-01,EWW,13.329999923706055,13.329999923706055,12.600000381469727,12.779999732971191,1050300
2002-08-02,EWW,12.609999656677246,12.84000015258789,12.399999618530273,12.399999618530273,46300
2002-08-05,EWW,12.350000381469727,12.449999809265137,12.100000381469727,12.109999656677246,73600
2002-08-06,EWW,12.600000381469727,12.800000190734863,12.420000076293945,12.800000190734863,191600
2002-08-07,EWW,12.949999809265137,13.149999618530273,12.75,13.130000114440918,201000
2002-08-08,EWW,13.489999771118164,13.529999732971191,13.199999809265137,13.40999984741211,161700
2002-08-09,EWW,13.109999656677246,13.399999618530273,13.09000015258789,13.220000267028809,186000
2002-08-12,EWW,13.079999923706055,13.25,12.90999984741211,13.0600004196167,20300
2002-08-13,EWW,13.09000015258789,13.25,13.0,13.050000190734863,103300
2002-08-14,EWW,13.050000190734863,13.5,12.75,13.3100004196167,87100
2002-08-15,EWW,13.3100004196167,13.600000381469727,13.3100004196167,13.350000381469727,62900
2002-08-16,EWW,13.399999618530273,13.989999771118164,13.399999618530273,13.859999656677246,13000
2002-08-19,EWW,13.890000343322754,14.1899995803833,13.890000343322754,13.899999618530273,144700
2002-08-20,EWW,13.859999656677246,13.899999618530273,13.789999961853027,13.819999694824219,5200
2002-08-21,EWW,14.239999771118164,14.239999771118164,13.920000076293945,13.920000076293945,83800
2002-08-22,EWW,13.979999542236328,13.989999771118164,13.75,13.760000228881836,91300
2002-08-23,EWW,13.619999885559082,13.84000015258789,13.619999885559082,13.630000114440918,6100
2002-08-26,EWW,13.510000228881836,13.949999809265137,13.489999771118164,13.90999984741211,193300
2002-08-27,EWW,14.039999961853027,14.039999961853027,13.5,13.649999618530273,6300
2002-08-28,EWW,13.300000190734863,13.539999961853027,13.300000190734863,13.539999961853027,4500
2002-08-29,EWW,13.289999961853027,13.739999771118164,13.050000190734863,13.5600004196167,77700
2002-08-30,EWW,13.649999618530273,13.84000015258789,13.609999656677246,13.609999656677246,15600
2002-09-03,EWW,13.649999618530273,13.649999618530273,13.25,13.25,20700
2002-09-04,EWW,13.260000228881836,13.390000343322754,13.15999984741211,13.380000114440918,127900
2002-09-05,EWW,13.350000381469727,13.390000343322754,13.050000190734863,13.1899995803833,230100
2002-09-06,EWW,13.300000190734863,13.380000114440918,13.170000076293945,13.380000114440918,12500
2002-09-09,EWW,13.15999984741211,13.520000457763672,13.020000457763672,13.520000457763672,15200
2002-09-10,EWW,13.539999961853027,13.800000190734863,13.529999732971191,13.649999618530273,102200
2002-09-11,EWW,13.829999923706055,13.829999923706055,13.65999984741211,13.739999771118164,5300
2002-09-12,EWW,13.829999923706055,13.829999923706055,13.550000190734863,13.6899995803833,4000
2002-09-13,EWW,13.520000457763672,13.600000381469727,13.520000457763672,13.600000381469727,19500
2002-09-16,EWW,13.720000267028809,13.720000267028809,13.430000305175781,13.430000305175781,9600
2002-09-17,EWW,13.729999542236328,13.729999542236328,13.149999618530273,13.149999618530273,52000
2002-09-18,EWW,12.90999984741211,13.020000457763672,12.800000190734863,12.90999984741211,46100
2002-09-19,EWW,12.899999618530273,12.899999618530273,12.100000381469727,12.199999809265137,172400
2002-09-20,EWW,12.199999809265137,12.489999771118164,12.149999618530273,12.350000381469727,97000
2002-09-23,EWW,12.380000114440918,12.399999618530273,11.899999618530273,12.399999618530273,25400
2002-09-24,EWW,12.010000228881836,12.170000076293945,12.010000228881836,12.109999656677246,63000
2002-09-25,EWW,12.4399995803833,12.4399995803833,12.050000190734863,12.369999885559082,173900
2002-09-26,EWW,12.489999771118164,12.699999809265137,12.369999885559082,12.699999809265137,145600
2002-09-27,EWW,12.699999809265137,12.699999809265137,12.260000228881836,12.260000228881836,4800
2002-09-30,EWW,12.1899995803833,12.390000343322754,12.0,12.289999961853027,15200
2002-10-01,EWW,12.319999694824219,12.899999618530273,12.289999961853027,12.869999885559082,92400
2002-10-02,EWW,12.699999809265137,13.199999809265137,12.699999809265137,12.710000038146973,212200
2002-10-03,EWW,12.739999771118164,12.949999809265137,12.699999809265137,12.75,89600
2002-10-04,EWW,12.760000228881836,12.859999656677246,12.510000228881836,12.609999656677246,99800
2002-10-07,EWW,12.550000190734863,12.729999542236328,12.550000190734863,12.680000305175781,8100
2002-10-08,EWW,12.699999809265137,12.9399995803833,12.350000381469727,12.75,226200
2002-10-09,EWW,12.3100004196167,12.600000381469727,12.300000190734863,12.300000190734863,70900
2002-10-10,EWW,12.489999771118164,12.630000114440918,12.300000190734863,12.430000305175781,77200
2002-10-11,EWW,12.850000381469727,12.850000381469727,12.510000228881836,12.75,446700
2002-10-14,EWW,12.510000228881836,12.75,12.510000228881836,12.600000381469727,57500
2002-10-15,EWW,13.329999923706055,13.329999923706055,13.0,13.199999809265137,81000
2002-10-16,EWW,13.199999809265137,13.199999809265137,12.899999618530273,13.010000228881836,115400
2002-10-17,EWW,13.399999618530273,13.399999618530273,13.010000228881836,13.050000190734863,91600
2002-10-18,EWW,13.149999618530273,13.1899995803833,12.899999618530273,12.960000038146973,105700
2002-10-21,EWW,12.960000038146973,13.399999618530273,12.960000038146973,13.239999771118164,88200
2002-10-22,EWW,13.239999771118164,13.25,12.899999618530273,12.899999618530273,89600
2002-10-23,EWW,12.899999618530273,13.199999809265137,12.899999618530273,13.020000457763672,76100
2002-10-24,EWW,13.289999961853027,13.289999961853027,12.850000381469727,12.850000381469727,94000
2002-10-25,EWW,12.979999542236328,12.979999542236328,12.800000190734863,12.899999618530273,44200
2002-10-28,EWW,13.0600004196167,13.0600004196167,12.649999618530273,12.649999618530273,39700
2002-10-29,EWW,12.609999656677246,12.699999809265137,12.40999984741211,12.649999618530273,270500
2002-10-30,EWW,12.520000457763672,12.890000343322754,12.520000457763672,12.779999732971191,173500
2002-10-31,EWW,12.9399995803833,12.9399995803833,12.75,12.880000114440918,16900
2002-11-01,EWW,12.899999618530273,13.149999618530273,12.649999618530273,13.130000114440918,109300
2002-11-04,EWW,13.390000343322754,13.449999809265137,13.15999984741211,13.220000267028809,35500
2002-11-05,EWW,13.25,13.25,12.960000038146973,13.010000228881836,289400
2002-11-06,EWW,13.020000457763672,13.170000076293945,13.0,13.100000381469727,74900
2002-11-07,EWW,12.920000076293945,13.029999732971191,12.8100004196167,12.84000015258789,357700
2002-11-08,EWW,12.890000343322754,12.970000267028809,12.789999961853027,12.899999618530273,254800
2002-11-11,EWW,12.699999809265137,12.84000015258789,12.649999618530273,12.789999961853027,107300
2002-11-12,EWW,12.569999694824219,12.800000190734863,12.569999694824219,12.59000015258789,19300
2002-11-13,EWW,12.460000038146973,12.739999771118164,12.399999618530273,12.399999618530273,44900
2002-11-14,EWW,12.619999885559082,12.779999732971191,12.569999694824219,12.710000038146973,61900
2002-11-15,EWW,12.510000228881836,12.779999732971191,12.510000228881836,12.600000381469727,38300
2002-11-18,EWW,12.600000381469727,12.789999961853027,12.40999984741211,12.649999618530273,12300
2002-11-19,EWW,12.300000190734863,12.489999771118164,12.149999618530273,12.15999984741211,27700
2002-11-20,EWW,12.15999984741211,12.539999961853027,12.15999984741211,12.380000114440918,99900
2002-11-21,EWW,12.75,12.850000381469727,12.649999618530273,12.800000190734863,728300
2002-11-22,EWW,12.850000381469727,12.899999618530273,12.710000038146973,12.75,14300
2002-11-25,EWW,12.75,12.979999542236328,12.649999618530273,12.850000381469727,76400
2002-11-26,EWW,12.930000305175781,13.0,12.649999618530273,12.859999656677246,63700
2002-11-27,EWW,13.100000381469727,13.4399995803833,13.100000381469727,13.4399995803833,176100
2002-11-29,EWW,13.4399995803833,13.640000343322754,13.4399995803833,13.609999656677246,8500
2002-12-02,EWW,14.0,14.0,13.600000381469727,13.720000267028809,132100
2002-12-03,EWW,13.59000015258789,13.949999809265137,13.460000038146973,13.949999809265137,140100
2002-12-04,EWW,13.65999984741211,13.699999809265137,13.449999809265137,13.569999694824219,82100
2002-12-05,EWW,13.550000190734863,13.550000190734863,13.399999618530273,13.399999618530273,63800
2002-12-06,EWW,13.489999771118164,13.649999618530273,13.420000076293945,13.649999618530273,37200
2002-12-09,EWW,13.489999771118164,13.489999771118164,13.300000190734863,13.300000190734863,14600
2002-12-10,EWW,13.300000190734863,13.449999809265137,13.300000190734863,13.3100004196167,36200
2002-12-11,EWW,13.579999923706055,13.739999771118164,13.399999618530273,13.449999809265137,35900
2002-12-12,EWW,13.59000015258789,13.59000015258789,13.579999923706055,13.579999923706055,2300
2002-12-13,EWW,13.449999809265137,13.600000381469727,13.420000076293945,13.5,3100
2002-12-16,EWW,13.510000228881836,13.84000015258789,13.510000228881836,13.84000015258789,9700
2002-12-17,EWW,13.729999542236328,13.729999542236328,13.5,13.649999618530273,12200
2002-12-18,EWW,13.640000343322754,13.640000343322754,13.25,13.319999694824219,11000
2002-12-19,EWW,13.350000381469727,13.579999923706055,13.300000190734863,13.579999923706055,45600
2002-12-20,EWW,13.600000381469727,13.640000343322754,13.380000114440918,13.640000343322754,6400
2002-12-23,EWW,13.0,13.239999771118164,13.0,13.0,130900
2002-12-24,EWW,13.0600004196167,13.220000267028809,12.930000305175781,12.930000305175781,28200
2002-12-26,EWW,12.930000305175781,12.960000038146973,12.899999618530273,12.899999618530273,53000
2002-12-27,EWW,12.75,12.949999809265137,12.600000381469727,12.600000381469727,4100
2002-12-30,EWW,12.600000381469727,12.6899995803833,12.470000267028809,12.479999542236328,29300
2002-12-31,EWW,12.460000038146973,12.460000038146973,12.399999618530273,12.449999809265137,9200
2003-01-02,EWW,12.789999961853027,13.289999961853027,12.789999961853027,13.289999961853027,36800
2003-01-03,EWW,12.90999984741211,13.130000114440918,12.890000343322754,13.039999961853027,98300
2003-01-06,EWW,13.239999771118164,13.34000015258789,13.010000228881836,13.199999809265137,53300
2003-01-07,EWW,13.300000190734863,13.300000190734863,13.100000381469727,13.220000267028809,18600
2003-01-08,EWW,13.300000190734863,13.300000190734863,13.0,13.09000015258789,9100
2003-01-09,EWW,13.149999618530273,13.289999961853027,13.0600004196167,13.210000038146973,221700
2003-01-10,EWW,13.210000038146973,13.300000190734863,12.960000038146973,13.289999961853027,12000
2003-01-13,EWW,13.199999809265137,13.289999961853027,13.050000190734863,13.279999732971191,151600
2003-01-14,EWW,13.199999809265137,13.25,13.149999618530273,13.199999809265137,9900
2003-01-15,EWW,13.149999618530273,13.329999923706055,13.109999656677246,13.3100004196167,118500
2003-01-16,EWW,13.329999923706055,13.34000015258789,13.149999618530273,13.239999771118164,78200
2003-01-17,EWW,13.149999618530273,13.149999618530273,12.710000038146973,12.800000190734863,42500
2003-01-21,EWW,12.670000076293945,12.84000015258789,12.40999984741211,12.489999771118164,115700
2003-01-22,EWW,12.399999618530273,12.399999618530273,12.130000114440918,12.289999961853027,106000
2003-01-23,EWW,12.539999961853027,12.539999961853027,12.220000267028809,12.380000114440918,111800
2003-01-24,EWW,12.430000305175781,12.430000305175781,12.0600004196167,12.100000381469727,61200
2003-01-27,EWW,11.850000381469727,12.050000190734863,11.850000381469727,11.989999771118164,108800
2003-01-28,EWW,12.09000015258789,12.09000015258789,11.710000038146973,11.760000228881836,30800
2003-01-29,EWW,11.699999809265137,11.880000114440918,11.699999809265137,11.880000114440918,10500
2003-01-30,EWW,11.859999656677246,11.859999656677246,11.779999732971191,11.84000015258789,4200
2003-01-31,EWW,11.829999923706055,11.9399995803833,11.710000038146973,11.890000343322754,206900
2003-02-03,EWW,11.850000381469727,12.140000343322754,11.850000381469727,12.010000228881836,24200
2003-02-04,EWW,11.899999618530273,11.989999771118164,11.850000381469727,11.890000343322754,9300
2003-02-05,EWW,12.09000015258789,12.09000015258789,11.949999809265137,11.949999809265137,2400
2003-02-06,EWW,11.90999984741211,11.90999984741211,11.75,11.75,44500
2003-02-07,EWW,11.739999771118164,11.84000015258789,11.619999885559082,11.619999885559082,19700
2003-02-10,EWW,11.649999618530273,11.789999961853027,11.5600004196167,11.579999923706055,155400
2003-02-11,EWW,11.789999961853027,11.789999961853027,11.350000381469727,11.350000381469727,565400
2003-02-12,EWW,11.350000381469727,11.390000343322754,11.180000305175781,11.199999809265137,59000
2003-02-13,EWW,11.130000114440918,11.319999694824219,11.079999923706055,11.289999961853027,70300
2003-02-14,EWW,11.1899995803833,11.390000343322754,11.170000076293945,11.239999771118164,6300
2003-02-18,EWW,11.460000038146973,11.789999961853027,11.460000038146973,11.770000457763672,194300
2003-02-19,EWW,11.699999809265137,11.800000190734863,11.550000190734863,11.600000381469727,109200
2003-02-20,EWW,11.600000381469727,11.789999961853027,11.5600004196167,11.65999984741211,9400
2003-02-21,EWW,11.800000190734863,11.84000015258789,11.710000038146973,11.710000038146973,7800
2003-02-24,EWW,11.65999984741211,11.890000343322754,11.649999618530273,11.65999984741211,13700
2003-02-25,EWW,11.640000343322754,11.640000343322754,11.460000038146973,11.489999771118164,317400
2003-02-26,EWW,11.5,11.739999771118164,11.5,11.699999809265137,36500
2003-02-27,EWW,11.510000228881836,11.800000190734863,11.479999542236328,11.800000190734863,94600
2003-02-28,EWW,11.609999656677246,11.680000305175781,11.5,11.5,111700
2003-03-03,EWW,11.600000381469727,11.930000305175781,11.449999809265137,11.479999542236328,72300
2003-03-04,EWW,11.40999984741211,11.470000267028809,11.319999694824219,11.319999694824219,39000
2003-03-05,EWW,11.329999923706055,11.539999961853027,11.329999923706055,11.529999732971191,10500
2003-03-06,EWW,11.449999809265137,11.529999732971191,11.260000228881836,11.380000114440918,33600
2003-03-07,EWW,11.260000228881836,11.430000305175781,11.260000228881836,11.430000305175781,30100
2003-03-10,EWW,11.640000343322754,11.640000343322754,11.279999732971191,11.390000343322754,16800
2003-03-11,EWW,11.3100004196167,11.539999961853027,11.3100004196167,11.329999923706055,31600
2003-03-12,EWW,11.3100004196167,11.420000076293945,11.270000457763672,11.420000076293945,12900
2003-03-13,EWW,11.520000457763672,11.680000305175781,11.510000228881836,11.600000381469727,49200
2003-03-14,EWW,11.739999771118164,11.760000228881836,11.5,11.609999656677246,12600
2003-03-17,EWW,11.75,12.029999732971191,11.6899995803833,12.010000228881836,60900
2003-03-18,EWW,12.050000190734863,12.050000190734863,11.869999885559082,11.880000114440918,11800
2003-03-19,EWW,12.0,12.069999694824219,11.859999656677246,12.0,159600
2003-03-20,EWW,11.850000381469727,11.949999809265137,11.729999542236328,11.899999618530273,116300
2003-03-21,EWW,12.1899995803833,12.1899995803833,11.869999885559082,12.1899995803833,46000
2003-03-24,EWW,11.859999656677246,12.09000015258789,11.84000015258789,11.899999618530273,5000
2003-03-25,EWW,11.9399995803833,11.979999542236328,11.819999694824219,11.819999694824219,11500
2003-03-26,EWW,11.90999984741211,12.0600004196167,11.800000190734863,11.949999809265137,33000
2003-03-27,EWW,11.75,11.949999809265137,11.699999809265137,11.949999809265137,19600
2003-03-28,EWW,11.699999809265137,11.960000038146973,11.670000076293945,11.760000228881836,18100
2003-03-31,EWW,11.569999694824219,11.800000190734863,11.5600004196167,11.640000343322754,28700
2003-04-01,EWW,11.649999618530273,11.899999618530273,11.640000343322754,11.869999885559082,27000
2003-04-02,EWW,11.989999771118164,12.220000267028809,11.819999694824219,12.220000267028809,132700
2003-04-03,EWW,12.210000038146973,12.329999923706055,12.140000343322754,12.199999809265137,298600
2003-04-04,EWW,12.279999732971191,12.34000015258789,12.109999656677246,12.229999542236328,10400
2003-04-07,EWW,12.449999809265137,12.640000343322754,12.420000076293945,12.5,106000
2003-04-08,EWW,12.40999984741211,12.649999618530273,12.40999984741211,12.59000015258789,2600
2003-04-09,EWW,12.640000343322754,12.640000343322754,12.3100004196167,12.329999923706055,10100
2003-04-10,EWW,12.489999771118164,12.489999771118164,12.25,12.279999732971191,8900
2003-04-11,EWW,12.359999656677246,12.390000343322754,12.279999732971191,12.390000343322754,32500
2003-04-14,EWW,12.40999984741211,12.420000076293945,12.40999984741211,12.420000076293945,6000
2003-04-15,EWW,12.470000267028809,12.6899995803833,12.470000267028809,12.6899995803833,24800
2003-04-16,EWW,12.600000381469727,12.75,12.600000381469727,12.739999771118164,5000
2003-04-17,EWW,12.680000305175781,12.680000305175781,12.670000076293945,12.670000076293945,600
2003-04-21,EWW,12.850000381469727,12.850000381469727,12.75,12.75,6200
2003-04-22,EWW,12.710000038146973,12.9399995803833,12.710000038146973,12.90999984741211,23000
2003-04-23,EWW,12.9399995803833,13.020000457763672,12.9399995803833,12.970000267028809,8700
2003-04-24,EWW,13.010000228881836,13.15999984741211,12.960000038146973,13.010000228881836,235400
2003-04-25,EWW,13.010000228881836,13.149999618530273,13.010000228881836,13.010000228881836,17300
2003-04-28,EWW,13.170000076293945,13.199999809265137,13.100000381469727,13.180000305175781,10700
2003-04-29,EWW,13.350000381469727,13.550000190734863,13.34000015258789,13.479999542236328,211300
2003-04-30,EWW,13.550000190734863,13.649999618530273,13.520000457763672,13.520000457763672,44900
2003-05-01,EWW,13.5,13.649999618530273,13.5,13.520000457763672,31200
2003-05-02,EWW,13.520000457763672,13.930000305175781,13.520000457763672,13.930000305175781,24000
2003-05-05,EWW,14.050000190734863,14.199999809265137,13.869999885559082,13.960000038146973,43700
2003-05-06,EWW,14.100000381469727,14.100000381469727,13.75,13.770000457763672,66200
2003-05-07,EWW,13.770000457763672,13.920000076293945,13.75,13.8100004196167,41900
2003-05-08,EWW,13.720000267028809,13.800000190734863,13.619999885559082,13.680000305175781,38800
2003-05-09,EWW,13.850000381469727,13.890000343322754,13.779999732971191,13.880000114440918,8200
2003-05-12,EWW,13.930000305175781,13.9399995803833,13.8100004196167,13.859999656677246,6800
2003-05-13,EWW,13.800000190734863,14.0,13.649999618530273,13.8100004196167,67600
2003-05-14,EWW,13.899999618530273,13.899999618530273,13.720000267028809,13.890000343322754,81800
2003-05-15,EWW,13.899999618530273,13.989999771118164,13.670000076293945,13.859999656677246,8000
2003-05-16,EWW,13.890000343322754,13.890000343322754,13.630000114440918,13.649999618530273,46300
2003-05-19,EWW,13.5,13.649999618530273,13.369999885559082,13.390000343322754,66200
2003-05-20,EWW,13.449999809265137,13.640000343322754,13.430000305175781,13.529999732971191,687500
2003-05-21,EWW,13.569999694824219,13.640000343322754,13.369999885559082,13.579999923706055,8400
2003-05-22,EWW,13.460000038146973,13.800000190734863,13.460000038146973,13.609999656677246,11700
2003-05-23,EWW,13.699999809265137,13.890000343322754,13.640000343322754,13.850000381469727,43600
2003-05-27,EWW,13.640000343322754,14.0,13.640000343322754,13.930000305175781,687400
2003-05-28,EWW,14.050000190734863,14.199999809265137,13.869999885559082,14.09000015258789,145800
2003-05-29,EWW,14.0,14.15999984741211,14.0,14.039999961853027,1040900
2003-05-30,EWW,14.039999961853027,14.289999961853027,14.039999961853027,14.079999923706055,38800
2003-06-02,EWW,14.300000190734863,14.5,14.140000343322754,14.4399995803833,1257100
2003-06-03,EWW,14.260000228881836,14.399999618530273,14.15999984741211,14.369999885559082,211900
2003-06-04,EWW,14.279999732971191,14.289999961853027,14.149999618530273,14.229999542236328,341800
2003-06-05,EWW,14.029999732971191,14.289999961853027,14.029999732971191,14.140000343322754,407900
2003-06-06,EWW,14.399999618530273,14.399999618530273,13.930000305175781,13.930000305175781,57400
2003-06-09,EWW,13.800000190734863,13.989999771118164,13.720000267028809,13.859999656677246,37600
2003-06-10,EWW,13.989999771118164,14.130000114440918,13.800000190734863,13.9399995803833,226500
2003-06-11,EWW,14.25,14.319999694824219,13.920000076293945,14.15999984741211,494200
2003-06-12,EWW,14.300000190734863,14.380000114440918,14.199999809265137,14.289999961853027,43600
2003-06-13,EWW,14.289999961853027,14.350000381469727,14.09000015258789,14.25,1495400
2003-06-16,EWW,14.380000114440918,14.550000190734863,14.239999771118164,14.510000228881836,648800
2003-06-17,EWW,14.649999618530273,14.800000190734863,14.5,14.800000190734863,67900
2003-06-18,EWW,14.670000076293945,14.680000305175781,14.420000076293945,14.670000076293945,115300
2003-06-19,EWW,14.600000381469727,14.6899995803833,14.510000228881836,14.529999732971191,27100
2003-06-20,EWW,14.6899995803833,14.729999542236328,14.529999732971191,14.529999732971191,12400
2003-06-23,EWW,14.630000114440918,14.630000114440918,14.300000190734863,14.420000076293945,22400
2003-06-24,EWW,14.260000228881836,14.569999694824219,14.260000228881836,14.420000076293945,62700
2003-06-25,EWW,14.600000381469727,14.729999542236328,14.510000228881836,14.569999694824219,148900
2003-06-26,EWW,14.600000381469727,14.720000267028809,14.430000305175781,14.529999732971191,51300
2003-06-27,EWW,14.5,14.739999771118164,14.479999542236328,14.479999542236328,45500
2003-06-30,EWW,14.729999542236328,14.729999542236328,14.460000038146973,14.460000038146973,6900
2003-07-01,EWW,14.550000190734863,14.739999771118164,14.329999923706055,14.739999771118164,67700
2003-07-02,EWW,14.609999656677246,14.819999694824219,14.609999656677246,14.819999694824219,14700
2003-07-03,EWW,14.739999771118164,14.8100004196167,14.630000114440918,14.75,6800
2003-07-07,EWW,14.789999961853027,14.899999618530273,14.6899995803833,14.850000381469727,41200
2003-07-08,EWW,14.75,14.760000228881836,14.609999656677246,14.670000076293945,185800
2003-07-09,EWW,14.649999618530273,14.779999732971191,14.619999885559082,14.680000305175781,138100
2003-07-10,EWW,14.5600004196167,14.720000267028809,14.40999984741211,14.5,18400
2003-07-11,EWW,14.710000038146973,14.75,14.489999771118164,14.649999618530273,10500
2003-07-14,EWW,14.65999984741211,14.850000381469727,14.65999984741211,14.800000190734863,20300
2003-07-15,EWW,14.699999809265137,14.699999809265137,14.5,14.569999694824219,36900
2003-07-16,EWW,14.5600004196167,14.649999618530273,14.489999771118164,14.5,22400
2003-07-17,EWW,14.5,14.600000381469727,14.40999984741211,14.489999771118164,213300
2003-07-18,EWW,14.5,14.600000381469727,14.449999809265137,14.600000381469727,67900
2003-07-21,EWW,14.529999732971191,14.539999961853027,14.420000076293945,14.479999542236328,9600
2003-07-22,EWW,14.800000190734863,14.899999618530273,14.59000015258789,14.880000114440918,144100
2003-07-23,EWW,14.850000381469727,14.850000381469727,14.680000305175781,14.850000381469727,14100
2003-07-24,EWW,15.0,15.15999984741211,14.859999656677246,14.869999885559082,21000
2003-07-25,EWW,15.020000457763672,15.1899995803833,14.949999809265137,15.180000305175781,82200
2003-07-28,EWW,15.25,15.25,15.109999656677246,15.119999885559082,176600
2003-07-29,EWW,15.130000114440918,15.130000114440918,14.850000381469727,14.960000038146973,14100
2003-07-30,EWW,14.829999923706055,15.050000190734863,14.829999923706055,15.0,18000
2003-07-31,EWW,15.079999923706055,15.239999771118164,15.050000190734863,15.119999885559082,295800
2003-08-01,EWW,15.010000228881836,15.199999809265137,14.960000038146973,15.0600004196167,36800
2003-08-04,EWW,15.0,15.0,14.8100004196167,14.8100004196167,8600
2003-08-05,EWW,14.819999694824219,14.899999618530273,14.65999984741211,14.65999984741211,1106900
2003-08-06,EWW,14.6899995803833,14.739999771118164,14.579999923706055,14.739999771118164,18800
2003-08-07,EWW,14.789999961853027,14.869999885559082,14.640000343322754,14.760000228881836,6700
2003-08-08,EWW,14.829999923706055,14.829999923706055,14.829999923706055,14.829999923706055,500
2003-08-11,EWW,14.899999618530273,14.989999771118164,14.739999771118164,14.890000343322754,6800
2003-08-12,EWW,14.899999618530273,14.920000076293945,14.8100004196167,14.869999885559082,52700
2003-08-13,EWW,14.8100004196167,14.930000305175781,14.710000038146973,14.930000305175781,341500
2003-08-14,EWW,14.859999656677246,15.229999542236328,14.859999656677246,15.069999694824219,30400
2003-08-15,EWW,15.039999961853027,15.039999961853027,15.039999961853027,15.039999961853027,1500
2003-08-18,EWW,15.039999961853027,15.180000305175781,15.039999961853027,15.079999923706055,10600
2003-08-19,EWW,15.100000381469727,15.140000343322754,15.0,15.020000457763672,35400
2003-08-20,EWW,15.010000228881836,15.140000343322754,14.869999885559082,15.039999961853027,1219100
2003-08-21,EWW,15.069999694824219,15.1899995803833,15.020000457763672,15.1899995803833,481300
2003-08-22,EWW,15.239999771118164,15.239999771118164,15.020000457763672,15.100000381469727,350100
2003-08-25,EWW,14.970000267028809,14.970000267028809,14.890000343322754,14.949999809265137,1600
2003-08-26,EWW,14.9399995803833,14.9399995803833,14.75,14.920000076293945,6200
2003-08-27,EWW,14.850000381469727,14.989999771118164,14.779999732971191,14.989999771118164,7300
2003-08-28,EWW,15.0,15.0,14.920000076293945,14.949999809265137,163000
2003-08-29,EWW,14.90999984741211,15.010000228881836,14.90999984741211,14.960000038146973,61100
2003-09-02,EWW,15.0,15.34000015258789,14.9399995803833,15.34000015258789,132500
2003-09-03,EWW,15.34000015258789,15.65999984741211,15.289999961853027,15.5,1204500
2003-09-04,EWW,15.5,15.6899995803833,15.380000114440918,15.5600004196167,11200
2003-09-05,EWW,15.449999809265137,15.729999542236328,15.449999809265137,15.640000343322754,9500
2003-09-08,EWW,15.630000114440918,15.699999809265137,15.479999542236328,15.550000190734863,9500
2003-09-09,EWW,15.579999923706055,15.579999923706055,15.220000267028809,15.350000381469727,22700
2003-09-10,EWW,15.319999694824219,15.489999771118164,15.319999694824219,15.40999984741211,6100
2003-09-11,EWW,15.600000381469727,15.600000381469727,15.210000038146973,15.210000038146973,52300
2003-09-12,EWW,15.25,15.4399995803833,15.15999984741211,15.270000457763672,383800
2003-09-15,EWW,15.399999618530273,15.40999984741211,15.3100004196167,15.390000343322754,67100
2003-09-16,EWW,15.3100004196167,15.59000015258789,15.3100004196167,15.510000228881836,25500
2003-09-17,EWW,15.529999732971191,15.59000015258789,15.319999694824219,15.399999618530273,14500
2003-09-18,EWW,15.3100004196167,15.649999618530273,15.3100004196167,15.59000015258789,8600
2003-09-19,EWW,15.779999732971191,15.819999694824219,15.579999923706055,15.739999771118164,114800
2003-09-22,EWW,15.649999618530273,15.649999618530273,15.520000457763672,15.640000343322754,16800
2003-09-23,EWW,15.800000190734863,15.800000190734863,15.539999961853027,15.699999809265137,43300
2003-09-24,EWW,15.649999618530273,15.710000038146973,15.5600004196167,15.6899995803833,152400
2003-09-25,EWW,15.59000015258789,15.680000305175781,15.399999618530273,15.40999984741211,25300
2003-09-26,EWW,15.399999618530273,15.399999618530273,15.25,15.359999656677246,29200
2003-09-29,EWW,15.350000381469727,15.430000305175781,15.180000305175781,15.399999618530273,91900
2003-09-30,EWW,15.4399995803833,15.539999961853027,15.260000228881836,15.420000076293945,52400
2003-10-01,EWW,15.460000038146973,15.75,15.460000038146973,15.609999656677246,255600
2003-10-02,EWW,15.600000381469727,15.600000381469727,15.069999694824219,15.25,97600
2003-10-03,EWW,15.25,15.350000381469727,15.100000381469727,15.109999656677246,229600
2003-10-06,EWW,15.25,15.3100004196167,15.050000190734863,15.050000190734863,544400
2003-10-07,EWW,15.079999923706055,15.1899995803833,15.0,15.119999885559082,1062400
2003-10-08,EWW,15.229999542236328,15.25,15.119999885559082,15.119999885559082,15000
2003-10-09,EWW,15.3100004196167,15.550000190734863,15.3100004196167,15.5,327800
2003-10-10,EWW,15.489999771118164,15.680000305175781,15.3100004196167,15.670000076293945,10200
2003-10-13,EWW,15.699999809265137,15.699999809265137,15.520000457763672,15.600000381469727,59800
2003-10-14,EWW,15.520000457763672,15.600000381469727,15.270000457763672,15.449999809265137,22700
2003-10-15,EWW,15.449999809265137,15.449999809265137,15.220000267028809,15.3100004196167,192300
2003-10-16,EWW,15.180000305175781,15.25,15.050000190734863,15.0600004196167,62500
2003-10-17,EWW,15.15999984741211,15.34000015258789,15.109999656677246,15.34000015258789,416500
2003-10-20,EWW,15.260000228881836,15.489999771118164,15.260000228881836,15.399999618530273,83500
2003-10-21,EWW,15.579999923706055,15.720000267028809,15.430000305175781,15.579999923706055,13600
2003-10-22,EWW,15.579999923706055,15.579999923706055,15.220000267028809,15.399999618530273,138300
2003-10-23,EWW,15.25,15.5,15.25,15.420000076293945,111700
2003-10-24,EWW,15.270000457763672,15.460000038146973,15.270000457763672,15.359999656677246,450300
2003-10-27,EWW,15.489999771118164,15.550000190734863,15.470000267028809,15.550000190734863,130600
2003-10-28,EWW,15.529999732971191,15.649999618530273,15.529999732971191,15.649999618530273,87000
2003-10-29,EWW,15.600000381469727,15.649999618530273,15.510000228881836,15.5600004196167,267900
2003-10-30,EWW,15.75,15.899999618530273,15.600000381469727,15.8100004196167,124500
2003-10-31,EWW,15.75,16.1200008392334,15.75,15.970000267028809,424800
2003-11-03,EWW,16.190000534057617,16.420000076293945,16.059999465942383,16.40999984741211,943200
2003-11-04,EWW,16.5,16.739999771118164,16.40999984741211,16.489999771118164,1630800
2003-11-05,EWW,16.360000610351562,16.639999389648438,16.290000915527344,16.479999542236328,43800
2003-11-06,EWW,16.549999237060547,16.799999237060547,16.420000076293945,16.6299991607666,120600
2003-11-07,EWW,16.850000381469727,16.989999771118164,16.719999313354492,16.81999969482422,142900
2003-11-10,EWW,16.889999389648438,16.889999389648438,16.729999542236328,16.790000915527344,89100
2003-11-11,EWW,16.639999389648438,16.799999237060547,16.520000457763672,16.530000686645508,66800
2003-11-12,EWW,16.59000015258789,16.8799991607666,16.510000228881836,16.760000228881836,110700
2003-11-13,EWW,16.940000534057617,17.09000015258789,16.799999237060547,16.989999771118164,119200
2003-11-14,EWW,17.139999389648438,17.139999389648438,16.860000610351562,16.899999618530273,396200
2003-11-17,EWW,16.81999969482422,16.8700008392334,16.540000915527344,16.6299991607666,244600
2003-11-18,EWW,16.899999618530273,16.940000534057617,16.649999618530273,16.75,307500
2003-11-19,EWW,16.649999618530273,16.649999618530273,16.350000381469727,16.450000762939453,217700
2003-11-20,EWW,16.260000228881836,16.440000534057617,16.25,16.40999984741211,424000
2003-11-21,EWW,16.209999084472656,16.290000915527344,16.06999969482422,16.270000457763672,506800
2003-11-24,EWW,16.399999618530273,16.399999618530273,15.899999618530273,15.960000038146973,1901800
2003-11-25,EWW,15.75,16.049999237060547,15.75,16.049999237060547,593100
2003-11-26,EWW,16.25,16.25,15.9399995803833,16.190000534057617,13400
2003-11-28,EWW,16.100000381469727,16.350000381469727,16.06999969482422,16.309999465942383,65800
2003-12-01,EWW,16.360000610351562,16.799999237060547,16.360000610351562,16.649999618530273,94600
2003-12-02,EWW,16.6200008392334,16.829999923706055,16.559999465942383,16.799999237060547,332100
2003-12-03,EWW,16.809999465942383,16.989999771118164,16.719999313354492,16.719999313354492,102500
2003-12-04,EWW,16.709999084472656,16.889999389648438,16.6299991607666,16.739999771118164,40200
2003-12-05,EWW,16.600000381469727,16.639999389648438,16.459999084472656,16.56999969482422,93400
2003-12-08,EWW,16.459999084472656,16.690000534057617,16.440000534057617,16.56999969482422,165700
2003-12-09,EWW,16.700000762939453,16.700000762939453,16.3700008392334,16.3700008392334,23100
2003-12-10,EWW,16.479999542236328,16.5,16.25,16.280000686645508,16700
2003-12-11,EWW,16.43000030517578,16.469999313354492,16.290000915527344,16.469999313354492,28200
2003-12-12,EWW,16.450000762939453,16.540000915527344,16.299999237060547,16.469999313354492,49700
2003-12-15,EWW,16.469999313354492,16.479999542236328,16.149999618530273,16.190000534057617,42700
2003-12-16,EWW,16.079999923706055,16.389999389648438,16.049999237060547,16.229999542236328,59600
2003-12-17,EWW,16.209999084472656,16.43000030517578,16.209999084472656,16.43000030517578,118200
2003-12-18,EWW,16.549999237060547,16.690000534057617,16.360000610351562,16.670000076293945,106800
2003-12-19,EWW,16.5,16.75,16.440000534057617,16.6200008392334,101100
2003-12-22,EWW,16.450000762939453,16.559999465942383,16.270000457763672,16.489999771118164,139200
2003-12-23,EWW,16.43000030517578,16.68000030517578,16.309999465942383,16.530000686645508,72200
2003-12-24,EWW,16.600000381469727,16.649999618530273,16.469999313354492,16.610000610351562,85100
2003-12-26,EWW,16.5,16.56999969482422,16.5,16.549999237060547,5700
2003-12-29,EWW,16.59000015258789,16.829999923706055,16.59000015258789,16.81999969482422,87400
2003-12-30,EWW,16.93000030517578,16.989999771118164,16.829999923706055,16.969999313354492,185200
2003-12-31,EWW,16.989999771118164,17.100000381469727,16.90999984741211,17.079999923706055,65000
2004-01-02,EWW,16.950000762939453,17.549999237060547,16.950000762939453,17.010000228881836,63700
2004-01-05,EWW,17.579999923706055,18.0,17.520000457763672,17.850000381469727,640900
2004-01-06,EWW,17.979999542236328,18.0,17.889999389648438,17.93000030517578,40700
2004-01-07,EWW,18.030000686645508,18.229999542236328,17.90999984741211,18.1299991607666,72100
2004-01-08,EWW,18.5,18.5,18.059999465942383,18.360000610351562,67000
2004-01-09,EWW,18.299999237060547,18.5,18.1200008392334,18.299999237060547,646300
2004-01-12,EWW,18.350000381469727,18.440000534057617,18.260000228881836,18.299999237060547,457000
2004-01-13,EWW,18.450000762939453,18.510000228881836,18.170000076293945,18.270000457763672,79100
2004-01-14,EWW,18.5,18.559999465942383,18.170000076293945,18.270000457763672,81700
2004-01-15,EWW,18.229999542236328,18.389999389648438,18.079999923706055,18.389999389648438,190600
2004-01-16,EWW,18.389999389648438,18.549999237060547,18.3700008392334,18.459999084472656,239300
2004-01-20,EWW,18.610000610351562,18.780000686645508,18.510000228881836,18.719999313354492,533400
2004-01-21,EWW,18.719999313354492,18.920000076293945,18.56999969482422,18.889999389648438,249800
2004-01-22,EWW,18.81999969482422,18.940000534057617,18.670000076293945,18.75,49500
2004-01-23,EWW,18.700000762939453,19.280000686645508,18.700000762939453,19.059999465942383,215900
2004-01-26,EWW,19.06999969482422,19.1200008392334,18.940000534057617,19.1200008392334,99800
2004-01-27,EWW,19.1200008392334,19.170000076293945,19.010000228881836,19.010000228881836,40500
2004-01-28,EWW,19.190000534057617,19.399999618530273,18.709999084472656,18.719999313354492,130600
2004-01-29,EWW,18.600000381469727,18.610000610351562,18.0,18.270000457763672,520700
2004-01-30,EWW,18.100000381469727,18.420000076293945,18.100000381469727,18.3700008392334,347500
2004-02-02,EWW,18.600000381469727,18.989999771118164,18.600000381469727,18.969999313354492,263600
2004-02-03,EWW,18.93000030517578,19.0,18.799999237060547,18.860000610351562,305800
2004-02-04,EWW,18.899999618530273,18.940000534057617,18.700000762939453,18.75,279700
2004-02-05,EWW,18.649999618530273,18.899999618530273,18.549999237060547,18.709999084472656,484800
2004-02-06,EWW,18.75,19.31999969482422,18.75,19.100000381469727,270700
2004-02-09,EWW,18.850000381469727,19.3799991607666,18.850000381469727,19.299999237060547,76700
2004-02-10,EWW,19.3700008392334,19.399999618530273,19.1200008392334,19.239999771118164,166400
2004-02-11,EWW,19.350000381469727,19.3700008392334,19.1200008392334,19.3700008392334,365400
2004-02-12,EWW,19.360000610351562,19.75,19.360000610351562,19.700000762939453,955200
2004-02-13,EWW,19.850000381469727,19.940000534057617,19.600000381469727,19.889999389648438,264400
2004-02-17,EWW,20.100000381469727,20.469999313354492,20.049999237060547,20.110000610351562,704000
2004-02-18,EWW,20.110000610351562,20.299999237060547,20.100000381469727,20.139999389648438,265800
2004-02-19,EWW,20.270000457763672,20.290000915527344,19.899999618530273,19.899999618530273,1122200
2004-02-20,EWW,19.809999465942383,19.889999389648438,19.3799991607666,19.559999465942383,690200
2004-02-23,EWW,19.59000015258789,19.59000015258789,19.100000381469727,19.239999771118164,451400
2004-02-24,EWW,19.139999389648438,19.389999389648438,18.809999465942383,19.350000381469727,116400
2004-02-25,EWW,19.350000381469727,19.469999313354492,19.260000228881836,19.450000762939453,79800
2004-02-26,EWW,19.450000762939453,19.610000610351562,19.450000762939453,19.600000381469727,82200
2004-02-27,EWW,19.700000762939453,19.780000686645508,19.479999542236328,19.690000534057617,1254700
2004-03-01,EWW,19.93000030517578,20.3700008392334,19.790000915527344,20.299999237060547,487000
2004-03-02,EWW,20.31999969482422,20.3799991607666,20.030000686645508,20.079999923706055,176400
2004-03-03,EWW,20.149999618530273,20.149999618530273,19.700000762939453,19.850000381469727,158900
2004-03-04,EWW,20.0,20.399999618530273,20.0,20.3799991607666,83300
2004-03-05,EWW,20.450000762939453,20.600000381469727,20.31999969482422,20.540000915527344,75800
2004-03-08,EWW,20.600000381469727,20.639999389648438,20.18000030517578,20.200000762939453,110600
2004-03-09,EWW,20.149999618530273,20.149999618530273,19.799999237060547,19.950000762939453,41900
2004-03-10,EWW,19.979999542236328,20.1200008392334,19.600000381469727,19.670000076293945,62500
2004-03-11,EWW,19.399999618530273,19.739999771118164,19.100000381469727,19.110000610351562,570400
2004-03-12,EWW,19.200000762939453,19.670000076293945,19.200000762939453,19.670000076293945,63500
2004-03-15,EWW,19.350000381469727,19.520000457763672,19.100000381469727,19.139999389648438,226100
2004-03-16,EWW,19.200000762939453,19.389999389648438,19.200000762939453,19.350000381469727,31000
2004-03-17,EWW,19.549999237060547,19.850000381469727,19.469999313354492,19.610000610351562,35300
2004-03-18,EWW,19.75,19.75,19.34000015258789,19.670000076293945,555000
2004-03-19,EWW,19.81999969482422,20.030000686645508,19.670000076293945,19.959999084472656,169100
2004-03-22,EWW,19.850000381469727,19.850000381469727,19.469999313354492,19.5,1113500
2004-03-23,EWW,19.549999237060547,19.8799991607666,19.549999237060547,19.739999771118164,46600
2004-03-24,EWW,19.770000457763672,20.0,19.75,19.8700008392334,117500
2004-03-25,EWW,20.100000381469727,20.40999984741211,20.010000228881836,20.399999618530273,245400
2004-03-26,EWW,20.399999618530273,20.690000534057617,20.34000015258789,20.3700008392334,130400
2004-03-29,EWW,20.540000915527344,20.770000457763672,20.3700008392334,20.399999618530273,125700
2004-03-30,EWW,20.299999237060547,20.530000686645508,20.299999237060547,20.450000762939453,61400
2004-03-31,EWW,20.649999618530273,20.899999618530273,20.450000762939453,20.760000228881836,609900
2004-04-01,EWW,20.799999237060547,20.959999084472656,20.670000076293945,20.84000015258789,205100
2004-04-02,EWW,21.299999237060547,21.350000381469727,20.90999984741211,20.979999542236328,256600
2004-04-05,EWW,21.149999618530273,21.170000076293945,20.950000762939453,21.059999465942383,171100
2004-04-06,EWW,21.149999618530273,21.149999618530273,20.899999618530273,20.989999771118164,129500
2004-04-07,EWW,20.969999313354492,21.299999237060547,20.649999618530273,21.190000534057617,155600
2004-04-08,EWW,21.25,21.280000686645508,20.950000762939453,21.079999923706055,272200
2004-04-12,EWW,21.25,21.34000015258789,21.049999237060547,21.219999313354492,162100
2004-04-13,EWW,21.299999237060547,21.399999618530273,20.709999084472656,20.739999771118164,257300
2004-04-14,EWW,20.489999771118164,20.809999465942383,20.420000076293945,20.43000030517578,265500
2004-04-15,EWW,20.440000534057617,20.649999618530273,20.25,20.420000076293945,379700
2004-04-16,EWW,20.420000076293945,20.690000534057617,20.420000076293945,20.600000381469727,71400
2004-04-19,EWW,20.59000015258789,20.610000610351562,20.299999237060547,20.530000686645508,80500
2004-04-20,EWW,20.5,20.649999618530273,20.350000381469727,20.350000381469727,39900
2004-04-21,EWW,20.25,20.389999389648438,20.010000228881836,20.049999237060547,138300
2004-04-22,EWW,20.049999237060547,20.31999969482422,20.049999237060547,20.31999969482422,129800
2004-04-23,EWW,20.5,20.639999389648438,20.350000381469727,20.540000915527344,169200
2004-04-26,EWW,20.690000534057617,20.690000534057617,20.329999923706055,20.489999771118164,134100
2004-04-27,EWW,20.5,20.5,20.25,20.3799991607666,515100
2004-04-28,EWW,20.350000381469727,20.350000381469727,19.360000610351562,19.3799991607666,151000
2004-04-29,EWW,19.399999618530273,19.540000915527344,18.75,18.950000762939453,433900
2004-04-30,EWW,18.950000762939453,19.149999618530273,18.709999084472656,18.809999465942383,522000
2004-05-03,EWW,18.799999237060547,19.469999313354492,18.799999237060547,19.239999771118164,505200
2004-05-04,EWW,19.200000762939453,19.65999984741211,19.200000762939453,19.579999923706055,74200
2004-05-05,EWW,19.6299991607666,19.739999771118164,19.170000076293945,19.309999465942383,164000
2004-05-06,EWW,18.950000762939453,19.09000015258789,18.299999237060547,18.510000228881836,338400
2004-05-07,EWW,18.31999969482422,18.56999969482422,18.25,18.25,542000
2004-05-10,EWW,17.899999618530273,17.950000762939453,17.18000030517578,17.3700008392334,467400
2004-05-11,EWW,17.8799991607666,18.420000076293945,17.8799991607666,18.350000381469727,686900
2004-05-12,EWW,18.299999237060547,18.299999237060547,17.799999237060547,18.239999771118164,248800
2004-05-13,EWW,17.950000762939453,18.299999237060547,17.90999984741211,18.200000762939453,323400
2004-05-14,EWW,18.25,18.610000610351562,18.25,18.530000686645508,316100
2004-05-17,EWW,18.010000228881836,18.149999618530273,17.850000381469727,17.989999771118164,393300
2004-05-18,EWW,18.149999618530273,18.450000762939453,18.020000457763672,18.270000457763672,188600
2004-05-19,EWW,18.639999389648438,18.899999618530273,18.600000381469727,18.700000762939453,469600
2004-05-20,EWW,18.68000030517578,18.68000030517578,18.350000381469727,18.459999084472656,58900
2004-05-21,EWW,18.510000228881836,18.780000686645508,18.5,18.59000015258789,71500
2004-05-24,EWW,18.729999542236328,18.899999618530273,18.690000534057617,18.770000457763672,224500
2004-05-25,EWW,18.700000762939453,19.079999923706055,18.700000762939453,18.969999313354492,191400
2004-05-26,EWW,19.040000915527344,19.31999969482422,19.040000915527344,19.049999237060547,72700
2004-05-27,EWW,19.100000381469727,19.360000610351562,19.100000381469727,19.299999237060547,112000
2004-05-28,EWW,19.350000381469727,19.540000915527344,19.190000534057617,19.350000381469727,152200
2004-06-01,EWW,19.299999237060547,19.350000381469727,19.049999237060547,19.049999237060547,114000
2004-06-02,EWW,19.100000381469727,19.290000915527344,19.049999237060547,19.190000534057617,232500
2004-06-03,EWW,18.850000381469727,19.219999313354492,18.850000381469727,19.049999237060547,217000
2004-06-04,EWW,19.06999969482422,19.489999771118164,19.06999969482422,19.309999465942383,92500
2004-06-07,EWW,19.75,20.100000381469727,19.56999969482422,19.969999313354492,312600
2004-06-08,EWW,20.100000381469727,20.219999313354492,19.93000030517578,20.09000015258789,215700
2004-06-09,EWW,19.989999771118164,19.989999771118164,19.579999923706055,19.579999923706055,49100
2004-06-10,EWW,19.790000915527344,19.84000015258789,19.559999465942383,19.600000381469727,29100
2004-06-14,EWW,19.280000686645508,19.40999984741211,19.149999618530273,19.149999618530273,60000
2004-06-15,EWW,19.25,19.809999465942383,19.25,19.450000762939453,136700
2004-06-16,EWW,19.56999969482422,19.56999969482422,19.389999389648438,19.450000762939453,17100
2004-06-17,EWW,19.549999237060547,19.610000610351562,19.309999465942383,19.600000381469727,26500
2004-06-18,EWW,19.700000762939453,19.75,19.600000381469727,19.719999313354492,63500
2004-06-21,EWW,19.899999618530273,19.989999771118164,19.59000015258789,19.75,35300
2004-06-22,EWW,19.81999969482422,19.81999969482422,19.559999465942383,19.56999969482422,18200
2004-06-23,EWW,19.520000457763672,19.649999618530273,19.350000381469727,19.5,46600
2004-06-24,EWW,19.600000381469727,19.780000686645508,19.5,19.600000381469727,139600
2004-06-25,EWW,19.600000381469727,19.709999084472656,19.459999084472656,19.549999237060547,206200
2004-06-28,EWW,19.600000381469727,19.600000381469727,19.209999084472656,19.209999084472656,43600
2004-06-29,EWW,19.110000610351562,19.299999237060547,19.100000381469727,19.219999313354492,53900
2004-06-30,EWW,19.299999237060547,19.489999771118164,19.25,19.489999771118164,27500
2004-07-01,EWW,19.579999923706055,19.639999389648438,19.389999389648438,19.5,159900
2004-07-02,EWW,19.450000762939453,19.610000610351562,19.350000381469727,19.3700008392334,16500
2004-07-06,EWW,19.350000381469727,19.510000228881836,19.139999389648438,19.15999984741211,115500
2004-07-07,EWW,19.110000610351562,19.329999923706055,18.90999984741211,18.90999984741211,98100
2004-07-08,EWW,18.760000228881836,19.059999465942383,18.610000610351562,18.8700008392334,547100
2004-07-09,EWW,18.780000686645508,19.049999237060547,18.709999084472656,18.979999542236328,521900
2004-07-12,EWW,18.899999618530273,19.149999618530273,18.799999237060547,19.1200008392334,140000
2004-07-13,EWW,18.889999389648438,19.079999923706055,18.75,18.84000015258789,81900
2004-07-14,EWW,18.809999465942383,18.84000015258789,18.530000686645508,18.540000915527344,34000
2004-07-15,EWW,18.540000915527344,18.59000015258789,18.280000686645508,18.360000610351562,66400
2004-07-16,EWW,18.540000915527344,18.8700008392334,18.530000686645508,18.799999237060547,41200
2004-07-19,EWW,18.809999465942383,19.030000686645508,18.670000076293945,18.719999313354492,126300
2004-07-20,EWW,18.649999618530273,19.020000457763672,18.649999618530273,18.950000762939453,53900
2004-07-21,EWW,19.100000381469727,19.1299991607666,18.739999771118164,18.75,26700
2004-07-22,EWW,18.649999618530273,18.829999923706055,18.510000228881836,18.829999923706055,29100
2004-07-23,EWW,18.790000915527344,18.790000915527344,18.559999465942383,18.59000015258789,14800
2004-07-26,EWW,18.540000915527344,18.670000076293945,18.399999618530273,18.450000762939453,111700
2004-07-27,EWW,18.610000610351562,18.93000030517578,18.600000381469727,18.8799991607666,44200
2004-07-28,EWW,19.040000915527344,19.040000915527344,18.59000015258789,18.860000610351562,72300
2004-07-29,EWW,19.1200008392334,19.170000076293945,18.950000762939453,19.06999969482422,30500
2004-07-30,EWW,19.09000015258789,19.09000015258789,19.010000228881836,19.040000915527344,10500
2004-08-02,EWW,18.809999465942383,19.190000534057617,18.809999465942383,19.100000381469727,458900
2004-08-03,EWW,19.200000762939453,19.280000686645508,19.100000381469727,19.149999618530273,112400
2004-08-04,EWW,19.149999618530273,19.149999618530273,18.729999542236328,18.790000915527344,868200
2004-08-05,EWW,18.790000915527344,18.969999313354492,18.790000915527344,18.959999084472656,369300
2004-08-06,EWW,18.799999237060547,18.799999237060547,18.5,18.510000228881836,1490900
2004-08-09,EWW,18.540000915527344,18.610000610351562,18.420000076293945,18.420000076293945,20600
2004-08-10,EWW,18.5,18.649999618530273,18.5,18.600000381469727,12600
2004-08-11,EWW,18.459999084472656,18.469999313354492,18.399999618530273,18.420000076293945,14800
2004-08-12,EWW,18.43000030517578,18.450000762939453,18.350000381469727,18.389999389648438,76400
2004-08-13,EWW,18.399999618530273,18.549999237060547,18.399999618530273,18.549999237060547,263100
2004-08-16,EWW,18.40999984741211,18.850000381469727,18.40999984741211,18.770000457763672,1237200
2004-08-17,EWW,18.860000610351562,19.1200008392334,18.860000610351562,19.010000228881836,360600
2004-08-18,EWW,19.010000228881836,19.1200008392334,18.979999542236328,19.1200008392334,71400
2004-08-19,EWW,19.059999465942383,19.219999313354492,19.059999465942383,19.170000076293945,59300
2004-08-20,EWW,19.170000076293945,19.299999237060547,19.1200008392334,19.270000457763672,122800
2004-08-23,EWW,19.219999313354492,19.31999969482422,19.170000076293945,19.190000534057617,163900
2004-08-24,EWW,19.229999542236328,19.329999923706055,19.18000030517578,19.31999969482422,54500
2004-08-25,EWW,19.200000762939453,19.360000610351562,19.200000762939453,19.360000610351562,42700
2004-08-26,EWW,19.360000610351562,19.3700008392334,19.25,19.350000381469727,17300
2004-08-27,EWW,19.31999969482422,19.3700008392334,19.260000228881836,19.329999923706055,23800
2004-08-30,EWW,19.280000686645508,19.280000686645508,19.149999618530273,19.200000762939453,180500
2004-08-31,EWW,19.280000686645508,19.420000076293945,19.239999771118164,19.420000076293945,2343600
2004-09-01,EWW,19.43000030517578,19.520000457763672,19.389999389648438,19.5,72100
2004-09-02,EWW,19.450000762939453,19.479999542236328,19.350000381469727,19.450000762939453,31900
2004-09-03,EWW,19.43000030517578,19.440000534057617,19.309999465942383,19.31999969482422,139300
2004-09-07,EWW,19.280000686645508,19.559999465942383,19.280000686645508,19.479999542236328,144300
2004-09-08,EWW,19.420000076293945,19.639999389648438,19.420000076293945,19.549999237060547,187300
2004-09-09,EWW,19.56999969482422,19.709999084472656,19.459999084472656,19.65999984741211,84300
2004-09-10,EWW,19.5,19.8700008392334,19.5,19.709999084472656,45000
2004-09-13,EWW,19.760000228881836,20.020000457763672,19.760000228881836,19.760000228881836,123500
2004-09-14,EWW,19.809999465942383,19.979999542236328,19.809999465942383,19.950000762939453,82800
2004-09-15,EWW,19.979999542236328,20.020000457763672,19.8700008392334,19.8700008392334,79000
2004-09-16,EWW,19.989999771118164,20.09000015258789,19.950000762939453,20.09000015258789,116200
2004-09-17,EWW,20.040000915527344,20.399999618530273,20.040000915527344,20.389999389648438,363400
2004-09-20,EWW,20.3799991607666,20.440000534057617,20.290000915527344,20.40999984741211,162300
2004-09-21,EWW,20.43000030517578,20.56999969482422,20.389999389648438,20.56999969482422,52000
2004-09-22,EWW,20.5,20.5,20.260000228881836,20.34000015258789,318400
2004-09-23,EWW,20.3799991607666,20.3799991607666,20.200000762939453,20.200000762939453,475500
2004-09-24,EWW,20.329999923706055,20.420000076293945,20.25,20.420000076293945,299000
2004-09-27,EWW,20.06999969482422,20.25,20.049999237060547,20.1299991607666,394100
2004-09-28,EWW,20.040000915527344,20.399999618530273,20.040000915527344,20.399999618530273,137000
2004-09-29,EWW,20.25,20.649999618530273,20.25,20.530000686645508,222100
2004-09-30,EWW,20.670000076293945,20.670000076293945,20.450000762939453,20.450000762939453,1133100
2004-10-01,EWW,20.579999923706055,20.8799991607666,20.579999923706055,20.8700008392334,91400
2004-10-04,EWW,20.93000030517578,21.149999618530273,20.899999618530273,21.1299991607666,88700
2004-10-05,EWW,21.200000762939453,21.200000762939453,21.020000457763672,21.049999237060547,70700
2004-10-06,EWW,21.020000457763672,21.1299991607666,20.799999237060547,21.040000915527344,40000
2004-10-07,EWW,21.040000915527344,21.1200008392334,21.0,21.09000015258789,247100
2004-10-08,EWW,21.1299991607666,21.1299991607666,20.729999542236328,20.760000228881836,206300
2004-10-11,EWW,20.799999237060547,20.899999618530273,20.739999771118164,20.780000686645508,141200
2004-10-12,EWW,20.799999237060547,20.920000076293945,20.600000381469727,20.90999984741211,33600
2004-10-13,EWW,20.899999618530273,20.920000076293945,20.579999923706055,20.649999618530273,124600
2004-10-14,EWW,20.56999969482422,20.68000030517578,20.31999969482422,20.31999969482422,400900
2004-10-15,EWW,20.25,20.5,20.209999084472656,20.5,36900
2004-10-18,EWW,20.299999237060547,20.530000686645508,20.299999237060547,20.530000686645508,586200
2004-10-19,EWW,20.6200008392334,20.809999465942383,20.520000457763672,20.520000457763672,162900
2004-10-20,EWW,20.540000915527344,20.649999618530273,20.459999084472656,20.579999923706055,247100
2004-10-21,EWW,20.520000457763672,20.850000381469727,20.520000457763672,20.799999237060547,861600
2004-10-22,EWW,20.8700008392334,20.940000534057617,20.65999984741211,20.729999542236328,113300
2004-10-25,EWW,20.739999771118164,20.780000686645508,20.559999465942383,20.600000381469727,316900
2004-10-26,EWW,20.649999618530273,21.09000015258789,20.6200008392334,21.030000686645508,220400
2004-10-27,EWW,21.0,21.450000762939453,20.920000076293945,21.329999923706055,428100
2004-10-28,EWW,21.329999923706055,21.350000381469727,21.209999084472656,21.209999084472656,121500
2004-10-29,EWW,21.309999465942383,21.549999237060547,21.260000228881836,21.459999084472656,45200
2004-11-01,EWW,21.549999237060547,21.68000030517578,21.469999313354492,21.649999618530273,126400
2004-11-02,EWW,21.760000228881836,22.0,21.670000076293945,21.75,304000
2004-11-03,EWW,22.25,22.299999237060547,21.950000762939453,22.200000762939453,971800
2004-11-04,EWW,22.149999618530273,22.350000381469727,21.959999084472656,22.350000381469727,1323500
2004-11-05,EWW,22.5,22.540000915527344,22.229999542236328,22.350000381469727,225900
2004-11-08,EWW,22.299999237060547,22.350000381469727,22.079999923706055,22.110000610351562,49800
2004-11-09,EWW,22.170000076293945,22.219999313354492,21.93000030517578,22.1200008392334,115900
2004-11-10,EWW,22.229999542236328,22.299999237060547,22.100000381469727,22.239999771118164,77700
2004-11-11,EWW,22.350000381469727,22.579999923706055,22.280000686645508,22.549999237060547,428100
2004-11-12,EWW,22.6200008392334,22.799999237060547,22.579999923706055,22.59000015258789,401500
2004-11-15,EWW,22.719999313354492,22.75,22.520000457763672,22.6200008392334,90400
2004-11-16,EWW,22.649999618530273,22.670000076293945,22.479999542236328,22.59000015258789,170700
2004-11-17,EWW,22.75,22.979999542236328,22.639999389648438,22.809999465942383,726900
2004-11-18,EWW,22.799999237060547,22.850000381469727,22.729999542236328,22.770000457763672,82700
2004-11-19,EWW,22.850000381469727,22.850000381469727,22.290000915527344,22.290000915527344,485300
2004-11-22,EWW,22.209999084472656,22.389999389648438,22.200000762939453,22.34000015258789,97600
2004-11-23,EWW,22.459999084472656,22.5,22.350000381469727,22.459999084472656,75600
2004-11-24,EWW,22.479999542236328,22.68000030517578,22.479999542236328,22.670000076293945,73400
2004-11-26,EWW,22.700000762939453,23.059999465942383,22.700000762939453,23.040000915527344,123000
2004-11-29,EWW,23.1299991607666,23.299999237060547,23.010000228881836,23.170000076293945,381600
2004-11-30,EWW,23.399999618530273,23.469999313354492,23.299999237060547,23.31999969482422,308800
2004-12-01,EWW,23.239999771118164,23.739999771118164,23.239999771118164,23.700000762939453,371400
2004-12-02,EWW,23.799999237060547,23.920000076293945,23.420000076293945,23.479999542236328,108500
2004-12-03,EWW,23.520000457763672,23.639999389648438,23.43000030517578,23.639999389648438,378100
2004-12-06,EWW,23.579999923706055,23.59000015258789,23.43000030517578,23.549999237060547,215200
2004-12-07,EWW,23.649999618530273,23.68000030517578,23.25,23.31999969482422,202600
2004-12-08,EWW,23.399999618530273,23.399999618530273,23.030000686645508,23.200000762939453,155100
2004-12-09,EWW,23.149999618530273,23.239999771118164,22.84000015258789,23.239999771118164,731400
2004-12-10,EWW,23.020000457763672,23.309999465942383,23.020000457763672,23.270000457763672,62200
2004-12-13,EWW,23.510000228881836,23.600000381469727,23.3799991607666,23.579999923706055,127700
2004-12-14,EWW,23.600000381469727,24.010000228881836,23.540000915527344,24.0,152100
2004-12-15,EWW,23.979999542236328,24.229999542236328,23.979999542236328,24.200000762939453,305600
2004-12-16,EWW,24.190000534057617,24.190000534057617,23.920000076293945,24.010000228881836,323900
2004-12-17,EWW,24.110000610351562,24.190000534057617,24.010000228881836,24.1200008392334,90200
2004-12-20,EWW,24.309999465942383,24.389999389648438,24.25,24.350000381469727,93700
2004-12-21,EWW,24.299999237060547,24.610000610351562,24.270000457763672,24.610000610351562,204000
2004-12-22,EWW,24.600000381469727,24.940000534057617,24.600000381469727,24.940000534057617,509000
2004-12-23,EWW,24.700000762939453,24.81999969482422,24.649999618530273,24.75,158400
2004-12-27,EWW,24.68000030517578,24.860000610351562,24.68000030517578,24.860000610351562,224700
2004-12-28,EWW,24.899999618530273,24.899999618530273,24.739999771118164,24.8700008392334,179100
2004-12-29,EWW,24.780000686645508,25.0,24.739999771118164,25.0,170600
2004-12-30,EWW,25.079999923706055,25.18000030517578,25.0,25.18000030517578,123200
2004-12-31,EWW,25.200000762939453,25.200000762939453,25.0,25.15999984741211,204300
2005-01-03,EWW,25.030000686645508,25.239999771118164,24.93000030517578,25.0,424300
2005-01-04,EWW,25.020000457763672,25.049999237060547,24.06999969482422,24.15999984741211,686400
2005-01-05,EWW,24.100000381469727,24.229999542236328,23.790000915527344,23.93000030517578,321800
2005-01-06,EWW,23.8700008392334,23.93000030517578,23.299999237060547,23.899999618530273,401500
2005-01-07,EWW,24.059999465942383,24.059999465942383,23.690000534057617,23.809999465942383,347000
2005-01-10,EWW,23.809999465942383,23.969999313354492,23.690000534057617,23.700000762939453,140100
2005-01-11,EWW,23.850000381469727,23.850000381469727,23.3700008392334,23.399999618530273,324800
2005-01-12,EWW,23.540000915527344,23.709999084472656,23.299999237060547,23.690000534057617,243500
2005-01-13,EWW,23.700000762939453,24.0,23.25,23.649999618530273,222800
2005-01-14,EWW,23.950000762939453,24.280000686645508,23.809999465942383,24.260000228881836,346900
2005-01-18,EWW,24.25,24.709999084472656,24.25,24.6299991607666,414600
2005-01-19,EWW,24.889999389648438,25.049999237060547,24.649999618530273,24.65999984741211,713200
2005-01-20,EWW,24.75,24.75,23.979999542236328,23.979999542236328,688900
2005-01-21,EWW,24.1299991607666,24.200000762939453,23.899999618530273,23.90999984741211,239400
2005-01-24,EWW,24.06999969482422,24.219999313354492,23.920000076293945,24.030000686645508,331200
2005-01-25,EWW,24.149999618530273,24.329999923706055,24.079999923706055,24.209999084472656,402200
2005-01-26,EWW,24.350000381469727,24.75,24.350000381469727,24.729999542236328,310300
2005-01-27,EWW,24.6299991607666,24.809999465942383,24.530000686645508,24.719999313354492,207100
2005-01-28,EWW,24.5,24.790000915527344,24.420000076293945,24.739999771118164,324500
2005-01-31,EWW,24.899999618530273,25.25,24.8700008392334,25.09000015258789,475700
2005-02-01,EWW,25.139999389648438,25.600000381469727,25.1299991607666,25.579999923706055,556200
2005-02-02,EWW,25.68000030517578,25.790000915527344,25.6299991607666,25.690000534057617,385600
2005-02-03,EWW,25.649999618530273,25.770000457763672,25.440000534057617,25.729999542236328,234600
2005-02-04,EWW,25.850000381469727,26.25,25.75,25.959999084472656,381300
2005-02-07,EWW,25.829999923706055,26.040000915527344,25.700000762939453,25.989999771118164,326600
2005-02-08,EWW,26.25,26.25,25.770000457763672,25.809999465942383,437800
2005-02-09,EWW,25.84000015258789,26.329999923706055,25.84000015258789,26.31999969482422,205200
2005-02-10,EWW,26.40999984741211,26.520000457763672,26.280000686645508,26.469999313354492,454200
2005-02-11,EWW,26.469999313354492,26.649999618530273,26.350000381469727,26.610000610351562,572900
2005-02-14,EWW,26.479999542236328,26.600000381469727,26.299999237060547,26.360000610351562,207700
2005-02-15,EWW,26.229999542236328,26.440000534057617,26.200000762939453,26.440000534057617,205500
2005-02-16,EWW,26.420000076293945,26.420000076293945,26.200000762939453,26.389999389648438,148800
2005-02-17,EWW,26.3700008392334,26.399999618530273,26.200000762939453,26.25,151800
2005-02-18,EWW,26.40999984741211,26.440000534057617,26.200000762939453,26.200000762939453,199900
2005-02-22,EWW,26.25,26.299999237060547,26.059999465942383,26.059999465942383,246100
2005-02-23,EWW,26.1200008392334,26.25,26.059999465942383,26.149999618530273,146700
2005-02-24,EWW,26.170000076293945,26.520000457763672,26.170000076293945,26.450000762939453,137900
2005-02-25,EWW,26.600000381469727,27.049999237060547,26.559999465942383,27.049999237060547,374900
2005-02-28,EWW,27.100000381469727,27.15999984741211,26.6200008392334,26.860000610351562,550400
2005-03-01,EWW,26.799999237060547,26.979999542236328,26.780000686645508,26.84000015258789,131000
2005-03-02,EWW,28.09000015258789,28.09000015258789,26.579999923706055,26.709999084472656,237200
2005-03-03,EWW,26.770000457763672,26.90999984741211,26.559999465942383,26.639999389648438,245200
2005-03-04,EWW,26.84000015258789,27.049999237060547,26.780000686645508,26.940000534057617,170300
2005-03-07,EWW,27.049999237060547,27.209999084472656,27.010000228881836,27.15999984741211,149600
2005-03-08,EWW,27.200000762939453,27.200000762939453,26.850000381469727,26.90999984741211,578700
2005-03-09,EWW,26.770000457763672,26.8799991607666,26.510000228881836,26.610000610351562,250700
2005-03-10,EWW,26.579999923706055,26.610000610351562,25.950000762939453,25.979999542236328,551500
2005-03-11,EWW,26.020000457763672,26.309999465942383,25.93000030517578,26.239999771118164,219900
2005-03-14,EWW,26.110000610351562,26.110000610351562,25.200000762939453,25.40999984741211,393600
2005-03-15,EWW,25.420000076293945,25.540000915527344,25.010000228881836,25.030000686645508,315000
2005-03-16,EWW,24.979999542236328,25.0,24.549999237060547,24.829999923706055,495600
2005-03-17,EWW,24.760000228881836,25.15999984741211,24.670000076293945,25.06999969482422,779000
2005-03-18,EWW,25.0,25.059999465942383,24.829999923706055,24.969999313354492,164200
2005-03-21,EWW,24.799999237060547,24.899999618530273,24.350000381469727,24.600000381469727,450300
2005-03-22,EWW,24.780000686645508,25.049999237060547,24.600000381469727,24.600000381469727,341700
2005-03-23,EWW,24.549999237060547,24.579999923706055,23.940000534057617,24.059999465942383,742800
2005-03-24,EWW,24.079999923706055,24.3799991607666,24.020000457763672,24.100000381469727,154000
2005-03-28,EWW,24.149999618530273,24.290000915527344,23.989999771118164,24.0,270900
2005-03-29,EWW,24.020000457763672,24.09000015258789,23.600000381469727,23.6299991607666,447900
2005-03-30,EWW,23.780000686645508,23.989999771118164,23.600000381469727,23.93000030517578,185800
2005-03-31,EWW,24.049999237060547,24.25,24.049999237060547,24.1299991607666,316900
2005-04-01,EWW,24.209999084472656,24.440000534057617,24.100000381469727,24.25,338400
2005-04-04,EWW,24.209999084472656,24.299999237060547,23.8799991607666,23.899999618530273,230800
2005-04-05,EWW,23.90999984741211,24.15999984741211,23.3799991607666,23.479999542236328,579500
2005-04-06,EWW,23.5,23.649999618530273,23.170000076293945,23.209999084472656,1221100
2005-04-07,EWW,23.260000228881836,23.959999084472656,23.260000228881836,23.860000610351562,835400
2005-04-08,EWW,23.920000076293945,24.170000076293945,23.8799991607666,24.049999237060547,472800
2005-04-11,EWW,24.149999618530273,24.15999984741211,23.940000534057617,24.0,175800
2005-04-12,EWW,23.959999084472656,24.25,23.670000076293945,24.239999771118164,244200
2005-04-13,EWW,24.260000228881836,24.329999923706055,23.889999389648438,23.940000534057617,306300
2005-04-14,EWW,24.049999237060547,24.049999237060547,23.5,23.510000228881836,221100
2005-04-15,EWW,23.530000686645508,23.530000686645508,22.889999389648438,22.959999084472656,691600
2005-04-18,EWW,22.8799991607666,22.989999771118164,22.579999923706055,22.799999237060547,1085600
2005-04-19,EWW,22.75,23.450000762939453,22.75,23.440000534057617,330700
2005-04-20,EWW,23.549999237060547,23.549999237060547,22.850000381469727,22.850000381469727,165800
2005-04-21,EWW,23.0,23.389999389648438,22.979999542236328,23.360000610351562,362000
2005-04-22,EWW,23.3700008392334,23.440000534057617,23.0,23.1299991607666,873000
2005-04-25,EWW,23.270000457763672,24.0,23.25,24.0,343000
2005-04-26,EWW,24.0,24.5,23.90999984741211,24.280000686645508,1016400
2005-04-27,EWW,24.299999237060547,24.299999237060547,23.809999465942383,24.0,676600
2005-04-28,EWW,23.860000610351562,23.860000610351562,23.190000534057617,23.200000762939453,619100
2005-04-29,EWW,23.5,23.639999389648438,23.299999237060547,23.549999237060547,765900
2005-05-02,EWW,23.579999923706055,23.84000015258789,23.579999923706055,23.760000228881836,98600
2005-05-03,EWW,23.799999237060547,23.920000076293945,23.709999084472656,23.8700008392334,110000
2005-05-04,EWW,23.8700008392334,24.809999465942383,23.8700008392334,24.799999237060547,1153000
2005-05-05,EWW,24.729999542236328,25.049999237060547,24.510000228881836,24.690000534057617,278900
2005-05-06,EWW,24.760000228881836,24.989999771118164,24.75,24.850000381469727,241000
2005-05-09,EWW,24.81999969482422,24.860000610351562,24.6200008392334,24.719999313354492,336800
2005-05-10,EWW,24.469999313354492,24.649999618530273,24.260000228881836,24.260000228881836,146900
2005-05-11,EWW,24.299999237060547,24.40999984741211,24.1200008392334,24.3700008392334,61900
2005-05-12,EWW,24.350000381469727,24.530000686645508,24.149999618530273,24.149999618530273,392200
2005-05-13,EWW,24.200000762939453,24.25,23.829999923706055,23.899999618530273,130000
2005-05-16,EWW,23.829999923706055,24.239999771118164,23.829999923706055,24.200000762939453,182700
2005-05-17,EWW,24.020000457763672,24.450000762939453,24.020000457763672,24.40999984741211,148300
2005-05-18,EWW,23.799999237060547,25.170000076293945,23.799999237060547,25.149999618530273,315300
2005-05-19,EWW,24.5,25.34000015258789,24.5,25.280000686645508,184400
2005-05-20,EWW,25.280000686645508,25.440000534057617,25.059999465942383,25.420000076293945,143500
2005-05-23,EWW,25.3700008392334,25.6299991607666,25.270000457763672,25.610000610351562,121200
2005-05-24,EWW,25.610000610351562,25.639999389648438,25.40999984741211,25.639999389648438,250300
2005-05-25,EWW,25.68000030517578,25.760000228881836,25.510000228881836,25.709999084472656,308200
2005-05-26,EWW,25.600000381469727,25.989999771118164,25.540000915527344,25.93000030517578,358500
2005-05-27,EWW,25.989999771118164,26.18000030517578,25.899999618530273,26.09000015258789,553200
2005-05-31,EWW,26.100000381469727,26.100000381469727,25.799999237060547,25.8700008392334,313100
2005-06-01,EWW,25.530000686645508,26.280000686645508,25.530000686645508,26.25,563900
2005-06-02,EWW,26.270000457763672,26.639999389648438,26.25,26.540000915527344,533400
2005-06-03,EWW,26.6299991607666,26.6299991607666,26.110000610351562,26.110000610351562,923900
2005-06-06,EWW,26.18000030517578,26.299999237060547,25.989999771118164,26.09000015258789,642100
2005-06-07,EWW,26.079999923706055,26.239999771118164,25.90999984741211,25.90999984741211,180600
2005-06-08,EWW,25.899999618530273,26.030000686645508,25.809999465942383,25.829999923706055,939000
2005-06-09,EWW,26.450000762939453,26.450000762939453,25.829999923706055,26.040000915527344,226800
2005-06-10,EWW,26.15999984741211,26.239999771118164,26.049999237060547,26.059999465942383,178200
2005-06-13,EWW,26.139999389648438,26.3799991607666,26.059999465942383,26.3799991607666,778600
2005-06-14,EWW,26.84000015258789,26.84000015258789,26.389999389648438,26.700000762939453,846000
2005-06-15,EWW,27.299999237060547,27.299999237060547,26.709999084472656,27.0,328300
2005-06-16,EWW,27.030000686645508,27.18000030517578,26.90999984741211,27.06999969482422,589500
2005-06-17,EWW,27.190000534057617,27.299999237060547,27.110000610351562,27.299999237060547,418500
2005-06-20,EWW,27.170000076293945,27.489999771118164,27.059999465942383,27.3799991607666,229400
2005-06-21,EWW,27.3799991607666,27.450000762939453,27.170000076293945,27.209999084472656,328500
2005-06-22,EWW,27.34000015258789,27.34000015258789,26.90999984741211,27.030000686645508,350300
2005-06-23,EWW,26.850000381469727,26.950000762939453,26.68000030517578,26.729999542236328,516200
2005-06-24,EWW,26.200000762939453,26.84000015258789,26.200000762939453,26.56999969482422,956400
2005-06-27,EWW,26.559999465942383,26.860000610351562,26.559999465942383,26.81999969482422,531600
2005-06-28,EWW,27.350000381469727,27.350000381469727,26.670000076293945,27.0,533000
2005-06-29,EWW,27.1200008392334,27.239999771118164,26.920000076293945,27.239999771118164,491000
2005-06-30,EWW,27.239999771118164,27.260000228881836,27.010000228881836,27.079999923706055,121900
2005-07-01,EWW,27.59000015258789,27.59000015258789,27.020000457763672,27.200000762939453,137300
2005-07-05,EWW,27.139999389648438,27.479999542236328,27.059999465942383,27.479999542236328,248500
2005-07-06,EWW,27.450000762939453,27.940000534057617,27.450000762939453,27.850000381469727,722200
2005-07-07,EWW,27.520000457763672,27.899999618530273,27.100000381469727,27.8700008392334,549200
2005-07-08,EWW,28.0,28.100000381469727,27.8799991607666,28.049999237060547,197100
2005-07-11,EWW,27.940000534057617,28.309999465942383,27.850000381469727,27.889999389648438,1196100
2005-07-12,EWW,27.940000534057617,28.200000762939453,27.920000076293945,28.1200008392334,504400
2005-07-13,EWW,28.200000762939453,28.440000534057617,28.15999984741211,28.350000381469727,1056200
2005-07-14,EWW,28.459999084472656,28.68000030517578,28.40999984741211,28.520000457763672,315200
2005-07-15,EWW,28.600000381469727,28.600000381469727,28.350000381469727,28.3799991607666,89400
2005-07-18,EWW,28.309999465942383,28.399999618530273,28.270000457763672,28.270000457763672,75700
2005-07-19,EWW,28.459999084472656,28.889999389648438,28.3799991607666,28.8799991607666,190800
2005-07-20,EWW,28.719999313354492,29.229999542236328,28.709999084472656,29.1299991607666,206200
2005-07-21,EWW,29.329999923706055,29.360000610351562,29.0,29.079999923706055,138000
2005-07-22,EWW,29.030000686645508,29.200000762939453,28.979999542236328,29.110000610351562,129700
2005-07-25,EWW,29.1299991607666,29.18000030517578,28.450000762939453,28.450000762939453,357700
2005-07-26,EWW,28.440000534057617,28.8700008392334,28.43000030517578,28.6200008392334,668100
2005-07-27,EWW,28.65999984741211,28.989999771118164,28.579999923706055,28.889999389648438,291900
2005-07-28,EWW,29.040000915527344,29.450000762939453,28.989999771118164,29.270000457763672,320100
2005-07-29,EWW,29.329999923706055,29.670000076293945,29.329999923706055,29.43000030517578,675600
2005-08-01,EWW,29.649999618530273,30.110000610351562,29.639999389648438,30.010000228881836,306000
2005-08-02,EWW,30.06999969482422,30.399999618530273,30.010000228881836,30.18000030517578,198600
2005-08-03,EWW,30.15999984741211,30.15999984741211,29.770000457763672,29.979999542236328,412900
2005-08-04,EWW,29.93000030517578,30.100000381469727,29.700000762939453,29.950000762939453,331400
2005-08-05,EWW,29.969999313354492,29.969999313354492,29.450000762939453,29.559999465942383,298100
2005-08-08,EWW,29.700000762939453,29.899999618530273,29.600000381469727,29.719999313354492,297300
2005-08-09,EWW,29.65999984741211,30.079999923706055,29.65999984741211,30.020000457763672,239500
2005-08-10,EWW,30.149999618530273,30.600000381469727,30.030000686645508,30.239999771118164,700200
2005-08-11,EWW,30.299999237060547,30.5,30.25,30.489999771118164,284800
2005-08-12,EWW,30.350000381469727,30.350000381469727,30.0,30.170000076293945,197400
2005-08-15,EWW,30.100000381469727,30.649999618530273,30.049999237060547,30.649999618530273,90400
2005-08-16,EWW,30.6299991607666,30.6299991607666,29.760000228881836,29.760000228881836,1253300
2005-08-17,EWW,29.649999618530273,29.899999618530273,29.559999465942383,29.75,283500
2005-08-18,EWW,29.719999313354492,29.899999618530273,29.549999237060547,29.719999313354492,312500
2005-08-19,EWW,29.709999084472656,29.959999084472656,29.3799991607666,29.6200008392334,232000
2005-08-22,EWW,29.799999237060547,30.020000457763672,29.739999771118164,29.920000076293945,93400
2005-08-23,EWW,29.829999923706055,29.920000076293945,29.520000457763672,29.610000610351562,226200
2005-08-24,EWW,29.5,29.520000457763672,29.200000762939453,29.209999084472656,323100
2005-08-25,EWW,29.329999923706055,29.540000915527344,29.25,29.479999542236328,150300
2005-08-26,EWW,29.549999237060547,29.549999237060547,29.020000457763672,29.09000015258789,188200
2005-08-29,EWW,28.950000762939453,29.100000381469727,28.860000610351562,28.940000534057617,261100
2005-08-30,EWW,28.920000076293945,28.989999771118164,28.260000228881836,28.389999389648438,605600
2005-08-31,EWW,28.329999923706055,29.25,28.329999923706055,29.239999771118164,873900
2005-09-01,EWW,29.579999923706055,29.93000030517578,29.520000457763672,29.799999237060547,851000
2005-09-02,EWW,29.950000762939453,30.8700008392334,29.950000762939453,30.5,215200
2005-09-06,EWW,30.700000762939453,31.420000076293945,30.670000076293945,31.25,608200
2005-09-07,EWW,31.170000076293945,31.3700008392334,31.030000686645508,31.25,720100
2005-09-08,EWW,31.31999969482422,31.3799991607666,30.850000381469727,30.899999618530273,284800
2005-09-09,EWW,30.8799991607666,31.299999237060547,30.8700008392334,31.200000762939453,224800
2005-09-12,EWW,31.18000030517578,31.229999542236328,31.06999969482422,31.170000076293945,134500
2005-09-13,EWW,31.030000686645508,31.030000686645508,30.489999771118164,30.559999465942383,466500
2005-09-14,EWW,30.639999389648438,30.84000015258789,30.510000228881836,30.809999465942383,310600
2005-09-15,EWW,30.889999389648438,31.149999618530273,30.719999313354492,31.1299991607666,179500
2005-09-16,EWW,31.18000030517578,31.540000915527344,31.170000076293945,31.5,722400
2005-09-19,EWW,31.5,31.579999923706055,29.549999237060547,31.5,585200
2005-09-20,EWW,31.59000015258789,31.93000030517578,31.350000381469727,31.450000762939453,284100
2005-09-21,EWW,31.350000381469727,32.09000015258789,31.350000381469727,31.950000762939453,515700
2005-09-22,EWW,32.060001373291016,32.060001373291016,31.489999771118164,31.68000030517578,355800
2005-09-23,EWW,31.739999771118164,31.780000686645508,31.510000228881836,31.690000534057617,161300
2005-09-26,EWW,31.700000762939453,31.979999542236328,31.600000381469727,31.860000610351562,369400
2005-09-27,EWW,31.860000610351562,31.8799991607666,31.59000015258789,31.75,250000
2005-09-28,EWW,31.90999984741211,32.27000045776367,31.90999984741211,32.02000045776367,268600
2005-09-29,EWW,32.15999984741211,32.34000015258789,31.90999984741211,32.18000030517578,466300
2005-09-30,EWW,32.09000015258789,32.79999923706055,32.04999923706055,32.7599983215332,365600
2005-10-03,EWW,32.83000183105469,33.06999969482422,32.619998931884766,32.939998626708984,320000
2005-10-04,EWW,33.099998474121094,33.20000076293945,32.689998626708984,32.7400016784668,543400
2005-10-05,EWW,32.529998779296875,32.63999938964844,32.119998931884766,32.119998931884766,502100
2005-10-06,EWW,31.850000381469727,32.04999923706055,30.639999389648438,30.739999771118164,1594900
2005-10-07,EWW,30.950000762939453,31.43000030517578,30.600000381469727,31.420000076293945,1081100
2005-10-10,EWW,31.549999237060547,31.610000610351562,31.309999465942383,31.309999465942383,511700
2005-10-11,EWW,31.43000030517578,31.59000015258789,31.290000915527344,31.350000381469727,122000
2005-10-12,EWW,31.270000457763672,31.270000457763672,30.059999465942383,30.18000030517578,1453500
2005-10-13,EWW,30.079999923706055,30.18000030517578,29.6299991607666,29.75,1463500
2005-10-14,EWW,30.040000915527344,30.1200008392334,29.290000915527344,29.829999923706055,996300
2005-10-17,EWW,29.989999771118164,30.700000762939453,29.920000076293945,30.68000030517578,206700
2005-10-18,EWW,30.68000030517578,30.739999771118164,30.18000030517578,30.209999084472656,496300
2005-10-19,EWW,29.899999618530273,30.399999618530273,29.420000076293945,30.399999618530273,1220600
2005-10-20,EWW,30.700000762939453,30.700000762939453,29.6200008392334,29.670000076293945,1047800
2005-10-21,EWW,29.739999771118164,29.989999771118164,29.049999237060547,29.899999618530273,610600
2005-10-24,EWW,30.09000015258789,30.989999771118164,30.030000686645508,30.979999542236328,662500
2005-10-25,EWW,30.899999618530273,31.3700008392334,30.700000762939453,30.860000610351562,406100
2005-10-26,EWW,30.860000610351562,31.420000076293945,30.860000610351562,31.270000457763672,484800
2005-10-27,EWW,31.260000228881836,31.260000228881836,30.559999465942383,30.899999618530273,1000100
2005-10-28,EWW,30.93000030517578,31.459999084472656,30.93000030517578,31.3700008392334,291900
2005-10-31,EWW,31.559999465942383,32.18000030517578,31.549999237060547,32.06999969482422,865600
2005-11-01,EWW,32.150001525878906,32.40999984741211,32.04999923706055,32.31999969482422,674900
2005-11-02,EWW,32.619998931884766,32.68000030517578,32.310001373291016,32.52000045776367,522500
2005-11-03,EWW,32.70000076293945,32.900001525878906,31.940000534057617,32.09000015258789,639600
2005-11-04,EWW,32.13999938964844,32.5,31.989999771118164,32.5,370500
2005-11-07,EWW,32.5,32.70000076293945,32.29999923706055,32.599998474121094,564300
2005-11-08,EWW,31.600000381469727,32.630001068115234,31.600000381469727,32.54999923706055,283400
2005-11-09,EWW,32.9900016784668,32.9900016784668,32.41999816894531,32.5,227600
2005-11-10,EWW,32.33000183105469,32.9900016784668,32.33000183105469,32.959999084472656,1102800
2005-11-11,EWW,32.88999938964844,33.220001220703125,32.88999938964844,33.0099983215332,231900
2005-11-14,EWW,32.9900016784668,33.33000183105469,32.849998474121094,33.27000045776367,714000
2005-11-15,EWW,33.38999938964844,33.5,33.130001068115234,33.209999084472656,242600
2005-11-16,EWW,33.349998474121094,33.43000030517578,33.15999984741211,33.400001525878906,175700
2005-11-17,EWW,33.58000183105469,33.79999923706055,33.56999969482422,33.7599983215332,578800
2005-11-18,EWW,33.88999938964844,33.97999954223633,33.709999084472656,33.86000061035156,373200
2005-11-21,EWW,33.97999954223633,34.52000045776367,33.93000030517578,34.45000076293945,1052200
2005-11-22,EWW,34.36000061035156,34.7599983215332,34.060001373291016,34.7599983215332,544700
2005-11-23,EWW,34.75,35.060001373291016,34.43000030517578,34.529998779296875,1156700
2005-11-25,EWW,34.619998931884766,34.970001220703125,34.619998931884766,34.84000015258789,180800
2005-11-28,EWW,34.88999938964844,35.029998779296875,34.65999984741211,34.72999954223633,2470500
2005-11-29,EWW,34.83000183105469,34.95000076293945,34.279998779296875,34.310001373291016,845300
2005-11-30,EWW,34.310001373291016,34.7400016784668,34.2400016784668,34.599998474121094,287400
2005-12-01,EWW,35.540000915527344,35.540000915527344,34.77000045776367,35.45000076293945,1117100
2005-12-02,EWW,35.83000183105469,36.130001068115234,35.5099983215332,35.83000183105469,1878400
2005-12-05,EWW,35.68000030517578,36.04999923706055,35.650001525878906,36.04999923706055,571300
2005-12-06,EWW,36.540000915527344,36.650001525878906,36.31999969482422,36.56999969482422,998300
2005-12-07,EWW,36.599998474121094,36.599998474121094,35.83000183105469,36.040000915527344,596700
2005-12-08,EWW,35.970001220703125,36.0,35.2599983215332,35.619998931884766,1285400
2005-12-09,EWW,35.36000061035156,35.900001525878906,35.36000061035156,35.779998779296875,364200
2005-12-12,EWW,36.04999923706055,36.150001525878906,35.83000183105469,36.040000915527344,1363800
2005-12-13,EWW,35.209999084472656,36.54999923706055,34.779998779296875,36.4900016784668,569800
2005-12-14,EWW,36.2599983215332,36.65999984741211,36.25,36.54999923706055,593000
2005-12-15,EWW,36.45000076293945,36.790000915527344,36.04999923706055,36.33000183105469,458800
2005-12-16,EWW,36.29999923706055,36.31999969482422,35.619998931884766,35.959999084472656,369500
2005-12-19,EWW,36.91999816894531,36.91999816894531,35.31999969482422,35.599998474121094,2284600
2005-12-20,EWW,35.650001525878906,35.970001220703125,35.400001525878906,35.959999084472656,592100
2005-12-21,EWW,36.189998626708984,36.90999984741211,35.93000030517578,36.43000030517578,743800
2005-12-22,EWW,36.439998626708984,36.4900016784668,36.060001373291016,36.36000061035156,524300
2005-12-23,EWW,35.900001525878906,35.939998626708984,35.70000076293945,35.84000015258789,124700
2005-12-27,EWW,35.83000183105469,35.84000015258789,35.54999923706055,35.54999923706055,365400
2005-12-28,EWW,35.720001220703125,35.779998779296875,35.040000915527344,35.099998474121094,932700
2005-12-29,EWW,35.06999969482422,35.97999954223633,35.06999969482422,35.86000061035156,664900
2005-12-30,EWW,35.790000915527344,35.79999923706055,35.529998779296875,35.709999084472656,230600
2006-01-03,EWW,36.29999923706055,37.220001220703125,36.0,37.209999084472656,717300
2006-01-04,EWW,37.619998931884766,37.90999984741211,37.43000030517578,37.90999984741211,1049000
2006-01-05,EWW,37.95000076293945,37.95000076293945,37.33000183105469,37.400001525878906,732000
2006-01-06,EWW,37.599998474121094,37.9900016784668,37.5,37.95000076293945,393800
2006-01-09,EWW,38.06999969482422,38.47999954223633,37.86000061035156,38.47999954223633,636400
2006-01-10,EWW,38.150001525878906,38.15999984741211,37.77000045776367,37.86000061035156,1829200
2006-01-11,EWW,38.29999923706055,38.63999938964844,38.099998474121094,38.54999923706055,730100
2006-01-12,EWW,38.66999816894531,38.79999923706055,38.0,38.29999923706055,347600
2006-01-13,EWW,38.400001525878906,38.43000030517578,37.900001525878906,38.16999816894531,633100
2006-01-17,EWW,38.27000045776367,38.27000045776367,37.16999816894531,37.25,538900
2006-01-18,EWW,36.97999954223633,37.060001373291016,36.33000183105469,36.9900016784668,664100
2006-01-19,EWW,37.70000076293945,37.70000076293945,37.400001525878906,37.61000061035156,601800
2006-01-20,EWW,37.75,38.5,37.09000015258789,37.09000015258789,813100
2006-01-23,EWW,37.09000015258789,37.279998779296875,36.90999984741211,37.279998779296875,476600
2006-01-24,EWW,37.5,38.400001525878906,37.41999816894531,38.349998474121094,521000
2006-01-25,EWW,38.61000061035156,38.70000076293945,38.31999969482422,38.36000061035156,567600
2006-01-26,EWW,38.58000183105469,39.2400016784668,38.5,39.130001068115234,667700
2006-01-27,EWW,39.349998474121094,39.72999954223633,38.779998779296875,38.849998474121094,1245100
2006-01-30,EWW,38.97999954223633,39.099998474121094,38.43000030517578,38.599998474121094,915900
2006-01-31,EWW,38.58000183105469,38.86000061035156,38.380001068115234,38.84000015258789,748900
2006-02-01,EWW,38.84000015258789,39.15999984741211,38.7400016784668,39.11000061035156,481300
2006-02-02,EWW,39.18000030517578,39.18000030517578,38.45000076293945,38.65999984741211,624000
2006-02-03,EWW,38.56999969482422,38.56999969482422,37.709999084472656,38.150001525878906,499400
2006-02-06,EWW,38.47999954223633,38.56999969482422,38.16999816894531,38.31999969482422,329600
2006-02-07,EWW,38.290000915527344,38.290000915527344,37.59000015258789,37.650001525878906,917500
2006-02-08,EWW,38.31999969482422,38.59000015258789,37.38999938964844,37.56999969482422,1259000
2006-02-09,EWW,37.79999923706055,37.939998626708984,37.40999984741211,37.790000915527344,1253300
2006-02-10,EWW,38.0,38.0,36.79999923706055,37.16999816894531,928900
2006-02-13,EWW,37.0,37.0,36.0,36.150001525878906,1188200
2006-02-14,EWW,36.150001525878906,36.79999923706055,35.93000030517578,36.66999816894531,858200
2006-02-15,EWW,36.65999984741211,37.16999816894531,36.5099983215332,37.0,280800
2006-02-16,EWW,37.150001525878906,37.869998931884766,37.099998474121094,37.779998779296875,998200
2006-02-17,EWW,38.099998474121094,38.099998474121094,37.7599983215332,38.040000915527344,591400
2006-02-21,EWW,38.25,38.5,37.77000045776367,37.77000045776367,305000
2006-02-22,EWW,37.900001525878906,38.400001525878906,37.880001068115234,38.400001525878906,296100
2006-02-23,EWW,38.54999923706055,38.88999938964844,38.29999923706055,38.849998474121094,547100
2006-02-24,EWW,39.369998931884766,39.369998931884766,38.65999984741211,38.90999984741211,433500
2006-02-27,EWW,39.0,39.099998474121094,38.56999969482422,38.66999816894531,150900
2006-02-28,EWW,38.720001220703125,38.720001220703125,37.900001525878906,38.290000915527344,1684500
2006-03-01,EWW,38.380001068115234,39.36000061035156,38.380001068115234,39.189998626708984,510200
2006-03-02,EWW,39.04999923706055,39.16999816894531,38.79999923706055,39.029998779296875,459400
2006-03-03,EWW,38.83000183105469,38.959999084472656,38.4900016784668,38.79999923706055,637100
2006-03-06,EWW,39.150001525878906,39.25,38.040000915527344,38.150001525878906,1430400
2006-03-07,EWW,37.560001373291016,37.560001373291016,36.5,37.20000076293945,2167400
2006-03-08,EWW,37.18000030517578,37.18000030517578,36.08000183105469,36.63999938964844,2417200
2006-03-09,EWW,37.20000076293945,37.38999938964844,36.349998474121094,36.630001068115234,574800
2006-03-10,EWW,37.04999923706055,37.04999923706055,36.29999923706055,36.79999923706055,1910300
2006-03-13,EWW,37.099998474121094,37.59000015258789,37.0,37.29999923706055,814800
2006-03-14,EWW,37.41999816894531,38.15999984741211,37.290000915527344,38.15999984741211,860500
2006-03-15,EWW,38.06999969482422,38.79999923706055,38.06999969482422,38.560001373291016,1056900
2006-03-16,EWW,38.709999084472656,39.119998931884766,38.47999954223633,38.810001373291016,664000
2006-03-17,EWW,38.849998474121094,39.15999984741211,38.70000076293945,39.0099983215332,362000
2006-03-20,EWW,38.9900016784668,39.349998474121094,38.9900016784668,39.25,303400
2006-03-21,EWW,39.2599983215332,39.2599983215332,38.060001373291016,38.54999923706055,777800
2006-03-22,EWW,38.61000061035156,38.95000076293945,38.47999954223633,38.91999816894531,523200
2006-03-23,EWW,39.20000076293945,39.20000076293945,38.119998931884766,38.119998931884766,817000
2006-03-24,EWW,38.18000030517578,38.54999923706055,38.0,38.5,651400
2006-03-27,EWW,38.29999923706055,38.33000183105469,38.0,38.09000015258789,573500
2006-03-28,EWW,37.68000030517578,37.97999954223633,37.33000183105469,37.349998474121094,1289700
2006-03-29,EWW,37.529998779296875,37.95000076293945,37.400001525878906,37.849998474121094,745900
2006-03-30,EWW,38.04999923706055,38.45000076293945,37.880001068115234,38.130001068115234,1103600
2006-03-31,EWW,38.20000076293945,38.400001525878906,37.95000076293945,38.34000015258789,320400
2006-04-03,EWW,38.38999938964844,39.2599983215332,38.38999938964844,39.13999938964844,1040400
2006-04-04,EWW,39.31999969482422,39.529998779296875,39.04999923706055,39.150001525878906,2102600
2006-04-05,EWW,39.25,39.45000076293945,38.900001525878906,39.45000076293945,700500
2006-04-06,EWW,39.5,39.58000183105469,38.81999969482422,39.02000045776367,2313700
2006-04-07,EWW,38.79999923706055,38.900001525878906,37.880001068115234,38.04999923706055,2005900
2006-04-10,EWW,38.06999969482422,38.40999984741211,38.04999923706055,38.08000183105469,705400
2006-04-11,EWW,38.22999954223633,38.38999938964844,37.7599983215332,37.84000015258789,1166900
2006-04-12,EWW,38.0,38.220001220703125,37.849998474121094,38.0,930200
2006-04-13,EWW,37.540000915527344,37.88999938964844,37.15999984741211,37.72999954223633,636400
2006-04-17,EWW,37.869998931884766,38.63999938964844,37.86000061035156,38.52000045776367,309300
2006-04-18,EWW,38.79999923706055,39.52000045776367,38.68000030517578,39.459999084472656,946000
2006-04-19,EWW,39.29999923706055,39.459999084472656,39.040000915527344,39.36000061035156,984700
2006-04-20,EWW,39.20000076293945,39.58000183105469,39.16999816894531,39.209999084472656,341900
2006-04-21,EWW,39.58000183105469,39.84000015258789,39.2400016784668,39.54999923706055,1510200
2006-04-24,EWW,39.5,39.5,39.0,39.41999816894531,492900
2006-04-25,EWW,39.5,39.75,39.25,39.36000061035156,1435100
2006-04-26,EWW,39.349998474121094,40.20000076293945,39.349998474121094,40.119998931884766,1880000
2006-04-27,EWW,39.900001525878906,40.290000915527344,39.5,39.720001220703125,724900
2006-04-28,EWW,39.93000030517578,40.63999938964844,39.849998474121094,40.5,1606600
2006-05-01,EWW,40.689998626708984,41.18000030517578,40.599998474121094,40.709999084472656,494600
2006-05-02,EWW,41.0,41.91999816894531,41.0,41.81999969482422,1169600
2006-05-03,EWW,42.279998779296875,42.279998779296875,41.36000061035156,42.04999923706055,839200
2006-05-04,EWW,42.349998474121094,42.5099983215332,42.06999969482422,42.34000015258789,1034900
2006-05-05,EWW,42.52000045776367,43.06999969482422,42.47999954223633,42.650001525878906,1087400
2006-05-08,EWW,42.689998626708984,43.25,42.65999984741211,43.20000076293945,946700
2006-05-09,EWW,43.43000030517578,43.84000015258789,43.150001525878906,43.779998779296875,472800
2006-05-10,EWW,43.849998474121094,44.040000915527344,43.459999084472656,43.65999984741211,934900
2006-05-11,EWW,43.90999984741211,43.90999984741211,42.459999084472656,42.630001068115234,1913900
2006-05-12,EWW,41.849998474121094,42.34000015258789,40.5,41.20000076293945,978200
2006-05-15,EWW,40.150001525878906,41.040000915527344,40.130001068115234,40.400001525878906,2101100
2006-05-16,EWW,40.95000076293945,41.209999084472656,40.58000183105469,40.900001525878906,1110100
2006-05-17,EWW,40.54999923706055,40.7400016784668,38.91999816894531,39.119998931884766,3596600
2006-05-18,EWW,39.310001373291016,39.66999816894531,38.77000045776367,38.93000030517578,1846200
2006-05-19,EWW,39.33000183105469,39.779998779296875,38.060001373291016,38.88999938964844,2940400
2006-05-22,EWW,37.54999923706055,38.22999954223633,36.630001068115234,37.18000030517578,4369700
2006-05-23,EWW,37.5,38.36000061035156,36.599998474121094,36.599998474121094,1737800
2006-05-24,EWW,36.63999938964844,36.84000015258789,35.47999954223633,36.310001373291016,2003800
2006-05-25,EWW,36.79999923706055,37.97999954223633,36.709999084472656,37.86000061035156,1352800
2006-05-26,EWW,38.709999084472656,38.709999084472656,37.79999923706055,38.209999084472656,1938900
2006-05-30,EWW,37.939998626708984,37.939998626708984,36.150001525878906,36.150001525878906,1696300
2006-05-31,EWW,36.33000183105469,36.880001068115234,35.40999984741211,35.970001220703125,1568800
2006-06-01,EWW,35.9900016784668,37.41999816894531,35.79999923706055,37.20000076293945,2652000
2006-06-02,EWW,38.20000076293945,38.25,37.2599983215332,37.79999923706055,2297700
2006-06-05,EWW,37.650001525878906,38.0,36.349998474121094,36.45000076293945,829500
2006-06-06,EWW,36.59000015258789,36.59000015258789,35.29999923706055,35.9900016784668,1796700
2006-06-07,EWW,36.16999816894531,36.220001220703125,35.09000015258789,35.09000015258789,2159100
2006-06-08,EWW,34.560001373291016,34.869998931884766,33.650001525878906,34.79999923706055,2360300
2006-06-09,EWW,35.099998474121094,35.36000061035156,33.79999923706055,33.849998474121094,818300
2006-06-12,EWW,34.060001373291016,34.060001373291016,32.209999084472656,32.380001068115234,1750100
2006-06-13,EWW,32.06999969482422,32.59000015258789,31.149999618530273,31.489999771118164,1700700
2006-06-14,EWW,31.809999465942383,32.29999923706055,31.200000762939453,32.06999969482422,2709000
2006-06-15,EWW,32.68000030517578,34.45000076293945,32.599998474121094,34.22999954223633,2506600
2006-06-16,EWW,34.25,34.56999969482422,33.77000045776367,34.040000915527344,2002900
2006-06-19,EWW,34.34000015258789,34.65999984741211,32.9900016784668,33.0,1209300
2006-06-20,EWW,33.310001373291016,33.959999084472656,33.06999969482422,33.650001525878906,740600
2006-06-21,EWW,33.63999938964844,35.099998474121094,33.63999938964844,35.02000045776367,2142800
2006-06-22,EWW,34.849998474121094,34.900001525878906,34.31999969482422,34.810001373291016,1527300
2006-06-23,EWW,34.720001220703125,35.650001525878906,34.25,35.400001525878906,1626600
2006-06-26,EWW,35.63999938964844,35.63999938964844,35.0,35.040000915527344,730000
2006-06-27,EWW,35.349998474121094,35.439998626708984,34.130001068115234,34.15999984741211,1928300
2006-06-28,EWW,34.7400016784668,34.90999984741211,34.189998626708984,34.7599983215332,1641200
2006-06-29,EWW,34.849998474121094,36.77000045776367,34.849998474121094,36.75,2673700
2006-06-30,EWW,37.04999923706055,37.22999954223633,36.689998626708984,37.150001525878906,2417000
2006-07-03,EWW,37.86000061035156,39.400001525878906,37.86000061035156,39.29999923706055,2352800
2006-07-05,EWW,39.150001525878906,39.150001525878906,37.369998931884766,38.0,2006500
2006-07-06,EWW,38.5,39.75,38.5,39.38999938964844,3459700
2006-07-07,EWW,39.349998474121094,39.41999816894531,38.790000915527344,38.86000061035156,1230900
2006-07-10,EWW,39.130001068115234,39.290000915527344,38.31999969482422,38.540000915527344,1019500
2006-07-11,EWW,38.11000061035156,38.59000015258789,37.720001220703125,38.43000030517578,1084200
2006-07-12,EWW,38.40999984741211,38.5099983215332,37.70000076293945,37.86000061035156,778700
2006-07-13,EWW,37.720001220703125,37.720001220703125,36.400001525878906,36.54999923706055,3654100
2006-07-14,EWW,36.75,36.790000915527344,35.720001220703125,35.86000061035156,1183600
2006-07-17,EWW,35.900001525878906,36.400001525878906,35.849998474121094,36.119998931884766,933000
2006-07-18,EWW,36.38999938964844,37.41999816894531,36.349998474121094,37.380001068115234,1101500
2006-07-19,EWW,37.61000061035156,39.59000015258789,37.61000061035156,39.540000915527344,3295500
2006-07-20,EWW,39.86000061035156,39.86000061035156,38.66999816894531,38.70000076293945,1419300
2006-07-21,EWW,38.7599983215332,38.810001373291016,37.9900016784668,38.16999816894531,1237400
2006-07-24,EWW,38.849998474121094,39.65999984741211,38.7400016784668,39.59000015258789,1419000
2006-07-25,EWW,39.560001373291016,39.97999954223633,39.119998931884766,39.779998779296875,1837700
2006-07-26,EWW,39.560001373291016,39.599998474121094,39.189998626708984,39.22999954223633,1009100
2006-07-27,EWW,39.95000076293945,40.400001525878906,39.77000045776367,39.959999084472656,1595400
2006-07-28,EWW,40.2400016784668,40.7599983215332,39.880001068115234,40.70000076293945,3125800
2006-07-31,EWW,40.29999923706055,40.29999923706055,39.349998474121094,39.83000183105469,1553200
2006-08-01,EWW,39.43000030517578,39.68000030517578,39.04999923706055,39.5,2624100
2006-08-02,EWW,39.880001068115234,40.369998931884766,39.81999969482422,39.95000076293945,1503100
2006-08-03,EWW,39.400001525878906,40.2599983215332,39.400001525878906,40.06999969482422,1060000
2006-08-04,EWW,41.060001373291016,41.220001220703125,40.2599983215332,40.56999969482422,1627000
2006-08-07,EWW,40.599998474121094,40.7599983215332,40.04999923706055,40.65999984741211,558700
2006-08-08,EWW,40.70000076293945,40.849998474121094,40.189998626708984,40.279998779296875,1269200
2006-08-09,EWW,40.939998626708984,41.150001525878906,39.79999923706055,39.88999938964844,1446200
2006-08-10,EWW,39.540000915527344,40.02000045776367,39.43000030517578,39.95000076293945,1440400
2006-08-11,EWW,40.04999923706055,40.33000183105469,39.779998779296875,40.29999923706055,767100
2006-08-14,EWW,40.5,40.66999816894531,40.060001373291016,40.150001525878906,1568500
2006-08-15,EWW,40.540000915527344,41.060001373291016,40.540000915527344,41.02000045776367,939500
2006-08-16,EWW,41.209999084472656,41.7599983215332,41.099998474121094,41.70000076293945,2204600
2006-08-17,EWW,41.68000030517578,42.04999923706055,41.33000183105469,41.790000915527344,1102400
2006-08-18,EWW,41.84000015258789,41.939998626708984,41.16999816894531,41.779998779296875,1297100
2006-08-21,EWW,41.79999923706055,41.79999923706055,41.18000030517578,41.41999816894531,893900
2006-08-22,EWW,41.310001373291016,41.54999923706055,41.18000030517578,41.45000076293945,1291000
2006-08-23,EWW,41.15999984741211,41.61000061035156,40.5099983215332,40.68000030517578,2702900
2006-08-24,EWW,40.77000045776367,40.810001373291016,40.11000061035156,40.560001373291016,1625800
2006-08-25,EWW,40.5,41.02000045776367,40.29999923706055,40.790000915527344,2077200
2006-08-28,EWW,40.83000183105469,41.72999954223633,40.630001068115234,41.72999954223633,918200
2006-08-29,EWW,41.7599983215332,41.970001220703125,41.33000183105469,41.93000030517578,1480800
2006-08-30,EWW,41.83000183105469,42.279998779296875,41.72999954223633,42.119998931884766,826500
2006-08-31,EWW,42.150001525878906,42.189998626708984,41.29999923706055,41.369998931884766,786100
2006-09-01,EWW,41.349998474121094,42.16999816894531,41.349998474121094,42.0099983215332,957400
2006-09-05,EWW,42.209999084472656,42.720001220703125,42.0,42.22999954223633,1485000
2006-09-06,EWW,41.75,41.849998474121094,40.83000183105469,40.849998474121094,1097500
2006-09-07,EWW,40.349998474121094,40.970001220703125,40.0099983215332,40.63999938964844,4416500
2006-09-08,EWW,40.599998474121094,40.79999923706055,40.380001068115234,40.619998931884766,948100
2006-09-11,EWW,40.08000183105469,40.619998931884766,39.70000076293945,40.18000030517578,2686300
2006-09-12,EWW,40.400001525878906,41.54999923706055,40.400001525878906,41.45000076293945,917200
2006-09-13,EWW,41.41999816894531,42.18000030517578,41.22999954223633,42.06999969482422,1697500
2006-09-14,EWW,42.27000045776367,42.27000045776367,41.599998474121094,41.900001525878906,2552600
2006-09-15,EWW,42.2400016784668,42.709999084472656,42.04999923706055,42.290000915527344,2396000
2006-09-18,EWW,42.4900016784668,43.279998779296875,42.380001068115234,43.189998626708984,2459600
2006-09-19,EWW,43.310001373291016,43.349998474121094,42.11000061035156,42.630001068115234,2184900
2006-09-20,EWW,43.18000030517578,43.47999954223633,42.75,43.2599983215332,1524000
2006-09-21,EWW,43.290000915527344,43.310001373291016,41.869998931884766,42.06999969482422,7365300
2006-09-22,EWW,41.7599983215332,41.849998474121094,41.0099983215332,41.689998626708984,4280000
2006-09-25,EWW,41.45000076293945,42.380001068115234,41.0099983215332,42.18000030517578,2939100
2006-09-26,EWW,42.4900016784668,42.88999938964844,42.18000030517578,42.7599983215332,2485800
2006-09-27,EWW,42.5099983215332,43.20000076293945,42.38999938964844,42.630001068115234,1970700
2006-09-28,EWW,42.650001525878906,43.130001068115234,42.5,43.09000015258789,1377600
2006-09-29,EWW,43.0,43.310001373291016,43.0,43.209999084472656,1237400
2006-10-02,EWW,43.47999954223633,43.47999954223633,42.470001220703125,42.59000015258789,8161900
2006-10-03,EWW,42.400001525878906,42.560001373291016,41.900001525878906,42.2599983215332,2222600
2006-10-04,EWW,42.16999816894531,43.599998474121094,42.16999816894531,43.58000183105469,2692400
2006-10-05,EWW,43.65999984741211,44.290000915527344,43.65999984741211,44.279998779296875,5292800
2006-10-06,EWW,44.09000015258789,44.380001068115234,43.689998626708984,43.970001220703125,1243800
2006-10-09,EWW,43.959999084472656,44.189998626708984,43.54999923706055,43.79999923706055,607400
2006-10-10,EWW,43.79999923706055,44.400001525878906,43.79999923706055,44.380001068115234,1472800
2006-10-11,EWW,44.29999923706055,44.68000030517578,44.0099983215332,44.380001068115234,1710200
2006-10-12,EWW,44.70000076293945,45.470001220703125,44.540000915527344,45.459999084472656,2319200
2006-10-13,EWW,45.599998474121094,46.209999084472656,45.400001525878906,46.02000045776367,2775500
2006-10-16,EWW,46.22999954223633,46.58000183105469,46.0,46.20000076293945,2251000
2006-10-17,EWW,46.06999969482422,46.06999969482422,45.220001220703125,45.68000030517578,2682100
2006-10-18,EWW,46.189998626708984,46.56999969482422,45.7400016784668,46.150001525878906,4142200
2006-10-19,EWW,46.13999938964844,46.599998474121094,45.88999938964844,46.58000183105469,1563300
2006-10-20,EWW,46.47999954223633,46.79999923706055,45.97999954223633,46.59000015258789,1795300
2006-10-23,EWW,46.47999954223633,46.869998931884766,46.290000915527344,46.7599983215332,2727600
2006-10-24,EWW,46.95000076293945,46.95000076293945,46.130001068115234,46.91999816894531,977900
2006-10-25,EWW,46.9900016784668,47.310001373291016,46.83000183105469,47.29999923706055,2380500
2006-10-26,EWW,47.66999816894531,47.709999084472656,47.08000183105469,47.47999954223633,2064900
2006-10-27,EWW,47.400001525878906,47.400001525878906,45.810001373291016,46.08000183105469,3591800
2006-10-30,EWW,45.77000045776367,45.77000045776367,44.70000076293945,44.900001525878906,6183300
2006-10-31,EWW,45.38999938964844,46.52000045776367,44.68000030517578,46.470001220703125,4119600
2006-11-01,EWW,46.459999084472656,47.119998931884766,46.060001373291016,46.290000915527344,2925500
2006-11-02,EWW,46.04999923706055,46.060001373291016,45.45000076293945,45.7400016784668,2525900
2006-11-03,EWW,46.09000015258789,46.220001220703125,45.58000183105469,46.04999923706055,2055000
2006-11-06,EWW,46.18000030517578,47.459999084472656,46.06999969482422,47.290000915527344,2345100
2006-11-07,EWW,47.5099983215332,48.09000015258789,46.560001373291016,46.95000076293945,6115900
2006-11-08,EWW,47.400001525878906,47.400001525878906,46.5,47.349998474121094,2186200
2006-11-09,EWW,47.7599983215332,47.7599983215332,46.72999954223633,47.130001068115234,2063900
2006-11-10,EWW,47.189998626708984,47.22999954223633,46.650001525878906,47.09000015258789,1430600
2006-11-13,EWW,47.029998779296875,47.689998626708984,46.86000061035156,47.630001068115234,1367000
2006-11-14,EWW,48.119998931884766,48.45000076293945,47.630001068115234,48.0,2627100
2006-11-15,EWW,47.97999954223633,48.22999954223633,47.61000061035156,48.189998626708984,1319500
2006-11-16,EWW,48.70000076293945,48.70000076293945,47.70000076293945,47.70000076293945,1122600
2006-11-17,EWW,47.34000015258789,47.650001525878906,47.119998931884766,47.599998474121094,1389200
2006-11-20,EWW,47.41999816894531,48.310001373291016,47.29999923706055,47.900001525878906,1625200
2006-11-21,EWW,47.529998779296875,48.779998779296875,47.529998779296875,48.25,1647700
2006-11-22,EWW,48.25,48.599998474121094,48.099998474121094,48.400001525878906,1117900
2006-11-24,EWW,47.81999969482422,48.41999816894531,47.70000076293945,48.2599983215332,590200
2006-11-27,EWW,48.27000045776367,48.290000915527344,46.70000076293945,47.0,2586600
2006-11-28,EWW,46.779998779296875,47.099998474121094,46.349998474121094,47.04999923706055,2785100
2006-11-29,EWW,47.58000183105469,48.25,46.959999084472656,48.25,2508300
2006-11-30,EWW,48.25,48.650001525878906,47.790000915527344,48.25,1123800
2006-12-01,EWW,48.779998779296875,48.83000183105469,47.52000045776367,47.75,2106500
2006-12-04,EWW,48.310001373291016,49.439998626708984,47.470001220703125,49.439998626708984,2013400
2006-12-05,EWW,49.630001068115234,50.41999816894531,49.400001525878906,50.27000045776367,2154800
2006-12-06,EWW,50.209999084472656,50.34000015258789,49.2400016784668,50.150001525878906,1739700
2006-12-07,EWW,50.599998474121094,50.77000045776367,49.939998626708984,50.119998931884766,4359500
2006-12-08,EWW,50.22999954223633,50.599998474121094,49.91999816894531,50.56999969482422,2475400
2006-12-11,EWW,50.810001373291016,50.810001373291016,50.290000915527344,50.5,1297100
2006-12-12,EWW,50.61000061035156,50.689998626708984,49.79999923706055,49.849998474121094,1890500
2006-12-13,EWW,50.66999816894531,50.83000183105469,49.9900016784668,50.09000015258789,1688800
2006-12-14,EWW,50.650001525878906,50.970001220703125,50.33000183105469,50.79999923706055,1569000
2006-12-15,EWW,51.279998779296875,51.369998931884766,50.75,50.880001068115234,2016800
2006-12-18,EWW,50.720001220703125,51.22999954223633,45.0,50.619998931884766,1344800
2006-12-19,EWW,50.790000915527344,50.790000915527344,49.439998626708984,50.18000030517578,2290400
2006-12-20,EWW,49.72999954223633,50.11000061035156,49.290000915527344,49.470001220703125,1280900
2006-12-21,EWW,49.25,49.560001373291016,49.0099983215332,49.5,2207200
2006-12-22,EWW,49.849998474121094,49.849998474121094,48.86000061035156,49.13999938964844,1959900
2006-12-26,EWW,49.31999969482422,49.65999984741211,49.09000015258789,49.599998474121094,659900
2006-12-27,EWW,49.81999969482422,50.45000076293945,49.65999984741211,50.45000076293945,628100
2006-12-28,EWW,50.7400016784668,50.900001525878906,50.400001525878906,50.75,592600
2006-12-29,EWW,50.95000076293945,51.25,50.75,51.25,1062000
2007-01-03,EWW,52.06999969482422,52.119998931884766,50.81999969482422,51.70000076293945,2473800
2007-01-04,EWW,51.5,51.7400016784668,50.849998474121094,51.25,1889200
2007-01-05,EWW,51.47999954223633,51.47999954223633,49.900001525878906,50.04999923706055,2712400
2007-01-08,EWW,50.150001525878906,50.439998626708984,49.81999969482422,50.380001068115234,1529800
2007-01-09,EWW,50.47999954223633,50.63999938964844,48.65999984741211,49.0,4389200
2007-01-10,EWW,48.099998474121094,49.59000015258789,47.849998474121094,49.5,4551300
2007-01-11,EWW,49.59000015258789,50.349998474121094,49.18000030517578,50.099998474121094,2965000
2007-01-12,EWW,50.400001525878906,50.43000030517578,49.70000076293945,50.349998474121094,3151900
2007-01-16,EWW,50.540000915527344,50.70000076293945,50.06999969482422,50.61000061035156,2042700
2007-01-17,EWW,50.61000061035156,51.060001373291016,49.189998626708984,50.70000076293945,1869900
2007-01-18,EWW,51.060001373291016,51.439998626708984,49.849998474121094,50.13999938964844,3644100
2007-01-19,EWW,49.33000183105469,50.689998626708984,49.33000183105469,50.5,3039500
2007-01-22,EWW,50.95000076293945,50.95000076293945,50.04999923706055,50.540000915527344,2367600
2007-01-23,EWW,50.529998779296875,51.5,50.380001068115234,51.45000076293945,3205900
2007-01-24,EWW,51.77000045776367,52.5,51.650001525878906,52.5,3015000
2007-01-25,EWW,52.310001373291016,52.63999938964844,50.689998626708984,50.79999923706055,6139100
2007-01-26,EWW,50.91999816894531,51.400001525878906,50.20000076293945,51.09000015258789,3546900
2007-01-29,EWW,51.06999969482422,51.2400016784668,50.20000076293945,50.5099983215332,5091700
2007-01-30,EWW,50.5099983215332,51.5099983215332,50.349998474121094,51.5099983215332,2525300
2007-01-31,EWW,51.540000915527344,52.4900016784668,51.08000183105469,52.43000030517578,3970800
2007-02-01,EWW,53.08000183105469,53.52000045776367,52.650001525878906,53.380001068115234,3298900
2007-02-02,EWW,53.619998931884766,53.689998626708984,53.0099983215332,53.439998626708984,2551300
2007-02-05,EWW,53.630001068115234,53.939998626708984,53.290000915527344,53.54999923706055,1126400
2007-02-06,EWW,53.5099983215332,54.099998474121094,53.5099983215332,53.9900016784668,1683800
2007-02-07,EWW,54.16999816894531,54.369998931884766,53.529998779296875,54.08000183105469,2587700
2007-02-08,EWW,54.119998931884766,54.560001373291016,53.45000076293945,54.439998626708984,3005000
2007-02-09,EWW,54.439998626708984,54.630001068115234,53.09000015258789,53.599998474121094,3047300
2007-02-12,EWW,53.400001525878906,53.689998626708984,52.310001373291016,53.38999938964844,3111700
2007-02-13,EWW,53.7400016784668,54.400001525878906,53.459999084472656,54.380001068115234,2693200
2007-02-14,EWW,54.65999984741211,55.52000045776367,54.41999816894531,55.29999923706055,3693800
2007-02-15,EWW,55.45000076293945,55.4900016784668,54.70000076293945,55.11000061035156,2346900
2007-02-16,EWW,54.959999084472656,55.349998474121094,54.380001068115234,55.0,1496300
2007-02-20,EWW,55.18000030517578,55.38999938964844,54.650001525878906,55.029998779296875,1796700
2007-02-21,EWW,54.939998626708984,55.25,54.40999984741211,55.2400016784668,2278400
2007-02-22,EWW,55.70000076293945,55.95000076293945,54.650001525878906,55.040000915527344,4058800
2007-02-23,EWW,55.0,55.040000915527344,54.06999969482422,54.79999923706055,4142700
2007-02-26,EWW,54.470001220703125,54.970001220703125,53.310001373291016,53.63999938964844,3873700
2007-02-27,EWW,51.959999084472656,52.29999923706055,47.95000076293945,49.290000915527344,10384400
2007-02-28,EWW,50.0099983215332,51.099998474121094,49.310001373291016,50.47999954223633,5966900
2007-03-01,EWW,48.380001068115234,50.349998474121094,46.70000076293945,50.029998779296875,5009200
2007-03-02,EWW,49.869998931884766,50.459999084472656,49.130001068115234,49.22999954223633,4135900
2007-03-05,EWW,47.810001373291016,49.5,47.310001373291016,48.13999938964844,5118600
2007-03-06,EWW,48.84000015258789,50.0,48.709999084472656,49.900001525878906,6990700
2007-03-07,EWW,49.779998779296875,50.099998474121094,48.939998626708984,49.189998626708984,3707500
2007-03-08,EWW,50.0,51.060001373291016,48.970001220703125,50.72999954223633,2528100
2007-03-09,EWW,50.970001220703125,51.75,50.08000183105469,51.33000183105469,3415700
2007-03-12,EWW,51.79999923706055,51.79999923706055,50.77000045776367,51.54999923706055,3550600
2007-03-13,EWW,51.130001068115234,51.40999984741211,49.56999969482422,49.88999938964844,3801700
2007-03-14,EWW,50.0,50.540000915527344,49.0,50.540000915527344,6944300
2007-03-15,EWW,50.470001220703125,51.099998474121094,50.2400016784668,50.849998474121094,2497200
2007-03-16,EWW,50.41999816894531,51.0099983215332,49.90999984741211,50.29999923706055,2551000
2007-03-19,EWW,50.75,51.369998931884766,50.599998474121094,51.34000015258789,1479300
2007-03-20,EWW,51.34000015258789,51.779998779296875,51.02000045776367,51.779998779296875,1667600
2007-03-21,EWW,52.18000030517578,53.900001525878906,51.77000045776367,53.869998931884766,4649100
2007-03-22,EWW,54.45000076293945,54.45000076293945,53.63999938964844,54.130001068115234,2509900
2007-03-23,EWW,54.0,54.470001220703125,53.810001373291016,54.04999923706055,1201800
2007-03-26,EWW,54.34000015258789,54.34000015258789,53.220001220703125,53.790000915527344,2894400
2007-03-27,EWW,53.34000015258789,53.5,52.75,53.5,2296100
2007-03-28,EWW,52.77000045776367,53.2400016784668,52.439998626708984,53.2400016784668,1414100
2007-03-29,EWW,53.849998474121094,54.54999923706055,53.43000030517578,54.54999923706055,2674600
2007-03-30,EWW,54.84000015258789,54.84000015258789,53.779998779296875,54.029998779296875,2155700
2007-04-02,EWW,54.72999954223633,55.939998626708984,54.36000061035156,55.939998626708984,5190800
2007-04-03,EWW,56.0,56.63999938964844,56.0,56.4900016784668,3731200
2007-04-04,EWW,55.93000030517578,56.29999923706055,55.43000030517578,56.18000030517578,2073300
2007-04-05,EWW,56.22999954223633,56.540000915527344,55.90999984741211,56.38999938964844,1160900
2007-04-09,EWW,56.790000915527344,56.95000076293945,56.40999984741211,56.84000015258789,1540100
2007-04-10,EWW,56.4900016784668,57.349998474121094,56.34000015258789,56.689998626708984,1518000
2007-04-11,EWW,56.97999954223633,56.97999954223633,55.869998931884766,55.90999984741211,2031500
2007-04-12,EWW,56.04999923706055,56.79999923706055,55.31999969482422,56.790000915527344,1976100
2007-04-13,EWW,57.0,57.130001068115234,56.5,56.9900016784668,1667000
2007-04-16,EWW,57.47999954223633,57.650001525878906,56.650001525878906,56.900001525878906,2447600
2007-04-17,EWW,57.22999954223633,57.41999816894531,56.11000061035156,56.869998931884766,2606800
2007-04-18,EWW,56.59000015258789,56.619998931884766,56.189998626708984,56.529998779296875,1967500
2007-04-19,EWW,55.75,56.599998474121094,55.150001525878906,56.599998474121094,2616100
2007-04-20,EWW,57.060001373291016,57.59000015258789,56.790000915527344,57.11000061035156,1814500
2007-04-23,EWW,57.04999923706055,57.310001373291016,56.349998474121094,56.54999923706055,1384400
2007-04-24,EWW,56.459999084472656,56.689998626708984,56.060001373291016,56.349998474121094,2523100
2007-04-25,EWW,57.02000045776367,57.15999984741211,56.189998626708984,56.5,2325100
2007-04-26,EWW,57.369998931884766,57.70000076293945,56.349998474121094,56.400001525878906,3128900
2007-04-27,EWW,56.189998626708984,56.54999923706055,55.11000061035156,56.45000076293945,6308400
2007-04-30,EWW,56.5099983215332,56.68000030517578,55.34000015258789,55.349998474121094,2398400
2007-05-01,EWW,55.40999984741211,55.779998779296875,54.91999816894531,55.349998474121094,2951400
2007-05-02,EWW,55.349998474121094,56.63999938964844,55.25,56.63999938964844,3343500
2007-05-03,EWW,56.63999938964844,57.61000061035156,56.58000183105469,57.52000045776367,2009700
2007-05-04,EWW,57.849998474121094,58.41999816894531,57.849998474121094,58.27000045776367,3251000
2007-05-07,EWW,58.470001220703125,58.959999084472656,58.099998474121094,58.310001373291016,2142300
2007-05-08,EWW,57.959999084472656,59.0,57.22999954223633,57.79999923706055,2885800
2007-05-09,EWW,57.900001525878906,59.27000045776367,57.689998626708984,59.27000045776367,2852900
2007-05-10,EWW,58.63999938964844,58.97999954223633,57.650001525878906,57.779998779296875,4698300
2007-05-11,EWW,58.29999923706055,59.189998626708984,58.29999923706055,59.150001525878906,3164900
2007-05-14,EWW,58.810001373291016,59.25,58.119998931884766,58.209999084472656,2055000
2007-05-15,EWW,58.650001525878906,59.4900016784668,58.04999923706055,58.29999923706055,2893500
2007-05-16,EWW,58.68000030517578,60.4900016784668,58.290000915527344,60.13999938964844,6528000
2007-05-17,EWW,59.9900016784668,60.22999954223633,59.150001525878906,59.959999084472656,3707000
2007-05-18,EWW,60.0,60.90999984741211,60.0,60.59000015258789,3389800
2007-05-21,EWW,60.7599983215332,61.290000915527344,60.349998474121094,60.95000076293945,5228500
2007-05-22,EWW,61.25,61.290000915527344,60.65999984741211,61.20000076293945,2524100
2007-05-23,EWW,61.59000015258789,62.36000061035156,60.900001525878906,61.38999938964844,3269300
2007-05-24,EWW,60.779998779296875,61.40999984741211,59.599998474121094,59.900001525878906,5379000
2007-05-25,EWW,60.45000076293945,61.0,60.099998474121094,60.63999938964844,2969400
2007-05-29,EWW,61.650001525878906,61.91999816894531,60.36000061035156,61.08000183105469,3500700
2007-05-30,EWW,60.290000915527344,62.9900016784668,59.13999938964844,62.95000076293945,4460200
2007-05-31,EWW,63.150001525878906,64.08999633789062,62.63999938964844,62.86000061035156,4914400
2007-06-01,EWW,63.45000076293945,64.16999816894531,63.209999084472656,64.12000274658203,2994100
2007-06-04,EWW,63.2599983215332,64.16000366210938,63.150001525878906,64.1500015258789,2105700
2007-06-05,EWW,64.01000213623047,64.08999633789062,63.02000045776367,63.849998474121094,3174700
2007-06-06,EWW,63.08000183105469,63.369998931884766,62.099998474121094,62.290000915527344,5105400
2007-06-07,EWW,62.0,62.83000183105469,59.599998474121094,60.5099983215332,7519500
2007-06-08,EWW,60.650001525878906,61.970001220703125,60.16999816894531,61.88999938964844,4885800
2007-06-11,EWW,61.869998931884766,62.880001068115234,61.560001373291016,62.689998626708984,2698700
2007-06-12,EWW,62.369998931884766,62.56999969482422,61.36000061035156,61.63999938964844,3274200
2007-06-13,EWW,62.16999816894531,62.619998931884766,61.5,62.47999954223633,3060300
2007-06-14,EWW,62.650001525878906,63.619998931884766,62.56999969482422,63.279998779296875,2685000
2007-06-15,EWW,64.27999877929688,64.63999938964844,63.900001525878906,64.19999694824219,3148200
2007-06-18,EWW,64.51000213623047,64.5999984741211,64.08000183105469,64.3499984741211,3270100
2007-06-19,EWW,63.79999923706055,64.3499984741211,63.41999816894531,64.05000305175781,2626700
2007-06-20,EWW,64.41000366210938,64.44000244140625,62.279998779296875,62.59000015258789,4250800
2007-06-21,EWW,62.29999923706055,63.20000076293945,61.59000015258789,63.060001373291016,3296100
2007-06-22,EWW,62.61000061035156,63.290000915527344,62.27000045776367,62.97999954223633,2970900
2007-06-25,EWW,62.650001525878906,62.84000015258789,61.61000061035156,61.90999984741211,3860800
2007-06-26,EWW,61.93000030517578,62.20000076293945,60.540000915527344,60.7400016784668,3468400
2007-06-27,EWW,59.9900016784668,61.31999969482422,59.27000045776367,61.2400016784668,4673300
2007-06-28,EWW,61.33000183105469,61.900001525878906,61.20000076293945,61.88999938964844,4170100
2007-06-29,EWW,62.0099983215332,62.45000076293945,61.09000015258789,61.86000061035156,2507000
2007-07-02,EWW,61.65999984741211,62.54999923706055,61.65999984741211,62.54999923706055,2892300
2007-07-03,EWW,62.72999954223633,63.18000030517578,62.619998931884766,63.18000030517578,823800
2007-07-05,EWW,64.05000305175781,64.19999694824219,63.2599983215332,64.19999694824219,2519700
2007-07-06,EWW,64.16999816894531,64.81999969482422,63.97999954223633,64.77999877929688,2595000
2007-07-09,EWW,64.80000305175781,65.1500015258789,63.54999923706055,63.90999984741211,4724500
2007-07-10,EWW,63.0,63.439998626708984,62.349998474121094,62.65999984741211,3473800
2007-07-11,EWW,62.540000915527344,63.25,62.02000045776367,63.16999816894531,2345600
2007-07-12,EWW,63.56999969482422,64.2300033569336,63.2599983215332,64.19999694824219,1680300
2007-07-13,EWW,64.27999877929688,64.30000305175781,63.779998779296875,64.0999984741211,1486500
2007-07-16,EWW,64.13999938964844,64.4800033569336,63.349998474121094,63.75,2729000
2007-07-17,EWW,64.30000305175781,64.30000305175781,62.70000076293945,63.130001068115234,3014700
2007-07-18,EWW,62.34000015258789,62.95000076293945,62.0,62.4900016784668,3389200
2007-07-19,EWW,63.040000915527344,63.619998931884766,63.040000915527344,63.29999923706055,2769000
2007-07-20,EWW,63.22999954223633,63.22999954223633,62.150001525878906,62.59000015258789,2742400
2007-07-23,EWW,63.060001373291016,63.150001525878906,62.47999954223633,63.150001525878906,2551700
2007-07-24,EWW,62.72999954223633,62.72999954223633,60.95000076293945,61.29999923706055,4592100
2007-07-25,EWW,61.5,62.09000015258789,59.86000061035156,60.310001373291016,3851300
2007-07-26,EWW,58.31999969482422,59.70000076293945,56.209999084472656,57.66999816894531,7299500
2007-07-27,EWW,57.599998474121094,58.63999938964844,56.709999084472656,57.5,6519400
2007-07-30,EWW,58.20000076293945,60.189998626708984,58.0099983215332,59.54999923706055,5399600
2007-07-31,EWW,60.150001525878906,60.72999954223633,57.95000076293945,58.790000915527344,6484700
2007-08-01,EWW,58.04999923706055,59.029998779296875,56.959999084472656,58.20000076293945,6010400
2007-08-02,EWW,58.61000061035156,59.119998931884766,58.0099983215332,58.7599983215332,3845900
2007-08-03,EWW,58.150001525878906,58.66999816894531,56.08000183105469,56.70000076293945,3400700
2007-08-06,EWW,56.54999923706055,57.290000915527344,55.779998779296875,56.72999954223633,5809800
2007-08-07,EWW,56.72999954223633,58.41999816894531,56.2400016784668,58.16999816894531,4518900
2007-08-08,EWW,59.4900016784668,60.25,58.77000045776367,59.650001525878906,4784500
2007-08-09,EWW,57.52000045776367,58.66999816894531,56.38999938964844,57.130001068115234,5286000
2007-08-10,EWW,56.25,57.0,55.25,56.540000915527344,6118800
2007-08-13,EWW,57.709999084472656,58.15999984741211,56.83000183105469,56.869998931884766,3372500
2007-08-14,EWW,57.209999084472656,57.40999984741211,55.04999923706055,55.810001373291016,6454600
2007-08-15,EWW,55.0,55.83000183105469,52.849998474121094,53.45000076293945,7304700
2007-08-16,EWW,52.5099983215332,58.0,49.41999816894531,53.060001373291016,10874600
2007-08-17,EWW,55.0,57.0,52.84000015258789,54.849998474121094,7070100
2007-08-20,EWW,55.560001373291016,55.7400016784668,53.689998626708984,54.2599983215332,4365800
2007-08-21,EWW,53.75,54.779998779296875,53.5099983215332,54.25,3357700
2007-08-22,EWW,55.47999954223633,56.7400016784668,55.02000045776367,56.63999938964844,4233400
2007-08-23,EWW,57.25,57.349998474121094,56.18000030517578,56.880001068115234,4751200
2007-08-24,EWW,56.66999816894531,58.439998626708984,56.099998474121094,58.209999084472656,5325100
2007-08-27,EWW,57.900001525878906,58.220001220703125,57.56999969482422,58.20000076293945,1494500
2007-08-28,EWW,57.5,57.70000076293945,55.470001220703125,55.56999969482422,2974100
2007-08-29,EWW,56.119998931884766,57.099998474121094,55.70000076293945,56.9900016784668,3201000
2007-08-30,EWW,56.02000045776367,57.5,56.0,56.72999954223633,2410300
2007-08-31,EWW,58.36000061035156,58.70000076293945,57.540000915527344,58.45000076293945,2610600
2007-09-04,EWW,59.470001220703125,59.75,58.5099983215332,59.599998474121094,3794700
2007-09-05,EWW,59.099998474121094,59.150001525878906,57.43000030517578,58.779998779296875,2380900
2007-09-06,EWW,59.380001068115234,59.470001220703125,58.779998779296875,59.099998474121094,1709200
2007-09-07,EWW,57.52000045776367,58.2400016784668,56.959999084472656,57.34000015258789,3189300
2007-09-10,EWW,57.529998779296875,58.0,56.209999084472656,56.65999984741211,3742800
2007-09-11,EWW,56.959999084472656,57.84000015258789,56.959999084472656,57.720001220703125,2449000
2007-09-12,EWW,57.84000015258789,57.84000015258789,57.08000183105469,57.16999816894531,3018600
2007-09-13,EWW,57.27000045776367,58.18000030517578,57.27000045776367,57.5,2268000
2007-09-14,EWW,57.349998474121094,57.77000045776367,56.900001525878906,57.029998779296875,2751400
2007-09-17,EWW,56.349998474121094,57.29999923706055,56.0,56.150001525878906,3748900
2007-09-18,EWW,57.099998474121094,59.0,56.41999816894531,58.61000061035156,4365300
2007-09-19,EWW,59.7599983215332,59.7599983215332,58.25,58.38999938964844,4614100
2007-09-20,EWW,58.060001373291016,58.849998474121094,57.599998474121094,58.08000183105469,2572100
2007-09-21,EWW,58.900001525878906,58.900001525878906,57.88999938964844,57.91999816894531,2513800
2007-09-24,EWW,58.75,58.75,57.849998474121094,58.119998931884766,1849100
2007-09-25,EWW,57.849998474121094,58.09000015258789,56.86000061035156,57.72999954223633,2797800
2007-09-26,EWW,58.04999923706055,59.650001525878906,57.59000015258789,57.95000076293945,2168000
2007-09-27,EWW,58.29999923706055,59.0,57.88999938964844,58.709999084472656,2622500
2007-09-28,EWW,57.97999954223633,58.790000915527344,57.84000015258789,58.790000915527344,2368400
2007-10-01,EWW,58.52000045776367,59.9900016784668,58.0,59.869998931884766,3036700
2007-10-02,EWW,59.599998474121094,61.599998474121094,59.599998474121094,61.369998931884766,6009000
2007-10-03,EWW,60.63999938964844,61.5,60.33000183105469,60.470001220703125,3623500
2007-10-04,EWW,60.61000061035156,60.849998474121094,59.63999938964844,60.459999084472656,2671900
2007-10-05,EWW,60.72999954223633,61.9900016784668,60.72999954223633,61.599998474121094,3439100
2007-10-08,EWW,61.08000183105469,61.939998626708984,61.029998779296875,61.83000183105469,2347900
2007-10-09,EWW,61.970001220703125,62.41999816894531,61.650001525878906,62.099998474121094,2890700
2007-10-10,EWW,61.79999923706055,62.540000915527344,61.619998931884766,62.29999923706055,3627200
2007-10-11,EWW,62.900001525878906,63.84000015258789,61.779998779296875,62.45000076293945,7712800
2007-10-12,EWW,62.04999923706055,63.65999984741211,62.04999923706055,63.65999984741211,2436000
2007-10-15,EWW,63.459999084472656,64.0,62.47999954223633,62.619998931884766,2685600
2007-10-16,EWW,62.150001525878906,62.689998626708984,61.84000015258789,62.619998931884766,2457000
2007-10-17,EWW,63.33000183105469,63.75,62.400001525878906,63.70000076293945,4121000
2007-10-18,EWW,63.08000183105469,63.63999938964844,62.779998779296875,63.61000061035156,3468000
2007-10-19,EWW,63.25,63.34000015258789,60.959999084472656,61.20000076293945,5539900
2007-10-22,EWW,60.150001525878906,61.560001373291016,59.619998931884766,61.130001068115234,3379700
2007-10-23,EWW,61.720001220703125,62.5099983215332,61.599998474121094,62.4900016784668,1878700
2007-10-24,EWW,62.16999816894531,62.16999816894531,60.630001068115234,61.91999816894531,2652900
2007-10-25,EWW,62.08000183105469,62.08000183105469,60.689998626708984,61.349998474121094,4998500
2007-10-26,EWW,62.34000015258789,62.45000076293945,61.560001373291016,62.400001525878906,3069100
2007-10-29,EWW,62.939998626708984,63.459999084472656,62.400001525878906,62.65999984741211,5799400
2007-10-30,EWW,62.31999969482422,62.38999938964844,61.18000030517578,61.54999923706055,3584100
2007-10-31,EWW,62.04999923706055,64.16999816894531,61.20000076293945,61.880001068115234,3862000
2007-11-01,EWW,60.5099983215332,60.849998474121094,59.709999084472656,60.04999923706055,4471700
2007-11-02,EWW,60.38999938964844,60.880001068115234,58.70000076293945,59.58000183105469,2469500
2007-11-05,EWW,58.40999984741211,59.02000045776367,57.709999084472656,58.400001525878906,5069700
2007-11-06,EWW,58.9900016784668,59.349998474121094,58.68000030517578,59.2599983215332,4265300
2007-11-07,EWW,58.25,58.7400016784668,57.040000915527344,57.08000183105469,6851800
2007-11-08,EWW,57.4900016784668,57.869998931884766,55.150001525878906,56.63999938964844,6747000
2007-11-09,EWW,55.529998779296875,56.29999923706055,54.900001525878906,55.650001525878906,4742700
2007-11-12,EWW,55.349998474121094,55.650001525878906,53.220001220703125,53.54999923706055,5184900
2007-11-13,EWW,54.099998474121094,56.84000015258789,54.09000015258789,56.58000183105469,4565600
2007-11-14,EWW,57.560001373291016,58.2400016784668,56.70000076293945,57.0099983215332,4249800
2007-11-15,EWW,56.58000183105469,57.369998931884766,55.65999984741211,56.02000045776367,4603100
2007-11-16,EWW,55.91999816894531,56.939998626708984,55.689998626708984,56.810001373291016,3621800
2007-11-19,EWW,55.72999954223633,56.560001373291016,54.369998931884766,54.599998474121094,4951700
2007-11-20,EWW,56.060001373291016,56.40999984741211,54.81999969482422,55.77000045776367,4085500
2007-11-21,EWW,54.529998779296875,55.0099983215332,53.88999938964844,53.97999954223633,6254900
2007-11-23,EWW,54.70000076293945,55.68000030517578,54.29999923706055,54.650001525878906,1164500
2007-11-26,EWW,54.84000015258789,55.380001068115234,52.93000030517578,52.97999954223633,5067500
2007-11-27,EWW,52.97999954223633,54.18000030517578,52.93000030517578,54.0,4033100
2007-11-28,EWW,54.63999938964844,56.95000076293945,54.400001525878906,56.43000030517578,4304000
2007-11-29,EWW,56.369998931884766,57.439998626708984,55.880001068115234,56.83000183105469,3731800
2007-11-30,EWW,57.349998474121094,58.5,57.16999816894531,58.029998779296875,3290300
2007-12-03,EWW,57.83000183105469,58.2400016784668,56.939998626708984,58.099998474121094,2786100
2007-12-04,EWW,57.619998931884766,58.43000030517578,57.38999938964844,57.86000061035156,3674400
2007-12-05,EWW,58.599998474121094,59.470001220703125,58.599998474121094,59.400001525878906,3831100
2007-12-06,EWW,59.5099983215332,60.70000076293945,59.27000045776367,60.5,3865300
2007-12-07,EWW,61.0,61.0,60.150001525878906,60.7599983215332,2306100
2007-12-10,EWW,60.560001373291016,61.04999923706055,60.27000045776367,60.689998626708984,2061700
2007-12-11,EWW,60.540000915527344,61.189998626708984,58.13999938964844,58.310001373291016,4394200
2007-12-12,EWW,60.22999954223633,61.040000915527344,58.08000183105469,59.119998931884766,2611000
2007-12-13,EWW,58.45000076293945,58.459999084472656,57.27000045776367,58.2400016784668,4228700
2007-12-14,EWW,57.560001373291016,58.34000015258789,57.29999923706055,58.099998474121094,2242800
2007-12-17,EWW,57.209999084472656,57.599998474121094,55.45000076293945,55.83000183105469,2977900
2007-12-18,EWW,56.470001220703125,56.900001525878906,55.43000030517578,56.18000030517578,3508200
2007-12-19,EWW,56.279998779296875,57.13999938964844,55.81999969482422,55.91999816894531,2701600
2007-12-20,EWW,55.619998931884766,55.619998931884766,54.869998931884766,55.43000030517578,2962500
2007-12-21,EWW,55.70000076293945,56.849998474121094,55.68000030517578,56.720001220703125,2491800
2007-12-24,EWW,56.59000015258789,57.720001220703125,56.59000015258789,57.599998474121094,1153200
2007-12-26,EWW,56.91999816894531,57.7599983215332,56.91999816894531,57.54999923706055,960000
2007-12-27,EWW,57.5,57.540000915527344,56.65999984741211,56.900001525878906,1528900
2007-12-28,EWW,57.099998474121094,57.20000076293945,56.36000061035156,56.650001525878906,1388200
2007-12-31,EWW,56.20000076293945,56.720001220703125,55.560001373291016,56.0,2086800
2008-01-02,EWW,56.119998931884766,56.65999984741211,54.529998779296875,54.619998931884766,6332300
2008-01-03,EWW,54.720001220703125,55.810001373291016,54.599998474121094,55.29999923706055,2706900
2008-01-04,EWW,54.380001068115234,54.5,53.349998474121094,53.400001525878906,5754700
2008-01-07,EWW,53.61000061035156,54.0,52.68000030517578,53.59000015258789,5092000
2008-01-08,EWW,53.849998474121094,54.84000015258789,53.36000061035156,53.400001525878906,4923600
2008-01-09,EWW,53.5,54.20000076293945,52.400001525878906,54.060001373291016,6372700
2008-01-10,EWW,53.970001220703125,55.66999816894531,53.33000183105469,55.38999938964844,4816600
2008-01-11,EWW,54.9900016784668,55.709999084472656,54.290000915527344,54.959999084472656,3482600
2008-01-14,EWW,55.47999954223633,55.540000915527344,54.220001220703125,54.720001220703125,2964300
2008-01-15,EWW,53.459999084472656,54.150001525878906,52.65999984741211,52.65999984741211,4208600
2008-01-16,EWW,52.150001525878906,52.70000076293945,48.349998474121094,51.400001525878906,7494900
2008-01-17,EWW,51.70000076293945,52.52000045776367,49.27000045776367,49.720001220703125,6669900
2008-01-18,EWW,50.209999084472656,51.459999084472656,49.27000045776367,50.68000030517578,6863900
2008-01-22,EWW,47.52000045776367,51.400001525878906,47.52000045776367,50.529998779296875,8410200
2008-01-23,EWW,49.099998474121094,52.52000045776367,48.2400016784668,52.459999084472656,9735300
2008-01-24,EWW,52.91999816894531,53.84000015258789,52.189998626708984,53.36000061035156,6467600
2008-01-25,EWW,54.400001525878906,54.59000015258789,51.93000030517578,52.099998474121094,4555100
2008-01-28,EWW,51.97999954223633,52.970001220703125,51.060001373291016,52.83000183105469,3594800
2008-01-29,EWW,53.150001525878906,54.29999923706055,53.09000015258789,54.20000076293945,3876800
2008-01-30,EWW,53.65999984741211,55.5,53.63999938964844,54.41999816894531,4471600
2008-01-31,EWW,52.97999954223633,55.72999954223633,52.900001525878906,55.470001220703125,5219200
2008-02-01,EWW,55.34000015258789,57.20000076293945,55.34000015258789,56.79999923706055,5505400
2008-02-04,EWW,57.599998474121094,57.720001220703125,56.36000061035156,56.63999938964844,4641000
2008-02-05,EWW,55.439998626708984,55.869998931884766,53.779998779296875,53.849998474121094,4777500
2008-02-06,EWW,53.36000061035156,55.119998931884766,53.36000061035156,53.58000183105469,3959700
2008-02-07,EWW,53.290000915527344,54.849998474121094,52.63999938964844,54.34000015258789,5755600
2008-02-08,EWW,53.79999923706055,54.77000045776367,53.79999923706055,54.2400016784668,2790300
2008-02-11,EWW,54.08000183105469,55.7599983215332,53.81999969482422,55.650001525878906,4012100
2008-02-12,EWW,56.5,56.70000076293945,55.560001373291016,55.84000015258789,4131000
2008-02-13,EWW,56.0,56.84000015258789,55.84000015258789,56.79999923706055,5283200
2008-02-14,EWW,56.810001373291016,57.790000915527344,55.83000183105469,56.25,3248500
2008-02-15,EWW,55.380001068115234,55.900001525878906,54.869998931884766,55.400001525878906,3112700
2008-02-19,EWW,56.439998626708984,57.0,55.41999816894531,55.72999954223633,5521000
2008-02-20,EWW,55.11000061035156,56.52000045776367,54.689998626708984,56.52000045776367,3584400
2008-02-21,EWW,56.52000045776367,56.790000915527344,55.97999954223633,56.11000061035156,3210900
2008-02-22,EWW,56.29999923706055,57.029998779296875,55.560001373291016,57.029998779296875,3298100
2008-02-25,EWW,57.06999969482422,58.060001373291016,56.279998779296875,58.060001373291016,4037700
2008-02-26,EWW,57.849998474121094,58.83000183105469,57.2400016784668,58.54999923706055,4111900
2008-02-27,EWW,58.380001068115234,59.45000076293945,58.04999923706055,59.380001068115234,5707400
2008-02-28,EWW,58.880001068115234,59.36000061035156,58.400001525878906,58.459999084472656,3664300
2008-02-29,EWW,57.939998626708984,58.02000045776367,55.47999954223633,55.58000183105469,5333100
2008-03-03,EWW,55.22999954223633,56.86000061035156,55.150001525878906,56.65999984741211,4052400
2008-03-04,EWW,56.15999984741211,56.689998626708984,55.33000183105469,56.150001525878906,5378700
2008-03-05,EWW,56.20000076293945,56.97999954223633,55.84000015258789,56.45000076293945,3390100
2008-03-06,EWW,56.279998779296875,56.279998779296875,54.400001525878906,54.619998931884766,3873400
2008-03-07,EWW,53.59000015258789,55.0,53.52000045776367,54.45000076293945,5746000
2008-03-10,EWW,54.15999984741211,54.619998931884766,53.15999984741211,53.45000076293945,3965900
2008-03-11,EWW,54.900001525878906,56.81999969482422,54.58000183105469,56.81999969482422,4853100
2008-03-12,EWW,56.529998779296875,57.25,55.900001525878906,56.15999984741211,3334200
2008-03-13,EWW,55.0099983215332,57.31999969482422,54.68000030517578,57.31999969482422,5105000
2008-03-14,EWW,57.5,57.5,54.47999954223633,55.650001525878906,6081400
2008-03-17,EWW,53.369998931884766,55.41999816894531,53.36000061035156,54.5,6000000
2008-03-18,EWW,56.470001220703125,57.189998626708984,55.5099983215332,57.099998474121094,5872900
2008-03-19,EWW,57.650001525878906,57.650001525878906,54.95000076293945,54.95000076293945,5522600
2008-03-20,EWW,55.25,55.91999816894531,54.11000061035156,55.560001373291016,5944200
2008-03-24,EWW,56.70000076293945,57.849998474121094,56.0,57.470001220703125,4542700
2008-03-25,EWW,57.63999938964844,58.290000915527344,56.970001220703125,57.9900016784668,3935600
2008-03-26,EWW,58.060001373291016,58.099998474121094,57.36000061035156,57.90999984741211,3359200
2008-03-27,EWW,58.779998779296875,58.779998779296875,57.790000915527344,58.0,2716100
2008-03-28,EWW,58.31999969482422,58.31999969482422,57.5099983215332,57.63999938964844,3115700
2008-03-31,EWW,57.599998474121094,59.709999084472656,57.34000015258789,59.099998474121094,3172500
2008-04-01,EWW,60.40999984741211,62.0,59.79999923706055,61.810001373291016,7158000
2008-04-02,EWW,62.20000076293945,62.369998931884766,61.099998474121094,61.29999923706055,7383000
2008-04-03,EWW,61.09000015258789,61.95000076293945,60.61000061035156,61.72999954223633,3847200
2008-04-04,EWW,61.79999923706055,61.79999923706055,60.810001373291016,60.9900016784668,3370500
2008-04-07,EWW,62.060001373291016,62.060001373291016,60.75,61.59000015258789,3654900
2008-04-08,EWW,61.20000076293945,61.400001525878906,60.45000076293945,61.2599983215332,5633300
2008-04-09,EWW,61.04999923706055,61.400001525878906,59.959999084472656,60.130001068115234,4085600
2008-04-10,EWW,60.20000076293945,61.130001068115234,59.56999969482422,61.04999923706055,4197200
2008-04-11,EWW,60.369998931884766,60.599998474121094,59.849998474121094,60.02000045776367,2404900
2008-04-14,EWW,59.7400016784668,60.290000915527344,59.59000015258789,60.119998931884766,2273500
2008-04-15,EWW,60.400001525878906,60.540000915527344,59.72999954223633,60.290000915527344,1806700
2008-04-16,EWW,60.70000076293945,61.5,60.70000076293945,61.5,4103300
2008-04-17,EWW,61.0,61.43000030517578,60.56999969482422,61.04999923706055,3209400
2008-04-18,EWW,62.13999938964844,62.15999984741211,60.90999984741211,61.310001373291016,6546800
2008-04-21,EWW,61.16999816894531,61.72999954223633,61.06999969482422,61.400001525878906,2507600
2008-04-22,EWW,61.630001068115234,61.9900016784668,60.91999816894531,61.77000045776367,3320400
2008-04-23,EWW,61.90999984741211,62.04999923706055,60.939998626708984,61.40999984741211,3165800
2008-04-24,EWW,61.59000015258789,62.130001068115234,60.45000076293945,61.54999923706055,4580500
2008-04-25,EWW,60.0,60.130001068115234,59.33000183105469,59.75,5745500
2008-04-28,EWW,60.06999969482422,60.16999816894531,58.779998779296875,59.15999984741211,4130900
2008-04-29,EWW,58.650001525878906,58.9900016784668,57.90999984741211,57.90999984741211,4332700
2008-04-30,EWW,58.29999923706055,59.040000915527344,58.099998474121094,58.43000030517578,3584700
2008-05-01,EWW,58.63999938964844,58.849998474121094,58.09000015258789,58.560001373291016,2900100
2008-05-02,EWW,59.279998779296875,59.61000061035156,58.79999923706055,59.29999923706055,2997000
2008-05-05,EWW,58.959999084472656,60.130001068115234,58.900001525878906,60.099998474121094,2705400
2008-05-06,EWW,59.65999984741211,60.849998474121094,59.65999984741211,60.689998626708984,2568000
2008-05-07,EWW,61.0,61.0,59.349998474121094,59.459999084472656,3637200
2008-05-08,EWW,59.959999084472656,60.040000915527344,59.09000015258789,59.63999938964844,3074200
2008-05-09,EWW,59.02000045776367,59.5,58.7599983215332,59.2400016784668,3566900
2008-05-12,EWW,59.2599983215332,60.09000015258789,59.02000045776367,59.75,3675500
2008-05-13,EWW,59.70000076293945,60.380001068115234,59.66999816894531,60.18000030517578,3039000
2008-05-14,EWW,60.689998626708984,61.61000061035156,60.2599983215332,61.08000183105469,4833400
2008-05-15,EWW,61.5099983215332,61.720001220703125,60.720001220703125,61.65999984741211,3741000
2008-05-16,EWW,61.97999954223633,62.06999969482422,61.560001373291016,61.90999984741211,2610300
2008-05-19,EWW,61.9900016784668,63.060001373291016,61.810001373291016,62.47999954223633,4255300
2008-05-20,EWW,62.09000015258789,62.2400016784668,61.369998931884766,61.810001373291016,2832600
2008-05-21,EWW,62.11000061035156,62.11000061035156,60.88999938964844,61.09000015258789,4121100
2008-05-22,EWW,60.91999816894531,61.72999954223633,60.849998474121094,61.54999923706055,3049400
2008-05-23,EWW,60.900001525878906,61.34000015258789,60.61000061035156,60.95000076293945,2358000
2008-05-27,EWW,61.060001373291016,61.779998779296875,61.060001373291016,61.65999984741211,2536600
2008-05-28,EWW,62.25,62.2599983215332,61.22999954223633,62.189998626708984,2826300
2008-05-29,EWW,61.900001525878906,62.849998474121094,61.900001525878906,62.58000183105469,4337200
2008-05-30,EWW,62.72999954223633,63.34000015258789,62.59000015258789,62.97999954223633,4088400
2008-06-02,EWW,62.720001220703125,62.849998474121094,61.59000015258789,62.06999969482422,2581000
2008-06-03,EWW,62.470001220703125,62.470001220703125,61.0,61.380001068115234,3555900
2008-06-04,EWW,61.45000076293945,62.040000915527344,60.61000061035156,61.540000915527344,3451500
2008-06-05,EWW,61.65999984741211,62.54999923706055,61.65999984741211,62.540000915527344,2993900
2008-06-06,EWW,62.06999969482422,62.20000076293945,60.58000183105469,60.58000183105469,3472400
2008-06-09,EWW,61.0,61.31999969482422,59.79999923706055,60.5099983215332,3084000
2008-06-10,EWW,59.33000183105469,60.060001373291016,59.11000061035156,59.400001525878906,4302200
2008-06-11,EWW,59.54999923706055,60.20000076293945,58.58000183105469,58.58000183105469,4161000
2008-06-12,EWW,58.959999084472656,60.40999984741211,58.959999084472656,59.38999938964844,3697700
2008-06-13,EWW,60.20000076293945,60.310001373291016,59.11000061035156,59.72999954223633,3150300
2008-06-16,EWW,59.060001373291016,60.02000045776367,59.060001373291016,59.63999938964844,2173100
2008-06-17,EWW,59.63999938964844,59.97999954223633,58.5099983215332,58.70000076293945,3727300
2008-06-18,EWW,58.849998474121094,58.849998474121094,57.47999954223633,57.47999954223633,5487100
2008-06-19,EWW,57.40999984741211,58.02000045776367,57.16999816894531,57.939998626708984,5907100
2008-06-20,EWW,57.380001068115234,57.90999984741211,56.68000030517578,57.630001068115234,4560600
2008-06-23,EWW,57.68000030517578,57.779998779296875,56.959999084472656,57.119998931884766,2316100
2008-06-24,EWW,56.70000076293945,57.619998931884766,56.40999984741211,57.189998626708984,2707600
2008-06-25,EWW,57.029998779296875,58.130001068115234,56.599998474121094,57.599998474121094,3377800
2008-06-26,EWW,56.75,57.279998779296875,56.220001220703125,56.220001220703125,4266100
2008-06-27,EWW,56.83000183105469,57.0099983215332,56.22999954223633,56.720001220703125,4071300
2008-06-30,EWW,56.529998779296875,57.029998779296875,56.400001525878906,56.939998626708984,2623300
2008-07-01,EWW,56.0,56.2400016784668,54.970001220703125,55.869998931884766,3805100
2008-07-02,EWW,56.02000045776367,56.310001373291016,54.779998779296875,55.0099983215332,3455800
2008-07-03,EWW,55.20000076293945,55.439998626708984,54.61000061035156,54.7400016784668,2492900
2008-07-07,EWW,55.0,55.5099983215332,53.880001068115234,54.439998626708984,4924500
2008-07-08,EWW,54.34000015258789,55.41999816894531,54.0,55.34000015258789,5485300
2008-07-09,EWW,55.349998474121094,55.709999084472656,53.84000015258789,53.90999984741211,6328400
2008-07-10,EWW,53.970001220703125,54.349998474121094,53.099998474121094,53.959999084472656,6530500
2008-07-11,EWW,53.06999969482422,54.040000915527344,52.5,53.5099983215332,7452700
2008-07-14,EWW,53.810001373291016,54.290000915527344,52.95000076293945,52.95000076293945,3206900
2008-07-15,EWW,52.470001220703125,53.75,51.56999969482422,52.869998931884766,6938700
2008-07-16,EWW,52.97999954223633,54.599998474121094,52.88999938964844,54.56999969482422,5518100
2008-07-17,EWW,54.66999816894531,55.45000076293945,54.599998474121094,54.790000915527344,5020300
2008-07-18,EWW,55.08000183105469,55.689998626708984,54.90999984741211,55.41999816894531,3553900
2008-07-21,EWW,54.869998931884766,56.02000045776367,54.869998931884766,55.20000076293945,3635000
2008-07-22,EWW,54.650001525878906,54.95000076293945,53.83000183105469,54.7400016784668,5039500
2008-07-23,EWW,54.72999954223633,55.119998931884766,54.290000915527344,54.81999969482422,2345200
2008-07-24,EWW,54.79999923706055,54.900001525878906,52.540000915527344,52.91999816894531,3590700
2008-07-25,EWW,53.29999923706055,53.790000915527344,52.88999938964844,53.349998474121094,1707000
2008-07-28,EWW,53.02000045776367,53.65999984741211,52.66999816894531,52.849998474121094,1647500
2008-07-29,EWW,53.36000061035156,54.630001068115234,52.77000045776367,54.20000076293945,2784600
2008-07-30,EWW,55.0099983215332,55.13999938964844,54.2599983215332,54.72999954223633,2692300
2008-07-31,EWW,54.29999923706055,54.779998779296875,53.880001068115234,54.099998474121094,2223700
2008-08-01,EWW,54.63999938964844,54.900001525878906,53.400001525878906,53.790000915527344,2215100
2008-08-04,EWW,53.529998779296875,53.77000045776367,52.84000015258789,53.13999938964844,2766200
2008-08-05,EWW,53.4900016784668,54.540000915527344,53.369998931884766,54.369998931884766,3025000
2008-08-06,EWW,54.20000076293945,55.119998931884766,53.869998931884766,54.95000076293945,2446600
2008-08-07,EWW,54.290000915527344,54.54999923706055,53.630001068115234,53.72999954223633,2039200
2008-08-08,EWW,53.439998626708984,53.83000183105469,53.0,53.68000030517578,3396500
2008-08-11,EWW,53.470001220703125,53.849998474121094,52.869998931884766,53.189998626708984,2506800
2008-08-12,EWW,52.779998779296875,53.34000015258789,52.349998474121094,52.349998474121094,2345500
2008-08-13,EWW,52.150001525878906,53.220001220703125,51.95000076293945,52.810001373291016,2145400
2008-08-14,EWW,52.5099983215332,54.099998474121094,52.47999954223633,54.0,2382400
2008-08-15,EWW,54.29999923706055,54.36000061035156,53.45000076293945,54.09000015258789,2135500
2008-08-18,EWW,54.66999816894531,54.66999816894531,52.97999954223633,53.08000183105469,1470900
2008-08-19,EWW,52.459999084472656,53.56999969482422,52.25,53.38999938964844,2335000
2008-08-20,EWW,53.029998779296875,53.880001068115234,53.029998779296875,53.630001068115234,1792000
2008-08-21,EWW,53.11000061035156,53.86000061035156,53.11000061035156,53.529998779296875,1679200
2008-08-22,EWW,53.5,54.040000915527344,53.22999954223633,53.470001220703125,1175400
2008-08-25,EWW,53.43000030517578,53.529998779296875,52.5,52.59000015258789,2229800
2008-08-26,EWW,52.349998474121094,52.63999938964844,51.36000061035156,51.720001220703125,2802300
2008-08-27,EWW,51.77000045776367,52.529998779296875,51.77000045776367,52.2400016784668,1490400
2008-08-28,EWW,52.65999984741211,52.77000045776367,52.119998931884766,52.5,1163600
2008-08-29,EWW,51.900001525878906,52.380001068115234,51.720001220703125,52.209999084472656,1062200
2008-09-02,EWW,52.0,52.720001220703125,51.79999923706055,52.220001220703125,2053600
2008-09-03,EWW,51.72999954223633,52.22999954223633,51.369998931884766,51.650001525878906,2117300
2008-09-04,EWW,51.459999084472656,51.4900016784668,50.33000183105469,50.61000061035156,3795800
2008-09-05,EWW,50.5,50.70000076293945,49.75,50.560001373291016,3241700
2008-09-08,EWW,52.0099983215332,52.209999084472656,50.560001373291016,51.470001220703125,4620000
2008-09-09,EWW,51.2599983215332,51.33000183105469,49.5,49.599998474121094,3202100
2008-09-10,EWW,50.060001373291016,50.22999954223633,49.040000915527344,49.15999984741211,3241200
2008-09-11,EWW,48.20000076293945,49.09000015258789,48.119998931884766,48.83000183105469,4258000
2008-09-12,EWW,48.79999923706055,49.290000915527344,48.18000030517578,49.20000076293945,3327200
2008-09-15,EWW,46.79999923706055,48.2400016784668,46.11000061035156,46.18000030517578,5078900
2008-09-16,EWW,44.97999954223633,47.61000061035156,44.45000076293945,47.18000030517578,8111300
2008-09-17,EWW,45.7599983215332,46.31999969482422,43.4900016784668,43.709999084472656,9204300
2008-09-18,EWW,44.31999969482422,47.63999938964844,43.11000061035156,46.86000061035156,5563900
2008-09-19,EWW,51.88999938964844,53.0,44.91999816894531,48.75,7437800
2008-09-22,EWW,48.81999969482422,49.34000015258789,47.66999816894531,47.709999084472656,2862200
2008-09-23,EWW,47.599998474121094,48.04999923706055,46.4900016784668,46.66999816894531,2991200
2008-09-24,EWW,47.36000061035156,47.36000061035156,46.38999938964844,46.529998779296875,1718000
2008-09-25,EWW,47.4900016784668,48.88999938964844,46.81999969482422,48.619998931884766,4803700
2008-09-26,EWW,47.459999084472656,48.45000076293945,47.369998931884766,48.040000915527344,3536900
2008-09-29,EWW,47.209999084472656,47.209999084472656,43.5,44.06999969482422,4018500
2008-09-30,EWW,44.599998474121094,46.79999923706055,44.54999923706055,46.66999816894531,3174600
2008-10-01,EWW,46.400001525878906,46.83000183105469,45.33000183105469,46.619998931884766,2082100
2008-10-02,EWW,45.599998474121094,45.689998626708984,43.11000061035156,43.310001373291016,3286800
2008-10-03,EWW,43.869998931884766,44.630001068115234,41.279998779296875,41.36000061035156,3745600
2008-10-06,EWW,39.529998779296875,39.529998779296875,35.779998779296875,37.61000061035156,6471500
2008-10-07,EWW,36.70000076293945,38.2599983215332,34.56999969482422,34.86000061035156,7205400
2008-10-08,EWW,30.850000381469727,35.34000015258789,30.850000381469727,33.86000061035156,7816900
2008-10-09,EWW,35.84000015258789,35.84000015258789,31.209999084472656,31.290000915527344,3961200
2008-10-10,EWW,28.0,31.8799991607666,27.0,30.34000015258789,5736400
2008-10-13,EWW,33.9900016784668,36.90999984741211,32.099998474121094,36.86000061035156,4377000
2008-10-14,EWW,36.63999938964844,38.560001373291016,35.13999938964844,36.25,5970500
2008-10-15,EWW,34.34000015258789,34.90999984741211,32.06999969482422,32.58000183105469,4255500
2008-10-16,EWW,32.20000076293945,32.66999816894531,29.84000015258789,31.739999771118164,4282800
2008-10-17,EWW,30.479999542236328,33.25,30.479999542236328,31.989999771118164,4563700
2008-10-20,EWW,33.08000183105469,33.84000015258789,32.119998931884766,32.88999938964844,2618900
2008-10-21,EWW,32.45000076293945,32.5,30.889999389648438,31.1299991607666,2331300
2008-10-22,EWW,29.68000030517578,29.989999771118164,27.020000457763672,27.709999084472656,5541400
2008-10-23,EWW,28.079999923706055,28.43000030517578,25.799999237060547,26.729999542236328,4505300
2008-10-24,EWW,23.979999542236328,25.81999969482422,23.25,25.18000030517578,5829600
2008-10-27,EWW,24.510000228881836,26.110000610351562,24.510000228881836,24.700000762939453,3228400
2008-10-28,EWW,25.510000228881836,28.790000915527344,25.3700008392334,28.469999313354492,6103700
2008-10-29,EWW,28.450000762939453,30.59000015258789,27.450000762939453,29.389999389648438,5901300
2008-10-30,EWW,30.860000610351562,31.559999465942383,30.399999618530273,31.559999465942383,4571000
2008-10-31,EWW,30.579999923706055,31.670000076293945,30.0,30.899999618530273,3414800
2008-11-03,EWW,30.399999618530273,31.899999618530273,29.809999465942383,31.469999313354492,2651000
2008-11-04,EWW,32.70000076293945,34.47999954223633,32.5099983215332,33.5099983215332,5118800
2008-11-05,EWW,32.63999938964844,33.279998779296875,31.100000381469727,31.110000610351562,3617300
2008-11-06,EWW,30.559999465942383,31.399999618530273,29.1200008392334,29.1200008392334,3841300
2008-11-07,EWW,29.899999618530273,31.280000686645508,29.899999618530273,30.139999389648438,3027900
2008-11-10,EWW,32.22999954223633,32.22999954223633,30.299999237060547,30.799999237060547,2177200
2008-11-11,EWW,29.200000762939453,30.549999237060547,29.1200008392334,30.299999237060547,3109500
2008-11-12,EWW,29.40999984741211,29.790000915527344,28.1200008392334,28.149999618530273,3410900
2008-11-13,EWW,28.299999237060547,31.1299991607666,27.059999465942383,30.479999542236328,5662800
2008-11-14,EWW,29.31999969482422,30.610000610351562,29.209999084472656,29.489999771118164,3771700
2008-11-17,EWW,28.579999923706055,29.8799991607666,28.43000030517578,28.649999618530273,2017100
2008-11-18,EWW,28.200000762939453,29.06999969482422,28.010000228881836,28.639999389648438,3107600
2008-11-19,EWW,28.0,28.600000381469727,26.639999389648438,27.09000015258789,2874300
2008-11-20,EWW,26.18000030517578,27.200000762939453,24.81999969482422,25.5,4530400
2008-11-21,EWW,27.040000915527344,27.040000915527344,25.040000915527344,26.3700008392334,4919700
2008-11-24,EWW,26.6299991607666,28.690000534057617,26.6299991607666,28.649999618530273,5020200
2008-11-25,EWW,29.0,29.40999984741211,27.639999389648438,28.049999237060547,3403700
2008-11-26,EWW,27.399999618530273,30.110000610351562,27.399999618530273,30.110000610351562,3918000
2008-11-28,EWW,29.290000915527344,29.889999389648438,29.15999984741211,29.389999389648438,1345300
2008-12-01,EWW,27.8700008392334,29.079999923706055,27.0,27.299999237060547,3769500
2008-12-02,EWW,27.610000610351562,29.020000457763672,27.610000610351562,28.709999084472656,3546800
2008-12-03,EWW,27.520000457763672,29.389999389648438,27.520000457763672,28.850000381469727,2519200
2008-12-04,EWW,28.149999618530273,29.399999618530273,28.149999618530273,28.329999923706055,3848200
2008-12-05,EWW,28.049999237060547,29.649999618530273,27.649999618530273,29.579999923706055,3756100
2008-12-08,EWW,31.200000762939453,31.899999618530273,30.309999465942383,31.8799991607666,4444400
2008-12-09,EWW,31.65999984741211,32.380001068115234,30.93000030517578,31.389999389648438,3083100
2008-12-10,EWW,31.709999084472656,33.08000183105469,31.709999084472656,33.0,3296800
2008-12-11,EWW,32.36000061035156,33.290000915527344,31.709999084472656,31.84000015258789,3474700
2008-12-12,EWW,30.510000228881836,32.16999816894531,30.020000457763672,31.450000762939453,3192000
2008-12-15,EWW,31.68000030517578,32.290000915527344,31.09000015258789,31.270000457763672,2641100
2008-12-16,EWW,31.540000915527344,34.5099983215332,31.299999237060547,34.220001220703125,5109000
2008-12-17,EWW,33.59000015258789,34.61000061035156,33.11000061035156,34.38999938964844,4686100
2008-12-18,EWW,34.18000030517578,34.88999938964844,33.5,33.70000076293945,3764600
2008-12-19,EWW,34.209999084472656,34.52000045776367,33.400001525878906,33.7400016784668,3971500
2008-12-22,EWW,33.75,33.75,32.81999969482422,33.38999938964844,2057900
2008-12-23,EWW,33.0099983215332,33.529998779296875,32.689998626708984,32.9900016784668,1466600
2008-12-24,EWW,32.7400016784668,33.310001373291016,32.63999938964844,32.83000183105469,665400
2008-12-26,EWW,32.560001373291016,33.279998779296875,32.560001373291016,33.13999938964844,631700
2008-12-29,EWW,32.95000076293945,33.47999954223633,32.16999816894531,32.18000030517578,1467400
2008-12-30,EWW,32.150001525878906,32.72999954223633,31.489999771118164,32.310001373291016,2047900
2008-12-31,EWW,32.45000076293945,32.77000045776367,31.68000030517578,32.27000045776367,1545900
2009-01-02,EWW,32.310001373291016,33.79999923706055,32.20000076293945,33.66999816894531,1327500
2009-01-05,EWW,33.90999984741211,34.70000076293945,33.619998931884766,34.310001373291016,2810300
2009-01-06,EWW,34.630001068115234,35.15999984741211,34.2599983215332,34.61000061035156,1948300
2009-01-07,EWW,33.81999969482422,34.029998779296875,32.619998931884766,32.83000183105469,2600700
2009-01-08,EWW,32.43000030517578,32.599998474121094,31.920000076293945,32.310001373291016,2532600
2009-01-09,EWW,32.060001373291016,32.47999954223633,31.639999389648438,31.850000381469727,2199200
2009-01-12,EWW,31.899999618530273,31.899999618530273,30.440000534057617,30.540000915527344,2600000
2009-01-13,EWW,30.329999923706055,30.90999984741211,30.200000762939453,30.34000015258789,3121800
2009-01-14,EWW,29.979999542236328,29.979999542236328,28.739999771118164,28.989999771118164,3506700
2009-01-15,EWW,28.899999618530273,29.610000610351562,27.649999618530273,29.100000381469727,5114800
2009-01-16,EWW,29.549999237060547,30.010000228881836,28.549999237060547,29.329999923706055,3197200
2009-01-20,EWW,29.399999618530273,29.399999618530273,27.3700008392334,27.479999542236328,3480600
2009-01-21,EWW,28.1299991607666,28.489999771118164,26.940000534057617,28.43000030517578,6964200
2009-01-22,EWW,27.520000457763672,28.25,27.299999237060547,27.700000762939453,3654700
2009-01-23,EWW,26.790000915527344,28.31999969482422,26.780000686645508,27.8799991607666,3621400
2009-01-26,EWW,28.350000381469727,28.889999389648438,27.709999084472656,28.09000015258789,2035100
2009-01-27,EWW,28.6299991607666,28.649999618530273,28.030000686645508,28.15999984741211,2564500
2009-01-28,EWW,28.360000610351562,29.290000915527344,28.360000610351562,29.229999542236328,4336700
2009-01-29,EWW,28.790000915527344,28.790000915527344,28.020000457763672,28.1299991607666,4486000
2009-01-30,EWW,28.43000030517578,28.43000030517578,27.450000762939453,27.690000534057617,3230600
2009-02-02,EWW,27.1200008392334,27.75,26.780000686645508,27.25,2002900
2009-02-03,EWW,27.350000381469727,27.729999542236328,27.15999984741211,27.489999771118164,4117100
2009-02-04,EWW,28.030000686645508,28.15999984741211,27.309999465942383,27.520000457763672,3357300
2009-02-05,EWW,27.3700008392334,28.15999984741211,27.260000228881836,27.860000610351562,3960900
2009-02-06,EWW,28.030000686645508,29.510000228881836,28.020000457763672,29.110000610351562,3849300
2009-02-09,EWW,29.3799991607666,29.739999771118164,29.100000381469727,29.389999389648438,2056700
2009-02-10,EWW,29.440000534057617,29.600000381469727,27.5,27.790000915527344,4044300
2009-02-11,EWW,27.559999465942383,28.559999465942383,27.1299991607666,27.479999542236328,2875400
2009-02-12,EWW,27.049999237060547,27.209999084472656,26.6299991607666,27.15999984741211,4360900
2009-02-13,EWW,26.84000015258789,27.559999465942383,26.84000015258789,27.219999313354492,4054800
2009-02-17,EWW,26.950000762939453,26.950000762939453,25.8799991607666,26.34000015258789,4332700
2009-02-18,EWW,26.59000015258789,26.59000015258789,25.5,26.0,2532900
2009-02-19,EWW,26.190000534057617,26.610000610351562,25.520000457763672,25.6299991607666,2690700
2009-02-20,EWW,25.389999389648438,25.920000076293945,24.709999084472656,25.15999984741211,3571200
2009-02-23,EWW,25.329999923706055,25.739999771118164,24.09000015258789,24.209999084472656,4376600
2009-02-24,EWW,24.18000030517578,25.079999923706055,23.969999313354492,24.799999237060547,2725700
2009-02-25,EWW,25.139999389648438,25.139999389648438,24.020000457763672,24.329999923706055,3891700
2009-02-26,EWW,24.899999618530273,24.979999542236328,24.200000762939453,24.40999984741211,3995900
2009-02-27,EWW,23.850000381469727,24.18000030517578,23.579999923706055,23.8799991607666,3597300
2009-03-02,EWW,23.209999084472656,23.450000762939453,21.920000076293945,22.360000610351562,6972300
2009-03-03,EWW,22.450000762939453,23.0,22.020000457763672,22.280000686645508,2773900
2009-03-04,EWW,23.010000228881836,23.59000015258789,22.68000030517578,23.309999465942383,3998000
2009-03-05,EWW,22.8799991607666,22.979999542236328,22.260000228881836,22.559999465942383,4086600
2009-03-06,EWW,23.399999618530273,23.399999618530273,21.989999771118164,22.489999771118164,3142900
2009-03-09,EWW,21.850000381469727,22.6299991607666,21.520000457763672,21.790000915527344,5474400
2009-03-10,EWW,21.850000381469727,23.1299991607666,21.850000381469727,22.969999313354492,4561300
2009-03-11,EWW,23.1299991607666,23.649999618530273,23.049999237060547,23.43000030517578,6391100
2009-03-12,EWW,23.1200008392334,25.389999389648438,23.1200008392334,25.25,7612100
2009-03-13,EWW,25.719999313354492,26.549999237060547,25.34000015258789,26.270000457763672,7591400
2009-03-16,EWW,26.969999313354492,27.06999969482422,26.06999969482422,26.229999542236328,4860900
2009-03-17,EWW,26.350000381469727,27.06999969482422,25.530000686645508,27.030000686645508,3874300
2009-03-18,EWW,26.510000228881836,27.8700008392334,26.299999237060547,27.479999542236328,6189800
2009-03-19,EWW,27.8700008392334,28.25,26.920000076293945,27.139999389648438,4574000
2009-03-20,EWW,26.950000762939453,27.40999984741211,26.639999389648438,26.81999969482422,3045000
2009-03-23,EWW,27.549999237060547,28.280000686645508,27.260000228881836,28.079999923706055,4379600
2009-03-24,EWW,27.709999084472656,28.170000076293945,27.350000381469727,27.600000381469727,3025900
2009-03-25,EWW,27.600000381469727,28.559999465942383,27.489999771118164,27.969999313354492,2866900
2009-03-26,EWW,28.979999542236328,28.979999542236328,28.190000534057617,28.43000030517578,2742800
2009-03-27,EWW,28.079999923706055,28.09000015258789,27.399999618530273,27.8799991607666,1983200
2009-03-30,EWW,27.34000015258789,27.34000015258789,26.43000030517578,26.709999084472656,3739300
2009-03-31,EWW,27.200000762939453,27.600000381469727,27.059999465942383,27.31999969482422,2479600
2009-04-01,EWW,27.34000015258789,28.290000915527344,26.809999465942383,27.989999771118164,2789000
2009-04-02,EWW,28.8700008392334,29.790000915527344,28.56999969482422,29.399999618530273,4943700
2009-04-03,EWW,29.1299991607666,30.600000381469727,28.84000015258789,30.469999313354492,2404000
2009-04-06,EWW,30.18000030517578,30.399999618530273,29.59000015258789,30.059999465942383,1990000
2009-04-07,EWW,29.479999542236328,30.100000381469727,29.270000457763672,29.790000915527344,2310800
2009-04-08,EWW,30.100000381469727,30.610000610351562,30.049999237060547,30.139999389648438,2316200
2009-04-09,EWW,31.170000076293945,32.150001525878906,31.170000076293945,31.93000030517578,3864100
2009-04-13,EWW,31.350000381469727,32.65999984741211,31.260000228881836,32.41999816894531,3225000
2009-04-14,EWW,32.119998931884766,32.849998474121094,31.75,32.150001525878906,2967600
2009-04-15,EWW,31.93000030517578,32.75,31.93000030517578,32.54999923706055,2167700
2009-04-16,EWW,32.72999954223633,33.119998931884766,32.58000183105469,32.900001525878906,3927800
2009-04-17,EWW,33.06999969482422,33.380001068115234,32.79999923706055,33.04999923706055,2344600
2009-04-20,EWW,32.369998931884766,32.369998931884766,31.34000015258789,31.5,3267100
2009-04-21,EWW,31.18000030517578,32.4900016784668,31.0,32.02000045776367,3132300
2009-04-22,EWW,31.5,32.540000915527344,31.469999313354492,31.780000686645508,2755900
2009-04-23,EWW,32.060001373291016,32.58000183105469,31.770000457763672,32.38999938964844,3061100
2009-04-24,EWW,32.95000076293945,33.459999084472656,32.720001220703125,33.11000061035156,3259700
2009-04-27,EWW,31.510000228881836,31.510000228881836,30.290000915527344,30.729999542236328,9759900
2009-04-28,EWW,29.969999313354492,30.979999542236328,29.969999313354492,30.6299991607666,5099000
2009-04-29,EWW,31.690000534057617,32.40999984741211,31.399999618530273,31.899999618530273,5482300
2009-04-30,EWW,32.0099983215332,32.290000915527344,31.190000534057617,31.239999771118164,3954700
2009-05-01,EWW,31.34000015258789,31.920000076293945,30.989999771118164,31.899999618530273,3203000
2009-05-04,EWW,32.290000915527344,34.150001525878906,32.130001068115234,34.029998779296875,5646300
2009-05-05,EWW,34.150001525878906,34.77000045776367,33.81999969482422,34.63999938964844,4638500
2009-05-06,EWW,35.29999923706055,36.13999938964844,35.060001373291016,35.95000076293945,6068700
2009-05-07,EWW,36.40999984741211,36.83000183105469,35.15999984741211,35.380001068115234,3303300
2009-05-08,EWW,36.11000061035156,36.4900016784668,35.619998931884766,36.41999816894531,3534700
2009-05-11,EWW,36.279998779296875,36.279998779296875,35.40999984741211,35.790000915527344,1733900
2009-05-12,EWW,36.25,36.25,35.0,35.47999954223633,4690100
2009-05-13,EWW,34.689998626708984,34.790000915527344,34.0,34.11000061035156,3641600
2009-05-14,EWW,34.63999938964844,34.900001525878906,33.720001220703125,34.900001525878906,3117100
2009-05-15,EWW,34.849998474121094,35.11000061035156,34.369998931884766,34.599998474121094,1875600
2009-05-18,EWW,35.38999938964844,36.380001068115234,35.220001220703125,36.31999969482422,3555700
2009-05-19,EWW,36.400001525878906,37.439998626708984,36.279998779296875,37.029998779296875,3492800
2009-05-20,EWW,37.5,37.83000183105469,36.77000045776367,36.95000076293945,3115500
2009-05-21,EWW,36.310001373291016,36.38999938964844,35.58000183105469,35.70000076293945,4555700
2009-05-22,EWW,35.939998626708984,36.209999084472656,35.61000061035156,36.060001373291016,1612500
2009-05-26,EWW,35.779998779296875,37.040000915527344,35.599998474121094,37.040000915527344,3093000
2009-05-27,EWW,37.130001068115234,37.459999084472656,36.470001220703125,36.5,3902400
2009-05-28,EWW,36.90999984741211,37.08000183105469,36.25,36.91999816894531,4151200
2009-05-29,EWW,37.560001373291016,37.63999938964844,36.56999969482422,36.7400016784668,4034800
2009-06-01,EWW,37.33000183105469,37.810001373291016,37.290000915527344,37.72999954223633,4604300
2009-06-02,EWW,37.630001068115234,37.939998626708984,37.27000045776367,37.75,3858500
2009-06-03,EWW,37.5,37.5,36.29999923706055,36.47999954223633,5941000
2009-06-04,EWW,36.83000183105469,37.06999969482422,36.4900016784668,37.060001373291016,2664300
2009-06-05,EWW,37.650001525878906,37.77000045776367,36.79999923706055,37.369998931884766,3185800
2009-06-08,EWW,36.880001068115234,36.970001220703125,36.29999923706055,36.849998474121094,3305800
2009-06-09,EWW,37.029998779296875,37.459999084472656,36.63999938964844,36.779998779296875,3035700
2009-06-10,EWW,37.20000076293945,37.439998626708984,36.630001068115234,36.95000076293945,2514000
2009-06-11,EWW,37.18000030517578,37.97999954223633,37.04999923706055,37.86000061035156,3881100
2009-06-12,EWW,37.400001525878906,37.869998931884766,37.349998474121094,37.7400016784668,2447200
2009-06-15,EWW,37.099998474121094,37.380001068115234,36.5099983215332,36.709999084472656,4852200
2009-06-16,EWW,37.33000183105469,37.33000183105469,35.529998779296875,35.56999969482422,4719100
2009-06-17,EWW,35.400001525878906,35.90999984741211,34.880001068115234,35.560001373291016,4793500
2009-06-18,EWW,35.970001220703125,36.310001373291016,35.59000015258789,36.209999084472656,4996400
2009-06-19,EWW,36.630001068115234,36.869998931884766,36.099998474121094,36.25,4703900
2009-06-22,EWW,35.849998474121094,35.93000030517578,34.68000030517578,34.91999816894531,7559300
2009-06-23,EWW,34.650001525878906,35.0099983215332,34.11000061035156,34.77000045776367,5658400
2009-06-24,EWW,35.43000030517578,35.900001525878906,35.13999938964844,35.31999969482422,4349400
2009-06-25,EWW,35.43000030517578,36.650001525878906,35.11000061035156,36.630001068115234,5441200
2009-06-26,EWW,36.61000061035156,36.95000076293945,36.40999984741211,36.86000061035156,2849600
2009-06-29,EWW,37.04999923706055,37.209999084472656,36.709999084472656,37.0099983215332,1856600
2009-06-30,EWW,36.83000183105469,37.29999923706055,36.68000030517578,36.86000061035156,2354200
2009-07-01,EWW,37.11000061035156,37.61000061035156,37.11000061035156,37.189998626708984,3805800
2009-07-02,EWW,36.7400016784668,36.7599983215332,36.060001373291016,36.18000030517578,4063700
2009-07-06,EWW,35.77000045776367,36.11000061035156,35.61000061035156,35.939998626708984,2627400
2009-07-07,EWW,35.720001220703125,35.9900016784668,34.79999923706055,35.06999969482422,4134000
2009-07-08,EWW,35.29999923706055,35.34000015258789,34.060001373291016,34.45000076293945,7844000
2009-07-09,EWW,34.900001525878906,35.209999084472656,34.40999984741211,34.880001068115234,4046600
2009-07-10,EWW,34.34000015258789,34.68000030517578,34.040000915527344,34.529998779296875,2732000
2009-07-13,EWW,34.45000076293945,35.04999923706055,34.09000015258789,34.970001220703125,3540900
2009-07-14,EWW,35.0099983215332,35.56999969482422,34.84000015258789,35.439998626708984,4407300
2009-07-15,EWW,35.90999984741211,37.61000061035156,35.869998931884766,37.61000061035156,11079200
2009-07-16,EWW,37.349998474121094,37.83000183105469,37.029998779296875,37.68000030517578,3839100
2009-07-17,EWW,37.79999923706055,38.45000076293945,37.650001525878906,38.439998626708984,3038400
2009-07-20,EWW,38.939998626708984,39.41999816894531,38.68000030517578,39.08000183105469,6108900
2009-07-21,EWW,39.790000915527344,39.880001068115234,38.40999984741211,38.88999938964844,5807300
2009-07-22,EWW,38.88999938964844,39.689998626708984,38.77000045776367,39.47999954223633,3396100
2009-07-23,EWW,39.630001068115234,40.70000076293945,39.599998474121094,40.560001373291016,5976200
2009-07-24,EWW,40.310001373291016,40.599998474121094,39.790000915527344,40.2400016784668,2251000
2009-07-27,EWW,40.099998474121094,40.4900016784668,39.790000915527344,40.43000030517578,2926900
2009-07-28,EWW,40.0,40.38999938964844,39.79999923706055,40.290000915527344,2361400
2009-07-29,EWW,39.93000030517578,40.11000061035156,39.36000061035156,39.52000045776367,5409100
2009-07-30,EWW,40.15999984741211,40.45000076293945,40.11000061035156,40.29999923706055,3388300
2009-07-31,EWW,40.29999923706055,40.86000061035156,40.119998931884766,40.79999923706055,2292400
2009-08-03,EWW,41.380001068115234,42.16999816894531,41.33000183105469,42.08000183105469,3935500
2009-08-04,EWW,41.790000915527344,42.40999984741211,41.689998626708984,42.33000183105469,2217900
2009-08-05,EWW,42.209999084472656,43.209999084472656,41.720001220703125,42.65999984741211,3040000
2009-08-06,EWW,43.11000061035156,43.27000045776367,42.25,42.25,2903800
2009-08-07,EWW,43.279998779296875,43.560001373291016,42.959999084472656,43.36000061035156,4311000
2009-08-10,EWW,43.0,43.70000076293945,42.939998626708984,43.540000915527344,2859700
2009-08-11,EWW,43.34000015258789,43.40999984741211,42.2400016784668,42.29999923706055,2995900
2009-08-12,EWW,42.20000076293945,43.09000015258789,42.119998931884766,42.900001525878906,3602400
2009-08-13,EWW,43.45000076293945,43.630001068115234,42.849998474121094,43.52000045776367,2280600
2009-08-14,EWW,43.56999969482422,43.72999954223633,42.58000183105469,43.060001373291016,2720500
2009-08-17,EWW,41.95000076293945,41.959999084472656,41.31999969482422,41.7599983215332,5448900
2009-08-18,EWW,42.130001068115234,42.43000030517578,42.08000183105469,42.310001373291016,2653600
2009-08-19,EWW,41.599998474121094,42.83000183105469,41.599998474121094,42.619998931884766,2735200
2009-08-20,EWW,42.599998474121094,43.459999084472656,42.599998474121094,43.41999816894531,2536100
2009-08-21,EWW,43.83000183105469,44.439998626708984,43.709999084472656,44.31999969482422,3687400
2009-08-24,EWW,44.470001220703125,44.88999938964844,43.619998931884766,43.779998779296875,2856000
2009-08-25,EWW,43.939998626708984,44.5099983215332,43.58000183105469,43.65999984741211,2531300
2009-08-26,EWW,43.58000183105469,43.599998474121094,42.93000030517578,43.22999954223633,2426700
2009-08-27,EWW,43.290000915527344,43.68000030517578,42.68000030517578,43.47999954223633,2486700
2009-08-28,EWW,43.81999969482422,43.90999984741211,43.31999969482422,43.650001525878906,2131900
2009-08-31,EWW,43.25,43.29999923706055,42.41999816894531,42.43000030517578,3064100
2009-09-01,EWW,42.2400016784668,42.86000061035156,40.91999816894531,40.959999084472656,4231500
2009-09-02,EWW,40.619998931884766,41.61000061035156,40.56999969482422,41.279998779296875,3525800
2009-09-03,EWW,41.81999969482422,42.060001373291016,41.5,42.0,1772400
2009-09-04,EWW,41.970001220703125,42.70000076293945,41.72999954223633,42.61000061035156,2104800
2009-09-08,EWW,43.66999816894531,44.13999938964844,43.290000915527344,44.13999938964844,3839100
2009-09-09,EWW,44.08000183105469,44.15999984741211,43.290000915527344,43.4900016784668,2831300
2009-09-10,EWW,43.22999954223633,44.119998931884766,43.08000183105469,44.119998931884766,1589700
2009-09-11,EWW,44.31999969482422,44.56999969482422,44.0,44.529998779296875,3193800
2009-09-14,EWW,43.95000076293945,44.31999969482422,43.810001373291016,44.20000076293945,2114300
2009-09-15,EWW,44.2599983215332,44.849998474121094,44.029998779296875,44.720001220703125,2922400
2009-09-16,EWW,45.150001525878906,45.91999816894531,44.79999923706055,45.720001220703125,3295600
2009-09-17,EWW,45.7400016784668,45.93000030517578,45.220001220703125,45.41999816894531,3952800
2009-09-18,EWW,45.459999084472656,45.720001220703125,45.0099983215332,45.0099983215332,3498900
2009-09-21,EWW,44.720001220703125,44.75,44.04999923706055,44.36000061035156,2904000
2009-09-22,EWW,44.90999984741211,45.20000076293945,44.29999923706055,44.470001220703125,2546000
2009-09-23,EWW,44.34000015258789,44.41999816894531,43.310001373291016,43.38999938964844,3979300
2009-09-24,EWW,43.61000061035156,43.68000030517578,42.130001068115234,42.380001068115234,3449600
2009-09-25,EWW,42.349998474121094,42.79999923706055,42.040000915527344,42.61000061035156,3424900
2009-09-28,EWW,42.97999954223633,43.7599983215332,42.7400016784668,43.58000183105469,2485500
2009-09-29,EWW,43.650001525878906,44.2599983215332,43.529998779296875,43.83000183105469,2010200
2009-09-30,EWW,44.15999984741211,44.380001068115234,43.470001220703125,43.68000030517578,2543300
2009-10-01,EWW,43.33000183105469,43.540000915527344,41.939998626708984,42.25,4934600
2009-10-02,EWW,41.90999984741211,42.880001068115234,41.54999923706055,42.70000076293945,3815800
2009-10-05,EWW,42.91999816894531,43.70000076293945,42.540000915527344,43.630001068115234,2441700
2009-10-06,EWW,44.47999954223633,44.90999984741211,44.029998779296875,44.90999984741211,3789900
2009-10-07,EWW,44.47999954223633,45.16999816894531,44.47999954223633,45.099998474121094,2298800
2009-10-08,EWW,46.0,46.0,45.189998626708984,45.66999816894531,2541100
2009-10-09,EWW,45.7599983215332,46.04999923706055,45.52000045776367,45.880001068115234,2333700
2009-10-12,EWW,46.15999984741211,46.79999923706055,46.15999984741211,46.75,3587300
2009-10-13,EWW,46.86000061035156,47.18000030517578,46.52000045776367,47.11000061035156,3101000
2009-10-14,EWW,47.90999984741211,48.18000030517578,47.54999923706055,47.91999816894531,2876600
2009-10-15,EWW,47.599998474121094,48.20000076293945,47.5099983215332,47.970001220703125,2267400
2009-10-16,EWW,47.33000183105469,47.77000045776367,47.20000076293945,47.5,3587200
2009-10-19,EWW,47.849998474121094,48.16999816894531,47.40999984741211,47.970001220703125,3018600
2009-10-20,EWW,48.2400016784668,48.43000030517578,47.72999954223633,47.7599983215332,5681900
2009-10-21,EWW,47.72999954223633,48.70000076293945,47.68000030517578,47.95000076293945,4313000
2009-10-22,EWW,47.65999984741211,48.099998474121094,47.5,47.939998626708984,2635200
2009-10-23,EWW,48.22999954223633,48.380001068115234,46.90999984741211,47.02000045776367,3510700
2009-10-26,EWW,47.209999084472656,47.810001373291016,45.77000045776367,45.939998626708984,3833300
2009-10-27,EWW,46.0,46.130001068115234,44.66999816894531,44.93000030517578,4839300
2009-10-28,EWW,44.66999816894531,44.810001373291016,43.33000183105469,43.34000015258789,5001400
2009-10-29,EWW,44.29999923706055,45.459999084472656,44.029998779296875,45.29999923706055,4055800
2009-10-30,EWW,45.18000030517578,45.279998779296875,43.22999954223633,43.599998474121094,4085200
2009-11-02,EWW,44.20000076293945,44.95000076293945,43.349998474121094,44.08000183105469,4280400
2009-11-03,EWW,43.29999923706055,44.369998931884766,42.900001525878906,43.91999816894531,3858800
2009-11-04,EWW,44.540000915527344,45.27000045776367,44.43000030517578,44.709999084472656,4031300
2009-11-05,EWW,44.959999084472656,45.36000061035156,44.91999816894531,45.33000183105469,2900900
2009-11-06,EWW,44.630001068115234,45.400001525878906,44.630001068115234,45.11000061035156,1475100
2009-11-09,EWW,45.65999984741211,46.88999938964844,45.52000045776367,46.81999969482422,2367000
2009-11-10,EWW,46.189998626708984,47.27000045776367,46.119998931884766,46.880001068115234,2233300
2009-11-11,EWW,47.470001220703125,47.880001068115234,47.22999954223633,47.43000030517578,3444300
2009-11-12,EWW,47.540000915527344,47.650001525878906,46.72999954223633,46.84000015258789,5299100
2009-11-13,EWW,46.81999969482422,47.86000061035156,46.7400016784668,47.75,2651100
2009-11-16,EWW,48.25,49.189998626708984,48.0099983215332,48.65999984741211,2476000
2009-11-17,EWW,48.25,48.4900016784668,47.61000061035156,48.38999938964844,4341400
2009-11-18,EWW,48.41999816894531,48.45000076293945,47.619998931884766,47.900001525878906,3111100
2009-11-19,EWW,47.66999816894531,47.66999816894531,46.7400016784668,47.31999969482422,3230600
2009-11-20,EWW,46.939998626708984,47.2599983215332,46.79999923706055,47.04999923706055,1689100
2009-11-23,EWW,47.63999938964844,48.220001220703125,47.310001373291016,48.189998626708984,3252400
2009-11-24,EWW,48.08000183105469,48.349998474121094,47.56999969482422,48.11000061035156,2005500
2009-11-25,EWW,48.38999938964844,49.08000183105469,48.09000015258789,49.02000045776367,1687500
2009-11-27,EWW,46.93000030517578,48.470001220703125,46.61000061035156,48.29999923706055,2078000
2009-11-30,EWW,48.119998931884766,48.380001068115234,47.900001525878906,47.90999984741211,2288500
2009-12-01,EWW,48.7599983215332,50.150001525878906,48.66999816894531,49.650001525878906,4622000
2009-12-02,EWW,49.650001525878906,50.72999954223633,49.56999969482422,50.36000061035156,3340000
2009-12-03,EWW,50.65999984741211,50.959999084472656,50.31999969482422,50.400001525878906,3368400
2009-12-04,EWW,51.04999923706055,51.68000030517578,49.970001220703125,50.650001525878906,3568600
2009-12-07,EWW,50.75,51.040000915527344,50.41999816894531,50.439998626708984,2572700
2009-12-08,EWW,49.83000183105469,50.18000030517578,48.91999816894531,48.970001220703125,3292800
2009-12-09,EWW,49.04999923706055,49.25,48.529998779296875,49.150001525878906,2969400
2009-12-10,EWW,49.18000030517578,49.560001373291016,49.16999816894531,49.45000076293945,1195900
2009-12-11,EWW,49.849998474121094,49.959999084472656,49.54999923706055,49.7400016784668,2581200
2009-12-14,EWW,50.38999938964844,50.43000030517578,49.880001068115234,50.34000015258789,2379200
2009-12-15,EWW,50.04999923706055,50.88999938964844,50.04999923706055,50.400001525878906,2181800
2009-12-16,EWW,50.849998474121094,50.900001525878906,50.310001373291016,50.33000183105469,1834500
2009-12-17,EWW,49.61000061035156,49.97999954223633,49.369998931884766,49.66999816894531,2141600
2009-12-18,EWW,50.029998779296875,50.029998779296875,49.0099983215332,49.54999923706055,3934400
2009-12-21,EWW,49.709999084472656,50.52000045776367,49.29999923706055,49.36000061035156,2410400
2009-12-22,EWW,48.86000061035156,49.88999938964844,48.86000061035156,49.810001373291016,2972300
2009-12-23,EWW,50.16999816894531,50.16999816894531,49.7400016784668,50.11000061035156,1226300
2009-12-24,EWW,50.2599983215332,50.47999954223633,50.0099983215332,50.380001068115234,687000
2009-12-28,EWW,50.45000076293945,50.619998931884766,49.619998931884766,49.88999938964844,1402400
2009-12-29,EWW,50.099998474121094,50.220001220703125,49.83000183105469,49.880001068115234,995600
2009-12-30,EWW,49.470001220703125,49.90999984741211,49.150001525878906,49.22999954223633,1763600
2009-12-31,EWW,49.33000183105469,49.63999938964844,48.849998474121094,48.869998931884766,1405800
2010-01-04,EWW,50.130001068115234,51.060001373291016,49.83000183105469,51.0,4004300
2010-01-05,EWW,51.0,51.56999969482422,50.77000045776367,50.779998779296875,4103800
2010-01-06,EWW,50.900001525878906,51.63999938964844,50.900001525878906,51.400001525878906,2275200
2010-01-07,EWW,51.369998931884766,51.689998626708984,51.029998779296875,51.47999954223633,1673900
2010-01-08,EWW,51.7400016784668,51.7400016784668,51.279998779296875,51.34000015258789,1199400
2010-01-11,EWW,51.5099983215332,51.650001525878906,51.06999969482422,51.31999969482422,1527600
2010-01-12,EWW,51.060001373291016,51.310001373291016,50.58000183105469,50.75,2450800
2010-01-13,EWW,51.22999954223633,51.22999954223633,50.529998779296875,51.099998474121094,2034000
2010-01-14,EWW,50.41999816894531,51.08000183105469,50.27000045776367,51.04999923706055,1350700
2010-01-15,EWW,51.13999938964844,51.150001525878906,50.040000915527344,50.09000015258789,2598000
2010-01-19,EWW,50.09000015258789,50.88999938964844,50.09000015258789,50.88999938964844,2548700
2010-01-20,EWW,50.68000030517578,50.689998626708984,49.470001220703125,49.5,3423700
2010-01-21,EWW,49.81999969482422,49.880001068115234,47.689998626708984,47.75,3515400
2010-01-22,EWW,47.599998474121094,47.939998626708984,46.79999923706055,47.279998779296875,4046900
2010-01-25,EWW,48.13999938964844,48.13999938964844,46.880001068115234,46.900001525878906,2636100
2010-01-26,EWW,46.779998779296875,47.7599983215332,46.290000915527344,47.31999969482422,3156700
2010-01-27,EWW,47.0099983215332,47.150001525878906,46.029998779296875,46.86000061035156,3815400
2010-01-28,EWW,47.06999969482422,47.310001373291016,46.13999938964844,46.70000076293945,2541400
2010-01-29,EWW,47.06999969482422,47.459999084472656,45.869998931884766,46.0,2839900
2010-02-01,EWW,46.15999984741211,47.13999938964844,46.15999984741211,47.09000015258789,1488200
2010-02-02,EWW,47.43000030517578,47.709999084472656,47.119998931884766,47.619998931884766,2538800
2010-02-03,EWW,47.5099983215332,47.97999954223633,47.380001068115234,47.779998779296875,2032800
2010-02-04,EWW,47.27000045776367,47.27000045776367,45.9900016784668,45.9900016784668,3023600
2010-02-05,EWW,45.869998931884766,46.20000076293945,44.709999084472656,46.099998474121094,3916700
2010-02-08,EWW,45.95000076293945,46.36000061035156,45.7599983215332,45.849998474121094,2609400
2010-02-09,EWW,46.900001525878906,47.040000915527344,46.209999084472656,46.630001068115234,3283100
2010-02-10,EWW,46.689998626708984,46.97999954223633,46.0,46.2599983215332,3165700
2010-02-11,EWW,46.130001068115234,47.29999923706055,46.130001068115234,47.209999084472656,3496400
2010-02-12,EWW,46.54999923706055,47.41999816894531,46.40999984741211,47.41999816894531,3108600
2010-02-16,EWW,47.959999084472656,48.65999984741211,47.689998626708984,48.58000183105469,3684600
2010-02-17,EWW,48.79999923706055,48.849998474121094,48.38999938964844,48.75,3332100
2010-02-18,EWW,48.4900016784668,49.27000045776367,48.439998626708984,49.209999084472656,3447300
2010-02-19,EWW,49.0099983215332,49.45000076293945,48.599998474121094,49.2599983215332,3399600
2010-02-22,EWW,49.599998474121094,49.619998931884766,48.95000076293945,49.02000045776367,2917000
2010-02-23,EWW,48.900001525878906,48.9900016784668,48.060001373291016,48.27000045776367,3680200
2010-02-24,EWW,48.4900016784668,48.86000061035156,48.349998474121094,48.630001068115234,2071100
2010-02-25,EWW,47.95000076293945,48.650001525878906,47.52000045776367,48.63999938964844,3167200
2010-02-26,EWW,48.56999969482422,48.970001220703125,48.380001068115234,48.63999938964844,2672200
2010-03-01,EWW,49.2400016784668,49.41999816894531,48.959999084472656,49.060001373291016,3255600
2010-03-02,EWW,49.439998626708984,49.689998626708984,49.36000061035156,49.4900016784668,3440500
2010-03-03,EWW,49.83000183105469,50.31999969482422,49.619998931884766,50.209999084472656,4338100
2010-03-04,EWW,50.29999923706055,50.38999938964844,49.77000045776367,49.900001525878906,2285100
2010-03-05,EWW,50.529998779296875,50.709999084472656,50.290000915527344,50.63999938964844,2162600
2010-03-08,EWW,50.720001220703125,50.86000061035156,50.52000045776367,50.560001373291016,2332700
2010-03-09,EWW,50.5099983215332,51.08000183105469,50.470001220703125,50.849998474121094,2027700
2010-03-10,EWW,51.0,51.349998474121094,50.869998931884766,50.9900016784668,2369000
2010-03-11,EWW,50.9900016784668,51.2599983215332,50.65999984741211,51.18000030517578,2562300
2010-03-12,EWW,51.61000061035156,51.630001068115234,51.02000045776367,51.22999954223633,2163300
2010-03-15,EWW,50.93000030517578,51.29999923706055,50.63999938964844,51.09000015258789,2401600
2010-03-16,EWW,51.33000183105469,51.66999816894531,51.189998626708984,51.54999923706055,2697700
2010-03-17,EWW,52.060001373291016,52.31999969482422,51.88999938964844,52.119998931884766,3253900
2010-03-18,EWW,52.189998626708984,52.2599983215332,51.709999084472656,52.13999938964844,2012200
2010-03-19,EWW,51.88999938964844,52.45000076293945,51.41999816894531,51.88999938964844,2600800
2010-03-22,EWW,51.459999084472656,52.2400016784668,51.060001373291016,52.150001525878906,1799700
2010-03-23,EWW,52.20000076293945,52.86000061035156,52.20000076293945,52.790000915527344,3065800
2010-03-24,EWW,52.439998626708984,52.84000015258789,51.97999954223633,52.02000045776367,3373600
2010-03-25,EWW,52.599998474121094,52.81999969482422,52.040000915527344,52.060001373291016,3361800
2010-03-26,EWW,52.25,52.529998779296875,51.93000030517578,52.209999084472656,2579900
2010-03-29,EWW,52.720001220703125,53.060001373291016,52.45000076293945,53.060001373291016,3233200
2010-03-30,EWW,53.279998779296875,53.47999954223633,52.91999816894531,53.290000915527344,2354400
2010-03-31,EWW,53.25,53.560001373291016,53.09000015258789,53.369998931884766,2727600
2010-04-01,EWW,53.70000076293945,54.369998931884766,53.63999938964844,53.900001525878906,3242900
2010-04-05,EWW,54.04999923706055,54.880001068115234,54.04999923706055,54.459999084472656,2260100
2010-04-06,EWW,54.380001068115234,54.81999969482422,54.33000183105469,54.790000915527344,2821200
2010-04-07,EWW,54.630001068115234,54.900001525878906,53.95000076293945,54.11000061035156,3825700
2010-04-08,EWW,53.900001525878906,54.54999923706055,53.58000183105469,54.290000915527344,3996600
2010-04-09,EWW,54.54999923706055,55.029998779296875,54.29999923706055,55.029998779296875,2534400
2010-04-12,EWW,54.9900016784668,55.15999984741211,54.650001525878906,55.130001068115234,2072600
2010-04-13,EWW,55.06999969482422,55.099998474121094,54.66999816894531,55.04999923706055,2542000
2010-04-14,EWW,55.45000076293945,55.5,55.099998474121094,55.4900016784668,3222800
2010-04-15,EWW,55.18000030517578,55.58000183105469,55.09000015258789,55.45000076293945,2272300
2010-04-16,EWW,55.22999954223633,55.439998626708984,53.900001525878906,53.97999954223633,6359300
2010-04-19,EWW,53.7599983215332,54.27000045776367,53.25,53.9900016784668,4276200
2010-04-20,EWW,54.369998931884766,54.70000076293945,54.27000045776367,54.59000015258789,2817600
2010-04-21,EWW,54.9900016784668,55.0099983215332,54.29999923706055,54.369998931884766,2913400
2010-04-22,EWW,53.86000061035156,54.68000030517578,53.630001068115234,54.599998474121094,4407600
2010-04-23,EWW,54.79999923706055,55.27000045776367,54.5,55.209999084472656,3183900
2010-04-26,EWW,55.310001373291016,55.58000183105469,55.02000045776367,55.2400016784668,3107700
2010-04-27,EWW,54.63999938964844,54.810001373291016,52.2400016784668,52.27000045776367,7904100
2010-04-28,EWW,52.779998779296875,53.099998474121094,51.689998626708984,52.9900016784668,7460400
2010-04-29,EWW,53.779998779296875,54.060001373291016,53.439998626708984,53.720001220703125,4479500
2010-04-30,EWW,53.84000015258789,54.22999954223633,52.939998626708984,52.9900016784668,3604800
2010-05-03,EWW,53.209999084472656,53.83000183105469,53.0099983215332,53.540000915527344,2292100
2010-05-04,EWW,52.65999984741211,52.65999984741211,51.029998779296875,51.25,7297700
2010-05-05,EWW,50.279998779296875,51.02000045776367,49.540000915527344,50.29999923706055,7690800
2010-05-06,EWW,49.88999938964844,61.599998474121094,46.0,48.56999969482422,8622200
2010-05-07,EWW,48.5099983215332,49.4900016784668,47.02000045776367,48.77000045776367,7112400
2010-05-10,EWW,51.36000061035156,52.0,50.9900016784668,51.599998474121094,7683200
2010-05-11,EWW,51.02000045776367,51.959999084472656,50.79999923706055,51.290000915527344,4984600
2010-05-12,EWW,51.599998474121094,52.310001373291016,51.43000030517578,52.189998626708984,3833800
2010-05-13,EWW,52.20000076293945,52.599998474121094,51.81999969482422,51.88999938964844,3320200
2010-05-14,EWW,51.349998474121094,51.5099983215332,49.95000076293945,50.459999084472656,5485900
2010-05-17,EWW,50.29999923706055,50.7599983215332,48.900001525878906,50.099998474121094,4032000
2010-05-18,EWW,50.77000045776367,50.95000076293945,48.81999969482422,48.970001220703125,5334600
2010-05-19,EWW,48.099998474121094,48.70000076293945,47.54999923706055,48.279998779296875,6675100
2010-05-20,EWW,46.540000915527344,47.09000015258789,45.90999984741211,46.029998779296875,7747200
2010-05-21,EWW,45.27000045776367,47.63999938964844,45.20000076293945,47.310001373291016,7091800
2010-05-24,EWW,47.33000183105469,48.04999923706055,47.060001373291016,47.11000061035156,5745300
2010-05-25,EWW,45.25,47.0,45.119998931884766,46.97999954223633,6506500
2010-05-26,EWW,47.529998779296875,48.529998779296875,47.38999938964844,47.720001220703125,5680500
2010-05-27,EWW,49.13999938964844,50.22999954223633,48.7400016784668,50.130001068115234,5672500
2010-05-28,EWW,50.15999984741211,50.15999984741211,48.400001525878906,48.88999938964844,5935700
2010-06-01,EWW,48.380001068115234,49.529998779296875,48.040000915527344,48.099998474121094,4575900
2010-06-02,EWW,48.75,49.369998931884766,48.47999954223633,49.31999969482422,3427900
2010-06-03,EWW,49.689998626708984,49.880001068115234,48.779998779296875,49.16999816894531,2696500
2010-06-04,EWW,48.150001525878906,48.779998779296875,47.619998931884766,47.849998474121094,3762900
2010-06-07,EWW,47.880001068115234,48.29999923706055,47.290000915527344,47.31999969482422,3385400
2010-06-08,EWW,47.5099983215332,48.43000030517578,47.5099983215332,48.31999969482422,4113600
2010-06-09,EWW,48.779998779296875,49.38999938964844,48.279998779296875,48.470001220703125,3701800
2010-06-10,EWW,49.20000076293945,50.38999938964844,49.20000076293945,50.209999084472656,4354800
2010-06-11,EWW,49.88999938964844,50.93000030517578,49.720001220703125,50.75,2667900
2010-06-14,EWW,51.33000183105469,51.77000045776367,50.54999923706055,50.599998474121094,3737700
2010-06-15,EWW,51.290000915527344,52.13999938964844,51.189998626708984,51.91999816894531,3721700
2010-06-16,EWW,51.720001220703125,52.25,51.43000030517578,52.13999938964844,3559700
2010-06-17,EWW,52.369998931884766,52.41999816894531,51.619998931884766,52.060001373291016,2391300
2010-06-18,EWW,52.220001220703125,52.58000183105469,52.0099983215332,52.279998779296875,3036800
2010-06-21,EWW,53.38999938964844,53.5099983215332,52.31999969482422,52.38999938964844,2698300
2010-06-22,EWW,52.27000045776367,52.77000045776367,51.41999816894531,51.41999816894531,2965700
2010-06-23,EWW,51.209999084472656,51.459999084472656,50.209999084472656,51.20000076293945,3066500
2010-06-24,EWW,51.13999938964844,51.13999938964844,50.16999816894531,50.349998474121094,1681800
2010-06-25,EWW,50.63999938964844,51.31999969482422,50.279998779296875,51.2400016784668,3174400
2010-06-28,EWW,51.34000015258789,51.45000076293945,50.79999923706055,50.9900016784668,1046900
2010-06-29,EWW,49.9900016784668,50.060001373291016,48.470001220703125,48.59000015258789,3235700
2010-06-30,EWW,48.41999816894531,49.189998626708984,47.72999954223633,47.88999938964844,3047700
2010-07-01,EWW,47.86000061035156,48.16999816894531,46.54999923706055,47.72999954223633,4770600
2010-07-02,EWW,47.72999954223633,48.040000915527344,47.22999954223633,47.560001373291016,3394700
2010-07-06,EWW,48.880001068115234,49.31999969482422,47.97999954223633,48.43000030517578,3564100
2010-07-07,EWW,48.529998779296875,49.540000915527344,48.36000061035156,49.470001220703125,2481800
2010-07-08,EWW,50.060001373291016,50.20000076293945,49.119998931884766,49.7599983215332,2434400
2010-07-09,EWW,49.849998474121094,50.040000915527344,49.380001068115234,49.959999084472656,2852800
2010-07-12,EWW,49.54999923706055,50.06999969482422,49.2599983215332,49.349998474121094,1480400
2010-07-13,EWW,50.150001525878906,50.599998474121094,49.869998931884766,50.45000076293945,2240200
2010-07-14,EWW,50.279998779296875,50.790000915527344,50.06999969482422,50.630001068115234,2284300
2010-07-15,EWW,50.650001525878906,50.720001220703125,49.849998474121094,50.54999923706055,1513500
2010-07-16,EWW,50.02000045776367,50.15999984741211,48.79999923706055,48.9900016784668,2283500
2010-07-19,EWW,49.2400016784668,49.45000076293945,48.849998474121094,49.13999938964844,1928800
2010-07-20,EWW,48.59000015258789,50.0,48.400001525878906,49.939998626708984,4212200
2010-07-21,EWW,50.02000045776367,50.40999984741211,49.40999984741211,49.630001068115234,2332700
2010-07-22,EWW,50.45000076293945,51.08000183105469,50.150001525878906,51.0099983215332,2667600
2010-07-23,EWW,50.91999816894531,51.380001068115234,50.58000183105469,51.31999969482422,1971000
2010-07-26,EWW,51.45000076293945,51.869998931884766,51.2400016784668,51.689998626708984,2058100
2010-07-27,EWW,52.119998931884766,52.220001220703125,51.130001068115234,51.43000030517578,3483200
2010-07-28,EWW,51.13999938964844,51.52000045776367,50.779998779296875,51.150001525878906,2416200
2010-07-29,EWW,51.650001525878906,51.77000045776367,50.5099983215332,50.91999816894531,2220800
2010-07-30,EWW,50.45000076293945,51.189998626708984,50.27000045776367,50.959999084472656,2498900
2010-08-02,EWW,51.88999938964844,52.130001068115234,51.470001220703125,51.97999954223633,2642400
2010-08-03,EWW,51.880001068115234,52.15999984741211,51.45000076293945,51.970001220703125,3617200
2010-08-04,EWW,52.189998626708984,52.56999969482422,51.95000076293945,52.36000061035156,1819900
2010-08-05,EWW,52.0,52.540000915527344,52.0,52.310001373291016,1392900
2010-08-06,EWW,51.869998931884766,52.119998931884766,51.45000076293945,51.81999969482422,3106400
2010-08-09,EWW,52.2400016784668,52.2400016784668,51.560001373291016,51.81999969482422,2564500
2010-08-10,EWW,51.189998626708984,51.84000015258789,51.0,51.650001525878906,2984100
2010-08-11,EWW,50.65999984741211,50.720001220703125,50.02000045776367,50.04999923706055,3107400
2010-08-12,EWW,49.189998626708984,50.400001525878906,49.189998626708984,50.2599983215332,3716300
2010-08-13,EWW,50.119998931884766,50.599998474121094,50.119998931884766,50.2400016784668,1780400
2010-08-16,EWW,50.18000030517578,50.77000045776367,49.7400016784668,50.61000061035156,1405600
2010-08-17,EWW,51.47999954223633,51.5,50.970001220703125,51.0,2217500
2010-08-18,EWW,51.13999938964844,51.41999816894531,50.779998779296875,51.209999084472656,2443200
2010-08-19,EWW,51.33000183105469,51.33000183105469,50.119998931884766,50.630001068115234,3432200
2010-08-20,EWW,50.369998931884766,50.650001525878906,50.099998474121094,50.5099983215332,1291200
2010-08-23,EWW,50.59000015258789,50.84000015258789,49.599998474121094,49.72999954223633,2742100
2010-08-24,EWW,48.939998626708984,49.130001068115234,48.29999923706055,48.470001220703125,4333200
2010-08-25,EWW,48.029998779296875,48.58000183105469,47.290000915527344,48.4900016784668,6394000
2010-08-26,EWW,48.86000061035156,48.970001220703125,47.630001068115234,47.70000076293945,3242900
2010-08-27,EWW,48.040000915527344,48.869998931884766,47.58000183105469,48.72999954223633,2913400
2010-08-30,EWW,48.56999969482422,48.630001068115234,47.709999084472656,47.81999969482422,2512300
2010-08-31,EWW,47.439998626708984,48.130001068115234,47.439998626708984,48.09000015258789,3869500
2010-09-01,EWW,48.83000183105469,49.7599983215332,48.56999969482422,49.52000045776367,4816000
2010-09-02,EWW,49.66999816894531,49.97999954223633,49.400001525878906,49.95000076293945,2501100
2010-09-03,EWW,50.349998474121094,51.0,50.27000045776367,50.439998626708984,2868800
2010-09-07,EWW,50.06999969482422,50.16999816894531,49.54999923706055,49.61000061035156,2894400
2010-09-08,EWW,49.900001525878906,50.25,49.689998626708984,49.790000915527344,1965400
2010-09-09,EWW,50.41999816894531,50.619998931884766,49.709999084472656,49.97999954223633,2193500
2010-09-10,EWW,50.16999816894531,50.58000183105469,50.04999923706055,50.470001220703125,1837600
2010-09-13,EWW,51.27000045776367,51.369998931884766,50.900001525878906,51.209999084472656,2784300
2010-09-14,EWW,51.060001373291016,51.75,50.88999938964844,51.54999923706055,2339700
2010-09-15,EWW,51.439998626708984,51.7599983215332,51.22999954223633,51.70000076293945,2041400
2010-09-16,EWW,51.58000183105469,51.689998626708984,51.16999816894531,51.470001220703125,2041300
2010-09-17,EWW,51.939998626708984,52.0,51.310001373291016,51.56999969482422,1323700
2010-09-20,EWW,51.849998474121094,52.2400016784668,51.599998474121094,52.06999969482422,2276600
2010-09-21,EWW,52.400001525878906,52.599998474121094,51.95000076293945,52.40999984741211,2431000
2010-09-22,EWW,52.4900016784668,52.81999969482422,52.22999954223633,52.5,2513300
2010-09-23,EWW,52.25,52.91999816894531,52.04999923706055,52.40999984741211,2088200
2010-09-24,EWW,53.25,53.400001525878906,52.900001525878906,53.15999984741211,2101400
2010-09-27,EWW,53.029998779296875,53.2599983215332,52.83000183105469,52.900001525878906,1489800
2010-09-28,EWW,53.06999969482422,53.38999938964844,52.599998474121094,53.310001373291016,3322700
2010-09-29,EWW,53.310001373291016,53.5,52.9900016784668,53.119998931884766,2203300
2010-09-30,EWW,53.38999938964844,53.68000030517578,52.709999084472656,52.9900016784668,2777600
2010-10-01,EWW,53.599998474121094,54.040000915527344,53.369998931884766,53.900001525878906,1873400
2010-10-04,EWW,53.91999816894531,54.209999084472656,53.59000015258789,54.119998931884766,2970700
2010-10-05,EWW,54.86000061035156,55.13999938964844,54.470001220703125,54.939998626708984,2851900
2010-10-06,EWW,54.9900016784668,55.2599983215332,54.81999969482422,55.22999954223633,2416300
2010-10-07,EWW,55.689998626708984,55.689998626708984,54.439998626708984,54.45000076293945,3298900
2010-10-08,EWW,54.81999969482422,55.529998779296875,54.52000045776367,55.40999984741211,2334700
2010-10-11,EWW,55.470001220703125,55.7599983215332,55.220001220703125,55.5099983215332,1323400
2010-10-12,EWW,55.2400016784668,55.59000015258789,54.81999969482422,55.47999954223633,1744300
2010-10-13,EWW,56.06999969482422,56.54999923706055,55.75,56.27000045776367,2270500
2010-10-14,EWW,56.09000015258789,56.36000061035156,55.81999969482422,56.06999969482422,2063300
2010-10-15,EWW,56.619998931884766,56.619998931884766,55.61000061035156,55.90999984741211,2593700
2010-10-18,EWW,55.689998626708984,56.689998626708984,55.630001068115234,56.22999954223633,2199500
2010-10-19,EWW,55.130001068115234,55.959999084472656,54.869998931884766,55.130001068115234,2723500
2010-10-20,EWW,55.349998474121094,56.31999969482422,55.2599983215332,56.11000061035156,3451100
2010-10-21,EWW,56.38999938964844,57.04999923706055,55.880001068115234,56.459999084472656,2460500
2010-10-22,EWW,56.540000915527344,56.869998931884766,56.2599983215332,56.810001373291016,1890000
2010-10-25,EWW,57.41999816894531,57.72999954223633,56.9900016784668,57.08000183105469,3303000
2010-10-26,EWW,56.529998779296875,57.119998931884766,56.529998779296875,56.93000030517578,1440600
2010-10-27,EWW,56.31999969482422,56.70000076293945,55.95000076293945,56.52000045776367,2308000
2010-10-28,EWW,57.11000061035156,57.220001220703125,56.689998626708984,57.0099983215332,1893200
2010-10-29,EWW,57.0,57.79999923706055,57.0,57.52000045776367,2084700
2010-11-01,EWW,58.060001373291016,58.11000061035156,57.619998931884766,57.869998931884766,2286400
2010-11-02,EWW,58.43000030517578,58.79999923706055,58.290000915527344,58.52000045776367,2417300
2010-11-03,EWW,58.66999816894531,58.66999816894531,57.880001068115234,58.56999969482422,2633000
2010-11-04,EWW,59.29999923706055,59.47999954223633,59.0,59.189998626708984,2222400
2010-11-05,EWW,59.279998779296875,59.720001220703125,59.130001068115234,59.5,1286700
2010-11-08,EWW,59.2599983215332,59.720001220703125,58.939998626708984,59.630001068115234,1159600
2010-11-09,EWW,59.900001525878906,60.36000061035156,58.68000030517578,58.84000015258789,2511500
2010-11-10,EWW,59.189998626708984,59.7400016784668,58.5099983215332,59.29999923706055,3275800
2010-11-11,EWW,59.119998931884766,59.369998931884766,58.880001068115234,59.13999938964844,2090700
2010-11-12,EWW,58.79999923706055,59.290000915527344,58.16999816894531,58.349998474121094,2557500
2010-11-15,EWW,58.47999954223633,59.0099983215332,58.2599983215332,58.2599983215332,2985700
2010-11-16,EWW,57.779998779296875,58.08000183105469,57.04999923706055,57.290000915527344,4711100
2010-11-17,EWW,57.349998474121094,57.849998474121094,57.349998474121094,57.70000076293945,4294000
2010-11-18,EWW,58.709999084472656,59.060001373291016,58.56999969482422,58.959999084472656,3020500
2010-11-19,EWW,58.90999984741211,59.63999938964844,58.599998474121094,59.54999923706055,2648400
2010-11-22,EWW,59.2599983215332,59.709999084472656,58.869998931884766,59.59000015258789,2585100
2010-11-23,EWW,58.65999984741211,58.720001220703125,57.869998931884766,58.09000015258789,3183700
2010-11-24,EWW,58.66999816894531,59.88999938964844,58.63999938964844,59.86000061035156,3083300
2010-11-26,EWW,58.86000061035156,59.310001373291016,58.720001220703125,58.7599983215332,1221900
2010-11-29,EWW,58.599998474121094,59.09000015258789,58.0,58.97999954223633,3269200
2010-11-30,EWW,58.400001525878906,59.400001525878906,58.31999969482422,59.099998474121094,3065600
2010-12-01,EWW,60.2400016784668,60.279998779296875,59.599998474121094,59.970001220703125,4646500
2010-12-02,EWW,60.18000030517578,61.040000915527344,60.130001068115234,60.66999816894531,2277500
2010-12-03,EWW,60.209999084472656,60.689998626708984,60.18000030517578,60.68000030517578,2273600
2010-12-06,EWW,60.33000183105469,61.04999923706055,60.25,60.88999938964844,2505500
2010-12-07,EWW,61.45000076293945,61.61000061035156,60.45000076293945,60.540000915527344,2981600
2010-12-08,EWW,60.400001525878906,60.81999969482422,60.130001068115234,60.61000061035156,2033300
2010-12-09,EWW,60.90999984741211,60.959999084472656,59.9900016784668,60.099998474121094,2263700
2010-12-10,EWW,60.2400016784668,60.560001373291016,59.939998626708984,60.54999923706055,1540200
2010-12-13,EWW,60.869998931884766,61.2400016784668,60.86000061035156,60.97999954223633,2157600
2010-12-14,EWW,61.150001525878906,61.38999938964844,60.900001525878906,61.130001068115234,1812000
2010-12-15,EWW,60.93000030517578,61.11000061035156,60.029998779296875,60.43000030517578,3882300
2010-12-16,EWW,60.59000015258789,60.83000183105469,60.33000183105469,60.77000045776367,1461000
2010-12-17,EWW,60.869998931884766,61.13999938964844,60.470001220703125,61.04999923706055,3510900
2010-12-20,EWW,61.29999923706055,61.34000015258789,60.91999816894531,61.060001373291016,2169100
2010-12-21,EWW,61.15999984741211,61.59000015258789,61.11000061035156,61.380001068115234,1723600
2010-12-22,EWW,61.33000183105469,61.619998931884766,61.2400016784668,61.54999923706055,1348100
2010-12-23,EWW,61.4900016784668,61.619998931884766,61.18000030517578,61.38999938964844,893900
2010-12-27,EWW,61.349998474121094,61.349998474121094,60.93000030517578,61.27000045776367,853300
2010-12-28,EWW,61.45000076293945,61.5,61.0,61.189998626708984,2016900
2010-12-29,EWW,61.31999969482422,61.529998779296875,61.06999969482422,61.2599983215332,1308800
2010-12-30,EWW,61.41999816894531,61.560001373291016,61.25,61.34000015258789,884900
2010-12-31,EWW,61.36000061035156,62.040000915527344,61.209999084472656,61.91999816894531,1559000
2011-01-03,EWW,62.43000030517578,63.029998779296875,62.2400016784668,62.45000076293945,2254600
2011-01-04,EWW,62.709999084472656,62.84000015258789,62.209999084472656,62.47999954223633,1886000
2011-01-05,EWW,62.38999938964844,63.029998779296875,62.33000183105469,62.93000030517578,2711200
2011-01-06,EWW,62.86000061035156,63.099998474121094,62.4900016784668,62.650001525878906,2108600
2011-01-07,EWW,62.779998779296875,62.95000076293945,62.09000015258789,62.630001068115234,2688600
2011-01-10,EWW,62.29999923706055,62.560001373291016,62.0099983215332,62.43000030517578,2349900
2011-01-11,EWW,62.849998474121094,62.939998626708984,62.2400016784668,62.290000915527344,2052500
2011-01-12,EWW,62.880001068115234,63.0099983215332,62.38999938964844,62.439998626708984,3365900
2011-01-13,EWW,62.529998779296875,62.650001525878906,62.099998474121094,62.45000076293945,3200800
2011-01-14,EWW,62.310001373291016,62.83000183105469,62.29999923706055,62.7599983215332,1891400
2011-01-18,EWW,63.34000015258789,63.459999084472656,62.959999084472656,63.040000915527344,2188000
2011-01-19,EWW,63.06999969482422,63.22999954223633,62.189998626708984,62.33000183105469,3596700
2011-01-20,EWW,61.95000076293945,62.290000915527344,61.529998779296875,62.11000061035156,2949200
2011-01-21,EWW,62.47999954223633,62.58000183105469,61.68000030517578,61.810001373291016,3631200
2011-01-24,EWW,61.54999923706055,62.36000061035156,61.54999923706055,62.27000045776367,2708900
2011-01-25,EWW,61.959999084472656,62.400001525878906,61.529998779296875,61.849998474121094,1946600
2011-01-26,EWW,62.08000183105469,62.439998626708984,61.7400016784668,62.380001068115234,2267800
2011-01-27,EWW,62.45000076293945,62.560001373291016,62.02000045776367,62.029998779296875,2039600
2011-01-28,EWW,62.02000045776367,62.11000061035156,59.7599983215332,60.130001068115234,6245000
2011-01-31,EWW,60.470001220703125,60.81999969482422,60.130001068115234,60.7599983215332,2895100
2011-02-01,EWW,61.189998626708984,62.619998931884766,61.13999938964844,62.439998626708984,4180100
2011-02-02,EWW,62.290000915527344,63.040000915527344,62.189998626708984,62.81999969482422,3887700
2011-02-03,EWW,62.86000061035156,62.869998931884766,62.2400016784668,62.66999816894531,2426500
2011-02-04,EWW,62.81999969482422,62.81999969482422,62.040000915527344,62.040000915527344,4350000
2011-02-07,EWW,62.130001068115234,62.5,62.02000045776367,62.310001373291016,2538300
2011-02-08,EWW,62.15999984741211,62.310001373291016,61.810001373291016,62.04999923706055,3204500
2011-02-09,EWW,61.7599983215332,62.02000045776367,60.81999969482422,61.0099983215332,3452900
2011-02-10,EWW,60.630001068115234,60.84000015258789,60.25,60.400001525878906,3985900
2011-02-11,EWW,60.29999923706055,61.349998474121094,60.150001525878906,61.310001373291016,3041400
2011-02-14,EWW,61.33000183105469,61.38999938964844,61.060001373291016,61.06999969482422,1892600
2011-02-15,EWW,61.15999984741211,61.2400016784668,60.599998474121094,60.63999938964844,4716500
2011-02-16,EWW,60.81999969482422,61.459999084472656,60.81999969482422,61.189998626708984,2463900
2011-02-17,EWW,60.95000076293945,61.90999984741211,60.93000030517578,61.790000915527344,1978700
2011-02-18,EWW,61.75,62.56999969482422,61.7400016784668,62.25,2311600
2011-02-22,EWW,61.349998474121094,61.58000183105469,59.91999816894531,60.29999923706055,4225700
2011-02-23,EWW,60.2599983215332,60.33000183105469,59.099998474121094,59.720001220703125,4131700
2011-02-24,EWW,59.68000030517578,60.119998931884766,59.36000061035156,59.83000183105469,3115500
2011-02-25,EWW,60.09000015258789,60.619998931884766,60.04999923706055,60.52000045776367,1822200
2011-02-28,EWW,60.95000076293945,61.2599983215332,60.81999969482422,61.119998931884766,1543700
2011-03-01,EWW,61.2400016784668,61.290000915527344,60.36000061035156,60.36000061035156,2393000
2011-03-02,EWW,60.22999954223633,60.93000030517578,60.22999954223633,60.72999954223633,2716600
2011-03-03,EWW,61.45000076293945,61.779998779296875,61.18000030517578,61.7400016784668,1645500
2011-03-04,EWW,61.72999954223633,61.970001220703125,60.849998474121094,61.400001525878906,2024500
2011-03-07,EWW,61.34000015258789,61.560001373291016,60.40999984741211,60.54999923706055,3423500
2011-03-08,EWW,60.619998931884766,61.25,60.13999938964844,60.91999816894531,1899400
2011-03-09,EWW,60.97999954223633,61.16999816894531,60.63999938964844,60.970001220703125,1624800
2011-03-10,EWW,60.209999084472656,60.459999084472656,59.529998779296875,59.72999954223633,4048400
2011-03-11,EWW,59.400001525878906,60.4900016784668,59.31999969482422,60.380001068115234,2269500
2011-03-14,EWW,59.810001373291016,60.77000045776367,59.77000045776367,60.630001068115234,3206700
2011-03-15,EWW,58.689998626708984,60.02000045776367,58.5,59.790000915527344,5403000
2011-03-16,EWW,59.650001525878906,59.810001373291016,58.029998779296875,58.4900016784668,4733100
2011-03-17,EWW,59.06999969482422,59.369998931884766,58.52000045776367,58.58000183105469,4688800
2011-03-18,EWW,59.619998931884766,59.77000045776367,58.58000183105469,58.619998931884766,3132000
2011-03-21,EWW,59.34000015258789,59.91999816894531,59.220001220703125,59.380001068115234,2285600
2011-03-22,EWW,59.529998779296875,60.09000015258789,58.90999984741211,59.72999954223633,3328600
2011-03-23,EWW,59.58000183105469,60.81999969482422,59.36000061035156,60.75,3522700
2011-03-24,EWW,60.90999984741211,61.599998474121094,60.90999984741211,61.459999084472656,3162500
2011-03-25,EWW,61.83000183105469,61.9900016784668,61.06999969482422,61.130001068115234,2096400
2011-03-28,EWW,61.150001525878906,61.529998779296875,61.0099983215332,61.18000030517578,1576600
2011-03-29,EWW,61.279998779296875,61.540000915527344,61.02000045776367,61.439998626708984,1102900
2011-03-30,EWW,61.900001525878906,62.279998779296875,61.779998779296875,62.209999084472656,2044700
2011-03-31,EWW,62.2400016784668,62.97999954223633,62.029998779296875,62.849998474121094,2493700
2011-04-01,EWW,63.290000915527344,63.93000030517578,63.2400016784668,63.72999954223633,2696400
2011-04-04,EWW,63.93000030517578,64.05000305175781,63.52000045776367,63.779998779296875,1308200
2011-04-05,EWW,63.689998626708984,63.970001220703125,63.54999923706055,63.72999954223633,1892800
2011-04-06,EWW,64.06999969482422,64.5,63.939998626708984,64.0,1887300
2011-04-07,EWW,64.16000366210938,64.3499984741211,63.369998931884766,63.5099983215332,3797500
2011-04-08,EWW,63.83000183105469,64.08000183105469,63.5099983215332,63.869998931884766,2387900
2011-04-11,EWW,63.880001068115234,64.33999633789062,63.70000076293945,64.11000061035156,2158800
2011-04-12,EWW,63.59000015258789,63.83000183105469,63.04999923706055,63.150001525878906,2607900
2011-04-13,EWW,63.58000183105469,63.7599983215332,62.88999938964844,63.43000030517578,3339900
2011-04-14,EWW,63.02000045776367,63.310001373291016,62.7599983215332,63.13999938964844,3467600
2011-04-15,EWW,63.220001220703125,63.5,62.9900016784668,63.38999938964844,1716900
2011-04-18,EWW,62.45000076293945,63.040000915527344,61.5,61.720001220703125,3161700
2011-04-19,EWW,61.97999954223633,62.529998779296875,61.65999984741211,62.5099983215332,3827000
2011-04-20,EWW,63.47999954223633,63.5099983215332,63.060001373291016,63.40999984741211,1643500
2011-04-21,EWW,63.439998626708984,63.849998474121094,63.31999969482422,63.75,976600
2011-04-25,EWW,63.540000915527344,63.849998474121094,63.34000015258789,63.400001525878906,1009200
2011-04-26,EWW,63.59000015258789,63.90999984741211,63.369998931884766,63.90999984741211,2300000
2011-04-27,EWW,63.970001220703125,64.06999969482422,63.400001525878906,63.97999954223633,2453000
2011-04-28,EWW,63.59000015258789,64.02999877929688,63.27000045776367,63.619998931884766,5431300
2011-04-29,EWW,63.7599983215332,64.37999725341797,63.68000030517578,64.30999755859375,1330900
2011-05-02,EWW,64.5,64.6500015258789,63.689998626708984,63.75,3152300
2011-05-03,EWW,63.31999969482422,63.560001373291016,62.099998474121094,62.130001068115234,3187600
2011-05-04,EWW,62.209999084472656,62.5,60.959999084472656,61.16999816894531,4463000
2011-05-05,EWW,60.560001373291016,61.150001525878906,60.220001220703125,60.58000183105469,4101900
2011-05-06,EWW,61.7400016784668,61.7400016784668,60.650001525878906,60.90999984741211,2316300
2011-05-09,EWW,60.84000015258789,61.40999984741211,60.5099983215332,61.29999923706055,1837800
2011-05-10,EWW,61.54999923706055,62.25,61.54999923706055,62.08000183105469,1770700
2011-05-11,EWW,61.75,61.93000030517578,60.939998626708984,60.97999954223633,2800500
2011-05-12,EWW,60.90999984741211,61.0,60.2400016784668,60.77000045776367,2264500
2011-05-13,EWW,60.83000183105469,60.900001525878906,59.650001525878906,60.09000015258789,2505200
2011-05-16,EWW,59.97999954223633,60.5099983215332,59.81999969482422,60.150001525878906,1754700
2011-05-17,EWW,59.970001220703125,60.04999923706055,59.38999938964844,59.810001373291016,2307800
2011-05-18,EWW,59.939998626708984,60.83000183105469,59.810001373291016,60.79999923706055,1868400
2011-05-19,EWW,60.91999816894531,61.290000915527344,60.72999954223633,61.09000015258789,1423500
2011-05-20,EWW,60.97999954223633,61.209999084472656,60.45000076293945,61.02000045776367,2369700
2011-05-23,EWW,59.869998931884766,60.34000015258789,59.63999938964844,60.33000183105469,2036200
2011-05-24,EWW,60.599998474121094,60.970001220703125,60.54999923706055,60.77000045776367,2202300
2011-05-25,EWW,60.61000061035156,61.279998779296875,60.529998779296875,61.119998931884766,1783000
2011-05-26,EWW,61.25,61.66999816894531,61.119998931884766,61.630001068115234,1338100
2011-05-27,EWW,61.83000183105469,62.2599983215332,61.77000045776367,62.130001068115234,2059900
2011-05-31,EWW,62.52000045776367,62.52000045776367,61.88999938964844,62.36000061035156,1695100
2011-06-01,EWW,62.2400016784668,62.2599983215332,60.709999084472656,60.810001373291016,3104800
2011-06-02,EWW,61.0099983215332,61.27000045776367,60.459999084472656,61.18000030517578,2360600
2011-06-03,EWW,60.33000183105469,61.09000015258789,60.33000183105469,60.689998626708984,2840000
2011-06-06,EWW,60.470001220703125,60.5099983215332,59.290000915527344,59.459999084472656,2494300
2011-06-07,EWW,59.95000076293945,60.2400016784668,59.630001068115234,59.83000183105469,2574300
2011-06-08,EWW,59.7400016784668,59.779998779296875,59.150001525878906,59.369998931884766,1530600
2011-06-09,EWW,59.58000183105469,60.380001068115234,59.38999938964844,60.2599983215332,2109100
2011-06-10,EWW,59.97999954223633,59.97999954223633,59.08000183105469,59.22999954223633,1692400
2011-06-13,EWW,59.349998474121094,59.72999954223633,59.20000076293945,59.459999084472656,2603100
2011-06-14,EWW,60.09000015258789,60.63999938964844,60.0,60.47999954223633,1832000
2011-06-15,EWW,60.060001373291016,60.290000915527344,59.4900016784668,59.630001068115234,3333800
2011-06-16,EWW,59.459999084472656,59.779998779296875,58.9900016784668,59.220001220703125,2266500
2011-06-17,EWW,59.65999984741211,59.849998474121094,59.13999938964844,59.25,2344200
2011-06-20,EWW,59.130001068115234,59.61000061035156,59.040000915527344,59.540000915527344,1868700
2011-06-21,EWW,59.880001068115234,60.38999938964844,59.849998474121094,60.16999816894531,2455800
2011-06-22,EWW,59.68000030517578,60.349998474121094,59.4900016784668,59.79999923706055,2989800
2011-06-23,EWW,59.150001525878906,59.560001373291016,58.7599983215332,59.560001373291016,3735200
2011-06-24,EWW,59.58000183105469,59.68000030517578,59.20000076293945,59.310001373291016,1797100
2011-06-27,EWW,59.349998474121094,59.900001525878906,59.20000076293945,59.75,1757500
2011-06-28,EWW,59.90999984741211,61.150001525878906,59.84000015258789,61.11000061035156,1941200
2011-06-29,EWW,61.349998474121094,62.36000061035156,61.2599983215332,62.20000076293945,2846700
2011-06-30,EWW,62.2400016784668,62.779998779296875,62.06999969482422,62.560001373291016,2926400
2011-07-01,EWW,62.540000915527344,63.43000030517578,62.209999084472656,63.2599983215332,2033100
2011-07-05,EWW,63.34000015258789,63.41999816894531,62.70000076293945,62.900001525878906,2211900
2011-07-06,EWW,62.77000045776367,62.880001068115234,62.4900016784668,62.720001220703125,2163900
2011-07-07,EWW,63.2599983215332,63.56999969482422,63.2599983215332,63.41999816894531,1664300
2011-07-08,EWW,62.66999816894531,62.90999984741211,62.290000915527344,62.779998779296875,1688500
2011-07-11,EWW,61.83000183105469,62.08000183105469,61.63999938964844,61.86000061035156,1955200
2011-07-12,EWW,61.58000183105469,61.88999938964844,61.150001525878906,61.209999084472656,4510600
2011-07-13,EWW,61.68000030517578,62.36000061035156,61.2599983215332,62.150001525878906,2385600
2011-07-14,EWW,62.40999984741211,62.439998626708984,61.52000045776367,61.65999984741211,3541300
2011-07-15,EWW,62.02000045776367,62.15999984741211,61.34000015258789,61.66999816894531,2307500
2011-07-18,EWW,61.2400016784668,61.33000183105469,60.77000045776367,61.02000045776367,1695900
2011-07-19,EWW,61.5,61.79999923706055,60.93000030517578,61.439998626708984,1973000
2011-07-20,EWW,61.56999969482422,61.720001220703125,60.650001525878906,60.65999984741211,2488800
2011-07-21,EWW,60.9900016784668,61.52000045776367,60.66999816894531,61.369998931884766,3086900
2011-07-22,EWW,61.31999969482422,61.709999084472656,60.880001068115234,61.689998626708984,1705600
2011-07-25,EWW,61.11000061035156,61.650001525878906,60.91999816894531,61.33000183105469,1637500
2011-07-26,EWW,61.290000915527344,61.61000061035156,61.150001525878906,61.279998779296875,1564400
2011-07-27,EWW,60.790000915527344,61.56999969482422,60.2400016784668,61.459999084472656,3548300
2011-07-28,EWW,61.369998931884766,62.540000915527344,61.369998931884766,61.68000030517578,3659200
2011-07-29,EWW,60.869998931884766,62.11000061035156,60.68000030517578,61.810001373291016,3992400
2011-08-01,EWW,62.54999923706055,62.75,61.220001220703125,61.459999084472656,3100400
2011-08-02,EWW,61.0099983215332,61.31999969482422,59.189998626708984,59.25,3590500
2011-08-03,EWW,59.279998779296875,59.43000030517578,57.779998779296875,58.75,4635800
2011-08-04,EWW,57.59000015258789,57.939998626708984,55.56999969482422,55.650001525878906,6154700
2011-08-05,EWW,56.45000076293945,56.939998626708984,54.63999938964844,56.54999923706055,4875700
2011-08-08,EWW,54.2400016784668,55.33000183105469,51.54999923706055,51.790000915527344,5332500
2011-08-09,EWW,52.709999084472656,55.130001068115234,51.5,54.790000915527344,7240800
2011-08-10,EWW,53.2400016784668,53.83000183105469,51.59000015258789,52.150001525878906,5443600
2011-08-11,EWW,52.52000045776367,55.54999923706055,52.310001373291016,54.84000015258789,3675300
2011-08-12,EWW,55.630001068115234,55.95000076293945,54.63999938964844,54.7599983215332,2968100
2011-08-15,EWW,55.439998626708984,56.209999084472656,55.13999938964844,55.9900016784668,2751000
2011-08-16,EWW,55.290000915527344,56.060001373291016,54.959999084472656,56.029998779296875,2447900
2011-08-17,EWW,56.43000030517578,56.849998474121094,55.869998931884766,56.52000045776367,1466700
2011-08-18,EWW,54.7599983215332,54.900001525878906,53.61000061035156,54.720001220703125,3338800
2011-08-19,EWW,54.0,55.459999084472656,53.869998931884766,54.47999954223633,3191100
2011-08-22,EWW,55.88999938964844,55.88999938964844,54.619998931884766,54.959999084472656,2478600
2011-08-23,EWW,55.439998626708984,56.970001220703125,54.720001220703125,56.83000183105469,3381600
2011-08-24,EWW,56.5,57.33000183105469,55.779998779296875,56.22999954223633,2785000
2011-08-25,EWW,56.470001220703125,56.81999969482422,54.599998474121094,54.7599983215332,2535300
2011-08-26,EWW,54.470001220703125,55.56999969482422,53.47999954223633,55.310001373291016,3507000
2011-08-29,EWW,56.2400016784668,57.0099983215332,55.95000076293945,57.0099983215332,1851000
2011-08-30,EWW,56.59000015258789,57.06999969482422,56.2599983215332,56.630001068115234,1997900
2011-08-31,EWW,57.59000015258789,58.84000015258789,57.369998931884766,58.779998779296875,5081700
2011-09-01,EWW,58.7599983215332,59.7599983215332,58.470001220703125,58.66999816894531,3430500
2011-09-02,EWW,57.43000030517578,58.380001068115234,56.939998626708984,57.40999984741211,3029100
2011-09-06,EWW,54.849998474121094,56.119998931884766,54.380001068115234,56.119998931884766,3163900
2011-09-07,EWW,57.13999938964844,57.47999954223633,56.59000015258789,57.36000061035156,1970300
2011-09-08,EWW,56.58000183105469,57.40999984741211,56.15999984741211,56.400001525878906,3240900
2011-09-09,EWW,55.4900016784668,55.91999816894531,53.91999816894531,54.18000030517578,3531400
2011-09-12,EWW,53.18000030517578,53.849998474121094,52.5099983215332,53.540000915527344,3513200
2011-09-13,EWW,53.54999923706055,53.90999984741211,52.84000015258789,53.77000045776367,2567300
2011-09-14,EWW,53.91999816894531,54.689998626708984,52.83000183105469,54.22999954223633,3143800
2011-09-15,EWW,54.97999954223633,55.22999954223633,54.459999084472656,55.08000183105469,2508200
2011-09-16,EWW,55.279998779296875,55.7599983215332,54.52000045776367,54.83000183105469,1964700
2011-09-19,EWW,53.61000061035156,54.29999923706055,53.18000030517578,54.209999084472656,2000600
2011-09-20,EWW,54.43000030517578,54.540000915527344,52.68000030517578,52.810001373291016,3960200
2011-09-21,EWW,52.540000915527344,52.779998779296875,50.77000045776367,50.849998474121094,3494200
2011-09-22,EWW,48.72999954223633,49.04999923706055,46.959999084472656,47.2400016784668,7364100
2011-09-23,EWW,47.119998931884766,48.849998474121094,46.72999954223633,48.7599983215332,4329200
2011-09-26,EWW,49.09000015258789,50.36000061035156,48.31999969482422,50.2599983215332,3837200
2011-09-27,EWW,51.599998474121094,52.650001525878906,51.150001525878906,51.43000030517578,3765300
2011-09-28,EWW,51.22999954223633,51.83000183105469,49.79999923706055,50.040000915527344,2683700
2011-09-29,EWW,51.290000915527344,51.81999969482422,49.779998779296875,50.279998779296875,3210200
2011-09-30,EWW,49.04999923706055,49.40999984741211,48.099998474121094,48.97999954223633,3728400
2011-10-03,EWW,48.97999954223633,49.369998931884766,47.83000183105469,48.040000915527344,3474100
2011-10-04,EWW,47.54999923706055,49.119998931884766,46.650001525878906,49.119998931884766,4800000
2011-10-05,EWW,49.13999938964844,49.939998626708984,48.790000915527344,49.599998474121094,4203500
2011-10-06,EWW,49.63999938964844,50.869998931884766,49.18000030517578,50.779998779296875,3039800
2011-10-07,EWW,51.369998931884766,51.63999938964844,49.459999084472656,49.849998474121094,3427700
2011-10-10,EWW,51.150001525878906,51.81999969482422,50.869998931884766,51.630001068115234,2506700
2011-10-11,EWW,51.18000030517578,51.95000076293945,51.040000915527344,51.58000183105469,2370200
2011-10-12,EWW,52.20000076293945,53.439998626708984,52.02000045776367,52.790000915527344,3287500
2011-10-13,EWW,52.540000915527344,53.0,52.09000015258789,52.75,2545300
2011-10-14,EWW,53.630001068115234,53.90999984741211,53.33000183105469,53.5,2116300
2011-10-17,EWW,53.2400016784668,53.45000076293945,51.52000045776367,51.720001220703125,3036900
2011-10-18,EWW,51.779998779296875,53.709999084472656,51.38999938964844,53.43000030517578,3338700
2011-10-19,EWW,53.470001220703125,53.630001068115234,52.099998474121094,52.439998626708984,2129900
2011-10-20,EWW,52.43000030517578,52.7400016784668,50.650001525878906,51.41999816894531,3213900
2011-10-21,EWW,52.119998931884766,52.59000015258789,51.779998779296875,52.22999954223633,3410000
2011-10-24,EWW,52.560001373291016,54.0,52.439998626708984,53.900001525878906,2636100
2011-10-25,EWW,53.43000030517578,53.81999969482422,52.97999954223633,53.33000183105469,2949900
2011-10-26,EWW,54.16999816894531,54.779998779296875,53.15999984741211,54.34000015258789,3336200
2011-10-27,EWW,56.599998474121094,57.599998474121094,55.9900016784668,57.06999969482422,3514400
2011-10-28,EWW,56.650001525878906,57.849998474121094,56.560001373291016,57.52000045776367,2408400
2011-10-31,EWW,56.41999816894531,56.63999938964844,55.18000030517578,55.279998779296875,2359400
2011-11-01,EWW,52.7599983215332,53.97999954223633,52.45000076293945,53.43000030517578,4626600
2011-11-02,EWW,54.56999969482422,54.779998779296875,54.02000045776367,54.5099983215332,1975700
2011-11-03,EWW,55.34000015258789,55.84000015258789,54.619998931884766,55.54999923706055,3172100
2011-11-04,EWW,55.189998626708984,55.630001068115234,54.86000061035156,55.34000015258789,2674000
2011-11-07,EWW,55.33000183105469,56.27000045776367,55.16999816894531,56.0,2440900
2011-11-08,EWW,56.220001220703125,57.04999923706055,56.02000045776367,56.900001525878906,2701800
2011-11-09,EWW,54.849998474121094,55.72999954223633,54.369998931884766,54.529998779296875,3207600
2011-11-10,EWW,55.25,55.63999938964844,54.7599983215332,55.040000915527344,2038800
2011-11-11,EWW,55.869998931884766,56.65999984741211,55.790000915527344,56.56999969482422,2774500
2011-11-14,EWW,56.209999084472656,56.41999816894531,55.560001373291016,55.869998931884766,1736800
2011-11-15,EWW,55.36000061035156,56.25,55.22999954223633,55.86000061035156,2697800
2011-11-16,EWW,55.20000076293945,55.77000045776367,54.7400016784668,54.869998931884766,2380400
2011-11-17,EWW,54.81999969482422,55.27000045776367,53.4900016784668,53.689998626708984,3204300
2011-11-18,EWW,54.119998931884766,54.40999984741211,53.619998931884766,53.93000030517578,1785600
2011-11-21,EWW,52.63999938964844,52.97999954223633,51.70000076293945,52.130001068115234,4080700
2011-11-22,EWW,51.93000030517578,52.7599983215332,51.779998779296875,52.47999954223633,2990400
2011-11-23,EWW,51.779998779296875,51.90999984741211,50.7400016784668,50.880001068115234,2399100
2011-11-25,EWW,50.4900016784668,51.2599983215332,49.540000915527344,49.63999938964844,1926900
2011-11-28,EWW,51.59000015258789,52.439998626708984,51.459999084472656,51.7400016784668,3538500
2011-11-29,EWW,51.7599983215332,53.11000061035156,51.599998474121094,52.7599983215332,3995600
2011-11-30,EWW,55.150001525878906,55.47999954223633,54.439998626708984,55.029998779296875,4325700
2011-12-01,EWW,54.939998626708984,55.66999816894531,54.56999969482422,54.70000076293945,2627900
2011-12-02,EWW,55.220001220703125,55.58000183105469,54.84000015258789,55.040000915527344,2071400
2011-12-05,EWW,56.150001525878906,56.2400016784668,55.43000030517578,55.91999816894531,2595800
2011-12-06,EWW,55.779998779296875,56.20000076293945,55.540000915527344,55.9900016784668,2122000
2011-12-07,EWW,55.790000915527344,56.0099983215332,55.4900016784668,55.77000045776367,2588500
2011-12-08,EWW,55.18000030517578,55.369998931884766,54.18000030517578,54.40999984741211,2686400
2011-12-09,EWW,54.63999938964844,55.869998931884766,54.47999954223633,55.790000915527344,3574100
2011-12-12,EWW,54.619998931884766,54.650001525878906,53.459999084472656,54.09000015258789,2256000
2011-12-13,EWW,54.59000015258789,55.2599983215332,53.060001373291016,53.40999984741211,4485800
2011-12-14,EWW,53.099998474121094,53.36000061035156,52.29999923706055,52.59000015258789,3447900
2011-12-15,EWW,53.58000183105469,53.689998626708984,52.439998626708984,52.72999954223633,2926100
2011-12-16,EWW,53.31999969482422,53.459999084472656,52.43000030517578,52.86000061035156,2535100
2011-12-19,EWW,52.939998626708984,53.369998931884766,51.97999954223633,52.060001373291016,2825100
2011-12-20,EWW,52.93000030517578,53.31999969482422,52.93000030517578,53.15999984741211,3075200
2011-12-21,EWW,53.119998931884766,53.56999969482422,52.4900016784668,53.52000045776367,2877300
2011-12-22,EWW,53.630001068115234,54.20000076293945,53.5,54.130001068115234,1975200
2011-12-23,EWW,54.31999969482422,54.43000030517578,53.970001220703125,54.25,931900
2011-12-27,EWW,53.939998626708984,54.099998474121094,53.4900016784668,53.540000915527344,1327100
2011-12-28,EWW,53.650001525878906,53.650001525878906,52.77000045776367,53.0,1652900
2011-12-29,EWW,53.08000183105469,53.900001525878906,53.08000183105469,53.81999969482422,2406200
2011-12-30,EWW,53.720001220703125,54.27000045776367,53.63999938964844,53.7599983215332,1297700
2012-01-03,EWW,55.04999923706055,55.689998626708984,54.959999084472656,55.310001373291016,2203100
2012-01-04,EWW,54.9900016784668,55.47999954223633,54.84000015258789,55.2599983215332,2296200
2012-01-05,EWW,54.90999984741211,54.970001220703125,54.45000076293945,54.61000061035156,1995900
2012-01-06,EWW,54.70000076293945,54.93000030517578,54.119998931884766,54.29999923706055,1483600
2012-01-09,EWW,54.540000915527344,54.59000015258789,53.93000030517578,54.43000030517578,1779500
2012-01-10,EWW,55.220001220703125,55.529998779296875,55.06999969482422,55.119998931884766,1570800
2012-01-11,EWW,55.06999969482422,55.52000045776367,54.849998474121094,55.40999984741211,1323700
2012-01-12,EWW,55.630001068115234,55.88999938964844,55.349998474121094,55.81999969482422,1579300
2012-01-13,EWW,55.279998779296875,55.40999984741211,54.06999969482422,54.45000076293945,2362600
2012-01-17,EWW,55.38999938964844,55.709999084472656,54.90999984741211,55.130001068115234,2240000
2012-01-18,EWW,55.369998931884766,57.150001525878906,55.349998474121094,57.06999969482422,2883700
2012-01-19,EWW,57.2400016784668,58.13999938964844,57.16999816894531,57.61000061035156,2478700
2012-01-20,EWW,57.400001525878906,57.59000015258789,57.099998474121094,57.25,1678600
2012-01-23,EWW,57.68000030517578,57.779998779296875,57.0099983215332,57.119998931884766,1699400
2012-01-24,EWW,56.650001525878906,56.959999084472656,56.34000015258789,56.95000076293945,1399500
2012-01-25,EWW,56.650001525878906,58.04999923706055,56.400001525878906,57.970001220703125,2735600
2012-01-26,EWW,58.41999816894531,59.0099983215332,57.900001525878906,57.9900016784668,2591700
2012-01-27,EWW,57.900001525878906,58.369998931884766,57.84000015258789,58.34000015258789,2330500
2012-01-30,EWW,57.41999816894531,58.18000030517578,57.11000061035156,58.18000030517578,2185200
2012-01-31,EWW,58.619998931884766,58.97999954223633,57.689998626708984,58.16999816894531,5300500
2012-02-01,EWW,59.16999816894531,59.58000183105469,58.880001068115234,59.22999954223633,2145300
2012-02-02,EWW,59.369998931884766,59.970001220703125,59.290000915527344,59.599998474121094,2458600
2012-02-03,EWW,60.310001373291016,61.09000015258789,60.2599983215332,60.959999084472656,3949600
2012-02-06,EWW,60.5,60.970001220703125,60.2599983215332,60.7400016784668,2310600
2012-02-07,EWW,60.880001068115234,61.279998779296875,60.650001525878906,60.790000915527344,1715100
2012-02-08,EWW,60.7599983215332,61.04999923706055,60.29999923706055,60.61000061035156,2445600
2012-02-09,EWW,60.61000061035156,61.15999984741211,60.41999816894531,61.130001068115234,4268600
2012-02-10,EWW,60.11000061035156,60.41999816894531,59.7599983215332,60.369998931884766,4383100
2012-02-13,EWW,61.20000076293945,61.20000076293945,60.7599983215332,61.0099983215332,1674800
2012-02-14,EWW,60.599998474121094,60.81999969482422,59.68000030517578,60.189998626708984,2853500
2012-02-15,EWW,60.33000183105469,60.540000915527344,59.619998931884766,59.77000045776367,2288200
2012-02-16,EWW,59.380001068115234,60.630001068115234,59.380001068115234,60.529998779296875,2769900
2012-02-17,EWW,60.880001068115234,61.09000015258789,60.20000076293945,60.349998474121094,2428200
2012-02-21,EWW,60.79999923706055,60.939998626708984,59.83000183105469,59.939998626708984,2269800
2012-02-22,EWW,59.790000915527344,59.91999816894531,59.439998626708984,59.75,1947100
2012-02-23,EWW,59.900001525878906,60.13999938964844,59.470001220703125,59.97999954223633,1905000
2012-02-24,EWW,60.13999938964844,60.189998626708984,59.400001525878906,59.630001068115234,1395300
2012-02-27,EWW,59.2400016784668,59.63999938964844,58.90999984741211,59.29999923706055,2150300
2012-02-28,EWW,59.36000061035156,60.119998931884766,59.279998779296875,59.70000076293945,4552600
2012-02-29,EWW,60.02000045776367,60.63999938964844,59.34000015258789,59.34000015258789,4743900
2012-03-01,EWW,59.59000015258789,60.43000030517578,59.56999969482422,60.33000183105469,2778800
2012-03-02,EWW,60.18000030517578,60.66999816894531,59.93000030517578,60.63999938964844,2933200
2012-03-05,EWW,60.349998474121094,60.36000061035156,59.83000183105469,60.06999969482422,3229200
2012-03-06,EWW,59.02000045776367,59.290000915527344,58.119998931884766,58.400001525878906,3942200
2012-03-07,EWW,58.47999954223633,59.099998474121094,58.31999969482422,59.02000045776367,2254300
2012-03-08,EWW,59.630001068115234,60.310001373291016,59.310001373291016,60.25,2478400
2012-03-09,EWW,60.4900016784668,60.91999816894531,60.209999084472656,60.2599983215332,1937000
2012-03-12,EWW,60.13999938964844,60.25,59.70000076293945,60.060001373291016,1890400
2012-03-13,EWW,60.36000061035156,61.400001525878906,60.290000915527344,61.36000061035156,5496800
2012-03-14,EWW,61.20000076293945,61.2599983215332,60.369998931884766,60.61000061035156,2784400
2012-03-15,EWW,60.7400016784668,61.27000045776367,60.599998474121094,61.15999984741211,1521500
2012-03-16,EWW,61.29999923706055,61.40999984741211,61.02000045776367,61.060001373291016,1952500
2012-03-19,EWW,61.0099983215332,61.5,60.84000015258789,61.189998626708984,2849000
2012-03-20,EWW,60.4900016784668,61.209999084472656,60.369998931884766,60.630001068115234,3605600
2012-03-21,EWW,60.86000061035156,61.349998474121094,60.849998474121094,61.29999923706055,2127100
2012-03-22,EWW,60.540000915527344,60.70000076293945,60.349998474121094,60.650001525878906,2360800
2012-03-23,EWW,60.540000915527344,60.959999084472656,60.189998626708984,60.88999938964844,1567800
2012-03-26,EWW,61.439998626708984,62.400001525878906,61.439998626708984,62.34000015258789,2177500
2012-03-27,EWW,62.40999984741211,62.75,62.16999816894531,62.20000076293945,2215200
2012-03-28,EWW,61.97999954223633,62.18000030517578,61.2599983215332,61.84000015258789,3157700
2012-03-29,EWW,61.22999954223633,62.0099983215332,60.810001373291016,61.939998626708984,2234700
2012-03-30,EWW,62.4900016784668,62.650001525878906,62.0099983215332,62.52000045776367,2786100
2012-04-02,EWW,62.4900016784668,63.72999954223633,62.400001525878906,63.619998931884766,2982300
2012-04-03,EWW,63.84000015258789,63.84000015258789,63.08000183105469,63.52000045776367,2940700
2012-04-04,EWW,63.02000045776367,63.02000045776367,62.43000030517578,62.54999923706055,2104400
2012-04-05,EWW,62.130001068115234,62.599998474121094,62.0,62.220001220703125,1765300
2012-04-09,EWW,61.11000061035156,61.7400016784668,61.08000183105469,61.68000030517578,2372000
2012-04-10,EWW,61.04999923706055,61.38999938964844,59.86000061035156,60.11000061035156,4561200
2012-04-11,EWW,60.810001373291016,60.90999984741211,60.22999954223633,60.43000030517578,2348700
2012-04-12,EWW,60.650001525878906,61.29999923706055,60.54999923706055,61.22999954223633,2330800
2012-04-13,EWW,61.0,61.0,60.040000915527344,60.099998474121094,2139800
2012-04-16,EWW,60.40999984741211,60.86000061035156,59.400001525878906,60.06999969482422,3182300
2012-04-17,EWW,60.66999816894531,61.22999954223633,60.439998626708984,60.93000030517578,1812100
2012-04-18,EWW,60.68000030517578,61.099998474121094,60.400001525878906,60.70000076293945,2378700
2012-04-19,EWW,60.5099983215332,60.970001220703125,60.150001525878906,60.400001525878906,2346100
2012-04-20,EWW,60.880001068115234,61.31999969482422,60.86000061035156,61.08000183105469,2108400
2012-04-23,EWW,59.75,60.25,58.93000030517578,60.189998626708984,2537300
2012-04-24,EWW,60.209999084472656,60.63999938964844,59.84000015258789,59.959999084472656,1609800
2012-04-25,EWW,60.47999954223633,60.790000915527344,60.13999938964844,60.65999984741211,2897600
2012-04-26,EWW,60.31999969482422,60.88999938964844,60.08000183105469,60.84000015258789,1418200
2012-04-27,EWW,61.209999084472656,62.060001373291016,60.849998474121094,61.88999938964844,2865700
2012-04-30,EWW,61.900001525878906,62.0,61.52000045776367,61.84000015258789,3776200
2012-05-01,EWW,61.970001220703125,62.95000076293945,61.65999984741211,62.38999938964844,1626600
2012-05-02,EWW,61.970001220703125,62.470001220703125,61.880001068115234,62.380001068115234,2836100
2012-05-03,EWW,62.52000045776367,62.779998779296875,61.709999084472656,62.08000183105469,2428100
2012-05-04,EWW,61.59000015258789,61.810001373291016,61.040000915527344,61.16999816894531,2089500
2012-05-07,EWW,61.09000015258789,62.2400016784668,61.029998779296875,62.16999816894531,2356100
2012-05-08,EWW,61.349998474121094,61.349998474121094,59.810001373291016,60.25,3884300
2012-05-09,EWW,59.08000183105469,59.970001220703125,58.88999938964844,59.59000015258789,1981600
2012-05-10,EWW,60.25,60.36000061035156,59.59000015258789,59.630001068115234,1419200
2012-05-11,EWW,59.119998931884766,59.72999954223633,58.72999954223633,58.790000915527344,3887600
2012-05-14,EWW,57.86000061035156,58.470001220703125,57.5099983215332,57.540000915527344,2271100
2012-05-15,EWW,57.29999923706055,57.599998474121094,56.08000183105469,56.380001068115234,2771400
2012-05-16,EWW,56.43000030517578,56.7599983215332,55.529998779296875,55.90999984741211,2862000
2012-05-17,EWW,55.790000915527344,56.099998474121094,55.25,55.400001525878906,2124600
2012-05-18,EWW,55.77000045776367,55.869998931884766,54.560001373291016,54.90999984741211,2618000
2012-05-21,EWW,54.709999084472656,56.279998779296875,54.709999084472656,56.20000076293945,3089200
2012-05-22,EWW,56.27000045776367,56.630001068115234,55.29999923706055,55.720001220703125,2581600
2012-05-23,EWW,55.15999984741211,55.2400016784668,54.150001525878906,55.220001220703125,2131800
2012-05-24,EWW,55.2599983215332,55.599998474121094,54.810001373291016,55.33000183105469,2707400
2012-05-25,EWW,55.20000076293945,55.40999984741211,55.0099983215332,55.040000915527344,2718000
2012-05-29,EWW,55.90999984741211,56.81999969482422,55.90999984741211,56.61000061035156,2310700
2012-05-30,EWW,55.58000183105469,55.86000061035156,55.349998474121094,55.61000061035156,1772400
2012-05-31,EWW,55.41999816894531,55.529998779296875,54.29999923706055,54.47999954223633,7458600
2012-06-01,EWW,53.5,53.95000076293945,53.4900016784668,53.650001525878906,2861000
2012-06-04,EWW,53.79999923706055,54.31999969482422,53.540000915527344,53.97999954223633,2741600
2012-06-05,EWW,53.900001525878906,54.060001373291016,53.5,53.810001373291016,2749800
2012-06-06,EWW,54.27000045776367,55.150001525878906,54.099998474121094,54.709999084472656,2842200
2012-06-07,EWW,55.7599983215332,56.04999923706055,54.650001525878906,54.66999816894531,2615400
2012-06-08,EWW,54.34000015258789,55.41999816894531,54.209999084472656,55.33000183105469,2254400
2012-06-11,EWW,55.70000076293945,56.0,54.18000030517578,54.25,2531300
2012-06-12,EWW,54.790000915527344,55.13999938964844,54.310001373291016,55.09000015258789,2095200
2012-06-13,EWW,54.97999954223633,55.220001220703125,54.70000076293945,54.88999938964844,1686800
2012-06-14,EWW,54.81999969482422,55.779998779296875,54.689998626708984,55.689998626708984,2025900
2012-06-15,EWW,55.81999969482422,56.380001068115234,55.7400016784668,56.15999984741211,2620400
2012-06-18,EWW,55.75,57.040000915527344,55.7400016784668,56.959999084472656,2162000
2012-06-19,EWW,57.59000015258789,58.540000915527344,57.22999954223633,58.36000061035156,2651800
2012-06-20,EWW,58.439998626708984,58.9900016784668,57.91999816894531,58.52000045776367,2625500
2012-06-21,EWW,58.0,58.220001220703125,56.459999084472656,56.529998779296875,2782000
2012-06-22,EWW,57.130001068115234,57.7400016784668,56.84000015258789,57.65999984741211,2660900
2012-06-25,EWW,57.029998779296875,57.61000061035156,56.91999816894531,57.41999816894531,2443800
2012-06-26,EWW,57.72999954223633,58.7599983215332,57.459999084472656,58.650001525878906,3222200
2012-06-27,EWW,58.9900016784668,59.77000045776367,58.63999938964844,59.36000061035156,2793800
2012-06-28,EWW,58.880001068115234,59.5099983215332,58.7599983215332,59.45000076293945,2674100
2012-06-29,EWW,61.06999969482422,61.599998474121094,60.720001220703125,61.45000076293945,2878200
2012-07-02,EWW,61.630001068115234,61.72999954223633,61.04999923706055,61.720001220703125,2008300
2012-07-03,EWW,61.66999816894531,63.2400016784668,61.47999954223633,62.290000915527344,2498100
2012-07-05,EWW,62.189998626708984,62.189998626708984,61.040000915527344,61.2599983215332,2332500
2012-07-06,EWW,60.66999816894531,60.939998626708984,60.560001373291016,60.79999923706055,2088500
2012-07-09,EWW,60.58000183105469,61.380001068115234,60.58000183105469,61.310001373291016,1691300
2012-07-10,EWW,62.0,62.16999816894531,61.119998931884766,61.34000015258789,2679900
2012-07-11,EWW,61.380001068115234,61.79999923706055,61.13999938964844,61.720001220703125,1921100
2012-07-12,EWW,60.939998626708984,61.290000915527344,60.25,60.95000076293945,3705700
2012-07-13,EWW,61.400001525878906,62.220001220703125,61.400001525878906,61.97999954223633,2369000
2012-07-16,EWW,61.880001068115234,63.040000915527344,61.709999084472656,62.970001220703125,1959000
2012-07-17,EWW,63.36000061035156,63.84000015258789,62.650001525878906,63.7599983215332,3109300
2012-07-18,EWW,63.189998626708984,63.849998474121094,63.0099983215332,63.150001525878906,1805800
2012-07-19,EWW,63.06999969482422,63.08000183105469,62.220001220703125,62.68000030517578,2539900
2012-07-20,EWW,62.13999938964844,62.4900016784668,62.13999938964844,62.369998931884766,2297500
2012-07-23,EWW,60.869998931884766,61.65999984741211,60.66999816894531,61.40999984741211,2486900
2012-07-24,EWW,61.54999923706055,61.54999923706055,60.16999816894531,60.68000030517578,2107900
2012-07-25,EWW,61.13999938964844,61.189998626708984,60.27000045776367,60.400001525878906,2297100
2012-07-26,EWW,61.540000915527344,62.209999084472656,61.459999084472656,62.11000061035156,2160800
2012-07-27,EWW,62.65999984741211,63.66999816894531,62.20000076293945,63.380001068115234,2353800
2012-07-30,EWW,63.380001068115234,63.79999923706055,62.959999084472656,63.099998474121094,2515400
2012-07-31,EWW,63.22999954223633,63.560001373291016,62.08000183105469,62.13999938964844,2805300
2012-08-01,EWW,62.36000061035156,62.70000076293945,61.84000015258789,61.869998931884766,2549000
2012-08-02,EWW,61.34000015258789,62.25,61.34000015258789,62.11000061035156,2340400
2012-08-03,EWW,63.40999984741211,63.650001525878906,63.130001068115234,63.290000915527344,1869400
2012-08-06,EWW,63.52000045776367,63.81999969482422,62.970001220703125,63.0099983215332,1953300
2012-08-07,EWW,63.45000076293945,63.599998474121094,62.88999938964844,62.939998626708984,1840700
2012-08-08,EWW,62.810001373291016,63.16999816894531,62.56999969482422,62.849998474121094,1429100
2012-08-09,EWW,62.93000030517578,63.310001373291016,62.59000015258789,62.77000045776367,1357800
2012-08-10,EWW,62.470001220703125,63.18000030517578,62.34000015258789,63.060001373291016,1393200
2012-08-13,EWW,62.95000076293945,62.970001220703125,62.119998931884766,62.189998626708984,1357000
2012-08-14,EWW,62.560001373291016,62.709999084472656,62.279998779296875,62.349998474121094,2582200
2012-08-15,EWW,62.31999969482422,62.97999954223633,61.900001525878906,62.88999938964844,2439000
2012-08-16,EWW,62.939998626708984,63.2599983215332,62.68000030517578,63.0,1409000
2012-08-17,EWW,62.939998626708984,63.279998779296875,62.65999984741211,63.04999923706055,1501500
2012-08-20,EWW,62.84000015258789,63.09000015258789,62.720001220703125,62.779998779296875,989500
2012-08-21,EWW,63.04999923706055,63.41999816894531,61.93000030517578,62.209999084472656,1804900
2012-08-22,EWW,62.02000045776367,62.33000183105469,61.4900016784668,62.29999923706055,1936500
2012-08-23,EWW,62.040000915527344,62.16999816894531,61.5099983215332,61.880001068115234,1417100
2012-08-24,EWW,61.43000030517578,62.380001068115234,61.349998474121094,62.29999923706055,2530900
2012-08-27,EWW,62.2400016784668,62.54999923706055,61.880001068115234,61.970001220703125,1851100
2012-08-28,EWW,61.97999954223633,62.220001220703125,61.689998626708984,62.09000015258789,1980600
2012-08-29,EWW,61.97999954223633,62.06999969482422,61.459999084472656,61.459999084472656,1590300
2012-08-30,EWW,61.18000030517578,61.34000015258789,60.70000076293945,61.290000915527344,2160200
2012-08-31,EWW,61.529998779296875,62.0099983215332,61.220001220703125,61.380001068115234,2916800
2012-09-04,EWW,61.77000045776367,62.0,61.349998474121094,61.709999084472656,2409100
2012-09-05,EWW,61.7599983215332,62.2400016784668,61.66999816894531,61.81999969482422,1669900
2012-09-06,EWW,62.27000045776367,63.040000915527344,62.27000045776367,62.83000183105469,2238600
2012-09-07,EWW,63.380001068115234,63.56999969482422,63.16999816894531,63.349998474121094,3852300
2012-09-10,EWW,63.18000030517578,63.290000915527344,62.75,62.869998931884766,1843500
2012-09-11,EWW,63.09000015258789,63.529998779296875,63.09000015258789,63.25,1581300
2012-09-12,EWW,63.400001525878906,63.709999084472656,63.16999816894531,63.4900016784668,1773000
2012-09-13,EWW,63.43000030517578,65.13999938964844,63.34000015258789,65.0999984741211,4205900
2012-09-14,EWW,65.4000015258789,66.4000015258789,65.33000183105469,65.73999786376953,2703300
2012-09-17,EWW,65.51000213623047,65.69999694824219,65.05000305175781,65.30000305175781,1406100
2012-09-18,EWW,65.1500015258789,65.38999938964844,64.91999816894531,65.23999786376953,1537700
2012-09-19,EWW,65.16000366210938,65.66000366210938,65.0,65.55999755859375,1780500
2012-09-20,EWW,64.87999725341797,65.2300033569336,64.68000030517578,64.87000274658203,1739100
2012-09-21,EWW,65.2699966430664,65.2699966430664,64.55999755859375,64.62999725341797,1926100
2012-09-24,EWW,64.30999755859375,64.83000183105469,64.12000274658203,64.7300033569336,1692700
2012-09-25,EWW,64.86000061035156,65.33999633789062,64.33000183105469,64.33999633789062,2465000
2012-09-26,EWW,64.0,64.5,63.29999923706055,64.4800033569336,3943400
2012-09-27,EWW,64.91999816894531,65.58000183105469,64.5199966430664,65.41999816894531,2730500
2012-09-28,EWW,65.31999969482422,65.51000213623047,64.93000030517578,65.38999938964844,2405700
2012-10-01,EWW,65.75,66.27999877929688,65.66999816894531,66.12000274658203,2258700
2012-10-02,EWW,66.4000015258789,66.45999908447266,65.83999633789062,65.94999694824219,2584200
2012-10-03,EWW,66.0999984741211,66.2300033569336,65.62999725341797,65.69000244140625,2584500
2012-10-04,EWW,66.11000061035156,67.06999969482422,66.08999633789062,66.98999786376953,3053800
2012-10-05,EWW,67.66999816894531,68.0999984741211,67.41999816894531,67.58000183105469,3343500
2012-10-08,EWW,67.0,67.43000030517578,66.94000244140625,67.27999877929688,3098000
2012-10-09,EWW,67.37000274658203,67.51000213623047,66.55999755859375,66.66999816894531,4092100
2012-10-10,EWW,66.70999908447266,66.88999938964844,65.94000244140625,66.06999969482422,3548400
2012-10-11,EWW,66.69999694824219,66.77999877929688,66.43000030517578,66.61000061035156,2242300
2012-10-12,EWW,66.68000030517578,66.9800033569336,66.41999816894531,66.73999786376953,1555900
2012-10-15,EWW,67.04000091552734,67.61000061035156,66.87999725341797,67.48999786376953,1930300
2012-10-16,EWW,68.0199966430664,68.44000244140625,67.80999755859375,68.38999938964844,3328900
2012-10-17,EWW,68.5,69.01000213623047,68.33000183105469,68.72000122070312,1876900
2012-10-18,EWW,68.4000015258789,68.87000274658203,68.20999908447266,68.66999816894531,3240300
2012-10-19,EWW,68.18000030517578,68.62000274658203,67.66000366210938,67.94999694824219,2925500
2012-10-22,EWW,68.30000305175781,68.30000305175781,67.12999725341797,67.62000274658203,1797800
2012-10-23,EWW,66.80999755859375,67.1500015258789,66.47000122070312,66.88999938964844,2207800
2012-10-24,EWW,67.2699966430664,67.2699966430664,66.77999877929688,66.93000030517578,1585200
2012-10-25,EWW,67.44999694824219,67.56999969482422,66.55999755859375,66.7699966430664,2340200
2012-10-26,EWW,66.55000305175781,66.87000274658203,66.19000244140625,66.47000122070312,1901700
2012-10-31,EWW,66.25,66.31999969482422,65.31999969482422,65.52999877929688,2376800
2012-11-01,EWW,65.94999694824219,66.30999755859375,65.66000366210938,66.2300033569336,2486000
2012-11-02,EWW,66.9800033569336,67.0,66.25,66.37999725341797,1785300
2012-11-05,EWW,65.87999725341797,66.20999908447266,65.68000030517578,66.05999755859375,1540700
2012-11-06,EWW,66.12000274658203,66.58999633789062,66.0999984741211,66.51000213623047,1911800
2012-11-07,EWW,66.06999969482422,66.08999633789062,64.68000030517578,64.94000244140625,3499100
2012-11-08,EWW,64.76000213623047,64.97000122070312,63.849998474121094,64.1500015258789,2937300
2012-11-09,EWW,63.75,64.44999694824219,63.5099983215332,63.86000061035156,3815900
2012-11-12,EWW,63.900001525878906,64.19000244140625,63.70000076293945,63.97999954223633,1461200
2012-11-13,EWW,63.540000915527344,64.55999755859375,63.40999984741211,64.33999633789062,2114000
2012-11-14,EWW,64.5999984741211,64.5999984741211,63.33000183105469,63.52000045776367,2850100
2012-11-15,EWW,63.61000061035156,63.790000915527344,63.13999938964844,63.43000030517578,2462900
2012-11-16,EWW,63.560001373291016,64.37999725341797,62.939998626708984,64.33999633789062,2925900
2012-11-19,EWW,65.20999908447266,65.38999938964844,64.87999725341797,65.33999633789062,2483400
2012-11-20,EWW,65.05999755859375,65.68000030517578,64.8499984741211,65.68000030517578,3426000
2012-11-21,EWW,65.62000274658203,66.13999938964844,65.44000244140625,66.12999725341797,1787100
2012-11-23,EWW,66.8499984741211,67.0,66.62000274658203,66.9800033569336,1122000
2012-11-26,EWW,66.68000030517578,67.08000183105469,66.55000305175781,66.62999725341797,1852600
2012-11-27,EWW,66.81999969482422,67.01000213623047,66.23999786376953,66.25,1999900
2012-11-28,EWW,66.05999755859375,66.88999938964844,65.7300033569336,66.83000183105469,2170600
2012-11-29,EWW,67.13999938964844,67.4000015258789,66.86000061035156,67.33999633789062,2437900
2012-11-30,EWW,67.44000244140625,67.44999694824219,66.77999877929688,67.26000213623047,3938100
2012-12-03,EWW,67.5199966430664,67.77999877929688,67.1500015258789,67.48999786376953,2013500
2012-12-04,EWW,67.69999694824219,67.8499984741211,67.37999725341797,67.72000122070312,1676300
2012-12-05,EWW,67.8499984741211,68.16999816894531,67.73999786376953,67.7699966430664,1639300
2012-12-06,EWW,67.97000122070312,68.56999969482422,67.8499984741211,68.54000091552734,1845300
2012-12-07,EWW,68.62999725341797,68.94000244140625,68.51000213623047,68.91999816894531,1703000
2012-12-10,EWW,69.02999877929688,69.83000183105469,68.97000122070312,69.73999786376953,2658300
2012-12-11,EWW,70.08000183105469,70.30000305175781,69.7699966430664,69.95999908447266,1805000
2012-12-12,EWW,70.19999694824219,70.69000244140625,69.87000274658203,70.22000122070312,2541800
2012-12-13,EWW,70.30000305175781,70.30000305175781,69.37000274658203,69.55999755859375,1939500
2012-12-14,EWW,69.77999877929688,69.98999786376953,69.55000305175781,69.9000015258789,1795800
2012-12-17,EWW,70.0,70.62000274658203,69.83999633789062,70.58999633789062,3792400
2012-12-18,EWW,70.41999816894531,71.54000091552734,70.2300033569336,71.20999908447266,3842800
2012-12-19,EWW,71.41999816894531,71.41999816894531,70.75,70.83999633789062,2401800
2012-12-20,EWW,70.83999633789062,71.04000091552734,70.44000244140625,70.70999908447266,2047700
2012-12-21,EWW,69.9800033569336,70.16999816894531,69.45999908447266,69.58999633789062,2754300
2012-12-24,EWW,69.66999816894531,69.70999908447266,69.22000122070312,69.26000213623047,459700
2012-12-26,EWW,69.1500015258789,69.66000366210938,69.05999755859375,69.08999633789062,921400
2012-12-27,EWW,69.22000122070312,69.69000244140625,68.76000213623047,69.36000061035156,1699600
2012-12-28,EWW,69.04000091552734,69.52999877929688,69.04000091552734,69.43000030517578,1482800
2012-12-31,EWW,69.4000015258789,70.52999877929688,69.26000213623047,70.52999877929688,1262900
2013-01-02,EWW,71.69000244140625,72.0199966430664,71.5999984741211,71.87000274658203,2393000
2013-01-03,EWW,71.9800033569336,72.5,71.54000091552734,71.7300033569336,2432500
2013-01-04,EWW,71.73999786376953,72.37000274658203,71.73999786376953,72.25,2233100
2013-01-07,EWW,72.12000274658203,72.33999633789062,71.80000305175781,72.0999984741211,1327900
2013-01-08,EWW,72.08000183105469,72.20999908447266,71.5999984741211,71.88999938964844,1622800
2013-01-09,EWW,72.19999694824219,72.87999725341797,72.02999877929688,72.70999908447266,1413100
2013-01-10,EWW,73.23999786376953,73.69999694824219,72.91000366210938,73.44999694824219,2969300
2013-01-11,EWW,73.5,73.66000366210938,73.18000030517578,73.3499984741211,1648200
2013-01-14,EWW,73.44000244140625,73.91999816894531,73.26000213623047,73.72000122070312,2467500
2013-01-15,EWW,73.26000213623047,73.54000091552734,73.12000274658203,73.48999786376953,2404000
2013-01-16,EWW,73.26000213623047,73.68000030517578,73.04000091552734,73.5199966430664,1882300
2013-01-17,EWW,73.94000244140625,74.19000244140625,73.63999938964844,73.80000305175781,2509000
2013-01-18,EWW,73.7300033569336,73.80999755859375,73.19000244140625,73.66999816894531,1654300
2013-01-22,EWW,73.56999969482422,74.16000366210938,73.43000030517578,74.0199966430664,1614900
2013-01-23,EWW,74.18000030517578,74.2300033569336,73.79000091552734,74.12000274658203,1470700
2013-01-24,EWW,74.2300033569336,74.62000274658203,74.0199966430664,74.30999755859375,1414400
2013-01-25,EWW,74.1500015258789,74.41999816894531,73.62000274658203,74.18000030517578,2291000
2013-01-28,EWW,73.87999725341797,74.18000030517578,73.44000244140625,74.01000213623047,3404100
2013-01-29,EWW,74.51000213623047,74.83999633789062,74.05000305175781,74.63999938964844,2308000
2013-01-30,EWW,74.44000244140625,74.75,74.01000213623047,74.13999938964844,3299600
2013-01-31,EWW,74.55999755859375,74.55999755859375,73.45999908447266,73.62000274658203,3125500
2013-02-01,EWW,74.23999786376953,75.0,73.91999816894531,74.94999694824219,2495900
2013-02-04,EWW,74.5199966430664,74.52999877929688,73.87999725341797,74.11000061035156,2695500
2013-02-05,EWW,74.44999694824219,74.66000366210938,74.12999725341797,74.45999908447266,2487400
2013-02-06,EWW,74.33000183105469,74.37000274658203,74.0,74.06999969482422,2088900
2013-02-07,EWW,74.06999969482422,74.30000305175781,72.7300033569336,73.0199966430664,2704000
2013-02-08,EWW,73.13999938964844,73.37999725341797,73.0199966430664,73.20999908447266,2175500
2013-02-11,EWW,72.94999694824219,73.2300033569336,72.66000366210938,73.06999969482422,1991100
2013-02-12,EWW,73.12000274658203,73.19999694824219,72.91999816894531,73.01000213623047,1368400
2013-02-13,EWW,72.58000183105469,73.54000091552734,71.56999969482422,71.80999755859375,3749600
2013-02-14,EWW,71.73999786376953,71.80000305175781,71.19000244140625,71.44999694824219,2146800
2013-02-15,EWW,71.66999816894531,71.98999786376953,71.43000030517578,71.7300033569336,1824900
2013-02-19,EWW,71.95999908447266,73.0199966430664,71.83000183105469,72.75,4328000
2013-02-20,EWW,72.66000366210938,72.73999786376953,71.62999725341797,71.72000122070312,2757800
2013-02-21,EWW,71.20999908447266,71.36000061035156,70.7300033569336,71.30999755859375,2749000
2013-02-22,EWW,71.77999877929688,71.77999877929688,71.01000213623047,71.55999755859375,2419900
2013-02-25,EWW,71.79000091552734,71.80000305175781,70.23999786376953,70.33999633789062,3218700
2013-02-26,EWW,70.48999786376953,70.48999786376953,69.62999725341797,70.08000183105469,2417300
2013-02-27,EWW,69.98999786376953,71.05999755859375,69.91999816894531,70.9800033569336,2398400
2013-02-28,EWW,70.93000030517578,71.73999786376953,70.69999694824219,71.31999969482422,2501100
2013-03-01,EWW,70.69999694824219,71.30999755859375,70.4000015258789,71.30000305175781,2105400
2013-03-04,EWW,71.05000305175781,71.26000213623047,70.70999908447266,71.23999786376953,2193800
2013-03-05,EWW,71.44000244140625,71.95999908447266,71.44000244140625,71.6500015258789,2536400
2013-03-06,EWW,71.88999938964844,72.01000213623047,71.63999938964844,71.8499984741211,1520600
2013-03-07,EWW,71.86000061035156,71.98999786376953,71.56999969482422,71.63999938964844,2062400
2013-03-08,EWW,72.44000244140625,73.05000305175781,71.7699966430664,72.91000366210938,4217500
2013-03-11,EWW,73.16000366210938,73.19999694824219,72.41999816894531,72.86000061035156,2292100
2013-03-12,EWW,72.86000061035156,73.33000183105469,72.66000366210938,73.29000091552734,2833000
2013-03-13,EWW,73.30999755859375,73.4000015258789,72.05000305175781,72.13999938964844,2693200
2013-03-14,EWW,72.23999786376953,72.6500015258789,71.80000305175781,72.29000091552734,3258000
2013-03-15,EWW,72.43000030517578,72.43000030517578,71.0199966430664,71.19000244140625,2532500
2013-03-18,EWW,70.56999969482422,71.08999633789062,70.2699966430664,70.5,2705900
2013-03-19,EWW,71.05999755859375,71.61000061035156,69.52999877929688,70.05000305175781,3536600
2013-03-20,EWW,70.41999816894531,71.19000244140625,70.19999694824219,71.05000305175781,4378300
2013-03-21,EWW,70.91999816894531,71.06999969482422,70.69999694824219,70.9000015258789,2525800
2013-03-22,EWW,71.0,71.68000030517578,70.95999908447266,71.58999633789062,2894200
2013-03-25,EWW,71.97000122070312,72.30000305175781,71.5999984741211,72.23999786376953,4659700
2013-03-26,EWW,72.55000305175781,73.58000183105469,72.44000244140625,73.52999877929688,3769000
2013-03-27,EWW,73.19999694824219,74.51000213623047,72.8499984741211,74.4800033569336,3799700
2013-03-28,EWW,74.44000244140625,74.72000122070312,74.1500015258789,74.58999633789062,1717400
2013-04-01,EWW,74.83999633789062,74.83999633789062,74.01000213623047,74.08000183105469,1286700
2013-04-02,EWW,74.16000366210938,75.08999633789062,74.12000274658203,74.87000274658203,3612100
2013-04-03,EWW,74.94000244140625,75.04000091552734,73.37999725341797,73.66000366210938,4271600
2013-04-04,EWW,73.77999877929688,74.12999725341797,73.12999725341797,73.5,2897100
2013-04-05,EWW,72.83000183105469,73.94999694824219,72.37000274658203,73.87000274658203,3431800
2013-04-08,EWW,74.02999877929688,74.5,73.73999786376953,74.31999969482422,2977800
2013-04-09,EWW,74.7699966430664,75.5999984741211,74.30999755859375,75.3499984741211,3936100
2013-04-10,EWW,75.75,76.58999633789062,75.68000030517578,76.26000213623047,3695500
2013-04-11,EWW,76.18000030517578,76.80000305175781,75.93000030517578,76.70999908447266,2811000
2013-04-12,EWW,76.20999908447266,76.44999694824219,75.30999755859375,75.44999694824219,2127400
2013-04-15,EWW,75.02999877929688,75.02999877929688,72.41999816894531,72.44999694824219,6561000
2013-04-16,EWW,73.30999755859375,73.79000091552734,73.0,73.4800033569336,2424900
2013-04-17,EWW,73.0999984741211,73.11000061035156,71.47000122070312,72.01000213623047,4493200
2013-04-18,EWW,72.6500015258789,72.6500015258789,71.33999633789062,71.83000183105469,2802600
2013-04-19,EWW,72.26000213623047,72.55999755859375,71.68000030517578,72.55999755859375,3216100
2013-04-22,EWW,72.54000091552734,72.97000122070312,72.1500015258789,72.77999877929688,3065600
2013-04-23,EWW,72.77999877929688,73.63999938964844,72.56999969482422,73.19000244140625,3498800
2013-04-24,EWW,73.31999969482422,73.31999969482422,71.6500015258789,72.36000061035156,3654400
2013-04-25,EWW,72.81999969482422,73.52999877929688,72.45999908447266,73.19000244140625,4362500
2013-04-26,EWW,73.01000213623047,73.01000213623047,71.9800033569336,72.04000091552734,2326000
2013-04-29,EWW,72.25,72.5,71.5,71.61000061035156,2587600
2013-04-30,EWW,71.68000030517578,72.5199966430664,71.58999633789062,72.3499984741211,2596800
2013-05-01,EWW,72.12000274658203,72.33999633789062,70.87999725341797,71.22000122070312,2409500
2013-05-02,EWW,71.41999816894531,72.18000030517578,71.41999816894531,71.86000061035156,3100700
2013-05-03,EWW,72.80999755859375,73.97000122070312,72.80999755859375,73.44000244140625,4520500
2013-05-06,EWW,73.02999877929688,73.44999694824219,72.66000366210938,72.80999755859375,1370100
2013-05-07,EWW,72.87000274658203,73.9000015258789,72.87000274658203,73.73999786376953,2754400
2013-05-08,EWW,73.69999694824219,74.18000030517578,73.16999816894531,73.47000122070312,2950500
2013-05-09,EWW,73.68000030517578,73.97000122070312,72.5999984741211,72.80999755859375,2222400
2013-05-10,EWW,72.56999969482422,73.02999877929688,71.72000122070312,72.25,2689400
2013-05-13,EWW,72.25,72.26000213623047,71.73999786376953,71.91000366210938,1719800
2013-05-14,EWW,72.16999816894531,72.52999877929688,71.87000274658203,72.11000061035156,2269900
2013-05-15,EWW,71.98999786376953,72.45999908447266,71.66000366210938,71.94999694824219,1910000
2013-05-16,EWW,71.9000015258789,71.9000015258789,71.0,71.22000122070312,2919200
2013-05-17,EWW,71.27999877929688,71.41000366210938,70.6500015258789,70.76000213623047,5541400
2013-05-20,EWW,70.70999908447266,70.88999938964844,69.5199966430664,69.7300033569336,6723500
2013-05-21,EWW,69.51000213623047,69.69999694824219,67.62000274658203,68.75,6069200
2013-05-22,EWW,68.91000366210938,69.94999694824219,67.25,67.55999755859375,5685900
2013-05-23,EWW,66.55999755859375,68.20999908447266,66.0999984741211,68.12000274658203,5154900
2013-05-24,EWW,67.38999938964844,67.72000122070312,66.66999816894531,67.5,4718300
2013-05-28,EWW,67.7699966430664,68.16999816894531,67.29000091552734,67.4800033569336,3074100
2013-05-29,EWW,67.19000244140625,67.5999984741211,66.91999816894531,67.31999969482422,2793000
2013-05-30,EWW,66.93000030517578,67.76000213623047,66.87000274658203,67.1500015258789,1715300
2013-05-31,EWW,66.66000366210938,68.5,66.55000305175781,68.33999633789062,7183700
2013-06-03,EWW,67.76000213623047,68.19000244140625,66.55999755859375,67.58999633789062,6206100
2013-06-04,EWW,67.61000061035156,67.91999816894531,66.81999969482422,67.20999908447266,2291900
2013-06-05,EWW,67.08999633789062,67.0999984741211,65.18000030517578,65.26000213623047,6216000
2013-06-06,EWW,65.06999969482422,66.5,65.05999755859375,66.48999786376953,4258600
2013-06-07,EWW,66.68000030517578,68.19000244140625,65.95999908447266,66.29000091552734,8621700
2013-06-10,EWW,66.02999877929688,66.37000274658203,65.55000305175781,66.19999694824219,2276200
2013-06-11,EWW,65.12999725341797,66.0,64.87000274658203,65.30000305175781,3274300
2013-06-12,EWW,65.80000305175781,65.80000305175781,63.43000030517578,64.13999938964844,4789000
2013-06-13,EWW,64.2699966430664,65.5,64.2699966430664,65.4800033569336,3444200
2013-06-14,EWW,65.62999725341797,65.94999694824219,64.72000122070312,64.79000091552734,2642500
2013-06-17,EWW,65.16000366210938,65.4800033569336,64.44999694824219,64.51000213623047,2048200
2013-06-18,EWW,64.13999938964844,64.83999633789062,63.970001220703125,64.05999755859375,3901800
2013-06-19,EWW,64.16999816894531,64.48999786376953,61.61000061035156,61.630001068115234,5167400
2013-06-20,EWW,60.540000915527344,60.810001373291016,58.290000915527344,58.810001373291016,6803100
2013-06-21,EWW,59.16999816894531,60.13999938964844,57.689998626708984,59.84000015258789,4960800
2013-06-24,EWW,58.88999938964844,59.470001220703125,57.7400016784668,58.95000076293945,5618100
2013-06-25,EWW,60.040000915527344,60.599998474121094,59.310001373291016,60.209999084472656,4086400
2013-06-26,EWW,60.65999984741211,61.959999084472656,60.65999984741211,61.529998779296875,4541700
2013-06-27,EWW,62.20000076293945,63.709999084472656,62.130001068115234,63.43000030517578,5490400
2013-06-28,EWW,63.0,65.30000305175781,62.79999923706055,65.25,4348100
2013-07-01,EWW,65.5199966430664,66.4000015258789,64.97000122070312,66.0,4456100
2013-07-02,EWW,65.70999908447266,66.30000305175781,64.55999755859375,65.08000183105469,3875700
2013-07-03,EWW,64.19000244140625,65.5199966430664,64.19000244140625,64.97000122070312,3528600
2013-07-05,EWW,65.55000305175781,65.81999969482422,63.439998626708984,64.48999786376953,3485200
2013-07-08,EWW,65.37000274658203,65.66999816894531,64.61000061035156,64.63999938964844,2723600
2013-07-09,EWW,65.29000091552734,65.43000030517578,64.56999969482422,64.75,2575000
2013-07-10,EWW,64.62999725341797,64.8499984741211,64.0199966430664,64.27999877929688,3099100
2013-07-11,EWW,65.75,65.87000274658203,65.0,65.76000213623047,3971200
2013-07-12,EWW,65.37000274658203,65.66999816894531,64.83000183105469,65.12999725341797,3287200
2013-07-15,EWW,65.5,66.33000183105469,65.45999908447266,66.16000366210938,2721000
2013-07-16,EWW,66.61000061035156,66.61000061035156,64.47000122070312,65.58000183105469,5125500
2013-07-17,EWW,66.0199966430664,67.16999816894531,65.80000305175781,66.9000015258789,6533600
2013-07-18,EWW,67.06999969482422,67.36000061035156,66.51000213623047,66.70999908447266,3037100
2013-07-19,EWW,66.43000030517578,66.44999694824219,65.7300033569336,66.08999633789062,2808600
2013-07-22,EWW,66.37000274658203,66.73999786376953,65.7699966430664,66.66000366210938,2749500
2013-07-23,EWW,66.88999938964844,67.72000122070312,66.6500015258789,67.66000366210938,3538400
2013-07-24,EWW,67.56999969482422,67.62999725341797,66.72000122070312,67.20999908447266,2702000
2013-07-25,EWW,67.08999633789062,67.62000274658203,66.83999633789062,67.37000274658203,1827100
2013-07-26,EWW,67.05000305175781,67.69999694824219,66.6500015258789,67.38999938964844,3475400
2013-07-29,EWW,67.0999984741211,67.18000030517578,65.54000091552734,65.62000274658203,2770300
2013-07-30,EWW,66.0,66.05999755859375,65.16000366210938,65.3499984741211,2522800
2013-07-31,EWW,65.0999984741211,67.01000213623047,64.62000274658203,66.06999969482422,4759700
2013-08-01,EWW,66.7300033569336,68.0199966430664,66.66999816894531,67.6500015258789,4123100
2013-08-02,EWW,67.73999786376953,69.4800033569336,67.73999786376953,69.11000061035156,3967200
2013-08-05,EWW,69.0199966430664,69.08999633789062,68.44000244140625,68.72000122070312,2802400
2013-08-06,EWW,68.6500015258789,68.95999908447266,67.91000366210938,68.80999755859375,3068000
2013-08-07,EWW,68.52999877929688,69.06999969482422,68.30000305175781,68.81999969482422,4103100
2013-08-08,EWW,69.41000366210938,70.48999786376953,69.1500015258789,70.27999877929688,2836500
2013-08-09,EWW,69.8499984741211,70.33000183105469,69.51000213623047,70.0199966430664,2072200
2013-08-12,EWW,69.94999694824219,70.62999725341797,68.69000244140625,69.02999877929688,4291300
2013-08-13,EWW,68.81999969482422,69.05999755859375,68.33999633789062,68.94000244140625,2863300
2013-08-14,EWW,68.79000091552734,69.80000305175781,68.7300033569336,69.19999694824219,3983900
2013-08-15,EWW,68.2300033569336,68.37000274658203,67.47000122070312,68.0,2805500
2013-08-16,EWW,67.87999725341797,68.19999694824219,67.0,67.26000213623047,2515700
2013-08-19,EWW,66.83999633789062,67.12999725341797,65.5,65.69999694824219,2711400
2013-08-20,EWW,65.54000091552734,66.81999969482422,65.51000213623047,66.58000183105469,2537400
2013-08-21,EWW,65.58999633789062,66.05000305175781,64.70999908447266,64.75,3449400
2013-08-22,EWW,65.08999633789062,65.80000305175781,64.2300033569336,64.8499984741211,1997400
2013-08-23,EWW,65.23999786376953,65.75,64.58999633789062,65.16999816894531,2047600
2013-08-26,EWW,65.41999816894531,65.41999816894531,63.31999969482422,63.619998931884766,3034300
2013-08-27,EWW,62.310001373291016,62.709999084472656,61.790000915527344,62.47999954223633,5262000
2013-08-28,EWW,62.0,62.61000061035156,61.279998779296875,61.400001525878906,2299200
2013-08-29,EWW,61.27000045776367,62.0,60.709999084472656,61.15999984741211,3872700
2013-08-30,EWW,61.58000183105469,61.81999969482422,60.939998626708984,61.56999969482422,4441900
2013-09-03,EWW,62.15999984741211,62.459999084472656,61.099998474121094,61.619998931884766,3084100
2013-09-04,EWW,61.880001068115234,62.880001068115234,61.290000915527344,62.290000915527344,4808200
2013-09-05,EWW,62.20000076293945,62.20000076293945,61.560001373291016,61.77000045776367,2715300
2013-09-06,EWW,62.939998626708984,63.65999984741211,61.869998931884766,62.9900016784668,4301400
2013-09-09,EWW,63.47999954223633,65.26000213623047,63.119998931884766,65.18000030517578,5485800
2013-09-10,EWW,65.77999877929688,66.33999633789062,65.37999725341797,66.30000305175781,3965700
2013-09-11,EWW,66.23999786376953,66.80999755859375,65.69999694824219,66.4000015258789,2765500
2013-09-12,EWW,66.1500015258789,66.1500015258789,64.58000183105469,64.76000213623047,4331000
2013-09-13,EWW,65.0999984741211,65.83000183105469,64.91999816894531,65.5,2492600
2013-09-16,EWW,66.79000091552734,67.0,65.94000244140625,66.1500015258789,1732500
2013-09-17,EWW,66.4000015258789,66.66000366210938,65.54000091552734,66.06999969482422,2928100
2013-09-18,EWW,66.16000366210938,68.88999938964844,65.18000030517578,68.70999908447266,5540200
2013-09-19,EWW,69.12000274658203,69.30000305175781,68.05999755859375,68.33000183105469,3950500
2013-09-20,EWW,68.30999755859375,68.37999725341797,66.18000030517578,66.41999816894531,5574900
2013-09-23,EWW,66.63999938964844,67.12999725341797,66.5199966430664,66.9800033569336,2675600
2013-09-24,EWW,66.87999725341797,66.9800033569336,66.22000122070312,66.37999725341797,2006000
2013-09-25,EWW,66.05000305175781,66.76000213623047,65.76000213623047,66.62999725341797,3310800
2013-09-26,EWW,67.08000183105469,67.16999816894531,65.81999969482422,65.95999908447266,1939700
2013-09-27,EWW,65.20999908447266,65.55999755859375,64.44000244140625,64.66000366210938,2233600
2013-09-30,EWW,63.630001068115234,64.44999694824219,63.459999084472656,63.88999938964844,2313200
2013-10-01,EWW,64.04000091552734,65.4800033569336,63.79999923706055,65.44999694824219,4678100
2013-10-02,EWW,65.0,65.69000244140625,64.69999694824219,65.69000244140625,2424300
2013-10-03,EWW,65.5999984741211,65.61000061035156,63.869998931884766,64.43000030517578,4575500
2013-10-04,EWW,64.55999755859375,65.44000244140625,64.36000061035156,65.06999969482422,1636100
2013-10-07,EWW,64.0199966430664,64.73999786376953,63.93000030517578,64.25,2337100
2013-10-08,EWW,64.20999908447266,64.54000091552734,62.65999984741211,62.880001068115234,2954300
2013-10-09,EWW,63.27000045776367,63.27000045776367,62.5099983215332,62.790000915527344,2763200
2013-10-10,EWW,63.97999954223633,65.0,63.54999923706055,64.69999694824219,3688000
2013-10-11,EWW,64.5,65.98999786376953,64.30000305175781,65.83000183105469,2676400
2013-10-14,EWW,65.2699966430664,66.27999877929688,64.95999908447266,65.91999816894531,1787300
2013-10-15,EWW,65.44000244140625,65.76000213623047,64.12000274658203,64.66000366210938,3262200
2013-10-16,EWW,65.41999816894531,65.80999755859375,64.8499984741211,65.41999816894531,2814700
2013-10-17,EWW,65.25,65.95999908447266,65.25,65.80999755859375,1569900
2013-10-18,EWW,65.80999755859375,66.19999694824219,65.58999633789062,65.58999633789062,1741800
2013-10-21,EWW,65.56999969482422,65.79000091552734,64.41999816894531,64.63999938964844,4940700
2013-10-22,EWW,65.30999755859375,66.5199966430664,65.22000122070312,66.25,4511000
2013-10-23,EWW,65.48999786376953,65.5999984741211,64.93000030517578,65.22000122070312,2037600
2013-10-24,EWW,65.2300033569336,65.26000213623047,64.47000122070312,64.70999908447266,3483000
2013-10-25,EWW,64.66999816894531,65.93000030517578,64.0999984741211,65.72000122070312,1994500
2013-10-28,EWW,65.7699966430664,66.72000122070312,65.75,66.69000244140625,2338300
2013-10-29,EWW,66.51000213623047,66.94000244140625,66.22000122070312,66.55999755859375,1603300
2013-10-30,EWW,66.9000015258789,66.91000366210938,65.4800033569336,65.86000061035156,3049400
2013-10-31,EWW,65.68000030517578,65.94000244140625,65.01000213623047,65.43000030517578,3240500
2013-11-01,EWW,65.4000015258789,65.7300033569336,65.06999969482422,65.70999908447266,1887600
2013-11-04,EWW,66.12000274658203,66.43000030517578,65.66999816894531,65.91000366210938,2504200
2013-11-05,EWW,64.91000366210938,65.19000244140625,63.650001525878906,63.810001373291016,5336000
2013-11-06,EWW,64.2300033569336,64.4000015258789,63.900001525878906,63.97999954223633,2115000
2013-11-07,EWW,64.36000061035156,64.51000213623047,62.970001220703125,63.099998474121094,3212800
2013-11-08,EWW,62.5,62.970001220703125,61.83000183105469,62.939998626708984,5423400
2013-11-11,EWW,62.599998474121094,63.11000061035156,62.25,62.4900016784668,1780000
2013-11-12,EWW,62.209999084472656,62.900001525878906,61.779998779296875,62.40999984741211,3466700
2013-11-13,EWW,62.279998779296875,63.27000045776367,62.0099983215332,63.15999984741211,1894900
2013-11-14,EWW,63.15999984741211,64.83999633789062,63.0099983215332,64.79000091552734,3645100
2013-11-15,EWW,64.93000030517578,66.51000213623047,64.9000015258789,65.93000030517578,4637500
2013-11-18,EWW,66.80000305175781,66.80000305175781,65.55999755859375,65.77999877929688,4314900
2013-11-19,EWW,65.80000305175781,66.1500015258789,65.12000274658203,65.52999877929688,3355900
2013-11-20,EWW,65.69999694824219,66.0,64.5199966430664,64.91999816894531,2663100
2013-11-21,EWW,64.94000244140625,65.58000183105469,64.63999938964844,65.27999877929688,1921000
2013-11-22,EWW,65.33000183105469,66.12000274658203,65.11000061035156,66.0,1956900
2013-11-25,EWW,65.75,66.05999755859375,65.11000061035156,65.20999908447266,1960600
2013-11-26,EWW,64.56999969482422,65.22000122070312,64.33999633789062,65.16999816894531,2620100
2013-11-27,EWW,65.01000213623047,66.37000274658203,64.77999877929688,66.30000305175781,2444500
2013-11-29,EWW,66.4800033569336,67.3499984741211,66.41999816894531,67.22000122070312,2499500
2013-12-02,EWW,66.9800033569336,67.30999755859375,66.06999969482422,66.18000030517578,2893600
2013-12-03,EWW,65.80000305175781,66.37999725341797,65.37999725341797,66.23999786376953,3053500
2013-12-04,EWW,66.0,67.11000061035156,65.72000122070312,66.76000213623047,3770800
2013-12-05,EWW,66.61000061035156,67.7300033569336,66.41000366210938,66.5199966430664,3027400
2013-12-06,EWW,67.91999816894531,68.43000030517578,67.2699966430664,67.4000015258789,4728800
2013-12-09,EWW,67.8499984741211,68.87000274658203,67.77999877929688,68.2300033569336,3833700
2013-12-10,EWW,68.22000122070312,68.7300033569336,68.11000061035156,68.66000366210938,2312300
2013-12-11,EWW,68.18000030517578,68.69000244140625,67.33999633789062,67.45999908447266,3283400
2013-12-12,EWW,67.08999633789062,67.19000244140625,66.01000213623047,66.91000366210938,3709000
2013-12-13,EWW,67.44999694824219,67.61000061035156,66.7300033569336,67.48999786376953,4512000
2013-12-16,EWW,67.70999908447266,68.25,67.37000274658203,67.5,3040200
2013-12-17,EWW,67.95999908447266,67.95999908447266,66.62000274658203,66.75,3703800
2013-12-18,EWW,66.2699966430664,67.94000244140625,65.29000091552734,66.95999908447266,6118700
2013-12-19,EWW,66.0199966430664,66.66000366210938,65.83999633789062,66.47000122070312,2581800
2013-12-20,EWW,66.55999755859375,67.4800033569336,66.54000091552734,66.5999984741211,3738700
2013-12-23,EWW,67.19000244140625,67.45999908447266,66.95999908447266,67.45999908447266,1809000
2013-12-24,EWW,67.27999877929688,67.87000274658203,67.27999877929688,67.38999938964844,752000
2013-12-26,EWW,67.18000030517578,67.6500015258789,66.91999816894531,67.05000305175781,825600
2013-12-27,EWW,67.20999908447266,67.58000183105469,66.8499984741211,67.58000183105469,1989500
2013-12-30,EWW,67.48999786376953,68.08000183105469,67.31999969482422,67.75,1666800
2013-12-31,EWW,67.95999908447266,68.08000183105469,67.18000030517578,68.0,1245500
2014-01-02,EWW,67.36000061035156,67.48999786376953,65.91999816894531,66.12000274658203,4474300
2014-01-03,EWW,66.58000183105469,66.7699966430664,65.80999755859375,66.08999633789062,2447400
2014-01-06,EWW,66.20999908447266,66.41999816894531,65.33000183105469,65.37999725341797,3629900
2014-01-07,EWW,66.0199966430664,66.37999725341797,65.75,66.11000061035156,4061500
2014-01-08,EWW,66.04000091552734,66.11000061035156,64.93000030517578,65.18000030517578,3909800
2014-01-09,EWW,65.41000366210938,65.51000213623047,64.5,65.47000122070312,3804700
2014-01-10,EWW,65.94999694824219,67.44000244140625,65.69999694824219,67.08000183105469,4972200
2014-01-13,EWW,67.16000366210938,67.19999694824219,66.01000213623047,66.36000061035156,3751300
2014-01-14,EWW,66.4000015258789,66.76000213623047,66.01000213623047,66.63999938964844,2365500
2014-01-15,EWW,66.58000183105469,66.9000015258789,66.2300033569336,66.3499984741211,2040000
2014-01-16,EWW,66.18000030517578,66.22000122070312,65.37000274658203,65.55000305175781,3401700
2014-01-17,EWW,65.22000122070312,65.36000061035156,64.75,65.16999816894531,2061300
2014-01-21,EWW,65.44999694824219,65.45999908447266,64.22000122070312,64.7699966430664,3073100
2014-01-22,EWW,64.87000274658203,65.12000274658203,64.27999877929688,65.04000091552734,1843700
2014-01-23,EWW,64.55999755859375,64.94000244140625,63.349998474121094,63.880001068115234,2963900
2014-01-24,EWW,62.599998474121094,63.119998931884766,62.0099983215332,62.61000061035156,4618300
2014-01-27,EWW,62.75,63.209999084472656,61.650001525878906,62.86000061035156,4431400
2014-01-28,EWW,63.11000061035156,63.720001220703125,62.95000076293945,63.15999984741211,3144500
2014-01-29,EWW,62.27000045776367,63.290000915527344,61.5,62.619998931884766,4079600
2014-01-30,EWW,63.41999816894531,63.41999816894531,62.59000015258789,63.11000061035156,2689300
2014-01-31,EWW,62.209999084472656,63.08000183105469,62.02000045776367,62.88999938964844,2466300
2014-02-03,EWW,62.81999969482422,62.81999969482422,60.290000915527344,60.54999923706055,5657100
2014-02-04,EWW,61.650001525878906,62.33000183105469,61.54999923706055,61.75,3884000
2014-02-05,EWW,61.650001525878906,62.709999084472656,61.06999969482422,61.72999954223633,3362100
2014-02-06,EWW,62.130001068115234,62.83000183105469,62.0,62.34000015258789,2550000
2014-02-07,EWW,62.61000061035156,62.939998626708984,61.59000015258789,62.709999084472656,4206300
2014-02-10,EWW,62.72999954223633,62.90999984741211,61.790000915527344,62.099998474121094,2177200
2014-02-11,EWW,62.099998474121094,63.5,62.0,63.16999816894531,6266900
2014-02-12,EWW,63.33000183105469,63.560001373291016,62.4900016784668,62.97999954223633,4806000
2014-02-13,EWW,62.369998931884766,62.869998931884766,62.20000076293945,62.7599983215332,2126900
2014-02-14,EWW,63.08000183105469,63.88999938964844,62.630001068115234,63.47999954223633,3062800
2014-02-18,EWW,63.7400016784668,63.779998779296875,62.90999984741211,63.0,2071800
2014-02-19,EWW,62.619998931884766,62.869998931884766,61.529998779296875,61.81999969482422,4413200
2014-02-20,EWW,61.650001525878906,61.90999984741211,61.08000183105469,61.5099983215332,3072800
2014-02-21,EWW,61.70000076293945,62.06999969482422,61.560001373291016,61.810001373291016,1975400
2014-02-24,EWW,62.11000061035156,62.72999954223633,61.81999969482422,61.81999969482422,2003200
2014-02-25,EWW,61.810001373291016,62.220001220703125,60.599998474121094,60.939998626708984,4991900
2014-02-26,EWW,61.150001525878906,61.150001525878906,59.52000045776367,59.81999969482422,3822800
2014-02-27,EWW,60.06999969482422,60.790000915527344,59.61000061035156,60.54999923706055,2918200
2014-02-28,EWW,60.63999938964844,60.88999938964844,59.91999816894531,60.31999969482422,3086200
2014-03-03,EWW,59.75,60.119998931884766,59.15999984741211,59.5,4864300
2014-03-04,EWW,60.619998931884766,60.75,60.040000915527344,60.4900016784668,3487700
2014-03-05,EWW,60.59000015258789,60.939998626708984,60.33000183105469,60.560001373291016,2408500
2014-03-06,EWW,61.209999084472656,62.150001525878906,61.209999084472656,61.29999923706055,4242800
2014-03-07,EWW,61.459999084472656,61.470001220703125,60.52000045776367,61.0,3862600
2014-03-10,EWW,60.68000030517578,60.869998931884766,60.220001220703125,60.54999923706055,1891400
2014-03-11,EWW,60.65999984741211,61.13999938964844,60.11000061035156,60.150001525878906,2820700
2014-03-12,EWW,60.04999923706055,60.459999084472656,59.77000045776367,60.349998474121094,2581100
2014-03-13,EWW,60.66999816894531,60.77000045776367,58.869998931884766,59.13999938964844,4738500
2014-03-14,EWW,59.0,59.45000076293945,58.83000183105469,59.369998931884766,2925100
2014-03-17,EWW,59.68000030517578,60.2400016784668,59.45000076293945,59.84000015258789,1375500
2014-03-18,EWW,59.7599983215332,61.099998474121094,59.560001373291016,60.959999084472656,2855000
2014-03-19,EWW,60.869998931884766,61.7599983215332,60.400001525878906,60.4900016784668,4458800
2014-03-20,EWW,60.290000915527344,61.91999816894531,59.880001068115234,61.56999969482422,3719400
2014-03-21,EWW,61.970001220703125,62.790000915527344,61.77000045776367,62.72999954223633,4757800
2014-03-24,EWW,63.0099983215332,63.470001220703125,62.40999984741211,62.52000045776367,3495400
2014-03-25,EWW,62.939998626708984,63.36000061035156,62.41999816894531,62.650001525878906,2598000
2014-03-26,EWW,63.0,63.130001068115234,62.31999969482422,62.34000015258789,2725200
2014-03-27,EWW,62.220001220703125,63.290000915527344,61.939998626708984,62.939998626708984,2799600
2014-03-28,EWW,63.369998931884766,63.83000183105469,63.08000183105469,63.09000015258789,2367200
2014-03-31,EWW,63.709999084472656,64.06999969482422,63.58000183105469,63.95000076293945,1843600
2014-04-01,EWW,64.2699966430664,64.51000213623047,63.7400016784668,63.95000076293945,1836900
2014-04-02,EWW,63.849998474121094,64.33999633789062,63.849998474121094,64.33000183105469,2650300
2014-04-03,EWW,63.88999938964844,64.26000213623047,63.0,63.65999984741211,2195600
2014-04-04,EWW,64.55999755859375,64.94000244140625,64.23999786376953,64.37999725341797,6503100
2014-04-07,EWW,64.41999816894531,64.79000091552734,63.91999816894531,64.26000213623047,2734700
2014-04-08,EWW,64.83000183105469,65.30999755859375,64.5,64.73999786376953,3401400
2014-04-09,EWW,64.9000015258789,64.95999908447266,64.11000061035156,64.83999633789062,2569700
2014-04-10,EWW,64.8499984741211,65.0199966430664,63.630001068115234,63.689998626708984,3754600
2014-04-11,EWW,63.220001220703125,63.93000030517578,63.06999969482422,63.75,4354900
2014-04-14,EWW,63.959999084472656,64.25,63.689998626708984,64.16999816894531,3719200
2014-04-15,EWW,63.86000061035156,64.0,63.029998779296875,63.599998474121094,2886700
2014-04-16,EWW,64.05999755859375,64.56999969482422,63.77000045776367,64.55000305175781,3884900
2014-04-17,EWW,64.5,65.0,64.1500015258789,64.8499984741211,1786100
2014-04-21,EWW,64.83000183105469,64.83000183105469,64.05999755859375,64.0999984741211,2031000
2014-04-22,EWW,64.0999984741211,64.20999908447266,63.65999984741211,63.7599983215332,1528000
2014-04-23,EWW,63.619998931884766,63.630001068115234,62.959999084472656,63.349998474121094,2202300
2014-04-24,EWW,63.52000045776367,63.65999984741211,62.91999816894531,63.56999969482422,1445000
2014-04-25,EWW,62.900001525878906,63.18000030517578,62.59000015258789,63.08000183105469,2516200
2014-04-28,EWW,63.099998474121094,63.27000045776367,62.66999816894531,62.91999816894531,1929400
2014-04-29,EWW,63.25,64.16999816894531,63.20000076293945,64.06999969482422,2813000
2014-04-30,EWW,63.529998779296875,64.23999786376953,63.470001220703125,63.880001068115234,2612400
2014-05-01,EWW,63.959999084472656,64.5,63.560001373291016,64.43000030517578,1461500
2014-05-02,EWW,64.4800033569336,64.94000244140625,64.4000015258789,64.56999969482422,3038600
2014-05-05,EWW,64.36000061035156,64.61000061035156,64.13999938964844,64.56999969482422,1414500
2014-05-06,EWW,64.58999633789062,65.70999908447266,64.43000030517578,65.31999969482422,2342400
2014-05-07,EWW,65.22000122070312,66.13999938964844,65.19999694824219,66.06999969482422,3211800
2014-05-08,EWW,66.19999694824219,66.69999694824219,65.80999755859375,65.87000274658203,2585600
2014-05-09,EWW,65.72000122070312,66.13999938964844,65.58999633789062,65.87000274658203,1330000
2014-05-12,EWW,66.38999938964844,66.58000183105469,66.12000274658203,66.55000305175781,2091800
2014-05-13,EWW,66.87999725341797,67.38999938964844,66.58999633789062,66.97000122070312,2539700
2014-05-14,EWW,67.18000030517578,67.18000030517578,66.69999694824219,66.87999725341797,1948200
2014-05-15,EWW,66.70999908447266,66.94000244140625,65.66000366210938,65.94000244140625,2598100
2014-05-16,EWW,66.43000030517578,66.79000091552734,66.02999877929688,66.70999908447266,2297500
2014-05-19,EWW,66.19999694824219,66.81999969482422,65.94999694824219,66.66000366210938,1324900
2014-05-20,EWW,66.16999816894531,66.70999908447266,66.16000366210938,66.41999816894531,1637200
2014-05-21,EWW,66.69999694824219,67.08000183105469,66.44000244140625,66.55000305175781,1177400
2014-05-22,EWW,66.83000183105469,67.18000030517578,66.79000091552734,66.94000244140625,1805500
2014-05-23,EWW,66.88999938964844,67.26000213623047,66.7699966430664,66.91000366210938,1384200
2014-05-27,EWW,66.88999938964844,67.33000183105469,66.5,66.98999786376953,2113500
2014-05-28,EWW,67.01000213623047,67.05999755859375,66.73999786376953,66.87999725341797,1697200
2014-05-29,EWW,66.95999908447266,67.30000305175781,66.93000030517578,67.0999984741211,1695500
2014-05-30,EWW,66.9000015258789,66.94000244140625,66.06999969482422,66.22000122070312,2616700
2014-06-02,EWW,66.2300033569336,66.61000061035156,66.0999984741211,66.5199966430664,1754400
2014-06-03,EWW,66.36000061035156,66.83000183105469,66.0999984741211,66.75,1917900
2014-06-04,EWW,66.36000061035156,66.58000183105469,66.2699966430664,66.45999908447266,1364900
2014-06-05,EWW,66.93000030517578,67.31999969482422,66.69999694824219,67.1500015258789,1986200
2014-06-06,EWW,67.55999755859375,68.16999816894531,67.47000122070312,67.91000366210938,3069700
2014-06-09,EWW,67.91000366210938,68.2699966430664,67.58000183105469,67.72000122070312,2110000
2014-06-10,EWW,67.56999969482422,67.83000183105469,67.22000122070312,67.73999786376953,1634400
2014-06-11,EWW,67.43000030517578,67.81999969482422,67.0,67.70999908447266,1939200
2014-06-12,EWW,68.0,68.13999938964844,67.5,67.69000244140625,1593200
2014-06-13,EWW,67.38999938964844,67.79000091552734,67.25,67.33000183105469,1258600
2014-06-16,EWW,66.97000122070312,67.30999755859375,66.66000366210938,67.27999877929688,1070400
2014-06-17,EWW,67.16999816894531,67.2300033569336,66.79000091552734,67.08999633789062,1430200
2014-06-18,EWW,67.26000213623047,68.13999938964844,67.06999969482422,68.12999725341797,2747300
2014-06-19,EWW,67.9800033569336,68.2699966430664,67.8499984741211,68.05999755859375,1798600
2014-06-20,EWW,67.9000015258789,68.19000244140625,67.9000015258789,68.13999938964844,1464000
2014-06-23,EWW,67.97000122070312,68.11000061035156,67.69000244140625,67.95999908447266,1988000
2014-06-24,EWW,68.02999877929688,68.20999908447266,67.5999984741211,67.73999786376953,2870700
2014-06-25,EWW,67.81999969482422,67.81999969482422,67.51000213623047,67.61000061035156,1205000
2014-06-26,EWW,67.72000122070312,67.75,67.19000244140625,67.23999786376953,1320300
2014-06-27,EWW,67.33999633789062,67.9800033569336,67.2300033569336,67.47000122070312,1590500
2014-06-30,EWW,67.69999694824219,67.98999786376953,67.26000213623047,67.80999755859375,2044800
2014-07-01,EWW,67.87000274658203,68.27999877929688,67.7699966430664,68.20999908447266,1940500
2014-07-02,EWW,68.31999969482422,68.61000061035156,68.05000305175781,68.61000061035156,2264000
2014-07-03,EWW,68.44000244140625,69.2300033569336,68.43000030517578,69.1500015258789,1183300
2014-07-07,EWW,68.93000030517578,69.13999938964844,68.72000122070312,68.80999755859375,983800
2014-07-08,EWW,68.80999755859375,69.05000305175781,68.30999755859375,68.70999908447266,2569700
2014-07-09,EWW,69.02999877929688,69.43000030517578,68.70999908447266,69.4000015258789,1749400
2014-07-10,EWW,68.44999694824219,69.22000122070312,68.37000274658203,68.94999694824219,2614200
2014-07-11,EWW,68.94999694824219,69.33000183105469,68.8499984741211,69.08000183105469,1080000
2014-07-14,EWW,69.43000030517578,69.8499984741211,69.13999938964844,69.80000305175781,1176800
2014-07-15,EWW,69.94999694824219,70.0999984741211,69.62999725341797,69.87000274658203,1635400
2014-07-16,EWW,70.16000366210938,70.41000366210938,69.80999755859375,70.20999908447266,2137200
2014-07-17,EWW,69.75,70.06999969482422,69.4000015258789,69.55000305175781,2059000
2014-07-18,EWW,69.98999786376953,70.36000061035156,69.66999816894531,70.31999969482422,1517700
2014-07-21,EWW,70.02999877929688,70.23999786376953,69.75,70.08000183105469,1798100
2014-07-22,EWW,70.6500015258789,70.7300033569336,70.2699966430664,70.2699966430664,1611000
2014-07-23,EWW,70.41999816894531,70.5999984741211,70.19000244140625,70.2300033569336,1301200
2014-07-24,EWW,70.38999938964844,70.91000366210938,70.30999755859375,70.77999877929688,4195200
2014-07-25,EWW,70.45999908447266,70.9800033569336,70.45999908447266,70.93000030517578,1150600
2014-07-28,EWW,70.83000183105469,70.97000122070312,70.61000061035156,70.80000305175781,1452700
2014-07-29,EWW,70.8499984741211,70.8499984741211,70.38999938964844,70.41000366210938,2046700
2014-07-30,EWW,70.38999938964844,70.48999786376953,69.3499984741211,69.63999938964844,3009700
2014-07-31,EWW,68.83000183105469,69.18000030517578,68.06999969482422,68.38999938964844,2662400
2014-08-01,EWW,68.44000244140625,69.05000305175781,68.22000122070312,68.87999725341797,2473900
2014-08-04,EWW,69.16999816894531,69.93000030517578,68.9000015258789,69.72000122070312,2153200
2014-08-05,EWW,69.12000274658203,69.52999877929688,68.79000091552734,69.1500015258789,2420800
2014-08-06,EWW,68.81999969482422,69.30999755859375,68.76000213623047,69.25,2083100
2014-08-07,EWW,69.37000274658203,69.44000244140625,68.3499984741211,68.58999633789062,2202500
2014-08-08,EWW,68.77999877929688,68.95999908447266,68.52999877929688,68.86000061035156,1874800
2014-08-11,EWW,69.27999877929688,70.1500015258789,69.2300033569336,70.11000061035156,3079100
2014-08-12,EWW,69.94000244140625,70.54000091552734,69.91000366210938,70.33000183105469,1439900
2014-08-13,EWW,70.7300033569336,71.0,70.47000122070312,70.58999633789062,1827800
2014-08-14,EWW,70.88999938964844,71.11000061035156,70.68000030517578,70.76000213623047,1185600
2014-08-15,EWW,71.08000183105469,71.12000274658203,70.18000030517578,70.52999877929688,1583200
2014-08-18,EWW,70.88999938964844,71.18000030517578,70.7699966430664,71.12999725341797,1233700
2014-08-19,EWW,71.29000091552734,71.38999938964844,70.98999786376953,71.31999969482422,1365300
2014-08-20,EWW,71.0,71.30999755859375,70.80000305175781,71.1500015258789,1027800
2014-08-21,EWW,71.44000244140625,71.6500015258789,71.26000213623047,71.5999984741211,1933700
2014-08-22,EWW,71.55999755859375,71.61000061035156,71.0,71.2300033569336,2156100
2014-08-25,EWW,71.45999908447266,71.62000274658203,71.26000213623047,71.41000366210938,928100
2014-08-26,EWW,71.75,71.87999725341797,71.41000366210938,71.51000213623047,1499800
2014-08-27,EWW,71.76000213623047,71.86000061035156,71.4800033569336,71.68000030517578,900100
2014-08-28,EWW,71.22000122070312,71.62000274658203,71.22000122070312,71.61000061035156,1012500
2014-08-29,EWW,71.66999816894531,71.93000030517578,71.44000244140625,71.77999877929688,1838700
2014-09-02,EWW,71.4000015258789,71.63999938964844,71.0999984741211,71.62999725341797,1930500
2014-09-03,EWW,72.19999694824219,72.19999694824219,71.8499984741211,72.0999984741211,1442900
2014-09-04,EWW,72.41999816894531,72.5199966430664,72.11000061035156,72.38999938964844,1191000
2014-09-05,EWW,72.5199966430664,73.01000213623047,72.5,73.0,2079400
2014-09-08,EWW,72.69999694824219,73.11000061035156,72.45999908447266,72.58999633789062,1646300
2014-09-09,EWW,71.98999786376953,72.33999633789062,71.3499984741211,71.4800033569336,3521900
2014-09-10,EWW,71.16999816894531,71.47000122070312,70.94999694824219,71.30000305175781,1286200
2014-09-11,EWW,70.9800033569336,71.37000274658203,70.79000091552734,70.83999633789062,1715000
2014-09-12,EWW,70.47000122070312,71.0199966430664,70.19999694824219,70.86000061035156,4552400
2014-09-15,EWW,70.88999938964844,71.29000091552734,70.70999908447266,70.91000366210938,1230000
2014-09-16,EWW,70.87000274658203,72.05999755859375,70.6500015258789,71.5,1822800
2014-09-17,EWW,71.77999877929688,71.77999877929688,71.04000091552734,71.2699966430664,1504100
2014-09-18,EWW,71.44000244140625,71.45999908447266,71.1500015258789,71.37000274658203,714200
2014-09-19,EWW,71.66000366210938,71.73999786376953,70.69999694824219,71.0,2567400
2014-09-22,EWW,70.52999877929688,70.76000213623047,69.51000213623047,69.8499984741211,3206700
2014-09-23,EWW,69.66999816894531,69.87000274658203,68.94999694824219,69.2300033569336,2035800
2014-09-24,EWW,69.41000366210938,69.80999755859375,69.25,69.68000030517578,1826400
2014-09-25,EWW,69.18000030517578,69.30000305175781,68.37999725341797,68.6500015258789,2003600
2014-09-26,EWW,68.44000244140625,68.52999877929688,68.12000274658203,68.41000366210938,2060500
2014-09-29,EWW,67.27999877929688,68.19000244140625,67.1500015258789,68.12999725341797,1782400
2014-09-30,EWW,68.12999725341797,68.7300033569336,68.0199966430664,68.7300033569336,2574800
2014-10-01,EWW,68.37999725341797,68.5999984741211,67.55000305175781,67.62999725341797,2616100
2014-10-02,EWW,67.62999725341797,68.1500015258789,67.16000366210938,67.87000274658203,3526900
2014-10-03,EWW,67.75,67.91000366210938,67.22000122070312,67.77999877929688,2328300
2014-10-06,EWW,68.7300033569336,69.3499984741211,68.5199966430664,68.5999984741211,2401700
2014-10-07,EWW,68.3499984741211,68.56999969482422,67.68000030517578,67.73999786376953,2010000
2014-10-08,EWW,67.80000305175781,68.76000213623047,67.16999816894531,68.45999908447266,3036700
2014-10-09,EWW,68.26000213623047,68.51000213623047,67.36000061035156,67.52999877929688,2479600
2014-10-10,EWW,67.3499984741211,67.3499984741211,66.2300033569336,66.31999969482422,2721600
2014-10-13,EWW,66.55000305175781,66.9800033569336,65.9000015258789,66.0,3289200
2014-10-14,EWW,66.19000244140625,66.54000091552734,66.0,66.06999969482422,2172500
2014-10-15,EWW,65.29000091552734,65.87000274658203,64.0199966430664,65.11000061035156,4484500
2014-10-16,EWW,63.81999969482422,65.58999633789062,63.65999984741211,65.06999969482422,3240800
2014-10-17,EWW,65.5999984741211,66.11000061035156,65.55000305175781,65.69999694824219,2368900
2014-10-20,EWW,65.61000061035156,65.9000015258789,65.4000015258789,65.66000366210938,1304100
2014-10-21,EWW,65.93000030517578,66.62999725341797,65.66999816894531,66.16000366210938,1825800
2014-10-22,EWW,66.16000366210938,66.36000061035156,65.83000183105469,65.87999725341797,2113100
2014-10-23,EWW,66.19000244140625,66.69000244140625,65.9800033569336,66.33000183105469,1775300
2014-10-24,EWW,66.20999908447266,66.63999938964844,66.0,66.29000091552734,1401100
2014-10-27,EWW,65.73999786376953,66.47000122070312,65.62999725341797,66.41999816894531,1617200
2014-10-28,EWW,66.91999816894531,67.5,66.69999694824219,67.4000015258789,2267400
2014-10-29,EWW,67.56999969482422,67.83000183105469,66.94999694824219,67.41000366210938,2047800
2014-10-30,EWW,67.5199966430664,68.13999938964844,67.29000091552734,68.11000061035156,1407100
2014-10-31,EWW,68.41000366210938,68.7300033569336,68.16999816894531,68.44999694824219,4672800
2014-11-03,EWW,68.30000305175781,68.47000122070312,67.80000305175781,67.94999694824219,1845100
2014-11-04,EWW,67.83999633789062,67.9000015258789,67.58000183105469,67.80999755859375,1515200
2014-11-05,EWW,67.5999984741211,67.95999908447266,67.4000015258789,67.83999633789062,1220700
2014-11-06,EWW,67.8499984741211,68.11000061035156,67.11000061035156,67.26000213623047,1537500
2014-11-07,EWW,67.5,67.72000122070312,67.26000213623047,67.5199966430664,1863800
2014-11-10,EWW,67.63999938964844,67.68000030517578,66.79000091552734,66.93000030517578,1512300
2014-11-11,EWW,66.73999786376953,67.05000305175781,66.51000213623047,66.62999725341797,1284100
2014-11-12,EWW,66.55000305175781,66.76000213623047,65.77999877929688,66.02999877929688,1367000
2014-11-13,EWW,66.05000305175781,66.08999633789062,65.47000122070312,65.83999633789062,2052400
2014-11-14,EWW,65.66000366210938,65.95999908447266,65.55000305175781,65.73999786376953,1119600
2014-11-17,EWW,65.45999908447266,66.0199966430664,65.33999633789062,65.88999938964844,1376400
2014-11-18,EWW,66.04000091552734,66.04000091552734,65.56999969482422,65.70999908447266,1678700
2014-11-19,EWW,65.44999694824219,66.5,65.37000274658203,66.41000366210938,2237000
2014-11-20,EWW,66.27999877929688,66.4800033569336,66.0999984741211,66.31999969482422,1131500
2014-11-21,EWW,67.19999694824219,67.56999969482422,67.08999633789062,67.25,2085700
2014-11-24,EWW,67.13999938964844,67.38999938964844,66.80000305175781,66.88999938964844,1047100
2014-11-25,EWW,67.05999755859375,67.18000030517578,66.55000305175781,66.5999984741211,1512000
2014-11-26,EWW,66.44000244140625,66.62999725341797,66.36000061035156,66.58000183105469,1006600
2014-11-28,EWW,65.94000244140625,66.20999908447266,65.06999969482422,65.33000183105469,1805700
2014-12-01,EWW,64.81999969482422,65.19000244140625,63.630001068115234,63.75,4883900
2014-12-02,EWW,63.630001068115234,63.709999084472656,62.290000915527344,62.52000045776367,3969200
2014-12-03,EWW,62.5099983215332,62.84000015258789,61.95000076293945,62.47999954223633,3614700
2014-12-04,EWW,62.400001525878906,62.5099983215332,61.810001373291016,61.959999084472656,3138700
2014-12-05,EWW,61.709999084472656,61.90999984741211,61.22999954223633,61.5099983215332,2450400
2014-12-08,EWW,61.400001525878906,61.630001068115234,60.709999084472656,60.970001220703125,3231400
2014-12-09,EWW,60.689998626708984,60.689998626708984,60.040000915527344,60.220001220703125,2977000
2014-12-10,EWW,59.95000076293945,60.04999923706055,58.060001373291016,58.279998779296875,5004900
2014-12-11,EWW,58.06999969482422,58.70000076293945,57.689998626708984,57.779998779296875,4481900
2014-12-12,EWW,57.650001525878906,57.650001525878906,56.25,56.43000030517578,3758700
2014-12-15,EWW,56.59000015258789,57.099998474121094,55.56999969482422,56.029998779296875,4896700
2014-12-16,EWW,55.11000061035156,56.66999816894531,54.459999084472656,55.84000015258789,5515400
2014-12-17,EWW,55.720001220703125,58.36000061035156,55.4900016784668,56.88999938964844,6317200
2014-12-18,EWW,58.0,59.540000915527344,57.630001068115234,59.060001373291016,5033400
2014-12-19,EWW,59.34000015258789,59.56999969482422,58.880001068115234,59.16999816894531,2442200
2014-12-22,EWW,59.29999923706055,59.4900016784668,59.0,59.279998779296875,1752800
2014-12-23,EWW,59.08000183105469,59.380001068115234,58.939998626708984,59.130001068115234,2070000
2014-12-24,EWW,59.220001220703125,59.43000030517578,59.02000045776367,59.279998779296875,814100
2014-12-26,EWW,59.47999954223633,59.790000915527344,59.189998626708984,59.2599983215332,2230700
2014-12-29,EWW,59.22999954223633,59.84000015258789,59.06999969482422,59.29999923706055,1159500
2014-12-30,EWW,59.209999084472656,59.56999969482422,59.060001373291016,59.290000915527344,1415500
2014-12-31,EWW,59.34000015258789,59.779998779296875,59.130001068115234,59.38999938964844,1171500
2015-01-02,EWW,59.11000061035156,59.349998474121094,57.560001373291016,57.880001068115234,3328600
2015-01-05,EWW,57.52000045776367,57.52000045776367,55.720001220703125,56.16999816894531,4571100
2015-01-06,EWW,56.459999084472656,57.02000045776367,55.970001220703125,56.70000076293945,3022000
2015-01-07,EWW,57.560001373291016,58.29999923706055,57.2599983215332,58.04999923706055,2679700
2015-01-08,EWW,58.56999969482422,59.45000076293945,58.47999954223633,58.939998626708984,3341100
2015-01-09,EWW,59.33000183105469,59.470001220703125,58.790000915527344,59.209999084472656,2732400
2015-01-12,EWW,59.06999969482422,59.209999084472656,58.15999984741211,58.36000061035156,2148200
2015-01-13,EWW,58.900001525878906,59.209999084472656,57.709999084472656,58.099998474121094,2670500
2015-01-14,EWW,57.5099983215332,58.27000045776367,57.099998474121094,58.029998779296875,2216300
2015-01-15,EWW,58.540000915527344,58.540000915527344,57.310001373291016,57.470001220703125,2083200
2015-01-16,EWW,57.459999084472656,58.31999969482422,57.34000015258789,58.16999816894531,2463800
2015-01-20,EWW,58.27000045776367,58.720001220703125,57.619998931884766,58.349998474121094,2156300
2015-01-21,EWW,58.63999938964844,59.04999923706055,58.2400016784668,58.880001068115234,2794800
2015-01-22,EWW,59.529998779296875,60.400001525878906,59.27000045776367,60.2599983215332,3969000
2015-01-23,EWW,60.08000183105469,60.2400016784668,59.59000015258789,59.70000076293945,2220700
2015-01-26,EWW,59.65999984741211,60.22999954223633,59.36000061035156,59.93000030517578,1504600
2015-01-27,EWW,59.4900016784668,59.79999923706055,59.189998626708984,59.65999984741211,1744800
2015-01-28,EWW,59.31999969482422,59.7599983215332,58.369998931884766,58.56999969482422,2919800
2015-01-29,EWW,58.2400016784668,58.41999816894531,57.4900016784668,57.9900016784668,1996800
2015-01-30,EWW,56.54999923706055,57.060001373291016,56.11000061035156,56.25,3786700
2015-02-02,EWW,56.54999923706055,57.27000045776367,56.369998931884766,57.040000915527344,2350900
2015-02-03,EWW,57.97999954223633,58.209999084472656,57.52000045776367,57.90999984741211,5268000
2015-02-04,EWW,57.54999923706055,58.279998779296875,57.34000015258789,57.5099983215332,2149400
2015-02-05,EWW,57.79999923706055,58.689998626708984,57.689998626708984,58.54999923706055,2135000
2015-02-06,EWW,57.91999816894531,58.63999938964844,57.90999984741211,58.5,2769500
2015-02-09,EWW,58.2400016784668,59.0,58.2400016784668,58.77000045776367,1811700
2015-02-10,EWW,58.689998626708984,58.849998474121094,57.970001220703125,58.08000183105469,1792700
2015-02-11,EWW,57.529998779296875,57.65999984741211,56.290000915527344,56.63999938964844,4670300
2015-02-12,EWW,57.279998779296875,59.0,57.279998779296875,58.779998779296875,4212300
2015-02-13,EWW,58.75,59.2400016784668,58.75,59.099998474121094,1742200
2015-02-17,EWW,59.08000183105469,59.2400016784668,58.290000915527344,59.189998626708984,1422900
2015-02-18,EWW,58.959999084472656,59.4900016784668,58.65999984741211,59.099998474121094,1398200
2015-02-19,EWW,58.599998474121094,59.11000061035156,58.31999969482422,58.7400016784668,1037000
2015-02-20,EWW,58.58000183105469,59.16999816894531,58.16999816894531,59.04999923706055,1206400
2015-02-23,EWW,58.810001373291016,59.040000915527344,58.560001373291016,58.939998626708984,1440200
2015-02-24,EWW,59.029998779296875,59.95000076293945,58.619998931884766,59.790000915527344,2325900
2015-02-25,EWW,59.75,60.04999923706055,59.47999954223633,59.630001068115234,1636300
2015-02-26,EWW,59.63999938964844,60.119998931884766,59.40999984741211,60.02000045776367,1052600
2015-02-27,EWW,60.0099983215332,60.5,59.810001373291016,60.209999084472656,1808900
2015-03-02,EWW,60.150001525878906,60.209999084472656,59.11000061035156,59.52000045776367,2113500
2015-03-03,EWW,59.349998474121094,59.45000076293945,59.0099983215332,59.11000061035156,2068100
2015-03-04,EWW,58.65999984741211,58.880001068115234,57.9900016784668,58.349998474121094,2148900
2015-03-05,EWW,58.2400016784668,58.59000015258789,57.84000015258789,57.9900016784668,2409800
2015-03-06,EWW,57.040000915527344,57.119998931884766,56.529998779296875,56.619998931884766,3561400
2015-03-09,EWW,56.61000061035156,56.75,56.38999938964844,56.59000015258789,1480300
2015-03-10,EWW,56.0,56.25,55.66999816894531,55.75,2595400
2015-03-11,EWW,55.7400016784668,56.65999984741211,55.65999984741211,56.47999954223633,2324000
2015-03-12,EWW,57.150001525878906,57.59000015258789,56.970001220703125,57.4900016784668,2075700
2015-03-13,EWW,57.2400016784668,57.310001373291016,56.689998626708984,57.27000045776367,2034100
2015-03-16,EWW,57.630001068115234,57.97999954223633,57.2599983215332,57.77000045776367,1734900
2015-03-17,EWW,57.66999816894531,57.70000076293945,57.2400016784668,57.470001220703125,3303800
2015-03-18,EWW,57.349998474121094,59.400001525878906,57.029998779296875,59.279998779296875,4287300
2015-03-19,EWW,58.81999969482422,59.099998474121094,58.040000915527344,58.400001525878906,2151600
2015-03-20,EWW,59.459999084472656,59.81999969482422,59.0099983215332,59.31999969482422,3387600
2015-03-23,EWW,59.709999084472656,59.77000045776367,59.349998474121094,59.58000183105469,1430200
2015-03-24,EWW,59.75,60.0,59.47999954223633,59.779998779296875,1221900
2015-03-25,EWW,60.0,60.150001525878906,58.81999969482422,58.90999984741211,2281500
2015-03-26,EWW,58.900001525878906,58.900001525878906,57.91999816894531,57.95000076293945,2416900
2015-03-27,EWW,57.95000076293945,58.2599983215332,57.77000045776367,58.15999984741211,2056000
2015-03-30,EWW,58.45000076293945,58.540000915527344,58.130001068115234,58.130001068115234,1579800
2015-03-31,EWW,57.900001525878906,58.09000015258789,57.599998474121094,57.959999084472656,2307800
2015-04-01,EWW,58.27000045776367,59.06999969482422,58.22999954223633,58.939998626708984,2568400
2015-04-02,EWW,59.400001525878906,60.189998626708984,59.060001373291016,59.779998779296875,3562200
2015-04-06,EWW,60.34000015258789,61.47999954223633,60.15999984741211,60.9900016784668,6203700
2015-04-07,EWW,61.15999984741211,61.33000183105469,60.83000183105469,60.93000030517578,2062900
2015-04-08,EWW,61.380001068115234,61.619998931884766,60.779998779296875,60.95000076293945,2287900
2015-04-09,EWW,60.939998626708984,61.20000076293945,60.040000915527344,60.150001525878906,2196300
2015-04-10,EWW,59.93000030517578,60.06999969482422,59.63999938964844,59.75,1457300
2015-04-13,EWW,59.650001525878906,59.88999938964844,59.060001373291016,59.119998931884766,1640400
2015-04-14,EWW,59.529998779296875,59.900001525878906,59.38999938964844,59.560001373291016,1634600
2015-04-15,EWW,59.7400016784668,60.43000030517578,59.52000045776367,59.9900016784668,1701900
2015-04-16,EWW,60.08000183105469,60.709999084472656,59.72999954223633,60.52000045776367,2473800
2015-04-17,EWW,59.91999816894531,60.5099983215332,59.45000076293945,59.599998474121094,2694500
2015-04-20,EWW,59.52000045776367,59.68000030517578,59.0099983215332,59.18000030517578,1223600
2015-04-21,EWW,59.2599983215332,59.880001068115234,59.18000030517578,59.34000015258789,1049200
2015-04-22,EWW,59.459999084472656,59.4900016784668,59.099998474121094,59.2400016784668,1264000
2015-04-23,EWW,59.27000045776367,60.130001068115234,59.22999954223633,59.939998626708984,1500000
2015-04-24,EWW,60.13999938964844,60.36000061035156,59.83000183105469,60.29999923706055,1657000
2015-04-27,EWW,60.34000015258789,60.72999954223633,60.0099983215332,60.18000030517578,1398300
2015-04-28,EWW,60.400001525878906,60.4900016784668,60.119998931884766,60.290000915527344,1471200
2015-04-29,EWW,59.84000015258789,60.209999084472656,59.709999084472656,59.83000183105469,1499600
2015-04-30,EWW,59.2400016784668,59.310001373291016,58.369998931884766,58.619998931884766,3507800
2015-05-01,EWW,58.709999084472656,58.83000183105469,57.939998626708984,58.33000183105469,2395400
2015-05-04,EWW,58.52000045776367,59.099998474121094,58.31999969482422,59.02000045776367,1632600
2015-05-05,EWW,59.06999969482422,59.9900016784668,59.029998779296875,59.209999084472656,2119900
2015-05-06,EWW,59.779998779296875,59.779998779296875,58.7599983215332,59.02000045776367,2474000
2015-05-07,EWW,59.040000915527344,59.20000076293945,58.81999969482422,58.880001068115234,2913700
2015-05-08,EWW,59.779998779296875,60.08000183105469,59.68000030517578,59.970001220703125,1869900
2015-05-11,EWW,59.880001068115234,60.25,59.189998626708984,59.380001068115234,1197000
2015-05-12,EWW,58.939998626708984,59.41999816894531,58.83000183105469,59.040000915527344,1216200
2015-05-13,EWW,59.709999084472656,59.90999984741211,59.290000915527344,59.29999923706055,1456500
2015-05-14,EWW,60.09000015258789,60.619998931884766,60.040000915527344,60.45000076293945,3943100
2015-05-15,EWW,60.34000015258789,60.91999816894531,60.209999084472656,60.869998931884766,1761800
2015-05-18,EWW,60.63999938964844,60.63999938964844,60.209999084472656,60.529998779296875,1327100
2015-05-19,EWW,60.34000015258789,60.369998931884766,59.91999816894531,60.0099983215332,2374600
2015-05-20,EWW,59.86000061035156,60.279998779296875,59.81999969482422,60.0,1183800
2015-05-21,EWW,59.83000183105469,59.970001220703125,59.61000061035156,59.66999816894531,1004000
2015-05-22,EWW,59.310001373291016,59.41999816894531,59.08000183105469,59.27000045776367,1998000
2015-05-26,EWW,58.97999954223633,59.18000030517578,58.45000076293945,58.560001373291016,1958600
2015-05-27,EWW,58.36000061035156,58.9900016784668,58.220001220703125,58.90999984741211,1432200
2015-05-28,EWW,58.40999984741211,58.91999816894531,58.349998474121094,58.900001525878906,1488400
2015-05-29,EWW,58.72999954223633,58.91999816894531,58.45000076293945,58.5099983215332,2099200
2015-06-01,EWW,58.63999938964844,58.63999938964844,58.029998779296875,58.18000030517578,1719900
2015-06-02,EWW,58.22999954223633,58.97999954223633,58.189998626708984,58.540000915527344,2179900
2015-06-03,EWW,58.38999938964844,58.540000915527344,58.040000915527344,58.08000183105469,1708100
2015-06-04,EWW,57.7599983215332,58.16999816894531,57.540000915527344,57.70000076293945,2175400
2015-06-05,EWW,57.16999816894531,57.47999954223633,56.93000030517578,57.040000915527344,2429300
2015-06-08,EWW,57.349998474121094,57.43000030517578,56.970001220703125,57.34000015258789,1998000
2015-06-09,EWW,57.439998626708984,57.7599983215332,57.31999969482422,57.45000076293945,1768800
2015-06-10,EWW,58.02000045776367,58.38999938964844,57.939998626708984,57.939998626708984,2284200
2015-06-11,EWW,57.97999954223633,58.529998779296875,57.970001220703125,58.380001068115234,1589300
2015-06-12,EWW,58.02000045776367,58.38999938964844,57.97999954223633,58.279998779296875,1072700
2015-06-15,EWW,57.81999969482422,58.0099983215332,57.5,57.83000183105469,1222400
2015-06-16,EWW,57.880001068115234,58.400001525878906,57.63999938964844,58.2400016784668,1386300
2015-06-17,EWW,58.29999923706055,59.040000915527344,58.08000183105469,58.79999923706055,2838900
2015-06-18,EWW,59.2599983215332,59.41999816894531,58.83000183105469,59.099998474121094,2078800
2015-06-19,EWW,59.060001373291016,59.29999923706055,58.77000045776367,58.84000015258789,2081000
2015-06-22,EWW,59.43000030517578,59.599998474121094,59.09000015258789,59.20000076293945,1501700
2015-06-23,EWW,59.04999923706055,59.27000045776367,59.04999923706055,59.220001220703125,1035900
2015-06-24,EWW,58.9900016784668,59.16999816894531,58.709999084472656,58.79999923706055,1258300
2015-06-25,EWW,58.4900016784668,58.599998474121094,58.290000915527344,58.36000061035156,1290000
2015-06-26,EWW,58.02000045776367,58.459999084472656,58.02000045776367,58.369998931884766,1039000
2015-06-29,EWW,57.790000915527344,57.790000915527344,56.849998474121094,56.91999816894531,2437000
2015-06-30,EWW,57.470001220703125,57.540000915527344,56.720001220703125,57.11000061035156,3844600
2015-07-01,EWW,57.189998626708984,57.27000045776367,56.689998626708984,56.75,1558800
2015-07-02,EWW,56.959999084472656,57.86000061035156,56.849998474121094,57.65999984741211,3423700
2015-07-06,EWW,56.59000015258789,57.279998779296875,56.4900016784668,57.040000915527344,2279800
2015-07-07,EWW,56.5,57.310001373291016,55.849998474121094,57.18000030517578,3341800
2015-07-08,EWW,56.61000061035156,56.88999938964844,56.31999969482422,56.34000015258789,2772100
2015-07-09,EWW,56.900001525878906,57.25,56.66999816894531,56.68000030517578,1741400
2015-07-10,EWW,57.2400016784668,57.77000045776367,57.15999984741211,57.40999984741211,1562400
2015-07-13,EWW,57.63999938964844,57.75,57.380001068115234,57.619998931884766,1551200
2015-07-14,EWW,57.720001220703125,58.15999984741211,57.5,57.970001220703125,1325300
2015-07-15,EWW,57.88999938964844,58.099998474121094,57.459999084472656,57.58000183105469,1210000
2015-07-16,EWW,57.97999954223633,58.02000045776367,57.709999084472656,57.7599983215332,1498400
2015-07-17,EWW,57.209999084472656,57.720001220703125,57.0,57.33000183105469,2294400
2015-07-20,EWW,57.099998474121094,57.52000045776367,56.88999938964844,57.29999923706055,1480500
2015-07-21,EWW,57.38999938964844,57.560001373291016,57.18000030517578,57.25,1209000
2015-07-22,EWW,56.7400016784668,56.869998931884766,55.790000915527344,55.90999984741211,3345600
2015-07-23,EWW,55.869998931884766,56.27000045776367,55.68000030517578,55.959999084472656,3427500
2015-07-24,EWW,55.630001068115234,55.63999938964844,54.90999984741211,54.9900016784668,4852000
2015-07-27,EWW,54.66999816894531,54.79999923706055,54.20000076293945,54.31999969482422,2897300
2015-07-28,EWW,54.65999984741211,54.93000030517578,54.47999954223633,54.849998474121094,3867900
2015-07-29,EWW,54.93000030517578,55.61000061035156,54.7599983215332,55.18000030517578,2028400
2015-07-30,EWW,54.869998931884766,55.22999954223633,54.22999954223633,55.08000183105469,2381300
2015-07-31,EWW,55.93000030517578,56.439998626708984,55.77000045776367,56.34000015258789,3297500
2015-08-03,EWW,56.060001373291016,56.38999938964844,55.88999938964844,56.33000183105469,3102000
2015-08-04,EWW,56.43000030517578,56.75,56.2400016784668,56.43000030517578,1994100
2015-08-05,EWW,56.61000061035156,56.63999938964844,55.630001068115234,55.70000076293945,2365500
2015-08-06,EWW,55.790000915527344,55.939998626708984,55.68000030517578,55.779998779296875,1680100
2015-08-07,EWW,55.65999984741211,56.38999938964844,55.65999984741211,56.290000915527344,1811900
2015-08-10,EWW,56.43000030517578,56.959999084472656,56.27000045776367,56.84000015258789,1624600
2015-08-11,EWW,56.279998779296875,56.279998779296875,55.27000045776367,55.400001525878906,2719100
2015-08-12,EWW,55.38999938964844,55.38999938964844,54.290000915527344,54.97999954223633,3056300
2015-08-13,EWW,54.900001525878906,55.119998931884766,54.2599983215332,54.310001373291016,2093200
2015-08-14,EWW,54.33000183105469,54.75,54.22999954223633,54.290000915527344,1003400
2015-08-17,EWW,53.880001068115234,54.5099983215332,53.81999969482422,54.38999938964844,1189300
2015-08-18,EWW,54.0099983215332,54.599998474121094,53.91999816894531,54.22999954223633,3244300
2015-08-19,EWW,54.04999923706055,54.04999923706055,53.09000015258789,53.22999954223633,4043100
2015-08-20,EWW,52.369998931884766,52.72999954223633,52.16999816894531,52.36000061035156,2717000
2015-08-21,EWW,51.439998626708984,51.880001068115234,50.5,50.529998779296875,4469200
2015-08-24,EWW,48.119998931884766,49.810001373291016,46.34000015258789,48.90999984741211,10020900
2015-08-25,EWW,49.880001068115234,50.95000076293945,49.41999816894531,49.439998626708984,4728800
2015-08-26,EWW,50.41999816894531,50.560001373291016,49.220001220703125,50.47999954223633,5692500
2015-08-27,EWW,50.97999954223633,52.470001220703125,50.86000061035156,52.439998626708984,5302900
2015-08-28,EWW,52.08000183105469,52.79999923706055,51.79999923706055,52.43000030517578,2549200
2015-08-31,EWW,51.90999984741211,52.91999816894531,51.38999938964844,52.849998474121094,3340800
2015-09-01,EWW,51.31999969482422,52.130001068115234,51.11000061035156,51.25,3828100
2015-09-02,EWW,51.7599983215332,52.0099983215332,51.150001525878906,51.880001068115234,3374000
2015-09-03,EWW,52.0,52.869998931884766,51.84000015258789,52.16999816894531,2810600
2015-09-04,EWW,51.58000183105469,51.9900016784668,51.02000045776367,51.25,2434100
2015-09-08,EWW,52.08000183105469,52.20000076293945,51.84000015258789,52.04999923706055,1753100
2015-09-09,EWW,52.650001525878906,52.84000015258789,51.599998474121094,51.63999938964844,1579700
2015-09-10,EWW,51.599998474121094,52.2599983215332,51.41999816894531,52.04999923706055,1865600
2015-09-11,EWW,51.88999938964844,52.209999084472656,51.709999084472656,51.900001525878906,941900
2015-09-14,EWW,51.79999923706055,52.25,51.619998931884766,52.18000030517578,1459200
2015-09-15,EWW,52.369998931884766,52.790000915527344,52.130001068115234,52.68000030517578,1499900
2015-09-16,EWW,53.47999954223633,54.36000061035156,53.279998779296875,54.11000061035156,3594200
2015-09-17,EWW,53.75,54.869998931884766,53.400001525878906,53.790000915527344,4975400
2015-09-18,EWW,53.619998931884766,53.7400016784668,53.08000183105469,53.25,2144600
2015-09-21,EWW,53.43000030517578,53.52000045776367,53.0099983215332,53.2400016784668,1378900
2015-09-22,EWW,52.209999084472656,52.459999084472656,52.02000045776367,52.25,1557600
2015-09-23,EWW,52.11000061035156,52.290000915527344,51.2599983215332,51.310001373291016,2081600
2015-09-24,EWW,50.310001373291016,51.599998474121094,50.209999084472656,51.4900016784668,3938500
2015-09-25,EWW,51.88999938964844,51.88999938964844,50.810001373291016,50.970001220703125,2883000
2015-09-28,EWW,50.779998779296875,51.0,49.90999984741211,50.060001373291016,3113800
2015-09-29,EWW,50.31999969482422,50.7400016784668,50.099998474121094,50.560001373291016,2075100
2015-09-30,EWW,51.380001068115234,51.59000015258789,51.15999984741211,51.560001373291016,3093300
2015-10-01,EWW,51.810001373291016,51.97999954223633,51.209999084472656,51.470001220703125,2515000
2015-10-02,EWW,50.84000015258789,52.06999969482422,50.779998779296875,52.060001373291016,2237300
2015-10-05,EWW,52.5099983215332,53.150001525878906,52.5099983215332,53.060001373291016,2253200
2015-10-06,EWW,53.220001220703125,53.560001373291016,53.06999969482422,53.38999938964844,1613100
2015-10-07,EWW,54.0,54.650001525878906,53.529998779296875,53.83000183105469,3587700
2015-10-08,EWW,53.83000183105469,54.720001220703125,53.72999954223633,54.61000061035156,2317900
2015-10-09,EWW,54.849998474121094,55.29999923706055,54.79999923706055,54.97999954223633,2295400
2015-10-12,EWW,55.119998931884766,55.33000183105469,54.59000015258789,54.65999984741211,1793800
2015-10-13,EWW,54.150001525878906,54.720001220703125,53.939998626708984,54.16999816894531,1755000
2015-10-14,EWW,54.36000061035156,54.619998931884766,54.0,54.38999938964844,1971800
2015-10-15,EWW,54.81999969482422,54.9900016784668,54.20000076293945,54.869998931884766,1905100
2015-10-16,EWW,54.970001220703125,55.290000915527344,54.689998626708984,55.150001525878906,2415700
2015-10-19,EWW,54.779998779296875,54.97999954223633,54.459999084472656,54.95000076293945,1742200
2015-10-20,EWW,54.630001068115234,54.91999816894531,54.400001525878906,54.880001068115234,1403700
2015-10-21,EWW,54.72999954223633,54.7400016784668,54.2400016784668,54.34000015258789,1358700
2015-10-22,EWW,54.90999984741211,55.65999984741211,54.61000061035156,55.22999954223633,2350900
2015-10-23,EWW,55.459999084472656,55.54999923706055,55.04999923706055,55.099998474121094,2583800
2015-10-26,EWW,55.310001373291016,55.5099983215332,55.150001525878906,55.369998931884766,1709400
2015-10-27,EWW,55.08000183105469,55.13999938964844,54.75,54.93000030517578,1928100
2015-10-28,EWW,55.040000915527344,55.470001220703125,54.31999969482422,54.66999816894531,2621800
2015-10-29,EWW,54.34000015258789,54.68000030517578,54.29999923706055,54.400001525878906,2265200
2015-10-30,EWW,54.709999084472656,54.88999938964844,54.36000061035156,54.720001220703125,2052000
2015-11-02,EWW,54.849998474121094,55.38999938964844,54.849998474121094,55.2599983215332,2051000
2015-11-03,EWW,55.06999969482422,56.400001525878906,55.0,56.11000061035156,3083800
2015-11-04,EWW,56.150001525878906,56.34000015258789,55.54999923706055,55.70000076293945,2096800
2015-11-05,EWW,55.54999923706055,55.84000015258789,55.130001068115234,55.150001525878906,1538600
2015-11-06,EWW,54.380001068115234,54.709999084472656,53.90999984741211,54.529998779296875,2609600
2015-11-09,EWW,54.189998626708984,54.290000915527344,53.18000030517578,53.56999969482422,3647700
2015-11-10,EWW,53.45000076293945,53.790000915527344,53.22999954223633,53.70000076293945,1691700
2015-11-11,EWW,53.88999938964844,54.15999984741211,53.630001068115234,53.900001525878906,1913400
2015-11-12,EWW,53.5099983215332,53.849998474121094,53.310001373291016,53.40999984741211,1765300
2015-11-13,EWW,53.38999938964844,53.470001220703125,52.790000915527344,52.9900016784668,2693800
2015-11-16,EWW,52.720001220703125,53.56999969482422,52.529998779296875,53.540000915527344,2627700
2015-11-17,EWW,53.5099983215332,53.70000076293945,53.130001068115234,53.540000915527344,2078100
2015-11-18,EWW,53.56999969482422,54.16999816894531,53.459999084472656,54.060001373291016,1356000
2015-11-19,EWW,54.599998474121094,55.060001373291016,54.58000183105469,54.880001068115234,3074000
2015-11-20,EWW,55.310001373291016,55.79999923706055,55.15999984741211,55.5,2143400
2015-11-23,EWW,55.459999084472656,55.63999938964844,55.189998626708984,55.20000076293945,1668300
2015-11-24,EWW,55.040000915527344,55.5,54.95000076293945,55.130001068115234,2150500
2015-11-25,EWW,55.08000183105469,55.08000183105469,54.4900016784668,54.66999816894531,1883700
2015-11-27,EWW,54.66999816894531,54.70000076293945,54.16999816894531,54.2599983215332,1368300
2015-11-30,EWW,54.310001373291016,54.65999984741211,53.52000045776367,53.59000015258789,3218400
2015-12-01,EWW,53.9900016784668,54.459999084472656,53.79999923706055,54.400001525878906,2799100
2015-12-02,EWW,54.15999984741211,54.380001068115234,53.290000915527344,53.43000030517578,2337500
2015-12-03,EWW,53.43000030517578,54.0,52.15999984741211,52.5099983215332,3493000
2015-12-04,EWW,52.540000915527344,53.0099983215332,52.34000015258789,52.79999923706055,2862300
2015-12-07,EWW,52.22999954223633,52.349998474121094,51.58000183105469,51.68000030517578,2277400
2015-12-08,EWW,50.93000030517578,51.13999938964844,50.63999938964844,50.81999969482422,3894700
2015-12-09,EWW,50.720001220703125,51.650001525878906,50.70000076293945,50.849998474121094,2954400
2015-12-10,EWW,50.88999938964844,51.040000915527344,50.439998626708984,50.5,2855200
2015-12-11,EWW,49.65999984741211,49.849998474121094,49.25,49.279998779296875,3372300
2015-12-14,EWW,49.52000045776367,49.52000045776367,48.66999816894531,49.5,3589500
2015-12-15,EWW,50.13999938964844,51.34000015258789,50.13999938964844,51.130001068115234,3941600
2015-12-16,EWW,51.470001220703125,52.2599983215332,51.31999969482422,52.13999938964844,3692200
2015-12-17,EWW,52.150001525878906,52.5099983215332,51.61000061035156,52.119998931884766,2605500
2015-12-18,EWW,52.040000915527344,52.16999816894531,51.18000030517578,51.310001373291016,4108200
2015-12-21,EWW,50.72999954223633,51.439998626708984,50.72999954223633,50.90999984741211,1836600
2015-12-22,EWW,51.189998626708984,51.38999938964844,50.97999954223633,51.08000183105469,1838800
2015-12-23,EWW,51.27000045776367,51.650001525878906,50.900001525878906,51.16999816894531,2225100
2015-12-24,EWW,51.15999984741211,51.43000030517578,50.900001525878906,50.939998626708984,514100
2015-12-28,EWW,50.880001068115234,51.09000015258789,50.79999923706055,50.86000061035156,1190200
2015-12-29,EWW,50.959999084472656,51.220001220703125,50.47999954223633,50.540000915527344,1238500
2015-12-30,EWW,50.38999938964844,50.47999954223633,49.650001525878906,49.75,2126300
2015-12-31,EWW,49.77000045776367,50.33000183105469,49.75,49.83000183105469,962900
2016-01-04,EWW,49.150001525878906,49.4900016784668,48.529998779296875,49.06999969482422,3181600
2016-01-05,EWW,49.13999938964844,49.38999938964844,48.709999084472656,48.91999816894531,1941300
2016-01-06,EWW,48.16999816894531,48.52000045776367,47.869998931884766,47.91999816894531,2006000
2016-01-07,EWW,46.779998779296875,47.31999969482422,46.040000915527344,46.04999923706055,3067600
2016-01-08,EWW,46.2400016784668,46.83000183105469,45.34000015258789,45.369998931884766,2977800
2016-01-11,EWW,45.81999969482422,46.209999084472656,45.459999084472656,46.0099983215332,2520900
2016-01-12,EWW,46.470001220703125,46.790000915527344,45.93000030517578,46.29999923706055,1783300
2016-01-13,EWW,46.61000061035156,46.880001068115234,45.560001373291016,46.0099983215332,2229500
2016-01-14,EWW,46.2599983215332,46.66999816894531,45.720001220703125,46.459999084472656,2408400
2016-01-15,EWW,44.91999816894531,45.27000045776367,44.31999969482422,44.790000915527344,4655300
2016-01-19,EWW,45.33000183105469,45.459999084472656,44.529998779296875,44.91999816894531,3219100
2016-01-20,EWW,44.15999984741211,44.459999084472656,43.16999816894531,44.349998474121094,3395000
2016-01-21,EWW,44.380001068115234,44.869998931884766,44.02000045776367,44.13999938964844,3026100
2016-01-22,EWW,45.58000183105469,45.93000030517578,45.130001068115234,45.4900016784668,3056400
2016-01-25,EWW,45.16999816894531,45.31999969482422,44.599998474121094,44.619998931884766,1937600
2016-01-26,EWW,45.04999923706055,45.779998779296875,45.0099983215332,45.720001220703125,2142700
2016-01-27,EWW,45.68000030517578,46.310001373291016,45.27000045776367,45.630001068115234,3074300
2016-01-28,EWW,46.720001220703125,46.7400016784668,45.90999984741211,46.4900016784668,3527100
2016-01-29,EWW,47.04999923706055,48.40999984741211,46.869998931884766,48.38999938964844,3464900
2016-02-01,EWW,47.58000183105469,48.20000076293945,47.11000061035156,48.119998931884766,2219000
2016-02-02,EWW,47.400001525878906,47.41999816894531,46.4900016784668,46.72999954223633,2800200
2016-02-03,EWW,47.31999969482422,47.86000061035156,46.380001068115234,47.81999969482422,3082900
2016-02-04,EWW,48.18000030517578,49.11000061035156,48.02000045776367,48.29999923706055,3052500
2016-02-05,EWW,47.95000076293945,48.04999923706055,46.93000030517578,47.11000061035156,1582100
2016-02-08,EWW,46.40999984741211,46.540000915527344,45.7400016784668,46.119998931884766,2263800
2016-02-09,EWW,45.38999938964844,46.02000045776367,44.95000076293945,45.33000183105469,2671600
2016-02-10,EWW,45.599998474121094,46.0099983215332,45.04999923706055,45.349998474121094,2232700
2016-02-11,EWW,44.369998931884766,44.66999816894531,43.41999816894531,44.150001525878906,5488200
2016-02-12,EWW,44.75,45.209999084472656,44.400001525878906,45.189998626708984,2146800
2016-02-16,EWW,46.189998626708984,46.439998626708984,45.7400016784668,46.0099983215332,1857700
2016-02-17,EWW,46.5099983215332,48.29999923706055,46.43000030517578,47.7599983215332,3952100
2016-02-18,EWW,48.63999938964844,48.7400016784668,47.70000076293945,47.849998474121094,2489600
2016-02-19,EWW,47.79999923706055,48.08000183105469,47.529998779296875,47.810001373291016,2260800
2016-02-22,EWW,48.599998474121094,48.83000183105469,48.529998779296875,48.63999938964844,1695400
2016-02-23,EWW,48.29999923706055,48.540000915527344,47.66999816894531,47.72999954223633,2167300
2016-02-24,EWW,47.20000076293945,47.97999954223633,46.59000015258789,47.810001373291016,2695800
2016-02-25,EWW,48.13999938964844,48.38999938964844,47.63999938964844,48.349998474121094,1388700
2016-02-26,EWW,48.709999084472656,48.86000061035156,47.81999969482422,47.849998474121094,2079700
2016-02-29,EWW,48.290000915527344,48.70000076293945,48.08000183105469,48.47999954223633,1638500
2016-03-01,EWW,49.380001068115234,49.93000030517578,48.959999084472656,49.900001525878906,2050000
2016-03-02,EWW,49.75,50.66999816894531,49.68000030517578,50.650001525878906,4965100
2016-03-03,EWW,50.380001068115234,50.779998779296875,50.130001068115234,50.43000030517578,2062500
2016-03-04,EWW,51.060001373291016,51.599998474121094,50.86000061035156,50.9900016784668,7585700
2016-03-07,EWW,50.689998626708984,51.54999923706055,50.61000061035156,51.369998931884766,1977400
2016-03-08,EWW,50.81999969482422,50.81999969482422,50.04999923706055,50.09000015258789,2740600
2016-03-09,EWW,50.77000045776367,50.91999816894531,50.41999816894531,50.689998626708984,2316700
2016-03-10,EWW,50.849998474121094,50.93000030517578,49.54999923706055,50.380001068115234,2362900
2016-03-11,EWW,50.9900016784668,51.5099983215332,50.880001068115234,51.27000045776367,3902800
2016-03-14,EWW,51.060001373291016,51.08000183105469,50.720001220703125,50.88999938964844,1239100
2016-03-15,EWW,50.45000076293945,50.5099983215332,49.970001220703125,50.060001373291016,2072000
2016-03-16,EWW,49.79999923706055,51.47999954223633,49.77000045776367,51.40999984741211,2719100
2016-03-17,EWW,52.0,53.0099983215332,51.810001373291016,52.869998931884766,3181300
2016-03-18,EWW,53.369998931884766,53.88999938964844,52.810001373291016,52.9900016784668,4189500
2016-03-21,EWW,52.939998626708984,53.59000015258789,52.68000030517578,53.0099983215332,1708600
2016-03-22,EWW,52.689998626708984,53.349998474121094,52.5099983215332,53.18000030517578,2247800
2016-03-23,EWW,52.81999969482422,52.849998474121094,52.22999954223633,52.470001220703125,2386500
2016-03-24,EWW,51.9900016784668,52.540000915527344,51.7599983215332,52.34000015258789,1848700
2016-03-28,EWW,52.66999816894531,52.97999954223633,52.650001525878906,52.90999984741211,1398800
2016-03-29,EWW,52.75,53.709999084472656,52.41999816894531,53.65999984741211,1930600
2016-03-30,EWW,54.31999969482422,54.56999969482422,54.06999969482422,54.119998931884766,2808800
2016-03-31,EWW,54.41999816894531,54.689998626708984,53.33000183105469,53.70000076293945,2116000
2016-04-01,EWW,52.77000045776367,53.79999923706055,52.619998931884766,53.68000030517578,1892900
2016-04-04,EWW,53.70000076293945,53.75,52.72999954223633,52.959999084472656,2176200
2016-04-05,EWW,51.9900016784668,52.189998626708984,51.5,51.61000061035156,2088100
2016-04-06,EWW,51.31999969482422,52.060001373291016,51.150001525878906,52.04999923706055,2213500
2016-04-07,EWW,51.310001373291016,51.439998626708984,50.56999969482422,50.95000076293945,2313200
2016-04-08,EWW,51.779998779296875,51.9900016784668,51.08000183105469,51.220001220703125,1774700
2016-04-11,EWW,51.779998779296875,52.189998626708984,51.5,51.529998779296875,2521400
2016-04-12,EWW,51.84000015258789,52.66999816894531,51.43000030517578,52.56999969482422,2508000
2016-04-13,EWW,52.869998931884766,52.97999954223633,52.54999923706055,52.90999984741211,1630700
2016-04-14,EWW,53.2400016784668,53.40999984741211,52.9900016784668,53.02000045776367,1187100
2016-04-15,EWW,52.709999084472656,52.9900016784668,52.4900016784668,52.4900016784668,1313500
2016-04-18,EWW,52.349998474121094,52.959999084472656,52.13999938964844,52.40999984741211,1543000
2016-04-19,EWW,52.97999954223633,53.95000076293945,52.88999938964844,53.84000015258789,2630000
2016-04-20,EWW,53.709999084472656,54.040000915527344,53.380001068115234,53.7599983215332,1657100
2016-04-21,EWW,53.43000030517578,53.619998931884766,52.91999816894531,52.95000076293945,1378200
2016-04-22,EWW,53.0099983215332,53.58000183105469,52.9900016784668,53.029998779296875,1467200
2016-04-25,EWW,52.689998626708984,52.97999954223633,52.34000015258789,52.529998779296875,1664600
2016-04-26,EWW,53.13999938964844,53.36000061035156,52.720001220703125,53.33000183105469,1479100
2016-04-27,EWW,53.220001220703125,54.09000015258789,53.18000030517578,54.060001373291016,1701100
2016-04-28,EWW,53.599998474121094,54.08000183105469,53.2599983215332,53.400001525878906,1580800
2016-04-29,EWW,53.97999954223633,54.310001373291016,53.59000015258789,54.040000915527344,2040700
2016-05-02,EWW,54.33000183105469,54.33000183105469,53.599998474121094,53.97999954223633,1429400
2016-05-03,EWW,52.95000076293945,53.09000015258789,52.310001373291016,52.5,2641400
2016-05-04,EWW,51.720001220703125,51.900001525878906,51.380001068115234,51.66999816894531,2643500
2016-05-05,EWW,52.15999984741211,52.189998626708984,51.13999938964844,51.220001220703125,3087700
2016-05-06,EWW,50.720001220703125,51.41999816894531,50.630001068115234,51.380001068115234,2261300
2016-05-09,EWW,50.779998779296875,50.869998931884766,49.95000076293945,50.43000030517578,2752000
2016-05-10,EWW,50.7599983215332,51.560001373291016,50.63999938964844,51.529998779296875,1810300
2016-05-11,EWW,51.040000915527344,51.720001220703125,51.029998779296875,51.310001373291016,1420600
2016-05-12,EWW,51.779998779296875,52.02000045776367,51.130001068115234,51.5,1914700
2016-05-13,EWW,51.150001525878906,51.380001068115234,50.540000915527344,50.61000061035156,1829200
2016-05-16,EWW,50.68000030517578,51.25,50.68000030517578,50.959999084472656,1451600
2016-05-17,EWW,50.540000915527344,50.88999938964844,50.290000915527344,50.79999923706055,2060600
2016-05-18,EWW,50.310001373291016,50.619998931884766,49.75,50.0099983215332,2865400
2016-05-19,EWW,49.58000183105469,49.79999923706055,49.040000915527344,49.4900016784668,2150200
2016-05-20,EWW,49.84000015258789,50.11000061035156,49.7599983215332,49.959999084472656,1400100
2016-05-23,EWW,49.650001525878906,49.959999084472656,49.40999984741211,49.5099983215332,1701500
2016-05-24,EWW,49.88999938964844,49.97999954223633,49.58000183105469,49.84000015258789,1575800
2016-05-25,EWW,50.29999923706055,50.689998626708984,50.06999969482422,50.18000030517578,1843900
2016-05-26,EWW,50.43000030517578,50.630001068115234,50.119998931884766,50.52000045776367,1862800
2016-05-27,EWW,50.400001525878906,50.79999923706055,50.279998779296875,50.54999923706055,1397100
2016-05-31,EWW,50.5,50.709999084472656,49.75,49.880001068115234,2137400
2016-06-01,EWW,49.33000183105469,49.86000061035156,49.2400016784668,49.79999923706055,2131400
2016-06-02,EWW,49.33000183105469,49.77000045776367,49.290000915527344,49.36000061035156,2168700
2016-06-03,EWW,49.79999923706055,50.060001373291016,49.52000045776367,49.81999969482422,1951200
2016-06-06,EWW,50.04999923706055,50.27000045776367,49.709999084472656,49.810001373291016,1924100
2016-06-07,EWW,50.02000045776367,50.880001068115234,50.02000045776367,50.79999923706055,2083700
2016-06-08,EWW,51.63999938964844,51.970001220703125,51.47999954223633,51.720001220703125,2965900
2016-06-09,EWW,51.150001525878906,51.380001068115234,50.66999816894531,50.689998626708984,2263800
2016-06-10,EWW,49.7599983215332,49.959999084472656,48.90999984741211,49.11000061035156,3105600
2016-06-13,EWW,48.59000015258789,48.709999084472656,48.150001525878906,48.2599983215332,2318700
2016-06-14,EWW,47.709999084472656,48.06999969482422,47.34000015258789,47.63999938964844,3962000
2016-06-15,EWW,47.970001220703125,48.630001068115234,47.869998931884766,48.18000030517578,3038400
2016-06-16,EWW,47.849998474121094,48.380001068115234,47.290000915527344,48.349998474121094,2750300
2016-06-17,EWW,48.56999969482422,48.83000183105469,48.36000061035156,48.689998626708984,2370600
2016-06-20,EWW,49.75,49.90999984741211,49.41999816894531,49.529998779296875,2466900
2016-06-21,EWW,49.880001068115234,49.91999816894531,49.209999084472656,49.59000015258789,2730300
2016-06-22,EWW,49.279998779296875,49.61000061035156,49.029998779296875,49.56999969482422,2815400
2016-06-23,EWW,50.56999969482422,50.709999084472656,50.040000915527344,50.709999084472656,2207600
2016-06-24,EWW,47.529998779296875,48.56999969482422,47.25,47.33000183105469,5664100
2016-06-27,EWW,47.060001373291016,47.2599983215332,45.91999816894531,46.310001373291016,4732800
2016-06-28,EWW,47.33000183105469,47.79999923706055,47.290000915527344,47.65999984741211,3121100
2016-06-29,EWW,48.459999084472656,49.400001525878906,48.43000030517578,49.34000015258789,2708500
2016-06-30,EWW,49.40999984741211,50.400001525878906,49.29999923706055,50.369998931884766,3471100
2016-07-01,EWW,50.59000015258789,51.040000915527344,50.130001068115234,50.5099983215332,2269500
2016-07-05,EWW,49.630001068115234,49.91999816894531,48.790000915527344,48.79999923706055,2794700
2016-07-06,EWW,48.63999938964844,48.66999816894531,47.84000015258789,48.5,3433300
2016-07-07,EWW,48.77000045776367,48.90999984741211,48.099998474121094,48.40999984741211,1907100
2016-07-08,EWW,49.0,49.72999954223633,48.779998779296875,49.689998626708984,2097100
2016-07-11,EWW,50.290000915527344,50.540000915527344,49.880001068115234,50.060001373291016,2492600
2016-07-12,EWW,50.91999816894531,51.13999938964844,50.709999084472656,50.869998931884766,2145900
2016-07-13,EWW,51.06999969482422,51.13999938964844,50.400001525878906,50.52000045776367,2031400
2016-07-14,EWW,51.119998931884766,51.439998626708984,50.77000045776367,50.83000183105469,3542400
2016-07-15,EWW,50.66999816894531,50.91999816894531,50.41999816894531,50.650001525878906,1888200
2016-07-18,EWW,50.47999954223633,51.31999969482422,50.41999816894531,51.31999969482422,2063100
2016-07-19,EWW,50.75,51.029998779296875,50.65999984741211,50.90999984741211,1569100
2016-07-20,EWW,50.83000183105469,51.209999084472656,50.56999969482422,51.16999816894531,1872800
2016-07-21,EWW,50.9900016784668,51.38999938964844,50.849998474121094,51.060001373291016,1793300
2016-07-22,EWW,51.09000015258789,51.43000030517578,50.91999816894531,51.36000061035156,1072400
2016-07-25,EWW,51.0,51.119998931884766,50.13999938964844,50.189998626708984,1982400
2016-07-26,EWW,50.279998779296875,50.4900016784668,49.970001220703125,50.029998779296875,1275200
2016-07-27,EWW,50.20000076293945,50.56999969482422,49.279998779296875,49.7599983215332,2832400
2016-07-28,EWW,49.68000030517578,49.77000045776367,49.040000915527344,49.52000045776367,1913700
2016-07-29,EWW,49.59000015258789,49.790000915527344,49.220001220703125,49.68000030517578,3701500
2016-08-01,EWW,49.5,49.810001373291016,49.41999816894531,49.540000915527344,2109400
2016-08-02,EWW,49.65999984741211,49.810001373291016,48.7599983215332,49.15999984741211,3974000
2016-08-03,EWW,49.060001373291016,49.709999084472656,48.900001525878906,49.63999938964844,2308500
2016-08-04,EWW,49.79999923706055,49.939998626708984,49.47999954223633,49.61000061035156,1916600
2016-08-05,EWW,49.90999984741211,50.47999954223633,49.599998474121094,50.36000061035156,2168400
2016-08-08,EWW,50.720001220703125,51.380001068115234,50.709999084472656,51.02000045776367,1798600
2016-08-09,EWW,51.45000076293945,52.0099983215332,51.38999938964844,51.7400016784668,3869200
2016-08-10,EWW,52.25,52.31999969482422,51.86000061035156,51.9900016784668,3043700
2016-08-11,EWW,52.45000076293945,53.220001220703125,52.349998474121094,52.97999954223633,4354300
2016-08-12,EWW,53.25,53.459999084472656,52.61000061035156,52.959999084472656,2869400
2016-08-15,EWW,53.470001220703125,54.25,53.470001220703125,53.79999923706055,4386100
2016-08-16,EWW,53.97999954223633,54.150001525878906,53.54999923706055,53.619998931884766,2901600
2016-08-17,EWW,53.22999954223633,53.27000045776367,52.54999923706055,53.04999923706055,2862100
2016-08-18,EWW,53.220001220703125,53.5,52.970001220703125,53.349998474121094,1932900
2016-08-19,EWW,52.86000061035156,53.11000061035156,52.560001373291016,52.90999984741211,2323600
2016-08-22,EWW,52.66999816894531,52.790000915527344,52.18000030517578,52.619998931884766,1708300
2016-08-23,EWW,52.900001525878906,53.11000061035156,51.279998779296875,51.36000061035156,5449000
2016-08-24,EWW,51.2599983215332,51.810001373291016,51.18000030517578,51.70000076293945,2868900
2016-08-25,EWW,51.63999938964844,51.970001220703125,51.56999969482422,51.95000076293945,1899500
2016-08-26,EWW,52.16999816894531,52.900001525878906,50.77000045776367,51.06999969482422,4499800
2016-08-29,EWW,51.04999923706055,51.380001068115234,50.959999084472656,51.2599983215332,2122600
2016-08-30,EWW,51.150001525878906,51.36000061035156,50.400001525878906,50.7400016784668,2174100
2016-08-31,EWW,50.45000076293945,50.689998626708984,50.119998931884766,50.470001220703125,2729300
2016-09-01,EWW,50.27000045776367,50.7400016784668,50.04999923706055,50.720001220703125,2670600
2016-09-02,EWW,51.43000030517578,51.810001373291016,51.06999969482422,51.47999954223633,5192500
2016-09-06,EWW,51.88999938964844,52.040000915527344,51.560001373291016,52.0099983215332,5188400
2016-09-07,EWW,52.0,52.060001373291016,51.349998474121094,51.529998779296875,3308300
2016-09-08,EWW,51.650001525878906,51.91999816894531,50.65999984741211,50.72999954223633,2967000
2016-09-09,EWW,50.02000045776367,50.220001220703125,49.18000030517578,49.189998626708984,3479200
2016-09-12,EWW,48.470001220703125,49.66999816894531,48.060001373291016,49.459999084472656,5069100
2016-09-13,EWW,48.66999816894531,48.81999969482422,47.91999816894531,48.310001373291016,6052400
2016-09-14,EWW,48.029998779296875,48.38999938964844,47.529998779296875,47.68000030517578,5613200
2016-09-15,EWW,47.68000030517578,47.849998474121094,47.29999923706055,47.43000030517578,6066900
2016-09-16,EWW,46.97999954223633,46.9900016784668,46.220001220703125,46.77000045776367,4777200
2016-09-19,EWW,46.959999084472656,46.970001220703125,46.599998474121094,46.720001220703125,4103100
2016-09-20,EWW,46.939998626708984,47.0,46.56999969482422,46.650001525878906,3570100
2016-09-21,EWW,46.84000015258789,47.70000076293945,46.7400016784668,47.61000061035156,5730900
2016-09-22,EWW,48.400001525878906,48.86000061035156,48.15999984741211,48.70000076293945,6549600
2016-09-23,EWW,48.529998779296875,48.529998779296875,47.7599983215332,47.900001525878906,5038200
2016-09-26,EWW,47.84000015258789,47.97999954223633,47.130001068115234,47.15999984741211,5140300
2016-09-27,EWW,47.869998931884766,49.029998779296875,47.5,48.95000076293945,4722500
2016-09-28,EWW,48.95000076293945,49.599998474121094,48.52000045776367,49.470001220703125,3865700
2016-09-29,EWW,49.2400016784668,49.869998931884766,48.47999954223633,48.650001525878906,5855400
2016-09-30,EWW,49.09000015258789,49.220001220703125,48.45000076293945,48.47999954223633,4054800
2016-10-03,EWW,48.810001373291016,49.29999923706055,48.529998779296875,49.15999984741211,3148800
2016-10-04,EWW,49.189998626708984,49.79999923706055,49.06999969482422,49.400001525878906,5285300
2016-10-05,EWW,49.7599983215332,50.060001373291016,49.5099983215332,49.93000030517578,3795600
2016-10-06,EWW,49.72999954223633,49.900001525878906,49.439998626708984,49.540000915527344,2723600
2016-10-07,EWW,49.75,49.7599983215332,48.81999969482422,49.189998626708984,3357300
2016-10-10,EWW,50.400001525878906,51.2599983215332,50.31999969482422,50.91999816894531,5274600
2016-10-11,EWW,51.02000045776367,51.13999938964844,50.529998779296875,50.630001068115234,3708400
2016-10-12,EWW,50.529998779296875,50.79999923706055,50.29999923706055,50.47999954223633,2589500
2016-10-13,EWW,49.970001220703125,50.31999969482422,49.59000015258789,50.130001068115234,3904000
2016-10-14,EWW,50.650001525878906,50.84000015258789,49.91999816894531,49.97999954223633,4149100
2016-10-17,EWW,50.13999938964844,50.66999816894531,50.13999938964844,50.209999084472656,2828000
2016-10-18,EWW,51.040000915527344,51.599998474121094,50.880001068115234,51.540000915527344,4785200
2016-10-19,EWW,51.75,52.38999938964844,51.52000045776367,52.36000061035156,6514300
2016-10-20,EWW,52.0099983215332,52.29999923706055,51.7400016784668,51.7599983215332,3423500
2016-10-21,EWW,51.31999969482422,52.119998931884766,51.290000915527344,51.95000076293945,3455800
2016-10-24,EWW,52.400001525878906,52.4900016784668,51.91999816894531,52.130001068115234,1717600
2016-10-25,EWW,52.04999923706055,52.29999923706055,51.81999969482422,51.86000061035156,2690800
2016-10-26,EWW,51.45000076293945,51.68000030517578,51.029998779296875,51.08000183105469,2682700
2016-10-27,EWW,51.290000915527344,51.369998931884766,50.66999816894531,51.029998779296875,2949200
2016-10-28,EWW,51.119998931884766,51.88999938964844,49.689998626708984,50.63999938964844,13096100
2016-10-31,EWW,50.77000045776367,51.040000915527344,50.59000015258789,50.83000183105469,3523600
2016-11-01,EWW,50.869998931884766,50.880001068115234,49.0099983215332,49.38999938964844,10856600
2016-11-02,EWW,48.869998931884766,49.2400016784668,48.150001525878906,48.650001525878906,8250400
2016-11-03,EWW,48.880001068115234,49.400001525878906,48.66999816894531,48.849998474121094,8103900
2016-11-04,EWW,48.86000061035156,49.9900016784668,48.540000915527344,49.349998474121094,10954600
2016-11-07,EWW,51.400001525878906,52.130001068115234,51.25,51.880001068115234,12045200
2016-11-08,EWW,51.9900016784668,53.13999938964844,51.790000915527344,52.790000915527344,7823400
2016-11-09,EWW,47.540000915527344,48.689998626708984,46.34000015258789,48.290000915527344,17605500
2016-11-10,EWW,46.65999984741211,46.83000183105469,43.91999816894531,44.20000076293945,13357100
2016-11-11,EWW,43.290000915527344,44.06999969482422,42.439998626708984,43.34000015258789,16624600
2016-11-14,EWW,43.58000183105469,44.369998931884766,43.400001525878906,44.119998931884766,12066100
2016-11-15,EWW,44.66999816894531,45.72999954223633,44.540000915527344,44.7400016784668,8374200
2016-11-16,EWW,44.4900016784668,45.09000015258789,44.2400016784668,44.560001373291016,6568000
2016-11-17,EWW,44.72999954223633,45.18000030517578,43.95000076293945,44.209999084472656,9857600
2016-11-18,EWW,44.29999923706055,44.40999984741211,42.86000061035156,42.970001220703125,6811200
2016-11-21,EWW,43.4900016784668,43.91999816894531,43.470001220703125,43.61000061035156,3150700
2016-11-22,EWW,44.060001373291016,44.099998474121094,43.33000183105469,43.4900016784668,7973600
2016-11-23,EWW,43.029998779296875,43.689998626708984,42.900001525878906,43.66999816894531,5825200
2016-11-25,EWW,43.77000045776367,44.150001525878906,43.7400016784668,44.08000183105469,1962100
2016-11-28,EWW,44.150001525878906,44.20000076293945,43.970001220703125,44.0,3428700
2016-11-29,EWW,43.90999984741211,44.20000076293945,43.81999969482422,44.04999923706055,3487600
2016-11-30,EWW,44.310001373291016,44.439998626708984,43.97999954223633,44.119998931884766,5035300
2016-12-01,EWW,43.95000076293945,44.09000015258789,43.060001373291016,43.27000045776367,7382300
2016-12-02,EWW,43.400001525878906,43.849998474121094,43.150001525878906,43.220001220703125,4777600
2016-12-05,EWW,43.47999954223633,43.95000076293945,43.470001220703125,43.70000076293945,4181900
2016-12-06,EWW,44.06999969482422,44.4900016784668,44.04999923706055,44.34000015258789,4101200
2016-12-07,EWW,44.66999816894531,45.2400016784668,44.58000183105469,45.0,4365600
2016-12-08,EWW,45.0,45.709999084472656,44.779998779296875,45.54999923706055,3323700
2016-12-09,EWW,45.540000915527344,46.0,45.29999923706055,45.84000015258789,3934900
2016-12-12,EWW,46.31999969482422,46.439998626708984,45.9900016784668,46.209999084472656,3464900
2016-12-13,EWW,46.209999084472656,46.689998626708984,45.93000030517578,46.2599983215332,3595800
2016-12-14,EWW,46.33000183105469,46.38999938964844,45.0,45.13999938964844,4426200
2016-12-15,EWW,44.790000915527344,45.220001220703125,44.52000045776367,45.09000015258789,4729800
2016-12-16,EWW,45.119998931884766,45.20000076293945,44.119998931884766,44.369998931884766,4420700
2016-12-19,EWW,44.290000915527344,44.58000183105469,44.20000076293945,44.2599983215332,2108700
2016-12-20,EWW,44.20000076293945,44.4900016784668,43.939998626708984,44.060001373291016,2212900
2016-12-21,EWW,43.849998474121094,43.939998626708984,43.5099983215332,43.52000045776367,1949700
2016-12-22,EWW,43.06999969482422,43.34000015258789,42.650001525878906,43.2599983215332,4933400
2016-12-23,EWW,43.2599983215332,43.779998779296875,43.130001068115234,43.70000076293945,1671800
2016-12-27,EWW,43.63999938964844,43.88999938964844,43.369998931884766,43.439998626708984,1857300
2016-12-28,EWW,43.709999084472656,43.77000045776367,43.470001220703125,43.720001220703125,2511600
2016-12-29,EWW,43.90999984741211,44.4900016784668,43.790000915527344,44.209999084472656,2476800
2016-12-30,EWW,44.36000061035156,44.4900016784668,43.86000061035156,43.970001220703125,3463300
2017-01-03,EWW,44.279998779296875,44.7599983215332,43.4900016784668,43.630001068115234,4291400
2017-01-04,EWW,43.560001373291016,43.72999954223633,42.7599983215332,43.099998474121094,5214800
2017-01-05,EWW,43.59000015258789,43.86000061035156,43.130001068115234,43.43000030517578,4554200
2017-01-06,EWW,43.459999084472656,43.790000915527344,43.099998474121094,43.119998931884766,3309700
2017-01-09,EWW,43.040000915527344,43.11000061035156,42.13999938964844,42.34000015258789,4228000
2017-01-10,EWW,42.11000061035156,42.459999084472656,41.90999984741211,41.959999084472656,5766300
2017-01-11,EWW,41.939998626708984,42.130001068115234,41.22999954223633,41.83000183105469,6790100
2017-01-12,EWW,42.119998931884766,42.459999084472656,41.93000030517578,42.029998779296875,3127200
2017-01-13,EWW,42.150001525878906,42.959999084472656,42.150001525878906,42.650001525878906,5271900
2017-01-17,EWW,42.560001373291016,42.70000076293945,42.2400016784668,42.45000076293945,2973800
2017-01-18,EWW,42.189998626708984,42.349998474121094,41.68000030517578,41.970001220703125,3174900
2017-01-19,EWW,42.060001373291016,42.09000015258789,41.54999923706055,41.7400016784668,3033700
2017-01-20,EWW,42.279998779296875,42.810001373291016,41.849998474121094,42.63999938964844,6741800
2017-01-23,EWW,42.880001068115234,43.91999816894531,42.75,43.83000183105469,5667700
2017-01-24,EWW,44.04999923706055,44.86000061035156,44.0099983215332,44.459999084472656,4442900
2017-01-25,EWW,44.79999923706055,45.790000915527344,44.619998931884766,45.459999084472656,8789800
2017-01-26,EWW,45.459999084472656,45.459999084472656,44.029998779296875,44.40999984741211,11917000
2017-01-27,EWW,44.65999984741211,45.41999816894531,44.529998779296875,45.099998474121094,6837500
2017-01-30,EWW,45.22999954223633,45.349998474121094,44.709999084472656,45.08000183105469,3082200
2017-01-31,EWW,45.060001373291016,45.43000030517578,44.66999816894531,44.810001373291016,3443200
2017-02-01,EWW,45.290000915527344,45.290000915527344,44.599998474121094,44.90999984741211,3774500
2017-02-02,EWW,45.189998626708984,45.689998626708984,45.119998931884766,45.630001068115234,4581500
2017-02-03,EWW,46.0,46.13999938964844,45.61000061035156,46.02000045776367,2679400
2017-02-06,EWW,45.7400016784668,45.88999938964844,45.119998931884766,45.380001068115234,2297500
2017-02-07,EWW,45.369998931884766,45.59000015258789,44.86000061035156,45.04999923706055,2129200
2017-02-08,EWW,45.09000015258789,45.61000061035156,45.060001373291016,45.470001220703125,1918200
2017-02-09,EWW,45.470001220703125,46.27000045776367,45.470001220703125,45.900001525878906,2642000
2017-02-10,EWW,45.9900016784668,47.02000045776367,45.900001525878906,46.619998931884766,5632200
2017-02-13,EWW,46.720001220703125,46.81999969482422,46.18000030517578,46.4900016784668,4368200
2017-02-14,EWW,46.540000915527344,46.66999816894531,45.93000030517578,46.36000061035156,2620100
2017-02-15,EWW,46.040000915527344,46.34000015258789,45.970001220703125,46.189998626708984,2896900
2017-02-16,EWW,46.130001068115234,46.400001525878906,45.86000061035156,45.970001220703125,2308900
2017-02-17,EWW,45.709999084472656,45.869998931884766,45.459999084472656,45.720001220703125,2962500
2017-02-21,EWW,45.7400016784668,47.279998779296875,45.7400016784668,47.11000061035156,4580600
2017-02-22,EWW,47.150001525878906,47.36000061035156,46.75,46.9900016784668,3180200
2017-02-23,EWW,47.560001373291016,47.869998931884766,47.0,47.310001373291016,3517000
2017-02-24,EWW,46.9900016784668,47.0,46.40999984741211,46.68000030517578,3128100
2017-02-27,EWW,46.90999984741211,47.18000030517578,46.72999954223633,46.869998931884766,3041000
2017-02-28,EWW,46.900001525878906,47.029998779296875,45.95000076293945,46.08000183105469,3868000
2017-03-01,EWW,46.540000915527344,47.5099983215332,46.400001525878906,47.279998779296875,5898100
2017-03-02,EWW,47.0,47.11000061035156,46.540000915527344,46.66999816894531,2182600
2017-03-03,EWW,47.58000183105469,48.16999816894531,47.34000015258789,47.959999084472656,5095700
2017-03-06,EWW,48.06999969482422,48.38999938964844,47.63999938964844,48.33000183105469,2447300
2017-03-07,EWW,48.529998779296875,48.650001525878906,48.040000915527344,48.209999084472656,2256900
2017-03-08,EWW,47.83000183105469,48.2599983215332,47.599998474121094,47.65999984741211,1968100
2017-03-09,EWW,47.189998626708984,47.2400016784668,46.7400016784668,47.029998779296875,3215000
2017-03-10,EWW,47.66999816894531,47.88999938964844,47.43000030517578,47.54999923706055,2639600
2017-03-13,EWW,47.599998474121094,47.779998779296875,47.310001373291016,47.459999084472656,2875600
2017-03-14,EWW,47.279998779296875,47.34000015258789,46.75,47.22999954223633,2730200
2017-03-15,EWW,47.439998626708984,48.849998474121094,47.18000030517578,48.7599983215332,7509200
2017-03-16,EWW,49.36000061035156,49.83000183105469,49.06999969482422,49.33000183105469,4190100
2017-03-17,EWW,49.59000015258789,50.2599983215332,49.439998626708984,50.06999969482422,5376800
2017-03-20,EWW,50.22999954223633,50.790000915527344,50.06999969482422,50.400001525878906,2533000
2017-03-21,EWW,50.68000030517578,51.209999084472656,50.06999969482422,50.13999938964844,5215600
2017-03-22,EWW,49.959999084472656,50.439998626708984,49.849998474121094,50.209999084472656,3479300
2017-03-23,EWW,50.040000915527344,51.0,50.040000915527344,50.75,2964500
2017-03-24,EWW,50.95000076293945,51.7400016784668,50.91999816894531,51.560001373291016,2845100
2017-03-27,EWW,50.88999938964844,51.59000015258789,50.790000915527344,51.5,2214400
2017-03-28,EWW,51.650001525878906,51.900001525878906,51.209999084472656,51.2599983215332,2290300
2017-03-29,EWW,51.470001220703125,52.0099983215332,51.18000030517578,51.79999923706055,2981100
2017-03-30,EWW,51.95000076293945,52.060001373291016,51.470001220703125,51.630001068115234,3555100
2017-03-31,EWW,51.47999954223633,51.54999923706055,51.0,51.16999816894531,2502000
2017-04-03,EWW,51.2400016784668,51.77000045776367,51.2400016784668,51.63999938964844,2768000
2017-04-04,EWW,51.11000061035156,51.709999084472656,51.09000015258789,51.66999816894531,2065000
2017-04-05,EWW,52.04999923706055,52.25,51.619998931884766,51.66999816894531,3047700
2017-04-06,EWW,51.599998474121094,51.66999816894531,51.310001373291016,51.470001220703125,2165700
2017-04-07,EWW,51.75,52.2599983215332,51.63999938964844,52.06999969482422,3361500
2017-04-10,EWW,52.0,52.2400016784668,51.66999816894531,52.08000183105469,1910500
2017-04-11,EWW,52.08000183105469,52.15999984741211,51.290000915527344,51.900001525878906,4454000
2017-04-12,EWW,51.84000015258789,51.869998931884766,51.04999923706055,51.38999938964844,4475000
2017-04-13,EWW,51.52000045776367,51.88999938964844,51.09000015258789,51.189998626708984,2296800
2017-04-17,EWW,51.43000030517578,51.79999923706055,51.33000183105469,51.790000915527344,2073600
2017-04-18,EWW,51.650001525878906,51.939998626708984,51.41999816894531,51.54999923706055,2237200
2017-04-19,EWW,51.36000061035156,51.38999938964844,50.709999084472656,50.93000030517578,3343600
2017-04-20,EWW,51.209999084472656,51.529998779296875,50.95000076293945,51.470001220703125,1741600
2017-04-21,EWW,51.310001373291016,51.45000076293945,51.04999923706055,51.369998931884766,1861400
2017-04-24,EWW,52.349998474121094,52.58000183105469,52.189998626708984,52.22999954223633,2316100
2017-04-25,EWW,51.72999954223633,52.130001068115234,51.709999084472656,52.040000915527344,2625400
2017-04-26,EWW,51.7599983215332,51.95000076293945,50.41999816894531,50.9900016784668,8222400
2017-04-27,EWW,51.61000061035156,51.63999938964844,51.209999084472656,51.439998626708984,3252400
2017-04-28,EWW,51.529998779296875,51.849998474121094,51.20000076293945,51.7599983215332,1852400
2017-05-01,EWW,51.95000076293945,52.31999969482422,51.63999938964844,52.06999969482422,858300
2017-05-02,EWW,51.970001220703125,52.380001068115234,51.939998626708984,52.349998474121094,2490300
2017-05-03,EWW,52.13999938964844,52.189998626708984,51.5099983215332,51.59000015258789,2020800
2017-05-04,EWW,51.380001068115234,51.689998626708984,50.61000061035156,50.81999969482422,4369500
2017-05-05,EWW,50.86000061035156,51.56999969482422,50.79999923706055,51.529998779296875,1849200
2017-05-08,EWW,51.470001220703125,51.58000183105469,50.83000183105469,51.0099983215332,2162400
2017-05-09,EWW,51.11000061035156,51.72999954223633,51.060001373291016,51.439998626708984,2327700
2017-05-10,EWW,51.91999816894531,52.31999969482422,51.849998474121094,52.029998779296875,1904800
2017-05-11,EWW,52.09000015258789,52.119998931884766,51.779998779296875,52.02000045776367,1279600
2017-05-12,EWW,52.150001525878906,52.29999923706055,51.86000061035156,52.08000183105469,1257000
2017-05-15,EWW,52.560001373291016,52.869998931884766,52.5099983215332,52.720001220703125,2153000
2017-05-16,EWW,52.689998626708984,52.95000076293945,52.540000915527344,52.540000915527344,1250300
2017-05-17,EWW,51.9900016784668,52.09000015258789,51.52000045776367,51.529998779296875,2772700
2017-05-18,EWW,50.5,51.220001220703125,50.13999938964844,50.72999954223633,5491800
2017-05-19,EWW,51.5099983215332,52.2400016784668,51.439998626708984,52.0099983215332,3883500
2017-05-22,EWW,52.400001525878906,52.75,51.709999084472656,51.849998474121094,1936600
2017-05-23,EWW,52.0099983215332,52.2400016784668,51.7599983215332,52.099998474121094,1256600
2017-05-24,EWW,52.41999816894531,53.13999938964844,52.34000015258789,53.099998474121094,2221200
2017-05-25,EWW,53.43000030517578,53.58000183105469,52.599998474121094,52.63999938964844,2254000
2017-05-26,EWW,52.880001068115234,53.2599983215332,52.709999084472656,53.060001373291016,1314700
2017-05-30,EWW,52.58000183105469,52.68000030517578,51.939998626708984,52.04999923706055,2567800
2017-05-31,EWW,52.09000015258789,52.09000015258789,51.5099983215332,51.619998931884766,3323000
2017-06-01,EWW,51.72999954223633,52.31999969482422,51.689998626708984,52.119998931884766,2957700
2017-06-02,EWW,52.25,52.470001220703125,51.880001068115234,52.0,2710600
2017-06-05,EWW,52.52000045776367,53.52000045776367,52.52000045776367,53.45000076293945,4395500
2017-06-06,EWW,53.380001068115234,53.72999954223633,53.20000076293945,53.2400016784668,1685500
2017-06-07,EWW,53.439998626708984,53.599998474121094,53.0,53.40999984741211,1578200
2017-06-08,EWW,53.7599983215332,53.7599983215332,53.29999923706055,53.34000015258789,1362100
2017-06-09,EWW,53.220001220703125,53.619998931884766,53.150001525878906,53.36000061035156,2214900
2017-06-12,EWW,53.34000015258789,53.59000015258789,53.060001373291016,53.59000015258789,1788000
2017-06-13,EWW,53.709999084472656,53.79999923706055,53.5099983215332,53.720001220703125,1683200
2017-06-14,EWW,53.97999954223633,54.52000045776367,53.84000015258789,54.16999816894531,4028400
2017-06-15,EWW,53.5099983215332,53.880001068115234,53.22999954223633,53.779998779296875,2883200
2017-06-16,EWW,53.959999084472656,54.54999923706055,53.66999816894531,54.459999084472656,3127200
2017-06-19,EWW,54.43000030517578,54.650001525878906,53.959999084472656,54.189998626708984,2716100
2017-06-20,EWW,53.4900016784668,53.4900016784668,52.83000183105469,52.83000183105469,2458500
2017-06-21,EWW,52.91999816894531,53.15999984741211,52.560001373291016,52.61000061035156,1995600
2017-06-22,EWW,53.0099983215332,53.380001068115234,52.7400016784668,53.11000061035156,1138600
2017-06-23,EWW,53.279998779296875,53.720001220703125,53.099998474121094,53.560001373291016,1300300
2017-06-26,EWW,54.08000183105469,54.310001373291016,54.0,54.2400016784668,2355100
2017-06-27,EWW,53.84000015258789,53.90999984741211,53.38999938964844,53.61000061035156,1675100
2017-06-28,EWW,53.97999954223633,54.45000076293945,53.7599983215332,54.36000061035156,1707500
2017-06-29,EWW,53.81999969482422,53.95000076293945,53.119998931884766,53.599998474121094,2448700
2017-06-30,EWW,53.81999969482422,54.09000015258789,53.779998779296875,53.939998626708984,1948500
2017-07-03,EWW,54.11000061035156,54.36000061035156,53.83000183105469,53.900001525878906,1376300
2017-07-05,EWW,53.56999969482422,54.08000183105469,53.45000076293945,53.849998474121094,1765400
2017-07-06,EWW,53.689998626708984,53.709999084472656,53.27000045776367,53.470001220703125,2114900
2017-07-07,EWW,54.0099983215332,54.22999954223633,53.5099983215332,54.13999938964844,2054300
2017-07-10,EWW,54.5,55.29999923706055,54.43000030517578,55.25,2974300
2017-07-11,EWW,55.029998779296875,55.5,55.02000045776367,55.11000061035156,1981100
2017-07-12,EWW,56.20000076293945,56.38999938964844,55.68000030517578,56.02000045776367,2639800
2017-07-13,EWW,56.16999816894531,56.380001068115234,55.959999084472656,56.349998474121094,1303600
2017-07-14,EWW,56.72999954223633,57.27000045776367,56.5099983215332,57.04999923706055,2283000
2017-07-17,EWW,56.959999084472656,57.40999984741211,56.7599983215332,57.20000076293945,3076700
2017-07-18,EWW,57.34000015258789,57.439998626708984,57.119998931884766,57.27000045776367,1679600
2017-07-19,EWW,57.380001068115234,57.56999969482422,57.0099983215332,57.150001525878906,1618900
2017-07-20,EWW,57.15999984741211,57.43000030517578,57.099998474121094,57.25,1596400
2017-07-21,EWW,57.31999969482422,57.459999084472656,57.16999816894531,57.31999969482422,1226100
2017-07-24,EWW,57.22999954223633,57.290000915527344,56.7400016784668,57.18000030517578,1603300
2017-07-25,EWW,57.470001220703125,57.470001220703125,56.970001220703125,57.029998779296875,1765900
2017-07-26,EWW,57.11000061035156,57.619998931884766,56.88999938964844,57.54999923706055,1921500
2017-07-27,EWW,57.619998931884766,57.720001220703125,56.5,56.630001068115234,2391600
2017-07-28,EWW,56.58000183105469,56.689998626708984,56.16999816894531,56.68000030517578,1738400
2017-07-31,EWW,56.599998474121094,56.599998474121094,56.02000045776367,56.29999923706055,2268700
2017-08-01,EWW,56.4900016784668,56.91999816894531,56.15999984741211,56.2400016784668,3422200
2017-08-02,EWW,56.08000183105469,56.66999816894531,56.0,56.38999938964844,1508400
2017-08-03,EWW,56.459999084472656,56.470001220703125,56.18000030517578,56.369998931884766,1685000
2017-08-04,EWW,56.630001068115234,56.66999816894531,56.220001220703125,56.470001220703125,1581800
2017-08-07,EWW,56.380001068115234,56.439998626708984,56.20000076293945,56.38999938964844,1688800
2017-08-08,EWW,56.54999923706055,56.86000061035156,56.40999984741211,56.5099983215332,1529300
2017-08-09,EWW,55.75,56.130001068115234,55.61000061035156,56.060001373291016,1523700
2017-08-10,EWW,56.0099983215332,56.06999969482422,55.470001220703125,55.58000183105469,3133700
2017-08-11,EWW,55.599998474121094,56.209999084472656,55.4900016784668,56.0099983215332,1591300
2017-08-14,EWW,56.5,56.88999938964844,56.40999984741211,56.709999084472656,2123600
2017-08-15,EWW,56.599998474121094,56.79999923706055,56.459999084472656,56.7400016784668,724900
2017-08-16,EWW,57.189998626708984,57.209999084472656,56.65999984741211,57.11000061035156,2745300
2017-08-17,EWW,56.9900016784668,57.20000076293945,56.220001220703125,56.220001220703125,1858400
2017-08-18,EWW,56.2599983215332,57.04999923706055,56.029998779296875,56.86000061035156,1828200
2017-08-21,EWW,57.119998931884766,57.45000076293945,57.02000045776367,57.33000183105469,1146200
2017-08-22,EWW,57.619998931884766,57.63999938964844,57.369998931884766,57.43000030517578,1418100
2017-08-23,EWW,56.83000183105469,57.31999969482422,56.81999969482422,57.27000045776367,1306200
2017-08-24,EWW,57.470001220703125,57.58000183105469,57.220001220703125,57.290000915527344,1651200
2017-08-25,EWW,57.61000061035156,57.81999969482422,57.380001068115234,57.619998931884766,1150300
2017-08-28,EWW,57.31999969482422,57.349998474121094,56.5099983215332,56.619998931884766,1527300
2017-08-29,EWW,56.33000183105469,56.650001525878906,56.16999816894531,56.59000015258789,1362100
2017-08-30,EWW,56.630001068115234,56.91999816894531,56.4900016784668,56.849998474121094,1225800
2017-08-31,EWW,56.81999969482422,56.869998931884766,56.400001525878906,56.470001220703125,1510800
2017-09-01,EWW,56.75,57.0099983215332,56.540000915527344,56.7599983215332,1719400
2017-09-05,EWW,56.45000076293945,56.61000061035156,55.439998626708984,55.560001373291016,3026100
2017-09-06,EWW,55.66999816894531,56.349998474121094,55.630001068115234,56.18000030517578,3236300
2017-09-07,EWW,56.540000915527344,56.72999954223633,56.18000030517578,56.40999984741211,1571600
2017-09-08,EWW,56.209999084472656,56.279998779296875,55.720001220703125,55.86000061035156,1743900
2017-09-11,EWW,55.970001220703125,56.47999954223633,55.970001220703125,56.43000030517578,1329900
2017-09-12,EWW,56.20000076293945,56.38999938964844,56.099998474121094,56.2400016784668,1541900
2017-09-13,EWW,55.9900016784668,56.060001373291016,55.650001525878906,55.88999938964844,1980500
2017-09-14,EWW,55.599998474121094,56.130001068115234,55.349998474121094,56.130001068115234,1943600
2017-09-15,EWW,56.060001373291016,56.11000061035156,55.810001373291016,56.060001373291016,2198000
2017-09-18,EWW,55.779998779296875,56.189998626708984,55.7599983215332,55.90999984741211,2214700
2017-09-19,EWW,55.93000030517578,56.209999084472656,55.31999969482422,55.650001525878906,3835500
2017-09-20,EWW,55.869998931884766,56.40999984741211,55.47999954223633,55.86000061035156,2404100
2017-09-21,EWW,55.7400016784668,55.95000076293945,55.36000061035156,55.72999954223633,1503700
2017-09-22,EWW,55.779998779296875,56.20000076293945,55.779998779296875,55.9900016784668,1636600
2017-09-25,EWW,55.61000061035156,55.83000183105469,55.38999938964844,55.59000015258789,1472000
2017-09-26,EWW,55.5,56.0,55.11000061035156,55.40999984741211,1425200
2017-09-27,EWW,54.84000015258789,55.04999923706055,54.25,54.41999816894531,2952900
2017-09-28,EWW,54.220001220703125,54.54999923706055,54.09000015258789,54.439998626708984,2700200
2017-09-29,EWW,54.5,54.84000015258789,54.36000061035156,54.61000061035156,2924800
2017-10-02,EWW,54.459999084472656,54.83000183105469,54.38999938964844,54.66999816894531,1982800
2017-10-03,EWW,54.59000015258789,54.9900016784668,54.5099983215332,54.84000015258789,2318700
2017-10-04,EWW,54.7400016784668,54.9900016784668,54.56999969482422,54.63999938964844,2381300
2017-10-05,EWW,54.7400016784668,55.02000045776367,53.84000015258789,54.0,3997300
2017-10-06,EWW,53.70000076293945,53.790000915527344,53.279998779296875,53.56999969482422,2269300
2017-10-09,EWW,53.52000045776367,53.54999923706055,52.90999984741211,53.04999923706055,1922900
2017-10-10,EWW,53.529998779296875,53.650001525878906,52.529998779296875,52.59000015258789,3228500
2017-10-11,EWW,52.72999954223633,53.08000183105469,52.59000015258789,52.93000030517578,2668000
2017-10-12,EWW,52.7400016784668,52.91999816894531,52.34000015258789,52.439998626708984,3771200
2017-10-13,EWW,52.529998779296875,52.779998779296875,51.9900016784668,52.119998931884766,3346900
2017-10-16,EWW,51.939998626708984,52.349998474121094,51.47999954223633,51.47999954223633,4804700
2017-10-17,EWW,51.77000045776367,52.95000076293945,51.150001525878906,52.81999969482422,10412000
2017-10-18,EWW,52.790000915527344,52.790000915527344,52.18000030517578,52.27000045776367,2868600
2017-10-19,EWW,52.34000015258789,52.599998474121094,52.15999984741211,52.560001373291016,2714700
2017-10-20,EWW,52.61000061035156,52.689998626708984,51.90999984741211,51.970001220703125,4912900
2017-10-23,EWW,52.04999923706055,52.189998626708984,51.310001373291016,51.349998474121094,3039200
2017-10-24,EWW,51.34000015258789,51.75,51.27000045776367,51.650001525878906,4144000
2017-10-25,EWW,51.970001220703125,52.0,50.619998931884766,50.68000030517578,4421700
2017-10-26,EWW,50.83000183105469,51.25,50.189998626708984,50.22999954223633,3062500
2017-10-27,EWW,50.470001220703125,50.869998931884766,50.13999938964844,50.68000030517578,3860300
2017-10-30,EWW,50.849998474121094,50.97999954223633,49.959999084472656,50.150001525878906,2624000
2017-10-31,EWW,50.459999084472656,50.630001068115234,50.15999984741211,50.33000183105469,3540800
2017-11-01,EWW,50.38999938964844,50.63999938964844,49.970001220703125,50.08000183105469,2293500
2017-11-02,EWW,50.0,50.459999084472656,49.88999938964844,50.310001373291016,1571000
2017-11-03,EWW,50.36000061035156,50.439998626708984,49.18000030517578,50.130001068115234,3641700
2017-11-06,EWW,50.470001220703125,51.130001068115234,50.130001068115234,51.060001373291016,4606900
2017-11-07,EWW,51.04999923706055,51.2400016784668,50.54999923706055,50.75,3469700
2017-11-08,EWW,50.900001525878906,51.08000183105469,50.61000061035156,50.65999984741211,1239100
2017-11-09,EWW,50.33000183105469,50.90999984741211,50.13999938964844,50.77000045776367,2518100
2017-11-10,EWW,50.619998931884766,50.790000915527344,49.7400016784668,49.75,4266900
2017-11-13,EWW,49.529998779296875,49.849998474121094,49.279998779296875,49.7400016784668,4794200
2017-11-14,EWW,49.75,49.869998931884766,49.2599983215332,49.400001525878906,3364000
2017-11-15,EWW,49.22999954223633,49.400001525878906,48.0099983215332,49.15999984741211,4174400
2017-11-16,EWW,49.45000076293945,49.959999084472656,49.290000915527344,49.779998779296875,2923000
2017-11-17,EWW,49.95000076293945,50.560001373291016,49.7599983215332,50.2599983215332,4389200
2017-11-20,EWW,49.939998626708984,50.279998779296875,49.790000915527344,50.0,1818300
2017-11-21,EWW,50.4900016784668,51.220001220703125,50.45000076293945,51.029998779296875,3532200
2017-11-22,EWW,51.29999923706055,51.58000183105469,50.9900016784668,51.43000030517578,2841000
2017-11-24,EWW,51.709999084472656,51.880001068115234,51.220001220703125,51.2599983215332,1023800
2017-11-27,EWW,51.529998779296875,51.529998779296875,50.68000030517578,50.70000076293945,2026200
2017-11-28,EWW,50.81999969482422,51.02000045776367,50.54999923706055,51.0,3009500
2017-11-29,EWW,50.84000015258789,51.209999084472656,50.4900016784668,51.18000030517578,3158800
2017-11-30,EWW,50.900001525878906,51.540000915527344,50.11000061035156,50.189998626708984,5040300
2017-12-01,EWW,50.16999816894531,50.810001373291016,49.810001373291016,50.459999084472656,3916100
2017-12-04,EWW,50.7400016784668,50.81999969482422,50.099998474121094,50.36000061035156,2560600
2017-12-05,EWW,50.04999923706055,50.5099983215332,49.93000030517578,50.36000061035156,3715900
2017-12-06,EWW,49.90999984741211,50.099998474121094,49.40999984741211,49.56999969482422,2527700
2017-12-07,EWW,49.209999084472656,49.65999984741211,49.18000030517578,49.34000015258789,2729800
2017-12-08,EWW,49.75,50.08000183105469,49.4900016784668,50.029998779296875,1868600
2017-12-11,EWW,50.0099983215332,50.13999938964844,49.689998626708984,49.70000076293945,1257500
2017-12-12,EWW,49.529998779296875,49.599998474121094,48.93000030517578,49.45000076293945,1812600
2017-12-13,EWW,49.5,50.4900016784668,49.349998474121094,50.38999938964844,3102600
2017-12-14,EWW,50.439998626708984,50.540000915527344,50.02000045776367,50.02000045776367,1523400
2017-12-15,EWW,50.13999938964844,50.34000015258789,49.72999954223633,50.0,3991400
2017-12-18,EWW,50.470001220703125,50.97999954223633,50.22999954223633,50.779998779296875,2909000
2017-12-19,EWW,50.91999816894531,50.91999816894531,49.45000076293945,49.4900016784668,2813800
2017-12-20,EWW,49.470001220703125,49.66999816894531,49.16999816894531,49.310001373291016,1498200
2017-12-21,EWW,49.31999969482422,49.40999984741211,48.66999816894531,48.709999084472656,2090500
2017-12-22,EWW,48.66999816894531,48.869998931884766,47.83000183105469,48.15999984741211,2786800
2017-12-26,EWW,48.5,48.63999938964844,47.790000915527344,47.869998931884766,1438500
2017-12-27,EWW,48.099998474121094,48.54999923706055,48.099998474121094,48.5,1759600
2017-12-28,EWW,48.5,48.7599983215332,48.400001525878906,48.56999969482422,1427900
2017-12-29,EWW,48.70000076293945,49.36000061035156,48.70000076293945,49.290000915527344,4134400
2018-01-02,EWW,49.84000015258789,50.400001525878906,49.529998779296875,50.380001068115234,3233000
2018-01-03,EWW,50.779998779296875,50.939998626708984,50.27000045776367,50.369998931884766,3567900
2018-01-04,EWW,50.72999954223633,50.970001220703125,50.40999984741211,50.45000076293945,2525000
2018-01-05,EWW,50.65999984741211,51.02000045776367,50.459999084472656,50.97999954223633,2740200
2018-01-08,EWW,50.849998474121094,51.209999084472656,50.779998779296875,50.97999954223633,2978600
2018-01-09,EWW,50.93000030517578,50.97999954223633,50.279998779296875,50.59000015258789,3475200
2018-01-10,EWW,50.5,50.540000915527344,49.27000045776367,49.47999954223633,6989200
2018-01-11,EWW,49.369998931884766,49.70000076293945,49.220001220703125,49.70000076293945,2818400
2018-01-12,EWW,50.15999984741211,50.97999954223633,49.7400016784668,50.689998626708984,5344500
2018-01-16,EWW,51.630001068115234,51.79999923706055,51.43000030517578,51.66999816894531,4161600
2018-01-17,EWW,51.79999923706055,52.54999923706055,51.77000045776367,52.2400016784668,3409900
2018-01-18,EWW,52.45000076293945,52.65999984741211,52.25,52.619998931884766,2586300
2018-01-19,EWW,53.0,53.08000183105469,52.349998474121094,52.47999954223633,2717300
2018-01-22,EWW,52.41999816894531,52.54999923706055,52.22999954223633,52.54999923706055,1805600
2018-01-23,EWW,52.119998931884766,52.63999938964844,51.900001525878906,52.52000045776367,2833300
2018-01-24,EWW,53.040000915527344,54.04999923706055,53.029998779296875,53.91999816894531,5558800
2018-01-25,EWW,54.290000915527344,54.650001525878906,53.459999084472656,53.47999954223633,6075200
2018-01-26,EWW,53.88999938964844,54.150001525878906,53.56999969482422,54.06999969482422,2154900
2018-01-29,EWW,53.77000045776367,53.880001068115234,53.209999084472656,53.31999969482422,3231300
2018-01-30,EWW,52.9900016784668,53.25,52.290000915527344,52.63999938964844,2912400
2018-01-31,EWW,53.2400016784668,53.310001373291016,52.790000915527344,53.11000061035156,2519900
2018-02-01,EWW,53.25,54.40999984741211,53.20000076293945,54.060001373291016,3879300
2018-02-02,EWW,53.209999084472656,53.58000183105469,52.65999984741211,52.880001068115234,4424900
2018-02-05,EWW,52.689998626708984,53.38999938964844,50.0,50.68000030517578,5603700
2018-02-06,EWW,50.459999084472656,52.27000045776367,50.380001068115234,52.040000915527344,6870600
2018-02-07,EWW,51.599998474121094,52.15999984741211,51.0099983215332,51.040000915527344,4721700
2018-02-08,EWW,51.20000076293945,51.20000076293945,49.470001220703125,49.540000915527344,7413600
2018-02-09,EWW,50.2599983215332,50.5,48.77000045776367,50.34000015258789,7976300
2018-02-12,EWW,50.560001373291016,51.220001220703125,49.91999816894531,50.619998931884766,5970900
2018-02-13,EWW,50.439998626708984,50.900001525878906,50.40999984741211,50.75,2578600
2018-02-14,EWW,50.29999923706055,51.75,50.22999954223633,51.52000045776367,3532400
2018-02-15,EWW,52.06999969482422,52.41999816894531,51.90999984741211,52.16999816894531,3639500
2018-02-16,EWW,52.20000076293945,52.810001373291016,52.04999923706055,52.099998474121094,4516400
2018-02-20,EWW,51.650001525878906,52.0099983215332,51.25,51.45000076293945,4609100
2018-02-21,EWW,51.599998474121094,51.91999816894531,50.849998474121094,50.869998931884766,3637200
2018-02-22,EWW,51.34000015258789,52.130001068115234,51.34000015258789,51.88999938964844,3054800
2018-02-23,EWW,52.16999816894531,52.439998626708984,51.66999816894531,51.779998779296875,2696800
2018-02-26,EWW,51.70000076293945,51.81999969482422,51.27000045776367,51.63999938964844,2645700
2018-02-27,EWW,51.349998474121094,51.65999984741211,50.47999954223633,50.54999923706055,4019300
2018-02-28,EWW,50.79999923706055,50.849998474121094,49.77000045776367,49.90999984741211,3821700
2018-03-01,EWW,49.810001373291016,50.630001068115234,49.5099983215332,50.16999816894531,4938700
2018-03-02,EWW,49.59000015258789,50.2400016784668,49.27000045776367,50.11000061035156,3612300
2018-03-05,EWW,49.59000015258789,50.34000015258789,49.349998474121094,50.27000045776367,4615600
2018-03-06,EWW,50.939998626708984,51.099998474121094,50.52000045776367,50.619998931884766,3359100
2018-03-07,EWW,50.18000030517578,50.58000183105469,50.040000915527344,50.4900016784668,2636600
2018-03-08,EWW,50.83000183105469,51.41999816894531,50.5099983215332,51.369998931884766,6432700
2018-03-09,EWW,51.880001068115234,52.279998779296875,51.689998626708984,51.869998931884766,3854800
2018-03-12,EWW,51.900001525878906,52.2599983215332,51.75,52.060001373291016,2515100
2018-03-13,EWW,52.20000076293945,52.439998626708984,51.689998626708984,51.86000061035156,2768000
2018-03-14,EWW,52.119998931884766,52.15999984741211,51.349998474121094,51.599998474121094,3244400
2018-03-15,EWW,51.36000061035156,51.40999984741211,50.81999969482422,50.86000061035156,2300200
2018-03-16,EWW,50.65999984741211,50.900001525878906,50.349998474121094,50.43000030517578,2440300
2018-03-19,EWW,50.06999969482422,50.2400016784668,49.439998626708984,49.81999969482422,3382800
2018-03-20,EWW,50.0,50.2400016784668,49.93000030517578,50.02000045776367,2114900
2018-03-21,EWW,50.619998931884766,51.63999938964844,50.529998779296875,51.5099983215332,7326300
2018-03-22,EWW,50.84000015258789,51.38999938964844,50.59000015258789,50.7599983215332,5159700
2018-03-23,EWW,50.900001525878906,51.31999969482422,49.93000030517578,49.95000076293945,3826800
2018-03-26,EWW,50.880001068115234,51.189998626708984,49.79999923706055,51.150001525878906,3115500
2018-03-27,EWW,51.04999923706055,51.33000183105469,50.630001068115234,50.650001525878906,2753000
2018-03-28,EWW,50.630001068115234,50.79999923706055,50.11000061035156,50.22999954223633,3062600
2018-03-29,EWW,50.68000030517578,51.849998474121094,50.58000183105469,51.52000045776367,2980300
2018-04-02,EWW,50.970001220703125,51.310001373291016,49.810001373291016,50.150001525878906,4123300
2018-04-03,EWW,50.619998931884766,51.290000915527344,50.34000015258789,51.27000045776367,4936400
2018-04-04,EWW,50.47999954223633,52.70000076293945,50.369998931884766,52.619998931884766,6285500
2018-04-05,EWW,52.81999969482422,53.20000076293945,52.650001525878906,52.689998626708984,5188000
2018-04-06,EWW,52.279998779296875,52.70000076293945,52.02000045776367,52.34000015258789,3597200
2018-04-09,EWW,52.52000045776367,52.880001068115234,52.18000030517578,52.20000076293945,2297100
2018-04-10,EWW,52.79999923706055,52.97999954223633,52.34000015258789,52.939998626708984,5137600
2018-04-11,EWW,52.66999816894531,53.16999816894531,52.63999938964844,53.02000045776367,2086600
2018-04-12,EWW,53.45000076293945,53.7400016784668,53.13999938964844,53.40999984741211,3883400
2018-04-13,EWW,53.900001525878906,53.91999816894531,53.38999938964844,53.869998931884766,2458000
2018-04-16,EWW,54.04999923706055,54.04999923706055,53.63999938964844,53.75,1891200
2018-04-17,EWW,54.11000061035156,54.33000183105469,53.880001068115234,54.15999984741211,3188900
2018-04-18,EWW,54.4900016784668,54.650001525878906,54.11000061035156,54.11000061035156,3408300
2018-04-19,EWW,53.97999954223633,54.0099983215332,52.43000030517578,52.529998779296875,5110400
2018-04-20,EWW,52.2400016784668,52.29999923706055,51.619998931884766,52.209999084472656,5586700
2018-04-23,EWW,51.599998474121094,51.91999816894531,51.0,51.11000061035156,3979100
2018-04-24,EWW,51.529998779296875,51.650001525878906,50.810001373291016,50.959999084472656,3244900
2018-04-25,EWW,50.470001220703125,51.029998779296875,50.20000076293945,51.0099983215332,2793000
2018-04-26,EWW,51.0,51.369998931884766,50.72999954223633,51.2599983215332,3887700
2018-04-27,EWW,51.529998779296875,51.709999084472656,51.279998779296875,51.66999816894531,2061300
2018-04-30,EWW,51.66999816894531,51.689998626708984,51.31999969482422,51.599998474121094,2281000
2018-05-01,EWW,51.33000183105469,51.380001068115234,49.88999938964844,50.90999984741211,3627100
2018-05-02,EWW,50.65999984741211,50.91999816894531,49.90999984741211,50.099998474121094,4861400
2018-05-03,EWW,50.02000045776367,50.380001068115234,49.11000061035156,49.380001068115234,5215300
2018-05-04,EWW,48.75,49.119998931884766,48.59000015258789,48.790000915527344,3764900
2018-05-07,EWW,48.619998931884766,48.779998779296875,47.54999923706055,47.58000183105469,6093400
2018-05-08,EWW,47.54999923706055,47.7400016784668,47.060001373291016,47.540000915527344,3774200
2018-05-09,EWW,47.68000030517578,47.709999084472656,47.119998931884766,47.29999923706055,4141700
2018-05-10,EWW,48.15999984741211,48.72999954223633,48.119998931884766,48.560001373291016,6323400
2018-05-11,EWW,48.66999816894531,49.029998779296875,47.77000045776367,48.06999969482422,3248200
2018-05-14,EWW,48.31999969482422,48.33000183105469,47.369998931884766,47.38999938964844,2841400
2018-05-15,EWW,46.599998474121094,47.0099983215332,46.25,46.959999084472656,4299700
2018-05-16,EWW,47.029998779296875,47.40999984741211,46.84000015258789,47.27000045776367,3764700
2018-05-17,EWW,46.7599983215332,47.16999816894531,46.279998779296875,46.310001373291016,5934000
2018-05-18,EWW,45.84000015258789,46.0,45.29999923706055,45.54999923706055,5867100
2018-05-21,EWW,45.810001373291016,45.97999954223633,45.33000183105469,45.380001068115234,4239700
2018-05-22,EWW,45.529998779296875,46.06999969482422,45.47999954223633,46.02000045776367,2683400
2018-05-23,EWW,45.65999984741211,46.86000061035156,45.470001220703125,46.720001220703125,5039300
2018-05-24,EWW,46.380001068115234,46.5,45.849998474121094,46.06999969482422,3625700
2018-05-25,EWW,46.15999984741211,46.45000076293945,45.95000076293945,46.0,4217200
2018-05-29,EWW,45.2599983215332,45.709999084472656,44.630001068115234,44.709999084472656,5737100
2018-05-30,EWW,45.0,45.29999923706055,44.83000183105469,45.15999984741211,3719000
2018-05-31,EWW,44.93000030517578,45.04999923706055,44.279998779296875,44.68000030517578,4897100
2018-06-01,EWW,45.15999984741211,45.540000915527344,44.79999923706055,44.97999954223633,3650600
2018-06-04,EWW,45.040000915527344,45.209999084472656,44.84000015258789,44.970001220703125,2757800
2018-06-05,EWW,44.22999954223633,44.439998626708984,43.7599983215332,43.779998779296875,5160100
2018-06-06,EWW,44.40999984741211,44.540000915527344,44.06999969482422,44.209999084472656,4246200
2018-06-07,EWW,44.22999954223633,44.22999954223633,43.54999923706055,43.86000061035156,5869500
2018-06-08,EWW,44.08000183105469,44.95000076293945,43.650001525878906,44.91999816894531,3970000
2018-06-11,EWW,44.619998931884766,44.779998779296875,44.36000061035156,44.630001068115234,4142800
2018-06-12,EWW,44.540000915527344,44.880001068115234,44.4900016784668,44.77000045776367,4311100
2018-06-13,EWW,44.79999923706055,45.33000183105469,44.52000045776367,44.66999816894531,3862200
2018-06-14,EWW,45.119998931884766,45.310001373291016,44.7400016784668,44.86000061035156,3423900
2018-06-15,EWW,44.90999984741211,45.09000015258789,44.470001220703125,45.060001373291016,4172500
2018-06-18,EWW,44.630001068115234,45.18000030517578,44.2599983215332,45.16999816894531,5584900
2018-06-19,EWW,44.02000045776367,44.54999923706055,43.959999084472656,44.400001525878906,4529900
2018-06-20,EWW,44.88999938964844,45.20000076293945,44.72999954223633,45.09000015258789,3425400
2018-06-21,EWW,45.06999969482422,45.290000915527344,44.779998779296875,44.97999954223633,4134900
2018-06-22,EWW,45.470001220703125,45.83000183105469,44.95000076293945,45.779998779296875,3560700
2018-06-25,EWW,45.54999923706055,46.2599983215332,45.36000061035156,46.130001068115234,5736300
2018-06-26,EWW,46.2400016784668,46.40999984741211,46.0099983215332,46.20000076293945,2774900
2018-06-27,EWW,46.06999969482422,46.2599983215332,45.5,45.61000061035156,4796100
2018-06-28,EWW,46.2599983215332,46.9900016784668,45.84000015258789,46.91999816894531,5469100
2018-06-29,EWW,47.2400016784668,47.439998626708984,46.66999816894531,47.13999938964844,5249000
2018-07-02,EWW,46.349998474121094,46.38999938964844,45.619998931884766,45.95000076293945,5225500
2018-07-03,EWW,46.88999938964844,47.54999923706055,46.779998779296875,47.36000061035156,3898600
2018-07-05,EWW,47.9900016784668,49.63999938964844,47.86000061035156,49.619998931884766,6476200
2018-07-06,EWW,49.810001373291016,50.790000915527344,49.650001525878906,50.43000030517578,10182100
2018-07-09,EWW,50.47999954223633,50.79999923706055,50.29999923706055,50.40999984741211,6501300
2018-07-10,EWW,50.779998779296875,50.939998626708984,50.400001525878906,50.90999984741211,5024100
2018-07-11,EWW,50.400001525878906,50.88999938964844,50.189998626708984,50.400001525878906,6180700
2018-07-12,EWW,51.16999816894531,51.36000061035156,50.439998626708984,50.439998626708984,3007700
2018-07-13,EWW,50.400001525878906,50.5,50.060001373291016,50.25,3481800
2018-07-16,EWW,50.380001068115234,50.70000076293945,50.18000030517578,50.5,2917600
2018-07-17,EWW,50.310001373291016,50.70000076293945,50.130001068115234,50.599998474121094,2798000
2018-07-18,EWW,50.33000183105469,51.25,50.2599983215332,50.7599983215332,4824400
2018-07-19,EWW,50.25,50.400001525878906,49.88999938964844,50.099998474121094,3716100
2018-07-20,EWW,50.290000915527344,50.58000183105469,50.0,50.47999954223633,2628100
2018-07-23,EWW,50.34000015258789,50.84000015258789,50.02000045776367,50.77000045776367,4717100
2018-07-24,EWW,51.09000015258789,51.41999816894531,50.790000915527344,51.220001220703125,3772600
2018-07-25,EWW,51.5,52.209999084472656,51.5,51.880001068115234,5725800
2018-07-26,EWW,51.79999923706055,52.33000183105469,51.56999969482422,51.72999954223633,6046800
2018-07-27,EWW,52.029998779296875,52.34000015258789,51.5,51.869998931884766,3631900
2018-07-30,EWW,52.310001373291016,52.619998931884766,51.970001220703125,52.18000030517578,1915300
2018-07-31,EWW,51.959999084472656,52.38999938964844,51.779998779296875,51.97999954223633,3985700
2018-08-01,EWW,52.0,52.18000030517578,51.65999984741211,51.720001220703125,3428900
2018-08-02,EWW,51.220001220703125,51.36000061035156,50.97999954223633,51.150001525878906,3173500
2018-08-03,EWW,51.18000030517578,51.88999938964844,51.18000030517578,51.88999938964844,3320500
2018-08-06,EWW,51.63999938964844,52.099998474121094,51.459999084472656,51.91999816894531,2039000
2018-08-07,EWW,52.310001373291016,53.060001373291016,52.220001220703125,52.900001525878906,6275200
2018-08-08,EWW,52.7400016784668,52.91999816894531,52.529998779296875,52.7400016784668,2404100
2018-08-09,EWW,52.27000045776367,52.5099983215332,51.400001525878906,51.400001525878906,4536700
2018-08-10,EWW,50.20000076293945,50.34000015258789,49.369998931884766,49.619998931884766,6530200
2018-08-13,EWW,49.349998474121094,49.779998779296875,49.11000061035156,49.54999923706055,3856900
2018-08-14,EWW,50.310001373291016,50.7599983215332,50.060001373291016,50.689998626708984,3214600
2018-08-15,EWW,49.41999816894531,49.939998626708984,49.04999923706055,49.209999084472656,5355800
2018-08-16,EWW,49.86000061035156,50.09000015258789,49.04999923706055,49.25,4478500
2018-08-17,EWW,49.06999969482422,49.869998931884766,48.91999816894531,49.810001373291016,5985600
2018-08-20,EWW,49.52000045776367,50.08000183105469,49.47999954223633,50.02000045776367,3179800
2018-08-21,EWW,50.25,51.189998626708984,50.11000061035156,50.83000183105469,5385100
2018-08-22,EWW,50.81999969482422,51.91999816894531,50.72999954223633,51.86000061035156,5753000
2018-08-23,EWW,51.56999969482422,51.970001220703125,51.0099983215332,51.02000045776367,4988700
2018-08-24,EWW,51.77000045776367,52.02000045776367,50.63999938964844,51.189998626708984,4937300
2018-08-27,EWW,52.18000030517578,52.810001373291016,52.0,52.220001220703125,6364400
2018-08-28,EWW,52.43000030517578,52.599998474121094,50.93000030517578,50.95000076293945,6279200
2018-08-29,EWW,51.040000915527344,51.65999984741211,50.720001220703125,51.59000015258789,2760300
2018-08-30,EWW,50.90999984741211,51.08000183105469,50.02000045776367,50.43000030517578,5655300
2018-08-31,EWW,50.470001220703125,50.900001525878906,49.939998626708984,50.34000015258789,5209400
2018-09-04,EWW,49.63999938964844,49.650001525878906,48.900001525878906,49.029998779296875,3727400
2018-09-05,EWW,48.72999954223633,49.209999084472656,48.400001525878906,48.84000015258789,3941800
2018-09-06,EWW,48.959999084472656,49.33000183105469,48.72999954223633,49.33000183105469,3539200
2018-09-07,EWW,49.22999954223633,49.31999969482422,48.54999923706055,49.279998779296875,3173400
2018-09-10,EWW,49.54999923706055,49.54999923706055,48.849998474121094,49.29999923706055,2696000
2018-09-11,EWW,48.77000045776367,49.4900016784668,48.65999984741211,49.470001220703125,2381400
2018-09-12,EWW,49.56999969482422,50.560001373291016,49.369998931884766,50.38999938964844,4556400
2018-09-13,EWW,51.27000045776367,51.4900016784668,50.869998931884766,51.369998931884766,4152700
2018-09-14,EWW,51.41999816894531,51.58000183105469,50.65999984741211,51.02000045776367,2829900
2018-09-17,EWW,51.150001525878906,51.369998931884766,50.849998474121094,50.88999938964844,2312700
2018-09-18,EWW,51.15999984741211,51.63999938964844,51.119998931884766,51.22999954223633,2353000
2018-09-19,EWW,51.5,51.72999954223633,51.279998779296875,51.31999969482422,3045500
2018-09-20,EWW,51.59000015258789,51.95000076293945,50.97999954223633,51.13999938964844,2762400
2018-09-21,EWW,50.970001220703125,51.349998474121094,50.689998626708984,50.9900016784668,3600900
2018-09-24,EWW,50.72999954223633,50.93000030517578,50.41999816894531,50.5,2968100
2018-09-25,EWW,50.5,50.84000015258789,50.43000030517578,50.689998626708984,2281700
2018-09-26,EWW,50.7400016784668,51.5,50.720001220703125,51.0,4207200
2018-09-27,EWW,51.20000076293945,51.63999938964844,51.0099983215332,51.130001068115234,2431800
2018-09-28,EWW,51.09000015258789,51.470001220703125,50.97999954223633,51.22999954223633,2583600
2018-10-01,EWW,51.95000076293945,52.16999816894531,51.439998626708984,51.61000061035156,2415900
2018-10-02,EWW,51.2599983215332,51.59000015258789,50.779998779296875,50.83000183105469,3127300
2018-10-03,EWW,51.36000061035156,51.36000061035156,49.810001373291016,49.9900016784668,4061200
2018-10-04,EWW,49.56999969482422,50.040000915527344,48.81999969482422,49.31999969482422,4235100
2018-10-05,EWW,49.70000076293945,50.150001525878906,49.189998626708984,49.58000183105469,3761900
2018-10-08,EWW,49.04999923706055,49.540000915527344,49.04999923706055,49.33000183105469,3526700
2018-10-09,EWW,49.02000045776367,49.54999923706055,48.59000015258789,49.47999954223633,3555000
2018-10-10,EWW,49.04999923706055,49.29999923706055,48.61000061035156,48.65999984741211,4300700
2018-10-11,EWW,48.5,49.189998626708984,48.279998779296875,48.52000045776367,5325100
2018-10-12,EWW,49.5099983215332,49.5099983215332,48.31999969482422,48.709999084472656,3808400
2018-10-15,EWW,48.72999954223633,49.470001220703125,48.61000061035156,49.06999969482422,2829000
2018-10-16,EWW,49.689998626708984,50.040000915527344,49.459999084472656,49.790000915527344,2888500
2018-10-17,EWW,49.63999938964844,49.689998626708984,49.150001525878906,49.150001525878906,2568200
2018-10-18,EWW,48.79999923706055,48.97999954223633,47.439998626708984,47.52000045776367,6576500
2018-10-19,EWW,47.790000915527344,48.290000915527344,47.22999954223633,47.630001068115234,3794600
2018-10-22,EWW,47.72999954223633,47.970001220703125,46.56999969482422,46.83000183105469,3632100
2018-10-23,EWW,46.04999923706055,46.75,46.0099983215332,46.529998779296875,4570300
2018-10-24,EWW,46.5,46.61000061035156,45.209999084472656,45.2599983215332,3917500
2018-10-25,EWW,45.77000045776367,46.470001220703125,45.560001373291016,46.040000915527344,3565200
2018-10-26,EWW,45.380001068115234,45.970001220703125,45.209999084472656,45.880001068115234,4224800
2018-10-29,EWW,44.880001068115234,45.16999816894531,42.31999969482422,42.599998474121094,8547800
2018-10-30,EWW,42.869998931884766,42.869998931884766,42.11000061035156,42.439998626708984,7580800
2018-10-31,EWW,42.630001068115234,42.65999984741211,41.630001068115234,42.08000183105469,5138300
2018-11-01,EWW,42.7400016784668,44.189998626708984,42.40999984741211,43.84000015258789,5787100
2018-11-02,EWW,44.56999969482422,44.9900016784668,43.560001373291016,44.18000030517578,4421000
2018-11-05,EWW,44.18000030517578,45.560001373291016,44.150001525878906,45.45000076293945,4961500
2018-11-06,EWW,45.5099983215332,45.900001525878906,45.2599983215332,45.540000915527344,2805500
2018-11-07,EWW,45.90999984741211,46.130001068115234,45.470001220703125,45.70000076293945,3536700
2018-11-08,EWW,45.439998626708984,45.54999923706055,42.310001373291016,42.61000061035156,13740800
2018-11-09,EWW,42.220001220703125,43.619998931884766,40.66999816894531,42.7400016784668,18100000
2018-11-12,EWW,42.279998779296875,42.41999816894531,41.43000030517578,41.5,4396000
2018-11-13,EWW,41.33000183105469,41.400001525878906,40.41999816894531,40.58000183105469,6743900
2018-11-14,EWW,40.779998779296875,41.599998474121094,40.470001220703125,40.720001220703125,6567000
2018-11-15,EWW,40.72999954223633,40.88999938964844,40.0,40.2400016784668,6447400
2018-11-16,EWW,40.099998474121094,41.66999816894531,40.099998474121094,41.380001068115234,10368700
2018-11-19,EWW,41.0,41.439998626708984,40.66999816894531,41.18000030517578,7551500
2018-11-20,EWW,40.47999954223633,40.9900016784668,40.18000030517578,40.29999923706055,3587500
2018-11-21,EWW,40.59000015258789,41.18000030517578,40.25,40.36000061035156,3204800
2018-11-23,EWW,39.97999954223633,40.08000183105469,39.58000183105469,39.720001220703125,2420900
2018-11-26,EWW,39.68000030517578,39.91999816894531,37.5,37.7599983215332,6855100
2018-11-27,EWW,38.33000183105469,38.79999923706055,38.11000061035156,38.38999938964844,4730400
2018-11-28,EWW,38.83000183105469,40.11000061035156,38.4900016784668,40.099998474121094,7729600
2018-11-29,EWW,40.150001525878906,40.93000030517578,40.040000915527344,40.7400016784668,5831100
2018-11-30,EWW,40.59000015258789,40.790000915527344,39.91999816894531,40.33000183105469,6689800
2018-12-03,EWW,41.5099983215332,41.959999084472656,40.369998931884766,40.56999969482422,6279100
2018-12-04,EWW,40.529998779296875,40.61000061035156,39.88999938964844,39.88999938964844,4771100
2018-12-06,EWW,39.33000183105469,40.66999816894531,39.16999816894531,40.619998931884766,4514300
2018-12-07,EWW,40.91999816894531,41.290000915527344,40.4900016784668,40.599998474121094,3882800
2018-12-10,EWW,40.5,40.720001220703125,39.630001068115234,40.16999816894531,3325500
2018-12-11,EWW,40.61000061035156,40.689998626708984,39.86000061035156,40.08000183105469,3354800
2018-12-12,EWW,40.61000061035156,41.189998626708984,40.459999084472656,40.68000030517578,4443900
2018-12-13,EWW,40.470001220703125,40.869998931884766,40.16999816894531,40.36000061035156,4297400
2018-12-14,EWW,39.88999938964844,40.619998931884766,39.88999938964844,40.27000045776367,4445400
2018-12-17,EWW,40.540000915527344,40.939998626708984,39.56999969482422,39.65999984741211,4848800
2018-12-18,EWW,39.38999938964844,40.2599983215332,39.290000915527344,39.9900016784668,4725000
2018-12-19,EWW,40.119998931884766,41.25,39.75,40.119998931884766,7527500
2018-12-20,EWW,40.59000015258789,41.040000915527344,40.45000076293945,41.0,4893400
2018-12-21,EWW,41.0,41.099998474121094,40.380001068115234,40.41999816894531,4056800
2018-12-24,EWW,40.400001525878906,40.93000030517578,40.400001525878906,40.599998474121094,2033500
2018-12-26,EWW,40.529998779296875,41.0,40.290000915527344,41.0,3294700
2018-12-27,EWW,40.58000183105469,41.13999938964844,40.4900016784668,41.040000915527344,3022000
2018-12-28,EWW,41.290000915527344,41.45000076293945,40.83000183105469,41.13999938964844,2259000
2018-12-31,EWW,41.189998626708984,41.5,40.90999984741211,41.18000030517578,1356300
2019-01-02,EWW,41.18000030517578,42.33000183105469,41.09000015258789,42.31999969482422,3084300
2019-01-03,EWW,41.779998779296875,42.20000076293945,41.5,41.790000915527344,2337100
2019-01-04,EWW,41.95000076293945,42.88999938964844,41.88999938964844,42.650001525878906,3504400
2019-01-07,EWW,43.0099983215332,43.290000915527344,42.709999084472656,43.150001525878906,3077500
2019-01-08,EWW,43.38999938964844,44.099998474121094,43.38999938964844,43.86000061035156,4019500
2019-01-09,EWW,44.2599983215332,44.83000183105469,44.060001373291016,44.349998474121094,5579400
2019-01-10,EWW,44.310001373291016,44.709999084472656,44.20000076293945,44.45000076293945,2922900
2019-01-11,EWW,44.349998474121094,44.59000015258789,44.15999984741211,44.2599983215332,3783100
2019-01-14,EWW,44.150001525878906,44.880001068115234,44.04999923706055,44.470001220703125,4122200
2019-01-15,EWW,44.61000061035156,44.88999938964844,44.41999816894531,44.720001220703125,5059400
2019-01-16,EWW,44.83000183105469,45.2400016784668,44.810001373291016,45.209999084472656,3976900
2019-01-17,EWW,44.72999954223633,45.4900016784668,44.58000183105469,45.09000015258789,3346100
2019-01-18,EWW,45.189998626708984,45.560001373291016,45.060001373291016,45.06999969482422,2980300
2019-01-22,EWW,44.58000183105469,44.869998931884766,44.150001525878906,44.34000015258789,3637400
2019-01-23,EWW,44.61000061035156,44.810001373291016,44.220001220703125,44.68000030517578,2661200
2019-01-24,EWW,44.7400016784668,45.0099983215332,44.400001525878906,44.61000061035156,2852800
2019-01-25,EWW,45.130001068115234,45.459999084472656,44.560001373291016,44.810001373291016,6095000
2019-01-28,EWW,44.060001373291016,44.9900016784668,44.02000045776367,44.61000061035156,5898700
2019-01-29,EWW,44.79999923706055,45.11000061035156,44.560001373291016,44.810001373291016,3086500
2019-01-30,EWW,44.43000030517578,44.709999084472656,43.83000183105469,44.61000061035156,5077900
2019-01-31,EWW,44.939998626708984,45.40999984741211,44.79999923706055,45.0,2859400
2019-02-01,EWW,44.900001525878906,45.380001068115234,44.720001220703125,44.849998474121094,4764800
2019-02-04,EWW,44.81999969482422,45.5,44.790000915527344,45.09000015258789,2323600
2019-02-05,EWW,45.09000015258789,45.7599983215332,45.029998779296875,45.58000183105469,3030200
2019-02-06,EWW,45.279998779296875,45.560001373291016,45.06999969482422,45.22999954223633,3467100
2019-02-07,EWW,44.7599983215332,45.43000030517578,44.720001220703125,45.0,3038600
2019-02-08,EWW,44.81999969482422,44.95000076293945,44.349998474121094,44.43000030517578,3608100
2019-02-11,EWW,44.33000183105469,44.47999954223633,43.90999984741211,43.93000030517578,2591500
2019-02-12,EWW,44.290000915527344,44.54999923706055,43.790000915527344,43.97999954223633,2463700
2019-02-13,EWW,43.59000015258789,43.849998474121094,42.470001220703125,42.630001068115234,8319700
2019-02-14,EWW,42.56999969482422,43.41999816894531,42.41999816894531,43.36000061035156,6294300
2019-02-15,EWW,43.2599983215332,43.81999969482422,42.9900016784668,43.790000915527344,3717400
2019-02-19,EWW,43.68000030517578,44.27000045776367,43.65999984741211,43.959999084472656,3181000
2019-02-20,EWW,43.959999084472656,44.25,43.869998931884766,43.90999984741211,2873600
2019-02-21,EWW,43.97999954223633,44.220001220703125,43.68000030517578,44.16999816894531,2700200
2019-02-22,EWW,44.54999923706055,45.09000015258789,44.38999938964844,44.650001525878906,3648000
2019-02-25,EWW,45.06999969482422,45.27000045776367,44.630001068115234,44.77000045776367,5526700
2019-02-26,EWW,44.810001373291016,44.810001373291016,44.36000061035156,44.5099983215332,4362100
2019-02-27,EWW,44.41999816894531,44.5,43.83000183105469,44.09000015258789,2392700
2019-02-28,EWW,44.0,44.09000015258789,43.27000045776367,43.560001373291016,3426600
2019-03-01,EWW,43.7400016784668,43.790000915527344,42.91999816894531,43.290000915527344,3929200
2019-03-04,EWW,43.31999969482422,43.400001525878906,42.7599983215332,43.060001373291016,2736800
2019-03-05,EWW,43.16999816894531,43.220001220703125,42.810001373291016,42.86000061035156,3621500
2019-03-06,EWW,42.61000061035156,43.0,42.209999084472656,42.349998474121094,3892600
2019-03-07,EWW,42.38999938964844,42.41999816894531,41.65999984741211,41.77000045776367,4319400
2019-03-08,EWW,41.70000076293945,42.09000015258789,41.369998931884766,41.970001220703125,4536100
2019-03-11,EWW,42.22999954223633,42.630001068115234,42.22999954223633,42.45000076293945,2588700
2019-03-12,EWW,42.75,43.15999984741211,42.459999084472656,42.560001373291016,3439700
2019-03-13,EWW,42.83000183105469,42.869998931884766,42.349998474121094,42.66999816894531,3042200
2019-03-14,EWW,42.43000030517578,42.689998626708984,42.099998474121094,42.540000915527344,3595800
2019-03-15,EWW,42.779998779296875,43.279998779296875,42.779998779296875,43.15999984741211,4289200
2019-03-18,EWW,43.41999816894531,44.09000015258789,43.41999816894531,43.88999938964844,4170000
2019-03-19,EWW,44.04999923706055,44.18000030517578,43.650001525878906,43.81999969482422,3399100
2019-03-20,EWW,44.08000183105469,45.18000030517578,43.880001068115234,44.939998626708984,7376400
2019-03-21,EWW,44.939998626708984,45.33000183105469,44.79999923706055,45.06999969482422,5576000
2019-03-22,EWW,44.38999938964844,44.75,43.279998779296875,43.29999923706055,5378500
2019-03-25,EWW,43.36000061035156,44.099998474121094,43.36000061035156,43.91999816894531,3253700
2019-03-26,EWW,44.0,44.209999084472656,43.779998779296875,43.97999954223633,2613600
2019-03-27,EWW,43.5099983215332,43.84000015258789,43.27000045776367,43.4900016784668,3727300
2019-03-28,EWW,43.470001220703125,43.54999923706055,42.91999816894531,43.400001525878906,3893500
2019-03-29,EWW,43.650001525878906,43.84000015258789,43.220001220703125,43.59000015258789,4726900
2019-04-01,EWW,44.0099983215332,44.790000915527344,43.93000030517578,44.58000183105469,5325100
2019-04-02,EWW,44.869998931884766,44.93000030517578,43.91999816894531,44.15999984741211,2769300
2019-04-03,EWW,44.349998474121094,44.63999938964844,44.02000045776367,44.22999954223633,4998700
2019-04-04,EWW,44.060001373291016,44.939998626708984,44.060001373291016,44.91999816894531,4931500
2019-04-05,EWW,45.13999938964844,46.150001525878906,45.13999938964844,46.040000915527344,6259800
2019-04-08,EWW,46.09000015258789,46.970001220703125,46.060001373291016,46.75,3429200
2019-04-09,EWW,46.81999969482422,46.90999984741211,46.41999816894531,46.56999969482422,3725000
2019-04-10,EWW,46.849998474121094,46.970001220703125,46.54999923706055,46.61000061035156,2507300
2019-04-11,EWW,46.439998626708984,46.54999923706055,46.029998779296875,46.34000015258789,3046500
2019-04-12,EWW,46.54999923706055,46.869998931884766,46.34000015258789,46.5099983215332,3350800
2019-04-15,EWW,46.34000015258789,46.47999954223633,45.959999084472656,46.27000045776367,3566600
2019-04-16,EWW,46.13999938964844,46.720001220703125,46.06999969482422,46.63999938964844,3261300
2019-04-17,EWW,46.93000030517578,47.31999969482422,46.529998779296875,47.18000030517578,3635100
2019-04-18,EWW,47.16999816894531,47.41999816894531,46.849998474121094,47.130001068115234,1691100
2019-04-22,EWW,47.0099983215332,47.20000076293945,46.91999816894531,47.06999969482422,1308000
2019-04-23,EWW,46.7599983215332,46.90999984741211,46.27000045776367,46.63999938964844,3109600
2019-04-24,EWW,46.31999969482422,46.540000915527344,45.810001373291016,46.15999984741211,3362400
2019-04-25,EWW,45.849998474121094,46.439998626708984,45.61000061035156,46.40999984741211,2600600
2019-04-26,EWW,46.4900016784668,46.900001525878906,46.31999969482422,46.52000045776367,1978200
2019-04-29,EWW,46.58000183105469,46.58000183105469,46.04999923706055,46.220001220703125,2345400
2019-04-30,EWW,46.0,46.33000183105469,45.58000183105469,46.150001525878906,3169100
2019-05-01,EWW,46.29999923706055,46.66999816894531,45.560001373291016,45.689998626708984,3426100
2019-05-02,EWW,45.68000030517578,45.84000015258789,45.29999923706055,45.45000076293945,3197000
2019-05-03,EWW,45.790000915527344,46.13999938964844,45.65999984741211,46.0,3002200
2019-05-06,EWW,44.88999938964844,45.7599983215332,44.88999938964844,45.70000076293945,3017800
2019-05-07,EWW,45.099998474121094,45.43000030517578,44.619998931884766,44.959999084472656,3422000
2019-05-08,EWW,44.650001525878906,44.900001525878906,44.40999984741211,44.43000030517578,3739300
2019-05-09,EWW,43.900001525878906,44.380001068115234,43.279998779296875,44.13999938964844,5522800
2019-05-10,EWW,44.029998779296875,44.75,43.439998626708984,44.59000015258789,4061700
2019-05-13,EWW,43.779998779296875,44.04999923706055,43.38999938964844,43.93000030517578,4582300
2019-05-14,EWW,44.15999984741211,44.59000015258789,43.91999816894531,44.45000076293945,3564200
2019-05-15,EWW,44.08000183105469,44.720001220703125,43.90999984741211,44.529998779296875,3075600
2019-05-16,EWW,44.52000045776367,44.790000915527344,44.2599983215332,44.470001220703125,2703800
2019-05-17,EWW,43.90999984741211,44.709999084472656,43.81999969482422,44.22999954223633,3115500
2019-05-20,EWW,44.29999923706055,44.880001068115234,44.22999954223633,44.630001068115234,2145900
2019-05-21,EWW,44.66999816894531,44.810001373291016,44.040000915527344,44.58000183105469,5303700
2019-05-22,EWW,44.540000915527344,44.689998626708984,44.099998474121094,44.290000915527344,1996900
2019-05-23,EWW,43.86000061035156,44.209999084472656,43.650001525878906,43.97999954223633,2797800
2019-05-24,EWW,44.2599983215332,44.2599983215332,43.33000183105469,43.79999923706055,4092200
2019-05-28,EWW,43.630001068115234,43.83000183105469,43.099998474121094,43.29999923706055,3758500
2019-05-29,EWW,43.02000045776367,43.970001220703125,42.880001068115234,43.90999984741211,3597700
2019-05-30,EWW,44.0,44.84000015258789,44.0,44.540000915527344,3901400
2019-05-31,EWW,42.36000061035156,43.04999923706055,42.13999938964844,42.91999816894531,7783000
2019-06-03,EWW,42.560001373291016,42.9900016784668,42.52000045776367,42.66999816894531,4612800
2019-06-04,EWW,43.220001220703125,43.7599983215332,42.959999084472656,43.459999084472656,5233300
2019-06-05,EWW,43.72999954223633,43.939998626708984,43.2400016784668,43.7400016784668,4577900
2019-06-06,EWW,43.45000076293945,45.619998931884766,42.79999923706055,43.40999984741211,7818400
2019-06-07,EWW,43.209999084472656,43.709999084472656,43.20000076293945,43.56999969482422,4462300
2019-06-10,EWW,44.93000030517578,45.25,44.470001220703125,44.86000061035156,7111900
2019-06-11,EWW,45.209999084472656,45.38999938964844,45.0099983215332,45.099998474121094,3431000
2019-06-12,EWW,45.060001373291016,45.290000915527344,44.83000183105469,44.91999816894531,4418200
2019-06-13,EWW,44.93000030517578,45.11000061035156,44.52000045776367,44.66999816894531,5763400
2019-06-14,EWW,44.779998779296875,44.779998779296875,44.25,44.34000015258789,3012100
2019-06-17,EWW,43.5099983215332,43.72999954223633,43.11000061035156,43.279998779296875,3694600
2019-06-18,EWW,43.709999084472656,44.130001068115234,43.400001525878906,43.65999984741211,3822800
2019-06-19,EWW,43.66999816894531,44.130001068115234,43.5099983215332,44.029998779296875,3137400
2019-06-20,EWW,45.0099983215332,45.08000183105469,44.400001525878906,44.56999969482422,3610300
2019-06-21,EWW,44.369998931884766,44.689998626708984,43.959999084472656,44.06999969482422,3623400
2019-06-24,EWW,44.029998779296875,44.22999954223633,43.939998626708984,44.08000183105469,2536700
2019-06-25,EWW,43.900001525878906,44.209999084472656,43.849998474121094,43.959999084472656,3639700
2019-06-26,EWW,44.16999816894531,44.349998474121094,44.04999923706055,44.220001220703125,3895900
2019-06-27,EWW,44.2599983215332,44.349998474121094,43.52000045776367,43.54999923706055,3750900
2019-06-28,EWW,43.810001373291016,43.810001373291016,43.189998626708984,43.380001068115234,3436500
2019-07-01,EWW,44.0099983215332,44.36000061035156,43.5099983215332,43.86000061035156,4002400
2019-07-02,EWW,43.900001525878906,44.27000045776367,43.86000061035156,43.88999938964844,2115600
2019-07-03,EWW,44.099998474121094,44.13999938964844,43.849998474121094,43.97999954223633,1202600
2019-07-05,EWW,43.900001525878906,44.29999923706055,43.650001525878906,44.099998474121094,2901800
2019-07-08,EWW,44.099998474121094,44.790000915527344,43.959999084472656,44.540000915527344,2943100
2019-07-09,EWW,44.29999923706055,44.630001068115234,42.880001068115234,43.15999984741211,12860000
2019-07-10,EWW,43.15999984741211,43.369998931884766,42.790000915527344,43.15999984741211,4025300
2019-07-11,EWW,43.380001068115234,43.720001220703125,43.099998474121094,43.560001373291016,3550800
2019-07-12,EWW,43.869998931884766,43.869998931884766,43.209999084472656,43.5099983215332,2344800
2019-07-15,EWW,43.54999923706055,44.16999816894531,43.5099983215332,44.06999969482422,2731800
2019-07-16,EWW,43.810001373291016,44.029998779296875,43.349998474121094,43.650001525878906,2906200
2019-07-17,EWW,43.720001220703125,43.93000030517578,43.2599983215332,43.2599983215332,2658100
2019-07-18,EWW,43.349998474121094,43.459999084472656,42.540000915527344,42.83000183105469,5878400
2019-07-19,EWW,42.869998931884766,42.93000030517578,42.38999938964844,42.459999084472656,3372500
2019-07-22,EWW,42.33000183105469,42.619998931884766,41.880001068115234,42.02000045776367,4236000
2019-07-23,EWW,41.97999954223633,42.02000045776367,41.209999084472656,41.38999938964844,4022800
2019-07-24,EWW,41.529998779296875,42.060001373291016,41.529998779296875,41.91999816894531,2431800
2019-07-25,EWW,41.86000061035156,41.970001220703125,41.459999084472656,41.720001220703125,2711500
2019-07-26,EWW,41.90999984741211,42.0099983215332,41.33000183105469,41.4900016784668,2687600
2019-07-29,EWW,41.470001220703125,42.619998931884766,41.310001373291016,42.16999816894531,3799900
2019-07-30,EWW,42.06999969482422,42.06999969482422,41.56999969482422,41.849998474121094,1884700
2019-07-31,EWW,41.939998626708984,41.95000076293945,41.0099983215332,41.27000045776367,3531000
2019-08-01,EWW,41.20000076293945,41.5099983215332,40.61000061035156,40.75,5003700
2019-08-02,EWW,40.540000915527344,40.61000061035156,39.810001373291016,40.22999954223633,4968400
2019-08-05,EWW,39.29999923706055,39.40999984741211,38.84000015258789,39.15999984741211,4680600
2019-08-06,EWW,39.380001068115234,39.709999084472656,39.099998474121094,39.58000183105469,3150400
2019-08-07,EWW,39.06999969482422,40.16999816894531,38.880001068115234,40.130001068115234,4862500
2019-08-08,EWW,40.2599983215332,40.72999954223633,40.119998931884766,40.560001373291016,2908800
2019-08-09,EWW,40.47999954223633,40.66999816894531,40.040000915527344,40.5099983215332,2580300
2019-08-12,EWW,39.810001373291016,39.810001373291016,39.29999923706055,39.4900016784668,3139100
2019-08-13,EWW,39.2599983215332,39.939998626708984,39.06999969482422,39.61000061035156,3681000
2019-08-14,EWW,38.83000183105469,39.25,38.11000061035156,38.22999954223633,5047100
2019-08-15,EWW,38.27000045776367,38.689998626708984,37.86000061035156,38.43000030517578,4506000
2019-08-16,EWW,38.66999816894531,39.20000076293945,38.52000045776367,39.119998931884766,3057400
2019-08-19,EWW,39.209999084472656,39.54999923706055,38.7400016784668,38.81999969482422,2625100
2019-08-20,EWW,38.7400016784668,39.310001373291016,38.720001220703125,39.06999969482422,2471200
2019-08-21,EWW,39.439998626708984,39.72999954223633,39.13999938964844,39.72999954223633,2254300
2019-08-22,EWW,39.41999816894531,39.810001373291016,39.31999969482422,39.33000183105469,2669200
2019-08-23,EWW,39.22999954223633,39.52000045776367,38.869998931884766,38.970001220703125,5016500
2019-08-26,EWW,39.290000915527344,39.369998931884766,39.0099983215332,39.29999923706055,1871700
2019-08-27,EWW,39.40999984741211,39.720001220703125,39.400001525878906,39.529998779296875,3010600
2019-08-28,EWW,39.869998931884766,39.9900016784668,39.529998779296875,39.79999923706055,3262600
2019-08-29,EWW,40.0,40.72999954223633,39.810001373291016,40.619998931884766,2770800
2019-08-30,EWW,40.79999923706055,41.54999923706055,40.619998931884766,41.5099983215332,2908700
2019-09-03,EWW,41.13999938964844,41.13999938964844,40.720001220703125,40.959999084472656,2305900
2019-09-04,EWW,41.650001525878906,41.95000076293945,41.290000915527344,41.86000061035156,3496400
2019-09-05,EWW,42.18000030517578,42.61000061035156,42.150001525878906,42.29999923706055,2660100
2019-09-06,EWW,42.72999954223633,43.02000045776367,42.5,42.70000076293945,4021900
2019-09-09,EWW,43.060001373291016,43.34000015258789,42.5,42.58000183105469,3688600
2019-09-10,EWW,42.56999969482422,42.959999084472656,42.38999938964844,42.4900016784668,3734400
2019-09-11,EWW,42.400001525878906,42.77000045776367,42.400001525878906,42.689998626708984,2365800
2019-09-12,EWW,42.97999954223633,43.25,42.619998931884766,42.79999923706055,2638800
2019-09-13,EWW,42.9900016784668,43.380001068115234,42.97999954223633,43.150001525878906,2765600
2019-09-16,EWW,43.09000015258789,43.56999969482422,42.709999084472656,43.04999923706055,2622600
2019-09-17,EWW,42.86000061035156,43.86000061035156,42.72999954223633,43.810001373291016,4281200
2019-09-18,EWW,43.84000015258789,43.880001068115234,43.099998474121094,43.369998931884766,3398800
2019-09-19,EWW,43.630001068115234,43.72999954223633,43.150001525878906,43.290000915527344,2047100
2019-09-20,EWW,43.54999923706055,43.790000915527344,43.22999954223633,43.72999954223633,3181300
2019-09-23,EWW,43.459999084472656,43.88999938964844,43.29999923706055,43.599998474121094,2641400
2019-09-24,EWW,43.810001373291016,43.869998931884766,43.15999984741211,43.15999984741211,2645100
2019-09-25,EWW,42.810001373291016,43.08000183105469,42.45000076293945,43.0099983215332,2679100
2019-09-26,EWW,42.97999954223633,43.130001068115234,42.650001525878906,42.849998474121094,2763600
2019-09-27,EWW,42.790000915527344,42.869998931884766,42.380001068115234,42.529998779296875,1850800
2019-09-30,EWW,42.529998779296875,42.90999984741211,42.33000183105469,42.720001220703125,1737100
2019-10-01,EWW,42.52000045776367,42.72999954223633,42.33000183105469,42.36000061035156,2443800
2019-10-02,EWW,42.27000045776367,42.36000061035156,41.70000076293945,41.7599983215332,3542800
2019-10-03,EWW,41.65999984741211,42.36000061035156,41.61000061035156,42.34000015258789,2089700
2019-10-04,EWW,42.47999954223633,43.68000030517578,42.47999954223633,43.63999938964844,4779100
2019-10-07,EWW,43.54999923706055,43.619998931884766,42.9900016784668,43.0,2519800
2019-10-08,EWW,42.93000030517578,43.11000061035156,42.47999954223633,42.4900016784668,2930000
2019-10-09,EWW,42.95000076293945,43.130001068115234,42.59000015258789,42.619998931884766,1641500
2019-10-10,EWW,42.75,43.52000045776367,42.689998626708984,43.4900016784668,4546700
2019-10-11,EWW,44.0,44.41999816894531,43.900001525878906,44.119998931884766,4286300
2019-10-14,EWW,44.220001220703125,44.400001525878906,44.13999938964844,44.16999816894531,1767000
2019-10-15,EWW,44.38999938964844,44.4900016784668,44.20000076293945,44.2400016784668,1856700
2019-10-16,EWW,44.15999984741211,44.63999938964844,44.15999984741211,44.56999969482422,2610900
2019-10-17,EWW,44.81999969482422,45.0,44.439998626708984,44.439998626708984,1617500
2019-10-18,EWW,44.630001068115234,44.779998779296875,44.310001373291016,44.33000183105469,2449300
2019-10-21,EWW,44.54999923706055,44.79999923706055,44.369998931884766,44.79999923706055,2244400
2019-10-22,EWW,44.939998626708984,45.04999923706055,44.540000915527344,44.66999816894531,2351700
2019-10-23,EWW,44.5,44.81999969482422,44.5,44.779998779296875,1553800
2019-10-24,EWW,44.900001525878906,45.0,44.68000030517578,44.79999923706055,1962500
2019-10-25,EWW,44.970001220703125,45.0099983215332,44.709999084472656,44.7599983215332,1700500
2019-10-28,EWW,44.95000076293945,45.25,44.709999084472656,45.130001068115234,2853100
2019-10-29,EWW,45.36000061035156,45.38999938964844,44.95000076293945,44.970001220703125,1797200
2019-10-30,EWW,44.900001525878906,45.0099983215332,44.599998474121094,44.880001068115234,2180900
2019-10-31,EWW,45.0,45.0099983215332,44.220001220703125,44.310001373291016,2215700
2019-11-01,EWW,44.83000183105469,45.220001220703125,44.470001220703125,45.13999938964844,4123300
2019-11-04,EWW,45.5099983215332,45.56999969482422,44.90999984741211,45.029998779296875,1849400
2019-11-05,EWW,45.0,45.060001373291016,44.45000076293945,44.59000015258789,1931000
2019-11-06,EWW,44.54999923706055,45.099998474121094,44.369998931884766,45.09000015258789,2110800
2019-11-07,EWW,45.2400016784668,45.65999984741211,45.189998626708984,45.45000076293945,2596200
2019-11-08,EWW,45.27000045776367,45.599998474121094,44.939998626708984,45.02000045776367,1814600
2019-11-11,EWW,44.880001068115234,45.15999984741211,44.65999984741211,44.97999954223633,1597200
2019-11-12,EWW,44.88999938964844,44.900001525878906,43.95000076293945,43.9900016784668,2362600
2019-11-13,EWW,43.75,43.95000076293945,43.5,43.779998779296875,2066400
2019-11-14,EWW,43.470001220703125,44.09000015258789,43.290000915527344,44.08000183105469,1637800
2019-11-15,EWW,44.5099983215332,44.70000076293945,44.40999984741211,44.70000076293945,1501800
2019-11-18,EWW,44.599998474121094,44.709999084472656,44.279998779296875,44.349998474121094,1085400
2019-11-19,EWW,44.470001220703125,44.689998626708984,44.189998626708984,44.36000061035156,1177800
2019-11-20,EWW,44.25,44.52000045776367,43.959999084472656,44.189998626708984,2768100
2019-11-21,EWW,43.95000076293945,44.29999923706055,43.880001068115234,44.13999938964844,2192200
2019-11-22,EWW,44.31999969482422,44.540000915527344,44.060001373291016,44.470001220703125,1811000
2019-11-25,EWW,44.43000030517578,44.790000915527344,44.2599983215332,44.40999984741211,1234400
2019-11-26,EWW,44.29999923706055,44.29999923706055,43.470001220703125,43.72999954223633,3649900
2019-11-27,EWW,43.61000061035156,43.779998779296875,43.47999954223633,43.77000045776367,1578100
2019-11-29,EWW,43.45000076293945,43.880001068115234,43.38999938964844,43.52000045776367,1304400
2019-12-02,EWW,43.34000015258789,43.5,43.040000915527344,43.099998474121094,2095100
2019-12-03,EWW,42.7599983215332,43.060001373291016,42.61000061035156,42.81999969482422,2092400
2019-12-04,EWW,43.11000061035156,43.220001220703125,42.95000076293945,43.06999969482422,2085600
2019-12-05,EWW,43.220001220703125,43.5099983215332,43.08000183105469,43.209999084472656,2484900
2019-12-06,EWW,43.38999938964844,43.43000030517578,42.88999938964844,43.0,2657900
2019-12-09,EWW,43.27000045776367,43.630001068115234,43.040000915527344,43.119998931884766,2972300
2019-12-10,EWW,43.04999923706055,43.869998931884766,43.04999923706055,43.849998474121094,2975600
2019-12-11,EWW,43.900001525878906,44.65999984741211,43.86000061035156,44.619998931884766,2639900
2019-12-12,EWW,44.779998779296875,45.27000045776367,44.66999816894531,45.150001525878906,3461300
2019-12-13,EWW,45.31999969482422,45.93000030517578,45.2400016784668,45.75,3739100
2019-12-16,EWW,46.02000045776367,46.06999969482422,45.099998474121094,45.68000030517578,2663600
2019-12-17,EWW,45.88999938964844,45.9900016784668,45.52000045776367,45.709999084472656,3327900
2019-12-18,EWW,45.79999923706055,46.400001525878906,45.75,46.310001373291016,2510300
2019-12-19,EWW,46.400001525878906,46.45000076293945,45.88999938964844,46.060001373291016,2921000
2019-12-20,EWW,46.29999923706055,46.34000015258789,45.84000015258789,45.84000015258789,2298600
2019-12-23,EWW,45.810001373291016,45.939998626708984,45.540000915527344,45.66999816894531,2113500
2019-12-24,EWW,45.7400016784668,45.7400016784668,45.43000030517578,45.5099983215332,445500
2019-12-26,EWW,45.619998931884766,45.810001373291016,45.41999816894531,45.79999923706055,1047500
2019-12-27,EWW,45.81999969482422,46.20000076293945,45.75,45.900001525878906,1427300
2019-12-30,EWW,46.0,46.0,44.84000015258789,44.97999954223633,2625400
2019-12-31,EWW,45.040000915527344,45.400001525878906,44.97999954223633,45.029998779296875,1720000
2020-01-02,EWW,45.41999816894531,46.2599983215332,45.099998474121094,46.2599983215332,2929900
2020-01-03,EWW,45.63999938964844,46.279998779296875,45.599998474121094,45.91999816894531,2355500
2020-01-06,EWW,45.900001525878906,46.400001525878906,45.900001525878906,46.130001068115234,4428100
2020-01-07,EWW,46.06999969482422,46.209999084472656,45.619998931884766,45.70000076293945,5687600
2020-01-08,EWW,46.0,46.380001068115234,45.619998931884766,46.11000061035156,2457400
2020-01-09,EWW,46.400001525878906,46.40999984741211,45.91999816894531,46.13999938964844,3019800
2020-01-10,EWW,46.4900016784668,46.84000015258789,46.290000915527344,46.38999938964844,3744800
2020-01-13,EWW,46.4900016784668,46.77000045776367,46.310001373291016,46.709999084472656,2413800
2020-01-14,EWW,46.77000045776367,46.77000045776367,46.09000015258789,46.41999816894531,4313400
2020-01-15,EWW,46.220001220703125,46.650001525878906,46.16999816894531,46.279998779296875,2630500
2020-01-16,EWW,46.529998779296875,47.209999084472656,46.349998474121094,47.20000076293945,3597000
2020-01-17,EWW,47.29999923706055,48.119998931884766,47.20000076293945,48.0099983215332,5405100
2020-01-21,EWW,47.83000183105469,47.90999984741211,47.470001220703125,47.61000061035156,3565700
2020-01-22,EWW,47.88999938964844,48.189998626708984,47.709999084472656,47.77000045776367,3409200
2020-01-23,EWW,47.400001525878906,47.52000045776367,46.869998931884766,47.400001525878906,3234900
2020-01-24,EWW,47.4900016784668,47.540000915527344,46.7599983215332,46.880001068115234,4711500
2020-01-27,EWW,45.880001068115234,46.060001373291016,45.369998931884766,45.560001373291016,4915200
2020-01-28,EWW,45.9900016784668,46.869998931884766,45.84000015258789,46.7400016784668,2654800
2020-01-29,EWW,46.88999938964844,47.43000030517578,46.63999938964844,47.22999954223633,3814300
2020-01-30,EWW,46.810001373291016,47.04999923706055,46.33000183105469,46.77000045776367,2384400
2020-01-31,EWW,46.2599983215332,46.54999923706055,45.75,45.86000061035156,3785100
2020-02-03,EWW,46.189998626708984,47.13999938964844,46.11000061035156,46.75,3666000
2020-02-04,EWW,47.529998779296875,47.529998779296875,46.970001220703125,47.2400016784668,4188000
2020-02-05,EWW,47.93000030517578,48.06999969482422,47.02000045776367,47.150001525878906,4228000
2020-02-06,EWW,47.290000915527344,47.38999938964844,46.5099983215332,46.52000045776367,4842600
2020-02-07,EWW,46.33000183105469,46.380001068115234,45.790000915527344,46.22999954223633,3240600
2020-02-10,EWW,46.099998474121094,46.290000915527344,45.84000015258789,46.189998626708984,3540800
2020-02-11,EWW,46.61000061035156,47.45000076293945,46.5,47.189998626708984,4575800
2020-02-12,EWW,47.369998931884766,48.060001373291016,47.369998931884766,47.86000061035156,3118800
2020-02-13,EWW,47.40999984741211,47.68000030517578,47.150001525878906,47.54999923706055,2060600
2020-02-14,EWW,47.56999969482422,47.79999923706055,47.4900016784668,47.709999084472656,1771400
2020-02-18,EWW,47.529998779296875,47.779998779296875,47.369998931884766,47.47999954223633,1513600
2020-02-19,EWW,47.7599983215332,47.7599983215332,47.27000045776367,47.560001373291016,1722800
2020-02-20,EWW,47.06999969482422,47.209999084472656,46.5,46.79999923706055,2004700
2020-02-21,EWW,46.08000183105469,46.959999084472656,45.97999954223633,46.61000061035156,2393400
2020-02-24,EWW,44.66999816894531,45.279998779296875,43.90999984741211,45.029998779296875,5173200
2020-02-25,EWW,45.38999938964844,45.459999084472656,44.09000015258789,44.29999923706055,3950200
2020-02-26,EWW,44.20000076293945,44.63999938964844,43.790000915527344,43.86000061035156,2516600
2020-02-27,EWW,42.689998626708984,42.959999084472656,41.9900016784668,42.130001068115234,4669600
2020-02-28,EWW,40.369998931884766,41.75,39.119998931884766,41.619998931884766,5934000
2020-03-02,EWW,41.5,43.02000045776367,41.29999923706055,43.0,3790100
2020-03-03,EWW,42.84000015258789,44.22999954223633,42.56999969482422,43.029998779296875,5444900
2020-03-04,EWW,43.720001220703125,43.939998626708984,43.25,43.88999938964844,2700300
2020-03-05,EWW,42.83000183105469,43.25,41.77000045776367,42.130001068115234,4670300
2020-03-06,EWW,40.540000915527344,40.97999954223633,40.13999938964844,40.58000183105469,4376200
2020-03-09,EWW,35.369998931884766,37.2400016784668,34.939998626708984,36.150001525878906,4328700
2020-03-10,EWW,37.29999923706055,38.0,36.459999084472656,37.720001220703125,3823200
2020-03-11,EWW,36.79999923706055,36.83000183105469,35.29999923706055,35.81999969482422,5588900
2020-03-12,EWW,32.20000076293945,34.02000045776367,31.06999969482422,33.130001068115234,4670400
2020-03-13,EWW,35.45000076293945,35.45000076293945,33.59000015258789,34.36000061035156,2853700
2020-03-16,EWW,30.100000381469727,32.0,28.510000228881836,29.1200008392334,3423900
2020-03-17,EWW,29.84000015258789,31.489999771118164,29.450000762939453,31.389999389648438,3994700
2020-03-18,EWW,28.59000015258789,30.450000762939453,28.100000381469727,28.75,3844500
2020-03-19,EWW,28.260000228881836,28.770000457763672,27.149999618530273,28.600000381469727,4147700
2020-03-20,EWW,29.1200008392334,29.209999084472656,27.0,27.040000915527344,3758100
2020-03-23,EWW,26.479999542236328,26.829999923706055,25.030000686645508,25.1200008392334,4433700
2020-03-24,EWW,26.530000686645508,27.100000381469727,26.329999923706055,26.709999084472656,4198300
2020-03-25,EWW,27.489999771118164,29.600000381469727,26.989999771118164,28.90999984741211,4781800
2020-03-26,EWW,29.0,30.809999465942383,29.0,30.350000381469727,3803800
2020-03-27,EWW,28.6200008392334,28.989999771118164,27.8799991607666,27.920000076293945,3301800
2020-03-30,EWW,27.579999923706055,27.84000015258789,27.030000686645508,27.68000030517578,3216200
2020-03-31,EWW,28.0,29.1299991607666,27.829999923706055,28.350000381469727,3730600
2020-04-01,EWW,27.049999237060547,27.139999389648438,26.229999542236328,26.68000030517578,3670900
2020-04-02,EWW,26.600000381469727,27.899999618530273,26.43000030517578,26.610000610351562,5665400
2020-04-03,EWW,26.600000381469727,26.6299991607666,25.229999542236328,25.600000381469727,4909500
2020-04-06,EWW,26.6299991607666,27.18000030517578,26.440000534057617,27.06999969482422,3397700
2020-04-07,EWW,28.399999618530273,28.43000030517578,27.389999389648438,27.450000762939453,4412800
2020-04-08,EWW,27.850000381469727,28.15999984741211,27.270000457763672,27.90999984741211,3181700
2020-04-09,EWW,28.829999923706055,28.889999389648438,27.940000534057617,28.260000228881836,2606200
2020-04-13,EWW,28.399999618530273,28.540000915527344,27.8799991607666,28.25,2456800
2020-04-14,EWW,28.829999923706055,29.100000381469727,28.25,28.739999771118164,2837700
2020-04-15,EWW,27.59000015258789,27.729999542236328,27.15999984741211,27.219999313354492,3025900
2020-04-16,EWW,27.079999923706055,27.239999771118164,26.309999465942383,27.030000686645508,2803300
2020-04-17,EWW,28.299999237060547,28.350000381469727,27.809999465942383,28.209999084472656,3850700
2020-04-20,EWW,27.440000534057617,27.790000915527344,27.280000686645508,27.600000381469727,1885400
2020-04-21,EWW,27.0,27.06999969482422,26.610000610351562,26.760000228881836,2737400
2020-04-22,EWW,27.200000762939453,27.34000015258789,26.829999923706055,27.0,3375600
2020-04-23,EWW,27.200000762939453,27.239999771118164,26.579999923706055,26.639999389648438,2570800
2020-04-24,EWW,26.850000381469727,26.950000762939453,26.489999771118164,26.709999084472656,3264200
2020-04-27,EWW,26.950000762939453,27.459999084472656,26.84000015258789,27.420000076293945,1897400
2020-04-28,EWW,28.010000228881836,28.6299991607666,27.81999969482422,28.610000610351562,4746800
2020-04-29,EWW,29.25,30.3700008392334,29.079999923706055,30.329999923706055,5140800
2020-04-30,EWW,30.06999969482422,30.06999969482422,29.15999984741211,29.270000457763672,3486700
2020-05-01,EWW,28.690000534057617,28.75,27.68000030517578,28.100000381469727,3325700
2020-05-04,EWW,27.850000381469727,29.31999969482422,27.850000381469727,29.299999237060547,2512000
2020-05-05,EWW,29.799999237060547,30.1299991607666,29.6200008392334,29.700000762939453,3831000
2020-05-06,EWW,29.670000076293945,29.760000228881836,29.139999389648438,29.360000610351562,2461800
2020-05-07,EWW,29.8700008392334,30.06999969482422,29.479999542236328,29.65999984741211,4877100
2020-05-08,EWW,30.329999923706055,31.110000610351562,30.260000228881836,30.860000610351562,3204700
2020-05-11,EWW,30.549999237060547,30.780000686645508,30.25,30.489999771118164,2442400
2020-05-12,EWW,30.670000076293945,30.799999237060547,29.8700008392334,29.8799991607666,1976200
2020-05-13,EWW,30.219999313354492,30.219999313354492,29.100000381469727,29.190000534057617,4535500
2020-05-14,EWW,28.719999313354492,29.59000015258789,28.420000076293945,29.559999465942383,2957400
2020-05-15,EWW,29.15999984741211,29.610000610351562,28.81999969482422,28.899999618530273,2086200
2020-05-18,EWW,29.84000015258789,30.56999969482422,29.84000015258789,30.43000030517578,4035500
2020-05-19,EWW,30.600000381469727,30.639999389648438,29.270000457763672,29.270000457763672,4296500
2020-05-20,EWW,29.979999542236328,30.520000457763672,29.6200008392334,30.3700008392334,4229900
2020-05-21,EWW,30.489999771118164,30.81999969482422,29.989999771118164,30.3799991607666,3517800
2020-05-22,EWW,30.059999465942383,30.68000030517578,29.809999465942383,30.59000015258789,2023700
2020-05-26,EWW,31.860000610351562,32.4900016784668,31.559999465942383,31.809999465942383,3764200
2020-05-27,EWW,31.959999084472656,32.40999984741211,31.579999923706055,32.25,4182600
2020-05-28,EWW,32.47999954223633,32.5,31.799999237060547,31.93000030517578,2695800
2020-05-29,EWW,32.16999816894531,32.16999816894531,31.079999923706055,31.889999389648438,4109600
2020-06-01,EWW,31.93000030517578,32.97999954223633,31.670000076293945,32.81999969482422,3267100
2020-06-02,EWW,33.290000915527344,34.279998779296875,33.04999923706055,33.72999954223633,5510900
2020-06-03,EWW,34.29999923706055,34.77000045776367,34.130001068115234,34.439998626708984,5013000
2020-06-04,EWW,34.25,34.40999984741211,33.52000045776367,33.70000076293945,3348100
2020-06-05,EWW,35.0,35.630001068115234,34.83000183105469,35.2400016784668,5121200
2020-06-08,EWW,35.470001220703125,36.279998779296875,35.04999923706055,36.27000045776367,3870300
2020-06-09,EWW,35.08000183105469,35.369998931884766,34.63999938964844,34.849998474121094,3566600
2020-06-10,EWW,34.9900016784668,34.9900016784668,33.93000030517578,34.279998779296875,3342400
2020-06-11,EWW,32.61000061035156,33.029998779296875,31.389999389648438,31.440000534057617,5965900
2020-06-12,EWW,32.75,33.13999938964844,32.150001525878906,33.04999923706055,4446700
2020-06-15,EWW,32.0,33.13999938964844,31.610000610351562,32.75,3246500
2020-06-16,EWW,33.810001373291016,34.0,32.59000015258789,32.970001220703125,4218700
2020-06-17,EWW,33.220001220703125,33.439998626708984,32.779998779296875,32.939998626708984,2086200
2020-06-18,EWW,32.66999816894531,32.70000076293945,31.989999771118164,32.099998474121094,2102200
2020-06-19,EWW,32.77000045776367,33.2599983215332,32.41999816894531,33.06999969482422,5312000
2020-06-22,EWW,33.310001373291016,33.369998931884766,32.880001068115234,32.939998626708984,2829500
2020-06-23,EWW,33.529998779296875,33.7599983215332,33.119998931884766,33.2400016784668,4594900
2020-06-24,EWW,32.79999923706055,32.90999984741211,32.29999923706055,32.380001068115234,2262200
2020-06-25,EWW,32.0099983215332,32.529998779296875,31.959999084472656,32.4900016784668,1991700
2020-06-26,EWW,32.150001525878906,32.400001525878906,31.520000457763672,31.559999465942383,2344300
2020-06-29,EWW,31.549999237060547,31.940000534057617,31.350000381469727,31.940000534057617,4752100
2020-06-30,EWW,31.65999984741211,32.0,31.360000610351562,31.8799991607666,2713300
2020-07-01,EWW,32.06999969482422,32.470001220703125,31.899999618530273,32.189998626708984,2393700
2020-07-02,EWW,32.90999984741211,33.38999938964844,32.58000183105469,32.70000076293945,2527300
2020-07-06,EWW,33.349998474121094,33.7599983215332,32.900001525878906,33.029998779296875,2606700
2020-07-07,EWW,32.56999969482422,32.849998474121094,32.16999816894531,32.22999954223633,2959600
2020-07-08,EWW,32.36000061035156,32.470001220703125,31.700000762939453,32.029998779296875,4172800
2020-07-09,EWW,32.31999969482422,32.34000015258789,31.459999084472656,31.530000686645508,2143300
2020-07-10,EWW,31.520000457763672,31.700000762939453,31.34000015258789,31.559999465942383,2069400
2020-07-13,EWW,31.84000015258789,32.099998474121094,30.979999542236328,31.020000457763672,2698400
2020-07-14,EWW,30.889999389648438,31.420000076293945,30.719999313354492,31.350000381469727,3438200
2020-07-15,EWW,31.959999084472656,32.189998626708984,31.770000457763672,32.08000183105469,2448300
2020-07-16,EWW,31.690000534057617,32.099998474121094,31.639999389648438,31.81999969482422,2266600
2020-07-17,EWW,31.90999984741211,31.90999984741211,31.399999618530273,31.459999084472656,2295500
2020-07-20,EWW,31.600000381469727,31.65999984741211,31.229999542236328,31.610000610351562,1553600
2020-07-21,EWW,32.0,32.650001525878906,31.920000076293945,32.43000030517578,2483800
2020-07-22,EWW,32.369998931884766,32.91999816894531,32.369998931884766,32.91999816894531,1709900
2020-07-23,EWW,32.650001525878906,32.79999923706055,32.41999816894531,32.560001373291016,2252800
2020-07-24,EWW,32.52000045776367,32.86000061035156,32.349998474121094,32.7599983215332,2693300
2020-07-27,EWW,33.119998931884766,33.599998474121094,32.88999938964844,33.58000183105469,2189800
2020-07-28,EWW,33.45000076293945,33.63999938964844,33.29999923706055,33.529998779296875,1935700
2020-07-29,EWW,33.619998931884766,33.84000015258789,33.189998626708984,33.54999923706055,2419900
2020-07-30,EWW,32.939998626708984,33.18000030517578,32.7400016784668,32.91999816894531,2630200
2020-07-31,EWW,33.0,33.0,32.15999984741211,32.529998779296875,2739800
2020-08-03,EWW,32.619998931884766,32.650001525878906,32.09000015258789,32.4900016784668,1806000
2020-08-04,EWW,32.2400016784668,32.459999084472656,32.029998779296875,32.29999923706055,1724300
2020-08-05,EWW,32.68000030517578,33.619998931884766,32.65999984741211,33.27000045776367,3199900
2020-08-06,EWW,33.11000061035156,33.380001068115234,32.959999084472656,33.2599983215332,1803700
2020-08-07,EWW,32.970001220703125,33.349998474121094,32.880001068115234,33.279998779296875,1886200
2020-08-10,EWW,33.459999084472656,33.560001373291016,33.290000915527344,33.52000045776367,1616800
2020-08-11,EWW,33.7599983215332,34.290000915527344,33.7599983215332,33.81999969482422,2337400
2020-08-12,EWW,34.130001068115234,34.20000076293945,33.84000015258789,33.90999984741211,1759500
2020-08-13,EWW,33.9900016784668,34.33000183105469,33.72999954223633,34.13999938964844,1728700
2020-08-14,EWW,34.5099983215332,34.900001525878906,34.349998474121094,34.68000030517578,4430600
2020-08-17,EWW,34.83000183105469,34.970001220703125,34.560001373291016,34.66999816894531,2073600
2020-08-18,EWW,35.029998779296875,35.060001373291016,34.34000015258789,34.54999923706055,1498900
2020-08-19,EWW,34.5,34.91999816894531,34.349998474121094,34.38999938964844,1821400
2020-08-20,EWW,34.13999938964844,34.279998779296875,33.779998779296875,34.279998779296875,2411800
2020-08-21,EWW,34.290000915527344,34.31999969482422,33.900001525878906,33.970001220703125,1784500
2020-08-24,EWW,34.27000045776367,34.290000915527344,33.849998474121094,33.90999984741211,1819100
2020-08-25,EWW,34.06999969482422,34.279998779296875,33.880001068115234,34.2599983215332,2279900
2020-08-26,EWW,34.29999923706055,34.31999969482422,33.599998474121094,33.75,2081100
2020-08-27,EWW,33.91999816894531,33.959999084472656,33.060001373291016,33.290000915527344,3010000
2020-08-28,EWW,33.650001525878906,34.20000076293945,33.459999084472656,34.189998626708984,3044300
2020-08-31,EWW,33.93000030517578,33.970001220703125,32.88999938964844,32.90999984741211,4643700
2020-09-01,EWW,33.279998779296875,33.79999923706055,33.119998931884766,33.70000076293945,3727400
2020-09-02,EWW,33.630001068115234,33.779998779296875,33.15999984741211,33.43000030517578,3072400
2020-09-03,EWW,33.45000076293945,33.56999969482422,32.83000183105469,32.88999938964844,3495000
2020-09-04,EWW,33.119998931884766,33.29999923706055,32.40999984741211,33.18000030517578,4172700
2020-09-08,EWW,32.5,32.790000915527344,32.27000045776367,32.470001220703125,3179600
2020-09-09,EWW,33.02000045776367,33.34000015258789,32.709999084472656,33.220001220703125,3181900
2020-09-10,EWW,33.599998474121094,33.65999984741211,32.849998474121094,32.939998626708984,3167100
2020-09-11,EWW,33.40999984741211,33.59000015258789,33.130001068115234,33.560001373291016,3331300
2020-09-14,EWW,34.099998474121094,34.47999954223633,33.91999816894531,34.41999816894531,5550700
2020-09-15,EWW,34.59000015258789,34.65999984741211,34.08000183105469,34.119998931884766,2277700
2020-09-16,EWW,34.43000030517578,34.720001220703125,34.15999984741211,34.33000183105469,3184200
2020-09-17,EWW,34.13999938964844,34.27000045776367,33.7400016784668,33.93000030517578,4631100
2020-09-18,EWW,33.880001068115234,34.09000015258789,33.31999969482422,33.349998474121094,3159500
2020-09-21,EWW,32.52000045776367,32.709999084472656,32.11000061035156,32.689998626708984,4000500
2020-09-22,EWW,32.63999938964844,32.75,32.130001068115234,32.310001373291016,3030800
2020-09-23,EWW,32.04999923706055,32.2400016784668,31.25,31.260000228881836,2797200
2020-09-24,EWW,30.93000030517578,32.5,30.81999969482422,32.16999816894531,3742000
2020-09-25,EWW,31.43000030517578,32.279998779296875,31.209999084472656,32.220001220703125,2702700
2020-09-28,EWW,32.599998474121094,32.86000061035156,32.16999816894531,32.650001525878906,2105600
2020-09-29,EWW,32.810001373291016,32.91999816894531,32.41999816894531,32.59000015258789,1904800
2020-09-30,EWW,32.880001068115234,33.709999084472656,32.790000915527344,33.36000061035156,2983200
2020-10-01,EWW,33.810001373291016,33.90999984741211,32.959999084472656,33.099998474121094,3101200
2020-10-02,EWW,32.54999923706055,33.52000045776367,32.5,33.2599983215332,2395600
2020-10-05,EWW,33.68000030517578,34.27000045776367,33.68000030517578,33.97999954223633,2388600
2020-10-06,EWW,34.15999984741211,34.27000045776367,33.400001525878906,33.58000183105469,3108600
2020-10-07,EWW,34.22999954223633,34.38999938964844,34.130001068115234,34.29999923706055,2315400
2020-10-08,EWW,34.52000045776367,35.380001068115234,34.310001373291016,35.349998474121094,4811000
2020-10-09,EWW,35.619998931884766,36.029998779296875,35.369998931884766,35.81999969482422,4227100
2020-10-12,EWW,35.91999816894531,35.95000076293945,35.54999923706055,35.560001373291016,2664000
2020-10-13,EWW,35.4900016784668,35.4900016784668,34.959999084472656,35.09000015258789,2374500
2020-10-14,EWW,35.20000076293945,35.47999954223633,35.0,35.09000015258789,2063600
2020-10-15,EWW,34.65999984741211,35.25,34.58000183105469,35.16999816894531,1823200
2020-10-16,EWW,35.43000030517578,35.56999969482422,35.0099983215332,35.2599983215332,1983200
2020-10-19,EWW,35.36000061035156,35.470001220703125,34.7599983215332,34.810001373291016,2144500
2020-10-20,EWW,34.93000030517578,35.79999923706055,34.86000061035156,35.650001525878906,3035700
2020-10-21,EWW,35.70000076293945,36.25,35.70000076293945,35.9900016784668,2201500
2020-10-22,EWW,36.119998931884766,36.279998779296875,35.810001373291016,36.209999084472656,2111200
2020-10-23,EWW,36.61000061035156,36.720001220703125,36.33000183105469,36.47999954223633,2311000
2020-10-26,EWW,36.189998626708984,36.25,35.66999816894531,35.790000915527344,2317300
2020-10-27,EWW,35.91999816894531,35.91999816894531,35.38999938964844,35.439998626708984,1585300
2020-10-28,EWW,34.5099983215332,34.619998931884766,33.95000076293945,34.29999923706055,3323900
2020-10-29,EWW,34.2400016784668,34.2400016784668,33.41999816894531,33.720001220703125,3419200
2020-10-30,EWW,33.7599983215332,34.220001220703125,33.720001220703125,34.15999984741211,2468400
2020-11-02,EWW,34.310001373291016,34.310001373291016,33.439998626708984,34.09000015258789,3012800
2020-11-03,EWW,34.650001525878906,35.38999938964844,34.43000030517578,34.599998474121094,2916500
2020-11-04,EWW,34.939998626708984,35.45000076293945,34.4900016784668,34.939998626708984,3873400
2020-11-05,EWW,36.13999938964844,36.5099983215332,35.560001373291016,36.459999084472656,3583300
2020-11-06,EWW,36.43000030517578,36.9900016784668,36.380001068115234,36.7599983215332,3337600
2020-11-09,EWW,38.91999816894531,39.31999969482422,38.04999923706055,38.189998626708984,5450000
2020-11-10,EWW,38.040000915527344,38.970001220703125,38.040000915527344,38.88999938964844,3229100
2020-11-11,EWW,38.900001525878906,39.130001068115234,38.58000183105469,39.08000183105469,2588800
2020-11-12,EWW,38.959999084472656,39.099998474121094,38.099998474121094,38.189998626708984,2438800
2020-11-13,EWW,38.70000076293945,39.209999084472656,38.470001220703125,39.16999816894531,3644000
2020-11-16,EWW,39.779998779296875,40.72999954223633,39.70000076293945,40.5099983215332,4781600
2020-11-17,EWW,39.95000076293945,40.75,39.880001068115234,40.72999954223633,3713800
2020-11-18,EWW,40.91999816894531,41.43000030517578,40.540000915527344,40.84000015258789,6026700
2020-11-19,EWW,40.68000030517578,41.04999923706055,40.349998474121094,40.720001220703125,2566300
2020-11-20,EWW,40.79999923706055,41.15999984741211,40.619998931884766,40.939998626708984,2417600
2020-11-23,EWW,41.34000015258789,41.349998474121094,40.790000915527344,41.060001373291016,1930200
2020-11-24,EWW,41.52000045776367,42.0099983215332,41.380001068115234,41.849998474121094,2928200
2020-11-25,EWW,41.970001220703125,42.0099983215332,41.2599983215332,41.560001373291016,2107600
2020-11-27,EWW,41.810001373291016,41.869998931884766,41.099998474121094,41.400001525878906,1721800
2020-11-30,EWW,41.029998779296875,41.06999969482422,40.33000183105469,40.56999969482422,3559500
2020-12-01,EWW,41.31999969482422,42.310001373291016,41.119998931884766,42.04999923706055,4061700
2020-12-02,EWW,41.95000076293945,42.709999084472656,41.869998931884766,42.619998931884766,2611400
2020-12-03,EWW,42.90999984741211,43.20000076293945,42.86000061035156,43.0,4008400
2020-12-04,EWW,43.290000915527344,43.970001220703125,43.02000045776367,43.099998474121094,2664300
2020-12-07,EWW,43.099998474121094,43.189998626708984,42.34000015258789,42.529998779296875,2241000
2020-12-08,EWW,42.77000045776367,43.189998626708984,42.459999084472656,42.7400016784668,3582100
2020-12-09,EWW,42.84000015258789,42.84000015258789,41.720001220703125,42.060001373291016,2439200
2020-12-10,EWW,41.65999984741211,42.939998626708984,41.61000061035156,42.63999938964844,2703000
2020-12-11,EWW,42.29999923706055,42.720001220703125,42.0,42.29999923706055,2978800
2020-12-14,EWW,42.400001525878906,42.61000061035156,41.720001220703125,41.84000015258789,2412200
2020-12-15,EWW,42.06999969482422,42.849998474121094,41.83000183105469,42.41999816894531,2381700
2020-12-16,EWW,42.459999084472656,42.849998474121094,42.33000183105469,42.75,2507000
2020-12-17,EWW,43.0,43.720001220703125,42.72999954223633,43.4900016784668,2642700
2020-12-18,EWW,43.5,43.779998779296875,42.18000030517578,42.59000015258789,3419300
2020-12-21,EWW,41.45000076293945,42.220001220703125,41.29999923706055,41.880001068115234,2276100
2020-12-22,EWW,41.81999969482422,41.81999969482422,40.88999938964844,40.97999954223633,2205200
2020-12-23,EWW,41.11000061035156,42.279998779296875,41.11000061035156,42.209999084472656,2167500
2020-12-24,EWW,42.41999816894531,42.720001220703125,42.16999816894531,42.380001068115234,946300
2020-12-28,EWW,42.40999984741211,42.54999923706055,42.04999923706055,42.52000045776367,1534500
2020-12-29,EWW,43.02000045776367,43.619998931884766,42.849998474121094,43.59000015258789,2342100
2020-12-30,EWW,43.810001373291016,43.970001220703125,43.2599983215332,43.5099983215332,2637700
2020-12-31,EWW,43.779998779296875,43.779998779296875,42.900001525878906,42.9900016784668,1463800
2021-01-04,EWW,43.5,44.4900016784668,43.2599983215332,43.33000183105469,3205800
2021-01-05,EWW,43.29999923706055,43.720001220703125,43.15999984741211,43.56999969482422,1877200
2021-01-06,EWW,43.5,45.470001220703125,43.5,44.91999816894531,6545600
2021-01-07,EWW,44.900001525878906,44.93000030517578,44.279998779296875,44.560001373291016,3032000
2021-01-08,EWW,45.22999954223633,45.41999816894531,44.650001525878906,45.09000015258789,3251700
2021-01-11,EWW,44.130001068115234,44.779998779296875,43.939998626708984,44.529998779296875,1882400
2021-01-12,EWW,44.75,45.0,44.40999984741211,44.599998474121094,2017100
2021-01-13,EWW,44.63999938964844,44.63999938964844,44.099998474121094,44.119998931884766,2076200
2021-01-14,EWW,44.15999984741211,44.9900016784668,44.08000183105469,44.83000183105469,2391600
2021-01-15,EWW,44.060001373291016,44.599998474121094,44.060001373291016,44.47999954223633,1961200
2021-01-19,EWW,45.33000183105469,45.349998474121094,44.08000183105469,44.15999984741211,2153700
2021-01-20,EWW,44.459999084472656,44.54999923706055,43.84000015258789,44.15999984741211,1974200
2021-01-21,EWW,44.029998779296875,44.16999816894531,43.310001373291016,43.599998474121094,1646700
2021-01-22,EWW,42.93000030517578,43.130001068115234,42.380001068115234,42.959999084472656,2671900
2021-01-25,EWW,42.880001068115234,43.16999816894531,41.810001373291016,43.130001068115234,3125800
2021-01-26,EWW,43.16999816894531,43.27000045776367,42.439998626708984,43.189998626708984,2894200
2021-01-27,EWW,42.09000015258789,42.34000015258789,41.36000061035156,41.72999954223633,5426600
2021-01-28,EWW,41.7400016784668,42.11000061035156,41.400001525878906,41.970001220703125,4044500
2021-01-29,EWW,41.7400016784668,41.84000015258789,40.09000015258789,40.189998626708984,6361600
2021-02-01,EWW,41.0,41.95000076293945,40.41999816894531,41.77000045776367,3632200
2021-02-02,EWW,42.08000183105469,42.18000030517578,41.189998626708984,41.61000061035156,5118500
2021-02-03,EWW,41.95000076293945,41.97999954223633,41.09000015258789,41.45000076293945,4506400
2021-02-04,EWW,41.400001525878906,41.650001525878906,41.0099983215332,41.5099983215332,2498600
2021-02-05,EWW,41.900001525878906,42.59000015258789,41.81999969482422,42.099998474121094,2216300
2021-02-08,EWW,41.970001220703125,42.369998931884766,41.75,42.150001525878906,1398800
2021-02-09,EWW,42.150001525878906,43.02000045776367,42.150001525878906,42.91999816894531,2284200
2021-02-10,EWW,43.209999084472656,43.349998474121094,42.630001068115234,42.70000076293945,1486500
2021-02-11,EWW,42.97999954223633,43.369998931884766,42.150001525878906,42.22999954223633,2885300
2021-02-12,EWW,41.90999984741211,42.599998474121094,41.810001373291016,42.5099983215332,1148700
2021-02-16,EWW,42.13999938964844,42.599998474121094,42.13999938964844,42.41999816894531,1354900
2021-02-17,EWW,42.06999969482422,42.79999923706055,41.720001220703125,42.790000915527344,3195500
2021-02-18,EWW,42.20000076293945,42.45000076293945,41.779998779296875,41.90999984741211,1959700
2021-02-19,EWW,41.77000045776367,42.290000915527344,41.70000076293945,41.709999084472656,1679200
2021-02-22,EWW,41.0,41.619998931884766,40.90999984741211,40.9900016784668,3108600
2021-02-23,EWW,40.900001525878906,42.16999816894531,40.68000030517578,41.90999984741211,3030800
2021-02-24,EWW,41.7400016784668,42.38999938964844,41.61000061035156,42.2400016784668,3127800
2021-02-25,EWW,41.81999969482422,42.13999938964844,40.349998474121094,40.41999816894531,3652400
2021-02-26,EWW,40.59000015258789,40.970001220703125,40.20000076293945,40.65999984741211,3587500
2021-03-01,EWW,41.52000045776367,41.9900016784668,41.2599983215332,41.470001220703125,2907500
2021-03-02,EWW,41.369998931884766,42.38999938964844,41.369998931884766,42.20000076293945,2156500
2021-03-03,EWW,42.209999084472656,42.27000045776367,41.86000061035156,42.09000015258789,1730000
2021-03-04,EWW,42.380001068115234,42.939998626708984,41.54999923706055,41.70000076293945,3071400
2021-03-05,EWW,41.959999084472656,42.18000030517578,41.36000061035156,41.599998474121094,3091000
2021-03-08,EWW,41.16999816894531,42.119998931884766,41.02000045776367,41.86000061035156,3256400
2021-03-09,EWW,42.599998474121094,42.72999954223633,42.029998779296875,42.34000015258789,2121100
2021-03-10,EWW,42.869998931884766,43.470001220703125,42.54999923706055,43.459999084472656,2418800
2021-03-11,EWW,43.900001525878906,44.16999816894531,43.560001373291016,44.029998779296875,2434300
2021-03-12,EWW,43.400001525878906,43.90999984741211,43.2599983215332,43.83000183105469,2415000
2021-03-15,EWW,43.81999969482422,44.540000915527344,43.66999816894531,44.31999969482422,1702800
2021-03-16,EWW,44.380001068115234,44.72999954223633,43.83000183105469,44.709999084472656,1766600
2021-03-17,EWW,44.5,44.90999984741211,44.099998474121094,44.63999938964844,2601900
2021-03-18,EWW,44.099998474121094,44.869998931884766,44.0,44.34000015258789,1871000
2021-03-19,EWW,44.63999938964844,44.63999938964844,43.779998779296875,43.81999969482422,2535900
2021-03-22,EWW,43.52000045776367,44.25,43.33000183105469,43.81999969482422,1961700
2021-03-23,EWW,43.209999084472656,43.77000045776367,42.869998931884766,42.88999938964844,2486800
2021-03-24,EWW,43.04999923706055,43.2400016784668,42.599998474121094,42.619998931884766,1972800
2021-03-25,EWW,42.63999938964844,43.459999084472656,42.52000045776367,43.380001068115234,2174500
2021-03-26,EWW,43.88999938964844,44.060001373291016,43.16999816894531,44.029998779296875,1747700
2021-03-29,EWW,43.619998931884766,44.220001220703125,43.40999984741211,44.189998626708984,1979100
2021-03-30,EWW,44.15999984741211,44.36000061035156,43.619998931884766,44.2599983215332,1385800
2021-03-31,EWW,44.459999084472656,44.61000061035156,43.7599983215332,43.83000183105469,2705300
2021-04-01,EWW,44.560001373291016,44.900001525878906,44.25,44.56999969482422,2071300
2021-04-05,EWW,44.83000183105469,45.369998931884766,44.459999084472656,45.22999954223633,1439000
2021-04-06,EWW,45.279998779296875,45.41999816894531,45.04999923706055,45.36000061035156,3023300
2021-04-07,EWW,45.380001068115234,45.40999984741211,44.849998474121094,45.220001220703125,2221800
2021-04-08,EWW,45.630001068115234,46.099998474121094,45.41999816894531,45.81999969482422,2069700
2021-04-09,EWW,45.380001068115234,45.70000076293945,45.08000183105469,45.130001068115234,1351800
2021-04-12,EWW,45.119998931884766,45.52000045776367,44.81999969482422,44.959999084472656,1661900
2021-04-13,EWW,44.900001525878906,45.380001068115234,44.560001373291016,45.27000045776367,1444200
2021-04-14,EWW,45.459999084472656,46.119998931884766,45.33000183105469,45.9900016784668,3260200
2021-04-15,EWW,46.380001068115234,46.59000015258789,46.04999923706055,46.40999984741211,2072100
2021-04-16,EWW,46.5099983215332,46.939998626708984,46.18000030517578,46.59000015258789,1326100
2021-04-19,EWW,46.7599983215332,46.97999954223633,46.220001220703125,46.279998779296875,1568400
2021-04-20,EWW,46.06999969482422,46.369998931884766,45.81999969482422,46.2400016784668,2268400
2021-04-21,EWW,46.2599983215332,46.959999084472656,46.2599983215332,46.869998931884766,1348500
2021-04-22,EWW,46.83000183105469,47.08000183105469,46.58000183105469,46.95000076293945,1911700
2021-04-23,EWW,47.290000915527344,47.38999938964844,46.790000915527344,47.279998779296875,1537000
2021-04-26,EWW,47.279998779296875,47.310001373291016,46.81999969482422,46.97999954223633,1595000
2021-04-27,EWW,46.70000076293945,47.13999938964844,46.29999923706055,46.369998931884766,3287500
2021-04-28,EWW,46.5,46.720001220703125,46.209999084472656,46.470001220703125,2391700
2021-04-29,EWW,46.349998474121094,46.7599983215332,46.189998626708984,46.689998626708984,1752700
2021-04-30,EWW,46.2400016784668,46.81999969482422,45.290000915527344,45.459999084472656,2845700
2021-05-03,EWW,45.61000061035156,46.20000076293945,45.470001220703125,46.150001525878906,1771100
2021-05-04,EWW,45.689998626708984,45.9900016784668,45.439998626708984,45.83000183105469,2049300
2021-05-05,EWW,46.08000183105469,46.310001373291016,45.599998474121094,45.72999954223633,1527800
2021-05-06,EWW,45.81999969482422,46.540000915527344,45.75,46.5,2689000
2021-05-07,EWW,46.84000015258789,47.38999938964844,46.709999084472656,47.04999923706055,2429100
2021-05-10,EWW,47.119998931884766,47.79999923706055,47.119998931884766,47.5,1655600
2021-05-11,EWW,46.939998626708984,47.349998474121094,46.880001068115234,47.04999923706055,2381700
2021-05-12,EWW,46.4900016784668,47.0,45.970001220703125,46.0099983215332,2616700
2021-05-13,EWW,46.20000076293945,46.93000030517578,46.11000061035156,46.63999938964844,2361300
2021-05-14,EWW,47.22999954223633,47.400001525878906,47.04999923706055,47.11000061035156,1766900
2021-05-17,EWW,46.959999084472656,47.66999816894531,46.91999816894531,47.560001373291016,1372500
2021-05-18,EWW,47.88999938964844,48.11000061035156,47.61000061035156,47.880001068115234,1813900
2021-05-19,EWW,47.470001220703125,47.7400016784668,47.0,47.349998474121094,2493400
2021-05-20,EWW,47.380001068115234,48.2599983215332,47.2400016784668,48.06999969482422,2702900
2021-05-21,EWW,48.02000045776367,48.08000183105469,47.25,47.779998779296875,2255200
2021-05-24,EWW,47.93000030517578,48.0099983215332,47.5,47.65999984741211,1989200
2021-05-25,EWW,47.880001068115234,47.9900016784668,47.029998779296875,47.15999984741211,1910900
2021-05-26,EWW,47.2400016784668,47.529998779296875,47.099998474121094,47.380001068115234,1477100
2021-05-27,EWW,47.529998779296875,47.75,47.31999969482422,47.66999816894531,2196700
2021-05-28,EWW,47.900001525878906,48.22999954223633,47.439998626708984,48.11000061035156,1689600
2021-06-01,EWW,49.150001525878906,49.25,48.560001373291016,48.66999816894531,2709400
2021-06-02,EWW,48.66999816894531,49.06999969482422,48.63999938964844,48.7599983215332,2686300
2021-06-03,EWW,48.27000045776367,48.56999969482422,47.779998779296875,48.08000183105469,1467500
2021-06-04,EWW,48.599998474121094,48.619998931884766,48.220001220703125,48.459999084472656,1654400
2021-06-07,EWW,48.86000061035156,50.209999084472656,48.86000061035156,49.939998626708984,3635100
2021-06-08,EWW,50.099998474121094,50.099998474121094,49.380001068115234,49.709999084472656,2707800
2021-06-09,EWW,50.119998931884766,50.119998931884766,49.45000076293945,49.540000915527344,2368500
2021-06-10,EWW,49.13999938964844,49.7599983215332,49.13999938964844,49.38999938964844,1617100
2021-06-11,EWW,49.33000183105469,49.689998626708984,48.970001220703125,49.34000015258789,1969700
2021-06-14,EWW,49.29999923706055,49.349998474121094,48.86000061035156,48.970001220703125,1274100
2021-06-15,EWW,48.77000045776367,49.029998779296875,48.15999984741211,48.68000030517578,1924400
2021-06-16,EWW,48.63999938964844,48.70000076293945,47.470001220703125,47.689998626708984,3245400
2021-06-17,EWW,47.43000030517578,47.869998931884766,47.06999969482422,47.2599983215332,2870500
2021-06-18,EWW,46.72999954223633,47.06999969482422,46.189998626708984,46.81999969482422,3541600
2021-06-21,EWW,47.0099983215332,47.349998474121094,46.689998626708984,47.15999984741211,2116500
2021-06-22,EWW,46.77000045776367,47.25,46.380001068115234,47.130001068115234,1466600
2021-06-23,EWW,47.709999084472656,47.84000015258789,47.22999954223633,47.45000076293945,1669800
2021-06-24,EWW,47.79999923706055,48.880001068115234,47.619998931884766,48.31999969482422,2816800
2021-06-25,EWW,48.81999969482422,48.83000183105469,48.25,48.560001373291016,1792800
2021-06-28,EWW,48.5,48.540000915527344,48.02000045776367,48.27000045776367,1483500
2021-06-29,EWW,48.150001525878906,48.41999816894531,48.02000045776367,48.279998779296875,1194300
2021-06-30,EWW,47.95000076293945,48.279998779296875,47.689998626708984,47.9900016784668,1499200
2021-07-01,EWW,48.130001068115234,48.220001220703125,47.47999954223633,47.970001220703125,1967600
2021-07-02,EWW,48.20000076293945,48.47999954223633,47.970001220703125,48.400001525878906,1227800
2021-07-06,EWW,48.38999938964844,48.38999938964844,47.209999084472656,47.650001525878906,1906000
2021-07-07,EWW,47.83000183105469,48.040000915527344,47.099998474121094,47.86000061035156,2104500
2021-07-08,EWW,47.0,47.56999969482422,46.970001220703125,47.220001220703125,1869100
2021-07-09,EWW,47.7400016784668,48.029998779296875,47.529998779296875,47.849998474121094,914200
2021-07-12,EWW,47.650001525878906,47.97999954223633,47.40999984741211,47.849998474121094,879100
2021-07-13,EWW,47.52000045776367,47.709999084472656,46.939998626708984,46.959999084472656,1401100
2021-07-14,EWW,47.52000045776367,47.97999954223633,47.31999969482422,47.880001068115234,1724100
2021-07-15,EWW,47.689998626708984,48.459999084472656,47.68000030517578,48.400001525878906,1189900
2021-07-16,EWW,48.720001220703125,48.77000045776367,48.16999816894531,48.45000076293945,1820900
2021-07-19,EWW,47.75,47.849998474121094,46.54999923706055,46.93000030517578,2782200
2021-07-20,EWW,46.709999084472656,47.27000045776367,46.650001525878906,46.869998931884766,1662400
2021-07-21,EWW,46.689998626708984,47.58000183105469,46.689998626708984,47.41999816894531,1887600
2021-07-22,EWW,47.540000915527344,47.959999084472656,47.2599983215332,47.810001373291016,1035800
2021-07-23,EWW,48.119998931884766,48.13999938964844,47.7599983215332,47.9900016784668,1265500
2021-07-26,EWW,47.470001220703125,48.91999816894531,47.119998931884766,48.7400016784668,2009200
2021-07-27,EWW,48.5099983215332,48.939998626708984,48.43000030517578,48.91999816894531,2621500
2021-07-28,EWW,48.88999938964844,49.369998931884766,48.54999923706055,49.310001373291016,1486100
2021-07-29,EWW,49.599998474121094,49.90999984741211,49.38999938964844,49.7400016784668,1808700
2021-07-30,EWW,49.5,49.81999969482422,48.97999954223633,49.02000045776367,1986900
2021-08-02,EWW,49.43000030517578,49.59000015258789,48.84000015258789,48.880001068115234,2303000
2021-08-03,EWW,49.099998474121094,49.86000061035156,48.86000061035156,49.84000015258789,2630800
2021-08-04,EWW,49.869998931884766,49.869998931884766,48.83000183105469,49.04999923706055,1511000
2021-08-05,EWW,49.18000030517578,49.470001220703125,49.099998474121094,49.189998626708984,1082400
2021-08-06,EWW,49.2400016784668,49.2599983215332,48.7400016784668,48.84000015258789,1184200
2021-08-09,EWW,48.939998626708984,48.939998626708984,48.36000061035156,48.43000030517578,1383400
2021-08-10,EWW,48.369998931884766,48.849998474121094,48.150001525878906,48.7599983215332,915300
2021-08-11,EWW,49.220001220703125,49.349998474121094,48.790000915527344,49.310001373291016,889600
2021-08-12,EWW,49.150001525878906,49.369998931884766,48.97999954223633,49.08000183105469,1168900
2021-08-13,EWW,49.369998931884766,49.619998931884766,49.189998626708984,49.619998931884766,1437500
2021-08-16,EWW,49.25,49.790000915527344,49.150001525878906,49.540000915527344,1313600
2021-08-17,EWW,48.7599983215332,49.529998779296875,48.720001220703125,49.5,1814100
2021-08-18,EWW,49.4900016784668,50.18000030517578,49.34000015258789,49.90999984741211,3126900
2021-08-19,EWW,49.150001525878906,49.470001220703125,48.439998626708984,48.81999969482422,2450400
2021-08-20,EWW,48.189998626708984,48.810001373291016,48.189998626708984,48.54999923706055,1448300
2021-08-23,EWW,48.81999969482422,49.36000061035156,48.5099983215332,49.25,1035400
2021-08-24,EWW,49.400001525878906,49.7599983215332,49.09000015258789,49.38999938964844,2473700
2021-08-25,EWW,49.34000015258789,49.61000061035156,48.970001220703125,49.56999969482422,1130600
2021-08-26,EWW,49.400001525878906,49.439998626708984,48.970001220703125,49.310001373291016,2404800
2021-08-27,EWW,49.56999969482422,49.9900016784668,49.2599983215332,49.970001220703125,1805500
2021-08-30,EWW,50.0,50.41999816894531,49.63999938964844,50.29999923706055,1459500
2021-08-31,EWW,50.540000915527344,51.290000915527344,50.38999938964844,51.11000061035156,2803200
2021-09-01,EWW,51.45000076293945,51.4900016784668,50.31999969482422,50.34000015258789,1995500
2021-09-02,EWW,50.380001068115234,50.63999938964844,50.25,50.4900016784668,1463500
2021-09-03,EWW,50.720001220703125,50.81999969482422,50.25,50.31999969482422,1534700
2021-09-07,EWW,50.34000015258789,50.84000015258789,50.34000015258789,50.43000030517578,1528500
2021-09-08,EWW,50.43000030517578,50.529998779296875,49.849998474121094,49.86000061035156,1928300
2021-09-09,EWW,49.7599983215332,50.02000045776367,49.66999816894531,49.869998931884766,1447600
2021-09-10,EWW,50.189998626708984,50.470001220703125,49.9900016784668,50.0099983215332,3150600
2021-09-13,EWW,50.33000183105469,51.040000915527344,50.08000183105469,50.16999816894531,2088700
2021-09-14,EWW,50.25,50.650001525878906,49.790000915527344,50.41999816894531,1944100
2021-09-15,EWW,50.36000061035156,51.0,50.310001373291016,51.0,1775100
2021-09-16,EWW,50.52000045776367,50.90999984741211,50.310001373291016,50.81999969482422,2866200
2021-09-17,EWW,50.75,50.86000061035156,49.65999984741211,49.70000076293945,2713900
2021-09-20,EWW,48.869998931884766,49.04999923706055,48.439998626708984,48.790000915527344,2267000
2021-09-21,EWW,48.939998626708984,49.18000030517578,48.58000183105469,48.880001068115234,1926100
2021-09-22,EWW,49.15999984741211,50.150001525878906,49.15999984741211,49.56999969482422,2448900
2021-09-23,EWW,49.880001068115234,50.040000915527344,49.66999816894531,49.779998779296875,1458400
2021-09-24,EWW,49.400001525878906,49.65999984741211,49.25,49.27000045776367,1908500
2021-09-27,EWW,49.11000061035156,49.790000915527344,49.11000061035156,49.72999954223633,1239100
2021-09-28,EWW,49.27000045776367,49.34000015258789,48.459999084472656,48.560001373291016,2127700
2021-09-29,EWW,48.380001068115234,48.66999816894531,47.91999816894531,48.16999816894531,2123600
2021-09-30,EWW,48.459999084472656,48.619998931884766,47.939998626708984,48.2599983215332,2068000
2021-10-01,EWW,48.7599983215332,48.7599983215332,48.119998931884766,48.529998779296875,1926200
2021-10-04,EWW,48.209999084472656,48.45000076293945,47.86000061035156,48.099998474121094,1606200
2021-10-05,EWW,48.130001068115234,48.34000015258789,47.939998626708984,48.130001068115234,1365400
2021-10-06,EWW,47.25,48.119998931884766,47.150001525878906,48.029998779296875,2049700
2021-10-07,EWW,48.209999084472656,48.45000076293945,47.790000915527344,47.849998474121094,1758100
2021-10-08,EWW,48.099998474121094,48.18000030517578,47.720001220703125,48.04999923706055,1020800
2021-10-11,EWW,47.959999084472656,48.33000183105469,47.90999984741211,47.90999984741211,890200
2021-10-12,EWW,48.18000030517578,48.689998626708984,48.02000045776367,48.31999969482422,1279200
2021-10-13,EWW,48.5099983215332,48.849998474121094,48.20000076293945,48.79999923706055,2136000
2021-10-14,EWW,49.029998779296875,49.18000030517578,48.689998626708984,48.959999084472656,1229000
2021-10-15,EWW,49.18000030517578,50.20000076293945,49.08000183105469,50.08000183105469,2305500
2021-10-18,EWW,49.7400016784668,50.0,49.65999984741211,49.81999969482422,1080500
2021-10-19,EWW,50.189998626708984,50.279998779296875,49.66999816894531,49.88999938964844,1425100
2021-10-20,EWW,49.90999984741211,50.369998931884766,49.7400016784668,50.08000183105469,961700
2021-10-21,EWW,49.81999969482422,49.849998474121094,49.15999984741211,49.41999816894531,1308300
2021-10-22,EWW,49.66999816894531,50.130001068115234,49.38999938964844,49.529998779296875,2598400
2021-10-25,EWW,49.72999954223633,49.84000015258789,49.33000183105469,49.56999969482422,1209700
2021-10-26,EWW,49.66999816894531,49.86000061035156,49.439998626708984,49.75,1248100
2021-10-27,EWW,49.75,49.77000045776367,49.060001373291016,49.13999938964844,1357100
2021-10-28,EWW,49.040000915527344,49.29999923706055,48.709999084472656,48.790000915527344,1212200
2021-10-29,EWW,48.34000015258789,48.599998474121094,48.040000915527344,48.349998474121094,1977300
2021-11-01,EWW,48.15999984741211,48.52000045776367,47.970001220703125,48.189998626708984,1249800
2021-11-02,EWW,48.150001525878906,48.529998779296875,47.86000061035156,48.029998779296875,1698900
2021-11-03,EWW,48.04999923706055,48.86000061035156,47.779998779296875,48.83000183105469,3036500
2021-11-04,EWW,48.869998931884766,49.04999923706055,48.29999923706055,49.0099983215332,1342500
2021-11-05,EWW,49.439998626708984,49.88999938964844,49.150001525878906,49.66999816894531,1891500
2021-11-08,EWW,49.91999816894531,50.2400016784668,49.7400016784668,49.90999984741211,1152600
2021-11-09,EWW,49.90999984741211,50.130001068115234,49.56999969482422,49.84000015258789,1224800
2021-11-10,EWW,49.619998931884766,49.93000030517578,48.72999954223633,48.75,1819300
2021-11-11,EWW,49.220001220703125,49.2599983215332,48.369998931884766,48.66999816894531,3849200
2021-11-12,EWW,48.91999816894531,49.20000076293945,48.72999954223633,48.779998779296875,1505400
2021-11-15,EWW,48.790000915527344,48.86000061035156,48.43000030517578,48.5099983215332,1481900
2021-11-16,EWW,48.380001068115234,48.5099983215332,47.810001373291016,48.0099983215332,2287800
2021-11-17,EWW,48.08000183105469,48.11000061035156,47.59000015258789,48.0099983215332,1820100
2021-11-18,EWW,47.59000015258789,47.77000045776367,47.22999954223633,47.540000915527344,2079100
2021-11-19,EWW,47.58000183105469,47.61000061035156,47.16999816894531,47.27000045776367,1328100
2021-11-22,EWW,47.20000076293945,47.27000045776367,46.61000061035156,46.65999984741211,1813600
2021-11-23,EWW,46.58000183105469,46.81999969482422,46.2400016784668,46.650001525878906,3104100
2021-11-24,EWW,45.779998779296875,46.18000030517578,45.5099983215332,46.029998779296875,2605700
2021-11-26,EWW,44.869998931884766,44.869998931884766,43.66999816894531,44.22999954223633,3006300
2021-11-29,EWW,44.810001373291016,45.16999816894531,44.2599983215332,44.66999816894531,2300400
2021-11-30,EWW,45.209999084472656,45.470001220703125,44.75,45.310001373291016,3449400
2021-12-01,EWW,46.2599983215332,46.720001220703125,45.52000045776367,45.560001373291016,3252300
2021-12-02,EWW,45.900001525878906,46.900001525878906,45.79999923706055,46.86000061035156,2009100
2021-12-03,EWW,47.0099983215332,47.27000045776367,46.380001068115234,46.70000076293945,2404100
2021-12-06,EWW,46.900001525878906,47.029998779296875,46.54999923706055,46.599998474121094,1381200
2021-12-07,EWW,47.029998779296875,47.560001373291016,46.709999084472656,47.52000045776367,2322600
2021-12-08,EWW,47.790000915527344,47.91999816894531,47.4900016784668,47.869998931884766,982500
2021-12-09,EWW,47.63999938964844,47.9900016784668,47.41999816894531,47.939998626708984,952500
2021-12-10,EWW,48.18000030517578,48.18000030517578,47.7599983215332,48.08000183105469,1027400
2021-12-13,EWW,47.33000183105469,47.470001220703125,46.43000030517578,46.43000030517578,1733500
2021-12-14,EWW,46.04999923706055,46.97999954223633,46.04999923706055,46.849998474121094,3070800
2021-12-15,EWW,46.599998474121094,47.38999938964844,46.36000061035156,47.34000015258789,2875300
2021-12-16,EWW,47.709999084472656,48.290000915527344,47.54999923706055,47.93000030517578,2188200
2021-12-17,EWW,47.95000076293945,49.0099983215332,47.88999938964844,48.83000183105469,2222000
2021-12-20,EWW,48.56999969482422,48.65999984741211,48.099998474121094,48.380001068115234,1622300
2021-12-21,EWW,48.59000015258789,48.88999938964844,48.470001220703125,48.68000030517578,1484300
2021-12-22,EWW,48.72999954223633,49.349998474121094,48.599998474121094,49.34000015258789,2440900
2021-12-23,EWW,49.349998474121094,49.81999969482422,49.279998779296875,49.720001220703125,1853200
2021-12-27,EWW,50.20000076293945,50.279998779296875,49.709999084472656,50.279998779296875,1132400
2021-12-28,EWW,50.54999923706055,50.849998474121094,50.16999816894531,50.34000015258789,1142400
2021-12-29,EWW,50.470001220703125,50.83000183105469,50.040000915527344,50.189998626708984,1725500
2021-12-30,EWW,50.119998931884766,50.720001220703125,50.119998931884766,50.68000030517578,1169100
2021-12-31,EWW,50.900001525878906,51.060001373291016,50.54999923706055,50.599998474121094,628500
2022-01-03,EWW,50.599998474121094,51.0099983215332,50.31999969482422,50.41999816894531,2372500
2022-01-04,EWW,50.369998931884766,51.029998779296875,50.290000915527344,50.540000915527344,1547400
2022-01-05,EWW,50.68000030517578,51.040000915527344,50.16999816894531,50.2400016784668,1337900
2022-01-06,EWW,50.34000015258789,50.7599983215332,50.20000076293945,50.45000076293945,2050400
2022-01-07,EWW,50.689998626708984,50.81999969482422,50.2599983215332,50.7599983215332,1019300
2022-01-10,EWW,50.56999969482422,50.66999816894531,50.20000076293945,50.439998626708984,1830600
2022-01-11,EWW,50.439998626708984,50.66999816894531,50.18000030517578,50.52000045776367,2670500
2022-01-12,EWW,50.84000015258789,51.43000030517578,50.720001220703125,51.38999938964844,1756500
2022-01-13,EWW,51.41999816894531,51.58000183105469,51.20000076293945,51.290000915527344,2757000
2022-01-14,EWW,51.209999084472656,51.5,50.97999954223633,51.27000045776367,1657900
2022-01-18,EWW,51.02000045776367,51.2400016784668,50.45000076293945,50.529998779296875,2242300
2022-01-19,EWW,50.72999954223633,50.88999938964844,49.83000183105469,49.91999816894531,1443100
2022-01-20,EWW,50.060001373291016,50.459999084472656,49.61000061035156,49.630001068115234,1777100
2022-01-21,EWW,49.81999969482422,49.900001525878906,48.86000061035156,49.09000015258789,2363900
2022-01-24,EWW,48.41999816894531,48.58000183105469,46.72999954223633,48.290000915527344,3770100
2022-01-25,EWW,47.7400016784668,48.34000015258789,47.08000183105469,48.04999923706055,2597500
2022-01-26,EWW,48.459999084472656,48.65999984741211,47.709999084472656,47.83000183105469,2205100
2022-01-27,EWW,48.060001373291016,48.310001373291016,47.130001068115234,47.25,2861000
2022-01-28,EWW,47.33000183105469,47.459999084472656,46.560001373291016,47.36000061035156,2428900
2022-01-31,EWW,47.790000915527344,48.84000015258789,47.599998474121094,48.54999923706055,3637600
2022-02-01,EWW,48.790000915527344,49.2400016784668,48.63999938964844,49.18000030517578,2523600
2022-02-02,EWW,49.279998779296875,49.40999984741211,48.970001220703125,49.380001068115234,1633600
2022-02-03,EWW,48.849998474121094,49.2400016784668,48.470001220703125,48.4900016784668,2189100
2022-02-04,EWW,48.09000015258789,48.709999084472656,47.869998931884766,48.27000045776367,2246200
2022-02-07,EWW,48.25,48.68000030517578,48.08000183105469,48.290000915527344,1175900
2022-02-08,EWW,48.310001373291016,49.45000076293945,48.2599983215332,49.400001525878906,1684100
2022-02-09,EWW,49.7400016784668,50.2599983215332,49.58000183105469,50.2400016784668,1658900
2022-02-10,EWW,49.83000183105469,50.439998626708984,49.709999084472656,49.7400016784668,2093100
2022-02-11,EWW,49.939998626708984,51.13999938964844,49.939998626708984,50.31999969482422,2943000
2022-02-14,EWW,50.34000015258789,50.400001525878906,49.5099983215332,49.7599983215332,2650000
2022-02-15,EWW,50.16999816894531,50.95000076293945,49.939998626708984,50.720001220703125,2004000
2022-02-16,EWW,50.560001373291016,51.650001525878906,50.47999954223633,51.33000183105469,2350700
2022-02-17,EWW,51.33000183105469,51.380001068115234,50.36000061035156,50.47999954223633,2139900
2022-02-18,EWW,50.529998779296875,50.72999954223633,50.11000061035156,50.209999084472656,1822900
2022-02-22,EWW,49.7599983215332,50.58000183105469,49.709999084472656,50.459999084472656,2271800
2022-02-23,EWW,50.7400016784668,50.77000045776367,49.150001525878906,49.2599983215332,4184300
2022-02-24,EWW,47.779998779296875,48.4900016784668,47.150001525878906,48.40999984741211,7765500
2022-02-25,EWW,48.689998626708984,50.099998474121094,48.54999923706055,50.06999969482422,1813600
2022-02-28,EWW,49.459999084472656,50.47999954223633,49.16999816894531,50.34000015258789,3157600
2022-03-01,EWW,50.099998474121094,50.75,49.400001525878906,49.72999954223633,2212900
2022-03-02,EWW,49.689998626708984,50.16999816894531,49.400001525878906,49.959999084472656,2550700
2022-03-03,EWW,49.939998626708984,50.54999923706055,49.58000183105469,49.93000030517578,2923800
2022-03-04,EWW,48.9900016784668,49.349998474121094,48.540000915527344,49.06999969482422,2253700
2022-03-07,EWW,48.540000915527344,48.689998626708984,46.95000076293945,46.9900016784668,2605600
2022-03-08,EWW,47.0,48.41999816894531,46.58000183105469,47.880001068115234,3332700
2022-03-09,EWW,48.79999923706055,49.83000183105469,48.59000015258789,49.68000030517578,2020000
2022-03-10,EWW,49.4900016784668,49.7400016784668,48.7599983215332,49.220001220703125,1931200
2022-03-11,EWW,49.560001373291016,49.7599983215332,48.880001068115234,49.150001525878906,1699500
2022-03-14,EWW,49.40999984741211,49.54999923706055,48.540000915527344,48.77000045776367,2298700
2022-03-15,EWW,48.869998931884766,49.459999084472656,48.619998931884766,49.43000030517578,4284400
2022-03-16,EWW,49.970001220703125,50.619998931884766,49.630001068115234,50.349998474121094,3100800
2022-03-17,EWW,50.369998931884766,51.4900016784668,50.189998626708984,51.459999084472656,2279900
2022-03-18,EWW,51.43000030517578,52.650001525878906,50.83000183105469,52.59000015258789,4103300
2022-03-21,EWW,52.560001373291016,52.88999938964844,51.91999816894531,52.20000076293945,2286100
2022-03-22,EWW,52.72999954223633,53.2400016784668,52.56999969482422,53.09000015258789,2567300
2022-03-23,EWW,53.20000076293945,53.33000183105469,52.66999816894531,52.7599983215332,1978000
2022-03-24,EWW,52.7599983215332,53.650001525878906,52.529998779296875,53.61000061035156,1748700
2022-03-25,EWW,53.900001525878906,53.93000030517578,53.2599983215332,53.58000183105469,2375600
2022-03-28,EWW,53.400001525878906,53.689998626708984,53.2400016784668,53.650001525878906,1119500
2022-03-29,EWW,54.290000915527344,54.619998931884766,53.810001373291016,54.540000915527344,2311200
2022-03-30,EWW,54.540000915527344,54.869998931884766,54.18000030517578,54.54999923706055,2982700
2022-03-31,EWW,54.380001068115234,55.18000030517578,54.31999969482422,54.970001220703125,2232000
2022-04-01,EWW,55.47999954223633,55.790000915527344,54.91999816894531,55.36000061035156,1788100
2022-04-04,EWW,55.630001068115234,55.83000183105469,55.02000045776367,55.06999969482422,3203600
2022-04-05,EWW,55.20000076293945,55.22999954223633,54.029998779296875,54.13999938964844,2254300
2022-04-06,EWW,53.810001373291016,54.34000015258789,53.40999984741211,53.61000061035156,3024700
2022-04-07,EWW,53.5,53.90999984741211,53.369998931884766,53.43000030517578,1786400
2022-04-08,EWW,53.5,53.54999923706055,52.900001525878906,53.15999984741211,1698900
2022-04-11,EWW,52.79999923706055,53.470001220703125,52.779998779296875,53.2400016784668,1656200
2022-04-12,EWW,53.630001068115234,53.869998931884766,52.959999084472656,53.119998931884766,1786600
2022-04-13,EWW,53.290000915527344,53.65999984741211,53.040000915527344,53.5,1414300
2022-04-14,EWW,53.369998931884766,53.380001068115234,52.599998474121094,52.65999984741211,1689700
2022-04-18,EWW,52.630001068115234,53.540000915527344,52.61000061035156,53.41999816894531,1287200
2022-04-19,EWW,52.95000076293945,53.34000015258789,52.83000183105469,53.18000030517578,1451800
2022-04-20,EWW,53.45000076293945,53.45000076293945,52.61000061035156,52.77000045776367,2264800
2022-04-21,EWW,52.650001525878906,52.91999816894531,51.4900016784668,51.7400016784668,2008100
2022-04-22,EWW,51.41999816894531,51.88999938964844,51.13999938964844,51.47999954223633,2062100
2022-04-25,EWW,50.91999816894531,51.43000030517578,50.560001373291016,51.279998779296875,2474700
2022-04-26,EWW,51.209999084472656,51.209999084472656,50.369998931884766,50.40999984741211,2205000
2022-04-27,EWW,50.279998779296875,50.59000015258789,49.91999816894531,50.150001525878906,2257900
2022-04-28,EWW,50.22999954223633,50.5099983215332,49.040000915527344,50.5099983215332,2986500
2022-04-29,EWW,50.66999816894531,51.0099983215332,49.310001373291016,49.43000030517578,2411900
2022-05-02,EWW,49.43000030517578,49.83000183105469,49.060001373291016,49.70000076293945,3552700
2022-05-03,EWW,49.95000076293945,49.95000076293945,49.20000076293945,49.400001525878906,2046600
2022-05-04,EWW,49.45000076293945,50.560001373291016,48.959999084472656,50.4900016784668,2502300
2022-05-05,EWW,49.91999816894531,50.040000915527344,48.83000183105469,49.099998474121094,3084600
2022-05-06,EWW,48.79999923706055,49.36000061035156,48.27000045776367,48.43000030517578,3355600
2022-05-09,EWW,47.79999923706055,48.11000061035156,47.20000076293945,47.540000915527344,2783200
2022-05-10,EWW,47.95000076293945,48.119998931884766,47.369998931884766,47.630001068115234,2373200
2022-05-11,EWW,47.630001068115234,48.349998474121094,47.54999923706055,47.95000076293945,3156300
2022-05-12,EWW,47.45000076293945,48.61000061035156,47.18000030517578,48.150001525878906,3253100
2022-05-13,EWW,48.33000183105469,48.970001220703125,48.119998931884766,48.900001525878906,2410800
2022-05-16,EWW,48.75,49.91999816894531,48.650001525878906,49.779998779296875,2013500
2022-05-17,EWW,50.369998931884766,51.119998931884766,50.029998779296875,50.900001525878906,3655900
2022-05-18,EWW,50.790000915527344,50.93000030517578,49.40999984741211,49.65999984741211,2218700
2022-05-19,EWW,49.86000061035156,51.09000015258789,49.709999084472656,50.75,1988300
2022-05-20,EWW,51.38999938964844,51.540000915527344,50.790000915527344,51.11000061035156,2586500
2022-05-23,EWW,51.40999984741211,51.77000045776367,50.959999084472656,51.02000045776367,3387300
2022-05-24,EWW,50.869998931884766,51.2599983215332,50.470001220703125,51.20000076293945,2091000
2022-05-25,EWW,50.88999938964844,51.9900016784668,50.7400016784668,51.599998474121094,2247400
2022-05-26,EWW,51.720001220703125,52.20000076293945,51.66999816894531,51.970001220703125,2427900
2022-05-27,EWW,52.400001525878906,53.33000183105469,52.400001525878906,53.15999984741211,4116600
2022-05-31,EWW,53.0,53.099998474121094,51.720001220703125,52.06999969482422,4658100
2022-06-01,EWW,52.310001373291016,52.38999938964844,51.41999816894531,51.650001525878906,2133700
2022-06-02,EWW,51.86000061035156,51.9900016784668,51.279998779296875,51.5,2356600
2022-06-03,EWW,51.22999954223633,51.5,51.0099983215332,51.22999954223633,1353700
2022-06-06,EWW,51.709999084472656,51.72999954223633,50.47999954223633,50.4900016784668,2834900
2022-06-07,EWW,50.369998931884766,50.70000076293945,49.880001068115234,50.66999816894531,2806600
2022-06-08,EWW,50.470001220703125,50.720001220703125,50.11000061035156,50.47999954223633,4067600
2022-06-09,EWW,49.779998779296875,49.939998626708984,49.029998779296875,49.119998931884766,2996300
2022-06-10,EWW,48.45000076293945,48.5,47.34000015258789,47.40999984741211,3729000
2022-06-13,EWW,45.529998779296875,46.369998931884766,45.529998779296875,46.040000915527344,4835600
2022-06-14,EWW,45.97999954223633,46.130001068115234,45.43000030517578,45.5,2898900
2022-06-15,EWW,45.7599983215332,46.779998779296875,45.310001373291016,46.31999969482422,2042000
2022-06-16,EWW,45.41999816894531,45.540000915527344,44.66999816894531,45.27000045776367,2848900
2022-06-17,EWW,45.099998474121094,45.939998626708984,44.970001220703125,45.810001373291016,3798900
2022-06-21,EWW,46.33000183105469,46.68000030517578,45.84000015258789,46.380001068115234,2514000
2022-06-22,EWW,45.97999954223633,46.43000030517578,45.86000061035156,45.95000076293945,2507000
2022-06-23,EWW,46.04999923706055,46.119998931884766,45.65999984741211,45.689998626708984,2336300
2022-06-24,EWW,46.16999816894531,47.41999816894531,45.869998931884766,47.33000183105469,2664800
2022-06-27,EWW,47.22999954223633,47.70000076293945,47.04999923706055,47.560001373291016,1433000
2022-06-28,EWW,47.529998779296875,47.970001220703125,47.060001373291016,47.11000061035156,1833900
2022-06-29,EWW,47.290000915527344,47.290000915527344,46.5099983215332,46.7599983215332,2231500
2022-06-30,EWW,46.5,46.84000015258789,45.970001220703125,46.59000015258789,1904100
2022-07-01,EWW,46.13999938964844,46.560001373291016,45.63999938964844,46.459999084472656,2364200
2022-07-05,EWW,45.7599983215332,45.93000030517578,45.02000045776367,45.68000030517578,1702900
2022-07-06,EWW,45.36000061035156,45.75,45.11000061035156,45.65999984741211,1225500
2022-07-07,EWW,46.130001068115234,46.220001220703125,45.529998779296875,45.54999923706055,1673500
2022-07-08,EWW,45.790000915527344,46.029998779296875,45.31999969482422,45.959999084472656,2035700
2022-07-11,EWW,45.279998779296875,45.45000076293945,44.93000030517578,45.189998626708984,1697700
2022-07-12,EWW,44.77000045776367,45.619998931884766,44.77000045776367,45.13999938964844,2134300
2022-07-13,EWW,44.7400016784668,45.58000183105469,44.38999938964844,45.119998931884766,2633000
2022-07-14,EWW,44.63999938964844,44.63999938964844,43.81999969482422,44.400001525878906,3167600
2022-07-15,EWW,44.7400016784668,45.47999954223633,44.599998474121094,45.45000076293945,2095700
2022-07-18,EWW,45.970001220703125,46.27000045776367,45.439998626708984,45.560001373291016,1586000
2022-07-19,EWW,45.970001220703125,46.29999923706055,45.43000030517578,45.65999984741211,1600300
2022-07-20,EWW,45.7400016784668,45.900001525878906,45.279998779296875,45.47999954223633,1350600
2022-07-21,EWW,45.369998931884766,45.560001373291016,44.72999954223633,45.349998474121094,1729900
2022-07-22,EWW,45.599998474121094,45.81999969482422,45.369998931884766,45.54999923706055,1087700
2022-07-25,EWW,45.75,46.099998474121094,45.61000061035156,45.70000076293945,1362200
2022-07-26,EWW,45.689998626708984,45.88999938964844,45.060001373291016,45.209999084472656,1506000
2022-07-27,EWW,45.36000061035156,45.77000045776367,44.630001068115234,45.709999084472656,1583800
2022-07-28,EWW,45.900001525878906,47.029998779296875,45.59000015258789,46.90999984741211,1776500
2022-07-29,EWW,46.790000915527344,47.099998474121094,46.70000076293945,46.79999923706055,1555100
2022-08-01,EWW,46.70000076293945,47.369998931884766,46.0099983215332,46.04999923706055,2854100
2022-08-02,EWW,45.77000045776367,45.939998626708984,44.560001373291016,44.599998474121094,2755700
2022-08-03,EWW,44.93000030517578,45.54999923706055,44.650001525878906,45.5,2266600
2022-08-04,EWW,45.70000076293945,46.810001373291016,45.5,45.83000183105469,2470700
2022-08-05,EWW,45.52000045776367,45.810001373291016,45.0099983215332,45.34000015258789,1489400
2022-08-08,EWW,45.65999984741211,46.43000030517578,45.650001525878906,46.38999938964844,1944700
2022-08-09,EWW,46.45000076293945,46.4900016784668,46.06999969482422,46.290000915527344,941500
2022-08-10,EWW,47.11000061035156,48.029998779296875,47.060001373291016,47.15999984741211,1685100
2022-08-11,EWW,47.70000076293945,47.93000030517578,47.25,47.79999923706055,3081800
2022-08-12,EWW,48.13999938964844,48.689998626708984,48.040000915527344,48.65999984741211,2283400
2022-08-15,EWW,48.34000015258789,48.7400016784668,48.060001373291016,48.40999984741211,1430600
2022-08-16,EWW,48.150001525878906,48.65999984741211,48.150001525878906,48.45000076293945,1618300
2022-08-17,EWW,47.779998779296875,48.2400016784668,47.709999084472656,48.13999938964844,1337700
2022-08-18,EWW,48.150001525878906,48.279998779296875,47.369998931884766,47.849998474121094,1896600
2022-08-19,EWW,47.040000915527344,47.56999969482422,47.040000915527344,47.5,912100
2022-08-22,EWW,47.20000076293945,47.400001525878906,46.79999923706055,47.06999969482422,1448700
2022-08-23,EWW,47.22999954223633,47.61000061035156,46.959999084472656,47.369998931884766,1364900
2022-08-24,EWW,47.369998931884766,47.66999816894531,47.060001373291016,47.119998931884766,1531700
2022-08-25,EWW,47.2400016784668,47.630001068115234,47.099998474121094,47.630001068115234,1010800
2022-08-26,EWW,47.61000061035156,47.7599983215332,46.400001525878906,46.540000915527344,3032400
2022-08-29,EWW,46.41999816894531,46.58000183105469,45.88999938964844,45.91999816894531,2129400
2022-08-30,EWW,46.099998474121094,46.099998474121094,44.869998931884766,45.16999816894531,2013500
2022-08-31,EWW,45.15999984741211,45.470001220703125,44.209999084472656,44.25,4167200
2022-09-01,EWW,43.939998626708984,44.84000015258789,43.650001525878906,44.68000030517578,2591800
2022-09-02,EWW,45.08000183105469,45.95000076293945,45.060001373291016,45.58000183105469,2058800
2022-09-06,EWW,45.41999816894531,45.689998626708984,44.810001373291016,45.0,2101300
2022-09-07,EWW,44.95000076293945,45.65999984741211,44.2599983215332,45.4900016784668,3735100
2022-09-08,EWW,45.31999969482422,45.95000076293945,45.130001068115234,45.880001068115234,1122500
2022-09-09,EWW,46.029998779296875,46.68000030517578,45.959999084472656,46.65999984741211,868000
2022-09-12,EWW,47.040000915527344,47.84000015258789,46.93000030517578,47.75,1543200
2022-09-13,EWW,46.93000030517578,47.220001220703125,46.25,46.310001373291016,2533400
2022-09-14,EWW,46.4900016784668,46.93000030517578,46.220001220703125,46.459999084472656,1912100
2022-09-15,EWW,46.119998931884766,46.56999969482422,45.939998626708984,46.20000076293945,2998900
2022-09-16,EWW,45.93000030517578,46.16999816894531,45.52000045776367,45.959999084472656,1684700
2022-09-19,EWW,45.59000015258789,46.63999938964844,45.58000183105469,46.599998474121094,2013600
2022-09-20,EWW,46.20000076293945,46.9900016784668,45.86000061035156,46.869998931884766,2872800
2022-09-21,EWW,46.77000045776367,47.529998779296875,46.61000061035156,46.81999969482422,2468500
2022-09-22,EWW,46.959999084472656,46.970001220703125,46.099998474121094,46.29999923706055,1636900
2022-09-23,EWW,45.689998626708984,45.779998779296875,44.65999984741211,44.91999816894531,3380400
2022-09-26,EWW,44.529998779296875,44.9900016784668,43.779998779296875,43.810001373291016,1627900
2022-09-27,EWW,44.279998779296875,44.56999969482422,43.939998626708984,44.220001220703125,2427400
2022-09-28,EWW,44.279998779296875,45.43000030517578,44.16999816894531,45.27000045776367,2611600
2022-09-29,EWW,44.9900016784668,45.290000915527344,44.43000030517578,44.84000015258789,2375300
2022-09-30,EWW,44.880001068115234,45.11000061035156,44.15999984741211,44.22999954223633,2636000
2022-10-03,EWW,44.720001220703125,45.34000015258789,44.470001220703125,45.2599983215332,2860000
2022-10-04,EWW,45.810001373291016,46.04999923706055,45.40999984741211,46.0,2466100
2022-10-05,EWW,45.61000061035156,45.72999954223633,44.93000030517578,45.369998931884766,1474100
2022-10-06,EWW,45.189998626708984,46.189998626708984,45.16999816894531,45.7599983215332,1761400
2022-10-07,EWW,45.54999923706055,45.84000015258789,45.31999969482422,45.43000030517578,1511900
2022-10-10,EWW,45.599998474121094,46.060001373291016,45.369998931884766,45.40999984741211,1253700
2022-10-11,EWW,45.38999938964844,46.04999923706055,44.970001220703125,45.52000045776367,1574400
2022-10-12,EWW,45.529998779296875,45.97999954223633,45.20000076293945,45.63999938964844,4388300
2022-10-13,EWW,44.72999954223633,46.18000030517578,44.63999938964844,45.77000045776367,2318400
2022-10-14,EWW,45.91999816894531,45.9900016784668,45.130001068115234,45.209999084472656,1466300
2022-10-17,EWW,45.7400016784668,46.54999923706055,45.720001220703125,46.25,1669600
2022-10-18,EWW,46.66999816894531,46.86000061035156,45.90999984741211,46.27000045776367,1631100
2022-10-19,EWW,45.880001068115234,46.25,45.70000076293945,46.02000045776367,1334300
2022-10-20,EWW,46.119998931884766,46.650001525878906,45.880001068115234,46.279998779296875,1962100
2022-10-21,EWW,46.310001373291016,47.52000045776367,46.150001525878906,47.43000030517578,2310700
2022-10-24,EWW,47.209999084472656,48.25,47.0,48.060001373291016,3107700
2022-10-25,EWW,48.18000030517578,49.04999923706055,48.02000045776367,49.040000915527344,3423200
2022-10-26,EWW,49.209999084472656,49.599998474121094,48.970001220703125,49.43000030517578,3277300
2022-10-27,EWW,49.52000045776367,49.849998474121094,49.209999084472656,49.2599983215332,1747800
2022-10-28,EWW,49.34000015258789,49.779998779296875,49.0099983215332,49.779998779296875,3201200
2022-10-31,EWW,49.25,50.619998931884766,49.25,50.56999969482422,2452200
2022-11-01,EWW,51.36000061035156,51.72999954223633,50.86000061035156,51.59000015258789,3649700
2022-11-02,EWW,51.790000915527344,52.27000045776367,50.65999984741211,50.720001220703125,1865900
2022-11-03,EWW,50.68000030517578,51.599998474121094,50.349998474121094,51.33000183105469,2210900
2022-11-04,EWW,52.560001373291016,52.86000061035156,51.939998626708984,52.81999969482422,3011000
2022-11-07,EWW,52.97999954223633,53.209999084472656,52.41999816894531,52.45000076293945,2437100
2022-11-08,EWW,52.75,52.93000030517578,51.970001220703125,52.310001373291016,2479200
2022-11-09,EWW,52.20000076293945,52.72999954223633,51.7599983215332,51.880001068115234,1962300
2022-11-10,EWW,53.4900016784668,53.59000015258789,52.81999969482422,53.130001068115234,2144000
2022-11-11,EWW,52.81999969482422,53.81999969482422,52.63999938964844,53.61000061035156,4262600
2022-11-14,EWW,53.630001068115234,54.11000061035156,53.27000045776367,53.58000183105469,1591300
2022-11-15,EWW,54.45000076293945,54.54999923706055,53.310001373291016,53.599998474121094,2020300
2022-11-16,EWW,53.849998474121094,54.0,53.540000915527344,53.65999984741211,1662700
2022-11-17,EWW,52.959999084472656,53.54999923706055,52.869998931884766,53.31999969482422,1569800
2022-11-18,EWW,53.5,53.75,53.13999938964844,53.349998474121094,2407300
2022-11-21,EWW,52.91999816894531,53.43000030517578,52.77000045776367,53.029998779296875,986300
2022-11-22,EWW,53.22999954223633,54.189998626708984,53.09000015258789,53.70000076293945,3571400
2022-11-23,EWW,53.72999954223633,54.529998779296875,53.72999954223633,54.27000045776367,2261100
2022-11-25,EWW,54.369998931884766,54.400001525878906,53.720001220703125,54.0,636700
2022-11-28,EWW,54.029998779296875,54.560001373291016,53.400001525878906,53.40999984741211,2040500
2022-11-29,EWW,54.2599983215332,54.2599983215332,52.66999816894531,52.79999923706055,4259300
2022-11-30,EWW,52.7599983215332,54.040000915527344,52.09000015258789,53.900001525878906,5072300
2022-12-01,EWW,54.209999084472656,54.59000015258789,53.61000061035156,54.220001220703125,3188000
2022-12-02,EWW,53.84000015258789,53.86000061035156,53.119998931884766,53.189998626708984,1761800
2022-12-05,EWW,52.349998474121094,52.439998626708984,51.5099983215332,51.779998779296875,2265800
2022-12-06,EWW,51.779998779296875,52.52000045776367,51.599998474121094,52.060001373291016,1668200
2022-12-07,EWW,52.25,52.84000015258789,52.130001068115234,52.16999816894531,1082000
2022-12-08,EWW,52.209999084472656,52.84000015258789,52.18000030517578,52.56999969482422,1109500
2022-12-09,EWW,52.27000045776367,52.290000915527344,51.459999084472656,51.52000045776367,2730100
2022-12-12,EWW,51.63999938964844,52.09000015258789,51.220001220703125,52.04999923706055,1238200
2022-12-13,EWW,52.459999084472656,52.459999084472656,50.86000061035156,51.0,3330100
2022-12-14,EWW,50.7400016784668,50.95000076293945,50.11000061035156,50.630001068115234,2582800
2022-12-15,EWW,50.08000183105469,50.91999816894531,49.54999923706055,49.599998474121094,1675600
2022-12-16,EWW,49.599998474121094,49.75,49.189998626708984,49.65999984741211,1682100
2022-12-19,EWW,49.900001525878906,50.16999816894531,49.66999816894531,50.11000061035156,1595800
2022-12-20,EWW,50.220001220703125,50.619998931884766,50.0,50.33000183105469,1262700
2022-12-21,EWW,50.400001525878906,51.119998931884766,50.25,50.91999816894531,1278800
2022-12-22,EWW,50.849998474121094,51.119998931884766,50.11000061035156,50.790000915527344,927700
2022-12-23,EWW,51.11000061035156,52.02000045776367,50.79999923706055,51.93000030517578,1760400
2022-12-27,EWW,51.380001068115234,52.0,51.310001373291016,51.41999816894531,998400
2022-12-28,EWW,51.58000183105469,51.689998626708984,50.63999938964844,50.709999084472656,951300
2022-12-29,EWW,51.119998931884766,51.630001068115234,50.45000076293945,50.470001220703125,1009000
2022-12-30,EWW,50.380001068115234,50.70000076293945,49.369998931884766,49.45000076293945,1383200
2023-01-03,EWW,50.5,50.5,49.959999084472656,50.34000015258789,1714400
2023-01-04,EWW,50.75,51.77000045776367,50.560001373291016,51.560001373291016,1841200
2023-01-05,EWW,51.47999954223633,52.43000030517578,51.34000015258789,52.22999954223633,1610800
2023-01-06,EWW,52.7400016784668,54.04999923706055,52.41999816894531,53.70000076293945,2470300
2023-01-09,EWW,53.93000030517578,54.54999923706055,53.709999084472656,54.150001525878906,1931000
2023-01-10,EWW,54.209999084472656,54.689998626708984,53.81999969482422,54.4900016784668,1300200
2023-01-11,EWW,54.529998779296875,56.02000045776367,54.52000045776367,55.689998626708984,2737000
2023-01-12,EWW,55.93000030517578,56.790000915527344,55.75,56.4900016784668,3310200
2023-01-13,EWW,56.36000061035156,57.09000015258789,56.25,56.68000030517578,2807700
2023-01-17,EWW,56.08000183105469,56.86000061035156,56.06999969482422,56.54999923706055,1756100
2023-01-18,EWW,57.0,57.27000045776367,56.04999923706055,56.04999923706055,1896000
2023-01-19,EWW,55.970001220703125,56.439998626708984,55.650001525878906,56.0099983215332,1688500
2023-01-20,EWW,56.439998626708984,57.08000183105469,55.9900016784668,56.869998931884766,2023800
2023-01-23,EWW,57.09000015258789,58.06999969482422,56.91999816894531,57.63999938964844,2786800
2023-01-24,EWW,57.41999816894531,58.2400016784668,57.400001525878906,58.029998779296875,1513600
2023-01-25,EWW,57.79999923706055,58.130001068115234,57.560001373291016,58.130001068115234,1610200
2023-01-26,EWW,58.279998779296875,58.5,57.86000061035156,58.459999084472656,1504900
2023-01-27,EWW,58.59000015258789,58.68000030517578,58.0099983215332,58.04999923706055,1795900
2023-01-30,EWW,57.939998626708984,58.099998474121094,57.619998931884766,57.619998931884766,1265200
2023-01-31,EWW,57.68000030517578,57.900001525878906,57.4900016784668,57.650001525878906,1911800
2023-02-01,EWW,57.70000076293945,59.0,57.630001068115234,58.939998626708984,3348200
2023-02-02,EWW,59.130001068115234,59.45000076293945,57.459999084472656,57.61000061035156,2292000
2023-02-03,EWW,57.0099983215332,57.36000061035156,56.650001525878906,56.959999084472656,2032400
2023-02-06,EWW,56.33000183105469,56.810001373291016,56.06999969482422,56.45000076293945,1927200
2023-02-07,EWW,56.560001373291016,56.68000030517578,55.619998931884766,56.290000915527344,2366400
2023-02-08,EWW,56.20000076293945,56.38999938964844,55.29999923706055,55.849998474121094,1520800
2023-02-09,EWW,56.31999969482422,56.459999084472656,55.689998626708984,56.09000015258789,1570100
2023-02-10,EWW,56.150001525878906,56.43000030517578,55.75,56.310001373291016,993600
2023-02-13,EWW,56.33000183105469,57.25,56.290000915527344,57.08000183105469,1748600
2023-02-14,EWW,56.81999969482422,57.72999954223633,56.77000045776367,57.099998474121094,2035000
2023-02-15,EWW,56.58000183105469,57.439998626708984,56.33000183105469,57.439998626708984,1655600
2023-02-16,EWW,57.099998474121094,58.61000061035156,57.060001373291016,58.29999923706055,2261100
2023-02-17,EWW,58.09000015258789,58.59000015258789,57.72999954223633,58.540000915527344,1114100
2023-02-21,EWW,58.56999969482422,58.939998626708984,57.279998779296875,57.43000030517578,1393800
2023-02-22,EWW,57.59000015258789,58.209999084472656,57.41999816894531,57.86000061035156,882700
2023-02-23,EWW,58.130001068115234,58.220001220703125,57.2400016784668,57.7400016784668,1148900
2023-02-24,EWW,56.93000030517578,57.45000076293945,56.880001068115234,57.209999084472656,934700
2023-02-27,EWW,57.380001068115234,57.880001068115234,57.099998474121094,57.54999923706055,1311100
2023-02-28,EWW,57.810001373291016,57.88999938964844,57.22999954223633,57.63999938964844,1503100
2023-03-01,EWW,57.79999923706055,59.290000915527344,57.7599983215332,59.099998474121094,2462900
2023-03-02,EWW,58.880001068115234,59.18000030517578,58.310001373291016,58.7599983215332,1292900
2023-03-03,EWW,59.099998474121094,60.380001068115234,59.060001373291016,60.310001373291016,1958300
2023-03-06,EWW,60.2400016784668,60.400001525878906,59.79999923706055,59.79999923706055,3301900
2023-03-07,EWW,59.81999969482422,59.869998931884766,58.4900016784668,58.5,1672200
2023-03-08,EWW,58.91999816894531,59.529998779296875,58.81999969482422,59.40999984741211,1197600
2023-03-09,EWW,59.560001373291016,59.689998626708984,58.310001373291016,58.38999938964844,3176700
2023-03-10,EWW,57.88999938964844,57.91999816894531,56.86000061035156,56.97999954223633,3845500
2023-03-13,EWW,55.5099983215332,56.65999984741211,55.27000045776367,55.540000915527344,5350700
2023-03-14,EWW,56.33000183105469,57.13999938964844,56.290000915527344,56.599998474121094,2788000
2023-03-15,EWW,55.099998474121094,55.369998931884766,54.59000015258789,54.779998779296875,3436900
2023-03-16,EWW,54.380001068115234,56.15999984741211,54.2400016784668,55.90999984741211,2676300
2023-03-17,EWW,55.75,55.90999984741211,54.5,54.59000015258789,2324200
2023-03-20,EWW,54.66999816894531,55.66999816894531,54.459999084472656,55.18000030517578,1643400
2023-03-21,EWW,55.86000061035156,56.380001068115234,55.400001525878906,56.22999954223633,2058500
2023-03-22,EWW,56.619998931884766,57.310001373291016,56.2599983215332,56.31999969482422,1769100
2023-03-23,EWW,56.70000076293945,57.2599983215332,56.209999084472656,56.54999923706055,2082400
2023-03-24,EWW,56.27000045776367,57.209999084472656,55.939998626708984,57.040000915527344,1333100
2023-03-27,EWW,57.41999816894531,57.72999954223633,57.310001373291016,57.529998779296875,1481900
2023-03-28,EWW,57.70000076293945,58.75,57.689998626708984,58.34000015258789,1691700
2023-03-29,EWW,58.790000915527344,59.43000030517578,58.40999984741211,59.290000915527344,1884600
2023-03-30,EWW,59.5099983215332,59.900001525878906,59.119998931884766,59.54999923706055,1977600
2023-03-31,EWW,59.90999984741211,60.27000045776367,59.380001068115234,59.529998779296875,1163200
2023-04-03,EWW,59.5,59.77000045776367,58.779998779296875,59.27000045776367,1606800
2023-04-04,EWW,59.29999923706055,59.810001373291016,58.869998931884766,59.4900016784668,1667100
2023-04-05,EWW,59.29999923706055,59.400001525878906,57.81999969482422,58.06999969482422,2082500
2023-04-06,EWW,58.15999984741211,59.09000015258789,57.810001373291016,58.630001068115234,1571700
2023-04-10,EWW,58.5,59.470001220703125,58.34000015258789,59.09000015258789,1469500
2023-04-11,EWW,59.58000183105469,59.880001068115234,59.220001220703125,59.470001220703125,1673400
2023-04-12,EWW,59.939998626708984,60.2599983215332,59.31999969482422,59.61000061035156,2153600
2023-04-13,EWW,59.790000915527344,60.52000045776367,59.7400016784668,60.43000030517578,1764000
2023-04-14,EWW,60.119998931884766,60.310001373291016,59.400001525878906,59.849998474121094,1863300
2023-04-17,EWW,59.90999984741211,60.33000183105469,59.66999816894531,60.31999969482422,1149200
2023-04-18,EWW,60.43000030517578,60.5,59.599998474121094,59.709999084472656,1483800
2023-04-19,EWW,59.349998474121094,60.040000915527344,59.290000915527344,59.63999938964844,1187800
2023-04-20,EWW,59.33000183105469,60.220001220703125,59.220001220703125,59.97999954223633,1473400
2023-04-21,EWW,59.7599983215332,59.9900016784668,59.209999084472656,59.95000076293945,1932200
2023-04-24,EWW,59.84000015258789,60.459999084472656,59.779998779296875,60.369998931884766,1117500
2023-04-25,EWW,60.20000076293945,60.459999084472656,59.459999084472656,59.58000183105469,1775000
2023-04-26,EWW,59.5,59.880001068115234,58.900001525878906,58.91999816894531,1578500
2023-04-27,EWW,59.15999984741211,59.88999938964844,59.15999984741211,59.810001373291016,1264600
2023-04-28,EWW,59.95000076293945,60.90999984741211,59.939998626708984,60.880001068115234,2104000
2023-05-01,EWW,60.939998626708984,61.619998931884766,60.779998779296875,61.08000183105469,2060700
2023-05-02,EWW,60.91999816894531,61.040000915527344,60.189998626708984,60.72999954223633,2898700
2023-05-03,EWW,60.939998626708984,61.400001525878906,60.630001068115234,60.7599983215332,2303500
2023-05-04,EWW,60.95000076293945,61.459999084472656,60.400001525878906,60.56999969482422,1640500
2023-05-05,EWW,60.849998474121094,61.45000076293945,60.779998779296875,61.25,1482500
2023-05-08,EWW,61.16999816894531,61.470001220703125,61.0099983215332,61.290000915527344,1075100
2023-05-09,EWW,61.150001525878906,61.91999816894531,61.06999969482422,61.86000061035156,1384100
2023-05-10,EWW,62.45000076293945,62.95000076293945,62.06999969482422,62.88999938964844,3280500
2023-05-11,EWW,62.650001525878906,62.65999984741211,61.709999084472656,62.209999084472656,3548400
2023-05-12,EWW,62.209999084472656,62.459999084472656,61.72999954223633,62.119998931884766,1605000
2023-05-15,EWW,62.27000045776367,63.189998626708984,61.91999816894531,63.130001068115234,2036900
2023-05-16,EWW,62.810001373291016,63.33000183105469,62.72999954223633,62.75,1183100
2023-05-17,EWW,62.279998779296875,62.70000076293945,61.97999954223633,62.349998474121094,1987900
2023-05-18,EWW,62.040000915527344,62.209999084472656,61.66999816894531,62.15999984741211,2068700
2023-05-19,EWW,62.2599983215332,62.52000045776367,60.790000915527344,60.939998626708984,1815200
2023-05-22,EWW,60.5099983215332,61.02000045776367,59.56999969482422,59.599998474121094,3495100
2023-05-23,EWW,59.34000015258789,59.7400016784668,58.77000045776367,58.88999938964844,3062200
2023-05-24,EWW,59.61000061035156,59.86000061035156,59.310001373291016,59.720001220703125,3461300
2023-05-25,EWW,59.880001068115234,60.13999938964844,59.25,60.0,2314000
2023-05-26,EWW,60.52000045776367,61.279998779296875,60.310001373291016,61.220001220703125,2099700
2023-05-30,EWW,61.689998626708984,61.79999923706055,59.91999816894531,60.2400016784668,3680700
2023-05-31,EWW,59.91999816894531,60.369998931884766,59.29999923706055,59.849998474121094,3365700
2023-06-01,EWW,59.88999938964844,60.43000030517578,59.790000915527344,60.15999984741211,1801700
2023-06-02,EWW,60.599998474121094,61.119998931884766,60.459999084472656,60.65999984741211,2644000
2023-06-05,EWW,60.81999969482422,61.380001068115234,60.65999984741211,61.25,1841500
2023-06-06,EWW,61.150001525878906,62.439998626708984,61.130001068115234,62.38999938964844,2251400
2023-06-07,EWW,62.20000076293945,62.63999938964844,61.86000061035156,61.93000030517578,2294500
2023-06-08,EWW,61.93000030517578,62.29999923706055,61.5099983215332,62.20000076293945,1502000
2023-06-09,EWW,62.5099983215332,63.20000076293945,62.47999954223633,62.91999816894531,2124500
2023-06-12,EWW,62.900001525878906,62.939998626708984,62.38999938964844,62.619998931884766,1185300
2023-06-13,EWW,62.709999084472656,63.189998626708984,62.459999084472656,63.09000015258789,1788200
2023-06-14,EWW,63.31999969482422,64.22000122070312,63.2599983215332,64.08000183105469,2193600
2023-06-15,EWW,64.11000061035156,64.4000015258789,63.709999084472656,64.33999633789062,2482100
2023-06-16,EWW,64.26000213623047,64.31999969482422,63.869998931884766,64.0999984741211,1845400
2023-06-20,EWW,63.70000076293945,64.0,62.79999923706055,62.869998931884766,2214300
2023-06-21,EWW,62.90999984741211,62.970001220703125,62.33000183105469,62.77000045776367,1988500
2023-06-22,EWW,62.66999816894531,62.66999816894531,61.900001525878906,62.0099983215332,2744300
2023-06-23,EWW,61.70000076293945,61.84000015258789,61.380001068115234,61.65999984741211,1613300
2023-06-26,EWW,61.79999923706055,62.0099983215332,61.58000183105469,61.75,1613600
2023-06-27,EWW,62.20000076293945,62.93000030517578,61.91999816894531,62.810001373291016,3258500
2023-06-28,EWW,62.75,62.90999984741211,61.970001220703125,62.36000061035156,2615600
2023-06-29,EWW,62.25,62.63999938964844,62.0099983215332,62.529998779296875,1784800
2023-06-30,EWW,61.97999954223633,62.869998931884766,61.88999938964844,62.18000030517578,3645400
2023-07-03,EWW,62.41999816894531,63.2599983215332,62.40999984741211,63.09000015258789,1583000
2023-07-05,EWW,62.84000015258789,63.40999984741211,62.81999969482422,63.209999084472656,1512500
2023-07-06,EWW,62.4900016784668,62.95000076293945,61.060001373291016,61.66999816894531,2812900
2023-07-07,EWW,61.90999984741211,63.130001068115234,61.75,62.61000061035156,2247300
2023-07-10,EWW,62.599998474121094,62.939998626708984,62.40999984741211,62.619998931884766,1494600
2023-07-11,EWW,62.72999954223633,63.29999923706055,62.15999984741211,63.20000076293945,1936400
2023-07-12,EWW,64.11000061035156,64.29000091552734,63.52000045776367,63.54999923706055,2743000
2023-07-13,EWW,63.630001068115234,64.56999969482422,63.630001068115234,64.2300033569336,3270800
2023-07-14,EWW,64.13999938964844,64.2699966430664,63.58000183105469,63.90999984741211,1416600
2023-07-17,EWW,63.54999923706055,63.90999984741211,62.9900016784668,63.880001068115234,1628400
2023-07-18,EWW,63.880001068115234,64.44000244140625,63.59000015258789,64.22000122070312,1137300
2023-07-19,EWW,64.33000183105469,64.63999938964844,63.83000183105469,63.959999084472656,1380200
2023-07-20,EWW,63.79999923706055,63.880001068115234,63.0,63.130001068115234,1542100
2023-07-21,EWW,63.130001068115234,63.40999984741211,62.65999984741211,62.900001525878906,1326700
2023-07-24,EWW,63.16999816894531,63.560001373291016,62.70000076293945,63.369998931884766,1556700
2023-07-25,EWW,63.40999984741211,63.63999938964844,63.16999816894531,63.400001525878906,1342000
2023-07-26,EWW,63.5,64.36000061035156,63.2599983215332,64.33000183105469,1374600
2023-07-27,EWW,64.83999633789062,65.08000183105469,64.2699966430664,64.33000183105469,2969100
2023-07-28,EWW,65.43000030517578,65.7300033569336,64.91000366210938,65.36000061035156,1570800
2023-07-31,EWW,65.36000061035156,65.58999633789062,64.80000305175781,65.02999877929688,1989000
2023-08-01,EWW,64.75,64.98999786376953,63.59000015258789,63.63999938964844,2562000
2023-08-02,EWW,63.15999984741211,63.209999084472656,61.86000061035156,61.959999084472656,3120900
2023-08-03,EWW,61.11000061035156,61.290000915527344,60.47999954223633,61.20000076293945,3823900
2023-08-04,EWW,61.86000061035156,62.91999816894531,61.790000915527344,62.7599983215332,2775200
2023-08-07,EWW,62.849998474121094,63.130001068115234,62.36000061035156,63.0,1904000
2023-08-08,EWW,62.4900016784668,62.5099983215332,61.52000045776367,62.369998931884766,2111600
2023-08-09,EWW,62.31999969482422,63.119998931884766,62.119998931884766,63.029998779296875,1244100
2023-08-10,EWW,63.41999816894531,63.84000015258789,62.689998626708984,62.790000915527344,1518400
2023-08-11,EWW,62.310001373291016,63.0,61.93000030517578,62.04999923706055,2941000
2023-08-14,EWW,61.81999969482422,62.22999954223633,61.2599983215332,61.9900016784668,1761800
2023-08-15,EWW,61.84000015258789,62.400001525878906,61.41999816894531,62.11000061035156,2309700
2023-08-16,EWW,62.029998779296875,62.7400016784668,61.900001525878906,62.22999954223633,2221200
2023-08-17,EWW,62.68000030517578,62.68000030517578,61.470001220703125,61.54999923706055,2344500
2023-08-18,EWW,61.5,62.06999969482422,61.119998931884766,61.849998474121094,1879700
2023-08-21,EWW,61.83000183105469,61.970001220703125,61.349998474121094,61.7400016784668,1237000
2023-08-22,EWW,62.20000076293945,62.29999923706055,61.88999938964844,62.040000915527344,1623900
2023-08-23,EWW,62.470001220703125,63.439998626708984,62.439998626708984,63.36000061035156,2325700
2023-08-24,EWW,63.2599983215332,63.38999938964844,62.33000183105469,62.459999084472656,2108100
2023-08-25,EWW,62.70000076293945,63.189998626708984,62.189998626708984,62.849998474121094,2262000
2023-08-28,EWW,63.2400016784668,63.689998626708984,62.939998626708984,63.20000076293945,1504300
2023-08-29,EWW,63.29999923706055,64.04000091552734,62.70000076293945,63.939998626708984,1432800
2023-08-30,EWW,64.08000183105469,64.48999786376953,63.869998931884766,64.26000213623047,1679000
2023-08-31,EWW,64.31999969482422,64.31999969482422,61.540000915527344,61.65999984741211,5731900
2023-09-01,EWW,62.130001068115234,62.56999969482422,61.22999954223633,61.459999084472656,3066500
2023-09-05,EWW,60.9900016784668,61.29999923706055,59.959999084472656,60.060001373291016,2455000
2023-09-06,EWW,59.65999984741211,60.06999969482422,59.400001525878906,59.689998626708984,2264200
2023-09-07,EWW,59.68000030517578,59.86000061035156,59.040000915527344,59.060001373291016,1248000
2023-09-08,EWW,59.150001525878906,59.79999923706055,59.11000061035156,59.380001068115234,1812200
2023-09-11,EWW,59.72999954223633,60.380001068115234,59.720001220703125,60.220001220703125,1866200
2023-09-12,EWW,60.0,60.290000915527344,59.720001220703125,59.95000076293945,2564500
2023-09-13,EWW,60.31999969482422,60.369998931884766,59.72999954223633,59.91999816894531,2670500
2023-09-14,EWW,60.27000045776367,60.63999938964844,59.869998931884766,60.27000045776367,2003100
2023-09-15,EWW,60.36000061035156,60.36000061035156,59.599998474121094,59.90999984741211,2662200
2023-09-18,EWW,59.709999084472656,60.150001525878906,59.18000030517578,60.130001068115234,2486200
2023-09-19,EWW,60.15999984741211,60.88999938964844,59.93000030517578,60.81999969482422,1865700
2023-09-20,EWW,60.970001220703125,61.7599983215332,60.869998931884766,61.11000061035156,2030500
2023-09-21,EWW,60.72999954223633,60.810001373291016,59.939998626708984,59.970001220703125,2406700
2023-09-22,EWW,60.34000015258789,60.56999969482422,59.970001220703125,59.97999954223633,2074000
2023-09-25,EWW,59.5,59.66999816894531,58.7599983215332,58.83000183105469,2105000
2023-09-26,EWW,58.38999938964844,58.90999984741211,58.11000061035156,58.16999816894531,2054000
2023-09-27,EWW,58.08000183105469,58.38999938964844,57.4900016784668,57.959999084472656,2409200
2023-09-28,EWW,57.72999954223633,58.66999816894531,57.72999954223633,58.470001220703125,2261900
2023-09-29,EWW,59.150001525878906,59.470001220703125,58.09000015258789,58.22999954223633,1998500
2023-10-02,EWW,57.939998626708984,58.13999938964844,57.0099983215332,57.68000030517578,3234100
2023-10-03,EWW,57.369998931884766,57.7400016784668,55.720001220703125,55.7599983215332,4422700
2023-10-04,EWW,56.25,56.25,55.13999938964844,56.18000030517578,2560700
2023-10-05,EWW,55.0,55.0,53.18000030517578,54.20000076293945,6086000
2023-10-06,EWW,53.72999954223633,55.04999923706055,52.970001220703125,54.709999084472656,3241900
2023-10-09,EWW,54.209999084472656,54.58000183105469,53.5099983215332,54.25,2652200
2023-10-10,EWW,54.72999954223633,56.290000915527344,54.560001373291016,56.22999954223633,2855400
2023-10-11,EWW,56.58000183105469,56.70000076293945,56.119998931884766,56.459999084472656,2450200
2023-10-12,EWW,56.68000030517578,56.68000030517578,55.0099983215332,55.400001525878906,3526600
2023-10-13,EWW,55.810001373291016,55.880001068115234,54.689998626708984,54.84000015258789,2546500
2023-10-16,EWW,55.150001525878906,55.939998626708984,55.0099983215332,55.869998931884766,2185100
2023-10-17,EWW,55.31999969482422,55.88999938964844,55.04999923706055,55.31999969482422,2331700
2023-10-18,EWW,54.93000030517578,55.040000915527344,53.83000183105469,54.220001220703125,3174000
2023-10-19,EWW,54.0099983215332,54.369998931884766,53.5,53.720001220703125,3786400
2023-10-20,EWW,53.33000183105469,53.77000045776367,53.11000061035156,53.27000045776367,1814400
2023-10-23,EWW,52.880001068115234,53.7400016784668,52.43000030517578,53.34000015258789,2049500
2023-10-24,EWW,53.34000015258789,53.77000045776367,53.0099983215332,53.209999084472656,1959700
2023-10-25,EWW,52.84000015258789,53.66999816894531,52.79999923706055,53.439998626708984,2747800
2023-10-26,EWW,53.29999923706055,54.779998779296875,53.27000045776367,54.58000183105469,2260600
2023-10-27,EWW,54.9900016784668,55.40999984741211,54.400001525878906,54.529998779296875,3796300
2023-10-30,EWW,54.79999923706055,55.43000030517578,54.619998931884766,54.95000076293945,1449000
2023-10-31,EWW,54.869998931884766,55.040000915527344,54.34000015258789,54.79999923706055,2496300
2023-11-01,EWW,55.08000183105469,56.61000061035156,54.9900016784668,56.5,2398400
2023-11-02,EWW,57.52000045776367,59.11000061035156,57.38999938964844,58.959999084472656,5321100
2023-11-03,EWW,59.150001525878906,60.65999984741211,59.150001525878906,59.529998779296875,4579300
2023-11-06,EWW,59.599998474121094,60.349998474121094,59.38999938964844,59.689998626708984,3476900
2023-11-07,EWW,59.90999984741211,59.90999984741211,58.939998626708984,59.189998626708984,1887300
2023-11-08,EWW,59.2599983215332,59.68000030517578,58.7400016784668,58.84000015258789,1450400
2023-11-09,EWW,59.08000183105469,59.279998779296875,57.86000061035156,57.88999938964844,2234100
2023-11-10,EWW,58.2599983215332,59.060001373291016,57.84000015258789,59.0099983215332,1841800
2023-11-13,EWW,58.7400016784668,59.27000045776367,58.4900016784668,58.93000030517578,1146000
2023-11-14,EWW,60.060001373291016,61.470001220703125,60.0,61.43000030517578,2767300
2023-11-15,EWW,61.58000183105469,62.0,61.380001068115234,61.880001068115234,2163600
2023-11-16,EWW,62.029998779296875,62.16999816894531,61.36000061035156,61.619998931884766,1415200
2023-11-17,EWW,61.709999084472656,62.349998474121094,61.650001525878906,62.09000015258789,1691300
2023-11-20,EWW,62.34000015258789,62.959999084472656,62.11000061035156,62.84000015258789,1178300
2023-11-21,EWW,62.720001220703125,62.720001220703125,61.689998626708984,62.04999923706055,2044700
2023-11-22,EWW,62.08000183105469,62.59000015258789,62.029998779296875,62.27000045776367,910000
2023-11-24,EWW,62.959999084472656,63.0,62.41999816894531,62.4900016784668,873400
2023-11-27,EWW,63.0099983215332,63.119998931884766,61.90999984741211,61.9900016784668,1589200
2023-11-28,EWW,61.9900016784668,62.65999984741211,61.93000030517578,62.45000076293945,1264900
2023-11-29,EWW,62.220001220703125,62.56999969482422,61.970001220703125,62.06999969482422,972300
2023-11-30,EWW,61.810001373291016,63.33000183105469,61.369998931884766,63.2400016784668,3256900
2023-12-01,EWW,63.68000030517578,63.95000076293945,63.130001068115234,63.79999923706055,2887900
2023-12-04,EWW,63.470001220703125,63.900001525878906,62.619998931884766,62.91999816894531,2341700
2023-12-05,EWW,62.959999084472656,63.529998779296875,62.220001220703125,63.41999816894531,1149500
2023-12-06,EWW,63.959999084472656,64.31999969482422,63.720001220703125,63.790000915527344,2053500
2023-12-07,EWW,63.970001220703125,63.97999954223633,63.13999938964844,63.540000915527344,1179800
2023-12-08,EWW,63.900001525878906,64.06999969482422,63.439998626708984,63.93000030517578,1341700
2023-12-11,EWW,63.66999816894531,64.01000213623047,63.529998779296875,63.939998626708984,1235800
2023-12-12,EWW,64.04000091552734,64.52999877929688,63.209999084472656,64.51000213623047,2060400
2023-12-13,EWW,64.44999694824219,65.58999633789062,63.810001373291016,65.37999725341797,3001400
2023-12-14,EWW,65.30000305175781,67.83000183105469,65.01000213623047,67.81999969482422,4629400
2023-12-15,EWW,67.77999877929688,68.26000213623047,67.29000091552734,67.70999908447266,4182100
2023-12-18,EWW,68.11000061035156,68.8499984741211,67.02999877929688,68.62000274658203,3491700
2023-12-19,EWW,68.94999694824219,69.72000122070312,68.56999969482422,68.81999969482422,3059000
2023-12-20,EWW,67.7699966430664,68.04000091552734,66.5,66.55999755859375,2585500
2023-12-21,EWW,66.93000030517578,67.94999694824219,66.93000030517578,67.8499984741211,2418400
2023-12-22,EWW,68.33999633789062,68.41999816894531,67.5999984741211,67.80999755859375,1402500
2023-12-26,EWW,68.30000305175781,68.69999694824219,68.0199966430664,68.30999755859375,1151900
2023-12-27,EWW,68.68000030517578,68.79000091552734,68.13999938964844,68.45999908447266,2047200
2023-12-28,EWW,68.61000061035156,68.69999694824219,67.9000015258789,67.95999908447266,1481400
2023-12-29,EWW,68.33000183105469,68.38999938964844,67.81999969482422,67.8499984741211,1462500
2024-01-02,EWW,67.38999938964844,67.88999938964844,66.75,67.19999694824219,2233500
2024-01-03,EWW,67.05999755859375,67.1500015258789,65.62999725341797,65.66999816894531,5388400
2024-01-04,EWW,65.70999908447266,65.95999908447266,65.0199966430664,65.33999633789062,3610800
2024-01-05,EWW,65.7300033569336,67.01000213623047,65.6500015258789,66.87999725341797,2779800
2024-01-08,EWW,66.87000274658203,67.27999877929688,66.69999694824219,66.98999786376953,2632700
2024-01-09,EWW,66.44999694824219,66.52999877929688,65.20999908447266,65.23999786376953,2704300
2024-01-10,EWW,65.29000091552734,65.68000030517578,65.08000183105469,65.52999877929688,1667600
2024-01-11,EWW,65.56999969482422,66.1500015258789,65.1500015258789,66.02999877929688,2420800
2024-01-12,EWW,66.6500015258789,66.73999786376953,66.20999908447266,66.3499984741211,2943100
2024-01-16,EWW,65.0,65.44999694824219,64.27999877929688,64.41999816894531,3082900
2024-01-17,EWW,64.04000091552734,64.04000091552734,63.040000915527344,63.630001068115234,3240500
2024-01-18,EWW,63.79999923706055,63.959999084472656,63.20000076293945,63.939998626708984,2316200
2024-01-19,EWW,64.16000366210938,65.19000244140625,63.810001373291016,65.12000274658203,2089000
2024-01-22,EWW,65.19000244140625,65.29000091552734,63.83000183105469,64.04000091552734,1615000
2024-01-23,EWW,64.33000183105469,64.5199966430664,63.689998626708984,64.44000244140625,1503100
2024-01-24,EWW,65.25,65.44999694824219,64.37999725341797,64.43000030517578,3041500
2024-01-25,EWW,64.8499984741211,65.6500015258789,63.849998474121094,65.48999786376953,2326300
2024-01-26,EWW,65.5999984741211,66.76000213623047,65.44999694824219,66.38999938964844,2754800
2024-01-29,EWW,66.61000061035156,66.61000061035156,65.91000366210938,66.37999725341797,1908500
2024-01-30,EWW,66.08000183105469,67.16999816894531,66.06999969482422,67.02999877929688,1776800
2024-01-31,EWW,66.88999938964844,67.5199966430664,66.52999877929688,66.66000366210938,2088500
2024-02-01,EWW,66.76000213623047,68.12999725341797,66.69999694824219,67.63999938964844,2775300
2024-02-02,EWW,67.18000030517578,68.01000213623047,67.11000061035156,67.94000244140625,2337100
2024-02-05,EWW,67.58000183105469,68.08999633789062,66.9800033569336,67.5999984741211,1322100
2024-02-06,EWW,67.98999786376953,69.2699966430664,67.73999786376953,68.91999816894531,3568500
2024-02-07,EWW,69.12000274658203,69.38999938964844,68.52999877929688,68.80999755859375,1783000
2024-02-08,EWW,68.76000213623047,68.76000213623047,67.41000366210938,67.52999877929688,1819700
2024-02-09,EWW,67.77999877929688,67.94000244140625,67.37999725341797,67.41999816894531,1747300
2024-02-12,EWW,67.5199966430664,68.16999816894531,67.37000274658203,67.54000091552734,1577600
2024-02-13,EWW,66.66000366210938,67.20999908447266,66.29000091552734,66.55000305175781,2423900
2024-02-14,EWW,67.37999725341797,67.44000244140625,66.91999816894531,67.31999969482422,1904600
2024-02-15,EWW,67.37000274658203,67.97000122070312,67.30000305175781,67.58000183105469,1814700
2024-02-16,EWW,67.47000122070312,67.58999633789062,67.06999969482422,67.30000305175781,2354300
2024-02-20,EWW,67.80999755859375,68.08999633789062,67.11000061035156,67.30999755859375,1715600
2024-02-21,EWW,67.54000091552734,67.54000091552734,66.79000091552734,67.12000274658203,2412500
2024-02-22,EWW,67.69999694824219,67.69999694824219,66.5,67.19999694824219,2355100
2024-02-23,EWW,67.30000305175781,67.30000305175781,66.22000122070312,66.52999877929688,2570200
2024-02-26,EWW,66.52999877929688,66.52999877929688,65.91999816894531,66.16999816894531,1934800
2024-02-27,EWW,66.16000366210938,66.43000030517578,65.91999816894531,66.12000274658203,2635700
2024-02-28,EWW,65.62000274658203,65.94999694824219,64.48999786376953,64.88999938964844,2309000
2024-02-29,EWW,65.08000183105469,65.5,64.70999908447266,65.23999786376953,3238200
2024-03-01,EWW,65.23999786376953,66.16999816894531,64.93000030517578,65.63999938964844,3833600
2024-03-04,EWW,65.27999877929688,66.08999633789062,65.27999877929688,65.62999725341797,1271200
2024-03-05,EWW,65.41999816894531,66.08000183105469,65.31999969482422,65.87999725341797,2075200
2024-03-06,EWW,66.36000061035156,66.58000183105469,65.69000244140625,65.69000244140625,2066300
2024-03-07,EWW,66.0,66.0999984741211,65.45999908447266,65.58999633789062,1436900
2024-03-08,EWW,65.69000244140625,66.27999877929688,65.41999816894531,65.58999633789062,2125000
2024-03-11,EWW,65.58000183105469,66.25,65.37000274658203,65.83999633789062,1911800
2024-03-12,EWW,65.87000274658203,65.9800033569336,65.16000366210938,65.52999877929688,1869500
2024-03-13,EWW,65.62000274658203,67.2300033569336,65.52999877929688,67.16999816894531,3551000
2024-03-14,EWW,67.20999908447266,67.72000122070312,66.91999816894531,67.2699966430664,2730800
2024-03-15,EWW,67.02999877929688,67.91000366210938,66.69000244140625,66.94999694824219,3804000
2024-03-18,EWW,67.16999816894531,67.45999908447266,66.5199966430664,66.94999694824219,1539100
2024-03-19,EWW,66.66999816894531,66.68000030517578,65.94000244140625,66.05999755859375,2836100
2024-03-20,EWW,66.06999969482422,68.18000030517578,65.83000183105469,67.91000366210938,2691700
2024-03-21,EWW,67.75,68.0199966430664,67.2699966430664,67.62999725341797,1484600
2024-03-22,EWW,67.62000274658203,67.88999938964844,67.30999755859375,67.4800033569336,2649600
2024-03-25,EWW,67.55000305175781,67.94000244140625,67.26000213623047,67.58999633789062,1008600
2024-03-26,EWW,67.7699966430664,68.66000366210938,67.41000366210938,68.45999908447266,1346000
2024-03-27,EWW,68.80000305175781,69.41000366210938,68.37999725341797,69.08000183105469,1636400
2024-03-28,EWW,69.37999725341797,69.69999694824219,69.05999755859375,69.30999755859375,1013800
2024-04-01,EWW,69.4800033569336,69.62000274658203,68.45999908447266,68.91999816894531,1253500
2024-04-02,EWW,69.2300033569336,69.38999938964844,68.7699966430664,69.18000030517578,2187500
2024-04-03,EWW,69.06999969482422,69.86000061035156,68.83000183105469,69.0199966430664,1236600
2024-04-04,EWW,69.76000213623047,70.20999908447266,69.19000244140625,69.30000305175781,2241300
2024-04-05,EWW,70.12000274658203,70.37000274658203,69.66999816894531,70.31999969482422,2234300
2024-04-08,EWW,70.75,70.9000015258789,70.22000122070312,70.56999969482422,1466700
2024-04-09,EWW,70.5999984741211,71.12000274658203,69.5999984741211,69.80999755859375,2771700
2024-04-10,EWW,69.05000305175781,69.12000274658203,67.97000122070312,68.44000244140625,3205000
2024-04-11,EWW,68.69000244140625,68.69000244140625,68.01000213623047,68.66999816894531,1966200
2024-04-12,EWW,67.80000305175781,68.05999755859375,67.30000305175781,67.41999816894531,2859000
2024-04-15,EWW,67.72000122070312,67.79000091552734,66.41999816894531,66.54000091552734,1801100
2024-04-16,EWW,65.81999969482422,65.81999969482422,64.73999786376953,64.87000274658203,2859200
2024-04-17,EWW,65.66999816894531,65.87000274658203,64.72000122070312,64.91999816894531,2511000
2024-04-18,EWW,64.95999908447266,65.2699966430664,64.52999877929688,64.91999816894531,1441700
2024-04-19,EWW,64.4800033569336,64.97000122070312,64.0999984741211,64.88999938964844,1572000
2024-04-22,EWW,64.5999984741211,65.66999816894531,64.44999694824219,65.5999984741211,1493200
2024-04-23,EWW,65.88999938964844,66.63999938964844,65.62999725341797,66.48999786376953,1525000
2024-04-24,EWW,66.2699966430664,66.51000213623047,65.36000061035156,65.7699966430664,2627800
2024-04-25,EWW,64.7699966430664,66.02999877929688,64.44999694824219,65.80000305175781,2279300
2024-04-26,EWW,66.44000244140625,67.05000305175781,65.80000305175781,66.8499984741211,1504600
2024-04-29,EWW,67.23999786376953,67.44999694824219,66.87999725341797,67.25,1458000
2024-04-30,EWW,66.8499984741211,67.13999938964844,65.44000244140625,65.4800033569336,1721200
2024-05-01,EWW,65.7300033569336,66.76000213623047,65.61000061035156,65.93000030517578,1216300
2024-05-02,EWW,66.51000213623047,66.81999969482422,66.02999877929688,66.13999938964844,1709300
2024-05-03,EWW,67.16999816894531,67.37000274658203,66.08999633789062,66.80000305175781,1454100
2024-05-06,EWW,67.30000305175781,67.66000366210938,67.05999755859375,67.4000015258789,1166400
2024-05-07,EWW,67.29000091552734,67.66999816894531,66.72000122070312,66.9800033569336,1305200
2024-05-08,EWW,66.44000244140625,67.37999725341797,66.41000366210938,67.05999755859375,1587200
2024-05-09,EWW,66.75,68.75,66.75,68.58999633789062,2260000
2024-05-10,EWW,68.68000030517578,69.06999969482422,68.3499984741211,68.47000122070312,1195200
2024-05-13,EWW,68.81999969482422,69.27999877929688,68.2699966430664,68.31999969482422,995200
2024-05-14,EWW,68.16000366210938,68.58000183105469,67.52999877929688,67.6500015258789,1436500
2024-05-15,EWW,68.12999725341797,69.55999755859375,68.04000091552734,68.62000274658203,3240800
2024-05-16,EWW,68.66000366210938,69.0,68.16000366210938,68.69000244140625,1194300
2024-05-17,EWW,68.9000015258789,69.2300033569336,68.55999755859375,68.95999908447266,1028500
2024-05-20,EWW,68.77999877929688,69.06999969482422,68.55999755859375,68.86000061035156,705200
2024-05-21,EWW,68.69000244140625,68.76000213623047,67.52999877929688,67.6500015258789,2594800
2024-05-22,EWW,67.61000061035156,67.69999694824219,67.04000091552734,67.41000366210938,2651400
2024-05-23,EWW,67.69000244140625,67.75,66.36000061035156,66.4800033569336,1065900
2024-05-24,EWW,66.81999969482422,66.81999969482422,65.87000274658203,65.91999816894531,1619600
2024-05-28,EWW,66.06999969482422,66.52999877929688,65.22000122070312,65.30999755859375,1392100
2024-05-29,EWW,64.76000213623047,65.12000274658203,63.720001220703125,64.63999938964844,3784100
2024-05-30,EWW,64.75,65.26000213623047,64.1500015258789,64.7699966430664,1747300
2024-05-31,EWW,64.87000274658203,65.19999694824219,64.0199966430664,64.9000015258789,2862900
2024-06-03,EWW,62.11000061035156,62.58000183105469,57.5099983215332,57.93000030517578,10860300
2024-06-04,EWW,58.04999923706055,60.09000015258789,58.04999923706055,59.470001220703125,7578700
2024-06-05,EWW,60.72999954223633,61.9900016784668,60.130001068115234,61.959999084472656,5125100
2024-06-06,EWW,61.959999084472656,63.310001373291016,59.79999923706055,60.619998931884766,6576700
2024-06-07,EWW,60.58000183105469,60.97999954223633,57.189998626708984,57.25,8330200
2024-06-10,EWW,56.91999816894531,57.84000015258789,56.63999938964844,57.84000015258789,3625500
2024-06-11,EWW,56.66999816894531,57.31999969482422,56.380001068115234,56.630001068115234,5959200
2024-06-12,EWW,56.20000076293945,56.470001220703125,55.2400016784668,55.5099983215332,6123100
2024-06-13,EWW,56.0,56.34000015258789,55.2599983215332,55.63999938964844,2865500
2024-06-14,EWW,55.18000030517578,55.84000015258789,54.880001068115234,55.61000061035156,2454800
2024-06-17,EWW,55.2400016784668,55.540000915527344,54.880001068115234,55.45000076293945,1204600
2024-06-18,EWW,56.040000915527344,57.279998779296875,56.02000045776367,56.790000915527344,3018900
2024-06-20,EWW,57.18000030517578,57.349998474121094,56.47999954223633,57.16999816894531,3015100
2024-06-21,EWW,57.470001220703125,57.720001220703125,56.95000076293945,57.27000045776367,2328300
2024-06-24,EWW,57.439998626708984,58.20000076293945,57.34000015258789,57.599998474121094,2770200
2024-06-25,EWW,57.529998779296875,57.79999923706055,56.15999984741211,57.099998474121094,2257400
2024-06-26,EWW,56.650001525878906,57.08000183105469,55.939998626708984,56.279998779296875,1658000
2024-06-27,EWW,56.439998626708984,56.619998931884766,55.81999969482422,56.209999084472656,1975400
2024-06-28,EWW,56.61000061035156,57.08000183105469,56.220001220703125,56.61000061035156,2507500
2024-07-01,EWW,56.650001525878906,57.290000915527344,56.439998626708984,57.0,1516800
2024-07-02,EWW,57.09000015258789,57.56999969482422,56.06999969482422,56.36000061035156,2743600
2024-07-03,EWW,56.720001220703125,57.970001220703125,56.720001220703125,57.7400016784668,1390900
2024-07-05,EWW,57.650001525878906,57.83000183105469,56.95000076293945,57.279998779296875,1748100
2024-07-08,EWW,57.34000015258789,58.380001068115234,57.310001373291016,58.34000015258789,1990600
2024-07-09,EWW,58.33000183105469,59.02000045776367,58.2599983215332,58.97999954223633,2268000
2024-07-10,EWW,59.439998626708984,60.41999816894531,59.2599983215332,60.290000915527344,2474000
2024-07-11,EWW,60.630001068115234,60.72999954223633,60.150001525878906,60.52000045776367,1931500
2024-07-12,EWW,60.779998779296875,61.959999084472656,60.56999969482422,61.75,2815800
2024-07-15,EWW,61.33000183105469,61.400001525878906,60.34000015258789,60.5099983215332,2909200
2024-07-16,EWW,60.77000045776367,61.150001525878906,60.45000076293945,60.970001220703125,2173700
2024-07-17,EWW,60.34000015258789,60.619998931884766,59.720001220703125,59.970001220703125,2801000
2024-07-18,EWW,59.88999938964844,60.18000030517578,58.08000183105469,58.34000015258789,3605800
2024-07-19,EWW,58.90999984741211,59.11000061035156,58.20000076293945,58.59000015258789,1977900
2024-07-22,EWW,59.16999816894531,60.04999923706055,58.880001068115234,59.650001525878906,1946100
2024-07-23,EWW,59.47999954223633,59.4900016784668,58.400001525878906,58.459999084472656,2100900
2024-07-24,EWW,58.08000183105469,58.11000061035156,57.040000915527344,57.189998626708984,2036600
2024-07-25,EWW,57.099998474121094,57.380001068115234,56.459999084472656,56.5,1783900
2024-07-26,EWW,56.810001373291016,56.95000076293945,56.040000915527344,56.619998931884766,1938800
2024-07-29,EWW,56.27000045776367,56.650001525878906,55.34000015258789,55.849998474121094,1916500
2024-07-30,EWW,55.68000030517578,55.88999938964844,55.11000061035156,55.279998779296875,1768000
2024-07-31,EWW,55.68000030517578,57.02000045776367,55.63999938964844,56.52000045776367,2122900
2024-08-01,EWW,56.77000045776367,57.119998931884766,55.0099983215332,55.16999816894531,2451000
2024-08-02,EWW,53.900001525878906,54.33000183105469,53.45000076293945,53.970001220703125,3641300
2024-08-05,EWW,51.56999969482422,53.380001068115234,50.84000015258789,52.56999969482422,4117100
2024-08-06,EWW,52.43000030517578,53.2599983215332,52.13999938964844,52.72999954223633,3467200
2024-08-07,EWW,53.90999984741211,54.540000915527344,53.540000915527344,53.88999938964844,2912900
2024-08-08,EWW,54.630001068115234,55.34000015258789,54.189998626708984,55.029998779296875,2149700
2024-08-09,EWW,55.310001373291016,55.83000183105469,55.02000045776367,55.650001525878906,1445500
2024-08-12,EWW,55.77000045776367,56.04999923706055,54.7599983215332,54.83000183105469,1761700
2024-08-13,EWW,55.150001525878906,55.86000061035156,55.0,55.81999969482422,1768400
2024-08-14,EWW,56.13999938964844,56.41999816894531,55.91999816894531,56.369998931884766,1395400
2024-08-15,EWW,56.83000183105469,57.540000915527344,56.83000183105469,57.45000076293945,1555200
2024-08-16,EWW,57.5099983215332,57.77000045776367,57.060001373291016,57.290000915527344,1326600
2024-08-19,EWW,56.79999923706055,57.36000061035156,56.63999938964844,57.04999923706055,1590200
2024-08-20,EWW,56.70000076293945,57.18000030517578,55.880001068115234,56.0099983215332,1971200
2024-08-21,EWW,55.54999923706055,55.849998474121094,54.72999954223633,54.9900016784668,3077600
2024-08-22,EWW,54.7400016784668,54.90999984741211,54.029998779296875,54.099998474121094,2328200
2024-08-23,EWW,54.63999938964844,55.81999969482422,54.56999969482422,55.43000030517578,2669300
2024-08-26,EWW,55.27000045776367,55.290000915527344,54.029998779296875,54.13999938964844,1964900
2024-08-27,EWW,53.540000915527344,53.790000915527344,52.54999923706055,52.61000061035156,2791600
2024-08-28,EWW,53.209999084472656,53.81999969482422,52.560001373291016,52.75,1719500
2024-08-29,EWW,52.75,53.099998474121094,52.18000030517578,52.84000015258789,2449500
2024-08-30,EWW,53.36000061035156,53.40999984741211,52.790000915527344,53.040000915527344,2002400
2024-09-03,EWW,52.939998626708984,53.0,51.56999969482422,52.04999923706055,5130100
2024-09-04,EWW,51.880001068115234,53.13999938964844,51.880001068115234,52.150001525878906,1705100
2024-09-05,EWW,51.88999938964844,52.599998474121094,51.70000076293945,52.0099983215332,2107600
2024-09-06,EWW,52.20000076293945,52.619998931884766,51.099998474121094,51.41999816894531,1874100
2024-09-09,EWW,52.0,52.41999816894531,51.619998931884766,51.7400016784668,1935400
2024-09-10,EWW,51.45000076293945,51.45000076293945,50.779998779296875,51.0099983215332,2772200
2024-09-11,EWW,51.369998931884766,52.29999923706055,51.25,52.130001068115234,3338100
2024-09-12,EWW,52.130001068115234,53.81999969482422,52.099998474121094,53.77000045776367,3897700
2024-09-13,EWW,53.959999084472656,54.77000045776367,53.900001525878906,54.380001068115234,2554700
2024-09-16,EWW,54.2400016784668,54.630001068115234,54.15999984741211,54.560001373291016,948200
2024-09-17,EWW,54.2599983215332,55.119998931884766,54.099998474121094,55.029998779296875,1536500
2024-09-18,EWW,54.880001068115234,55.349998474121094,54.52000045776367,54.66999816894531,2341900
2024-09-19,EWW,55.27000045776367,55.400001525878906,54.52000045776367,55.11000061035156,1517300
2024-09-20,EWW,54.88999938964844,55.09000015258789,53.869998931884766,53.97999954223633,1868400
2024-09-23,EWW,54.040000915527344,54.38999938964844,53.95000076293945,54.25,2661600
2024-09-24,EWW,54.77000045776367,55.81999969482422,54.77000045776367,55.68000030517578,2002800
2024-09-25,EWW,55.689998626708984,55.70000076293945,54.2599983215332,54.290000915527344,1872700
2024-09-26,EWW,55.2400016784668,55.88999938964844,54.77000045776367,54.88999938964844,1753200
2024-09-27,EWW,55.25,55.2599983215332,53.91999816894531,53.959999084472656,2069600
2024-09-30,EWW,54.290000915527344,54.290000915527344,53.38999938964844,53.709999084472656,1556100
2024-10-01,EWW,53.689998626708984,53.97999954223633,53.029998779296875,53.75,1669100
2024-10-02,EWW,54.25,55.02000045776367,53.58000183105469,54.40999984741211,2242000
2024-10-03,EWW,53.97999954223633,54.189998626708984,53.43000030517578,53.95000076293945,1583400
2024-10-04,EWW,54.59000015258789,56.06999969482422,54.41999816894531,55.470001220703125,2138600
2024-10-07,EWW,55.189998626708984,55.75,54.459999084472656,54.56999969482422,2602800
2024-10-08,EWW,54.70000076293945,54.880001068115234,53.7599983215332,54.20000076293945,1323800
2024-10-09,EWW,53.939998626708984,54.81999969482422,53.88999938964844,53.9900016784668,934600
2024-10-10,EWW,53.7599983215332,54.52000045776367,53.52000045776367,54.4900016784668,1998200
2024-10-11,EWW,54.5,55.11000061035156,54.310001373291016,55.06999969482422,1787900
2024-10-14,EWW,55.16999816894531,55.29999923706055,54.189998626708984,54.290000915527344,1364500
2024-10-15,EWW,54.060001373291016,54.34000015258789,53.45000076293945,53.790000915527344,2856500
2024-10-16,EWW,53.470001220703125,53.65999984741211,53.0,53.34000015258789,1476300
2024-10-17,EWW,53.470001220703125,53.689998626708984,52.93000030517578,53.58000183105469,1481200
2024-10-18,EWW,54.0,54.470001220703125,53.88999938964844,54.0,1820600
2024-10-21,EWW,53.599998474121094,53.630001068115234,53.119998931884766,53.5099983215332,1173200
2024-10-22,EWW,53.849998474121094,53.939998626708984,52.72999954223633,53.22999954223633,1860300
2024-10-23,EWW,53.060001373291016,53.41999816894531,52.619998931884766,53.31999969482422,1507700
2024-10-24,EWW,53.22999954223633,53.439998626708984,52.63999938964844,52.9900016784668,1400000
2024-10-25,EWW,52.970001220703125,53.29999923706055,52.45000076293945,52.58000183105469,1518100
2024-10-28,EWW,52.38999938964844,52.849998474121094,52.15999984741211,52.58000183105469,856700
2024-10-29,EWW,52.369998931884766,52.720001220703125,51.84000015258789,51.88999938964844,1722200
2024-10-30,EWW,51.599998474121094,51.91999816894531,51.369998931884766,51.529998779296875,1545200
2024-10-31,EWW,51.650001525878906,51.93000030517578,51.439998626708984,51.91999816894531,1643900
2024-11-01,EWW,52.0,52.310001373291016,51.060001373291016,51.11000061035156,2743600
2024-11-04,EWW,51.880001068115234,52.58000183105469,51.560001373291016,51.790000915527344,2553500
2024-11-05,EWW,51.720001220703125,51.9900016784668,50.540000915527344,51.72999954223633,2384400
2024-11-06,EWW,49.52000045776367,52.54999923706055,48.650001525878906,52.33000183105469,7647600
2024-11-07,EWW,53.20000076293945,54.0,52.97999954223633,53.70000076293945,4278600
2024-11-08,EWW,53.16999816894531,53.2400016784668,51.630001068115234,52.189998626708984,2778300
2024-11-11,EWW,51.75,51.77000045776367,51.02000045776367,51.5099983215332,1577300
2024-11-12,EWW,51.060001373291016,51.34000015258789,50.279998779296875,50.58000183105469,2416100
2024-11-13,EWW,50.5,50.70000076293945,50.11000061035156,50.41999816894531,2094400
2024-11-14,EWW,50.52000045776367,50.709999084472656,50.11000061035156,50.45000076293945,2358500
2024-11-15,EWW,50.290000915527344,50.880001068115234,50.220001220703125,50.47999954223633,1674300
2024-11-18,EWW,50.47999954223633,51.27000045776367,50.47999954223633,50.970001220703125,1217400
2024-11-19,EWW,50.619998931884766,51.540000915527344,50.369998931884766,50.93000030517578,2827000
2024-11-20,EWW,50.5,50.709999084472656,50.119998931884766,50.290000915527344,1747200
2024-11-21,EWW,50.29999923706055,50.540000915527344,50.0,50.099998474121094,1111100
2024-11-22,EWW,49.970001220703125,50.189998626708984,49.56999969482422,50.130001068115234,2103800
2024-11-25,EWW,50.70000076293945,51.0,50.2400016784668,50.290000915527344,1765800
2024-11-26,EWW,49.099998474121094,49.790000915527344,48.72999954223633,48.95000076293945,3600900
2024-11-27,EWW,48.93000030517578,49.380001068115234,48.650001525878906,49.13999938964844,2820100
2024-11-29,EWW,49.709999084472656,50.4900016784668,49.599998474121094,50.27000045776367,2503900
2024-12-02,EWW,49.619998931884766,50.4900016784668,49.470001220703125,50.349998474121094,1590100
2024-12-03,EWW,50.4900016784668,51.060001373291016,50.34000015258789,50.880001068115234,1820000
2024-12-04,EWW,50.900001525878906,51.5,50.720001220703125,51.349998474121094,1833000
2024-12-05,EWW,51.45000076293945,52.2599983215332,51.41999816894531,52.08000183105469,2253500
2024-12-06,EWW,52.2599983215332,52.2599983215332,51.5,51.70000076293945,2524600
2024-12-09,EWW,52.099998474121094,52.970001220703125,51.83000183105469,52.5,2494000
2024-12-10,EWW,52.720001220703125,52.84000015258789,51.65999984741211,51.959999084472656,1969900
2024-12-11,EWW,51.9900016784668,52.189998626708984,51.439998626708984,52.040000915527344,1408300
2024-12-12,EWW,51.88999938964844,52.099998474121094,51.27000045776367,51.470001220703125,1613500
2024-12-13,EWW,51.5,52.45000076293945,51.470001220703125,52.43000030517578,1829200
2024-12-16,EWW,52.459999084472656,52.459999084472656,51.40999984741211,51.41999816894531,1506600
2024-12-17,EWW,49.63999938964844,49.86000061035156,49.34000015258789,49.619998931884766,1974700
2024-12-18,EWW,49.619998931884766,49.790000915527344,48.279998779296875,48.45000076293945,2526400
2024-12-19,EWW,48.66999816894531,48.97999954223633,47.869998931884766,47.959999084472656,3000800
2024-12-20,EWW,48.11000061035156,49.08000183105469,48.11000061035156,48.869998931884766,2679800
2024-12-23,EWW,48.68000030517578,48.83000183105469,47.849998474121094,48.2599983215332,1708100
2024-12-24,EWW,48.43000030517578,48.68000030517578,48.13999938964844,48.40999984741211,623400
2024-12-26,EWW,48.0099983215332,48.630001068115234,48.0099983215332,48.41999816894531,727800
2024-12-27,EWW,48.06999969482422,48.93000030517578,47.81999969482422,47.9900016784668,1413200
2024-12-30,EWW,47.58000183105469,47.77000045776367,46.599998474121094,46.689998626708984,1493700
2024-12-31,EWW,46.47999954223633,47.06999969482422,46.40999984741211,46.81999969482422,1659000
2025-01-02,EWW,47.279998779296875,47.88999938964844,47.0099983215332,47.720001220703125,1344100
2025-01-03,EWW,48.0099983215332,48.04999923706055,46.68000030517578,46.84000015258789,1640200
2025-01-06,EWW,47.790000915527344,48.630001068115234,47.54999923706055,48.0099983215332,2554800
2025-01-07,EWW,48.060001373291016,48.81999969482422,48.0099983215332,48.560001373291016,1636700
2025-01-08,EWW,48.11000061035156,48.220001220703125,47.54999923706055,47.93000030517578,1369300
2025-01-10,EWW,47.34000015258789,47.72999954223633,47.04999923706055,47.13999938964844,1813500
2025-01-13,EWW,46.939998626708984,47.58000183105469,46.70000076293945,47.459999084472656,3531300
2025-01-14,EWW,47.63999938964844,48.439998626708984,47.619998931884766,47.939998626708984,1805500
2025-01-15,EWW,48.650001525878906,48.75,48.13999938964844,48.540000915527344,1969200
2025-01-16,EWW,48.290000915527344,48.36000061035156,47.36000061035156,47.400001525878906,2703100
2025-01-17,EWW,47.58000183105469,48.209999084472656,47.41999816894531,47.470001220703125,2337100
2025-01-21,EWW,47.650001525878906,48.630001068115234,47.650001525878906,48.369998931884766,2557300
2025-01-22,EWW,48.540000915527344,49.66999816894531,48.220001220703125,49.25,4270600
2025-01-23,EWW,49.400001525878906,50.02000045776367,48.77000045776367,49.599998474121094,2230600
2025-01-24,EWW,50.06999969482422,50.38999938964844,49.86000061035156,50.060001373291016,2332900
2025-01-27,EWW,49.16999816894531,49.709999084472656,48.88999938964844,49.290000915527344,2298700
2025-01-28,EWW,49.31999969482422,49.9900016784668,49.290000915527344,49.650001525878906,1922300
2025-01-29,EWW,49.43000030517578,49.83000183105469,49.08000183105469,49.7599983215332,2355100
2025-01-30,EWW,50.0,50.869998931884766,49.41999816894531,50.02000045776367,5618400
2025-01-31,EWW,49.91999816894531,50.54999923706055,48.72999954223633,48.97999954223633,7197400
2025-02-03,EWW,47.459999084472656,50.91999816894531,47.290000915527344,50.20000076293945,7511500
2025-02-04,EWW,50.08000183105469,50.68000030517578,49.47999954223633,50.13999938964844,3783100
2025-02-05,EWW,49.61000061035156,50.4900016784668,49.18000030517578,49.56999969482422,2090700
2025-02-06,EWW,49.81999969482422,50.7400016784668,49.599998474121094,50.709999084472656,3068900
2025-02-07,EWW,50.36000061035156,50.779998779296875,50.2599983215332,50.68000030517578,2125800
2025-02-10,EWW,50.689998626708984,51.02000045776367,50.4900016784668,50.7599983215332,1237300
2025-02-11,EWW,50.880001068115234,51.369998931884766,50.33000183105469,51.279998779296875,1630000
2025-02-12,EWW,51.08000183105469,52.060001373291016,50.95000076293945,51.90999984741211,2405900
2025-02-13,EWW,52.0,52.43000030517578,51.689998626708984,52.380001068115234,2022000
2025-02-14,EWW,52.560001373291016,52.90999984741211,52.439998626708984,52.66999816894531,2361800
2025-02-18,EWW,52.900001525878906,53.439998626708984,52.65999984741211,53.220001220703125,2796000
2025-02-19,EWW,53.040000915527344,53.04999923706055,52.20000076293945,52.25,3771400
2025-02-20,EWW,52.400001525878906,52.88999938964844,52.2599983215332,52.86000061035156,2596700
2025-02-21,EWW,52.849998474121094,52.849998474121094,51.59000015258789,51.9900016784668,2539200
2025-02-24,EWW,51.83000183105469,52.189998626708984,51.15999984741211,51.66999816894531,3333000
2025-02-25,EWW,51.86000061035156,51.86000061035156,50.75,51.04999923706055,4793600
2025-02-26,EWW,51.119998931884766,51.65999984741211,50.650001525878906,51.4900016784668,2665000
2025-02-27,EWW,51.290000915527344,51.52000045776367,50.36000061035156,50.59000015258789,2441200
2025-02-28,EWW,50.59000015258789,50.880001068115234,50.06999969482422,50.52000045776367,3164600
2025-03-03,EWW,50.93000030517578,51.86000061035156,49.689998626708984,49.849998474121094,6058500
2025-03-04,EWW,49.400001525878906,50.38999938964844,48.04999923706055,50.02000045776367,4785400
2025-03-05,EWW,50.79999923706055,51.15999984741211,50.58000183105469,51.029998779296875,2942900
2025-03-06,EWW,51.11000061035156,52.11000061035156,50.849998474121094,51.45000076293945,5671200
2025-03-07,EWW,51.40999984741211,51.63999938964844,50.380001068115234,51.529998779296875,3098300
2025-03-10,EWW,51.29999923706055,51.52000045776367,49.77000045776367,50.15999984741211,3071400
2025-03-11,EWW,50.209999084472656,50.54999923706055,49.560001373291016,50.25,2491900
2025-03-12,EWW,50.54999923706055,51.04999923706055,50.189998626708984,50.97999954223633,2353300
2025-03-13,EWW,51.130001068115234,51.59000015258789,50.7599983215332,51.189998626708984,1726000
2025-03-14,EWW,51.66999816894531,52.630001068115234,51.52000045776367,52.36000061035156,3025800
2025-03-17,EWW,52.54999923706055,53.43000030517578,52.380001068115234,53.279998779296875,2739300
2025-03-18,EWW,52.900001525878906,52.900001525878906,52.150001525878906,52.40999984741211,2051600
2025-03-19,EWW,52.459999084472656,52.869998931884766,52.18000030517578,52.41999816894531,2230000
2025-03-20,EWW,51.84000015258789,52.380001068115234,51.52000045776367,52.2599983215332,1776100
2025-03-21,EWW,51.75,51.9900016784668,51.470001220703125,51.70000076293945,2007400
2025-03-24,EWW,52.189998626708984,52.380001068115234,51.7599983215332,52.040000915527344,1126800
2025-03-25,EWW,52.25,52.720001220703125,51.970001220703125,52.59000015258789,1085000
2025-03-26,EWW,52.5,52.65999984741211,51.939998626708984,52.0099983215332,1408900
2025-03-27,EWW,51.47999954223633,52.20000076293945,51.33000183105469,52.150001525878906,1149600
2025-03-28,EWW,51.900001525878906,52.08000183105469,50.95000076293945,51.619998931884766,2257400
2025-03-31,EWW,51.599998474121094,51.75,50.63999938964844,50.959999084472656,1654400
2025-04-01,EWW,50.849998474121094,52.06999969482422,50.630001068115234,52.04999923706055,2084400
2025-04-02,EWW,51.93000030517578,52.25,51.439998626708984,52.15999984741211,1576700
2025-04-03,EWW,53.400001525878906,55.220001220703125,53.130001068115234,54.2599983215332,11249700
2025-04-04,EWW,52.5,52.61000061035156,49.779998779296875,49.91999816894531,6335900
2025-04-07,EWW,48.900001525878906,50.56999969482422,48.06999969482422,48.52000045776367,5656500
2025-04-08,EWW,49.869998931884766,49.959999084472656,47.86000061035156,48.060001373291016,4250600
2025-04-09,EWW,47.63999938964844,52.040000915527344,47.189998626708984,51.86000061035156,4701300
2025-04-10,EWW,51.130001068115234,51.41999816894531,49.849998474121094,50.29999923706055,2398900
2025-04-11,EWW,50.68000030517578,51.119998931884766,50.27000045776367,50.68000030517578,2223700
2025-04-14,EWW,51.689998626708984,52.560001373291016,51.439998626708984,51.90999984741211,1924900
2025-04-15,EWW,52.43000030517578,52.810001373291016,52.11000061035156,52.189998626708984,1273700
2025-04-16,EWW,52.290000915527344,53.5099983215332,52.2599983215332,53.02000045776367,2610200
2025-04-17,EWW,53.5099983215332,55.2400016784668,53.04999923706055,54.93000030517578,3700400
2025-04-21,EWW,54.880001068115234,54.91999816894531,53.970001220703125,54.34000015258789,2335300
2025-04-22,EWW,55.0,55.70000076293945,54.81999969482422,55.5099983215332,2546400
2025-04-23,EWW,56.88999938964844,57.2599983215332,56.279998779296875,56.5099983215332,3115400
2025-04-24,EWW,57.04999923706055,57.880001068115234,56.709999084472656,57.34000015258789,3240700
2025-04-25,EWW,57.5,58.0,57.15999984741211,57.939998626708984,2053700
2025-04-28,EWW,58.279998779296875,58.560001373291016,57.959999084472656,58.119998931884766,3028800
2025-04-29,EWW,58.220001220703125,58.349998474121094,56.36000061035156,56.41999816894531,6977000
2025-04-30,EWW,55.779998779296875,57.09000015258789,55.68000030517578,56.970001220703125,3273400
2025-05-01,EWW,57.119998931884766,57.130001068115234,56.2599983215332,56.66999816894531,1382800
2025-05-02,EWW,57.31999969482422,57.40999984741211,56.349998474121094,56.939998626708984,1834800
2025-05-05,EWW,57.130001068115234,57.18000030517578,56.560001373291016,56.68000030517578,1064100
2025-05-06,EWW,56.040000915527344,58.439998626708984,56.0,58.38999938964844,2679700
2025-05-07,EWW,58.59000015258789,59.31999969482422,58.220001220703125,59.09000015258789,2411900
2025-05-08,EWW,59.65999984741211,59.869998931884766,58.11000061035156,58.11000061035156,2499400
2025-05-09,EWW,58.720001220703125,58.900001525878906,58.06999969482422,58.119998931884766,1256200
2025-05-12,EWW,58.380001068115234,58.52000045776367,56.93000030517578,57.84000015258789,2594300
2025-05-13,EWW,58.119998931884766,59.5,57.810001373291016,59.08000183105469,4752300
2025-05-14,EWW,59.5099983215332,59.5099983215332,58.93000030517578,59.36000061035156,1800000
2025-05-15,EWW,59.27000045776367,59.45000076293945,58.790000915527344,59.2599983215332,1558000
2025-05-16,EWW,59.5099983215332,59.7400016784668,58.810001373291016,59.5099983215332,1323600
2025-05-19,EWW,59.65999984741211,60.88999938964844,59.43000030517578,60.56999969482422,2730100
2025-05-20,EWW,60.83000183105469,61.06999969482422,60.43000030517578,60.529998779296875,1851300
2025-05-21,EWW,60.279998779296875,60.619998931884766,59.79999923706055,60.31999969482422,1814000
2025-05-22,EWW,59.91999816894531,60.459999084472656,59.63999938964844,59.83000183105469,1547000
2025-05-23,EWW,59.29999923706055,60.720001220703125,59.09000015258789,60.66999816894531,1384000
2025-05-27,EWW,60.97999954223633,62.33000183105469,60.90999984741211,61.130001068115234,1974100
2025-05-28,EWW,61.029998779296875,61.630001068115234,60.47999954223633,60.900001525878906,1079300
2025-05-29,EWW,61.400001525878906,61.619998931884766,60.90999984741211,61.22999954223633,1300900
2025-05-30,EWW,61.34000015258789,61.34000015258789,60.13999938964844,60.16999816894531,2372100
2025-06-02,EWW,60.70000076293945,61.54999923706055,60.33000183105469,60.63999938964844,1900900
2025-06-03,EWW,60.560001373291016,60.63999938964844,60.04999923706055,60.38999938964844,1550300
2025-06-04,EWW,60.56999969482422,60.91999816894531,60.25,60.25,1826600
2025-06-05,EWW,60.630001068115234,61.0099983215332,60.45000076293945,60.720001220703125,1451100
2025-06-06,EWW,60.90999984741211,61.40999984741211,59.959999084472656,61.2400016784668,1935900
2025-06-09,EWW,61.59000015258789,61.630001068115234,61.04999923706055,61.09000015258789,1150700
2025-06-10,EWW,61.2400016784668,61.43000030517578,60.900001525878906,61.36000061035156,927300
2025-06-11,EWW,61.88999938964844,62.41999816894531,61.459999084472656,61.560001373291016,1620800
2025-06-12,EWW,61.40999984741211,61.97999954223633,61.31999969482422,61.56999969482422,1041500
2025-06-13,EWW,60.43000030517578,61.529998779296875,60.349998474121094,61.060001373291016,2182500
2025-06-16,EWW,60.22999954223633,60.83000183105469,59.650001525878906,59.81999969482422,2663800
2025-06-17,EWW,59.29999923706055,59.56999969482422,58.790000915527344,58.90999984741211,1739800
2025-06-18,EWW,59.040000915527344,59.439998626708984,58.66999816894531,58.970001220703125,2526100
2025-06-20,EWW,58.61000061035156,58.650001525878906,57.91999816894531,58.11000061035156,3020500
2025-06-23,EWW,57.77000045776367,58.119998931884766,57.279998779296875,57.939998626708984,2390800
2025-06-24,EWW,58.5099983215332,59.22999954223633,58.43000030517578,59.209999084472656,1650300
2025-06-25,EWW,59.380001068115234,59.790000915527344,59.18000030517578,59.68000030517578,1167700
2025-06-26,EWW,59.9900016784668,60.5099983215332,59.43000030517578,60.310001373291016,1554200
2025-06-27,EWW,60.29999923706055,60.7599983215332,60.15999984741211,60.31999969482422,1213300
2025-06-30,EWW,60.220001220703125,60.869998931884766,60.0,60.560001373291016,1259900
2025-07-01,EWW,61.0,61.150001525878906,60.58000183105469,61.119998931884766,846400
2025-07-02,EWW,60.81999969482422,61.779998779296875,60.81999969482422,61.59000015258789,978100
2025-07-03,EWW,61.779998779296875,62.34000015258789,61.31999969482422,61.70000076293945,721200
2025-07-07,EWW,61.45000076293945,61.66999816894531,60.959999084472656,61.11000061035156,1512800
2025-07-08,EWW,61.02000045776367,61.02000045776367,60.060001373291016,60.88999938964844,1148900
2025-07-09,EWW,60.970001220703125,61.08000183105469,60.22999954223633,60.279998779296875,1047000
2025-07-10,EWW,60.29999923706055,60.43000030517578,59.75,60.290000915527344,1677600
2025-07-11,EWW,59.93000030517578,60.33000183105469,59.310001373291016,60.130001068115234,2137500
2025-07-14,EWW,59.79999923706055,60.02000045776367,59.279998779296875,59.61000061035156,1152500
2025-07-15,EWW,59.720001220703125,60.04999923706055,59.11000061035156,59.380001068115234,1058000
2025-07-16,EWW,59.439998626708984,60.09000015258789,59.25,59.77000045776367,1290400
2025-07-17,EWW,59.279998779296875,60.029998779296875,59.27000045776367,59.790000915527344,1728700
2025-07-18,EWW,59.970001220703125,60.06999969482422,59.36000061035156,59.459999084472656,838000
2025-07-21,EWW,59.70000076293945,59.91999816894531,59.119998931884766,59.2400016784668,1073100
2025-07-22,EWW,59.18000030517578,59.470001220703125,58.869998931884766,59.029998779296875,1434000
2025-07-23,EWW,59.0099983215332,60.58000183105469,59.0099983215332,60.470001220703125,1381500
2025-07-24,EWW,60.56999969482422,60.91999816894531,60.29999923706055,60.849998474121094,1141000
2025-07-25,EWW,61.0,61.20000076293945,60.34000015258789,61.04999923706055,676000
2025-07-28,EWW,60.689998626708984,60.7400016784668,59.7400016784668,60.060001373291016,1079600
2025-07-29,EWW,59.939998626708984,61.04999923706055,59.33000183105469,60.93000030517578,1848200
2025-07-30,EWW,60.68000030517578,60.880001068115234,59.88999938964844,60.16999816894531,1338000
2025-07-31,EWW,60.29999923706055,60.65999984741211,59.63999938964844,60.13999938964844,2113100
2025-08-01,EWW,59.900001525878906,60.380001068115234,59.33000183105469,59.599998474121094,1007800
2025-08-04,EWW,60.15999984741211,60.15999984741211,58.90999984741211,59.22999954223633,945300
2025-08-05,EWW,59.22999954223633,60.220001220703125,59.22999954223633,60.189998626708984,1201400
2025-08-06,EWW,60.52000045776367,61.33000183105469,60.52000045776367,60.7599983215332,1629600
2025-08-07,EWW,60.779998779296875,61.7400016784668,60.72999954223633,61.650001525878906,1217200
2025-08-08,EWW,62.0,62.20000076293945,61.56999969482422,61.63999938964844,1059800
2025-08-11,EWW,61.5099983215332,61.790000915527344,61.290000915527344,61.540000915527344,858900
2025-08-12,EWW,61.689998626708984,62.4900016784668,61.66999816894531,62.33000183105469,1474400
2025-08-13,EWW,62.43000030517578,62.5099983215332,61.869998931884766,61.9900016784668,1052300
2025-08-14,EWW,61.290000915527344,61.400001525878906,60.7400016784668,60.9900016784668,1457600
2025-08-15,EWW,61.369998931884766,61.790000915527344,61.2599983215332,61.34000015258789,852600
2025-08-18,EWW,60.9900016784668,61.27000045776367,60.70000076293945,61.189998626708984,797800
2025-08-19,EWW,60.91999816894531,61.36000061035156,60.689998626708984,61.25,1204400
2025-08-20,EWW,61.25,61.529998779296875,61.04999923706055,61.16999816894531,904500
2025-08-21,EWW,61.099998474121094,61.810001373291016,60.9900016784668,61.54999923706055,842100
2025-08-22,EWW,61.86000061035156,63.02000045776367,61.47999954223633,62.79999923706055,1378400
2025-08-25,EWW,62.70000076293945,62.900001525878906,61.68000030517578,61.709999084472656,975600
2025-08-26,EWW,61.959999084472656,62.0,61.220001220703125,61.439998626708984,1541200
2025-08-27,EWW,61.09000015258789,61.97999954223633,60.439998626708984,61.939998626708984,1539600
2025-08-28,EWW,61.88999938964844,62.84000015258789,61.779998779296875,62.52000045776367,1436500
2025-08-29,EWW,62.5099983215332,62.5099983215332,61.880001068115234,61.939998626708984,1115000
2025-09-02,EWW,61.20000076293945,62.9900016784668,61.20000076293945,62.90999984741211,1565400
2025-09-03,EWW,63.0,63.45000076293945,62.54999923706055,62.79999923706055,1419900
2025-09-04,EWW,62.529998779296875,63.130001068115234,62.31999969482422,63.06999969482422,1160300
2025-09-05,EWW,63.5099983215332,64.30000305175781,63.40999984741211,63.83000183105469,1424300
2025-09-08,EWW,64.11000061035156,64.23999786376953,63.58000183105469,64.1500015258789,1249100
2025-09-09,EWW,64.2300033569336,64.41000366210938,63.880001068115234,64.26000213623047,1528200
2025-09-10,EWW,64.4000015258789,64.69999694824219,64.16000366210938,64.27999877929688,1346800
2025-09-11,EWW,64.22000122070312,66.0199966430664,64.22000122070312,65.70999908447266,2125700
2025-09-12,EWW,65.83000183105469,66.30000305175781,65.51000213623047,66.12000274658203,1703800
2025-09-15,EWW,66.30999755859375,67.05000305175781,66.26000213623047,66.7699966430664,1304700
2025-09-16,EWW,66.91000366210938,67.0,66.4000015258789,66.80000305175781,1049700
2025-09-17,EWW,66.83000183105469,67.30000305175781,66.4000015258789,66.52999877929688,2227900
2025-09-18,EWW,66.91999816894531,66.91999816894531,65.51000213623047,65.94999694824219,1840900
2025-09-19,EWW,65.98999786376953,66.44000244140625,65.7300033569336,66.0999984741211,3285100
2025-09-22,EWW,65.86000061035156,66.93000030517578,65.58000183105469,66.9000015258789,1407500
2025-09-23,EWW,66.8499984741211,67.5,66.73999786376953,67.43000030517578,1355600
2025-09-24,EWW,67.12000274658203,67.5,66.29000091552734,66.47000122070312,2040100
2025-09-25,EWW,66.12000274658203,66.83999633789062,66.01000213623047,66.18000030517578,1404600
2025-09-26,EWW,66.55000305175781,67.4000015258789,66.5199966430664,67.13999938964844,989400
2025-09-29,EWW,67.2699966430664,67.91000366210938,67.26000213623047,67.45999908447266,1046800
2025-09-30,EWW,67.44000244140625,68.3499984741211,67.36000061035156,68.20999908447266,2166400
2025-10-01,EWW,68.25,68.70999908447266,66.56999969482422,66.77999877929688,2356300
2025-10-02,EWW,66.77999877929688,67.0,65.5199966430664,66.9000015258789,2059100
2025-10-03,EWW,66.98999786376953,67.23999786376953,66.5999984741211,66.80999755859375,897200
2025-10-06,EWW,66.77999877929688,66.79000091552734,64.93000030517578,65.44000244140625,2364200
2025-10-07,EWW,65.5,65.87999725341797,64.95999908447266,65.04000091552734,1182700
2025-10-08,EWW,65.08999633789062,65.76000213623047,65.08999633789062,65.7300033569336,1356000
2025-10-09,EWW,65.68000030517578,66.51000213623047,65.0199966430664,65.41999816894531,1876400
2025-10-10,EWW,65.51000213623047,65.79000091552734,64.18000030517578,64.38999938964844,2110300
2025-10-13,EWW,64.9000015258789,66.02999877929688,64.77999877929688,65.47000122070312,1956400
2025-10-14,EWW,64.83000183105469,65.13999938964844,64.69999694824219,64.83999633789062,2104000
2025-10-15,EWW,65.19999694824219,65.93000030517578,65.19999694824219,65.87000274658203,1930200
2025-10-16,EWW,66.13999938964844,67.48999786376953,66.0999984741211,67.05000305175781,2040400
2025-10-17,EWW,67.05000305175781,67.05000305175781,65.80999755859375,66.12999725341797,1988500
2025-10-20,EWW,66.54000091552734,66.66000366210938,65.58000183105469,65.94000244140625,1627800
2025-10-21,EWW,65.83999633789062,65.93000030517578,64.80999755859375,65.06999969482422,2604000
2025-10-22,EWW,65.16999816894531,65.79000091552734,64.9800033569336,65.51000213623047,1705300
2025-10-23,EWW,65.6500015258789,66.1500015258789,65.33000183105469,66.0199966430664,827200
2025-10-24,EWW,66.43000030517578,66.43000030517578,65.1500015258789,65.37000274658203,1177700
2025-10-27,EWW,65.63999938964844,66.62000274658203,65.5999984741211,66.33000183105469,2091800
2025-10-28,EWW,66.33000183105469,67.38999938964844,66.27999877929688,67.0999984741211,1559100
2025-10-29,EWW,67.29000091552734,67.91999816894531,66.88999938964844,67.43000030517578,965900
2025-10-30,EWW,66.9800033569336,67.06999969482422,66.63999938964844,66.7300033569336,2147100
2025-10-31,EWW,66.7699966430664,66.94000244140625,66.19999694824219,66.52999877929688,1383600
2025-11-03,EWW,67.02999877929688,67.05999755859375,66.11000061035156,66.2300033569336,1552700
2025-11-04,EWW,65.30000305175781,66.4800033569336,64.7699966430664,65.6500015258789,2030200
2025-11-05,EWW,65.83999633789062,67.52999877929688,65.80999755859375,67.18000030517578,1416400
2025-11-06,EWW,67.13999938964844,67.41000366210938,66.83000183105469,66.97000122070312,1899600
2025-11-07,EWW,67.27999877929688,67.91000366210938,66.80000305175781,67.81999969482422,2213100
2025-11-10,EWW,68.30000305175781,68.4000015258789,67.81999969482422,67.91000366210938,1021200
2025-11-11,EWW,67.91000366210938,69.43000030517578,67.91000366210938,69.33999633789062,1517400
2025-11-12,EWW,69.56999969482422,69.68000030517578,68.08999633789062,68.16000366210938,1880300
2025-11-13,EWW,68.41000366210938,68.93000030517578,67.27999877929688,67.37999725341797,1919600
2025-11-14,EWW,67.01000213623047,67.69999694824219,66.5199966430664,67.22000122070312,1246900
2025-11-17,EWW,67.05999755859375,67.33000183105469,65.7300033569336,65.87000274658203,1826900
2025-11-18,EWW,65.83000183105469,67.23999786376953,65.83000183105469,66.66999816894531,2200400
2025-11-19,EWW,66.80999755859375,67.30000305175781,66.41999816894531,66.7699966430664,1954400
2025-11-20,EWW,67.27999877929688,67.58999633789062,65.97000122070312,66.0199966430664,1722700
2025-11-21,EWW,65.77999877929688,66.56999969482422,65.58999633789062,66.04000091552734,1437400
2025-11-24,EWW,66.2300033569336,66.73999786376953,66.0,66.55000305175781,1366300
2025-11-25,EWW,66.81999969482422,67.83000183105469,66.4800033569336,67.75,1489600
2025-11-26,EWW,67.83999633789062,68.18000030517578,67.4000015258789,67.87999725341797,1320900
2025-11-28,EWW,67.5999984741211,68.54000091552734,67.29000091552734,68.41999816894531,543500
2025-12-01,EWW,68.27999877929688,68.9000015258789,68.0199966430664,68.45999908447266,1142300
2025-12-02,EWW,68.5,69.05999755859375,68.5,68.70999908447266,813400
2025-12-03,EWW,68.98999786376953,68.98999786376953,68.19000244140625,68.43000030517578,785000
2025-12-04,EWW,68.37999725341797,68.83000183105469,68.29000091552734,68.81999969482422,834300
2025-12-05,EWW,68.80000305175781,69.41999816894531,68.58999633789062,68.68000030517578,993000
2025-12-08,EWW,68.56999969482422,69.1500015258789,68.33000183105469,68.63999938964844,816100
2025-12-09,EWW,68.5999984741211,69.58999633789062,68.43000030517578,69.2699966430664,1144000
2025-12-10,EWW,69.37999725341797,69.48999786376953,68.58000183105469,69.04000091552734,1913900
2025-12-11,EWW,69.08000183105469,71.43000030517578,69.08000183105469,71.05999755859375,2343600
2025-12-12,EWW,71.11000061035156,71.38999938964844,69.51000213623047,70.69000244140625,1592200
2025-12-15,EWW,71.33999633789062,71.5999984741211,70.33999633789062,70.4800033569336,1982300
2025-12-16,EWW,69.13999938964844,69.33999633789062,68.18000030517578,68.27999877929688,3065700
2025-12-17,EWW,68.36000061035156,68.47000122070312,67.25,67.44999694824219,1383300
2025-12-18,EWW,67.81999969482422,68.91000366210938,67.4000015258789,68.75,932800
2025-12-19,EWW,68.93000030517578,69.5199966430664,68.70999908447266,68.8499984741211,1243000
2025-12-22,EWW,69.27999877929688,70.02999877929688,68.69000244140625,69.94999694824219,1851800
2025-12-23,EWW,69.98999786376953,71.12000274658203,69.88999938964844,71.04000091552734,1465600
2025-12-24,EWW,71.0,71.30999755859375,70.44000244140625,70.94999694824219,560100
2025-12-26,EWW,71.33000183105469,71.37999725341797,70.83000183105469,71.1500015258789,722700
2025-12-29,EWW,70.94000244140625,71.02999877929688,70.44000244140625,70.51000213623047,701600
2025-12-30,EWW,70.62000274658203,70.88999938964844,69.44999694824219,69.48999786376953,796600
2025-12-31,EWW,69.91999816894531,69.91999816894531,68.97000122070312,69.33000183105469,789500
2026-01-02,EWW,69.91000366210938,70.81999969482422,69.23999786376953,69.66000366210938,1716300
2026-01-05,EWW,69.80000305175781,71.0,68.94000244140625,70.58000183105469,1823900
2026-01-06,EWW,70.7699966430664,71.0,69.9000015258789,70.04000091552734,1622100
2026-01-07,EWW,69.94000244140625,70.2699966430664,69.0199966430664,69.91999816894531,1069400
2026-01-08,EWW,69.7699966430664,70.6500015258789,69.26000213623047,70.4800033569336,915600
2026-01-09,EWW,70.7699966430664,71.19999694824219,70.31999969482422,71.05999755859375,909600
2026-01-12,EWW,71.29000091552734,72.30000305175781,71.29000091552734,72.05999755859375,1697600
2026-01-13,EWW,72.45999908447266,72.45999908447266,71.76000213623047,71.97000122070312,1226100
2026-01-14,EWW,72.0999984741211,73.43000030517578,71.9000015258789,73.37999725341797,1614400
2026-01-15,EWW,73.66999816894531,74.37000274658203,72.86000061035156,73.25,1274400
2026-01-16,EWW,73.08999633789062,74.06999969482422,72.80000305175781,74.0,1667400
2026-01-20,EWW,73.94999694824219,74.94999694824219,73.62999725341797,74.61000061035156,1413900
2026-01-21,EWW,75.38999938964844,76.4000015258789,75.1500015258789,75.36000061035156,1989900
2026-01-22,EWW,75.83000183105469,76.37000274658203,75.41999816894531,75.75,1802800
2026-01-23,EWW,75.73999786376953,76.18000030517578,75.22000122070312,76.08000183105469,1356200
2026-01-26,EWW,76.31999969482422,77.97000122070312,76.27999877929688,76.69999694824219,2293800
2026-01-27,EWW,77.44000244140625,77.93000030517578,76.9000015258789,77.86000061035156,1499100
2026-01-28,EWW,78.08999633789062,78.97000122070312,77.91000366210938,78.7300033569336,1372400
2026-01-29,EWW,79.44000244140625,79.91000366210938,77.30999755859375,78.44999694824219,2266200
2026-01-30,EWW,77.83000183105469,77.91000366210938,74.93000030517578,75.12000274658203,3387400
2026-02-02,EWW,75.04000091552734,76.19999694824219,74.81999969482422,75.43000030517578,1935700
2026-02-03,EWW,76.36000061035156,79.18000030517578,76.36000061035156,78.76000213623047,2887100
2026-02-04,EWW,78.9000015258789,78.91999816894531,76.4800033569336,77.22000122070312,1879500
2026-02-05,EWW,76.58999633789062,77.75,75.69000244140625,76.83000183105469,1446100
2026-02-06,EWW,78.05000305175781,79.94999694824219,77.2699966430664,79.87000274658203,2297400
2026-02-09,EWW,80.0199966430664,80.80000305175781,79.91000366210938,80.66999816894531,1930100
2026-02-10,EWW,80.91000366210938,81.0199966430664,80.01000213623047,80.4800033569336,1124200
2026-02-11,EWW,80.83000183105469,81.0,79.51000213623047,80.69999694824219,1051300
2026-02-12,EWW,81.41000366210938,81.6500015258789,79.33999633789062,79.91999816894531,4496200
2026-02-13,EWW,80.2300033569336,81.08999633789062,79.48999786376953,81.02999877929688,1103200
2026-02-17,EWW,80.94000244140625,81.0,79.70999908447266,80.76000213623047,1364600
2026-02-18,EWW,81.25,81.41999816894531,79.91999816894531,80.1500015258789,2142200
2026-02-19,EWW,80.0,80.4000015258789,79.5,79.94000244140625,1903400
2026-02-20,EWW,80.16000366210938,81.25,79.91000366210938,81.2300033569336,1211500
2026-02-23,EWW,80.19999694824219,81.23999786376953,78.86000061035156,79.54000091552734,3484900
2026-02-24,EWW,79.5999984741211,80.66999816894531,78.80000305175781,80.37000274658203,2823600
2026-02-25,EWW,80.61000061035156,80.83999633789062,79.70999908447266,80.44999694824219,1298600
2026-02-26,EWW,80.5,80.83000183105469,79.72000122070312,80.66000366210938,1381700
2026-02-27,EWW,80.30000305175781,81.55000305175781,79.8499984741211,80.94000244140625,4039400
2026-03-02,EWW,79.0199966430664,80.08999633789062,78.5199966430664,79.45999908447266,2307100
2026-03-03,EWW,76.04000091552734,76.2300033569336,73.25,75.37000274658203,4971400
2026-03-04,EWW,76.31999969482422,78.11000061035156,75.58999633789062,77.91000366210938,2413400
2026-03-05,EWW,77.3499984741211,77.36000061035156,74.98999786376953,75.25,2434400
2026-03-06,EWW,73.70999908447266,75.05000305175781,73.5,73.72000122070312,4583900
2026-03-09,EWW,72.77999877929688,74.08999633789062,71.55999755859375,73.88999938964844,2716400
2026-03-10,EWW,74.3499984741211,75.7300033569336,74.23999786376953,74.76000213623047,1732200
2026-03-11,EWW,74.58000183105469,75.0,73.94999694824219,74.69000244140625,1046200
2026-03-12,EWW,73.73999786376953,73.94999694824219,71.97000122070312,72.16999816894531,2661200
2026-03-13,EWW,72.33999633789062,73.16999816894531,71.37999725341797,71.52999877929688,2415000
2026-03-16,EWW,72.41999816894531,74.04000091552734,72.08999633789062,73.16000366210938,1642300
2026-03-17,EWW,73.55999755859375,73.95999908447266,72.7300033569336,73.37999725341797,1369900
2026-03-18,EWW,72.94000244140625,73.48999786376953,72.31999969482422,72.37999725341797,1062500
2026-03-19,EWW,71.75,72.43000030517578,70.48999786376953,72.18000030517578,2293900
2026-03-20,EWW,71.55999755859375,71.66999816894531,69.58999633789062,69.87000274658203,2868400
2026-03-23,EWW,70.68000030517578,71.77999877929688,70.44999694824219,71.0999984741211,2619300
2026-03-24,EWW,70.5999984741211,72.79000091552734,70.25,72.45999908447266,1574100
2026-03-25,EWW,73.0,75.2300033569336,72.91999816894531,75.16000366210938,2352400
2026-03-26,EWW,74.62000274658203,74.79000091552734,73.18000030517578,73.29000091552734,1752000
2026-03-27,EWW,72.44999694824219,73.20999908447266,71.83000183105469,72.11000061035156,3656200
2026-03-30,EWW,72.55999755859375,73.26000213623047,72.43000030517578,72.76000213623047,1981900
2026-03-31,EWW,73.20999908447266,75.38999938964844,73.20999908447266,75.2300033569336,2106800
2026-04-01,EWW,75.91000366210938,76.80000305175781,75.44999694824219,76.37000274658203,1639800
2026-04-02,EWW,75.12000274658203,77.76000213623047,74.80999755859375,76.11000061035156,1009600
2026-04-06,EWW,76.31999969482422,77.37999725341797,75.5,76.19999694824219,1535400
2026-04-07,EWW,76.0999984741211,76.4800033569336,75.30999755859375,75.94000244140625,1918400
2026-04-08,EWW,80.37000274658203,80.63999938964844,78.69000244140625,79.11000061035156,2065800
2026-04-09,EWW,78.98999786376953,80.26000213623047,78.83000183105469,79.43000030517578,1553800
2026-04-10,EWW,79.88999938964844,80.55999755859375,79.43000030517578,79.51000213623047,2385500
2026-04-13,EWW,79.31999969482422,79.66000366210938,78.87999725341797,79.30000305175781,1364500
2026-04-14,EWW,79.72000122070312,79.94999694824219,78.4000015258789,78.75,1391900
2026-04-15,EWW,78.66000366210938,79.66999816894531,78.18000030517578,79.43000030517578,2322800
2026-04-16,EWW,79.55999755859375,79.8499984741211,78.3499984741211,79.01000213623047,2116700
2026-04-17,EWW,80.13999938964844,80.16000366210938,78.97000122070312,79.45999908447266,1528200
2026-04-20,EWW,79.20999908447266,80.05999755859375,78.73999786376953,79.87999725341797,1257200
2026-04-21,EWW,79.80999755859375,80.43000030517578,77.79000091552734,78.0,2225200
2026-04-22,EWW,78.80999755859375,79.2699966430664,78.08999633789062,78.33000183105469,1592000
2026-04-23,EWW,78.02999877929688,78.91999816894531,77.33999633789062,77.61000061035156,1151800
2026-04-24,EWW,78.11000061035156,78.72000122070312,77.63999938964844,78.47000122070312,1127100
2026-04-27,EWW,78.72000122070312,78.72000122070312,77.0199966430664,77.08999633789062,1602900
2026-04-28,EWW,76.37000274658203,76.66999816894531,75.66000366210938,76.27999877929688,1291700
2026-04-29,EWW,75.93000030517578,76.2699966430664,75.27999877929688,75.4000015258789,1189400
2026-04-30,EWW,75.68000030517578,76.56999969482422,75.3499984741211,76.44000244140625,1909200
2026-05-01,EWW,76.75,78.16000366210938,76.26000213623047,76.66000366210938,1196500
2026-05-04,EWW,76.47000122070312,77.02999877929688,75.58999633789062,75.6500015258789,1721800
2026-05-05,EWW,76.62999725341797,77.93000030517578,76.4000015258789,77.55999755859375,1197400
2026-05-06,EWW,78.79000091552734,79.6500015258789,78.1500015258789,79.5199966430664,1205400
2026-05-07,EWW,79.56999969482422,80.62999725341797,79.02999877929688,79.54000091552734,1207800
2026-05-08,EWW,79.9800033569336,80.76000213623047,79.75,79.87000274658203,766200
2026-05-11,EWW,79.76000213623047,80.94999694824219,79.5999984741211,80.22000122070312,723500
2026-05-12,EWW,79.77999877929688,80.19999694824219,79.44000244140625,79.98999786376953,721900
2026-05-13,EWW,80.01000213623047,80.98999786376953,79.80999755859375,80.2699966430664,1292900
2026-05-14,EWW,80.1500015258789,81.06999969482422,78.6500015258789,79.0,1764200
2026-05-15,EWW,77.7300033569336,77.9800033569336,76.79000091552734,77.20999908447266,1615500
2026-05-18,EWW,77.62999725341797,78.0,77.0199966430664,77.9000015258789,932200
2026-05-19,EWW,76.98999786376953,77.88999938964844,76.52999877929688,77.5199966430664,796300
2026-05-20,EWW,77.80000305175781,78.69000244140625,77.26000213623047,78.44999694824219,1645100
2026-05-21,EWW,77.54000091552734,78.3499984741211,77.26000213623047,77.80000305175781,1329000
2026-05-22,EWW,77.55000305175781,77.98999786376953,77.12999725341797,77.76000213623047,807500
2026-05-26,EWW,77.44999694824219,79.0199966430664,77.41999816894531,78.86000061035156,1922000
2026-05-27,EWW,78.83999633789062,79.94000244140625,78.62000274658203,79.55999755859375,1004800
2026-05-28,EWW,79.44000244140625,79.63999938964844,78.2699966430664,78.80999755859375,1272900
2026-05-29,EWW,78.55000305175781,78.63999938964844,77.25,78.43000030517578,1906300
2026-06-01,EWW,78.16999816894531,78.37999725341797,77.16999816894531,77.87000274658203,1340000
2026-06-02,EWW,78.20999908447266,79.62000274658203,78.0999984741211,79.08000183105469,1465100
2026-06-03,EWW,78.4000015258789,79.06999969482422,78.01000213623047,78.08000183105469,973800
2026-06-04,EWW,78.2300033569336,78.29000091552734,77.18000030517578,77.37000274658203,825000
2026-06-05,EWW,76.68000030517578,76.68000030517578,74.93000030517578,75.0999984741211,1905200
2026-06-08,EWW,75.5999984741211,76.22000122070312,74.86000061035156,74.9000015258789,1336400
2026-06-09,EWW,75.62999725341797,76.12000274658203,73.73999786376953,74.76000213623047,1531000
2026-06-10,EWW,74.66999816894531,75.5,74.23999786376953,74.41000366210938,994100
2026-06-11,EWW,74.33000183105469,77.48999786376953,74.33000183105469,77.33999633789062,2414400
2026-06-12,EWW,77.80000305175781,79.11000061035156,77.80000305175781,78.47000122070312,1386700
2026-06-15,EWW,78.66999816894531,78.98999786376953,77.6500015258789,77.76000213623047,1037500
2026-06-16,EWW,77.83999633789062,78.62000274658203,77.66000366210938,77.9800033569336,1057700
2026-06-17,EWW,78.20999908447266,78.86000061035156,77.0199966430664,77.30999755859375,1334700
2026-06-18,EWW,78.23999786376953,78.33999633789062,77.19000244140625,77.33000183105469,1073200
2026-06-22,EWW,76.97000122070312,77.0,75.81999969482422,75.95999908447266,1380600
2026-06-23,EWW,74.6500015258789,75.43000030517578,74.05999755859375,74.7300033569336,1033300
2026-06-24,EWW,74.48999786376953,74.62000274658203,73.4800033569336,73.79000091552734,1041600
2026-06-25,EWW,74.37000274658203,75.58999633789062,73.94999694824219,75.52999877929688,1158500
2026-06-26,EWW,75.41000366210938,75.95999908447266,74.88999938964844,75.37000274658203,937600
2026-06-29,EWW,76.08999633789062,76.61000061035156,74.88999938964844,76.12000274658203,4017100
2026-06-30,EWW,76.16000366210938,76.41999816894531,75.12000274658203,75.2699966430664,879400
2026-07-01,EWW,74.91999816894531,75.62000274658203,74.73999786376953,75.2699966430664,1153800
2026-07-02,EWW,75.27999877929688,76.73999786376953,75.27999877929688,75.5,807200
2026-07-06,EWW,75.44999694824219,76.83000183105469,75.44999694824219,76.43000030517578,1157600
2026-07-07,EWW,76.04000091552734,76.54000091552734,74.75,75.04000091552734,1112600
2026-07-08,EWW,74.22000122070312,74.94999694824219,73.5199966430664,74.70999908447266,761300
2026-07-09,EWW,74.4000015258789,75.26000213623047,74.0999984741211,74.23999786376953,930900
2026-07-10,EWW,74.66000366210938,75.19999694824219,74.30000305175781,74.86000061035156,904700
2026-07-13,EWW,74.91999816894531,75.13999938964844,73.94000244140625,74.1500015258789,683300
2026-07-14,EWW,74.66000366210938,76.16000366210938,74.66000366210938,75.33999633789062,1631600
2026-07-15,EWW,75.5,75.91999816894531,75.16999816894531,75.38999938964844,909500
2026-07-16,EWW,75.0999984741211,75.48999786376953,74.52999877929688,75.22000122070312,1057800
2026-07-17,EWW,74.11000061035156,75.36000061035156,73.7699966430664,75.11000061035156,942200
