Datetime,Ticker,Open,High,Low,Close,Volume
1998-12-22,XLB,10.390625,10.414063453674316,10.375,10.414063453674316,3800
1998-12-23,XLB,10.484375,10.570313453674316,10.484375,10.523438453674316,1400
1998-12-24,XLB,10.648438453674316,10.765625,10.601563453674316,10.765625,3000
1998-12-28,XLB,10.75,10.75,10.65625,10.671875,5000
1998-12-29,XLB,10.867188453674316,10.867188453674316,10.867188453674316,10.867188453674316,200
1998-12-30,XLB,10.859375,10.859375,10.835938453674316,10.835938453674316,1600
1998-12-31,XLB,10.929688453674316,11.0,10.929688453674316,10.960938453674316,6600
1999-01-04,XLB,10.96875,11.125,10.828125,10.828125,26000
1999-01-05,XLB,10.929688453674316,11.148438453674316,10.929688453674316,11.09375,8800
1999-01-06,XLB,11.164063453674316,11.289063453674316,11.109375,11.289063453674316,25800
1999-01-07,XLB,11.234375,11.695313453674316,11.164063453674316,11.203125,172400
1999-01-08,XLB,11.304688453674316,11.585938453674316,11.304688453674316,11.585938453674316,50400
1999-01-11,XLB,11.59375,11.609375,11.5,11.609375,28400
1999-01-12,XLB,11.507813453674316,11.5625,11.289063453674316,11.3125,10200
1999-01-13,XLB,10.976563453674316,11.1875,10.976563453674316,11.0625,11000
1999-01-14,XLB,11.09375,11.109375,10.78125,10.875,254600
1999-01-15,XLB,11.0,11.039063453674316,10.945313453674316,11.039063453674316,31600
1999-01-19,XLB,11.0,11.0,10.757813453674316,10.835938453674316,53400
1999-01-20,XLB,10.835938453674316,10.914063453674316,10.789063453674316,10.796875,81800
1999-01-21,XLB,10.796875,10.8125,10.695313453674316,10.75,119800
1999-01-22,XLB,10.640625,10.679688453674316,10.523438453674316,10.539063453674316,14000
1999-01-25,XLB,10.648438453674316,10.75,10.609375,10.75,58600
1999-01-26,XLB,10.710938453674316,10.71875,10.59375,10.71875,3600
1999-01-27,XLB,10.914063453674316,10.914063453674316,10.632813453674316,10.632813453674316,30200
1999-01-28,XLB,10.695313453674316,10.695313453674316,10.5,10.5,13600
1999-01-29,XLB,10.476563453674316,10.554688453674316,10.476563453674316,10.554688453674316,800
1999-02-01,XLB,10.640625,10.75,10.640625,10.640625,5800
1999-02-02,XLB,10.601563453674316,10.6875,10.59375,10.648438453674316,5600
1999-02-03,XLB,10.65625,10.695313453674316,10.625,10.65625,2200
1999-02-04,XLB,10.679688453674316,11.007813453674316,10.679688453674316,10.96875,13600
1999-02-05,XLB,11.023438453674316,11.21875,11.023438453674316,11.117188453674316,88800
1999-02-08,XLB,11.148438453674316,11.179688453674316,11.015625,11.0625,44600
1999-02-09,XLB,11.0625,11.0625,10.851563453674316,10.851563453674316,28400
1999-02-10,XLB,10.929688453674316,10.929688453674316,10.828125,10.875,9800
1999-02-11,XLB,10.8125,10.914063453674316,10.765625,10.765625,20200
1999-02-12,XLB,10.78125,10.8125,10.710938453674316,10.710938453674316,5000
1999-02-16,XLB,10.914063453674316,10.914063453674316,10.609375,10.609375,12600
1999-02-17,XLB,10.5625,10.710938453674316,10.5,10.5,10200
1999-02-18,XLB,10.523438453674316,10.59375,10.460938453674316,10.578125,62000
1999-02-19,XLB,10.617188453674316,10.679688453674316,10.59375,10.664063453674316,16200
1999-02-22,XLB,10.625,10.875,10.625,10.84375,20000
1999-02-23,XLB,10.867188453674316,10.875,10.6875,10.75,10600
1999-02-24,XLB,10.90625,10.90625,10.71875,10.71875,5600
1999-02-25,XLB,10.65625,10.71875,10.625,10.71875,13600
1999-02-26,XLB,10.71875,10.71875,10.71875,10.71875,1400
1999-03-01,XLB,10.640625,10.648438453674316,10.59375,10.59375,4200
1999-03-02,XLB,10.617188453674316,10.71875,10.5,10.5,95400
1999-03-03,XLB,10.632813453674316,10.632813453674316,10.429688453674316,10.429688453674316,7800
1999-03-04,XLB,10.421875,10.5625,10.421875,10.460938453674316,5800
1999-03-05,XLB,10.585938453674316,10.8125,10.585938453674316,10.8125,8400
1999-03-08,XLB,10.71875,10.882813453674316,10.71875,10.882813453674316,13400
1999-03-09,XLB,10.828125,10.828125,10.75,10.789063453674316,11200
1999-03-10,XLB,10.796875,10.984375,10.773438453674316,10.9375,53600
1999-03-11,XLB,10.992188453674316,11.109375,10.96875,11.054688453674316,27800
1999-03-12,XLB,11.148438453674316,11.179688453674316,11.007813453674316,11.007813453674316,15800
1999-03-15,XLB,11.007813453674316,11.078125,10.953125,11.03125,13400
1999-03-16,XLB,11.015625,11.046875,10.976563453674316,10.984375,15000
1999-03-17,XLB,11.039063453674316,11.039063453674316,10.9375,10.953125,7000
1999-03-18,XLB,11.070313453674316,11.1875,11.007813453674316,11.1875,22600
1999-03-19,XLB,11.3125,11.3125,11.164063453674316,11.164063453674316,10600
1999-03-22,XLB,11.117188453674316,11.234375,11.117188453674316,11.195313453674316,49800
1999-03-23,XLB,11.140625,11.140625,10.851563453674316,10.914063453674316,33400
1999-03-24,XLB,10.867188453674316,11.0,10.84375,10.921875,152000
1999-03-25,XLB,10.921875,11.0625,10.921875,10.960938453674316,7600
1999-03-26,XLB,10.851563453674316,10.953125,10.8125,10.875,8400
1999-03-29,XLB,10.992188453674316,11.109375,10.960938453674316,11.054688453674316,10600
1999-03-30,XLB,11.046875,11.046875,10.921875,11.03125,33000
1999-03-31,XLB,10.96875,11.023438453674316,10.859375,10.875,21200
1999-04-01,XLB,10.890625,11.085938453674316,10.890625,11.0,24600
1999-04-05,XLB,11.03125,11.210938453674316,11.03125,11.132813453674316,23800
1999-04-06,XLB,11.070313453674316,11.132813453674316,10.9375,10.9375,105600
1999-04-07,XLB,11.0,11.09375,10.96875,11.054688453674316,90400
1999-04-08,XLB,11.039063453674316,11.210938453674316,11.023438453674316,11.210938453674316,24000
1999-04-09,XLB,11.046875,11.226563453674316,11.046875,11.15625,50200
1999-04-12,XLB,11.15625,11.507813453674316,11.15625,11.484375,32400
1999-04-13,XLB,11.570313453674316,11.648438453674316,11.507813453674316,11.625,136000
1999-04-14,XLB,11.703125,12.460938453674316,11.625,12.1875,601400
1999-04-15,XLB,12.34375,12.929688453674316,12.34375,12.65625,2011000
1999-04-16,XLB,12.734375,12.945313453674316,12.6875,12.796875,341600
1999-04-19,XLB,12.796875,13.421875,12.796875,12.929688453674316,1728400
1999-04-20,XLB,12.960938453674316,12.96875,12.726563453674316,12.773438453674316,281600
1999-04-21,XLB,12.859375,12.921875,12.710938453674316,12.828125,166400
1999-04-22,XLB,12.84375,12.859375,12.5,12.625,173800
1999-04-23,XLB,12.5625,12.84375,12.5625,12.8125,254800
1999-04-26,XLB,12.875,12.875,12.648438453674316,12.6875,76200
1999-04-27,XLB,12.65625,13.0,12.59375,12.9375,169000
1999-04-28,XLB,13.0,13.6875,13.0,13.625,276400
1999-04-29,XLB,13.65625,13.898438453674316,13.65625,13.726563453674316,1467200
1999-04-30,XLB,13.71875,13.8125,13.382813453674316,13.5625,1055400
1999-05-03,XLB,13.609375,13.921875,13.5625,13.875,362000
1999-05-04,XLB,13.960938453674316,14.007813453674316,13.695313453674316,13.789063453674316,831400
1999-05-05,XLB,13.820313453674316,14.015625,13.664063453674316,13.953125,587800
1999-05-06,XLB,13.953125,14.125,13.84375,14.070313453674316,279200
1999-05-07,XLB,14.070313453674316,14.15625,13.882813453674316,14.101563453674316,64200
1999-05-10,XLB,14.101563453674316,14.242188453674316,13.976563453674316,14.023438453674316,169200
1999-05-11,XLB,14.070313453674316,14.109375,13.84375,14.0,305600
1999-05-12,XLB,13.960938453674316,13.960938453674316,13.523438453674316,13.648438453674316,334600
1999-05-13,XLB,13.554688453674316,13.703125,13.515625,13.59375,253800
1999-05-14,XLB,13.578125,13.742188453674316,13.523438453674316,13.554688453674316,73600
1999-05-17,XLB,13.554688453674316,13.632813453674316,13.40625,13.539063453674316,47200
1999-05-18,XLB,13.484375,13.492188453674316,13.101563453674316,13.210938453674316,106200
1999-05-19,XLB,13.210938453674316,13.414063453674316,13.171875,13.34375,110800
1999-05-20,XLB,13.398438453674316,13.453125,13.171875,13.1875,73000
1999-05-21,XLB,13.125,13.296875,13.09375,13.179688453674316,20600
1999-05-24,XLB,13.195313453674316,13.445313453674316,13.0625,13.125,70000
1999-05-25,XLB,13.242188453674316,13.320313453674316,13.0,13.0,246800
1999-05-26,XLB,12.789063453674316,12.945313453674316,12.75,12.875,92800
1999-05-27,XLB,12.789063453674316,12.84375,12.5,12.578125,70200
1999-05-28,XLB,12.523438453674316,12.625,12.328125,12.328125,98800
1999-06-01,XLB,12.453125,12.953125,12.429688453674316,12.859375,431800
1999-06-02,XLB,12.890625,12.890625,12.6875,12.84375,23400
1999-06-03,XLB,12.8125,12.945313453674316,12.757813453674316,12.882813453674316,115200
1999-06-04,XLB,12.882813453674316,13.171875,12.8125,13.125,11000
1999-06-07,XLB,13.1875,13.28125,13.125,13.164063453674316,27800
1999-06-08,XLB,13.101563453674316,13.203125,12.953125,13.0,89400
1999-06-09,XLB,13.023438453674316,13.203125,12.875,12.875,180600
1999-06-10,XLB,12.890625,13.09375,12.890625,13.09375,119800
1999-06-11,XLB,13.15625,13.242188453674316,12.976563453674316,12.976563453674316,6800
1999-06-14,XLB,13.15625,13.421875,13.15625,13.289063453674316,445800
1999-06-15,XLB,13.375,13.507813453674316,13.320313453674316,13.40625,125400
1999-06-16,XLB,13.46875,13.46875,13.25,13.460938453674316,201400
1999-06-17,XLB,13.390625,13.507813453674316,13.296875,13.507813453674316,71400
1999-06-18,XLB,13.445313453674316,13.515625,13.40625,13.5,17200
1999-06-21,XLB,13.539063453674316,13.539063453674316,13.171875,13.171875,132800
1999-06-22,XLB,13.21875,13.21875,12.96875,13.0,112200
1999-06-23,XLB,13.0,13.09375,12.890625,13.0625,15400
1999-06-24,XLB,13.015625,13.015625,12.765625,12.765625,203800
1999-06-25,XLB,12.78125,12.992188453674316,12.78125,12.84375,76000
1999-06-28,XLB,12.96875,13.140625,12.96875,13.085938453674316,170600
1999-06-29,XLB,12.96875,13.007813453674316,12.914063453674316,13.007813453674316,13800
1999-06-30,XLB,13.0,13.164063453674316,12.921875,13.0,54200
1999-07-01,XLB,13.070313453674316,13.242188453674316,12.984375,13.125,27400
1999-07-02,XLB,13.1875,13.40625,13.1875,13.390625,109200
1999-07-06,XLB,13.4375,13.4375,13.265625,13.328125,30400
1999-07-07,XLB,13.328125,13.328125,13.21875,13.25,77400
1999-07-08,XLB,13.203125,13.375,13.125,13.15625,171800
1999-07-09,XLB,13.140625,13.492188453674316,13.140625,13.367188453674316,63400
1999-07-12,XLB,13.3125,13.367188453674316,13.25,13.28125,20200
1999-07-13,XLB,13.203125,13.335938453674316,13.203125,13.273438453674316,23600
1999-07-14,XLB,13.28125,13.40625,13.195313453674316,13.203125,36400
1999-07-15,XLB,13.179688453674316,13.25,13.0,13.0,139400
1999-07-16,XLB,13.117188453674316,13.164063453674316,13.054688453674316,13.117188453674316,21000
1999-07-19,XLB,13.148438453674316,13.148438453674316,12.859375,12.992188453674316,19800
1999-07-20,XLB,12.921875,13.0625,12.90625,12.96875,27200
1999-07-21,XLB,13.117188453674316,13.125,12.9375,12.9375,16600
1999-07-22,XLB,12.960938453674316,13.117188453674316,12.953125,13.0,436400
1999-07-23,XLB,13.132813453674316,13.132813453674316,12.929688453674316,13.0,29000
1999-07-26,XLB,12.875,12.984375,12.835938453674316,12.835938453674316,35800
1999-07-27,XLB,12.992188453674316,13.015625,12.882813453674316,13.015625,461800
1999-07-28,XLB,13.007813453674316,13.101563453674316,13.0,13.085938453674316,25400
1999-07-29,XLB,12.9375,12.96875,12.742188453674316,12.84375,27000
1999-07-30,XLB,12.78125,12.882813453674316,12.757813453674316,12.851563453674316,17200
1999-08-02,XLB,12.765625,12.9375,12.765625,12.890625,13600
1999-08-03,XLB,12.929688453674316,13.046875,12.882813453674316,12.882813453674316,44000
1999-08-04,XLB,13.039063453674316,13.234375,13.039063453674316,13.195313453674316,246000
1999-08-05,XLB,13.210938453674316,13.296875,13.023438453674316,13.289063453674316,19600
1999-08-06,XLB,13.257813453674316,13.257813453674316,13.03125,13.09375,35800
1999-08-09,XLB,12.984375,13.140625,12.96875,12.96875,15000
1999-08-10,XLB,12.914063453674316,12.945313453674316,12.867188453674316,12.921875,28400
1999-08-11,XLB,12.984375,13.335938453674316,12.898438453674316,13.25,69800
1999-08-12,XLB,13.265625,13.46875,13.265625,13.367188453674316,269400
1999-08-13,XLB,13.234375,13.390625,13.234375,13.359375,23200
1999-08-16,XLB,13.3125,13.3125,13.164063453674316,13.164063453674316,85800
1999-08-17,XLB,13.257813453674316,13.328125,13.164063453674316,13.328125,18600
1999-08-18,XLB,13.164063453674316,13.3125,13.101563453674316,13.101563453674316,60000
1999-08-19,XLB,13.0625,13.234375,12.984375,13.210938453674316,31200
1999-08-20,XLB,13.304688453674316,13.4375,13.304688453674316,13.328125,3200
1999-08-23,XLB,13.296875,13.40625,13.265625,13.34375,78600
1999-08-24,XLB,13.296875,13.375,13.21875,13.289063453674316,41600
1999-08-25,XLB,13.375,13.375,12.914063453674316,12.96875,51000
1999-08-26,XLB,12.945313453674316,12.945313453674316,12.796875,12.820313453674316,36000
1999-08-27,XLB,12.898438453674316,12.898438453674316,12.71875,12.828125,82600
1999-08-30,XLB,12.828125,12.828125,12.539063453674316,12.578125,14800
1999-08-31,XLB,12.4375,12.773438453674316,12.273438453674316,12.273438453674316,13400
1999-09-01,XLB,12.273438453674316,12.46875,12.273438453674316,12.4375,65600
1999-09-02,XLB,12.445313453674316,12.445313453674316,12.273438453674316,12.3125,152600
1999-09-03,XLB,12.554688453674316,12.609375,12.53125,12.59375,6200
1999-09-07,XLB,12.390625,12.53125,12.351563453674316,12.40625,313800
1999-09-08,XLB,12.351563453674316,12.46875,12.304688453674316,12.40625,52600
1999-09-09,XLB,12.390625,12.507813453674316,12.382813453674316,12.414063453674316,612400
1999-09-10,XLB,12.390625,12.671875,12.390625,12.671875,45400
1999-09-13,XLB,12.5625,12.765625,12.523438453674316,12.765625,17600
1999-09-14,XLB,12.539063453674316,12.648438453674316,12.5,12.5625,60200
1999-09-15,XLB,12.585938453674316,12.585938453674316,12.375,12.445313453674316,11600
1999-09-16,XLB,12.25,12.25,12.0625,12.0625,41600
1999-09-17,XLB,12.1875,12.28125,12.125,12.273438453674316,39800
1999-09-20,XLB,12.289063453674316,12.289063453674316,12.03125,12.101563453674316,27600
1999-09-21,XLB,12.03125,12.09375,11.90625,11.953125,42800
1999-09-22,XLB,11.921875,12.046875,11.859375,11.867188453674316,21000
1999-09-23,XLB,11.75,11.789063453674316,11.625,11.671875,498600
1999-09-24,XLB,11.539063453674316,11.65625,11.390625,11.429688453674316,33000
1999-09-27,XLB,11.726563453674316,11.8125,11.703125,11.71875,13000
1999-09-28,XLB,11.71875,11.78125,11.53125,11.554688453674316,34800
1999-09-29,XLB,11.664063453674316,11.84375,11.664063453674316,11.679688453674316,7800
1999-09-30,XLB,11.773438453674316,12.03125,11.710938453674316,11.851563453674316,237000
1999-10-01,XLB,11.953125,11.960938453674316,11.71875,11.90625,26600
1999-10-04,XLB,11.890625,12.007813453674316,11.882813453674316,11.921875,450600
1999-10-05,XLB,12.054688453674316,12.054688453674316,11.804688453674316,11.84375,13600
1999-10-06,XLB,11.984375,11.992188453674316,11.765625,11.992188453674316,23800
1999-10-07,XLB,12.0625,12.078125,11.898438453674316,12.070313453674316,140000
1999-10-08,XLB,12.1875,12.359375,12.148438453674316,12.148438453674316,234000
1999-10-11,XLB,12.140625,12.28125,12.140625,12.171875,7800
1999-10-12,XLB,12.117188453674316,12.210938453674316,12.0,12.0,16600
1999-10-13,XLB,12.0625,12.0625,11.851563453674316,11.851563453674316,6800
1999-10-14,XLB,11.96875,12.03125,11.914063453674316,12.03125,31000
1999-10-15,XLB,11.84375,11.859375,11.6875,11.71875,35000
1999-10-18,XLB,11.59375,11.804688453674316,11.59375,11.78125,30200
1999-10-19,XLB,11.875,12.023438453674316,11.726563453674316,11.804688453674316,15000
1999-10-20,XLB,11.914063453674316,11.914063453674316,11.609375,11.703125,20600
1999-10-21,XLB,11.796875,11.921875,11.703125,11.875,15600
1999-10-22,XLB,12.0,12.09375,11.929688453674316,12.03125,1152400
1999-10-25,XLB,11.953125,12.148438453674316,11.921875,12.03125,13400
1999-10-26,XLB,12.078125,12.109375,11.8125,11.851563453674316,39600
1999-10-27,XLB,11.898438453674316,11.914063453674316,11.679688453674316,11.828125,53600
1999-10-28,XLB,11.992188453674316,11.992188453674316,11.773438453674316,11.796875,27000
1999-10-29,XLB,11.789063453674316,12.21875,11.789063453674316,12.132813453674316,81200
1999-11-01,XLB,12.203125,12.21875,12.0,12.015625,9000
1999-11-02,XLB,12.0,12.164063453674316,12.0,12.125,42400
1999-11-03,XLB,12.1875,12.1875,12.109375,12.109375,17200
1999-11-04,XLB,12.328125,12.335938453674316,12.210938453674316,12.265625,29600
1999-11-05,XLB,12.390625,12.40625,12.242188453674316,12.242188453674316,151800
1999-11-08,XLB,12.195313453674316,12.195313453674316,12.0,12.125,323600
1999-11-09,XLB,12.148438453674316,12.3125,12.148438453674316,12.171875,37800
1999-11-10,XLB,12.148438453674316,12.265625,12.109375,12.203125,35200
1999-11-11,XLB,12.289063453674316,12.328125,12.078125,12.132813453674316,31200
1999-11-12,XLB,12.203125,12.25,12.109375,12.171875,103200
1999-11-15,XLB,12.132813453674316,12.5,12.117188453674316,12.484375,168800
1999-11-16,XLB,12.5,12.539063453674316,12.414063453674316,12.53125,251800
1999-11-17,XLB,12.5,12.554688453674316,12.4375,12.484375,30000
1999-11-18,XLB,12.367188453674316,12.507813453674316,12.3125,12.40625,16600
1999-11-19,XLB,12.28125,12.398438453674316,12.28125,12.351563453674316,123200
1999-11-22,XLB,12.25,12.273438453674316,12.140625,12.210938453674316,19400
1999-11-23,XLB,12.101563453674316,12.226563453674316,12.0625,12.101563453674316,260400
1999-11-24,XLB,12.039063453674316,12.1875,12.039063453674316,12.117188453674316,27000
1999-11-26,XLB,12.101563453674316,12.179688453674316,12.078125,12.085938453674316,15800
1999-11-29,XLB,12.0,12.0,11.796875,11.8125,67000
1999-11-30,XLB,11.960938453674316,12.085938453674316,11.898438453674316,11.960938453674316,14200
1999-12-01,XLB,12.015625,12.015625,11.914063453674316,11.992188453674316,94600
1999-12-02,XLB,12.015625,12.28125,11.9375,12.242188453674316,37400
1999-12-03,XLB,12.234375,12.4375,12.234375,12.320313453674316,193200
1999-12-06,XLB,12.289063453674316,12.492188453674316,12.289063453674316,12.328125,137400
1999-12-07,XLB,12.3125,12.398438453674316,12.1875,12.1875,171200
1999-12-08,XLB,12.226563453674316,12.328125,12.1875,12.289063453674316,116800
1999-12-09,XLB,12.171875,12.289063453674316,12.125,12.242188453674316,29000
1999-12-10,XLB,12.351563453674316,12.492188453674316,12.1875,12.390625,20400
1999-12-13,XLB,12.289063453674316,12.453125,12.289063453674316,12.40625,31800
1999-12-14,XLB,12.359375,12.679688453674316,12.320313453674316,12.53125,240400
1999-12-15,XLB,12.632813453674316,12.914063453674316,12.632813453674316,12.882813453674316,240000
1999-12-16,XLB,12.890625,12.890625,12.585938453674316,12.65625,35000
1999-12-17,XLB,12.9375,13.15625,12.84375,13.101563453674316,651600
1999-12-20,XLB,12.992188453674316,12.992188453674316,12.4375,12.507813453674316,769200
1999-12-21,XLB,12.53125,12.5625,12.429688453674316,12.5,1014800
1999-12-22,XLB,12.5,12.53125,12.398438453674316,12.515625,791000
1999-12-23,XLB,12.476563453674316,12.71875,12.476563453674316,12.695313453674316,967600
1999-12-27,XLB,12.851563453674316,12.875,12.703125,12.75,1346400
1999-12-28,XLB,12.671875,13.046875,12.671875,13.007813453674316,344200
1999-12-29,XLB,12.992188453674316,13.335938453674316,12.992188453674316,13.265625,697400
1999-12-30,XLB,13.265625,13.265625,13.039063453674316,13.039063453674316,87600
1999-12-31,XLB,13.0,13.335938453674316,13.0,13.289063453674316,247200
2000-01-03,XLB,13.335938453674316,13.34375,12.96875,12.984375,281000
2000-01-04,XLB,13.0,13.023438453674316,12.804688453674316,12.859375,516000
2000-01-05,XLB,13.007813453674316,13.40625,12.875,13.390625,205400
2000-01-06,XLB,13.398438453674316,13.867188453674316,13.390625,13.734375,2670000
2000-01-07,XLB,13.875,13.96875,13.726563453674316,13.726563453674316,1240200
2000-01-10,XLB,13.851563453674316,13.851563453674316,13.570313453674316,13.679688453674316,342400
2000-01-11,XLB,13.570313453674316,13.625,13.414063453674316,13.515625,79400
2000-01-12,XLB,13.304688453674316,13.515625,13.304688453674316,13.320313453674316,270600
2000-01-13,XLB,13.445313453674316,13.484375,13.3125,13.375,91800
2000-01-14,XLB,13.257813453674316,13.359375,13.21875,13.28125,152000
2000-01-18,XLB,13.109375,13.15625,12.84375,12.960938453674316,68800
2000-01-19,XLB,12.890625,12.976563453674316,12.710938453674316,12.710938453674316,251400
2000-01-20,XLB,12.84375,12.84375,12.375,12.375,198800
2000-01-21,XLB,12.5625,12.5625,12.28125,12.429688453674316,360200
2000-01-24,XLB,12.382813453674316,12.382813453674316,11.929688453674316,12.101563453674316,381800
2000-01-25,XLB,12.054688453674316,12.125,11.695313453674316,11.875,126800
2000-01-26,XLB,11.984375,12.195313453674316,11.875,11.875,601400
2000-01-27,XLB,12.0,12.085938453674316,11.875,11.9375,108600
2000-01-28,XLB,11.921875,11.929688453674316,11.421875,11.734375,58800
2000-01-31,XLB,11.625,11.6875,11.554688453674316,11.664063453674316,32600
2000-02-01,XLB,11.664063453674316,11.9375,11.664063453674316,11.875,85400
2000-02-02,XLB,11.9375,11.9375,11.78125,11.929688453674316,98000
2000-02-03,XLB,11.992188453674316,11.992188453674316,11.65625,11.726563453674316,367600
2000-02-04,XLB,11.804688453674316,11.804688453674316,11.640625,11.710938453674316,210000
2000-02-07,XLB,11.773438453674316,11.773438453674316,11.476563453674316,11.484375,98200
2000-02-08,XLB,11.5,11.640625,11.375,11.453125,269400
2000-02-09,XLB,11.445313453674316,11.507813453674316,11.226563453674316,11.226563453674316,67000
2000-02-10,XLB,11.25,11.25,11.046875,11.132813453674316,262200
2000-02-11,XLB,11.101563453674316,11.21875,10.734375,10.859375,48600
2000-02-14,XLB,11.0,11.125,10.820313453674316,11.039063453674316,48200
2000-02-15,XLB,11.078125,11.515625,11.007813453674316,11.515625,65200
2000-02-16,XLB,11.5,11.53125,11.226563453674316,11.25,34800
2000-02-17,XLB,11.375,11.484375,11.195313453674316,11.226563453674316,91400
2000-02-18,XLB,11.289063453674316,11.289063453674316,10.859375,10.882813453674316,181000
2000-02-22,XLB,11.0625,11.3125,10.914063453674316,11.226563453674316,97800
2000-02-23,XLB,11.234375,11.273438453674316,11.007813453674316,11.101563453674316,112600
2000-02-24,XLB,10.984375,10.984375,10.5625,10.703125,37600
2000-02-25,XLB,10.734375,10.734375,10.5,10.53125,49800
2000-02-28,XLB,10.5,10.765625,10.414063453674316,10.5625,399200
2000-02-29,XLB,10.601563453674316,10.648438453674316,10.382813453674316,10.492188453674316,58200
2000-03-01,XLB,10.617188453674316,10.617188453674316,10.289063453674316,10.382813453674316,239400
2000-03-02,XLB,10.375,10.375,10.078125,10.15625,368000
2000-03-03,XLB,10.25,10.765625,10.25,10.484375,324800
2000-03-06,XLB,10.578125,10.578125,10.125,10.234375,41800
2000-03-07,XLB,10.289063453674316,10.296875,9.875,9.90625,396800
2000-03-08,XLB,9.90625,10.148438453674316,9.84375,10.117188453674316,225200
2000-03-09,XLB,9.945313453674316,10.125,9.914063453674316,10.101563453674316,224800
2000-03-10,XLB,10.09375,10.367188453674316,10.09375,10.1875,55400
2000-03-13,XLB,10.0,10.367188453674316,9.984375,10.34375,94000
2000-03-14,XLB,10.429688453674316,10.429688453674316,10.078125,10.164063453674316,32800
2000-03-15,XLB,10.085938453674316,11.25,10.085938453674316,10.773438453674316,889200
2000-03-16,XLB,10.8125,11.46875,10.8125,11.40625,467800
2000-03-17,XLB,11.429688453674316,11.429688453674316,11.0,11.0,130400
2000-03-20,XLB,11.15625,11.34375,11.078125,11.132813453674316,55000
2000-03-21,XLB,11.101563453674316,11.375,11.0625,11.265625,89800
2000-03-22,XLB,11.164063453674316,11.226563453674316,10.921875,10.976563453674316,240800
2000-03-23,XLB,11.039063453674316,11.367188453674316,10.984375,11.3125,63400
2000-03-24,XLB,11.304688453674316,11.382813453674316,11.226563453674316,11.257813453674316,24000
2000-03-27,XLB,11.320313453674316,11.40625,11.09375,11.210938453674316,79800
2000-03-28,XLB,11.078125,11.28125,10.96875,11.0,228000
2000-03-29,XLB,11.0625,11.226563453674316,10.976563453674316,11.226563453674316,55000
2000-03-30,XLB,11.257813453674316,11.648438453674316,11.1875,11.53125,207200
2000-03-31,XLB,11.570313453674316,11.742188453674316,11.46875,11.523438453674316,305200
2000-04-03,XLB,11.71875,11.898438453674316,11.6875,11.898438453674316,229400
2000-04-04,XLB,12.078125,12.265625,11.578125,11.789063453674316,371000
2000-04-05,XLB,11.929688453674316,11.984375,11.625,11.695313453674316,65000
2000-04-06,XLB,11.679688453674316,11.867188453674316,11.617188453674316,11.625,45200
2000-04-07,XLB,11.75,11.75,11.4375,11.4375,87400
2000-04-10,XLB,11.59375,11.875,11.476563453674316,11.71875,85200
2000-04-11,XLB,11.90625,12.195313453674316,11.875,12.0,786200
2000-04-12,XLB,12.03125,12.578125,12.03125,12.3125,481600
2000-04-13,XLB,12.0625,12.1875,11.960938453674316,11.96875,1226400
2000-04-14,XLB,11.6875,11.8125,11.1875,11.3125,290400
2000-04-17,XLB,11.484375,11.484375,11.1875,11.328125,105600
2000-04-18,XLB,11.265625,11.351563453674316,11.0,11.117188453674316,48000
2000-04-19,XLB,11.15625,11.273438453674316,10.890625,10.976563453674316,55000
2000-04-20,XLB,11.046875,11.257813453674316,11.046875,11.25,278000
2000-04-24,XLB,11.15625,11.390625,11.15625,11.273438453674316,39800
2000-04-25,XLB,11.351563453674316,11.40625,11.140625,11.289063453674316,463800
2000-04-26,XLB,11.289063453674316,11.328125,11.078125,11.09375,59800
2000-04-27,XLB,11.09375,11.203125,11.0,11.054688453674316,128800
2000-04-28,XLB,11.015625,11.234375,11.015625,11.140625,62400
2000-05-01,XLB,11.039063453674316,11.1875,11.0,11.125,42200
2000-05-02,XLB,11.125,11.46875,11.125,11.46875,54400
2000-05-03,XLB,11.421875,11.421875,11.125,11.28125,178800
2000-05-04,XLB,11.328125,11.492188453674316,11.226563453674316,11.398438453674316,200600
2000-05-05,XLB,11.390625,11.5,11.382813453674316,11.390625,20600
2000-05-08,XLB,11.4375,11.53125,11.328125,11.328125,553000
2000-05-09,XLB,11.484375,11.578125,11.429688453674316,11.53125,2156400
2000-05-10,XLB,11.40625,11.5625,11.335938453674316,11.390625,92400
2000-05-11,XLB,11.390625,11.546875,11.390625,11.539063453674316,65400
2000-05-12,XLB,11.617188453674316,11.617188453674316,11.46875,11.578125,28000
2000-05-15,XLB,11.5625,11.890625,11.5625,11.78125,83000
2000-05-16,XLB,11.875,11.890625,11.609375,11.65625,2446000
2000-05-17,XLB,11.609375,11.796875,11.5625,11.6875,28000
2000-05-18,XLB,11.65625,11.695313453674316,11.5,11.59375,420400
2000-05-19,XLB,11.554688453674316,11.664063453674316,11.53125,11.625,44400
2000-05-22,XLB,11.671875,11.671875,11.46875,11.5625,103600
2000-05-23,XLB,11.46875,11.46875,11.304688453674316,11.398438453674316,105600
2000-05-24,XLB,11.28125,11.445313453674316,11.25,11.351563453674316,89400
2000-05-25,XLB,11.226563453674316,11.226563453674316,10.859375,10.9375,79400
2000-05-26,XLB,10.875,10.882813453674316,10.75,10.765625,56000
2000-05-30,XLB,10.859375,10.96875,10.734375,10.882813453674316,23200
2000-05-31,XLB,10.890625,10.992188453674316,10.789063453674316,10.789063453674316,30800
2000-06-01,XLB,10.617188453674316,10.820313453674316,10.617188453674316,10.820313453674316,28000
2000-06-02,XLB,10.851563453674316,11.0,10.851563453674316,11.0,58000
2000-06-05,XLB,11.03125,11.03125,10.859375,10.90625,63200
2000-06-06,XLB,10.890625,10.96875,10.8125,10.921875,16600
2000-06-07,XLB,10.921875,10.921875,10.65625,10.6875,115000
2000-06-08,XLB,10.617188453674316,10.703125,10.570313453674316,10.671875,112000
2000-06-09,XLB,10.679688453674316,10.757813453674316,10.578125,10.65625,144800
2000-06-12,XLB,10.59375,10.875,10.59375,10.71875,188200
2000-06-13,XLB,10.78125,10.78125,10.414063453674316,10.414063453674316,80000
2000-06-14,XLB,10.539063453674316,10.820313453674316,10.539063453674316,10.6875,112800
2000-06-15,XLB,10.710938453674316,10.804688453674316,10.640625,10.6875,148200
2000-06-16,XLB,10.648438453674316,10.710938453674316,10.539063453674316,10.6875,77400
2000-06-19,XLB,10.632813453674316,10.632813453674316,10.34375,10.34375,125600
2000-06-20,XLB,10.289063453674316,10.359375,10.15625,10.15625,137800
2000-06-21,XLB,10.09375,10.195313453674316,10.03125,10.109375,214400
2000-06-22,XLB,10.03125,10.234375,10.015625,10.109375,222200
2000-06-23,XLB,10.0625,10.171875,10.054688453674316,10.117188453674316,159600
2000-06-26,XLB,10.171875,10.171875,9.882813453674316,9.882813453674316,68600
2000-06-27,XLB,10.0,10.40625,10.0,10.28125,334400
2000-06-28,XLB,10.140625,10.289063453674316,9.992188453674316,10.257813453674316,132200
2000-06-29,XLB,10.09375,10.1875,9.882813453674316,10.070313453674316,30600
2000-06-30,XLB,10.070313453674316,10.09375,9.820313453674316,9.820313453674316,37400
2000-07-03,XLB,9.984375,10.125,9.90625,10.09375,18600
2000-07-05,XLB,10.1875,10.375,10.140625,10.140625,100400
2000-07-06,XLB,10.179688453674316,10.179688453674316,9.875,9.875,121000
2000-07-07,XLB,10.0,10.0,9.734375,9.828125,199000
2000-07-10,XLB,9.828125,10.085938453674316,9.828125,9.96875,71200
2000-07-11,XLB,10.09375,10.5,10.09375,10.5,90400
2000-07-12,XLB,10.585938453674316,10.59375,10.375,10.445313453674316,69000
2000-07-13,XLB,10.445313453674316,10.625,10.445313453674316,10.5625,71600
2000-07-14,XLB,10.570313453674316,10.570313453674316,10.28125,10.351563453674316,50000
2000-07-17,XLB,10.21875,10.3125,10.015625,10.1875,113600
2000-07-18,XLB,10.109375,10.1875,10.03125,10.03125,99400
2000-07-19,XLB,10.101563453674316,10.164063453674316,9.953125,10.03125,81800
2000-07-20,XLB,10.09375,10.09375,9.875,9.953125,47400
2000-07-21,XLB,9.921875,10.117188453674316,9.921875,10.0,63600
2000-07-24,XLB,10.109375,10.109375,9.890625,10.015625,66600
2000-07-25,XLB,10.054688453674316,10.09375,9.890625,9.890625,24400
2000-07-26,XLB,9.867188453674316,9.96875,9.8125,9.828125,26600
2000-07-27,XLB,9.867188453674316,9.945313453674316,9.804688453674316,9.9375,12000
2000-07-28,XLB,9.953125,9.96875,9.8125,9.859375,163000
2000-07-31,XLB,9.9375,10.054688453674316,9.882813453674316,9.90625,18800
2000-08-01,XLB,9.945313453674316,10.03125,9.882813453674316,9.914063453674316,67400
2000-08-02,XLB,9.984375,10.03125,9.859375,9.976563453674316,40800
2000-08-03,XLB,10.054688453674316,10.148438453674316,9.976563453674316,10.085938453674316,15400
2000-08-04,XLB,10.046875,10.046875,9.867188453674316,9.992188453674316,24000
2000-08-07,XLB,9.9375,10.1875,9.9375,10.1875,78400
2000-08-08,XLB,10.195313453674316,10.4375,10.195313453674316,10.4375,205200
2000-08-09,XLB,10.492188453674316,10.546875,10.414063453674316,10.445313453674316,100000
2000-08-10,XLB,10.4375,10.4375,10.171875,10.289063453674316,38600
2000-08-11,XLB,10.21875,10.5,10.21875,10.5,70800
2000-08-14,XLB,10.5625,10.5625,10.367188453674316,10.5,77600
2000-08-15,XLB,10.46875,10.59375,10.40625,10.5625,54600
2000-08-16,XLB,10.65625,10.6875,10.515625,10.5625,60400
2000-08-17,XLB,10.6875,10.6875,10.492188453674316,10.585938453674316,121400
2000-08-18,XLB,10.484375,10.570313453674316,10.351563453674316,10.398438453674316,49400
2000-08-21,XLB,10.5,10.5,10.296875,10.34375,28800
2000-08-22,XLB,10.359375,10.359375,10.234375,10.242188453674316,43400
2000-08-23,XLB,10.242188453674316,10.242188453674316,10.125,10.195313453674316,84200
2000-08-24,XLB,10.203125,10.289063453674316,10.140625,10.210938453674316,40400
2000-08-25,XLB,10.25,10.25,10.140625,10.15625,122400
2000-08-28,XLB,10.140625,10.25,10.140625,10.140625,81600
2000-08-29,XLB,10.125,10.1875,10.0,10.0,57000
2000-08-30,XLB,10.03125,10.140625,9.945313453674316,10.023438453674316,24000
2000-08-31,XLB,9.953125,10.1875,9.953125,10.132813453674316,26400
2000-09-01,XLB,10.078125,10.078125,9.96875,10.03125,19000
2000-09-05,XLB,10.0,10.265625,10.0,10.234375,1131200
2000-09-06,XLB,10.328125,10.421875,10.304688453674316,10.40625,93200
2000-09-07,XLB,10.09375,10.09375,9.765625,9.90625,120400
2000-09-08,XLB,9.859375,9.859375,9.6875,9.734375,1535800
2000-09-11,XLB,9.734375,9.84375,9.640625,9.671875,913200
2000-09-12,XLB,9.65625,9.65625,9.554688453674316,9.609375,1179400
2000-09-13,XLB,9.546875,9.625,9.546875,9.5625,57800
2000-09-14,XLB,9.507813453674316,9.578125,9.375,9.390625,102800
2000-09-15,XLB,9.3125,9.3125,9.1875,9.1875,51800
2000-09-18,XLB,9.21875,9.21875,9.0625,9.15625,69800
2000-09-19,XLB,9.085938453674316,9.085938453674316,8.875,8.90625,72800
2000-09-20,XLB,8.875,8.921875,8.6875,8.796875,75800
2000-09-21,XLB,8.734375,8.890625,8.703125,8.765625,45000
2000-09-22,XLB,8.890625,8.890625,8.6875,8.75,47400
2000-09-25,XLB,8.8125,8.8125,8.6875,8.726563453674316,53600
2000-09-26,XLB,8.695313453674316,8.804688453674316,8.625,8.640625,60600
2000-09-27,XLB,8.601563453674316,8.703125,8.570313453674316,8.601563453674316,32600
2000-09-28,XLB,8.601563453674316,8.921875,8.601563453674316,8.859375,42200
2000-09-29,XLB,8.867188453674316,9.179688453674316,8.867188453674316,9.085938453674316,332200
2000-10-02,XLB,9.0625,9.0625,8.820313453674316,8.875,44200
2000-10-03,XLB,8.90625,9.40625,8.90625,9.367188453674316,219400
2000-10-04,XLB,9.492188453674316,9.6875,9.4375,9.453125,92200
2000-10-05,XLB,9.554688453674316,9.554688453674316,9.28125,9.359375,27400
2000-10-06,XLB,9.375,9.5,9.234375,9.28125,49800
2000-10-09,XLB,9.375,9.53125,9.265625,9.304688453674316,101800
2000-10-10,XLB,9.375,9.429688453674316,9.257813453674316,9.351563453674316,39800
2000-10-11,XLB,9.234375,9.421875,9.101563453674316,9.101563453674316,72600
2000-10-12,XLB,9.03125,9.0625,8.875,8.9375,39200
2000-10-13,XLB,8.75,8.8125,8.578125,8.734375,119600
2000-10-16,XLB,8.65625,8.9375,8.640625,8.726563453674316,25600
2000-10-17,XLB,8.734375,8.90625,8.59375,8.648438453674316,62000
2000-10-18,XLB,8.625,8.75,8.5,8.75,41000
2000-10-19,XLB,8.804688453674316,8.804688453674316,8.609375,8.734375,90200
2000-10-20,XLB,8.625,8.6875,8.523438453674316,8.617188453674316,32400
2000-10-23,XLB,8.640625,8.71875,8.53125,8.679688453674316,61000
2000-10-24,XLB,8.6875,9.03125,8.6875,9.03125,264400
2000-10-25,XLB,8.953125,8.96875,8.8125,8.96875,144200
2000-10-26,XLB,9.0,9.125,8.953125,9.125,103600
2000-10-27,XLB,9.0625,9.125,8.84375,9.09375,25600
2000-10-30,XLB,9.304688453674316,9.867188453674316,9.296875,9.8125,313400
2000-10-31,XLB,9.9375,9.960938453674316,9.664063453674316,9.882813453674316,152400
2000-11-01,XLB,9.9375,9.953125,9.71875,9.804688453674316,57000
2000-11-02,XLB,9.710938453674316,9.734375,9.59375,9.734375,89000
2000-11-03,XLB,9.640625,9.75,9.578125,9.75,25200
2000-11-06,XLB,9.828125,9.875,9.75,9.757813453674316,424000
2000-11-07,XLB,9.882813453674316,9.921875,9.804688453674316,9.875,85000
2000-11-08,XLB,9.898438453674316,10.0625,9.78125,9.984375,74600
2000-11-09,XLB,9.984375,9.984375,9.632813453674316,9.84375,68600
2000-11-10,XLB,9.875,9.875,9.59375,9.703125,65600
2000-11-13,XLB,9.6875,9.8125,9.640625,9.742188453674316,32200
2000-11-14,XLB,9.75,9.820313453674316,9.617188453674316,9.820313453674316,424600
2000-11-15,XLB,9.867188453674316,10.0,9.804688453674316,9.875,158800
2000-11-16,XLB,9.84375,9.84375,9.5,9.578125,66600
2000-11-17,XLB,9.53125,9.84375,9.46875,9.570313453674316,132600
2000-11-20,XLB,9.570313453674316,9.570313453674316,9.390625,9.460938453674316,22400
2000-11-21,XLB,9.390625,9.492188453674316,9.375,9.382813453674316,63200
2000-11-22,XLB,9.4375,9.445313453674316,9.335938453674316,9.375,43800
2000-11-24,XLB,9.546875,9.546875,9.460938453674316,9.5,7800
2000-11-27,XLB,9.539063453674316,9.578125,9.421875,9.5,47400
2000-11-28,XLB,9.515625,9.648438453674316,9.46875,9.515625,54400
2000-11-29,XLB,9.585938453674316,9.734375,9.539063453674316,9.734375,158600
2000-11-30,XLB,9.671875,9.710938453674316,9.523438453674316,9.632813453674316,146200
2000-12-01,XLB,9.820313453674316,10.03125,9.757813453674316,9.953125,353200
2000-12-04,XLB,10.125,10.53125,10.125,10.484375,807800
2000-12-05,XLB,10.492188453674316,10.5625,10.25,10.5625,272400
2000-12-06,XLB,10.570313453674316,10.609375,10.3125,10.328125,295200
2000-12-07,XLB,10.25,10.25,10.007813453674316,10.015625,51600
2000-12-08,XLB,10.132813453674316,10.328125,10.023438453674316,10.1875,59600
2000-12-11,XLB,10.234375,10.242188453674316,10.0625,10.1875,48400
2000-12-12,XLB,10.09375,10.375,10.09375,10.140625,97000
2000-12-13,XLB,10.148438453674316,10.21875,10.039063453674316,10.21875,113000
2000-12-14,XLB,10.21875,10.242188453674316,10.054688453674316,10.125,59000
2000-12-15,XLB,9.96875,10.03125,9.859375,9.984375,105600
2000-12-18,XLB,9.726563453674316,9.945313453674316,9.695313453674316,9.875,135200
2000-12-19,XLB,9.90625,10.21875,9.851563453674316,10.1875,305200
2000-12-20,XLB,9.953125,10.046875,9.804688453674316,9.804688453674316,39000
2000-12-21,XLB,9.890625,10.226563453674316,9.875,10.15625,286600
2000-12-22,XLB,10.3125,10.6875,10.179688453674316,10.679688453674316,401800
2000-12-26,XLB,10.695313453674316,10.695313453674316,10.5,10.648438453674316,50400
2000-12-27,XLB,10.75,10.875,10.53125,10.820313453674316,170800
2000-12-28,XLB,10.828125,11.0,10.601563453674316,10.921875,173200
2000-12-29,XLB,10.992188453674316,10.992188453674316,10.65625,10.710938453674316,111800
2001-01-02,XLB,10.875,10.875,10.40625,10.5,503600
2001-01-03,XLB,10.601563453674316,10.679688453674316,10.28125,10.5625,171200
2001-01-04,XLB,10.4375,10.945313453674316,10.4375,10.914063453674316,524800
2001-01-05,XLB,10.71875,10.8125,10.5,10.6875,86800
2001-01-08,XLB,10.671875,10.898438453674316,10.570313453674316,10.71875,51200
2001-01-09,XLB,10.648438453674316,10.65625,10.28125,10.28125,349000
2001-01-10,XLB,10.3125,10.375,10.09375,10.375,136200
2001-01-11,XLB,10.09375,10.09375,9.921875,10.09375,354800
2001-01-12,XLB,10.0,10.0,9.734375,9.859375,270400
2001-01-16,XLB,9.984375,10.195313453674316,9.796875,10.1875,104800
2001-01-17,XLB,10.242188453674316,10.242188453674316,10.0,10.132813453674316,146000
2001-01-18,XLB,10.046875,10.117188453674316,9.914063453674316,10.078125,63600
2001-01-19,XLB,9.890625,9.96875,9.703125,9.796875,125800
2001-01-22,XLB,9.75,9.921875,9.578125,9.875,69800
2001-01-23,XLB,10.0625,10.0625,9.90625,9.90625,31400
2001-01-24,XLB,9.953125,10.046875,9.875,9.945313453674316,71400
2001-01-25,XLB,9.875,10.171875,9.875,10.078125,89000
2001-01-26,XLB,10.132813453674316,10.140625,9.859375,9.976563453674316,62200
2001-01-29,XLB,9.845000267028809,10.005000114440918,9.829999923706055,9.944999694824219,469000
2001-01-30,XLB,9.920000076293945,10.319999694824219,9.859999656677246,10.319999694824219,175800
2001-01-31,XLB,10.34000015258789,10.475000381469727,10.335000038146973,10.425000190734863,96600
2001-02-01,XLB,10.609999656677246,10.609999656677246,10.364999771118164,10.479999542236328,66400
2001-02-02,XLB,10.539999961853027,10.595000267028809,10.404999732971191,10.444999694824219,173200
2001-02-05,XLB,10.5,10.539999961853027,10.4350004196167,10.539999961853027,225800
2001-02-06,XLB,10.529999732971191,10.529999732971191,10.375,10.449999809265137,38400
2001-02-07,XLB,10.524999618530273,10.524999618530273,10.359999656677246,10.449999809265137,352600
2001-02-08,XLB,10.5,10.5,10.295000076293945,10.3100004196167,68000
2001-02-09,XLB,10.225000381469727,10.375,10.225000381469727,10.300000190734863,35600
2001-02-12,XLB,10.225000381469727,10.345000267028809,10.175000190734863,10.300000190734863,298200
2001-02-13,XLB,10.194999694824219,10.470000267028809,10.194999694824219,10.270000457763672,909400
2001-02-14,XLB,10.34000015258789,10.34000015258789,10.154999732971191,10.154999732971191,31200
2001-02-15,XLB,10.164999961853027,10.569999694824219,10.164999961853027,10.545000076293945,65400
2001-02-16,XLB,10.40999984741211,10.53499984741211,10.255000114440918,10.3100004196167,84800
2001-02-20,XLB,10.390000343322754,10.555000305175781,10.274999618530273,10.274999618530273,66600
2001-02-21,XLB,10.199999809265137,10.3149995803833,10.050000190734863,10.100000381469727,125600
2001-02-22,XLB,10.100000381469727,10.260000228881836,10.079999923706055,10.175000190734863,99400
2001-02-23,XLB,10.135000228881836,10.175000190734863,10.0,10.125,173600
2001-02-26,XLB,10.140000343322754,10.520000457763672,10.140000343322754,10.5,125200
2001-02-27,XLB,10.475000381469727,10.59000015258789,10.420000076293945,10.515000343322754,37400
2001-02-28,XLB,10.640000343322754,10.675000190734863,10.470000267028809,10.5600004196167,66200
2001-03-01,XLB,10.59000015258789,10.619999885559082,10.4399995803833,10.569999694824219,82200
2001-03-02,XLB,10.675000190734863,10.875,10.59000015258789,10.819999694824219,184400
2001-03-05,XLB,10.899999618530273,11.045000076293945,10.850000381469727,11.015000343322754,224200
2001-03-06,XLB,11.050000190734863,11.0649995803833,10.885000228881836,10.989999771118164,504600
2001-03-07,XLB,11.074999809265137,11.319999694824219,11.074999809265137,11.3149995803833,270800
2001-03-08,XLB,11.300000190734863,11.425000190734863,11.104999542236328,11.354999542236328,198000
2001-03-09,XLB,11.414999961853027,11.430000305175781,11.145000457763672,11.260000228881836,60600
2001-03-12,XLB,11.199999809265137,11.199999809265137,10.779999732971191,10.8100004196167,434400
2001-03-13,XLB,10.864999771118164,10.864999771118164,10.510000228881836,10.720000267028809,237800
2001-03-14,XLB,10.449999809265137,10.614999771118164,10.34000015258789,10.444999694824219,147400
2001-03-15,XLB,10.510000228881836,10.510000228881836,10.21500015258789,10.21500015258789,105200
2001-03-16,XLB,10.199999809265137,10.3100004196167,10.100000381469727,10.125,181400
2001-03-19,XLB,10.149999618530273,10.449999809265137,10.149999618530273,10.364999771118164,103800
2001-03-20,XLB,10.4399995803833,10.71500015258789,10.270000457763672,10.425000190734863,147000
2001-03-21,XLB,10.324999809265137,10.324999809265137,10.03499984741211,10.100000381469727,110600
2001-03-22,XLB,9.920000076293945,9.970000267028809,9.515000343322754,9.779999732971191,253800
2001-03-23,XLB,9.800000190734863,9.960000038146973,9.645000457763672,9.875,52000
2001-03-26,XLB,9.960000038146973,10.135000228881836,9.885000228881836,9.975000381469727,155800
2001-03-27,XLB,10.029999732971191,10.229999542236328,10.029999732971191,10.225000381469727,38000
2001-03-28,XLB,10.050000190734863,10.194999694824219,9.899999618530273,10.194999694824219,146400
2001-03-29,XLB,10.0600004196167,10.09000015258789,9.899999618530273,10.069999694824219,80000
2001-03-30,XLB,9.9399995803833,10.095000267028809,9.90999984741211,9.984999656677246,106000
2001-04-02,XLB,10.239999771118164,10.329999923706055,9.979999542236328,10.039999961853027,23600
2001-04-03,XLB,9.960000038146973,9.960000038146973,9.75,9.835000038146973,73800
2001-04-04,XLB,9.850000381469727,10.149999618530273,9.850000381469727,10.024999618530273,67800
2001-04-05,XLB,10.345000267028809,10.4350004196167,10.220000267028809,10.354999542236328,31000
2001-04-06,XLB,10.380000114440918,10.380000114440918,10.109999656677246,10.234999656677246,41000
2001-04-09,XLB,10.324999809265137,10.550000190734863,10.319999694824219,10.404999732971191,73400
2001-04-10,XLB,10.699999809265137,10.875,10.65999984741211,10.859999656677246,1845000
2001-04-11,XLB,10.949999809265137,10.970000267028809,10.604999542236328,10.725000381469727,120200
2001-04-12,XLB,10.725000381469727,10.725000381469727,10.510000228881836,10.675000190734863,68600
2001-04-16,XLB,10.725000381469727,10.930000305175781,10.664999961853027,10.694999694824219,59000
2001-04-17,XLB,10.65999984741211,10.75,10.600000381469727,10.680000305175781,130000
2001-04-18,XLB,10.800000190734863,11.239999771118164,10.604999542236328,11.125,205800
2001-04-19,XLB,11.100000381469727,11.100000381469727,10.904999732971191,10.944999694824219,79600
2001-04-20,XLB,11.0,11.085000038146973,10.859999656677246,10.914999961853027,41800
2001-04-23,XLB,10.949999809265137,10.979999542236328,10.84000015258789,10.84000015258789,32000
2001-04-24,XLB,10.96500015258789,10.989999771118164,10.875,10.890000343322754,47800
2001-04-25,XLB,10.864999771118164,10.875,10.725000381469727,10.850000381469727,62600
2001-04-26,XLB,10.875,11.199999809265137,10.875,11.199999809265137,360200
2001-04-27,XLB,11.225000381469727,11.289999961853027,11.109999656677246,11.210000038146973,143200
2001-04-30,XLB,11.21500015258789,11.3100004196167,11.0,11.050000190734863,247000
2001-05-01,XLB,11.024999618530273,11.194999694824219,10.989999771118164,11.175000190734863,28000
2001-05-02,XLB,11.199999809265137,11.25,11.039999961853027,11.175000190734863,401400
2001-05-03,XLB,11.100000381469727,11.170000076293945,11.0,11.154999732971191,52200
2001-05-04,XLB,11.074999809265137,11.350000381469727,11.0,11.345000267028809,52200
2001-05-07,XLB,11.350000381469727,11.4350004196167,11.210000038146973,11.210000038146973,211000
2001-05-08,XLB,11.324999809265137,11.324999809265137,11.225000381469727,11.239999771118164,102600
2001-05-09,XLB,11.375,11.444999694824219,11.260000228881836,11.350000381469727,87800
2001-05-10,XLB,11.5,11.609999656677246,11.5,11.59000015258789,324000
2001-05-11,XLB,11.574999809265137,11.574999809265137,11.255000114440918,11.359999656677246,45800
2001-05-14,XLB,11.295000076293945,11.449999809265137,11.295000076293945,11.4399995803833,19400
2001-05-15,XLB,11.369999885559082,11.595000267028809,11.369999885559082,11.524999618530273,126800
2001-05-16,XLB,11.59000015258789,12.125,11.59000015258789,12.125,234200
2001-05-17,XLB,12.210000038146973,12.3149995803833,12.1850004196167,12.25,201200
2001-05-18,XLB,12.295000076293945,12.295000076293945,12.050000190734863,12.1899995803833,280000
2001-05-21,XLB,12.175000190734863,12.295000076293945,12.050000190734863,12.295000076293945,377200
2001-05-22,XLB,12.225000381469727,12.225000381469727,11.979999542236328,12.0600004196167,980400
2001-05-23,XLB,11.930000305175781,11.994999885559082,11.8100004196167,11.854999542236328,132200
2001-05-24,XLB,11.800000190734863,11.8100004196167,11.470000267028809,11.529999732971191,812400
2001-05-25,XLB,11.510000228881836,11.630000114440918,11.5,11.545000076293945,70800
2001-05-29,XLB,11.649999618530273,11.710000038146973,11.585000038146973,11.699999809265137,131400
2001-05-30,XLB,11.649999618530273,11.649999618530273,11.399999618530273,11.460000038146973,74600
2001-05-31,XLB,11.5,11.664999961853027,11.475000381469727,11.475000381469727,68200
2001-06-01,XLB,11.579999923706055,11.630000114440918,11.350000381469727,11.569999694824219,726400
2001-06-04,XLB,11.625,11.699999809265137,11.614999771118164,11.699999809265137,48600
2001-06-05,XLB,11.710000038146973,11.835000038146973,11.489999771118164,11.835000038146973,86800
2001-06-06,XLB,11.779999732971191,11.899999618530273,11.625,11.625,66000
2001-06-07,XLB,11.619999885559082,11.829999923706055,11.619999885559082,11.760000228881836,50200
2001-06-08,XLB,11.760000228881836,11.760000228881836,11.59000015258789,11.71500015258789,29200
2001-06-11,XLB,11.694999694824219,11.694999694824219,11.449999809265137,11.550000190734863,174200
2001-06-12,XLB,11.53499984741211,11.53499984741211,11.34000015258789,11.449999809265137,50600
2001-06-13,XLB,11.5,11.569999694824219,11.470000267028809,11.489999771118164,34400
2001-06-14,XLB,11.404999732971191,11.404999732971191,11.1899995803833,11.199999809265137,49400
2001-06-15,XLB,11.055000305175781,11.170000076293945,11.029999732971191,11.114999771118164,97600
2001-06-18,XLB,11.050000190734863,11.154999732971191,11.005000114440918,11.005000114440918,221800
2001-06-19,XLB,11.104999542236328,11.135000228881836,10.989999771118164,11.029999732971191,205000
2001-06-20,XLB,11.029999732971191,11.220000267028809,11.029999732971191,11.130000114440918,182400
2001-06-21,XLB,11.03499984741211,11.140000343322754,11.0,11.074999809265137,85200
2001-06-22,XLB,11.055000305175781,11.109999656677246,10.895000457763672,10.899999618530273,454200
2001-06-25,XLB,10.899999618530273,10.930000305175781,10.755000114440918,10.774999618530273,124800
2001-06-26,XLB,10.755000114440918,10.970000267028809,10.65999984741211,10.875,117800
2001-06-27,XLB,10.925000190734863,11.055000305175781,10.850000381469727,10.975000381469727,46600
2001-06-28,XLB,11.039999961853027,11.079999923706055,10.984999656677246,10.984999656677246,23600
2001-06-29,XLB,11.0,11.109999656677246,11.0,11.029999732971191,145800
2001-07-02,XLB,10.979999542236328,11.199999809265137,10.979999542236328,11.145000457763672,51000
2001-07-03,XLB,11.079999923706055,11.109999656677246,10.954999923706055,11.109999656677246,207400
2001-07-05,XLB,11.050000190734863,11.114999771118164,10.979999542236328,11.0649995803833,279400
2001-07-06,XLB,11.020000457763672,11.09000015258789,10.914999961853027,10.9350004196167,89000
2001-07-09,XLB,10.975000381469727,11.0649995803833,10.899999618530273,11.03499984741211,100600
2001-07-10,XLB,11.109999656677246,11.109999656677246,10.914999961853027,10.914999961853027,185400
2001-07-11,XLB,10.994999885559082,11.0649995803833,10.885000228881836,10.949999809265137,118600
2001-07-12,XLB,10.9350004196167,11.1850004196167,10.9350004196167,11.1850004196167,72400
2001-07-13,XLB,11.225000381469727,11.225000381469727,11.109999656677246,11.194999694824219,30400
2001-07-16,XLB,11.09000015258789,11.145000457763672,10.975000381469727,11.015000343322754,129400
2001-07-17,XLB,10.989999771118164,11.020000457763672,10.885000228881836,10.970000267028809,22400
2001-07-18,XLB,10.979999542236328,11.25,10.925000190734863,11.239999771118164,200200
2001-07-19,XLB,11.34000015258789,11.390000343322754,11.225000381469727,11.265000343322754,37200
2001-07-20,XLB,11.3149995803833,11.3149995803833,11.125,11.1899995803833,87000
2001-07-23,XLB,11.020000457763672,11.039999961853027,10.970000267028809,10.970000267028809,8200
2001-07-24,XLB,10.899999618530273,10.899999618530273,10.5649995803833,10.640000343322754,360000
2001-07-25,XLB,10.524999618530273,10.899999618530273,10.515000343322754,10.864999771118164,152600
2001-07-26,XLB,10.845000267028809,10.850000381469727,10.725000381469727,10.805000305175781,19000
2001-07-27,XLB,10.859999656677246,10.930000305175781,10.800000190734863,10.835000038146973,50600
2001-07-30,XLB,10.800000190734863,10.850000381469727,10.744999885559082,10.760000228881836,65800
2001-07-31,XLB,10.824999809265137,11.069999694824219,10.824999809265137,11.0,47800
2001-08-01,XLB,11.050000190734863,11.050000190734863,10.864999771118164,10.949999809265137,214400
2001-08-02,XLB,10.975000381469727,11.020000457763672,10.84000015258789,10.875,63400
2001-08-03,XLB,10.960000038146973,10.960000038146973,10.824999809265137,10.850000381469727,22000
2001-08-06,XLB,10.949999809265137,10.96500015258789,10.850000381469727,10.864999771118164,46800
2001-08-07,XLB,10.890000343322754,10.890000343322754,10.760000228881836,10.78499984741211,76600
2001-08-08,XLB,10.8100004196167,10.899999618530273,10.664999961853027,10.6899995803833,170600
2001-08-09,XLB,10.654999732971191,10.720000267028809,10.595000267028809,10.595000267028809,89600
2001-08-10,XLB,10.625,10.864999771118164,10.5600004196167,10.864999771118164,13600
2001-08-13,XLB,10.824999809265137,10.899999618530273,10.725000381469727,10.899999618530273,34200
2001-08-14,XLB,10.8100004196167,10.920000076293945,10.8100004196167,10.850000381469727,21600
2001-08-15,XLB,10.850000381469727,10.975000381469727,10.850000381469727,10.90999984741211,339000
2001-08-16,XLB,10.800000190734863,10.869999885559082,10.78499984741211,10.789999961853027,30400
2001-08-17,XLB,10.744999885559082,10.895000457763672,10.744999885559082,10.854999542236328,19800
2001-08-20,XLB,10.835000038146973,10.864999771118164,10.770000457763672,10.864999771118164,41800
2001-08-21,XLB,10.970000267028809,11.050000190734863,10.864999771118164,10.914999961853027,106200
2001-08-22,XLB,10.914999961853027,10.989999771118164,10.779999732971191,10.890000343322754,78800
2001-08-23,XLB,10.890000343322754,10.989999771118164,10.850000381469727,10.975000381469727,20800
2001-08-24,XLB,11.0,11.21500015258789,10.96500015258789,11.125,221400
2001-08-27,XLB,11.234999656677246,11.25,11.145000457763672,11.145000457763672,21400
2001-08-28,XLB,11.100000381469727,11.125,10.975000381469727,11.039999961853027,59200
2001-08-29,XLB,11.164999961853027,11.164999961853027,10.899999618530273,10.899999618530273,39400
2001-08-30,XLB,10.899999618530273,10.90999984741211,10.845000267028809,10.859999656677246,36400
2001-08-31,XLB,10.78499984741211,10.96500015258789,10.78499984741211,10.954999923706055,71000
2001-09-04,XLB,10.824999809265137,11.154999732971191,10.824999809265137,10.954999923706055,62800
2001-09-05,XLB,11.100000381469727,11.100000381469727,10.914999961853027,11.095000267028809,52400
2001-09-06,XLB,11.0,11.0,10.819999694824219,10.819999694824219,43600
2001-09-07,XLB,10.625,10.800000190734863,10.479999542236328,10.479999542236328,149600
2001-09-10,XLB,10.5,10.5,10.274999618530273,10.274999618530273,111400
2001-09-17,XLB,9.649999618530273,9.850000381469727,9.350000381469727,9.515000343322754,97400
2001-09-18,XLB,9.5,9.649999618530273,9.449999809265137,9.5,64600
2001-09-19,XLB,9.510000228881836,9.520000457763672,9.210000038146973,9.350000381469727,134400
2001-09-20,XLB,9.324999809265137,9.335000038146973,8.994999885559082,8.994999885559082,111200
2001-09-21,XLB,8.524999618530273,8.885000228881836,8.524999618530273,8.824999809265137,38400
2001-09-24,XLB,9.024999618530273,9.300000190734863,9.0,9.244999885559082,63600
2001-09-25,XLB,9.1899995803833,9.34000015258789,9.100000381469727,9.270000457763672,47800
2001-09-26,XLB,9.270000457763672,9.390000343322754,9.085000038146973,9.194999694824219,204800
2001-09-27,XLB,9.21500015258789,9.390000343322754,9.114999771118164,9.295000076293945,88400
2001-09-28,XLB,9.34000015258789,9.65999984741211,9.34000015258789,9.600000381469727,56000
2001-10-01,XLB,9.600000381469727,9.630000114440918,9.420000076293945,9.630000114440918,54200
2001-10-02,XLB,9.635000228881836,9.71500015258789,9.5649995803833,9.670000076293945,81400
2001-10-03,XLB,9.59000015258789,9.789999961853027,9.59000015258789,9.789999961853027,24200
2001-10-04,XLB,9.805000305175781,9.845000267028809,9.619999885559082,9.619999885559082,91200
2001-10-05,XLB,9.739999771118164,9.789999961853027,9.609999656677246,9.789999961853027,56000
2001-10-08,XLB,9.6899995803833,9.720000267028809,9.505000114440918,9.585000038146973,28800
2001-10-09,XLB,9.510000228881836,9.71500015258789,9.510000228881836,9.675000190734863,58600
2001-10-10,XLB,9.725000381469727,9.9399995803833,9.725000381469727,9.9399995803833,105000
2001-10-11,XLB,9.9399995803833,10.295000076293945,9.460000038146973,10.265000343322754,173000
2001-10-12,XLB,10.175000190734863,10.234999656677246,10.050000190734863,10.100000381469727,47600
2001-10-15,XLB,9.96500015258789,10.119999885559082,9.96500015258789,10.104999542236328,1535000
2001-10-16,XLB,10.039999961853027,10.225000381469727,10.029999732971191,10.1899995803833,67800
2001-10-17,XLB,10.274999618530273,10.274999618530273,9.979999542236328,9.994999885559082,311000
2001-10-18,XLB,10.050000190734863,10.050000190734863,9.890000343322754,9.979999542236328,87000
2001-10-19,XLB,9.869999885559082,9.880000114440918,9.774999618530273,9.854999542236328,86000
2001-10-22,XLB,9.850000381469727,10.135000228881836,9.850000381469727,10.085000038146973,40600
2001-10-23,XLB,10.100000381469727,10.270000457763672,10.100000381469727,10.21500015258789,81600
2001-10-24,XLB,10.225000381469727,10.239999771118164,10.09000015258789,10.1850004196167,65000
2001-10-25,XLB,10.045000076293945,10.180000305175781,10.0,10.164999961853027,41200
2001-10-26,XLB,10.225000381469727,10.345000267028809,10.1899995803833,10.34000015258789,58200
2001-10-29,XLB,10.300000190734863,10.300000190734863,10.09000015258789,10.09000015258789,29400
2001-10-30,XLB,9.949999809265137,10.085000038146973,9.925000190734863,10.015000343322754,17600
2001-10-31,XLB,10.050000190734863,10.050000190734863,9.859999656677246,9.859999656677246,31000
2001-11-01,XLB,9.960000038146973,10.140000343322754,9.829999923706055,10.074999809265137,35800
2001-11-02,XLB,10.005000114440918,10.28499984741211,10.005000114440918,10.229999542236328,44400
2001-11-05,XLB,10.354999542236328,10.380000114440918,10.21500015258789,10.270000457763672,118600
2001-11-06,XLB,10.289999961853027,10.484999656677246,10.225000381469727,10.484999656677246,286200
2001-11-07,XLB,10.4399995803833,10.569999694824219,10.399999618530273,10.479999542236328,484400
2001-11-08,XLB,10.574999809265137,10.600000381469727,10.40999984741211,10.489999771118164,165000
2001-11-09,XLB,10.40999984741211,10.524999618530273,10.375,10.520000457763672,18400
2001-11-12,XLB,10.449999809265137,10.449999809265137,10.289999961853027,10.375,93400
2001-11-13,XLB,10.475000381469727,10.694999694824219,10.475000381469727,10.654999732971191,152000
2001-11-14,XLB,10.800000190734863,10.890000343322754,10.774999618530273,10.829999923706055,111600
2001-11-15,XLB,10.875,11.0,10.850000381469727,10.875,184400
2001-11-16,XLB,11.0,11.0,10.845000267028809,10.930000305175781,177000
2001-11-19,XLB,10.989999771118164,11.109999656677246,10.970000267028809,11.045000076293945,79600
2001-11-20,XLB,10.904999732971191,11.03499984741211,10.904999732971191,11.0,59800
2001-11-21,XLB,10.989999771118164,11.050000190734863,10.925000190734863,10.925000190734863,44600
2001-11-23,XLB,10.890000343322754,11.135000228881836,10.890000343322754,11.135000228881836,76000
2001-11-26,XLB,11.024999618530273,11.095000267028809,10.920000076293945,11.0,90600
2001-11-27,XLB,10.96500015258789,11.140000343322754,10.954999923706055,11.085000038146973,128000
2001-11-28,XLB,11.039999961853027,11.085000038146973,10.930000305175781,10.975000381469727,158400
2001-11-29,XLB,11.0,11.039999961853027,10.854999542236328,10.970000267028809,68000
2001-11-30,XLB,10.994999885559082,11.114999771118164,10.930000305175781,11.109999656677246,37600
2001-12-03,XLB,10.899999618530273,11.010000228881836,10.84000015258789,10.84000015258789,175600
2001-12-04,XLB,10.9399995803833,11.050000190734863,10.899999618530273,11.050000190734863,140200
2001-12-05,XLB,11.135000228881836,11.430000305175781,11.135000228881836,11.300000190734863,206800
2001-12-06,XLB,11.324999809265137,11.5,11.265000343322754,11.324999809265137,64200
2001-12-07,XLB,11.234999656677246,11.28499984741211,11.0600004196167,11.085000038146973,43600
2001-12-10,XLB,11.0,11.085000038146973,10.864999771118164,10.895000457763672,66200
2001-12-11,XLB,10.84000015258789,11.069999694824219,10.819999694824219,10.979999542236328,33200
2001-12-12,XLB,10.920000076293945,10.944999694824219,10.734999656677246,10.895000457763672,77200
2001-12-13,XLB,10.75,10.8100004196167,10.595000267028809,10.635000228881836,2848600
2001-12-14,XLB,10.635000228881836,10.744999885559082,10.600000381469727,10.600000381469727,133000
2001-12-17,XLB,10.6850004196167,10.84000015258789,10.680000305175781,10.779999732971191,98600
2001-12-18,XLB,10.835000038146973,11.119999885559082,10.835000038146973,11.119999885559082,94400
2001-12-19,XLB,10.890000343322754,10.954999923706055,10.8100004196167,10.920000076293945,122400
2001-12-20,XLB,10.875,10.925000190734863,10.8149995803833,10.8149995803833,4677200
2001-12-21,XLB,10.875,10.880000114440918,10.609999656677246,10.71500015258789,761200
2001-12-24,XLB,10.6899995803833,10.770000457763672,10.630000114440918,10.734999656677246,732000
2001-12-26,XLB,10.739999771118164,10.774999618530273,10.654999732971191,10.654999732971191,33600
2001-12-27,XLB,10.654999732971191,10.8100004196167,10.654999732971191,10.765000343322754,279800
2001-12-28,XLB,10.875,10.885000228881836,10.779999732971191,10.845000267028809,317400
2001-12-31,XLB,10.850000381469727,10.960000038146973,10.710000038146973,10.710000038146973,3188000
2002-01-02,XLB,10.720000267028809,10.829999923706055,10.720000267028809,10.789999961853027,81400
2002-01-03,XLB,10.805000305175781,11.0,10.734999656677246,10.989999771118164,276200
2002-01-04,XLB,11.130000114440918,11.255000114440918,11.074999809265137,11.199999809265137,464800
2002-01-07,XLB,11.28499984741211,11.335000038146973,11.199999809265137,11.199999809265137,838800
2002-01-08,XLB,11.220000267028809,11.220000267028809,11.0,11.010000228881836,517200
2002-01-09,XLB,11.125,11.140000343322754,10.944999694824219,10.944999694824219,414200
2002-01-10,XLB,10.949999809265137,10.949999809265137,10.645000457763672,10.755000114440918,79200
2002-01-11,XLB,10.755000114440918,10.770000457763672,10.625,10.625,100400
2002-01-14,XLB,10.555000305175781,10.555000305175781,10.274999618530273,10.274999618530273,94400
2002-01-15,XLB,10.300000190734863,10.4399995803833,10.274999618530273,10.324999809265137,40000
2002-01-16,XLB,10.199999809265137,10.25,10.029999732971191,10.079999923706055,245200
2002-01-17,XLB,10.010000228881836,10.125,9.845000267028809,10.125,306000
2002-01-18,XLB,10.005000114440918,10.175000190734863,10.005000114440918,10.03499984741211,191200
2002-01-22,XLB,10.175000190734863,10.220000267028809,10.074999809265137,10.109999656677246,41000
2002-01-23,XLB,10.119999885559082,10.295000076293945,10.119999885559082,10.274999618530273,220600
2002-01-24,XLB,10.385000228881836,10.579999923706055,10.385000228881836,10.484999656677246,1108000
2002-01-25,XLB,10.510000228881836,10.864999771118164,10.510000228881836,10.795000076293945,550800
2002-01-28,XLB,10.885000228881836,10.885000228881836,10.739999771118164,10.78499984741211,91400
2002-01-29,XLB,10.734999656677246,10.824999809265137,10.585000038146973,10.645000457763672,1070800
2002-01-30,XLB,10.545000076293945,10.734999656677246,10.539999961853027,10.729999542236328,271400
2002-01-31,XLB,10.59000015258789,10.979999542236328,10.59000015258789,10.960000038146973,2669200
2002-02-01,XLB,11.050000190734863,11.050000190734863,10.875,10.90999984741211,305600
2002-02-04,XLB,10.925000190734863,10.9350004196167,10.755000114440918,10.8100004196167,652200
2002-02-05,XLB,10.78499984741211,10.845000267028809,10.65999984741211,10.670000076293945,6042400
2002-02-06,XLB,10.699999809265137,10.805000305175781,10.675000190734863,10.699999809265137,1530600
2002-02-07,XLB,10.675000190734863,10.765000343322754,10.649999618530273,10.675000190734863,3729400
2002-02-08,XLB,10.6899995803833,10.890000343322754,10.6899995803833,10.890000343322754,3142200
2002-02-11,XLB,10.920000076293945,11.229999542236328,10.914999961853027,11.1850004196167,3760800
2002-02-12,XLB,11.125,11.199999809265137,11.0649995803833,11.109999656677246,1571600
2002-02-13,XLB,11.109999656677246,11.270000457763672,11.109999656677246,11.229999542236328,1251800
2002-02-14,XLB,11.25,11.25,11.130000114440918,11.204999923706055,7368600
2002-02-15,XLB,11.300000190734863,11.390000343322754,11.244999885559082,11.25,5797200
2002-02-19,XLB,11.270000457763672,11.28499984741211,11.03499984741211,11.03499984741211,2719200
2002-02-20,XLB,11.130000114440918,11.220000267028809,11.09000015258789,11.194999694824219,2259000
2002-02-21,XLB,11.234999656677246,11.494999885559082,11.234999656677246,11.300000190734863,6197200
2002-02-22,XLB,11.289999961853027,11.454999923706055,11.289999961853027,11.399999618530273,2089200
2002-02-25,XLB,11.5,11.515000343322754,11.375,11.460000038146973,3735600
2002-02-26,XLB,11.479999542236328,11.53499984741211,11.395000457763672,11.479999542236328,1064000
2002-02-27,XLB,11.529999732971191,11.640000343322754,11.475000381469727,11.545000076293945,4017200
2002-02-28,XLB,11.569999694824219,11.645000457763672,11.510000228881836,11.539999961853027,3970000
2002-03-01,XLB,11.484999656677246,11.710000038146973,11.475000381469727,11.710000038146973,3215400
2002-03-04,XLB,11.770000457763672,12.03499984741211,11.75,12.029999732971191,1134200
2002-03-05,XLB,11.875,11.914999961853027,11.680000305175781,11.6850004196167,3891200
2002-03-06,XLB,11.75,11.9350004196167,11.71500015258789,11.899999618530273,2344000
2002-03-07,XLB,11.899999618530273,11.904999732971191,11.789999961853027,11.819999694824219,1232800
2002-03-08,XLB,11.869999885559082,11.930000305175781,11.6850004196167,11.770000457763672,2538200
2002-03-11,XLB,11.75,11.8149995803833,11.680000305175781,11.755000114440918,237400
2002-03-12,XLB,11.675000190734863,11.850000381469727,11.65999984741211,11.774999618530273,1369000
2002-03-13,XLB,11.729999542236328,11.789999961853027,11.619999885559082,11.625,252800
2002-03-14,XLB,11.635000228881836,11.824999809265137,11.625,11.78499984741211,170000
2002-03-15,XLB,11.789999961853027,11.869999885559082,11.75,11.854999542236328,151200
2002-03-18,XLB,11.925000190734863,11.975000381469727,11.84000015258789,11.899999618530273,244800
2002-03-19,XLB,11.899999618530273,12.0649995803833,11.899999618530273,12.010000228881836,580800
2002-03-20,XLB,11.960000038146973,12.074999809265137,11.930000305175781,11.954999923706055,677200
2002-03-21,XLB,11.954999923706055,11.954999923706055,11.699999809265137,11.760000228881836,642400
2002-03-22,XLB,11.765000343322754,11.795000076293945,11.654999732971191,11.664999961853027,798000
2002-03-25,XLB,11.699999809265137,11.699999809265137,11.515000343322754,11.515000343322754,299200
2002-03-26,XLB,11.5,11.779999732971191,11.46500015258789,11.729999542236328,763600
2002-03-27,XLB,11.789999961853027,11.979999542236328,11.765000343322754,11.975000381469727,491600
2002-03-28,XLB,11.960000038146973,12.0,11.845000267028809,11.854999542236328,2100800
2002-04-01,XLB,11.760000228881836,11.8100004196167,11.625,11.789999961853027,2426400
2002-04-02,XLB,11.800000190734863,11.800000190734863,11.710000038146973,11.739999771118164,490200
2002-04-03,XLB,11.800000190734863,11.8149995803833,11.524999618530273,11.574999809265137,3292200
2002-04-04,XLB,11.354999542236328,11.470000267028809,11.3149995803833,11.430000305175781,1347000
2002-04-05,XLB,11.53499984741211,11.654999732971191,11.53499984741211,11.585000038146973,2504000
2002-04-08,XLB,11.53499984741211,11.654999732971191,11.475000381469727,11.635000228881836,512600
2002-04-09,XLB,11.625,11.699999809265137,11.550000190734863,11.625,1062600
2002-04-10,XLB,11.6850004196167,11.899999618530273,11.675000190734863,11.875,214400
2002-04-11,XLB,11.9399995803833,11.954999923706055,11.739999771118164,11.739999771118164,644400
2002-04-12,XLB,11.835000038146973,11.835000038146973,11.645000457763672,11.680000305175781,535200
2002-04-15,XLB,11.71500015258789,11.71500015258789,11.579999923706055,11.649999618530273,275000
2002-04-16,XLB,11.670000076293945,11.875,11.670000076293945,11.854999542236328,866800
2002-04-17,XLB,11.864999771118164,11.925000190734863,11.864999771118164,11.90999984741211,349600
2002-04-18,XLB,11.960000038146973,11.96500015258789,11.75,11.779999732971191,575200
2002-04-19,XLB,11.774999618530273,11.864999771118164,11.765000343322754,11.800000190734863,1354200
2002-04-22,XLB,11.770000457763672,11.770000457763672,11.470000267028809,11.505000114440918,1123000
2002-04-23,XLB,11.4399995803833,11.484999656677246,11.335000038146973,11.364999771118164,1533200
2002-04-24,XLB,11.414999961853027,11.470000267028809,11.255000114440918,11.295000076293945,1619400
2002-04-25,XLB,11.220000267028809,11.274999618530273,11.149999618530273,11.270000457763672,2228400
2002-04-26,XLB,11.300000190734863,11.375,11.239999771118164,11.305000305175781,644000
2002-04-29,XLB,11.25,11.260000228881836,11.085000038146973,11.114999771118164,1491200
2002-04-30,XLB,11.074999809265137,11.390000343322754,11.074999809265137,11.295000076293945,878600
2002-05-01,XLB,11.300000190734863,11.420000076293945,11.180000305175781,11.3100004196167,209000
2002-05-02,XLB,11.359999656677246,11.59000015258789,11.359999656677246,11.555000305175781,813000
2002-05-03,XLB,11.550000190734863,11.675000190734863,11.520000457763672,11.630000114440918,1078400
2002-05-06,XLB,11.649999618530273,11.699999809265137,11.53499984741211,11.5600004196167,526400
2002-05-07,XLB,11.574999809265137,11.770000457763672,11.5649995803833,11.649999618530273,916800
2002-05-08,XLB,11.789999961853027,11.845000267028809,11.739999771118164,11.774999618530273,3139600
2002-05-09,XLB,11.760000228881836,11.899999618530273,11.760000228881836,11.78499984741211,307400
2002-05-10,XLB,11.78499984741211,11.84000015258789,11.729999542236328,11.744999885559082,187000
2002-05-13,XLB,11.699999809265137,11.829999923706055,11.649999618530273,11.829999923706055,177200
2002-05-14,XLB,11.9350004196167,12.03499984741211,11.90999984741211,12.010000228881836,761200
2002-05-15,XLB,12.024999618530273,12.119999885559082,11.96500015258789,12.039999961853027,443400
2002-05-16,XLB,12.050000190734863,12.100000381469727,11.960000038146973,12.0,707600
2002-05-17,XLB,12.045000076293945,12.055000305175781,11.899999618530273,12.055000305175781,1178600
2002-05-20,XLB,12.0,12.0,11.90999984741211,11.994999885559082,208800
2002-05-21,XLB,11.979999542236328,12.09000015258789,11.914999961853027,11.975000381469727,458400
2002-05-22,XLB,11.989999771118164,12.029999732971191,11.9399995803833,12.015000343322754,634400
2002-05-23,XLB,12.050000190734863,12.210000038146973,11.975000381469727,12.210000038146973,879400
2002-05-24,XLB,12.1899995803833,12.220000267028809,12.045000076293945,12.045000076293945,273600
2002-05-28,XLB,12.095000267028809,12.095000267028809,11.930000305175781,11.975000381469727,719000
2002-05-29,XLB,11.975000381469727,11.975000381469727,11.854999542236328,11.895000457763672,752000
2002-05-30,XLB,11.850000381469727,11.904999732971191,11.6850004196167,11.789999961853027,732600
2002-05-31,XLB,11.835000038146973,11.925000190734863,11.774999618530273,11.854999542236328,355400
2002-06-03,XLB,11.850000381469727,11.904999732971191,11.635000228881836,11.670000076293945,838600
2002-06-04,XLB,11.609999656677246,11.6899995803833,11.539999961853027,11.609999656677246,482000
2002-06-05,XLB,11.635000228881836,11.704999923706055,11.635000228881836,11.699999809265137,209000
2002-06-06,XLB,11.739999771118164,11.739999771118164,11.505000114440918,11.520000457763672,675200
2002-06-07,XLB,11.425000190734863,11.579999923706055,11.425000190734863,11.524999618530273,312600
2002-06-10,XLB,11.539999961853027,11.604999542236328,11.46500015258789,11.550000190734863,630200
2002-06-11,XLB,11.625,11.635000228881836,11.399999618530273,11.420000076293945,1528200
2002-06-12,XLB,11.350000381469727,11.520000457763672,11.350000381469727,11.515000343322754,276400
2002-06-13,XLB,11.489999771118164,11.529999732971191,11.300000190734863,11.3100004196167,265600
2002-06-14,XLB,11.255000114440918,11.319999694824219,11.125,11.3149995803833,970000
2002-06-17,XLB,11.260000228881836,11.5,11.260000228881836,11.5,333000
2002-06-18,XLB,11.489999771118164,11.569999694824219,11.46500015258789,11.550000190734863,366200
2002-06-19,XLB,11.550000190734863,11.675000190734863,11.5,11.524999618530273,910000
2002-06-20,XLB,11.475000381469727,11.640000343322754,11.475000381469727,11.53499984741211,855000
2002-06-21,XLB,11.5,11.515000343322754,11.220000267028809,11.335000038146973,1029000
2002-06-24,XLB,11.3149995803833,11.404999732971191,11.274999618530273,11.345000267028809,441600
2002-06-25,XLB,11.494999885559082,11.555000305175781,11.399999618530273,11.420000076293945,596000
2002-06-26,XLB,11.239999771118164,11.350000381469727,11.210000038146973,11.319999694824219,887600
2002-06-27,XLB,11.390000343322754,11.425000190734863,11.270000457763672,11.40999984741211,281000
2002-06-28,XLB,11.460000038146973,11.6899995803833,11.430000305175781,11.595000267028809,296600
2002-07-01,XLB,11.574999809265137,11.619999885559082,11.524999618530273,11.524999618530273,175200
2002-07-02,XLB,11.585000038146973,11.585000038146973,11.255000114440918,11.295000076293945,676400
2002-07-03,XLB,11.199999809265137,11.300000190734863,11.010000228881836,11.1850004196167,191200
2002-07-05,XLB,11.274999618530273,11.515000343322754,11.25,11.470000267028809,360600
2002-07-08,XLB,11.5,11.555000305175781,11.449999809265137,11.5,145400
2002-07-09,XLB,11.550000190734863,11.574999809265137,11.34000015258789,11.380000114440918,320600
2002-07-10,XLB,11.274999618530273,11.305000305175781,11.010000228881836,11.045000076293945,536800
2002-07-11,XLB,10.949999809265137,10.989999771118164,10.75,10.880000114440918,1158400
2002-07-12,XLB,10.869999885559082,10.949999809265137,10.699999809265137,10.770000457763672,500800
2002-07-15,XLB,10.524999618530273,10.604999542236328,10.104999542236328,10.524999618530273,1648400
2002-07-16,XLB,10.414999961853027,10.524999618530273,10.194999694824219,10.335000038146973,1866200
2002-07-17,XLB,10.449999809265137,10.635000228881836,10.350000381469727,10.40999984741211,274800
2002-07-18,XLB,10.449999809265137,10.555000305175781,10.255000114440918,10.255000114440918,115200
2002-07-19,XLB,10.114999771118164,10.194999694824219,9.795000076293945,9.800000190734863,378800
2002-07-22,XLB,9.800000190734863,9.800000190734863,9.265000343322754,9.345000267028809,432400
2002-07-23,XLB,9.359999656677246,9.569999694824219,9.25,9.28499984741211,260600
2002-07-24,XLB,9.100000381469727,9.90999984741211,9.079999923706055,9.84000015258789,1907800
2002-07-25,XLB,9.904999732971191,10.194999694824219,9.779999732971191,10.109999656677246,174800
2002-07-26,XLB,10.100000381469727,10.154999732971191,9.9399995803833,10.154999732971191,321600
2002-07-29,XLB,10.25,10.710000038146973,10.244999885559082,10.65999984741211,1291000
2002-07-30,XLB,10.6899995803833,10.6899995803833,10.1899995803833,10.260000228881836,406400
2002-07-31,XLB,10.274999618530273,10.295000076293945,10.029999732971191,10.279999732971191,1815800
2002-08-01,XLB,10.300000190734863,10.335000038146973,10.100000381469727,10.21500015258789,1907200
2002-08-02,XLB,10.234999656677246,10.234999656677246,9.694999694824219,9.78499984741211,406000
2002-08-05,XLB,9.75,9.90999984741211,9.4399995803833,9.449999809265137,1071600
2002-08-06,XLB,9.550000190734863,9.949999809265137,9.550000190734863,9.850000381469727,434000
2002-08-07,XLB,10.050000190734863,10.095000267028809,9.755000114440918,10.095000267028809,584600
2002-08-08,XLB,9.975000381469727,10.300000190734863,9.975000381469727,10.300000190734863,139000
2002-08-09,XLB,10.199999809265137,10.444999694824219,10.199999809265137,10.420000076293945,95200
2002-08-12,XLB,10.40999984741211,10.40999984741211,10.210000038146973,10.369999885559082,75200
2002-08-13,XLB,10.289999961853027,10.4350004196167,10.194999694824219,10.199999809265137,614200
2002-08-14,XLB,10.199999809265137,10.354999542236328,9.850000381469727,10.329999923706055,141600
2002-08-15,XLB,10.399999618530273,10.399999618530273,10.170000076293945,10.324999809265137,444600
2002-08-16,XLB,10.3149995803833,10.3149995803833,9.975000381469727,10.140000343322754,125400
2002-08-19,XLB,10.119999885559082,10.350000381469727,10.114999771118164,10.350000381469727,211400
2002-08-20,XLB,10.239999771118164,10.270000457763672,10.149999618530273,10.180000305175781,256600
2002-08-21,XLB,10.300000190734863,10.350000381469727,10.164999961853027,10.305000305175781,103400
2002-08-22,XLB,10.329999923706055,10.46500015258789,10.305000305175781,10.40999984741211,67200
2002-08-23,XLB,10.3100004196167,10.380000114440918,10.234999656677246,10.265000343322754,673200
2002-08-26,XLB,10.260000228881836,10.380000114440918,10.194999694824219,10.380000114440918,43600
2002-08-27,XLB,10.550000190734863,10.5600004196167,10.425000190734863,10.425000190734863,203200
2002-08-28,XLB,10.319999694824219,10.319999694824219,10.074999809265137,10.140000343322754,53200
2002-08-29,XLB,10.020000457763672,10.204999923706055,9.975000381469727,10.109999656677246,2902600
2002-08-30,XLB,10.100000381469727,10.364999771118164,10.100000381469727,10.225000381469727,40000
2002-09-03,XLB,10.125,10.125,9.890000343322754,9.925000190734863,368600
2002-09-04,XLB,9.90999984741211,9.96500015258789,9.854999542236328,9.96500015258789,66400
2002-09-05,XLB,9.819999694824219,9.859999656677246,9.6899995803833,9.694999694824219,488600
2002-09-06,XLB,9.774999618530273,10.0,9.774999618530273,9.890000343322754,61600
2002-09-09,XLB,9.904999732971191,10.0600004196167,9.859999656677246,10.03499984741211,529600
2002-09-10,XLB,10.039999961853027,10.130000114440918,9.994999885559082,10.09000015258789,316400
2002-09-11,XLB,10.149999618530273,10.244999885559082,10.149999618530273,10.149999618530273,150600
2002-09-12,XLB,10.154999732971191,10.154999732971191,9.954999923706055,9.954999923706055,111600
2002-09-13,XLB,9.979999542236328,9.979999542236328,9.71500015258789,9.895000457763672,267000
2002-09-16,XLB,9.850000381469727,9.90999984741211,9.770000457763672,9.8149995803833,311800
2002-09-17,XLB,9.90999984741211,9.9399995803833,9.630000114440918,9.630000114440918,175600
2002-09-18,XLB,9.5600004196167,9.619999885559082,9.399999618530273,9.550000190734863,176800
2002-09-19,XLB,9.479999542236328,9.515000343322754,9.34000015258789,9.34000015258789,504800
2002-09-20,XLB,9.34000015258789,9.475000381469727,9.324999809265137,9.46500015258789,643400
2002-09-23,XLB,9.390000343322754,9.390000343322754,9.204999923706055,9.289999961853027,211200
2002-09-24,XLB,9.03499984741211,9.0600004196167,8.850000381469727,8.899999618530273,2423600
2002-09-25,XLB,9.005000114440918,9.175000190734863,8.970000267028809,9.119999885559082,615200
2002-09-26,XLB,9.15999984741211,9.260000228881836,9.100000381469727,9.25,1896600
2002-09-27,XLB,9.175000190734863,9.21500015258789,8.960000038146973,8.984999656677246,121400
2002-09-30,XLB,8.774999618530273,8.914999961853027,8.630000114440918,8.845000267028809,716400
2002-10-01,XLB,8.9399995803833,9.399999618530273,8.890000343322754,9.395000457763672,957600
2002-10-02,XLB,9.114999771118164,9.204999923706055,8.875,8.96500015258789,700000
2002-10-03,XLB,8.90999984741211,9.069999694824219,8.885000228881836,8.885000228881836,318400
2002-10-04,XLB,8.949999809265137,8.975000381469727,8.65999984741211,8.774999618530273,100800
2002-10-07,XLB,8.699999809265137,8.765000343322754,8.489999771118164,8.515000343322754,168400
2002-10-08,XLB,8.579999923706055,8.710000038146973,8.34000015258789,8.649999618530273,452000
2002-10-09,XLB,8.550000190734863,8.550000190734863,8.300000190734863,8.3149995803833,460800
2002-10-10,XLB,8.364999771118164,8.694999694824219,8.265000343322754,8.694999694824219,1220400
2002-10-11,XLB,8.765000343322754,9.140000343322754,8.765000343322754,9.045000076293945,114600
2002-10-14,XLB,9.03499984741211,9.0600004196167,8.975000381469727,9.029999732971191,115400
2002-10-15,XLB,9.175000190734863,9.505000114440918,9.175000190734863,9.505000114440918,2051600
2002-10-16,XLB,9.489999771118164,9.520000457763672,9.25,9.270000457763672,245600
2002-10-17,XLB,9.550000190734863,9.600000381469727,9.489999771118164,9.53499984741211,1878000
2002-10-18,XLB,9.475000381469727,9.539999961853027,9.34000015258789,9.475000381469727,74200
2002-10-21,XLB,9.425000190734863,9.800000190734863,9.380000114440918,9.800000190734863,121400
2002-10-22,XLB,9.725000381469727,9.725000381469727,9.545000076293945,9.569999694824219,1360800
2002-10-23,XLB,9.600000381469727,9.6899995803833,9.390000343322754,9.555000305175781,115600
2002-10-24,XLB,9.5600004196167,9.574999809265137,9.239999771118164,9.239999771118164,1335800
2002-10-25,XLB,9.1899995803833,9.510000228881836,9.180000305175781,9.510000228881836,113400
2002-10-28,XLB,9.5,9.510000228881836,9.345000267028809,9.364999771118164,120800
2002-10-29,XLB,9.324999809265137,9.364999771118164,9.149999618530273,9.319999694824219,1003600
2002-10-30,XLB,9.324999809265137,9.385000228881836,9.204999923706055,9.3149995803833,142800
2002-10-31,XLB,9.369999885559082,9.4350004196167,9.270000457763672,9.350000381469727,227200
2002-11-01,XLB,9.260000228881836,9.5600004196167,9.260000228881836,9.550000190734863,113800
2002-11-04,XLB,9.625,9.71500015258789,9.5,9.520000457763672,179000
2002-11-05,XLB,9.5,9.604999542236328,9.475000381469727,9.600000381469727,50600
2002-11-06,XLB,9.574999809265137,9.895000457763672,9.5600004196167,9.850000381469727,129400
2002-11-07,XLB,9.795000076293945,9.795000076293945,9.600000381469727,9.645000457763672,60200
2002-11-08,XLB,9.604999542236328,9.789999961853027,9.4399995803833,9.5,77800
2002-11-11,XLB,9.475000381469727,9.475000381469727,9.175000190734863,9.225000381469727,135600
2002-11-12,XLB,9.199999809265137,9.470000267028809,9.199999809265137,9.350000381469727,35800
2002-11-13,XLB,9.274999618530273,9.470000267028809,9.229999542236328,9.34000015258789,169400
2002-11-14,XLB,9.425000190734863,9.649999618530273,9.425000190734863,9.625,78400
2002-11-15,XLB,9.600000381469727,9.720000267028809,9.585000038146973,9.649999618530273,117000
2002-11-18,XLB,9.710000038146973,9.71500015258789,9.515000343322754,9.539999961853027,106600
2002-11-19,XLB,9.510000228881836,9.654999732971191,9.470000267028809,9.539999961853027,107600
2002-11-20,XLB,9.5,9.645000457763672,9.460000038146973,9.645000457763672,261400
2002-11-21,XLB,9.649999618530273,10.03499984741211,9.645000457763672,10.03499984741211,212600
2002-11-22,XLB,10.0,10.119999885559082,9.899999618530273,9.914999961853027,177200
2002-11-25,XLB,9.895000457763672,10.050000190734863,9.850000381469727,10.010000228881836,241800
2002-11-26,XLB,9.975000381469727,9.975000381469727,9.800000190734863,9.914999961853027,477000
2002-11-27,XLB,9.944999694824219,10.244999885559082,9.925000190734863,10.244999885559082,242200
2002-11-29,XLB,10.274999618530273,10.5,10.274999618530273,10.475000381469727,76600
2002-12-02,XLB,10.574999809265137,10.574999809265137,10.170000076293945,10.279999732971191,226600
2002-12-03,XLB,10.25,10.25,10.135000228881836,10.15999984741211,134200
2002-12-04,XLB,10.09000015258789,10.1899995803833,9.960000038146973,10.104999542236328,455400
2002-12-05,XLB,10.09000015258789,10.09000015258789,9.954999923706055,10.024999618530273,60800
2002-12-06,XLB,9.925000190734863,10.125,9.864999771118164,10.085000038146973,171400
2002-12-09,XLB,10.0,10.039999961853027,9.854999542236328,9.854999542236328,54600
2002-12-10,XLB,9.925000190734863,9.925000190734863,9.800000190734863,9.925000190734863,94000
2002-12-11,XLB,9.914999961853027,10.0600004196167,9.829999923706055,10.03499984741211,503200
2002-12-12,XLB,10.055000305175781,10.0649995803833,9.9399995803833,9.9399995803833,63600
2002-12-13,XLB,9.9399995803833,9.970000267028809,9.835000038146973,9.880000114440918,302400
2002-12-16,XLB,9.854999542236328,10.229999542236328,9.854999542236328,10.204999923706055,187200
2002-12-17,XLB,10.234999656677246,10.279999732971191,10.130000114440918,10.130000114440918,521800
2002-12-18,XLB,10.029999732971191,10.069999694824219,9.9399995803833,10.024999618530273,584800
2002-12-19,XLB,9.949999809265137,10.069999694824219,9.869999885559082,9.899999618530273,1319600
2002-12-20,XLB,9.925000190734863,10.010000228881836,9.885000228881836,9.994999885559082,178200
2002-12-23,XLB,10.0,10.010000228881836,9.90999984741211,9.944999694824219,76400
2002-12-24,XLB,9.975000381469727,9.984999656677246,9.920000076293945,9.949999809265137,431200
2002-12-26,XLB,9.90999984741211,10.074999809265137,9.904999732971191,9.960000038146973,293000
2002-12-27,XLB,9.904999732971191,9.9399995803833,9.8100004196167,9.850000381469727,178200
2002-12-30,XLB,9.880000114440918,9.904999732971191,9.765000343322754,9.880000114440918,1189200
2002-12-31,XLB,9.890000343322754,9.954999923706055,9.774999618530273,9.920000076293945,639000
2003-01-02,XLB,10.020000457763672,10.1850004196167,9.925000190734863,10.180000305175781,633800
2003-01-03,XLB,10.149999618530273,10.15999984741211,10.069999694824219,10.125,125000
2003-01-06,XLB,10.194999694824219,10.385000228881836,10.194999694824219,10.319999694824219,597000
2003-01-07,XLB,10.369999885559082,10.369999885559082,10.239999771118164,10.28499984741211,617000
2003-01-08,XLB,10.25,10.25,10.005000114440918,10.020000457763672,318400
2003-01-09,XLB,10.095000267028809,10.204999923706055,10.074999809265137,10.175000190734863,130400
2003-01-10,XLB,10.09000015258789,10.300000190734863,10.09000015258789,10.28499984741211,74000
2003-01-13,XLB,10.350000381469727,10.359999656677246,10.204999923706055,10.239999771118164,311400
2003-01-14,XLB,10.204999923706055,10.289999961853027,10.204999923706055,10.289999961853027,146800
2003-01-15,XLB,10.234999656677246,10.234999656677246,10.0649995803833,10.119999885559082,53600
2003-01-16,XLB,10.100000381469727,10.239999771118164,10.100000381469727,10.175000190734863,117600
2003-01-17,XLB,10.109999656677246,10.210000038146973,10.079999923706055,10.095000267028809,148800
2003-01-21,XLB,10.109999656677246,10.109999656677246,9.864999771118164,9.875,185000
2003-01-22,XLB,9.869999885559082,9.914999961853027,9.75,9.755000114440918,88400
2003-01-23,XLB,9.805000305175781,9.949999809265137,9.805000305175781,9.899999618530273,51200
2003-01-24,XLB,9.864999771118164,9.914999961853027,9.640000343322754,9.680000305175781,327400
2003-01-27,XLB,9.524999618530273,9.595000267028809,9.380000114440918,9.380000114440918,416000
2003-01-28,XLB,9.375,9.515000343322754,9.375,9.460000038146973,151200
2003-01-29,XLB,9.494999885559082,9.579999923706055,9.3100004196167,9.53499984741211,304600
2003-01-30,XLB,9.4350004196167,9.494999885559082,9.300000190734863,9.324999809265137,2922400
2003-01-31,XLB,9.335000038146973,9.494999885559082,9.300000190734863,9.425000190734863,1521000
2003-02-03,XLB,9.395000457763672,9.515000343322754,9.395000457763672,9.449999809265137,59200
2003-02-04,XLB,9.350000381469727,9.425000190734863,9.295000076293945,9.40999984741211,604200
2003-02-05,XLB,9.40999984741211,9.555000305175781,9.375,9.385000228881836,41600
2003-02-06,XLB,9.359999656677246,9.399999618530273,9.239999771118164,9.274999618530273,398600
2003-02-07,XLB,9.369999885559082,9.369999885559082,9.210000038146973,9.229999542236328,189800
2003-02-10,XLB,9.225000381469727,9.3149995803833,9.180000305175781,9.274999618530273,159600
2003-02-11,XLB,9.335000038146973,9.335000038146973,9.149999618530273,9.170000076293945,32800
2003-02-12,XLB,9.199999809265137,9.220000267028809,9.125,9.149999618530273,339200
2003-02-13,XLB,9.175000190734863,9.220000267028809,9.100000381469727,9.175000190734863,385000
2003-02-14,XLB,9.1899995803833,9.28499984741211,9.03499984741211,9.180000305175781,406200
2003-02-18,XLB,9.300000190734863,9.430000305175781,9.300000190734863,9.385000228881836,163800
2003-02-19,XLB,9.385000228881836,9.449999809265137,9.229999542236328,9.300000190734863,98600
2003-02-20,XLB,9.319999694824219,9.329999923706055,9.164999961853027,9.204999923706055,371400
2003-02-21,XLB,9.1899995803833,9.354999542236328,9.149999618530273,9.354999542236328,136400
2003-02-24,XLB,9.354999542236328,9.354999542236328,9.125,9.125,101200
2003-02-25,XLB,9.050000190734863,9.104999542236328,8.90999984741211,9.104999542236328,100200
2003-02-26,XLB,9.15999984741211,9.229999542236328,9.114999771118164,9.145000457763672,1226600
2003-02-27,XLB,9.175000190734863,9.225000381469727,9.100000381469727,9.154999732971191,215200
2003-02-28,XLB,9.170000076293945,9.25,9.145000457763672,9.175000190734863,712600
2003-03-03,XLB,9.15999984741211,9.28499984741211,9.140000343322754,9.140000343322754,948800
2003-03-04,XLB,9.135000228881836,9.135000228881836,8.920000076293945,8.920000076293945,428800
2003-03-05,XLB,8.914999961853027,8.970000267028809,8.835000038146973,8.954999923706055,266600
2003-03-06,XLB,8.930000305175781,8.930000305175781,8.765000343322754,8.800000190734863,262600
2003-03-07,XLB,8.704999923706055,8.885000228881836,8.675000190734863,8.850000381469727,105000
2003-03-10,XLB,8.800000190734863,8.819999694824219,8.680000305175781,8.680000305175781,265000
2003-03-11,XLB,8.670000076293945,8.78499984741211,8.609999656677246,8.614999771118164,551000
2003-03-12,XLB,8.600000381469727,8.625,8.505000114440918,8.625,290000
2003-03-13,XLB,8.8100004196167,9.010000228881836,8.774999618530273,9.010000228881836,153400
2003-03-14,XLB,9.055000305175781,9.15999984741211,8.96500015258789,9.0600004196167,940800
2003-03-17,XLB,9.03499984741211,9.364999771118164,9.010000228881836,9.364999771118164,538200
2003-03-18,XLB,9.449999809265137,9.59000015258789,9.399999618530273,9.550000190734863,5361200
2003-03-19,XLB,9.555000305175781,9.555000305175781,9.425000190734863,9.515000343322754,66200
2003-03-20,XLB,9.4350004196167,9.545000076293945,9.369999885559082,9.529999732971191,86000
2003-03-21,XLB,9.574999809265137,9.829999923706055,9.5,9.829999923706055,137000
2003-03-24,XLB,9.65999984741211,9.675000190734863,9.420000076293945,9.444999694824219,124200
2003-03-25,XLB,9.425000190734863,9.5649995803833,9.425000190734863,9.454999923706055,153000
2003-03-26,XLB,9.46500015258789,9.494999885559082,9.375,9.430000305175781,1176200
2003-03-27,XLB,9.345000267028809,9.359999656677246,9.25,9.319999694824219,1113200
2003-03-28,XLB,9.300000190734863,9.34000015258789,9.234999656677246,9.34000015258789,143800
2003-03-31,XLB,9.175000190734863,9.239999771118164,9.09000015258789,9.1899995803833,535400
2003-04-01,XLB,9.225000381469727,9.289999961853027,9.079999923706055,9.289999961853027,1801600
2003-04-02,XLB,9.420000076293945,9.510000228881836,9.390000343322754,9.479999542236328,262800
2003-04-03,XLB,9.510000228881836,9.510000228881836,9.385000228881836,9.385000228881836,998600
2003-04-04,XLB,9.4399995803833,9.479999542236328,9.375,9.4399995803833,98800
2003-04-07,XLB,9.5600004196167,9.75,9.515000343322754,9.515000343322754,146400
2003-04-08,XLB,9.510000228881836,9.524999618530273,9.399999618530273,9.454999923706055,54800
2003-04-09,XLB,9.505000114440918,9.515000343322754,9.289999961853027,9.289999961853027,1260200
2003-04-10,XLB,9.289999961853027,9.345000267028809,9.274999618530273,9.324999809265137,474800
2003-04-11,XLB,9.425000190734863,9.46500015258789,9.289999961853027,9.305000305175781,122800
2003-04-14,XLB,9.3100004196167,9.494999885559082,9.3100004196167,9.489999771118164,75400
2003-04-15,XLB,9.479999542236328,9.654999732971191,9.430000305175781,9.654999732971191,1719400
2003-04-16,XLB,9.694999694824219,9.694999694824219,9.510000228881836,9.524999618530273,720400
2003-04-17,XLB,9.574999809265137,9.664999961853027,9.520000457763672,9.65999984741211,1034200
2003-04-21,XLB,9.704999923706055,9.725000381469727,9.625,9.645000457763672,4068000
2003-04-22,XLB,9.600000381469727,9.845000267028809,9.59000015258789,9.845000267028809,451000
2003-04-23,XLB,9.850000381469727,9.954999923706055,9.789999961853027,9.920000076293945,887000
2003-04-24,XLB,9.895000457763672,10.0,9.845000267028809,9.864999771118164,1102800
2003-04-25,XLB,9.875,9.875,9.649999618530273,9.71500015258789,277400
2003-04-28,XLB,9.6899995803833,9.920000076293945,9.6899995803833,9.885000228881836,798200
2003-04-29,XLB,9.9350004196167,10.010000228881836,9.859999656677246,9.970000267028809,843400
2003-04-30,XLB,9.975000381469727,10.095000267028809,9.90999984741211,10.020000457763672,108000
2003-05-01,XLB,9.989999771118164,9.989999771118164,9.819999694824219,9.949999809265137,138200
2003-05-02,XLB,9.970000267028809,10.085000038146973,9.96500015258789,10.079999923706055,778200
2003-05-05,XLB,10.055000305175781,10.114999771118164,10.015000343322754,10.055000305175781,149000
2003-05-06,XLB,10.085000038146973,10.170000076293945,10.050000190734863,10.119999885559082,191800
2003-05-07,XLB,10.100000381469727,10.119999885559082,10.0,10.050000190734863,655200
2003-05-08,XLB,9.989999771118164,10.069999694824219,9.9399995803833,9.949999809265137,181000
2003-05-09,XLB,10.024999618530273,10.140000343322754,9.954999923706055,10.135000228881836,49400
2003-05-12,XLB,10.140000343322754,10.295000076293945,10.0649995803833,10.279999732971191,99000
2003-05-13,XLB,10.25,10.270000457763672,10.164999961853027,10.210000038146973,167200
2003-05-14,XLB,10.229999542236328,10.229999542236328,10.079999923706055,10.149999618530273,91600
2003-05-15,XLB,10.1850004196167,10.21500015258789,10.114999771118164,10.210000038146973,163400
2003-05-16,XLB,10.164999961853027,10.220000267028809,10.100000381469727,10.164999961853027,475000
2003-05-19,XLB,10.140000343322754,10.140000343322754,9.954999923706055,9.975000381469727,177200
2003-05-20,XLB,10.010000228881836,10.050000190734863,9.854999542236328,9.944999694824219,866000
2003-05-21,XLB,9.960000038146973,10.045000076293945,9.899999618530273,10.010000228881836,925000
2003-05-22,XLB,10.050000190734863,10.114999771118164,9.96500015258789,10.095000267028809,5169200
2003-05-23,XLB,10.100000381469727,10.119999885559082,10.039999961853027,10.109999656677246,421600
2003-05-27,XLB,10.119999885559082,10.3149995803833,10.079999923706055,10.289999961853027,255600
2003-05-28,XLB,10.300000190734863,10.324999809265137,10.210000038146973,10.260000228881836,523400
2003-05-29,XLB,10.270000457763672,10.324999809265137,10.145000457763672,10.175000190734863,367000
2003-05-30,XLB,10.199999809265137,10.345000267028809,10.1850004196167,10.329999923706055,1305400
2003-06-02,XLB,10.399999618530273,10.5600004196167,10.380000114440918,10.430000305175781,329400
2003-06-03,XLB,10.425000190734863,10.470000267028809,10.375,10.4350004196167,466800
2003-06-04,XLB,10.414999961853027,10.635000228881836,10.414999961853027,10.609999656677246,485800
2003-06-05,XLB,10.630000114440918,10.654999732971191,10.545000076293945,10.635000228881836,327000
2003-06-06,XLB,10.699999809265137,10.774999618530273,10.579999923706055,10.614999771118164,1101000
2003-06-09,XLB,10.5600004196167,10.569999694824219,10.430000305175781,10.4350004196167,214000
2003-06-10,XLB,10.460000038146973,10.555000305175781,10.460000038146973,10.510000228881836,26800
2003-06-11,XLB,10.569999694824219,10.619999885559082,10.515000343322754,10.609999656677246,50000
2003-06-12,XLB,10.699999809265137,10.699999809265137,10.585000038146973,10.699999809265137,81600
2003-06-13,XLB,10.675000190734863,10.699999809265137,10.529999732971191,10.5600004196167,48600
2003-06-16,XLB,10.574999809265137,10.774999618530273,10.5649995803833,10.774999618530273,661400
2003-06-17,XLB,10.795000076293945,10.835000038146973,10.71500015258789,10.8149995803833,2384800
2003-06-18,XLB,10.819999694824219,10.819999694824219,10.6899995803833,10.704999923706055,54600
2003-06-19,XLB,10.75,10.78499984741211,10.649999618530273,10.654999732971191,75600
2003-06-20,XLB,10.609999656677246,10.645000457763672,10.529999732971191,10.545000076293945,603400
2003-06-23,XLB,10.524999618530273,10.53499984741211,10.300000190734863,10.350000381469727,494400
2003-06-24,XLB,10.354999542236328,10.425000190734863,10.329999923706055,10.375,1461200
2003-06-25,XLB,10.390000343322754,10.444999694824219,10.28499984741211,10.305000305175781,133200
2003-06-26,XLB,10.34000015258789,10.475000381469727,10.289999961853027,10.460000038146973,1660200
2003-06-27,XLB,10.489999771118164,10.489999771118164,10.319999694824219,10.369999885559082,109600
2003-06-30,XLB,10.324999809265137,10.414999961853027,10.270000457763672,10.364999771118164,195000
2003-07-01,XLB,10.329999923706055,10.359999656677246,10.175000190734863,10.34000015258789,79000
2003-07-02,XLB,10.390000343322754,10.479999542236328,10.335000038146973,10.470000267028809,106600
2003-07-03,XLB,10.414999961853027,10.454999923706055,10.329999923706055,10.395000457763672,57400
2003-07-07,XLB,10.364999771118164,10.550000190734863,10.364999771118164,10.53499984741211,1091000
2003-07-08,XLB,10.524999618530273,10.529999732971191,10.454999923706055,10.520000457763672,93000
2003-07-09,XLB,10.520000457763672,10.520000457763672,10.399999618530273,10.484999656677246,91000
2003-07-10,XLB,10.414999961853027,10.414999961853027,10.25,10.305000305175781,117400
2003-07-11,XLB,10.380000114440918,10.404999732971191,10.34000015258789,10.369999885559082,101200
2003-07-14,XLB,10.46500015258789,10.489999771118164,10.375,10.40999984741211,137600
2003-07-15,XLB,10.475000381469727,10.475000381469727,10.305000305175781,10.335000038146973,71800
2003-07-16,XLB,10.354999542236328,10.385000228881836,10.234999656677246,10.289999961853027,90600
2003-07-17,XLB,10.210000038146973,10.34000015258789,10.210000038146973,10.270000457763672,234800
2003-07-18,XLB,10.359999656677246,10.5,10.350000381469727,10.5,448400
2003-07-21,XLB,10.5,10.520000457763672,10.414999961853027,10.460000038146973,1735200
2003-07-22,XLB,10.510000228881836,10.675000190734863,10.4350004196167,10.675000190734863,467800
2003-07-23,XLB,10.6899995803833,10.704999923706055,10.574999809265137,10.699999809265137,369200
2003-07-24,XLB,10.760000228881836,10.96500015258789,10.75,10.824999809265137,566200
2003-07-25,XLB,10.859999656677246,11.074999809265137,10.800000190734863,11.074999809265137,1251200
2003-07-28,XLB,11.109999656677246,11.125,10.984999656677246,11.074999809265137,974800
2003-07-29,XLB,11.114999771118164,11.114999771118164,10.885000228881836,11.045000076293945,1085200
2003-07-30,XLB,11.074999809265137,11.074999809265137,11.0,11.050000190734863,678800
2003-07-31,XLB,11.125,11.300000190734863,11.079999923706055,11.180000305175781,2090800
2003-08-01,XLB,11.175000190734863,11.1899995803833,11.005000114440918,11.0649995803833,282600
2003-08-04,XLB,11.0649995803833,11.130000114440918,10.90999984741211,11.09000015258789,2378000
2003-08-05,XLB,11.100000381469727,11.100000381469727,10.885000228881836,10.885000228881836,1657000
2003-08-06,XLB,10.875,10.96500015258789,10.805000305175781,10.864999771118164,1493800
2003-08-07,XLB,10.890000343322754,10.90999984741211,10.755000114440918,10.875,1936600
2003-08-08,XLB,10.9350004196167,11.0,10.875,10.984999656677246,368400
2003-08-11,XLB,11.020000457763672,11.079999923706055,10.949999809265137,11.039999961853027,372800
2003-08-12,XLB,11.055000305175781,11.104999542236328,10.979999542236328,11.100000381469727,1075200
2003-08-13,XLB,11.140000343322754,11.140000343322754,11.050000190734863,11.09000015258789,620200
2003-08-14,XLB,11.074999809265137,11.300000190734863,11.074999809265137,11.270000457763672,2138600
2003-08-15,XLB,11.324999809265137,11.324999809265137,11.149999618530273,11.225000381469727,332800
2003-08-18,XLB,11.3100004196167,11.399999618530273,11.244999885559082,11.375,2265600
2003-08-19,XLB,11.404999732971191,11.494999885559082,11.375,11.494999885559082,1825600
2003-08-20,XLB,11.475000381469727,11.520000457763672,11.430000305175781,11.475000381469727,588600
2003-08-21,XLB,11.5,11.649999618530273,11.5,11.545000076293945,974600
2003-08-22,XLB,11.524999618530273,11.569999694824219,11.354999542236328,11.354999542236328,827600
2003-08-25,XLB,11.3100004196167,11.324999809265137,11.204999923706055,11.300000190734863,2528400
2003-08-26,XLB,11.274999618530273,11.324999809265137,11.125,11.3149995803833,2135800
2003-08-27,XLB,11.3149995803833,11.380000114440918,11.265000343322754,11.354999542236328,789600
2003-08-28,XLB,11.390000343322754,11.505000114440918,11.265000343322754,11.475000381469727,509000
2003-08-29,XLB,11.444999694824219,11.505000114440918,11.420000076293945,11.489999771118164,2826200
2003-09-02,XLB,11.550000190734863,11.645000457763672,11.4350004196167,11.625,2562800
2003-09-03,XLB,11.670000076293945,11.670000076293945,11.574999809265137,11.630000114440918,891200
2003-09-04,XLB,11.5649995803833,11.569999694824219,11.470000267028809,11.524999618530273,2154200
2003-09-05,XLB,11.479999542236328,11.520000457763672,11.399999618530273,11.479999542236328,3777400
2003-09-08,XLB,11.515000343322754,11.635000228881836,11.454999923706055,11.579999923706055,2844000
2003-09-09,XLB,11.524999618530273,11.604999542236328,11.5,11.53499984741211,875800
2003-09-10,XLB,11.539999961853027,11.539999961853027,11.28499984741211,11.3149995803833,790200
2003-09-11,XLB,11.350000381469727,11.395000457763672,11.289999961853027,11.350000381469727,1751800
2003-09-12,XLB,11.390000343322754,11.574999809265137,11.300000190734863,11.529999732971191,655600
2003-09-15,XLB,11.595000267028809,11.595000267028809,11.454999923706055,11.484999656677246,947800
2003-09-16,XLB,11.484999656677246,11.569999694824219,11.454999923706055,11.545000076293945,419400
2003-09-17,XLB,11.5,11.5,11.375,11.375,2588400
2003-09-18,XLB,11.414999961853027,11.484999656677246,11.375,11.460000038146973,345800
2003-09-19,XLB,11.454999923706055,11.454999923706055,11.350000381469727,11.449999809265137,728800
2003-09-22,XLB,11.324999809265137,11.350000381469727,11.220000267028809,11.265000343322754,511800
2003-09-23,XLB,11.225000381469727,11.319999694824219,11.1850004196167,11.300000190734863,4627000
2003-09-24,XLB,11.335000038146973,11.335000038146973,11.079999923706055,11.125,4799000
2003-09-25,XLB,11.125,11.125,10.944999694824219,10.944999694824219,3858000
2003-09-26,XLB,10.899999618530273,10.96500015258789,10.890000343322754,10.914999961853027,4056600
2003-09-29,XLB,11.0,11.09000015258789,10.914999961853027,11.085000038146973,1554400
2003-09-30,XLB,11.029999732971191,11.029999732971191,10.850000381469727,10.914999961853027,2812200
2003-10-01,XLB,10.979999542236328,11.109999656677246,10.954999923706055,11.100000381469727,1518800
2003-10-02,XLB,11.104999542236328,11.199999809265137,11.09000015258789,11.180000305175781,438600
2003-10-03,XLB,11.324999809265137,11.420000076293945,11.265000343322754,11.3149995803833,4892200
2003-10-06,XLB,11.274999618530273,11.354999542236328,11.255000114440918,11.3100004196167,262800
2003-10-07,XLB,11.300000190734863,11.364999771118164,11.220000267028809,11.359999656677246,282400
2003-10-08,XLB,11.404999732971191,11.475000381469727,11.375,11.399999618530273,1440400
2003-10-09,XLB,11.5,11.53499984741211,11.399999618530273,11.444999694824219,5190200
2003-10-10,XLB,11.475000381469727,11.5,11.399999618530273,11.40999984741211,407400
2003-10-13,XLB,11.494999885559082,11.5649995803833,11.475000381469727,11.529999732971191,263600
2003-10-14,XLB,11.59000015258789,11.604999542236328,11.5,11.604999542236328,486600
2003-10-15,XLB,11.65999984741211,11.65999984741211,11.524999618530273,11.595000267028809,1135800
2003-10-16,XLB,11.579999923706055,11.720000267028809,11.53499984741211,11.635000228881836,696200
2003-10-17,XLB,11.6850004196167,11.6850004196167,11.5,11.524999618530273,701200
2003-10-20,XLB,11.545000076293945,11.600000381469727,11.515000343322754,11.569999694824219,738400
2003-10-21,XLB,11.574999809265137,11.645000457763672,11.5649995803833,11.600000381469727,364600
2003-10-22,XLB,11.524999618530273,11.524999618530273,11.375,11.404999732971191,515000
2003-10-23,XLB,11.390000343322754,11.494999885559082,11.385000228881836,11.454999923706055,480600
2003-10-24,XLB,11.46500015258789,11.46500015258789,11.350000381469727,11.4350004196167,163600
2003-10-27,XLB,11.425000190734863,11.555000305175781,11.425000190734863,11.515000343322754,395600
2003-10-28,XLB,11.574999809265137,11.635000228881836,11.5,11.614999771118164,517600
2003-10-29,XLB,11.574999809265137,11.78499984741211,11.569999694824219,11.770000457763672,1300200
2003-10-30,XLB,11.904999732971191,12.029999732971191,11.875,11.975000381469727,1087000
2003-10-31,XLB,11.984999656677246,12.045000076293945,11.90999984741211,11.954999923706055,1235600
2003-11-03,XLB,11.954999923706055,12.149999618530273,11.904999732971191,11.979999542236328,1564600
2003-11-04,XLB,11.975000381469727,12.005000114440918,11.904999732971191,11.960000038146973,261600
2003-11-05,XLB,11.949999809265137,11.975000381469727,11.850000381469727,11.914999961853027,1159800
2003-11-06,XLB,11.895000457763672,11.949999809265137,11.829999923706055,11.949999809265137,1341600
2003-11-07,XLB,11.949999809265137,12.050000190734863,11.949999809265137,11.994999885559082,1354400
2003-11-10,XLB,12.0,12.0,11.8149995803833,11.824999809265137,1388400
2003-11-11,XLB,11.835000038146973,11.864999771118164,11.78499984741211,11.795000076293945,2646400
2003-11-12,XLB,11.850000381469727,11.979999542236328,11.805000305175781,11.979999542236328,697600
2003-11-13,XLB,11.899999618530273,11.975000381469727,11.899999618530273,11.970000267028809,295800
2003-11-14,XLB,11.960000038146973,12.085000038146973,11.885000228881836,11.899999618530273,1435800
2003-11-17,XLB,11.875,11.890000343322754,11.71500015258789,11.819999694824219,1242400
2003-11-18,XLB,11.869999885559082,11.869999885559082,11.734999656677246,11.78499984741211,352600
2003-11-19,XLB,11.78499984741211,11.819999694824219,11.725000381469727,11.789999961853027,662000
2003-11-20,XLB,11.744999885559082,11.819999694824219,11.635000228881836,11.699999809265137,358600
2003-11-21,XLB,11.704999923706055,11.774999618530273,11.694999694824219,11.729999542236328,1162800
2003-11-24,XLB,11.789999961853027,11.890000343322754,11.78499984741211,11.885000228881836,642000
2003-11-25,XLB,11.885000228881836,12.079999923706055,11.885000228881836,12.055000305175781,1296800
2003-11-26,XLB,12.149999618530273,12.21500015258789,12.119999885559082,12.199999809265137,573400
2003-11-28,XLB,12.199999809265137,12.25,12.199999809265137,12.225000381469727,155000
2003-12-01,XLB,12.300000190734863,12.59000015258789,12.300000190734863,12.59000015258789,1423800
2003-12-02,XLB,12.574999809265137,12.609999656677246,12.515000343322754,12.574999809265137,4871600
2003-12-03,XLB,12.635000228881836,12.75,12.585000038146973,12.680000305175781,1117600
2003-12-04,XLB,12.680000305175781,12.779999732971191,12.645000457763672,12.765000343322754,766200
2003-12-05,XLB,12.75,12.75,12.625,12.649999618530273,1040800
2003-12-08,XLB,12.680000305175781,12.859999656677246,12.649999618530273,12.859999656677246,1010400
2003-12-09,XLB,12.9399995803833,12.96500015258789,12.84000015258789,12.84000015258789,4437200
2003-12-10,XLB,12.84000015258789,12.875,12.649999618530273,12.6899995803833,1190400
2003-12-11,XLB,12.6899995803833,12.84000015258789,12.640000343322754,12.8149995803833,849200
2003-12-12,XLB,12.890000343322754,12.944999694824219,12.829999923706055,12.925000190734863,5479200
2003-12-15,XLB,13.074999809265137,13.074999809265137,12.864999771118164,12.90999984741211,1612200
2003-12-16,XLB,12.9350004196167,12.9399995803833,12.78499984741211,12.90999984741211,999600
2003-12-17,XLB,12.8149995803833,12.994999885559082,12.8149995803833,12.984999656677246,568800
2003-12-18,XLB,12.975000381469727,13.130000114440918,12.949999809265137,13.095000267028809,1762200
2003-12-19,XLB,13.09000015258789,13.100000381469727,12.96500015258789,13.024999618530273,1027200
2003-12-22,XLB,13.095000267028809,13.170000076293945,13.0600004196167,13.154999732971191,837800
2003-12-23,XLB,13.210000038146973,13.21500015258789,13.095000267028809,13.1850004196167,2492000
2003-12-24,XLB,13.100000381469727,13.175000190734863,13.100000381469727,13.135000228881836,640200
2003-12-26,XLB,13.175000190734863,13.25,13.15999984741211,13.239999771118164,280800
2003-12-29,XLB,13.324999809265137,13.470000267028809,13.25,13.449999809265137,742800
2003-12-30,XLB,13.475000381469727,13.5,13.305000305175781,13.369999885559082,2005800
2003-12-31,XLB,13.399999618530273,13.414999961853027,13.289999961853027,13.345000267028809,754200
2004-01-02,XLB,13.425000190734863,13.449999809265137,13.25,13.279999732971191,2370200
2004-01-05,XLB,13.399999618530273,13.550000190734863,13.399999618530273,13.550000190734863,2552000
2004-01-06,XLB,13.539999961853027,13.539999961853027,13.319999694824219,13.430000305175781,2209000
2004-01-07,XLB,13.425000190734863,13.425000190734863,13.1899995803833,13.359999656677246,5921200
2004-01-08,XLB,13.40999984741211,13.515000343322754,13.399999618530273,13.510000228881836,2503800
2004-01-09,XLB,13.375,13.395000457763672,13.225000381469727,13.274999618530273,3368800
2004-01-12,XLB,13.274999618530273,13.274999618530273,13.164999961853027,13.25,2862800
2004-01-13,XLB,13.274999618530273,13.279999732971191,13.024999618530273,13.079999923706055,2041200
2004-01-14,XLB,13.145000457763672,13.15999984741211,13.050000190734863,13.135000228881836,1751000
2004-01-15,XLB,13.199999809265137,13.199999809265137,12.96500015258789,13.03499984741211,1980800
2004-01-16,XLB,13.079999923706055,13.085000038146973,12.975000381469727,13.029999732971191,1602200
2004-01-20,XLB,13.100000381469727,13.125,13.03499984741211,13.079999923706055,1321600
2004-01-21,XLB,13.039999961853027,13.164999961853027,12.954999923706055,13.09000015258789,757400
2004-01-22,XLB,13.09000015258789,13.09000015258789,12.920000076293945,12.954999923706055,988000
2004-01-23,XLB,12.9399995803833,12.970000267028809,12.675000190734863,12.704999923706055,2175000
2004-01-26,XLB,12.699999809265137,12.824999809265137,12.6899995803833,12.824999809265137,1185000
2004-01-27,XLB,12.829999923706055,12.869999885559082,12.779999732971191,12.789999961853027,865200
2004-01-28,XLB,12.774999618530273,12.975000381469727,12.640000343322754,12.6850004196167,3435800
2004-01-29,XLB,12.75,12.824999809265137,12.505000114440918,12.604999542236328,2398600
2004-01-30,XLB,12.59000015258789,12.765000343322754,12.574999809265137,12.755000114440918,2017600
2004-02-02,XLB,12.774999618530273,12.774999618530273,12.640000343322754,12.694999694824219,1158200
2004-02-03,XLB,12.65999984741211,12.720000267028809,12.604999542236328,12.625,534600
2004-02-04,XLB,12.59000015258789,12.625,12.46500015258789,12.539999961853027,1136600
2004-02-05,XLB,12.489999771118164,12.75,12.489999771118164,12.699999809265137,1555000
2004-02-06,XLB,12.704999923706055,12.960000038146973,12.704999923706055,12.954999923706055,1038200
2004-02-09,XLB,13.0,13.03499984741211,12.930000305175781,12.96500015258789,674600
2004-02-10,XLB,12.975000381469727,13.074999809265137,12.9399995803833,13.03499984741211,3146600
2004-02-11,XLB,13.039999961853027,13.364999771118164,13.039999961853027,13.354999542236328,3268400
2004-02-12,XLB,13.350000381469727,13.395000457763672,13.295000076293945,13.3149995803833,1051000
2004-02-13,XLB,13.295000076293945,13.385000228881836,13.15999984741211,13.210000038146973,772800
2004-02-17,XLB,13.3100004196167,13.375,13.295000076293945,13.350000381469727,1154000
2004-02-18,XLB,13.369999885559082,13.414999961853027,13.255000114440918,13.295000076293945,1859400
2004-02-19,XLB,13.364999771118164,13.529999732971191,13.324999809265137,13.380000114440918,1555800
2004-02-20,XLB,13.40999984741211,13.414999961853027,13.125,13.265000343322754,2577600
2004-02-23,XLB,13.300000190734863,13.335000038146973,13.229999542236328,13.270000457763672,1861800
2004-02-24,XLB,13.225000381469727,13.4350004196167,13.225000381469727,13.329999923706055,3263000
2004-02-25,XLB,13.300000190734863,13.385000228881836,13.279999732971191,13.350000381469727,2095600
2004-02-26,XLB,13.3149995803833,13.369999885559082,13.25,13.350000381469727,1233200
2004-02-27,XLB,13.375,13.489999771118164,13.350000381469727,13.420000076293945,3237200
2004-03-01,XLB,13.484999656677246,13.670000076293945,13.484999656677246,13.640000343322754,3704000
2004-03-02,XLB,13.645000457763672,13.645000457763672,13.449999809265137,13.470000267028809,2051600
2004-03-03,XLB,13.449999809265137,13.454999923706055,13.295000076293945,13.390000343322754,3442800
2004-03-04,XLB,13.40999984741211,13.479999542236328,13.34000015258789,13.46500015258789,2624000
2004-03-05,XLB,13.4399995803833,13.529999732971191,13.390000343322754,13.460000038146973,1316400
2004-03-08,XLB,13.399999618530273,13.470000267028809,13.305000305175781,13.3149995803833,754000
2004-03-09,XLB,13.28499984741211,13.289999961853027,13.039999961853027,13.114999771118164,3202200
2004-03-10,XLB,13.074999809265137,13.09000015258789,12.675000190734863,12.75,8127800
2004-03-11,XLB,12.699999809265137,12.904999732971191,12.619999885559082,12.635000228881836,6801000
2004-03-12,XLB,12.800000190734863,12.854999542236328,12.694999694824219,12.84000015258789,10829400
2004-03-15,XLB,12.75,12.789999961853027,12.515000343322754,12.529999732971191,4266400
2004-03-16,XLB,12.654999732971191,12.744999885559082,12.524999618530273,12.649999618530273,3825800
2004-03-17,XLB,12.654999732971191,12.864999771118164,12.654999732971191,12.8100004196167,3426600
2004-03-18,XLB,12.84000015258789,12.850000381469727,12.710000038146973,12.805000305175781,877800
2004-03-19,XLB,12.800000190734863,12.899999618530273,12.75,12.760000228881836,1196200
2004-03-22,XLB,12.71500015258789,12.71500015258789,12.404999732971191,12.479999542236328,3274000
2004-03-23,XLB,12.574999809265137,12.6899995803833,12.505000114440918,12.545000076293945,2827000
2004-03-24,XLB,12.555000305175781,12.595000267028809,12.444999694824219,12.489999771118164,1398800
2004-03-25,XLB,12.619999885559082,12.84000015258789,12.5649995803833,12.8149995803833,3560200
2004-03-26,XLB,12.760000228881836,12.904999732971191,12.75,12.850000381469727,1634400
2004-03-29,XLB,12.875,13.104999542236328,12.875,13.03499984741211,2495200
2004-03-30,XLB,13.0649995803833,13.154999732971191,12.989999771118164,13.130000114440918,808200
2004-03-31,XLB,13.100000381469727,13.175000190734863,13.020000457763672,13.0649995803833,500800
2004-04-01,XLB,13.149999618530273,13.244999885559082,13.095000267028809,13.15999984741211,2291800
2004-04-02,XLB,13.375,13.399999618530273,13.25,13.380000114440918,1513000
2004-04-05,XLB,13.380000114440918,13.380000114440918,13.255000114440918,13.335000038146973,2152800
2004-04-06,XLB,13.3100004196167,13.420000076293945,13.289999961853027,13.399999618530273,2394400
2004-04-07,XLB,13.319999694824219,13.350000381469727,13.194999694824219,13.244999885559082,2846000
2004-04-08,XLB,13.270000457763672,13.3149995803833,13.09000015258789,13.170000076293945,2775800
2004-04-12,XLB,13.210000038146973,13.34000015258789,13.210000038146973,13.319999694824219,1002200
2004-04-13,XLB,13.335000038146973,13.34000015258789,13.005000114440918,13.029999732971191,4934000
2004-04-14,XLB,12.899999618530273,13.199999809265137,12.899999618530273,13.074999809265137,3329600
2004-04-15,XLB,13.125,13.1899995803833,13.029999732971191,13.149999618530273,2006800
2004-04-16,XLB,13.125,13.289999961853027,13.125,13.265000343322754,699600
2004-04-19,XLB,13.289999961853027,13.3100004196167,13.175000190734863,13.244999885559082,1699600
2004-04-20,XLB,13.270000457763672,13.295000076293945,12.970000267028809,12.970000267028809,1745800
2004-04-21,XLB,12.899999618530273,12.904999732971191,12.729999542236328,12.845000267028809,4428400
2004-04-22,XLB,12.890000343322754,13.28499984741211,12.875,13.274999618530273,2909400
2004-04-23,XLB,13.300000190734863,13.300000190734863,13.005000114440918,13.175000190734863,1798800
2004-04-26,XLB,13.170000076293945,13.279999732971191,13.09000015258789,13.109999656677246,794200
2004-04-27,XLB,13.119999885559082,13.199999809265137,13.079999923706055,13.135000228881836,1617200
2004-04-28,XLB,13.015000343322754,13.015000343322754,12.675000190734863,12.6899995803833,4795000
2004-04-29,XLB,12.710000038146973,13.229999542236328,12.404999732971191,12.53499984741211,4639600
2004-04-30,XLB,12.524999618530273,12.600000381469727,12.430000305175781,12.460000038146973,1908600
2004-05-03,XLB,12.484999656677246,12.53499984741211,12.359999656677246,12.5,2319000
2004-05-04,XLB,12.550000190734863,12.734999656677246,12.529999732971191,12.619999885559082,3895400
2004-05-05,XLB,12.645000457763672,12.649999618530273,12.550000190734863,12.574999809265137,618800
2004-05-06,XLB,12.4350004196167,12.494999885559082,12.3149995803833,12.449999809265137,1477200
2004-05-07,XLB,12.364999771118164,12.430000305175781,12.005000114440918,12.005000114440918,3040000
2004-05-10,XLB,11.875,12.079999923706055,11.795000076293945,11.984999656677246,6981600
2004-05-11,XLB,12.015000343322754,12.135000228881836,12.010000228881836,12.135000228881836,4395000
2004-05-12,XLB,12.125,12.125,11.859999656677246,12.114999771118164,7611400
2004-05-13,XLB,12.125,12.244999885559082,12.050000190734863,12.210000038146973,1459000
2004-05-14,XLB,12.239999771118164,12.25,12.114999771118164,12.164999961853027,4896400
2004-05-17,XLB,11.949999809265137,12.095000267028809,11.895000457763672,11.9350004196167,16885200
2004-05-18,XLB,12.024999618530273,12.170000076293945,11.979999542236328,12.154999732971191,3107000
2004-05-19,XLB,12.300000190734863,12.479999542236328,12.135000228881836,12.180000305175781,2748200
2004-05-20,XLB,12.170000076293945,12.265000343322754,11.90999984741211,12.149999618530273,1348000
2004-05-21,XLB,12.3100004196167,12.425000190734863,12.225000381469727,12.279999732971191,1817400
2004-05-24,XLB,12.399999618530273,12.515000343322754,12.319999694824219,12.399999618530273,901000
2004-05-25,XLB,12.385000228881836,12.645000457763672,12.3149995803833,12.645000457763672,1638600
2004-05-26,XLB,12.645000457763672,12.699999809265137,12.604999542236328,12.680000305175781,1113200
2004-05-27,XLB,12.75,12.864999771118164,12.75,12.800000190734863,632600
2004-05-28,XLB,12.795000076293945,12.8149995803833,12.710000038146973,12.8100004196167,167000
2004-06-01,XLB,12.795000076293945,12.8149995803833,12.6899995803833,12.779999732971191,1239000
2004-06-02,XLB,12.795000076293945,12.829999923706055,12.654999732971191,12.805000305175781,2234600
2004-06-03,XLB,12.789999961853027,12.789999961853027,12.555000305175781,12.5649995803833,1221600
2004-06-04,XLB,12.649999618530273,12.75,12.609999656677246,12.680000305175781,777800
2004-06-07,XLB,12.75,12.949999809265137,12.75,12.9399995803833,774800
2004-06-08,XLB,12.875,12.960000038146973,12.854999542236328,12.949999809265137,1010400
2004-06-09,XLB,12.9399995803833,12.954999923706055,12.800000190734863,12.800000190734863,552000
2004-06-10,XLB,12.875,13.0,12.800000190734863,12.859999656677246,526000
2004-06-14,XLB,12.84000015258789,12.84000015258789,12.65999984741211,12.680000305175781,716200
2004-06-15,XLB,12.824999809265137,12.880000114440918,12.75,12.8100004196167,1696200
2004-06-16,XLB,12.859999656677246,12.859999656677246,12.699999809265137,12.8149995803833,1266400
2004-06-17,XLB,12.845000267028809,12.864999771118164,12.78499984741211,12.864999771118164,212600
2004-06-18,XLB,12.779999732971191,13.020000457763672,12.779999732971191,12.979999542236328,2931400
2004-06-21,XLB,13.0,13.005000114440918,12.925000190734863,12.930000305175781,1630200
2004-06-22,XLB,12.925000190734863,12.979999542236328,12.8149995803833,12.975000381469727,711200
2004-06-23,XLB,13.015000343322754,13.164999961853027,12.984999656677246,13.135000228881836,1482200
2004-06-24,XLB,13.100000381469727,13.199999809265137,13.09000015258789,13.125,882800
2004-06-25,XLB,13.180000305175781,13.25,13.109999656677246,13.15999984741211,843000
2004-06-28,XLB,13.25,13.274999618530273,13.095000267028809,13.114999771118164,1906600
2004-06-29,XLB,13.125,13.300000190734863,13.104999542236328,13.295000076293945,1465800
2004-06-30,XLB,13.270000457763672,13.40999984741211,13.25,13.390000343322754,1715000
2004-07-01,XLB,13.390000343322754,13.390000343322754,13.0649995803833,13.149999618530273,5295400
2004-07-02,XLB,13.0600004196167,13.09000015258789,12.975000381469727,13.069999694824219,2448800
2004-07-06,XLB,13.045000076293945,13.074999809265137,12.949999809265137,12.970000267028809,2088600
2004-07-07,XLB,12.96500015258789,13.164999961853027,12.96500015258789,13.119999885559082,484600
2004-07-08,XLB,13.09000015258789,13.130000114440918,13.0,13.010000228881836,2839200
2004-07-09,XLB,13.0600004196167,13.09000015258789,12.989999771118164,13.0600004196167,249800
2004-07-12,XLB,13.09000015258789,13.114999771118164,12.975000381469727,13.069999694824219,1186800
2004-07-13,XLB,13.0600004196167,13.114999771118164,13.045000076293945,13.114999771118164,265600
2004-07-14,XLB,13.079999923706055,13.234999656677246,13.03499984741211,13.114999771118164,1540200
2004-07-15,XLB,13.125,13.210000038146973,13.114999771118164,13.140000343322754,1742200
2004-07-16,XLB,13.199999809265137,13.255000114440918,13.15999984741211,13.170000076293945,1180000
2004-07-19,XLB,13.1850004196167,13.1850004196167,13.055000305175781,13.109999656677246,623600
2004-07-20,XLB,13.100000381469727,13.119999885559082,12.970000267028809,13.09000015258789,2280400
2004-07-21,XLB,13.119999885559082,13.164999961853027,12.84000015258789,12.84000015258789,1917000
2004-07-22,XLB,12.774999618530273,12.845000267028809,12.630000114440918,12.78499984741211,3447400
2004-07-23,XLB,12.75,12.760000228881836,12.619999885559082,12.720000267028809,3235000
2004-07-26,XLB,12.725000381469727,12.774999618530273,12.53499984741211,12.609999656677246,2093200
2004-07-27,XLB,12.550000190734863,12.845000267028809,12.539999961853027,12.824999809265137,2706600
2004-07-28,XLB,12.765000343322754,12.960000038146973,12.729999542236328,12.9399995803833,909200
2004-07-29,XLB,12.960000038146973,13.145000457763672,12.949999809265137,13.109999656677246,531200
2004-07-30,XLB,13.109999656677246,13.119999885559082,13.045000076293945,13.085000038146973,826600
2004-08-02,XLB,13.015000343322754,13.175000190734863,12.984999656677246,13.164999961853027,1721200
2004-08-03,XLB,13.149999618530273,13.149999618530273,12.979999542236328,13.03499984741211,1234200
2004-08-04,XLB,13.0,13.109999656677246,12.904999732971191,13.055000305175781,1591200
2004-08-05,XLB,13.050000190734863,13.100000381469727,12.770000457763672,12.774999618530273,4079600
2004-08-06,XLB,12.664999961853027,12.770000457763672,12.5,12.545000076293945,3230400
2004-08-09,XLB,12.5,12.649999618530273,12.5,12.625,2473400
2004-08-10,XLB,12.675000190734863,12.829999923706055,12.65999984741211,12.829999923706055,3884200
2004-08-11,XLB,12.78499984741211,12.8149995803833,12.619999885559082,12.78499984741211,2692800
2004-08-12,XLB,12.760000228881836,12.760000228881836,12.585000038146973,12.609999656677246,3401200
2004-08-13,XLB,12.609999656677246,12.649999618530273,12.494999885559082,12.5649995803833,831000
2004-08-16,XLB,12.600000381469727,12.920000076293945,12.600000381469727,12.914999961853027,3898200
2004-08-17,XLB,12.890000343322754,13.055000305175781,12.890000343322754,12.984999656677246,2206000
2004-08-18,XLB,12.975000381469727,13.100000381469727,12.880000114440918,13.100000381469727,497000
2004-08-19,XLB,13.095000267028809,13.149999618530273,13.050000190734863,13.119999885559082,568000
2004-08-20,XLB,13.114999771118164,13.274999618530273,13.114999771118164,13.225000381469727,2127600
2004-08-23,XLB,13.260000228881836,13.260000228881836,13.100000381469727,13.114999771118164,1264200
2004-08-24,XLB,13.125,13.21500015258789,13.079999923706055,13.149999618530273,1189600
2004-08-25,XLB,13.149999618530273,13.305000305175781,13.039999961853027,13.295000076293945,1168400
2004-08-26,XLB,13.234999656677246,13.385000228881836,13.234999656677246,13.364999771118164,1539600
2004-08-27,XLB,13.34000015258789,13.414999961853027,13.319999694824219,13.380000114440918,246000
2004-08-30,XLB,13.395000457763672,13.454999923706055,13.265000343322754,13.265000343322754,782200
2004-08-31,XLB,13.265000343322754,13.350000381469727,13.21500015258789,13.305000305175781,555600
2004-09-01,XLB,13.274999618530273,13.425000190734863,13.274999618530273,13.359999656677246,722600
2004-09-02,XLB,13.354999542236328,13.5649995803833,13.354999542236328,13.545000076293945,816800
2004-09-03,XLB,13.5,13.550000190734863,13.5,13.515000343322754,2844000
2004-09-07,XLB,13.529999732971191,13.654999732971191,13.529999732971191,13.635000228881836,1652000
2004-09-08,XLB,13.600000381469727,13.600000381469727,13.454999923706055,13.479999542236328,898000
2004-09-09,XLB,13.510000228881836,13.555000305175781,13.479999542236328,13.505000114440918,835800
2004-09-10,XLB,13.5,13.5,13.3149995803833,13.395000457763672,1051200
2004-09-13,XLB,13.40999984741211,13.460000038146973,13.354999542236328,13.380000114440918,422200
2004-09-14,XLB,13.350000381469727,13.375,13.239999771118164,13.364999771118164,3532400
2004-09-15,XLB,13.324999809265137,13.369999885559082,13.260000228881836,13.3100004196167,661400
2004-09-16,XLB,13.3100004196167,13.404999732971191,13.3100004196167,13.364999771118164,791400
2004-09-17,XLB,13.300000190734863,13.375,13.229999542236328,13.244999885559082,3091400
2004-09-20,XLB,13.199999809265137,13.359999656677246,13.199999809265137,13.260000228881836,2413400
2004-09-21,XLB,13.364999771118164,13.364999771118164,13.25,13.319999694824219,1687800
2004-09-22,XLB,13.324999809265137,13.324999809265137,13.204999923706055,13.204999923706055,969400
2004-09-23,XLB,13.225000381469727,13.225000381469727,13.085000038146973,13.09000015258789,7728600
2004-09-24,XLB,13.074999809265137,13.255000114440918,13.074999809265137,13.204999923706055,3284000
2004-09-27,XLB,13.194999694824219,13.265000343322754,13.130000114440918,13.1899995803833,371600
2004-09-28,XLB,13.300000190734863,13.524999618530273,13.265000343322754,13.515000343322754,3452000
2004-09-29,XLB,13.550000190734863,13.59000015258789,13.484999656677246,13.579999923706055,1660600
2004-09-30,XLB,13.614999771118164,13.789999961853027,13.574999809265137,13.774999618530273,2183600
2004-10-01,XLB,13.744999885559082,13.864999771118164,13.744999885559082,13.850000381469727,2474000
2004-10-04,XLB,13.880000114440918,13.949999809265137,13.824999809265137,13.880000114440918,2088200
2004-10-05,XLB,13.84000015258789,13.875,13.779999732971191,13.859999656677246,2619800
2004-10-06,XLB,13.850000381469727,14.085000038146973,13.850000381469727,14.085000038146973,2132200
2004-10-07,XLB,14.074999809265137,14.09000015258789,13.899999618530273,13.904999732971191,3732600
2004-10-08,XLB,13.899999618530273,13.975000381469727,13.774999618530273,13.824999809265137,1354600
2004-10-11,XLB,13.850000381469727,13.904999732971191,13.795000076293945,13.824999809265137,1546600
2004-10-12,XLB,13.71500015258789,13.75,13.595000267028809,13.675000190734863,796200
2004-10-13,XLB,13.614999771118164,13.675000190734863,13.244999885559082,13.364999771118164,5262400
2004-10-14,XLB,13.345000267028809,13.425000190734863,13.324999809265137,13.34000015258789,1005600
2004-10-15,XLB,13.425000190734863,13.539999961853027,13.390000343322754,13.46500015258789,438000
2004-10-18,XLB,13.399999618530273,13.505000114440918,13.359999656677246,13.430000305175781,996600
2004-10-19,XLB,13.470000267028809,13.479999542236328,13.109999656677246,13.109999656677246,3534400
2004-10-20,XLB,13.125,13.244999885559082,13.109999656677246,13.199999809265137,2158000
2004-10-21,XLB,13.15999984741211,13.345000267028809,13.130000114440918,13.295000076293945,2401400
2004-10-22,XLB,13.300000190734863,13.449999809265137,13.204999923706055,13.210000038146973,2617000
2004-10-25,XLB,13.199999809265137,13.375,13.199999809265137,13.34000015258789,2453600
2004-10-26,XLB,13.359999656677246,13.475000381469727,13.279999732971191,13.470000267028809,1710800
2004-10-27,XLB,13.510000228881836,13.630000114440918,13.395000457763672,13.625,8298800
2004-10-28,XLB,13.449999809265137,13.520000457763672,13.300000190734863,13.449999809265137,5832600
2004-10-29,XLB,13.5,13.649999618530273,13.5,13.645000457763672,1371800
2004-11-01,XLB,13.699999809265137,13.699999809265137,13.579999923706055,13.65999984741211,721600
2004-11-02,XLB,13.734999656677246,13.765000343322754,13.59000015258789,13.595000267028809,2510400
2004-11-03,XLB,13.635000228881836,13.854999542236328,13.635000228881836,13.795000076293945,1940000
2004-11-04,XLB,13.875,14.125,13.795000076293945,14.125,2143600
2004-11-05,XLB,14.1899995803833,14.265000343322754,14.104999542236328,14.1850004196167,4738800
2004-11-08,XLB,14.175000190734863,14.21500015258789,14.170000076293945,14.1899995803833,1096400
2004-11-09,XLB,14.180000305175781,14.359999656677246,14.180000305175781,14.335000038146973,1062400
2004-11-10,XLB,14.350000381469727,14.375,14.28499984741211,14.329999923706055,832400
2004-11-11,XLB,14.359999656677246,14.454999923706055,14.3149995803833,14.4399995803833,2138400
2004-11-12,XLB,14.5,14.595000267028809,14.4399995803833,14.59000015258789,1523400
2004-11-15,XLB,14.625,14.625,14.46500015258789,14.5,981000
2004-11-16,XLB,14.4399995803833,14.515000343322754,14.414999961853027,14.414999961853027,586800
2004-11-17,XLB,14.595000267028809,14.720000267028809,14.489999771118164,14.524999618530273,2241600
2004-11-18,XLB,14.524999618530273,14.654999732971191,14.524999618530273,14.569999694824219,1105400
2004-11-19,XLB,14.5,14.595000267028809,14.420000076293945,14.470000267028809,567600
2004-11-22,XLB,14.444999694824219,14.640000343322754,14.430000305175781,14.640000343322754,1328600
2004-11-23,XLB,14.680000305175781,14.680000305175781,14.510000228881836,14.569999694824219,632000
2004-11-24,XLB,14.574999809265137,14.710000038146973,14.574999809265137,14.710000038146973,1380600
2004-11-26,XLB,14.694999694824219,14.899999618530273,14.694999694824219,14.854999542236328,1095000
2004-11-29,XLB,14.890000343322754,14.890000343322754,14.699999809265137,14.8149995803833,1650800
2004-11-30,XLB,14.914999961853027,14.914999961853027,14.739999771118164,14.755000114440918,812800
2004-12-01,XLB,14.779999732971191,14.9350004196167,14.75,14.890000343322754,972600
2004-12-02,XLB,14.899999618530273,14.899999618530273,14.630000114440918,14.704999923706055,4294800
2004-12-03,XLB,14.59000015258789,14.710000038146973,14.574999809265137,14.694999694824219,2236800
2004-12-06,XLB,14.699999809265137,14.699999809265137,14.5649995803833,14.654999732971191,785600
2004-12-07,XLB,14.675000190734863,14.675000190734863,14.34000015258789,14.345000267028809,5347200
2004-12-08,XLB,14.289999961853027,14.40999984741211,14.154999732971191,14.404999732971191,2465600
2004-12-09,XLB,14.274999618530273,14.529999732971191,14.220000267028809,14.5,4041200
2004-12-10,XLB,14.460000038146973,14.579999923706055,14.460000038146973,14.494999885559082,2162200
2004-12-13,XLB,14.595000267028809,14.720000267028809,14.524999618530273,14.704999923706055,2514400
2004-12-14,XLB,14.550000190734863,14.725000381469727,14.550000190734863,14.6899995803833,1414600
2004-12-15,XLB,14.725000381469727,14.850000381469727,14.699999809265137,14.845000267028809,1721800
2004-12-16,XLB,14.835000038146973,14.835000038146973,14.664999961853027,14.729999542236328,2426400
2004-12-17,XLB,14.550000190734863,14.6850004196167,14.550000190734863,14.625,1241800
2004-12-20,XLB,14.680000305175781,14.774999618530273,14.625,14.6850004196167,676000
2004-12-21,XLB,14.75,14.885000228881836,14.699999809265137,14.869999885559082,606000
2004-12-22,XLB,14.880000114440918,14.970000267028809,14.805000305175781,14.875,3365200
2004-12-23,XLB,14.899999618530273,14.9350004196167,14.854999542236328,14.90999984741211,545400
2004-12-27,XLB,14.949999809265137,14.989999771118164,14.859999656677246,14.875,245000
2004-12-28,XLB,14.875,14.960000038146973,14.875,14.960000038146973,232200
2004-12-29,XLB,14.994999885559082,14.994999885559082,14.904999732971191,14.96500015258789,779400
2004-12-30,XLB,14.979999542236328,14.979999542236328,14.885000228881836,14.895000457763672,1067200
2004-12-31,XLB,14.925000190734863,14.944999694824219,14.859999656677246,14.864999771118164,1353800
2005-01-03,XLB,14.895000457763672,14.949999809265137,14.625,14.71500015258789,1816600
2005-01-04,XLB,14.699999809265137,14.699999809265137,14.319999694824219,14.449999809265137,3376400
2005-01-05,XLB,14.3149995803833,14.529999732971191,14.225000381469727,14.25,3485000
2005-01-06,XLB,14.265000343322754,14.380000114440918,14.239999771118164,14.345000267028809,666000
2005-01-07,XLB,14.425000190734863,14.460000038146973,14.300000190734863,14.369999885559082,2391400
2005-01-10,XLB,14.425000190734863,14.5,14.359999656677246,14.4350004196167,1584800
2005-01-11,XLB,14.414999961853027,14.414999961853027,14.25,14.28499984741211,3205000
2005-01-12,XLB,14.3100004196167,14.385000228881836,14.15999984741211,14.380000114440918,2010200
2005-01-13,XLB,14.399999618530273,14.420000076293945,14.274999618530273,14.324999809265137,1132200
2005-01-14,XLB,14.300000190734863,14.479999542236328,14.300000190734863,14.460000038146973,1064800
2005-01-18,XLB,14.414999961853027,14.524999618530273,14.3100004196167,14.515000343322754,715600
2005-01-19,XLB,14.510000228881836,14.539999961853027,14.399999618530273,14.414999961853027,963200
2005-01-20,XLB,14.425000190734863,14.425000190734863,14.3100004196167,14.335000038146973,1329800
2005-01-21,XLB,14.319999694824219,14.375,14.255000114440918,14.274999618530273,1963600
2005-01-24,XLB,14.25,14.350000381469727,14.074999809265137,14.074999809265137,1786800
2005-01-25,XLB,14.149999618530273,14.305000305175781,14.119999885559082,14.149999618530273,3764200
2005-01-26,XLB,14.199999809265137,14.244999885559082,14.114999771118164,14.175000190734863,1216400
2005-01-27,XLB,14.289999961853027,14.289999961853027,14.154999732971191,14.25,1072400
2005-01-28,XLB,14.229999542236328,14.300000190734863,14.170000076293945,14.234999656677246,370800
2005-01-31,XLB,14.28499984741211,14.444999694824219,14.28499984741211,14.40999984741211,1038000
2005-02-01,XLB,14.375,14.550000190734863,14.375,14.529999732971191,2168600
2005-02-02,XLB,14.545000076293945,14.6899995803833,14.545000076293945,14.680000305175781,1169200
2005-02-03,XLB,14.600000381469727,14.649999618530273,14.529999732971191,14.595000267028809,2366000
2005-02-04,XLB,14.569999694824219,14.770000457763672,14.555000305175781,14.760000228881836,1573600
2005-02-07,XLB,14.789999961853027,14.859999656677246,14.744999885559082,14.755000114440918,1911800
2005-02-08,XLB,14.704999923706055,14.755000114440918,14.6899995803833,14.755000114440918,650200
2005-02-09,XLB,14.739999771118164,14.755000114440918,14.529999732971191,14.550000190734863,1646000
2005-02-10,XLB,14.555000305175781,14.770000457763672,14.555000305175781,14.744999885559082,5013600
2005-02-11,XLB,14.789999961853027,14.9399995803833,14.710000038146973,14.890000343322754,2366600
2005-02-14,XLB,14.84000015258789,14.944999694824219,14.835000038146973,14.904999732971191,1323400
2005-02-15,XLB,14.925000190734863,15.0600004196167,14.895000457763672,14.984999656677246,5070400
2005-02-16,XLB,14.970000267028809,15.204999923706055,14.930000305175781,15.175000190734863,2274000
2005-02-17,XLB,15.225000381469727,15.234999656677246,15.119999885559082,15.119999885559082,1437600
2005-02-18,XLB,15.175000190734863,15.319999694824219,15.154999732971191,15.289999961853027,1855800
2005-02-22,XLB,15.300000190734863,15.345000267028809,15.0600004196167,15.0600004196167,4259400
2005-02-23,XLB,15.140000343322754,15.289999961853027,15.100000381469727,15.289999961853027,1295200
2005-02-24,XLB,15.199999809265137,15.46500015258789,15.199999809265137,15.454999923706055,2358800
2005-02-25,XLB,15.475000381469727,15.699999809265137,15.430000305175781,15.694999694824219,1968200
2005-02-28,XLB,15.6899995803833,15.6899995803833,15.444999694824219,15.545000076293945,4330600
2005-03-01,XLB,15.649999618530273,15.6899995803833,15.515000343322754,15.5649995803833,3418000
2005-03-02,XLB,15.524999618530273,15.579999923706055,15.395000457763672,15.520000457763672,1624400
2005-03-03,XLB,15.510000228881836,15.609999656677246,15.4350004196167,15.505000114440918,939400
2005-03-04,XLB,15.625,15.994999885559082,15.595000267028809,15.989999771118164,2560400
2005-03-07,XLB,16.0,16.0,15.8149995803833,15.8149995803833,2352000
2005-03-08,XLB,15.8149995803833,15.854999542236328,15.75,15.774999618530273,1746200
2005-03-09,XLB,15.850000381469727,15.960000038146973,15.789999961853027,15.8100004196167,3956000
2005-03-10,XLB,15.864999771118164,15.875,15.5,15.609999656677246,7340800
2005-03-11,XLB,15.574999809265137,15.829999923706055,15.574999809265137,15.704999923706055,6189600
2005-03-14,XLB,15.649999618530273,15.744999885559082,15.569999694824219,15.699999809265137,2514800
2005-03-15,XLB,15.800000190734863,15.800000190734863,15.619999885559082,15.625,2360600
2005-03-16,XLB,15.5,15.5649995803833,15.265000343322754,15.289999961853027,9828600
2005-03-17,XLB,15.324999809265137,15.515000343322754,15.28499984741211,15.470000267028809,5151600
2005-03-18,XLB,15.470000267028809,15.479999542236328,15.319999694824219,15.414999961853027,4801400
2005-03-21,XLB,15.5,15.5,15.270000457763672,15.324999809265137,2558800
2005-03-22,XLB,15.380000114440918,15.545000076293945,15.260000228881836,15.274999618530273,2772400
2005-03-23,XLB,15.265000343322754,15.305000305175781,15.109999656677246,15.125,4239000
2005-03-24,XLB,15.25,15.270000457763672,15.119999885559082,15.125,3351200
2005-03-28,XLB,15.199999809265137,15.199999809265137,15.039999961853027,15.039999961853027,2327000
2005-03-29,XLB,15.005000114440918,15.170000076293945,14.699999809265137,14.704999923706055,4515600
2005-03-30,XLB,14.755000114440918,14.954999923706055,14.755000114440918,14.954999923706055,4168000
2005-03-31,XLB,15.024999618530273,15.140000343322754,15.0,15.079999923706055,3047200
2005-04-01,XLB,15.005000114440918,15.260000228881836,14.979999542236328,15.03499984741211,3916800
2005-04-04,XLB,14.954999923706055,14.954999923706055,14.835000038146973,14.944999694824219,1676400
2005-04-05,XLB,14.899999618530273,15.015000343322754,14.885000228881836,14.975000381469727,912400
2005-04-06,XLB,15.029999732971191,15.119999885559082,15.029999732971191,15.050000190734863,2042200
2005-04-07,XLB,15.114999771118164,15.220000267028809,15.085000038146973,15.21500015258789,2741000
2005-04-08,XLB,15.220000267028809,15.239999771118164,14.984999656677246,14.994999885559082,1884000
2005-04-11,XLB,15.045000076293945,15.045000076293945,14.875,14.944999694824219,553400
2005-04-12,XLB,14.90999984741211,14.979999542236328,14.6899995803833,14.930000305175781,2970000
2005-04-13,XLB,14.925000190734863,14.925000190734863,14.470000267028809,14.515000343322754,5702000
2005-04-14,XLB,14.5,14.515000343322754,14.029999732971191,14.109999656677246,15733800
2005-04-15,XLB,13.984999656677246,14.119999885559082,13.734999656677246,13.760000228881836,6334800
2005-04-18,XLB,13.824999809265137,14.024999618530273,13.760000228881836,13.979999542236328,8700600
2005-04-19,XLB,14.229999542236328,14.454999923706055,14.024999618530273,14.149999618530273,3448400
2005-04-20,XLB,14.350000381469727,14.350000381469727,13.880000114440918,13.914999961853027,4579800
2005-04-21,XLB,14.0649995803833,14.1850004196167,13.90999984741211,14.175000190734863,4358600
2005-04-22,XLB,14.225000381469727,14.225000381469727,13.895000457763672,14.039999961853027,2984200
2005-04-25,XLB,14.050000190734863,14.21500015258789,14.050000190734863,14.180000305175781,1912400
2005-04-26,XLB,14.095000267028809,14.1899995803833,13.904999732971191,13.90999984741211,3966200
2005-04-27,XLB,13.694999694824219,13.835000038146973,13.595000267028809,13.774999618530273,11978600
2005-04-28,XLB,13.850000381469727,13.899999618530273,13.619999885559082,13.664999961853027,11640200
2005-04-29,XLB,13.765000343322754,14.079999923706055,13.729999542236328,14.005000114440918,7592200
2005-05-02,XLB,14.010000228881836,14.145000457763672,14.005000114440918,14.119999885559082,5726800
2005-05-03,XLB,14.095000267028809,14.279999732971191,14.0649995803833,14.210000038146973,3460600
2005-05-04,XLB,14.274999618530273,14.430000305175781,14.210000038146973,14.430000305175781,2537400
2005-05-05,XLB,14.375,14.494999885559082,14.244999885559082,14.345000267028809,6206800
2005-05-06,XLB,14.354999542236328,14.479999542236328,14.34000015258789,14.380000114440918,2130800
2005-05-09,XLB,14.329999923706055,14.404999732971191,14.25,14.359999656677246,1848800
2005-05-10,XLB,14.25,14.28499984741211,14.109999656677246,14.145000457763672,2295800
2005-05-11,XLB,14.149999618530273,14.204999923706055,14.0,14.15999984741211,5504000
2005-05-12,XLB,14.149999618530273,14.1850004196167,13.729999542236328,13.774999618530273,6321200
2005-05-13,XLB,13.800000190734863,14.404999732971191,13.350000381469727,13.505000114440918,9231600
2005-05-16,XLB,13.369999885559082,13.579999923706055,13.369999885559082,13.5649995803833,3946800
2005-05-17,XLB,13.529999732971191,13.795000076293945,13.505000114440918,13.755000114440918,4717200
2005-05-18,XLB,13.800000190734863,14.15999984741211,13.800000190734863,14.104999542236328,9300400
2005-05-19,XLB,14.109999656677246,14.140000343322754,13.949999809265137,14.03499984741211,4472200
2005-05-20,XLB,14.005000114440918,14.005000114440918,13.869999885559082,13.944999694824219,7671400
2005-05-23,XLB,13.914999961853027,14.109999656677246,13.899999618530273,14.055000305175781,3874800
2005-05-24,XLB,14.020000457763672,14.0600004196167,13.954999923706055,14.010000228881836,3825000
2005-05-25,XLB,13.925000190734863,14.0,13.774999618530273,13.864999771118164,5706000
2005-05-26,XLB,13.875,13.994999885559082,13.875,13.970000267028809,2449000
2005-05-27,XLB,14.015000343322754,14.029999732971191,13.9399995803833,14.015000343322754,2545600
2005-05-31,XLB,13.930000305175781,13.984999656677246,13.800000190734863,13.914999961853027,3868600
2005-06-01,XLB,13.914999961853027,14.175000190734863,13.899999618530273,14.125,8905600
2005-06-02,XLB,14.125,14.125,14.005000114440918,14.079999923706055,3669800
2005-06-03,XLB,14.095000267028809,14.1850004196167,14.005000114440918,14.050000190734863,4567600
2005-06-06,XLB,14.029999732971191,14.050000190734863,13.970000267028809,14.010000228881836,5537600
2005-06-07,XLB,14.0600004196167,14.244999885559082,14.0600004196167,14.095000267028809,7826600
2005-06-08,XLB,14.175000190734863,14.175000190734863,13.989999771118164,14.0,4980600
2005-06-09,XLB,13.949999809265137,13.96500015258789,13.805000305175781,13.9399995803833,4845400
2005-06-10,XLB,13.975000381469727,14.149999618530273,13.975000381469727,14.0649995803833,4234200
2005-06-13,XLB,14.085000038146973,14.25,13.989999771118164,14.154999732971191,5921000
2005-06-14,XLB,14.130000114440918,14.210000038146973,14.130000114440918,14.180000305175781,4047400
2005-06-15,XLB,14.21500015258789,14.3149995803833,14.100000381469727,14.3149995803833,6493800
2005-06-16,XLB,14.324999809265137,14.550000190734863,14.324999809265137,14.46500015258789,7237800
2005-06-17,XLB,14.529999732971191,14.529999732971191,14.395000457763672,14.399999618530273,4630600
2005-06-20,XLB,14.399999618530273,14.399999618530273,14.210000038146973,14.25,3899800
2005-06-21,XLB,14.239999771118164,14.239999771118164,14.125,14.175000190734863,2968600
2005-06-22,XLB,13.975000381469727,14.255000114440918,13.975000381469727,14.15999984741211,2679600
2005-06-23,XLB,14.140000343322754,14.1850004196167,13.824999809265137,13.824999809265137,5384400
2005-06-24,XLB,13.819999694824219,13.854999542236328,13.600000381469727,13.670000076293945,4358200
2005-06-27,XLB,13.654999732971191,13.704999923706055,13.595000267028809,13.635000228881836,6363200
2005-06-28,XLB,13.6850004196167,13.850000381469727,13.680000305175781,13.850000381469727,3934000
2005-06-29,XLB,13.774999618530273,13.850000381469727,13.760000228881836,13.789999961853027,2199600
2005-06-30,XLB,13.774999618530273,13.795000076293945,13.5,13.569999694824219,4073000
2005-07-01,XLB,13.600000381469727,13.640000343322754,13.5,13.5600004196167,3680600
2005-07-05,XLB,13.510000228881836,13.619999885559082,13.484999656677246,13.595000267028809,1854200
2005-07-06,XLB,13.579999923706055,13.640000343322754,13.529999732971191,13.550000190734863,3707800
2005-07-07,XLB,13.380000114440918,13.585000038146973,13.350000381469727,13.579999923706055,4857400
2005-07-08,XLB,13.600000381469727,13.864999771118164,13.600000381469727,13.845000267028809,7898600
2005-07-11,XLB,13.824999809265137,14.03499984741211,13.824999809265137,14.03499984741211,5734600
2005-07-12,XLB,14.045000076293945,14.055000305175781,13.880000114440918,14.0,8456800
2005-07-13,XLB,13.989999771118164,14.03499984741211,13.885000228881836,13.954999923706055,6172400
2005-07-14,XLB,14.0600004196167,14.125,13.954999923706055,13.975000381469727,4254000
2005-07-15,XLB,13.96500015258789,13.994999885559082,13.920000076293945,13.949999809265137,1744200
2005-07-18,XLB,13.930000305175781,14.0,13.90999984741211,13.920000076293945,3778400
2005-07-19,XLB,13.984999656677246,14.199999809265137,13.984999656677246,14.145000457763672,7513200
2005-07-20,XLB,14.145000457763672,14.404999732971191,14.145000457763672,14.364999771118164,6060800
2005-07-21,XLB,14.364999771118164,14.449999809265137,14.295000076293945,14.295000076293945,6510800
2005-07-22,XLB,14.324999809265137,14.425000190734863,14.225000381469727,14.385000228881836,4117600
2005-07-25,XLB,14.4399995803833,14.484999656677246,14.265000343322754,14.265000343322754,3749000
2005-07-26,XLB,14.180000305175781,14.180000305175781,14.005000114440918,14.0649995803833,7182000
2005-07-27,XLB,14.149999618530273,14.234999656677246,14.100000381469727,14.21500015258789,4803200
2005-07-28,XLB,14.300000190734863,14.399999618530273,14.260000228881836,14.375,3089000
2005-07-29,XLB,14.425000190734863,14.479999542236328,14.3100004196167,14.319999694824219,3982600
2005-08-01,XLB,14.300000190734863,14.369999885559082,14.204999923706055,14.25,5312800
2005-08-02,XLB,14.265000343322754,14.529999732971191,14.265000343322754,14.46500015258789,8055600
2005-08-03,XLB,14.454999923706055,14.529999732971191,14.40999984741211,14.524999618530273,4320400
2005-08-04,XLB,14.774999618530273,14.774999618530273,14.359999656677246,14.369999885559082,5017400
2005-08-05,XLB,14.385000228881836,14.5,14.270000457763672,14.295000076293945,7296400
2005-08-08,XLB,14.34000015258789,14.494999885559082,14.295000076293945,14.295000076293945,2567400
2005-08-09,XLB,14.3149995803833,14.40999984741211,14.3149995803833,14.385000228881836,2881200
2005-08-10,XLB,14.5,14.59000015258789,14.369999885559082,14.430000305175781,8674400
2005-08-11,XLB,14.494999885559082,14.614999771118164,14.449999809265137,14.550000190734863,3992400
2005-08-12,XLB,14.5,14.555000305175781,14.350000381469727,14.444999694824219,5921000
2005-08-15,XLB,14.399999618530273,14.475000381469727,14.3149995803833,14.4350004196167,2365600
2005-08-16,XLB,14.430000305175781,14.430000305175781,14.154999732971191,14.154999732971191,8151200
2005-08-17,XLB,14.074999809265137,14.204999923706055,14.074999809265137,14.140000343322754,4208200
2005-08-18,XLB,14.100000381469727,14.114999771118164,14.015000343322754,14.020000457763672,5142600
2005-08-19,XLB,14.125,14.164999961853027,14.024999618530273,14.050000190734863,6201200
2005-08-22,XLB,14.140000343322754,14.220000267028809,14.010000228881836,14.055000305175781,3066400
2005-08-23,XLB,14.039999961853027,14.050000190734863,13.824999809265137,13.824999809265137,7106800
2005-08-24,XLB,13.824999809265137,13.859999656677246,13.6850004196167,13.694999694824219,4648800
2005-08-25,XLB,13.699999809265137,13.75,13.65999984741211,13.704999923706055,1965800
2005-08-26,XLB,13.71500015258789,13.720000267028809,13.574999809265137,13.635000228881836,2116600
2005-08-29,XLB,13.520000457763672,13.744999885559082,13.510000228881836,13.720000267028809,5942400
2005-08-30,XLB,13.699999809265137,13.699999809265137,13.524999618530273,13.59000015258789,7972600
2005-08-31,XLB,13.5649995803833,13.744999885559082,13.550000190734863,13.720000267028809,2681600
2005-09-01,XLB,13.75,13.869999885559082,13.75,13.760000228881836,3514200
2005-09-02,XLB,13.760000228881836,13.824999809265137,13.71500015258789,13.75,2758000
2005-09-06,XLB,13.729999542236328,13.845000267028809,13.729999542236328,13.845000267028809,3666600
2005-09-07,XLB,13.869999885559082,13.960000038146973,13.835000038146973,13.930000305175781,6108600
2005-09-08,XLB,13.970000267028809,13.975000381469727,13.850000381469727,13.854999542236328,3751800
2005-09-09,XLB,13.875,14.005000114440918,13.875,14.0,3328400
2005-09-12,XLB,13.979999542236328,14.055000305175781,13.970000267028809,14.03499984741211,3377000
2005-09-13,XLB,14.029999732971191,14.029999732971191,13.880000114440918,13.885000228881836,3817800
2005-09-14,XLB,13.880000114440918,13.989999771118164,13.869999885559082,13.9350004196167,4094800
2005-09-15,XLB,13.6850004196167,13.975000381469727,13.539999961853027,13.895000457763672,3681200
2005-09-16,XLB,13.824999809265137,13.975000381469727,13.824999809265137,13.914999961853027,5758400
2005-09-19,XLB,13.984999656677246,13.984999656677246,13.78499984741211,13.8149995803833,4599000
2005-09-20,XLB,13.895000457763672,13.925000190734863,13.604999542236328,13.604999542236328,6464800
2005-09-21,XLB,13.53499984741211,13.585000038146973,13.40999984741211,13.449999809265137,8034400
2005-09-22,XLB,13.5,13.539999961853027,13.385000228881836,13.529999732971191,7041400
2005-09-23,XLB,13.444999694824219,13.585000038146973,13.375,13.539999961853027,4488600
2005-09-26,XLB,13.625,13.664999961853027,13.470000267028809,13.524999618530273,3816200
2005-09-27,XLB,13.510000228881836,13.604999542236328,13.454999923706055,13.524999618530273,4579200
2005-09-28,XLB,13.550000190734863,13.619999885559082,13.505000114440918,13.5649995803833,12234000
2005-09-29,XLB,13.539999961853027,13.654999732971191,13.46500015258789,13.645000457763672,4953200
2005-09-30,XLB,13.645000457763672,13.789999961853027,13.625,13.75,3216800
2005-10-03,XLB,13.765000343322754,13.770000457763672,13.635000228881836,13.694999694824219,2239600
2005-10-04,XLB,13.944999694824219,13.944999694824219,13.545000076293945,13.545000076293945,2406800
2005-10-05,XLB,13.505000114440918,13.539999961853027,13.234999656677246,13.234999656677246,9584200
2005-10-06,XLB,13.265000343322754,13.329999923706055,13.0600004196167,13.164999961853027,9655000
2005-10-07,XLB,13.21500015258789,13.364999771118164,13.21500015258789,13.295000076293945,3643400
2005-10-10,XLB,13.295000076293945,13.350000381469727,13.21500015258789,13.225000381469727,4445200
2005-10-11,XLB,13.319999694824219,13.369999885559082,13.229999542236328,13.239999771118164,4036800
2005-10-12,XLB,13.260000228881836,13.305000305175781,13.0649995803833,13.135000228881836,3333000
2005-10-13,XLB,13.119999885559082,13.170000076293945,12.989999771118164,13.114999771118164,3084000
2005-10-14,XLB,13.135000228881836,13.1899995803833,13.029999732971191,13.15999984741211,3295800
2005-10-17,XLB,13.149999618530273,13.265000343322754,13.149999618530273,13.260000228881836,3554000
2005-10-18,XLB,13.25,13.274999618530273,13.104999542236328,13.119999885559082,2134800
2005-10-19,XLB,13.039999961853027,13.244999885559082,12.96500015258789,13.229999542236328,4786400
2005-10-20,XLB,13.244999885559082,13.404999732971191,13.09000015258789,13.140000343322754,11547400
2005-10-21,XLB,13.125,13.329999923706055,13.100000381469727,13.260000228881836,4301600
2005-10-24,XLB,13.335000038146973,13.5649995803833,13.279999732971191,13.5649995803833,5646800
2005-10-25,XLB,13.5649995803833,13.6899995803833,13.479999542236328,13.555000305175781,4373200
2005-10-26,XLB,13.524999618530273,13.84000015258789,13.524999618530273,13.664999961853027,11956400
2005-10-27,XLB,13.65999984741211,13.75,13.350000381469727,13.524999618530273,5591400
2005-10-28,XLB,13.574999809265137,13.774999618530273,13.545000076293945,13.739999771118164,3665600
2005-10-31,XLB,13.850000381469727,13.850000381469727,13.770000457763672,13.779999732971191,5209200
2005-11-01,XLB,13.850000381469727,13.885000228881836,13.75,13.824999809265137,4325200
2005-11-02,XLB,13.829999923706055,14.029999732971191,13.795000076293945,13.989999771118164,3250800
2005-11-03,XLB,14.039999961853027,14.095000267028809,13.899999618530273,13.944999694824219,10451600
2005-11-04,XLB,13.954999923706055,13.989999771118164,13.8100004196167,13.925000190734863,3728400
2005-11-07,XLB,13.9399995803833,14.024999618530273,13.550000190734863,14.0,4549000
2005-11-08,XLB,13.975000381469727,14.0,13.890000343322754,13.930000305175781,3314200
2005-11-09,XLB,13.899999618530273,14.045000076293945,13.899999618530273,13.914999961853027,4118200
2005-11-10,XLB,13.925000190734863,14.140000343322754,13.864999771118164,14.109999656677246,5356800
2005-11-11,XLB,14.140000343322754,14.3100004196167,14.100000381469727,14.305000305175781,2449400
2005-11-14,XLB,14.454999923706055,14.619999885559082,14.395000457763672,14.444999694824219,12318400
2005-11-15,XLB,14.449999809265137,14.529999732971191,14.385000228881836,14.404999732971191,3006400
2005-11-16,XLB,14.404999732971191,14.479999542236328,14.359999656677246,14.430000305175781,4010400
2005-11-17,XLB,14.46500015258789,14.630000114440918,14.460000038146973,14.609999656677246,3912800
2005-11-18,XLB,14.635000228881836,14.729999542236328,14.574999809265137,14.649999618530273,4365200
2005-11-21,XLB,14.694999694824219,14.774999618530273,14.65999984741211,14.744999885559082,4951000
2005-11-22,XLB,14.65999984741211,14.819999694824219,14.65999984741211,14.789999961853027,4125600
2005-11-23,XLB,14.75,14.835000038146973,14.734999656677246,14.765000343322754,1970400
2005-11-25,XLB,14.739999771118164,14.854999542236328,14.739999771118164,14.850000381469727,388000
2005-11-28,XLB,14.890000343322754,14.890000343322754,14.795000076293945,14.8100004196167,3934800
2005-11-29,XLB,14.84000015258789,15.015000343322754,14.8149995803833,14.944999694824219,4608800
2005-11-30,XLB,14.850000381469727,14.994999885559082,14.8100004196167,14.835000038146973,3130000
2005-12-01,XLB,14.880000114440918,15.125,14.880000114440918,15.125,5664200
2005-12-02,XLB,15.104999542236328,15.114999771118164,15.03499984741211,15.0600004196167,1763600
2005-12-05,XLB,15.095000267028809,15.100000381469727,15.010000228881836,15.100000381469727,8654800
2005-12-06,XLB,15.164999961853027,15.305000305175781,15.114999771118164,15.210000038146973,4052800
2005-12-07,XLB,15.244999885559082,15.28499984741211,15.109999656677246,15.170000076293945,4845800
2005-12-08,XLB,15.125,15.260000228881836,15.085000038146973,15.145000457763672,3228000
2005-12-09,XLB,15.199999809265137,15.199999809265137,15.069999694824219,15.104999542236328,2323800
2005-12-12,XLB,15.114999771118164,15.199999809265137,15.039999961853027,15.104999542236328,4109800
2005-12-13,XLB,15.079999923706055,15.289999961853027,15.055000305175781,15.239999771118164,2833800
2005-12-14,XLB,15.204999923706055,15.25,15.140000343322754,15.154999732971191,2747200
2005-12-15,XLB,15.199999809265137,15.229999542236328,15.0649995803833,15.074999809265137,2532800
2005-12-16,XLB,14.949999809265137,15.050000190734863,14.885000228881836,14.899999618530273,4028000
2005-12-19,XLB,14.899999618530273,14.989999771118164,14.819999694824219,14.829999923706055,2132600
2005-12-20,XLB,14.8149995803833,14.9350004196167,14.765000343322754,14.774999618530273,2597400
2005-12-21,XLB,14.850000381469727,15.0649995803833,14.850000381469727,15.0600004196167,2985600
2005-12-22,XLB,15.100000381469727,15.220000267028809,15.09000015258789,15.21500015258789,3076600
2005-12-23,XLB,15.210000038146973,15.274999618530273,15.1899995803833,15.260000228881836,3335800
2005-12-27,XLB,15.329999923706055,15.380000114440918,15.145000457763672,15.164999961853027,5606400
2005-12-28,XLB,15.1899995803833,15.305000305175781,15.1899995803833,15.295000076293945,1633200
2005-12-29,XLB,15.260000228881836,15.359999656677246,15.225000381469727,15.270000457763672,1846000
2005-12-30,XLB,15.210000038146973,15.210000038146973,15.125,15.140000343322754,1436400
2006-01-03,XLB,15.055000305175781,15.505000114440918,15.055000305175781,15.460000038146973,11209200
2006-01-04,XLB,15.404999732971191,15.555000305175781,15.404999732971191,15.555000305175781,6215000
2006-01-05,XLB,15.5600004196167,15.5600004196167,15.4399995803833,15.529999732971191,3371000
2006-01-06,XLB,15.640000343322754,15.755000114440918,15.600000381469727,15.694999694824219,1670600
2006-01-09,XLB,15.704999923706055,15.744999885559082,15.654999732971191,15.6899995803833,1767600
2006-01-10,XLB,15.585000038146973,15.625,15.335000038146973,15.59000015258789,5776800
2006-01-11,XLB,15.5,15.579999923706055,15.460000038146973,15.470000267028809,5579800
2006-01-12,XLB,15.46500015258789,15.46500015258789,15.255000114440918,15.255000114440918,4073600
2006-01-13,XLB,15.104999542236328,15.354999542236328,15.104999542236328,15.289999961853027,2547800
2006-01-17,XLB,15.199999809265137,15.354999542236328,15.175000190734863,15.305000305175781,2466600
2006-01-18,XLB,15.25,15.279999732971191,15.104999542236328,15.154999732971191,3615200
2006-01-19,XLB,15.225000381469727,15.390000343322754,15.204999923706055,15.3149995803833,5776000
2006-01-20,XLB,15.300000190734863,15.375,15.045000076293945,15.055000305175781,6695800
2006-01-23,XLB,15.050000190734863,15.305000305175781,15.050000190734863,15.260000228881836,3458000
2006-01-24,XLB,15.255000114440918,15.449999809265137,15.255000114440918,15.430000305175781,7155000
2006-01-25,XLB,15.574999809265137,15.630000114440918,15.454999923706055,15.505000114440918,3743200
2006-01-26,XLB,15.800000190734863,15.800000190734863,15.529999732971191,15.6899995803833,4689200
2006-01-27,XLB,15.744999885559082,15.829999923706055,15.664999961853027,15.800000190734863,4160200
2006-01-30,XLB,15.78499984741211,15.875,15.765000343322754,15.845000267028809,9871800
2006-01-31,XLB,15.864999771118164,15.96500015258789,15.774999618530273,15.869999885559082,4498600
2006-02-01,XLB,15.925000190734863,15.944999694824219,15.800000190734863,15.914999961853027,3212000
2006-02-02,XLB,15.899999618530273,16.0,15.664999961853027,15.680000305175781,7185000
2006-02-03,XLB,15.65999984741211,15.6899995803833,15.515000343322754,15.539999961853027,5592200
2006-02-06,XLB,15.654999732971191,15.835000038146973,15.635000228881836,15.819999694824219,5807400
2006-02-07,XLB,15.729999542236328,15.78499984741211,15.25,15.404999732971191,12205800
2006-02-08,XLB,15.399999618530273,15.460000038146973,15.28499984741211,15.430000305175781,4834800
2006-02-09,XLB,15.489999771118164,15.6899995803833,15.444999694824219,15.479999542236328,4237800
2006-02-10,XLB,15.460000038146973,15.529999732971191,15.229999542236328,15.449999809265137,5821600
2006-02-13,XLB,15.375,15.494999885559082,15.265000343322754,15.295000076293945,8823800
2006-02-14,XLB,15.3149995803833,15.725000381469727,15.3149995803833,15.704999923706055,6714800
2006-02-15,XLB,15.725000381469727,15.970000267028809,15.5,15.635000228881836,5347600
2006-02-16,XLB,15.600000381469727,15.84000015258789,15.600000381469727,15.84000015258789,5289400
2006-02-17,XLB,15.869999885559082,15.890000343322754,15.779999732971191,15.824999809265137,3603000
2006-02-21,XLB,15.925000190734863,15.949999809265137,15.765000343322754,15.829999923706055,4361800
2006-02-22,XLB,15.885000228881836,15.989999771118164,15.84000015258789,15.895000457763672,3905800
2006-02-23,XLB,15.899999618530273,15.970000267028809,15.78499984741211,15.8149995803833,4972800
2006-02-24,XLB,15.880000114440918,15.90999984741211,15.765000343322754,15.859999656677246,3897000
2006-02-27,XLB,15.800000190734863,15.895000457763672,15.729999542236328,15.729999542236328,3942600
2006-02-28,XLB,15.71500015258789,15.725000381469727,15.529999732971191,15.529999732971191,11057400
2006-03-01,XLB,15.515000343322754,15.795000076293945,15.515000343322754,15.770000457763672,2129400
2006-03-02,XLB,15.725000381469727,15.885000228881836,15.635000228881836,15.864999771118164,5779000
2006-03-03,XLB,15.789999961853027,15.944999694824219,15.774999618530273,15.869999885559082,3101000
2006-03-06,XLB,15.890000343322754,15.890000343322754,15.600000381469727,15.654999732971191,5202000
2006-03-07,XLB,15.640000343322754,15.649999618530273,15.444999694824219,15.505000114440918,12488000
2006-03-08,XLB,15.529999732971191,15.529999732971191,15.25,15.40999984741211,12771600
2006-03-09,XLB,15.475000381469727,15.630000114440918,15.369999885559082,15.380000114440918,5736800
2006-03-10,XLB,15.420000076293945,15.699999809265137,15.390000343322754,15.654999732971191,8427800
2006-03-13,XLB,15.680000305175781,15.755000114440918,15.640000343322754,15.6899995803833,2971200
2006-03-14,XLB,15.694999694824219,15.979999542236328,15.675000190734863,15.979999542236328,10421600
2006-03-15,XLB,16.075000762939453,16.18000030517578,15.885000228881836,16.170000076293945,20683600
2006-03-16,XLB,16.204999923706055,16.299999237060547,16.149999618530273,16.19499969482422,5993000
2006-03-17,XLB,16.200000762939453,16.200000762939453,16.094999313354492,16.094999313354492,3686400
2006-03-20,XLB,16.1299991607666,16.18000030517578,15.989999771118164,16.059999465942383,5121200
2006-03-21,XLB,16.049999237060547,16.135000228881836,15.824999809265137,15.824999809265137,10443200
2006-03-22,XLB,15.829999923706055,16.014999389648438,15.829999923706055,15.989999771118164,7977000
2006-03-23,XLB,15.984999656677246,16.075000762939453,15.895000457763672,16.03499984741211,6414600
2006-03-24,XLB,16.030000686645508,16.094999313354492,15.949999809265137,16.024999618530273,3093200
2006-03-27,XLB,16.020000457763672,16.149999618530273,16.020000457763672,16.135000228881836,5005200
2006-03-28,XLB,16.100000381469727,16.260000228881836,15.994999885559082,16.0,6136200
2006-03-29,XLB,16.03499984741211,16.295000076293945,16.03499984741211,16.270000457763672,5956400
2006-03-30,XLB,16.350000381469727,16.510000228881836,16.2549991607666,16.329999923706055,5902000
2006-03-31,XLB,16.239999771118164,16.260000228881836,16.1299991607666,16.174999237060547,5491400
2006-04-03,XLB,16.354999542236328,16.55500030517578,16.28499984741211,16.375,4854800
2006-04-04,XLB,16.399999618530273,16.440000534057617,16.309999465942383,16.399999618530273,7378200
2006-04-05,XLB,16.5,16.625,16.344999313354492,16.625,7297000
2006-04-06,XLB,16.65999984741211,16.704999923706055,16.524999618530273,16.65999984741211,5206600
2006-04-07,XLB,16.649999618530273,16.71500015258789,16.405000686645508,16.405000686645508,6347000
2006-04-10,XLB,16.5,16.540000915527344,16.3700008392334,16.399999618530273,5306400
2006-04-11,XLB,16.6299991607666,16.69499969482422,16.280000686645508,16.280000686645508,4495600
2006-04-12,XLB,16.375,16.424999237060547,16.299999237060547,16.389999389648438,2658800
2006-04-13,XLB,16.639999389648438,16.639999389648438,16.280000686645508,16.475000381469727,8089800
2006-04-17,XLB,16.549999237060547,16.65999984741211,16.53499984741211,16.6200008392334,4429800
2006-04-18,XLB,16.649999618530273,17.09000015258789,16.649999618530273,17.075000762939453,8221200
2006-04-19,XLB,17.075000762939453,17.204999923706055,16.93000030517578,17.190000534057617,3251400
2006-04-20,XLB,17.200000762939453,17.204999923706055,16.915000915527344,17.030000686645508,9063000
2006-04-21,XLB,17.030000686645508,17.2549991607666,17.030000686645508,17.200000762939453,4655800
2006-04-24,XLB,17.125,17.15999984741211,17.0049991607666,17.139999389648438,3379400
2006-04-25,XLB,17.25,17.260000228881836,16.950000762939453,17.020000457763672,6797200
2006-04-26,XLB,16.975000381469727,17.155000686645508,16.959999084472656,17.014999389648438,4427200
2006-04-27,XLB,16.700000762939453,16.969999313354492,16.625,16.674999237060547,16766000
2006-04-28,XLB,16.799999237060547,16.81999969482422,16.690000534057617,16.75,13160400
2006-05-01,XLB,16.825000762939453,17.014999389648438,16.790000915527344,16.860000610351562,4238200
2006-05-02,XLB,16.875,17.03499984741211,16.875,17.024999618530273,6704400
2006-05-03,XLB,17.045000076293945,17.059999465942383,16.90999984741211,17.030000686645508,5778600
2006-05-04,XLB,17.15999984741211,17.280000686645508,17.030000686645508,17.200000762939453,4051400
2006-05-05,XLB,17.295000076293945,17.334999084472656,17.204999923706055,17.31999969482422,5568600
2006-05-08,XLB,17.350000381469727,17.440000534057617,17.344999313354492,17.385000228881836,4338200
2006-05-09,XLB,17.454999923706055,17.524999618530273,17.354999542236328,17.5,5280600
2006-05-10,XLB,17.5049991607666,17.514999389648438,17.354999542236328,17.5049991607666,9409400
2006-05-11,XLB,17.670000076293945,17.674999237060547,17.225000381469727,17.264999389648438,9712400
2006-05-12,XLB,17.184999465942383,17.225000381469727,16.864999771118164,16.895000457763672,19667000
2006-05-15,XLB,16.6200008392334,16.80500030517578,16.469999313354492,16.674999237060547,15744400
2006-05-16,XLB,16.844999313354492,16.844999313354492,16.434999465942383,16.68000030517578,10700400
2006-05-17,XLB,16.56999969482422,16.670000076293945,16.149999618530273,16.229999542236328,12605400
2006-05-18,XLB,16.334999084472656,16.3700008392334,16.040000915527344,16.059999465942383,6915800
2006-05-19,XLB,15.949999809265137,16.190000534057617,15.864999771118164,16.125,16975000
2006-05-22,XLB,15.75,15.954999923706055,15.520000457763672,15.774999618530273,18024400
2006-05-23,XLB,16.0,16.149999618530273,15.8100004196167,15.8100004196167,12590600
2006-05-24,XLB,15.699999809265137,15.9350004196167,15.475000381469727,15.739999771118164,9240000
2006-05-25,XLB,15.890000343322754,16.06999969482422,15.84000015258789,16.010000228881836,8627600
2006-05-26,XLB,16.209999084472656,16.30500030517578,16.059999465942383,16.280000686645508,8946000
2006-05-30,XLB,16.270000457763672,16.270000457763672,15.895000457763672,15.895000457763672,5977600
2006-05-31,XLB,15.994999885559082,16.200000762939453,15.96500015258789,16.075000762939453,7760800
2006-06-01,XLB,15.975000381469727,16.280000686645508,15.904999732971191,16.25,8201600
2006-06-02,XLB,16.424999237060547,16.434999465942383,16.280000686645508,16.405000686645508,7415800
2006-06-05,XLB,16.290000915527344,16.385000228881836,15.90999984741211,15.914999961853027,7279600
2006-06-06,XLB,15.875,15.875,15.640000343322754,15.779999732971191,10697600
2006-06-07,XLB,15.824999809265137,15.824999809265137,15.420000076293945,15.420000076293945,11128400
2006-06-08,XLB,15.460000038146973,15.475000381469727,14.84000015258789,15.369999885559082,27221600
2006-06-09,XLB,15.399999618530273,15.595000267028809,15.255000114440918,15.289999961853027,8174600
2006-06-12,XLB,15.395000457763672,15.449999809265137,15.039999961853027,15.050000190734863,8845400
2006-06-13,XLB,14.949999809265137,15.114999771118164,14.694999694824219,14.795000076293945,18360600
2006-06-14,XLB,14.864999771118164,15.03499984741211,14.710000038146973,14.989999771118164,10272400
2006-06-15,XLB,15.15999984741211,15.539999961853027,15.154999732971191,15.489999771118164,14281800
2006-06-16,XLB,15.414999961853027,15.414999961853027,15.204999923706055,15.295000076293945,9627200
2006-06-19,XLB,15.225000381469727,15.335000038146973,14.914999961853027,14.989999771118164,24094800
2006-06-20,XLB,15.100000381469727,15.199999809265137,14.970000267028809,15.055000305175781,7023400
2006-06-21,XLB,15.085000038146973,15.520000457763672,15.069999694824219,15.420000076293945,26130200
2006-06-22,XLB,15.420000076293945,15.449999809265137,15.255000114440918,15.34000015258789,6109800
2006-06-23,XLB,15.295000076293945,15.574999809265137,15.28499984741211,15.470000267028809,5155200
2006-06-26,XLB,15.475000381469727,15.524999618530273,15.399999618530273,15.515000343322754,6167400
2006-06-27,XLB,15.505000114440918,15.5600004196167,15.295000076293945,15.319999694824219,8590800
2006-06-28,XLB,15.359999656677246,15.390000343322754,15.234999656677246,15.359999656677246,3688400
2006-06-29,XLB,15.470000267028809,15.975000381469727,15.470000267028809,15.975000381469727,12453000
2006-06-30,XLB,16.049999237060547,16.104999542236328,15.96500015258789,16.049999237060547,4199400
2006-07-03,XLB,16.1200008392334,16.260000228881836,16.100000381469727,16.239999771118164,4472400
2006-07-05,XLB,16.149999618530273,16.149999618530273,15.949999809265137,16.045000076293945,11432000
2006-07-06,XLB,16.045000076293945,16.165000915527344,15.984999656677246,16.030000686645508,7682000
2006-07-07,XLB,15.949999809265137,16.06999969482422,15.829999923706055,15.904999732971191,5138000
2006-07-10,XLB,15.949999809265137,16.03499984741211,15.845000267028809,15.944999694824219,3573400
2006-07-11,XLB,15.829999923706055,15.949999809265137,15.739999771118164,15.925000190734863,4272400
2006-07-12,XLB,15.984999656677246,16.020000457763672,15.760000228881836,15.8100004196167,5551000
2006-07-13,XLB,15.739999771118164,15.739999771118164,15.34000015258789,15.364999771118164,12430800
2006-07-14,XLB,15.335000038146973,15.430000305175781,15.15999984741211,15.390000343322754,6587200
2006-07-17,XLB,15.28499984741211,15.364999771118164,15.149999618530273,15.1850004196167,6985800
2006-07-18,XLB,15.255000114440918,15.335000038146973,15.0649995803833,15.25,7360200
2006-07-19,XLB,15.345000267028809,15.75,15.324999809265137,15.65999984741211,11064800
2006-07-20,XLB,15.819999694824219,15.84000015258789,15.225000381469727,15.225000381469727,9373800
2006-07-21,XLB,15.289999961853027,15.289999961853027,14.984999656677246,15.024999618530273,9195000
2006-07-24,XLB,15.125,15.295000076293945,14.960000038146973,15.25,13622800
2006-07-25,XLB,15.375,15.539999961853027,15.194999694824219,15.484999656677246,8225000
2006-07-26,XLB,15.494999885559082,15.5,15.34000015258789,15.449999809265137,10437200
2006-07-27,XLB,15.484999656677246,15.520000457763672,15.09000015258789,15.109999656677246,6234800
2006-07-28,XLB,15.194999694824219,15.399999618530273,15.109999656677246,15.385000228881836,10654800
2006-07-31,XLB,15.3149995803833,15.529999732971191,15.3149995803833,15.449999809265137,6326400
2006-08-01,XLB,15.449999809265137,15.449999809265137,15.255000114440918,15.324999809265137,5716000
2006-08-02,XLB,15.390000343322754,15.680000305175781,15.390000343322754,15.569999694824219,7524200
2006-08-03,XLB,15.5,15.729999542236328,15.449999809265137,15.664999961853027,8609000
2006-08-04,XLB,15.824999809265137,15.904999732971191,15.515000343322754,15.59000015258789,4422200
2006-08-07,XLB,15.619999885559082,15.71500015258789,15.555000305175781,15.664999961853027,4216600
2006-08-08,XLB,15.625,15.739999771118164,15.454999923706055,15.5,13830400
2006-08-09,XLB,15.609999656677246,15.680000305175781,15.46500015258789,15.515000343322754,7627200
2006-08-10,XLB,15.595000267028809,15.654999732971191,15.420000076293945,15.555000305175781,7596000
2006-08-11,XLB,15.484999656677246,15.609999656677246,15.359999656677246,15.380000114440918,10213800
2006-08-14,XLB,15.390000343322754,15.524999618530273,15.329999923706055,15.34000015258789,6692000
2006-08-15,XLB,15.430000305175781,15.664999961853027,15.420000076293945,15.664999961853027,6551800
2006-08-16,XLB,15.734999656677246,15.9399995803833,15.734999656677246,15.9399995803833,11645200
2006-08-17,XLB,15.899999618530273,15.949999809265137,15.78499984741211,15.84000015258789,8059000
2006-08-18,XLB,15.824999809265137,15.895000457763672,15.720000267028809,15.84000015258789,2420000
2006-08-21,XLB,15.850000381469727,15.895000457763672,15.774999618530273,15.84000015258789,1990800
2006-08-22,XLB,15.829999923706055,15.9399995803833,15.829999923706055,15.885000228881836,3841400
2006-08-23,XLB,15.925000190734863,15.979999542236328,15.800000190734863,15.859999656677246,5244000
2006-08-24,XLB,15.864999771118164,15.914999961853027,15.71500015258789,15.734999656677246,3803000
2006-08-25,XLB,15.729999542236328,15.835000038146973,15.725000381469727,15.78499984741211,3248600
2006-08-28,XLB,15.725000381469727,15.8149995803833,15.6899995803833,15.770000457763672,4115400
2006-08-29,XLB,15.8100004196167,15.869999885559082,15.649999618530273,15.835000038146973,7511400
2006-08-30,XLB,15.899999618530273,15.90999984741211,15.819999694824219,15.84000015258789,3486600
2006-08-31,XLB,15.899999618530273,15.979999542236328,15.864999771118164,15.914999961853027,1948600
2006-09-01,XLB,15.930000305175781,16.170000076293945,15.904999732971191,16.094999313354492,5894800
2006-09-05,XLB,16.100000381469727,16.2450008392334,16.100000381469727,16.190000534057617,7003400
2006-09-06,XLB,16.079999923706055,16.1200008392334,15.975000381469727,15.989999771118164,7681800
2006-09-07,XLB,15.875,15.925000190734863,15.760000228881836,15.8149995803833,5998200
2006-09-08,XLB,15.75,15.930000305175781,15.75,15.875,5621400
2006-09-11,XLB,15.774999618530273,15.774999618530273,15.380000114440918,15.449999809265137,15488200
2006-09-12,XLB,15.449999809265137,15.640000343322754,15.444999694824219,15.630000114440918,10491200
2006-09-13,XLB,15.625,15.805000305175781,15.59000015258789,15.739999771118164,3942400
2006-09-14,XLB,15.710000038146973,15.734999656677246,15.630000114440918,15.6899995803833,5343800
2006-09-15,XLB,15.635000228881836,15.6899995803833,15.585000038146973,15.585000038146973,8517600
2006-09-18,XLB,15.649999618530273,15.890000343322754,15.609999656677246,15.774999618530273,6680400
2006-09-19,XLB,15.755000114440918,15.770000457763672,15.529999732971191,15.574999809265137,10681200
2006-09-20,XLB,15.550000190734863,15.779999732971191,15.550000190734863,15.710000038146973,15562000
2006-09-21,XLB,15.600000381469727,15.770000457763672,15.550000190734863,15.569999694824219,5910600
2006-09-22,XLB,15.5,15.645000457763672,15.489999771118164,15.555000305175781,4985800
2006-09-25,XLB,15.550000190734863,15.65999984741211,15.335000038146973,15.640000343322754,6461400
2006-09-26,XLB,15.625,15.970000267028809,15.625,15.949999809265137,6697600
2006-09-27,XLB,16.024999618530273,16.03499984741211,15.8100004196167,15.914999961853027,9570800
2006-09-28,XLB,15.944999694824219,15.994999885559082,15.880000114440918,15.960000038146973,3706200
2006-09-29,XLB,15.899999618530273,15.944999694824219,15.819999694824219,15.819999694824219,5528600
2006-10-02,XLB,15.75,15.930000305175781,15.725000381469727,15.850000381469727,3764400
2006-10-03,XLB,15.739999771118164,15.739999771118164,15.614999771118164,15.640000343322754,9365000
2006-10-04,XLB,15.574999809265137,15.699999809265137,15.484999656677246,15.664999961853027,10924400
2006-10-05,XLB,15.675000190734863,15.9399995803833,15.675000190734863,15.914999961853027,3994400
2006-10-06,XLB,15.46500015258789,16.0,15.46500015258789,15.989999771118164,4680200
2006-10-09,XLB,16.024999618530273,16.219999313354492,16.010000228881836,16.1200008392334,5063800
2006-10-10,XLB,16.084999084472656,16.200000762939453,16.0,16.19499969482422,3724800
2006-10-11,XLB,16.06999969482422,16.1299991607666,15.914999961853027,16.049999237060547,9303800
2006-10-12,XLB,16.110000610351562,16.239999771118164,16.075000762939453,16.21500015258789,5047200
2006-10-13,XLB,16.239999771118164,16.44499969482422,16.225000381469727,16.375,5525200
2006-10-16,XLB,16.424999237060547,16.524999618530273,16.420000076293945,16.4950008392334,3205600
2006-10-17,XLB,16.514999389648438,16.514999389648438,16.25,16.3799991607666,5711200
2006-10-18,XLB,16.524999618530273,16.530000686645508,16.290000915527344,16.31999969482422,4159600
2006-10-19,XLB,16.329999923706055,16.46500015258789,16.295000076293945,16.43000030517578,5616800
2006-10-20,XLB,16.405000686645508,16.440000534057617,16.334999084472656,16.34000015258789,5116600
2006-10-23,XLB,16.290000915527344,16.450000762939453,16.290000915527344,16.44499969482422,6448000
2006-10-24,XLB,16.450000762939453,16.655000686645508,16.420000076293945,16.635000228881836,8030000
2006-10-25,XLB,16.6299991607666,16.719999313354492,16.520000457763672,16.6200008392334,5584200
2006-10-26,XLB,16.69499969482422,16.71500015258789,16.53499984741211,16.655000686645508,5656400
2006-10-27,XLB,16.625,16.844999313354492,16.579999923706055,16.69499969482422,6704400
2006-10-30,XLB,16.725000381469727,16.790000915527344,16.6200008392334,16.739999771118164,7657000
2006-10-31,XLB,16.7549991607666,16.78499984741211,16.665000915527344,16.770000457763672,1699200
2006-11-01,XLB,16.770000457763672,16.915000915527344,16.604999542236328,16.639999389648438,5713400
2006-11-02,XLB,16.600000381469727,16.7450008392334,16.559999465942383,16.69499969482422,4536000
2006-11-03,XLB,16.7549991607666,16.834999084472656,16.625,16.639999389648438,8653600
2006-11-06,XLB,16.739999771118164,16.885000228881836,16.704999923706055,16.844999313354492,5431200
2006-11-07,XLB,16.940000534057617,16.96500015258789,16.790000915527344,16.790000915527344,4378400
2006-11-08,XLB,16.825000762939453,16.864999771118164,16.68000030517578,16.829999923706055,3360800
2006-11-09,XLB,16.84000015258789,17.104999542236328,16.84000015258789,17.014999389648438,3042000
2006-11-10,XLB,16.975000381469727,16.975000381469727,16.7549991607666,16.850000381469727,4717000
2006-11-13,XLB,16.790000915527344,17.014999389648438,16.75,17.014999389648438,2541000
2006-11-14,XLB,17.049999237060547,17.05500030517578,16.860000610351562,17.010000228881836,4047400
2006-11-15,XLB,16.96500015258789,17.1200008392334,16.90999984741211,17.079999923706055,9802600
2006-11-16,XLB,17.270000457763672,17.270000457763672,16.979999542236328,16.989999771118164,3134600
2006-11-17,XLB,16.899999618530273,17.010000228881836,16.844999313354492,16.915000915527344,13519400
2006-11-20,XLB,17.260000228881836,17.350000381469727,17.170000076293945,17.239999771118164,9326000
2006-11-21,XLB,17.170000076293945,17.299999237060547,17.155000686645508,17.28499984741211,5814400
2006-11-22,XLB,17.3700008392334,17.524999618530273,17.34000015258789,17.524999618530273,4522800
2006-11-24,XLB,17.475000381469727,17.540000915527344,17.440000534057617,17.540000915527344,1311600
2006-11-27,XLB,17.469999313354492,17.5,17.219999313354492,17.25,6874000
2006-11-28,XLB,17.204999923706055,17.334999084472656,17.190000534057617,17.31999969482422,7285400
2006-11-29,XLB,17.30500030517578,17.469999313354492,17.299999237060547,17.46500015258789,2838600
2006-11-30,XLB,17.46500015258789,17.540000915527344,17.3799991607666,17.5,3316000
2006-12-01,XLB,17.454999923706055,17.5,17.225000381469727,17.360000610351562,8487400
2006-12-04,XLB,17.420000076293945,17.639999389648438,17.415000915527344,17.614999771118164,7015200
2006-12-05,XLB,17.610000610351562,17.7450008392334,17.59000015258789,17.690000534057617,6581600
2006-12-06,XLB,17.665000915527344,17.739999771118164,17.600000381469727,17.6200008392334,1758200
2006-12-07,XLB,17.725000381469727,17.809999465942383,17.665000915527344,17.729999542236328,3971600
2006-12-08,XLB,17.71500015258789,17.78499984741211,17.684999465942383,17.774999618530273,1174000
2006-12-11,XLB,17.815000534057617,17.81999969482422,17.709999084472656,17.709999084472656,14063800
2006-12-12,XLB,17.600000381469727,17.625,17.415000915527344,17.510000228881836,6589400
2006-12-13,XLB,17.559999465942383,17.614999771118164,17.510000228881836,17.614999771118164,5515000
2006-12-14,XLB,17.579999923706055,17.760000228881836,17.540000915527344,17.7450008392334,5522600
2006-12-15,XLB,17.575000762939453,17.7450008392334,17.575000762939453,17.684999465942383,11078600
2006-12-18,XLB,17.68000030517578,17.684999465942383,17.5,17.5049991607666,6902600
2006-12-19,XLB,17.399999618530273,17.649999618530273,17.399999618530273,17.635000228881836,7093400
2006-12-20,XLB,17.575000762939453,17.670000076293945,17.549999237060547,17.549999237060547,1906200
2006-12-21,XLB,17.575000762939453,17.670000076293945,17.25,17.34000015258789,12633400
2006-12-22,XLB,17.3799991607666,17.385000228881836,17.19499969482422,17.2450008392334,4232800
2006-12-26,XLB,17.31999969482422,17.405000686645508,17.295000076293945,17.395000457763672,759200
2006-12-27,XLB,17.514999389648438,17.594999313354492,17.440000534057617,17.565000534057617,2260000
2006-12-28,XLB,17.625,17.625,17.5,17.540000915527344,2766600
2006-12-29,XLB,17.524999618530273,17.524999618530273,17.389999389648438,17.420000076293945,1049400
2007-01-03,XLB,17.424999237060547,17.530000686645508,17.219999313354492,17.30500030517578,7635600
2007-01-04,XLB,17.290000915527344,17.290000915527344,17.114999771118164,17.225000381469727,8948800
2007-01-05,XLB,17.184999465942383,17.229999542236328,16.989999771118164,17.110000610351562,13999200
2007-01-08,XLB,17.1200008392334,17.145000457763672,17.020000457763672,17.110000610351562,6679000
2007-01-09,XLB,17.149999618530273,17.204999923706055,16.985000610351562,17.114999771118164,7707800
2007-01-10,XLB,17.049999237060547,17.2450008392334,17.010000228881836,17.235000610351562,8673800
2007-01-11,XLB,17.2549991607666,17.475000381469727,17.225000381469727,17.420000076293945,7327200
2007-01-12,XLB,17.395000457763672,17.68000030517578,17.395000457763672,17.614999771118164,6262800
2007-01-16,XLB,17.665000915527344,17.709999084472656,17.600000381469727,17.65999984741211,4129800
2007-01-17,XLB,17.665000915527344,17.739999771118164,17.610000610351562,17.719999313354492,6434000
2007-01-18,XLB,17.7450008392334,17.795000076293945,17.59000015258789,17.614999771118164,3644600
2007-01-19,XLB,17.68000030517578,17.905000686645508,17.625,17.885000228881836,21810800
2007-01-22,XLB,17.924999237060547,17.924999237060547,17.655000686645508,17.700000762939453,6688800
2007-01-23,XLB,17.75,17.934999465942383,17.68000030517578,17.924999237060547,4842600
2007-01-24,XLB,17.915000915527344,18.139999389648438,17.905000686645508,18.110000610351562,8075800
2007-01-25,XLB,18.239999771118164,18.239999771118164,17.969999313354492,18.049999237060547,7942000
2007-01-26,XLB,18.079999923706055,18.079999923706055,17.875,18.040000915527344,6730400
2007-01-29,XLB,18.05500030517578,18.084999084472656,17.93000030517578,17.969999313354492,5660000
2007-01-30,XLB,17.985000610351562,18.030000686645508,17.915000915527344,18.020000457763672,6068600
2007-01-31,XLB,17.9950008392334,18.325000762939453,17.96500015258789,18.125,7902600
2007-02-01,XLB,18.315000534057617,18.389999389648438,18.295000076293945,18.344999313354492,3460600
2007-02-02,XLB,18.309999465942383,18.344999313354492,18.184999465942383,18.315000534057617,13602000
2007-02-05,XLB,18.350000381469727,18.3799991607666,18.225000381469727,18.239999771118164,6067200
2007-02-06,XLB,18.30500030517578,18.389999389648438,18.270000457763672,18.364999771118164,8626600
2007-02-07,XLB,18.364999771118164,18.454999923706055,18.329999923706055,18.364999771118164,24493600
2007-02-08,XLB,18.325000762939453,18.420000076293945,18.28499984741211,18.385000228881836,25792200
2007-02-09,XLB,18.424999237060547,18.485000610351562,18.290000915527344,18.299999237060547,8003200
2007-02-12,XLB,18.334999084472656,18.440000534057617,18.299999237060547,18.375,5516200
2007-02-13,XLB,18.524999618530273,18.764999389648438,18.4950008392334,18.7450008392334,30785800
2007-02-14,XLB,18.78499984741211,18.875,18.735000610351562,18.860000610351562,10457600
2007-02-15,XLB,18.875,18.959999084472656,18.834999084472656,18.950000762939453,7286400
2007-02-16,XLB,18.920000076293945,19.0,18.854999542236328,18.854999542236328,4864600
2007-02-20,XLB,18.895000457763672,19.030000686645508,18.829999923706055,19.010000228881836,6671800
2007-02-21,XLB,18.950000762939453,19.270000457763672,18.905000686645508,19.1299991607666,7654000
2007-02-22,XLB,19.274999618530273,19.350000381469727,19.06999969482422,19.125,5853400
2007-02-23,XLB,19.139999389648438,19.2549991607666,19.020000457763672,19.200000762939453,9463800
2007-02-26,XLB,19.475000381469727,19.579999923706055,19.295000076293945,19.375,8082800
2007-02-27,XLB,18.989999771118164,19.020000457763672,18.209999084472656,18.59000015258789,18486200
2007-02-28,XLB,18.625,18.719999313354492,18.360000610351562,18.610000610351562,16951000
2007-03-01,XLB,18.25,18.700000762939453,17.239999771118164,18.530000686645508,15466200
2007-03-02,XLB,18.524999618530273,18.524999618530273,18.15999984741211,18.225000381469727,11889200
2007-03-05,XLB,18.049999237060547,18.225000381469727,17.915000915527344,17.985000610351562,12049800
2007-03-06,XLB,18.100000381469727,18.415000915527344,18.100000381469727,18.350000381469727,12724600
2007-03-07,XLB,18.270000457763672,18.434999465942383,18.2549991607666,18.260000228881836,21999000
2007-03-08,XLB,18.3799991607666,18.6299991607666,18.18000030517578,18.440000534057617,20080600
2007-03-09,XLB,18.549999237060547,18.704999923706055,18.53499984741211,18.655000686645508,4042400
2007-03-12,XLB,18.549999237060547,18.795000076293945,18.549999237060547,18.71500015258789,4761800
2007-03-13,XLB,18.625,18.735000610351562,18.219999313354492,18.260000228881836,14996800
2007-03-14,XLB,18.274999618530273,18.46500015258789,17.96500015258789,18.375,14061200
2007-03-15,XLB,18.53499984741211,18.834999084472656,18.5,18.725000381469727,12262800
2007-03-16,XLB,18.700000762939453,18.709999084472656,18.424999237060547,18.549999237060547,13679800
2007-03-19,XLB,18.75,18.825000762939453,18.575000762939453,18.825000762939453,9540000
2007-03-20,XLB,18.774999618530273,18.96500015258789,18.7549991607666,18.905000686645508,5469200
2007-03-21,XLB,18.899999618530273,19.149999618530273,18.829999923706055,19.1200008392334,10007200
2007-03-22,XLB,19.104999542236328,19.1299991607666,18.989999771118164,19.030000686645508,2523800
2007-03-23,XLB,19.0,19.110000610351562,18.950000762939453,19.110000610351562,7180400
2007-03-26,XLB,19.149999618530273,19.295000076293945,18.90999984741211,19.2450008392334,7396800
2007-03-27,XLB,19.200000762939453,19.2549991607666,19.0,19.03499984741211,6172200
2007-03-28,XLB,19.075000762939453,19.075000762939453,18.799999237060547,18.844999313354492,14652200
2007-03-29,XLB,19.475000381469727,19.475000381469727,18.799999237060547,18.989999771118164,9755800
2007-03-30,XLB,19.049999237060547,19.170000076293945,18.829999923706055,19.024999618530273,11558800
2007-04-02,XLB,19.010000228881836,19.059999465942383,18.885000228881836,19.020000457763672,4248200
2007-04-03,XLB,19.065000534057617,19.295000076293945,19.065000534057617,19.225000381469727,6530000
2007-04-04,XLB,19.225000381469727,19.30500030517578,19.219999313354492,19.2549991607666,4702400
2007-04-05,XLB,19.235000610351562,19.2549991607666,19.170000076293945,19.229999542236328,3154800
2007-04-09,XLB,19.350000381469727,19.524999618530273,19.350000381469727,19.524999618530273,8681200
2007-04-10,XLB,19.44499969482422,19.46500015258789,19.309999465942383,19.309999465942383,3693800
2007-04-11,XLB,19.450000762939453,19.450000762939453,19.155000686645508,19.225000381469727,9888200
2007-04-12,XLB,19.239999771118164,19.399999618530273,19.190000534057617,19.395000457763672,8429800
2007-04-13,XLB,19.395000457763672,19.450000762939453,19.260000228881836,19.440000534057617,3594200
2007-04-16,XLB,19.485000610351562,19.700000762939453,19.469999313354492,19.700000762939453,4031800
2007-04-17,XLB,19.600000381469727,19.6299991607666,19.485000610351562,19.514999389648438,5727000
2007-04-18,XLB,19.459999084472656,19.514999389648438,19.360000610351562,19.40999984741211,5452200
2007-04-19,XLB,19.225000381469727,19.389999389648438,19.135000228881836,19.34000015258789,7356000
2007-04-20,XLB,19.5,19.56999969482422,19.450000762939453,19.540000915527344,6309000
2007-04-23,XLB,19.600000381469727,19.65999984741211,19.4950008392334,19.53499984741211,5022800
2007-04-24,XLB,19.549999237060547,19.575000762939453,19.31999969482422,19.454999923706055,11312200
2007-04-25,XLB,19.545000076293945,19.799999237060547,19.545000076293945,19.764999389648438,4172600
2007-04-26,XLB,19.69499969482422,19.760000228881836,19.549999237060547,19.684999465942383,4570000
2007-04-27,XLB,19.594999313354492,19.684999465942383,19.485000610351562,19.670000076293945,5872400
2007-04-30,XLB,19.649999618530273,19.709999084472656,19.309999465942383,19.309999465942383,6300000
2007-05-01,XLB,19.295000076293945,19.344999313354492,19.065000534057617,19.229999542236328,8152200
2007-05-02,XLB,19.235000610351562,19.514999389648438,19.225000381469727,19.459999084472656,4752200
2007-05-03,XLB,19.575000762939453,19.614999771118164,19.440000534057617,19.524999618530273,3271200
2007-05-04,XLB,19.665000915527344,19.770000457763672,19.59000015258789,19.700000762939453,3975400
2007-05-07,XLB,19.635000228881836,20.0049991607666,19.635000228881836,19.959999084472656,6196000
2007-05-08,XLB,19.975000381469727,19.975000381469727,19.774999618530273,19.975000381469727,10947000
2007-05-09,XLB,19.875,20.065000534057617,19.875,20.059999465942383,11946600
2007-05-10,XLB,19.954999923706055,19.989999771118164,19.645000457763672,19.674999237060547,14010400
2007-05-11,XLB,19.7549991607666,19.94499969482422,19.71500015258789,19.905000686645508,7986800
2007-05-14,XLB,19.924999237060547,19.9950008392334,19.725000381469727,19.8799991607666,5142200
2007-05-15,XLB,19.8700008392334,20.100000381469727,19.834999084472656,20.0049991607666,7168600
2007-05-16,XLB,20.0049991607666,20.075000762939453,19.854999542236328,20.075000762939453,5715800
2007-05-17,XLB,19.924999237060547,20.149999618530273,19.920000076293945,20.065000534057617,6542800
2007-05-18,XLB,20.075000762939453,20.209999084472656,20.075000762939453,20.139999389648438,6388400
2007-05-21,XLB,20.135000228881836,20.260000228881836,20.1299991607666,20.170000076293945,8148800
2007-05-22,XLB,20.170000076293945,20.209999084472656,20.049999237060547,20.049999237060547,4164800
2007-05-23,XLB,20.125,20.30500030517578,20.09000015258789,20.139999389648438,14445400
2007-05-24,XLB,20.125,20.290000915527344,19.844999313354492,19.924999237060547,11932600
2007-05-25,XLB,19.924999237060547,20.15999984741211,19.924999237060547,20.15999984741211,5872000
2007-05-29,XLB,20.165000915527344,20.200000762939453,20.0049991607666,20.094999313354492,6117800
2007-05-30,XLB,19.989999771118164,20.360000610351562,19.915000915527344,20.350000381469727,10885600
2007-05-31,XLB,20.415000915527344,20.545000076293945,20.385000228881836,20.450000762939453,7053400
2007-06-01,XLB,20.5,20.735000610351562,20.5,20.735000610351562,4435000
2007-06-04,XLB,20.6299991607666,20.6299991607666,20.514999389648438,20.610000610351562,3991400
2007-06-05,XLB,20.579999923706055,20.604999542236328,20.43000030517578,20.540000915527344,8460400
2007-06-06,XLB,20.469999313354492,20.475000381469727,20.204999923706055,20.274999618530273,10731200
2007-06-07,XLB,20.174999237060547,20.290000915527344,19.729999542236328,19.81999969482422,16667000
2007-06-08,XLB,19.895000457763672,20.200000762939453,19.649999618530273,20.200000762939453,12843800
2007-06-11,XLB,20.09000015258789,20.1299991607666,19.834999084472656,20.024999618530273,7229200
2007-06-12,XLB,19.860000610351562,20.06999969482422,19.774999618530273,19.780000686645508,10473400
2007-06-13,XLB,19.90999984741211,20.299999237060547,19.8799991607666,20.2450008392334,8952800
2007-06-14,XLB,20.2450008392334,20.4950008392334,20.2450008392334,20.399999618530273,5466400
2007-06-15,XLB,20.485000610351562,20.625,20.415000915527344,20.549999237060547,7031400
2007-06-18,XLB,20.959999084472656,20.959999084472656,20.485000610351562,20.549999237060547,3887000
2007-06-19,XLB,20.424999237060547,20.65999984741211,20.405000686645508,20.649999618530273,4720000
2007-06-20,XLB,20.670000076293945,20.690000534057617,20.325000762939453,20.389999389648438,6450000
2007-06-21,XLB,20.329999923706055,20.575000762939453,20.125,20.5049991607666,13295200
2007-06-22,XLB,20.450000762939453,20.549999237060547,20.34000015258789,20.44499969482422,8828800
2007-06-25,XLB,20.3799991607666,20.469999313354492,20.125,20.125,7822800
2007-06-26,XLB,20.174999237060547,20.31999969482422,19.850000381469727,19.875,19087000
2007-06-27,XLB,19.854999542236328,20.075000762939453,19.625,20.049999237060547,17329600
2007-06-28,XLB,20.1200008392334,20.219999313354492,20.05500030517578,20.125,10014800
2007-06-29,XLB,20.204999923706055,20.40999984741211,20.094999313354492,20.25,15360800
2007-07-02,XLB,20.415000915527344,20.610000610351562,20.295000076293945,20.575000762939453,9339400
2007-07-03,XLB,20.604999542236328,20.6299991607666,20.53499984741211,20.579999923706055,4017400
2007-07-05,XLB,20.579999923706055,20.6299991607666,20.510000228881836,20.625,4547400
2007-07-06,XLB,20.665000915527344,20.799999237060547,20.55500030517578,20.799999237060547,6073000
2007-07-09,XLB,20.719999313354492,20.875,20.690000534057617,20.850000381469727,5009800
2007-07-10,XLB,20.725000381469727,20.725000381469727,20.389999389648438,20.549999237060547,9444800
2007-07-11,XLB,20.56999969482422,20.7549991607666,20.5,20.700000762939453,5680800
2007-07-12,XLB,21.024999618530273,21.31999969482422,20.875,21.225000381469727,14037800
2007-07-13,XLB,21.280000686645508,21.520000457763672,21.25,21.450000762939453,7418600
2007-07-16,XLB,21.450000762939453,21.514999389648438,21.239999771118164,21.334999084472656,11683000
2007-07-17,XLB,21.40999984741211,21.565000534057617,21.405000686645508,21.524999618530273,8271800
2007-07-18,XLB,21.315000534057617,21.559999465942383,21.274999618530273,21.559999465942383,13055800
2007-07-19,XLB,21.565000534057617,21.6299991607666,21.475000381469727,21.610000610351562,10068600
2007-07-20,XLB,21.545000076293945,21.545000076293945,21.204999923706055,21.399999618530273,22897600
2007-07-23,XLB,21.299999237060547,21.469999313354492,21.280000686645508,21.375,10238200
2007-07-24,XLB,21.184999465942383,21.239999771118164,20.799999237060547,20.950000762939453,13567800
2007-07-25,XLB,21.024999618530273,21.25,20.315000534057617,20.600000381469727,29214800
2007-07-26,XLB,20.31999969482422,20.3700008392334,19.549999237060547,19.915000915527344,38783600
2007-07-27,XLB,19.799999237060547,20.020000457763672,19.420000076293945,19.459999084472656,29602000
2007-07-30,XLB,19.56999969482422,20.0049991607666,19.5049991607666,19.950000762939453,14804200
2007-07-31,XLB,20.184999465942383,20.315000534057617,19.700000762939453,19.709999084472656,22728000
2007-08-01,XLB,19.690000534057617,19.825000762939453,19.31999969482422,19.825000762939453,31120400
2007-08-02,XLB,19.834999084472656,19.889999389648438,19.56999969482422,19.875,15091000
2007-08-03,XLB,19.739999771118164,19.764999389648438,19.209999084472656,19.209999084472656,18735000
2007-08-06,XLB,19.334999084472656,19.434999465942383,18.915000915527344,19.434999465942383,22623200
2007-08-07,XLB,19.225000381469727,19.704999923706055,19.225000381469727,19.575000762939453,17104200
2007-08-08,XLB,19.670000076293945,20.149999618530273,19.635000228881836,20.079999923706055,18183600
2007-08-09,XLB,19.739999771118164,19.875,19.395000457763672,19.575000762939453,16458200
2007-08-10,XLB,19.375,19.639999389648438,19.079999923706055,19.34000015258789,24855000
2007-08-13,XLB,19.645000457763672,19.655000686645508,19.329999923706055,19.424999237060547,11671800
2007-08-14,XLB,19.43000030517578,19.53499984741211,18.854999542236328,18.924999237060547,14007200
2007-08-15,XLB,18.905000686645508,18.979999542236328,18.270000457763672,18.450000762939453,31921800
2007-08-16,XLB,18.110000610351562,18.274999618530273,17.315000534057617,18.200000762939453,33698400
2007-08-17,XLB,18.844999313354492,19.174999237060547,18.174999237060547,18.450000762939453,27779000
2007-08-20,XLB,18.655000686645508,18.899999618530273,18.459999084472656,18.795000076293945,22433600
2007-08-21,XLB,18.725000381469727,19.030000686645508,18.684999465942383,18.90999984741211,15559600
2007-08-22,XLB,19.09000015258789,19.625,19.09000015258789,19.625,33409200
2007-08-23,XLB,19.68000030517578,19.69499969482422,19.165000915527344,19.25,13163800
2007-08-24,XLB,19.315000534057617,19.700000762939453,19.309999465942383,19.700000762939453,11067400
2007-08-27,XLB,19.700000762939453,19.7549991607666,19.489999771118164,19.524999618530273,10226800
2007-08-28,XLB,19.350000381469727,19.405000686645508,18.920000076293945,19.075000762939453,19082400
2007-08-29,XLB,19.110000610351562,19.489999771118164,19.065000534057617,19.450000762939453,15977800
2007-08-30,XLB,19.235000610351562,19.540000915527344,19.149999618530273,19.399999618530273,11619200
2007-08-31,XLB,19.639999389648438,19.825000762939453,19.53499984741211,19.575000762939453,12699800
2007-09-04,XLB,19.635000228881836,19.934999465942383,19.4950008392334,19.850000381469727,10019000
2007-09-05,XLB,19.625,19.780000686645508,19.5,19.674999237060547,14231800
2007-09-06,XLB,19.71500015258789,19.875,19.59000015258789,19.774999618530273,11044000
2007-09-07,XLB,19.55500030517578,19.604999542236328,19.28499984741211,19.309999465942383,22327000
2007-09-10,XLB,19.479999542236328,19.479999542236328,18.985000610351562,19.190000534057617,20307800
2007-09-11,XLB,19.299999237060547,19.46500015258789,19.225000381469727,19.440000534057617,14569800
2007-09-12,XLB,19.315000534057617,19.549999237060547,19.25,19.549999237060547,7878200
2007-09-13,XLB,19.639999389648438,19.770000457763672,19.514999389648438,19.614999771118164,9552000
2007-09-14,XLB,19.575000762939453,19.8700008392334,19.56999969482422,19.75,8962600
2007-09-17,XLB,19.84000015258789,20.049999237060547,19.729999542236328,19.729999542236328,18160000
2007-09-18,XLB,19.969999313354492,20.674999237060547,19.81999969482422,20.649999618530273,27159600
2007-09-19,XLB,20.799999237060547,21.235000610351562,20.795000076293945,20.885000228881836,28976400
2007-09-20,XLB,20.975000381469727,20.979999542236328,20.764999389648438,20.81999969482422,28232800
2007-09-21,XLB,21.059999465942383,21.059999465942383,20.774999618530273,20.78499984741211,10791600
2007-09-24,XLB,20.799999237060547,21.030000686645508,20.729999542236328,20.809999465942383,21746000
2007-09-25,XLB,20.65999984741211,20.815000534057617,20.584999084472656,20.739999771118164,11859600
2007-09-26,XLB,20.885000228881836,21.09000015258789,20.815000534057617,21.0,14055200
2007-09-27,XLB,21.06999969482422,21.25,21.049999237060547,21.2450008392334,10488800
2007-09-28,XLB,21.110000610351562,21.4950008392334,20.989999771118164,21.05500030517578,10771400
2007-10-01,XLB,21.075000762939453,21.450000762939453,21.075000762939453,21.450000762939453,11827800
2007-10-02,XLB,21.405000686645508,21.405000686645508,21.114999771118164,21.299999237060547,12957000
2007-10-03,XLB,21.104999542236328,21.229999542236328,20.969999313354492,21.024999618530273,11385600
2007-10-04,XLB,21.049999237060547,21.135000228881836,20.864999771118164,21.114999771118164,8576200
2007-10-05,XLB,21.290000915527344,21.575000762939453,21.25,21.475000381469727,9513400
2007-10-08,XLB,21.459999084472656,21.459999084472656,21.225000381469727,21.350000381469727,3879600
2007-10-09,XLB,21.454999923706055,21.899999618530273,21.415000915527344,21.75,9626800
2007-10-10,XLB,21.6200008392334,21.71500015258789,21.40999984741211,21.6200008392334,11118200
2007-10-11,XLB,21.725000381469727,21.934999465942383,21.290000915527344,21.5,18650400
2007-10-12,XLB,21.530000686645508,21.71500015258789,21.385000228881836,21.674999237060547,11133000
2007-10-15,XLB,21.770000457763672,21.905000686645508,21.3799991607666,21.549999237060547,10986800
2007-10-16,XLB,21.389999389648438,21.389999389648438,21.110000610351562,21.170000076293945,13680600
2007-10-17,XLB,21.31999969482422,21.40999984741211,20.96500015258789,21.15999984741211,16984200
2007-10-18,XLB,21.06999969482422,21.469999313354492,21.06999969482422,21.325000762939453,11466400
2007-10-19,XLB,21.55500030517578,21.55500030517578,20.844999313354492,20.860000610351562,27088600
2007-10-22,XLB,20.614999771118164,20.78499984741211,20.395000457763672,20.704999923706055,26743000
2007-10-23,XLB,20.834999084472656,21.09000015258789,20.700000762939453,21.03499984741211,16396400
2007-10-24,XLB,20.885000228881836,21.204999923706055,20.735000610351562,21.075000762939453,25052800
2007-10-25,XLB,21.155000686645508,21.31999969482422,20.979999542236328,21.239999771118164,15249600
2007-10-26,XLB,21.350000381469727,21.709999084472656,21.31999969482422,21.639999389648438,15058400
2007-10-29,XLB,22.06999969482422,22.06999969482422,21.739999771118164,21.8799991607666,8782600
2007-10-30,XLB,21.545000076293945,21.774999618530273,21.34000015258789,21.364999771118164,29513400
2007-10-31,XLB,21.649999618530273,21.989999771118164,21.479999542236328,21.93000030517578,19290600
2007-11-01,XLB,21.8700008392334,21.8700008392334,21.114999771118164,21.170000076293945,22556200
2007-11-02,XLB,21.549999237060547,21.549999237060547,20.8700008392334,21.360000610351562,21447600
2007-11-05,XLB,21.114999771118164,21.239999771118164,20.905000686645508,21.110000610351562,18456400
2007-11-06,XLB,21.25,21.6299991607666,21.19499969482422,21.604999542236328,19070200
2007-11-07,XLB,21.18000030517578,21.514999389648438,20.934999465942383,21.0,19238200
2007-11-08,XLB,21.25,21.385000228881836,20.760000228881836,21.200000762939453,37757200
2007-11-09,XLB,20.975000381469727,21.155000686645508,20.670000076293945,20.764999389648438,29194600
2007-11-12,XLB,20.665000915527344,20.735000610351562,19.934999465942383,19.934999465942383,33083200
2007-11-13,XLB,20.350000381469727,20.5049991607666,20.15999984741211,20.46500015258789,28062800
2007-11-14,XLB,20.639999389648438,20.860000610351562,20.524999618530273,20.56999969482422,18093800
2007-11-15,XLB,20.665000915527344,20.665000915527344,19.934999465942383,20.125,36606800
2007-11-16,XLB,20.334999084472656,20.334999084472656,19.8799991607666,20.084999084472656,24523800
2007-11-19,XLB,20.125,20.125,19.469999313354492,19.559999465942383,38250000
2007-11-20,XLB,19.795000076293945,20.024999618530273,19.489999771118164,19.860000610351562,21631800
2007-11-21,XLB,19.53499984741211,19.725000381469727,19.329999923706055,19.469999313354492,22022800
2007-11-23,XLB,19.475000381469727,19.959999084472656,19.475000381469727,19.760000228881836,4647000
2007-11-26,XLB,19.80500030517578,20.110000610351562,19.344999313354492,19.344999313354492,36073000
2007-11-27,XLB,19.315000534057617,19.719999313354492,19.0,19.5,21799800
2007-11-28,XLB,19.790000915527344,20.709999084472656,19.56999969482422,20.424999237060547,32825000
2007-11-29,XLB,20.510000228881836,20.84000015258789,20.375,20.6299991607666,23789400
2007-11-30,XLB,20.950000762939453,21.200000762939453,20.6200008392334,20.825000762939453,17616600
2007-12-03,XLB,20.950000762939453,20.950000762939453,20.55500030517578,20.719999313354492,13089000
2007-12-04,XLB,20.600000381469727,20.719999313354492,20.55500030517578,20.594999313354492,14278200
2007-12-05,XLB,20.774999618530273,20.975000381469727,20.75,20.975000381469727,11607800
2007-12-06,XLB,21.1200008392334,21.385000228881836,20.924999237060547,21.309999465942383,10917400
2007-12-07,XLB,21.43000030517578,21.610000610351562,21.350000381469727,21.510000228881836,14166000
2007-12-10,XLB,21.735000610351562,21.860000610351562,21.584999084472656,21.815000534057617,10826800
2007-12-11,XLB,21.829999923706055,21.829999923706055,20.90999984741211,20.90999984741211,18192800
2007-12-12,XLB,21.59000015258789,21.625,20.889999389648438,21.190000534057617,21747800
2007-12-13,XLB,21.174999237060547,21.375,21.010000228881836,21.354999542236328,14457000
2007-12-14,XLB,21.274999618530273,21.274999618530273,20.860000610351562,20.979999542236328,13031000
2007-12-17,XLB,20.875,20.875,20.219999313354492,20.235000610351562,17110400
2007-12-18,XLB,20.649999618530273,20.649999618530273,20.03499984741211,20.459999084472656,17760000
2007-12-19,XLB,20.40999984741211,20.614999771118164,20.280000686645508,20.43000030517578,11256800
2007-12-20,XLB,20.75,20.80500030517578,20.329999923706055,20.80500030517578,11126200
2007-12-21,XLB,20.934999465942383,21.135000228881836,20.799999237060547,21.05500030517578,12057400
2007-12-24,XLB,21.200000762939453,21.295000076293945,21.1299991607666,21.25,2636600
2007-12-26,XLB,21.30500030517578,21.375,21.110000610351562,21.360000610351562,4013600
2007-12-27,XLB,21.290000915527344,21.30500030517578,20.959999084472656,20.959999084472656,10193600
2007-12-28,XLB,21.15999984741211,21.2549991607666,20.934999465942383,20.975000381469727,4273800
2007-12-31,XLB,21.079999923706055,21.079999923706055,20.799999237060547,20.850000381469727,4128600
2008-01-02,XLB,20.850000381469727,20.975000381469727,20.489999771118164,20.649999618530273,19078600
2008-01-03,XLB,20.760000228881836,21.084999084472656,20.725000381469727,21.024999618530273,17596400
2008-01-04,XLB,20.78499984741211,20.78499984741211,20.350000381469727,20.389999389648438,28750000
2008-01-07,XLB,20.405000686645508,20.530000686645508,19.834999084472656,20.110000610351562,39212600
2008-01-08,XLB,20.200000762939453,20.53499984741211,19.735000610351562,19.799999237060547,45845800
2008-01-09,XLB,19.735000610351562,20.040000915527344,19.375,19.924999237060547,51423600
2008-01-10,XLB,19.80500030517578,20.405000686645508,19.59000015258789,20.19499969482422,29527200
2008-01-11,XLB,19.969999313354492,20.2549991607666,19.895000457763672,19.989999771118164,21819000
2008-01-14,XLB,20.174999237060547,20.719999313354492,20.100000381469727,20.65999984741211,27600200
2008-01-15,XLB,20.354999542236328,20.645000457763672,19.969999313354492,20.094999313354492,33196000
2008-01-16,XLB,19.799999237060547,20.059999465942383,19.145000457763672,19.424999237060547,38355400
2008-01-17,XLB,19.184999465942383,19.420000076293945,18.325000762939453,18.46500015258789,46344200
2008-01-18,XLB,18.540000915527344,18.975000381469727,18.235000610351562,18.674999237060547,36622400
2008-01-22,XLB,17.690000534057617,18.725000381469727,17.415000915527344,18.5049991607666,44111000
2008-01-23,XLB,18.040000915527344,18.844999313354492,17.325000762939453,18.825000762939453,56007200
2008-01-24,XLB,19.045000076293945,19.399999618530273,18.93000030517578,19.125,38228600
2008-01-25,XLB,19.729999542236328,19.770000457763672,19.084999084472656,19.219999313354492,35302000
2008-01-28,XLB,19.274999618530273,19.6200008392334,19.059999465942383,19.600000381469727,27844400
2008-01-29,XLB,19.795000076293945,20.014999389648438,19.610000610351562,19.700000762939453,27982800
2008-01-30,XLB,19.600000381469727,20.325000762939453,19.5049991607666,19.625,27179800
2008-01-31,XLB,19.6200008392334,20.165000915527344,19.309999465942383,19.975000381469727,26620800
2008-02-01,XLB,20.3799991607666,20.530000686645508,20.06999969482422,20.459999084472656,26386400
2008-02-04,XLB,20.3799991607666,20.545000076293945,20.110000610351562,20.139999389648438,16330800
2008-02-05,XLB,19.774999618530273,19.875,19.405000686645508,19.559999465942383,20378400
2008-02-06,XLB,19.575000762939453,19.860000610351562,19.264999389648438,19.424999237060547,24290400
2008-02-07,XLB,19.25,19.709999084472656,19.020000457763672,19.5,21578000
2008-02-08,XLB,19.325000762939453,19.934999465942383,19.325000762939453,19.915000915527344,32177000
2008-02-11,XLB,19.940000534057617,20.184999465942383,19.674999237060547,19.985000610351562,20756000
2008-02-12,XLB,20.104999542236328,20.600000381469727,20.010000228881836,20.344999313354492,44790600
2008-02-13,XLB,20.9950008392334,21.434999465942383,19.985000610351562,20.260000228881836,22274600
2008-02-14,XLB,20.424999237060547,20.614999771118164,20.0,20.0,32134000
2008-02-15,XLB,20.049999237060547,20.2549991607666,19.875,20.125,21719400
2008-02-19,XLB,20.239999771118164,20.834999084472656,20.239999771118164,20.625,30564800
2008-02-20,XLB,20.325000762939453,20.850000381469727,20.325000762939453,20.7450008392334,17908000
2008-02-21,XLB,20.975000381469727,21.014999389648438,20.415000915527344,20.46500015258789,29482200
2008-02-22,XLB,20.7549991607666,20.7549991607666,20.200000762939453,20.65999984741211,25292000
2008-02-25,XLB,20.75,21.184999465942383,20.479999542236328,21.135000228881836,29337800
2008-02-26,XLB,21.139999389648438,21.375,20.895000457763672,21.235000610351562,39241200
2008-02-27,XLB,21.1299991607666,21.440000534057617,20.93000030517578,21.229999542236328,25096200
2008-02-28,XLB,21.125,21.260000228881836,20.96500015258789,21.114999771118164,21920400
2008-02-29,XLB,21.049999237060547,21.049999237060547,20.329999923706055,20.434999465942383,20403000
2008-03-03,XLB,20.4950008392334,20.774999618530273,20.420000076293945,20.774999618530273,25723400
2008-03-04,XLB,20.485000610351562,20.774999618530273,19.899999618530273,20.274999618530273,52488600
2008-03-05,XLB,20.204999923706055,20.975000381469727,20.204999923706055,20.844999313354492,24710800
2008-03-06,XLB,20.510000228881836,20.905000686645508,20.5,20.65999984741211,28603400
2008-03-07,XLB,20.25,20.5,19.649999618530273,19.795000076293945,53340800
2008-03-10,XLB,19.655000686645508,19.700000762939453,19.05500030517578,19.3700008392334,67089000
2008-03-11,XLB,19.905000686645508,20.549999237060547,19.53499984741211,20.549999237060547,59317400
2008-03-12,XLB,20.4950008392334,20.584999084472656,20.100000381469727,20.2549991607666,23493600
2008-03-13,XLB,20.100000381469727,20.75,19.80500030517578,20.75,39173000
2008-03-14,XLB,20.875,20.96500015258789,20.045000076293945,20.385000228881836,50698600
2008-03-17,XLB,19.575000762939453,20.389999389648438,19.575000762939453,19.975000381469727,35359000
2008-03-18,XLB,20.415000915527344,20.690000534057617,20.094999313354492,20.674999237060547,31234600
2008-03-19,XLB,20.5,20.799999237060547,19.274999618530273,19.274999618530273,51200400
2008-03-20,XLB,19.09000015258789,19.424999237060547,18.549999237060547,19.149999618530273,62156400
2008-03-24,XLB,19.540000915527344,20.19499969482422,19.440000534057617,19.829999923706055,45884600
2008-03-25,XLB,20.110000610351562,20.540000915527344,20.110000610351562,20.424999237060547,32848000
2008-03-26,XLB,20.5,20.575000762939453,20.235000610351562,20.334999084472656,26800200
2008-03-27,XLB,20.360000610351562,20.55500030517578,20.149999618530273,20.280000686645508,30371400
2008-03-28,XLB,20.344999313354492,20.354999542236328,20.030000686645508,20.110000610351562,18035600
2008-03-31,XLB,20.295000076293945,20.344999313354492,19.90999984741211,20.084999084472656,24524000
2008-04-01,XLB,20.264999389648438,20.875,19.860000610351562,20.725000381469727,30459200
2008-04-02,XLB,20.645000457763672,20.915000915527344,20.440000534057617,20.864999771118164,24039400
2008-04-03,XLB,20.575000762939453,21.420000076293945,20.575000762939453,21.2450008392334,33810200
2008-04-04,XLB,21.329999923706055,21.604999542236328,21.024999618530273,21.454999923706055,28776800
2008-04-07,XLB,21.6200008392334,21.899999618530273,21.235000610351562,21.34000015258789,43202200
2008-04-08,XLB,21.239999771118164,21.540000915527344,21.125,21.540000915527344,27150400
2008-04-09,XLB,21.360000610351562,21.6299991607666,21.170000076293945,21.309999465942383,19537200
2008-04-10,XLB,21.295000076293945,21.395000457763672,20.979999542236328,21.364999771118164,12589000
2008-04-11,XLB,21.149999618530273,21.329999923706055,20.989999771118164,21.09000015258789,24611200
2008-04-14,XLB,21.0049991607666,21.184999465942383,20.889999389648438,20.985000610351562,9611200
2008-04-15,XLB,21.049999237060547,21.295000076293945,20.850000381469727,21.100000381469727,22334400
2008-04-16,XLB,21.280000686645508,22.110000610351562,21.280000686645508,22.110000610351562,34378800
2008-04-17,XLB,21.96500015258789,22.270000457763672,21.665000915527344,22.0,31061400
2008-04-18,XLB,21.975000381469727,22.309999465942383,21.899999618530273,22.1200008392334,20974800
2008-04-21,XLB,22.049999237060547,22.2549991607666,21.920000076293945,22.174999237060547,19526600
2008-04-22,XLB,22.229999542236328,22.229999542236328,21.700000762939453,22.0,22538600
2008-04-23,XLB,21.94499969482422,22.020000457763672,21.575000762939453,21.655000686645508,15473800
2008-04-24,XLB,21.719999313354492,21.719999313354492,21.174999237060547,21.34000015258789,26390400
2008-04-25,XLB,21.5,22.020000457763672,21.385000228881836,21.950000762939453,17533800
2008-04-28,XLB,21.975000381469727,22.030000686645508,21.645000457763672,21.825000762939453,16153000
2008-04-29,XLB,21.579999923706055,21.579999923706055,21.030000686645508,21.104999542236328,21407200
2008-04-30,XLB,21.114999771118164,21.475000381469727,21.094999313354492,21.155000686645508,18121000
2008-05-01,XLB,21.094999313354492,21.170000076293945,20.670000076293945,21.0049991607666,31045600
2008-05-02,XLB,21.100000381469727,21.43000030517578,21.100000381469727,21.219999313354492,14330400
2008-05-05,XLB,21.329999923706055,21.700000762939453,21.329999923706055,21.700000762939453,13104600
2008-05-06,XLB,21.53499984741211,21.924999237060547,21.53499984741211,21.875,19345400
2008-05-07,XLB,21.90999984741211,22.024999618530273,21.514999389648438,21.6299991607666,21031000
2008-05-08,XLB,21.71500015258789,22.100000381469727,21.6299991607666,22.0,26440400
2008-05-09,XLB,21.94499969482422,21.94499969482422,21.575000762939453,21.725000381469727,24152000
2008-05-12,XLB,21.8700008392334,22.18000030517578,21.614999771118164,22.170000076293945,18996800
2008-05-13,XLB,22.209999084472656,22.299999237060547,21.979999542236328,22.295000076293945,20823000
2008-05-14,XLB,22.315000534057617,22.71500015258789,22.235000610351562,22.420000076293945,20852600
2008-05-15,XLB,22.520000457763672,22.780000686645508,22.479999542236328,22.674999237060547,17909400
2008-05-16,XLB,22.829999923706055,23.0,22.649999618530273,22.954999923706055,22460800
2008-05-19,XLB,23.03499984741211,23.270000457763672,22.850000381469727,22.895000457763672,25393400
2008-05-20,XLB,22.735000610351562,23.014999389648438,22.584999084472656,23.014999389648438,17727000
2008-05-21,XLB,23.024999618530273,23.03499984741211,22.219999313354492,22.34000015258789,22155800
2008-05-22,XLB,22.260000228881836,22.565000534057617,22.104999542236328,22.239999771118164,20345200
2008-05-23,XLB,22.03499984741211,22.190000534057617,21.674999237060547,21.934999465942383,26818800
2008-05-27,XLB,22.010000228881836,22.010000228881836,21.520000457763672,21.834999084472656,19087600
2008-05-28,XLB,21.690000534057617,22.44499969482422,21.690000534057617,22.3799991607666,20263200
2008-05-29,XLB,22.334999084472656,22.334999084472656,21.969999313354492,22.229999542236328,25546200
2008-05-30,XLB,22.31999969482422,22.375,22.165000915527344,22.2549991607666,16605800
2008-06-02,XLB,22.165000915527344,22.295000076293945,21.924999237060547,22.084999084472656,17745800
2008-06-03,XLB,22.18000030517578,22.389999389648438,21.80500030517578,22.110000610351562,29277000
2008-06-04,XLB,22.045000076293945,22.3799991607666,21.90999984741211,22.014999389648438,26016600
2008-06-05,XLB,22.065000534057617,22.7549991607666,22.065000534057617,22.7549991607666,26332800
2008-06-06,XLB,22.559999465942383,22.739999771118164,22.084999084472656,22.084999084472656,21447400
2008-06-09,XLB,22.25,22.530000686645508,22.09000015258789,22.420000076293945,18371800
2008-06-10,XLB,22.190000534057617,22.2549991607666,21.9950008392334,22.135000228881836,35153400
2008-06-11,XLB,22.135000228881836,22.309999465942383,21.69499969482422,21.739999771118164,22367000
2008-06-12,XLB,21.809999465942383,22.0049991607666,21.53499984741211,21.729999542236328,18849400
2008-06-13,XLB,21.829999923706055,22.350000381469727,21.825000762939453,22.270000457763672,19494000
2008-06-16,XLB,22.309999465942383,22.46500015258789,22.170000076293945,22.25,11738800
2008-06-17,XLB,22.46500015258789,22.604999542236328,22.299999237060547,22.3700008392334,10913200
2008-06-18,XLB,22.299999237060547,22.415000915527344,22.079999923706055,22.219999313354492,17327000
2008-06-19,XLB,22.2450008392334,22.46500015258789,22.18000030517578,22.260000228881836,13352000
2008-06-20,XLB,22.100000381469727,22.135000228881836,21.604999542236328,21.709999084472656,21644800
2008-06-23,XLB,21.75,21.950000762939453,21.59000015258789,21.850000381469727,11339400
2008-06-24,XLB,22.0,22.0,21.280000686645508,21.434999465942383,29273600
2008-06-25,XLB,21.405000686645508,21.704999923706055,21.1200008392334,21.5,21039600
2008-06-26,XLB,21.489999771118164,21.489999771118164,20.78499984741211,20.969999313354492,18639400
2008-06-27,XLB,20.825000762939453,21.075000762939453,20.639999389648438,20.950000762939453,16132800
2008-06-30,XLB,21.03499984741211,21.06999969482422,20.780000686645508,20.864999771118164,24305400
2008-07-01,XLB,20.559999465942383,20.725000381469727,20.114999771118164,20.479999542236328,29695800
2008-07-02,XLB,20.614999771118164,20.760000228881836,19.56999969482422,19.604999542236328,33784800
2008-07-03,XLB,19.55500030517578,19.940000534057617,19.174999237060547,19.725000381469727,27809000
2008-07-07,XLB,20.094999313354492,20.094999313354492,19.434999465942383,19.825000762939453,22552000
2008-07-08,XLB,19.674999237060547,19.674999237060547,18.989999771118164,19.614999771118164,28694800
2008-07-09,XLB,19.790000915527344,20.1200008392334,19.329999923706055,19.649999618530273,36427600
2008-07-10,XLB,19.81999969482422,20.075000762939453,19.34000015258789,19.725000381469727,27506200
2008-07-11,XLB,19.65999984741211,20.010000228881836,19.4950008392334,19.709999084472656,20689400
2008-07-14,XLB,19.989999771118164,20.15999984741211,19.625,19.93000030517578,19539000
2008-07-15,XLB,19.795000076293945,19.94499969482422,19.309999465942383,19.735000610351562,30573800
2008-07-16,XLB,19.545000076293945,20.09000015258789,19.19499969482422,19.809999465942383,31156400
2008-07-17,XLB,19.78499984741211,20.05500030517578,19.649999618530273,19.934999465942383,37798800
2008-07-18,XLB,20.020000457763672,20.190000534057617,19.645000457763672,19.799999237060547,42199000
2008-07-21,XLB,19.899999618530273,20.225000381469727,19.844999313354492,20.209999084472656,22031000
2008-07-22,XLB,20.114999771118164,20.239999771118164,19.80500030517578,20.239999771118164,23805800
2008-07-23,XLB,20.389999389648438,20.389999389648438,19.795000076293945,19.985000610351562,22399600
2008-07-24,XLB,19.84000015258789,20.079999923706055,19.420000076293945,19.479999542236328,23871600
2008-07-25,XLB,19.454999923706055,19.7450008392334,19.334999084472656,19.510000228881836,18803400
2008-07-28,XLB,19.520000457763672,19.709999084472656,19.420000076293945,19.485000610351562,12262600
2008-07-29,XLB,19.540000915527344,19.969999313354492,19.540000915527344,19.8700008392334,16972000
2008-07-30,XLB,20.049999237060547,20.510000228881836,19.96500015258789,20.34000015258789,19743600
2008-07-31,XLB,20.489999771118164,20.530000686645508,20.110000610351562,20.190000534057617,31504600
2008-08-01,XLB,20.190000534057617,20.225000381469727,19.665000915527344,19.825000762939453,18124000
2008-08-04,XLB,19.625,19.645000457763672,18.799999237060547,18.96500015258789,36363000
2008-08-05,XLB,18.96500015258789,19.299999237060547,18.780000686645508,19.184999465942383,27238200
2008-08-06,XLB,19.219999313354492,19.639999389648438,19.219999313354492,19.375,16388600
2008-08-07,XLB,19.315000534057617,19.594999313354492,19.15999984741211,19.315000534057617,23957600
2008-08-08,XLB,19.05500030517578,19.489999771118164,18.8799991607666,19.235000610351562,23336400
2008-08-11,XLB,19.299999237060547,19.405000686645508,19.06999969482422,19.260000228881836,19625600
2008-08-12,XLB,19.520000457763672,19.604999542236328,19.299999237060547,19.420000076293945,21873800
2008-08-13,XLB,19.450000762939453,19.940000534057617,19.375,19.84000015258789,48483800
2008-08-14,XLB,19.81999969482422,19.905000686645508,19.530000686645508,19.799999237060547,21090800
2008-08-15,XLB,19.774999618530273,19.774999618530273,19.469999313354492,19.674999237060547,17403200
2008-08-18,XLB,19.84000015258789,19.90999984741211,19.395000457763672,19.4950008392334,12020400
2008-08-19,XLB,19.290000915527344,19.575000762939453,19.290000915527344,19.375,18344400
2008-08-20,XLB,19.5,19.825000762939453,19.450000762939453,19.71500015258789,18395800
2008-08-21,XLB,19.774999618530273,20.010000228881836,19.75,19.885000228881836,14716400
2008-08-22,XLB,19.875,20.040000915527344,19.760000228881836,19.875,14357600
2008-08-25,XLB,19.899999618530273,19.899999618530273,19.309999465942383,19.44499969482422,19447400
2008-08-26,XLB,19.309999465942383,19.579999923706055,19.30500030517578,19.549999237060547,11610800
2008-08-27,XLB,19.549999237060547,19.844999313354492,19.549999237060547,19.729999542236328,8170600
2008-08-28,XLB,19.850000381469727,20.075000762939453,19.80500030517578,20.010000228881836,10347000
2008-08-29,XLB,20.075000762939453,20.075000762939453,19.774999618530273,19.875,7905600
2008-09-02,XLB,19.610000610351562,19.780000686645508,19.290000915527344,19.375,17619800
2008-09-03,XLB,19.274999618530273,19.600000381469727,19.0,19.274999618530273,20704600
2008-09-04,XLB,19.110000610351562,19.239999771118164,18.344999313354492,18.59000015258789,30543200
2008-09-05,XLB,18.53499984741211,18.78499984741211,18.065000534057617,18.610000610351562,36890400
2008-09-08,XLB,19.0,19.219999313354492,18.399999618530273,18.575000762939453,30982400
2008-09-09,XLB,18.625,18.625,17.854999542236328,17.985000610351562,31722800
2008-09-10,XLB,18.024999618530273,18.420000076293945,17.774999618530273,18.139999389648438,32859600
2008-09-11,XLB,17.829999923706055,18.614999771118164,17.815000534057617,18.450000762939453,30731400
2008-09-12,XLB,18.469999313354492,19.155000686645508,18.360000610351562,19.040000915527344,26415400
2008-09-15,XLB,18.295000076293945,19.0049991607666,18.139999389648438,18.25,26605000
2008-09-16,XLB,17.959999084472656,18.655000686645508,17.645000457763672,18.450000762939453,41471800
2008-09-17,XLB,18.094999313354492,18.56999969482422,17.700000762939453,18.104999542236328,37526400
2008-09-18,XLB,17.969999313354492,18.665000915527344,17.424999237060547,18.100000381469727,51749000
2008-09-19,XLB,19.344999313354492,19.385000228881836,18.5,19.139999389648438,32296800
2008-09-22,XLB,19.4950008392334,19.5,18.645000457763672,18.895000457763672,21264400
2008-09-23,XLB,18.6200008392334,18.760000228881836,18.110000610351562,18.454999923706055,17523800
2008-09-24,XLB,18.3799991607666,18.405000686645508,17.899999618530273,18.09000015258789,13280800
2008-09-25,XLB,18.065000534057617,18.209999084472656,17.809999465942383,18.040000915527344,14911400
2008-09-26,XLB,17.575000762939453,17.71500015258789,17.290000915527344,17.6200008392334,17577000
2008-09-29,XLB,17.190000534057617,17.219999313354492,15.845000267028809,16.350000381469727,35241000
2008-09-30,XLB,16.25,16.700000762939453,16.084999084472656,16.700000762939453,17123600
2008-10-01,XLB,16.3799991607666,16.594999313354492,16.065000534057617,16.424999237060547,29279000
2008-10-02,XLB,15.770000457763672,15.930000305175781,14.96500015258789,15.244999885559082,25162600
2008-10-03,XLB,15.095000267028809,15.845000267028809,14.890000343322754,15.095000267028809,33541200
2008-10-06,XLB,14.755000114440918,14.755000114440918,13.444999694824219,14.350000381469727,45025400
2008-10-07,XLB,14.579999923706055,14.765000343322754,13.524999618530273,13.609999656677246,32009800
2008-10-08,XLB,13.145000457763672,14.770000457763672,13.050000190734863,14.050000190734863,60342400
2008-10-09,XLB,14.444999694824219,14.675000190734863,13.050000190734863,13.149999618530273,50921600
2008-10-10,XLB,12.460000038146973,13.555000305175781,12.024999618530273,12.84000015258789,56873600
2008-10-13,XLB,13.449999809265137,14.645000457763672,13.220000267028809,14.645000457763672,26560200
2008-10-14,XLB,15.045000076293945,15.045000076293945,13.694999694824219,14.220000267028809,66100600
2008-10-15,XLB,13.604999542236328,13.744999885559082,12.324999809265137,12.454999923706055,43745200
2008-10-16,XLB,12.5,12.949999809265137,11.770000457763672,12.539999961853027,59726200
2008-10-17,XLB,12.46500015258789,13.425000190734863,12.300000190734863,12.875,44604000
2008-10-20,XLB,12.954999923706055,13.765000343322754,12.954999923706055,13.524999618530273,27833200
2008-10-21,XLB,13.350000381469727,13.670000076293945,12.954999923706055,12.954999923706055,26491800
2008-10-22,XLB,12.739999771118164,12.739999771118164,11.6850004196167,12.244999885559082,33347400
2008-10-23,XLB,12.069999694824219,12.395000457763672,11.305000305175781,11.96500015258789,40596200
2008-10-24,XLB,10.774999618530273,11.765000343322754,10.774999618530273,11.449999809265137,34275000
2008-10-27,XLB,11.194999694824219,11.739999771118164,10.600000381469727,10.600000381469727,24841600
2008-10-28,XLB,11.204999923706055,12.244999885559082,10.850000381469727,11.9350004196167,26486200
2008-10-29,XLB,12.289999961853027,13.045000076293945,12.050000190734863,12.425000190734863,32849200
2008-10-30,XLB,12.925000190734863,13.039999961853027,12.279999732971191,12.8149995803833,31774000
2008-10-31,XLB,12.6850004196167,13.244999885559082,12.510000228881836,12.960000038146973,20083400
2008-11-03,XLB,12.984999656677246,13.164999961853027,12.699999809265137,12.899999618530273,17392800
2008-11-04,XLB,13.260000228881836,13.649999618530273,13.225000381469727,13.505000114440918,22697800
2008-11-05,XLB,13.390000343322754,13.529999732971191,12.710000038146973,12.9399995803833,27716000
2008-11-06,XLB,12.5649995803833,12.78499984741211,12.0,12.234999656677246,22651200
2008-11-07,XLB,12.25,12.515000343322754,12.039999961853027,12.4350004196167,17953800
2008-11-10,XLB,12.805000305175781,12.9350004196167,12.220000267028809,12.4399995803833,16258600
2008-11-11,XLB,12.25,12.25,11.680000305175781,11.944999694824219,25787000
2008-11-12,XLB,11.729999542236328,11.729999542236328,11.1850004196167,11.1850004196167,15847400
2008-11-13,XLB,11.234999656677246,12.119999885559082,10.854999542236328,12.095000267028809,25708600
2008-11-14,XLB,11.850000381469727,12.050000190734863,11.335000038146973,11.359999656677246,23204400
2008-11-17,XLB,11.244999885559082,11.53499984741211,11.020000457763672,11.125,19844000
2008-11-18,XLB,11.199999809265137,11.270000457763672,10.744999885559082,11.0,22309200
2008-11-19,XLB,10.984999656677246,11.199999809265137,10.260000228881836,10.34000015258789,25173400
2008-11-20,XLB,10.079999923706055,10.475000381469727,9.404999732971191,9.9399995803833,23567000
2008-11-21,XLB,9.699999809265137,10.114999771118164,9.46500015258789,10.050000190734863,31101600
2008-11-24,XLB,10.25,11.010000228881836,10.210000038146973,10.630000114440918,38938000
2008-11-25,XLB,10.90999984741211,11.1850004196167,10.635000228881836,11.020000457763672,34042000
2008-11-26,XLB,11.069999694824219,11.585000038146973,10.760000228881836,11.524999618530273,20649400
2008-11-28,XLB,11.390000343322754,11.604999542236328,11.3149995803833,11.574999809265137,4819400
2008-12-01,XLB,11.385000228881836,11.4399995803833,10.505000114440918,10.595000267028809,16147800
2008-12-02,XLB,10.729999542236328,11.015000343322754,10.569999694824219,11.005000114440918,16027000
2008-12-03,XLB,10.75,11.069999694824219,10.520000457763672,10.984999656677246,20515600
2008-12-04,XLB,10.765000343322754,11.114999771118164,10.574999809265137,10.765000343322754,19828800
2008-12-05,XLB,10.569999694824219,11.045000076293945,10.234999656677246,10.96500015258789,25984600
2008-12-08,XLB,11.345000267028809,11.960000038146973,11.3149995803833,11.789999961853027,22923200
2008-12-09,XLB,11.729999542236328,12.199999809265137,11.5649995803833,11.664999961853027,20533600
2008-12-10,XLB,12.03499984741211,12.1899995803833,11.819999694824219,12.024999618530273,17259600
2008-12-11,XLB,12.010000228881836,12.194999694824219,11.369999885559082,11.505000114440918,20884200
2008-12-12,XLB,11.265000343322754,11.729999542236328,11.09000015258789,11.550000190734863,31173800
2008-12-15,XLB,11.795000076293945,11.835000038146973,11.369999885559082,11.524999618530273,21756000
2008-12-16,XLB,12.229999542236328,12.279999732971191,11.65999984741211,12.229999542236328,23280800
2008-12-17,XLB,12.229999542236328,12.4350004196167,12.039999961853027,12.239999771118164,23776200
2008-12-18,XLB,12.354999542236328,12.359999656677246,11.619999885559082,11.770000457763672,23135200
2008-12-19,XLB,11.649999618530273,11.710000038146973,11.345000267028809,11.390000343322754,15611400
2008-12-22,XLB,11.449999809265137,11.449999809265137,10.795000076293945,10.975000381469727,14129200
2008-12-23,XLB,11.074999809265137,11.204999923706055,10.904999732971191,10.9350004196167,13951400
2008-12-24,XLB,11.03499984741211,11.03499984741211,10.885000228881836,10.944999694824219,8750400
2008-12-26,XLB,11.039999961853027,11.154999732971191,10.920000076293945,11.079999923706055,4924400
2008-12-29,XLB,11.0,11.010000228881836,10.699999809265137,10.880000114440918,13108000
2008-12-30,XLB,11.0,11.199999809265137,10.9350004196167,11.175000190734863,7067600
2008-12-31,XLB,11.119999885559082,11.460000038146973,11.119999885559082,11.369999885559082,6101200
2009-01-02,XLB,11.449999809265137,11.854999542236328,11.345000267028809,11.78499984741211,14220000
2009-01-05,XLB,11.720000267028809,12.005000114440918,11.555000305175781,11.8100004196167,21107400
2009-01-06,XLB,11.984999656677246,12.199999809265137,11.78499984741211,12.074999809265137,26708600
2009-01-07,XLB,11.96500015258789,12.154999732971191,11.789999961853027,11.795000076293945,22702800
2009-01-08,XLB,11.795000076293945,12.015000343322754,11.699999809265137,11.960000038146973,18218600
2009-01-09,XLB,11.970000267028809,11.989999771118164,11.649999618530273,11.670000076293945,19521600
2009-01-12,XLB,11.619999885559082,11.640000343322754,11.175000190734863,11.1850004196167,15478800
2009-01-13,XLB,11.1850004196167,11.390000343322754,11.100000381469727,11.244999885559082,15887800
2009-01-14,XLB,11.095000267028809,11.095000267028809,10.739999771118164,10.824999809265137,19553400
2009-01-15,XLB,10.850000381469727,11.239999771118164,10.545000076293945,11.145000457763672,29909600
2009-01-16,XLB,11.385000228881836,11.420000076293945,10.954999923706055,11.270000457763672,31811400
2009-01-20,XLB,11.265000343322754,11.265000343322754,10.609999656677246,10.635000228881836,26860400
2009-01-21,XLB,10.824999809265137,11.045000076293945,10.529999732971191,11.010000228881836,24110800
2009-01-22,XLB,10.78499984741211,11.0,10.6899995803833,10.84000015258789,18732800
2009-01-23,XLB,10.625,11.204999923706055,10.585000038146973,11.005000114440918,23545600
2009-01-26,XLB,11.125,11.369999885559082,10.824999809265137,10.875,30669600
2009-01-27,XLB,10.96500015258789,11.109999656677246,10.800000190734863,10.954999923706055,18488400
2009-01-28,XLB,11.130000114440918,11.395000457763672,11.125,11.265000343322754,17366600
2009-01-29,XLB,11.145000457763672,11.145000457763672,10.90999984741211,10.960000038146973,16735800
2009-01-30,XLB,10.989999771118164,11.010000228881836,10.46500015258789,10.529999732971191,19483600
2009-02-02,XLB,10.420000076293945,10.569999694824219,10.260000228881836,10.380000114440918,11317800
2009-02-03,XLB,10.470000267028809,10.649999618530273,10.420000076293945,10.579999923706055,15683600
2009-02-04,XLB,10.720000267028809,11.024999618530273,10.710000038146973,10.710000038146973,22214800
2009-02-05,XLB,10.779999732971191,11.140000343322754,10.609999656677246,10.994999885559082,34992000
2009-02-06,XLB,11.095000267028809,11.385000228881836,11.0649995803833,11.324999809265137,24836000
2009-02-09,XLB,11.350000381469727,11.515000343322754,11.170000076293945,11.28499984741211,18826800
2009-02-10,XLB,11.270000457763672,11.479999542236328,10.694999694824219,10.779999732971191,33388600
2009-02-11,XLB,10.90999984741211,11.029999732971191,10.670000076293945,10.779999732971191,20396000
2009-02-12,XLB,10.645000457763672,10.960000038146973,10.53499984741211,10.960000038146973,31479800
2009-02-13,XLB,10.975000381469727,10.984999656677246,10.760000228881836,10.795000076293945,17202000
2009-02-17,XLB,10.444999694824219,10.5,10.289999961853027,10.324999809265137,23708000
2009-02-18,XLB,10.399999618530273,10.40999984741211,10.104999542236328,10.265000343322754,13852400
2009-02-19,XLB,10.395000457763672,10.539999961853027,10.149999618530273,10.15999984741211,13693400
2009-02-20,XLB,10.03499984741211,10.34000015258789,10.0,10.239999771118164,19965400
2009-02-23,XLB,10.359999656677246,10.359999656677246,9.569999694824219,9.619999885559082,20161800
2009-02-24,XLB,9.6850004196167,9.984999656677246,9.510000228881836,9.925000190734863,15499000
2009-02-25,XLB,9.979999542236328,10.039999961853027,9.694999694824219,9.774999618530273,21227600
2009-02-26,XLB,9.944999694824219,10.15999984741211,9.739999771118164,9.78499984741211,11942200
2009-02-27,XLB,9.600000381469727,9.914999961853027,9.5,9.6850004196167,16654800
2009-03-02,XLB,9.5,9.539999961853027,8.975000381469727,9.039999961853027,19705000
2009-03-03,XLB,9.15999984741211,9.260000228881836,8.96500015258789,9.074999809265137,19765800
2009-03-04,XLB,9.305000305175781,9.545000076293945,9.295000076293945,9.390000343322754,18236000
2009-03-05,XLB,9.385000228881836,9.385000228881836,8.975000381469727,9.085000038146973,10574800
2009-03-06,XLB,9.229999542236328,9.369999885559082,8.914999961853027,9.199999809265137,16930000
2009-03-09,XLB,9.085000038146973,9.335000038146973,9.029999732971191,9.09000015258789,14563200
2009-03-10,XLB,9.324999809265137,9.6899995803833,9.270000457763672,9.595000267028809,32793000
2009-03-11,XLB,9.8149995803833,9.984999656677246,9.670000076293945,9.885000228881836,11477000
2009-03-12,XLB,9.914999961853027,10.175000190734863,9.699999809265137,10.130000114440918,10095800
2009-03-13,XLB,10.229999542236328,10.305000305175781,10.03499984741211,10.175000190734863,8503200
2009-03-16,XLB,10.289999961853027,10.614999771118164,10.289999961853027,10.335000038146973,11423800
2009-03-17,XLB,10.295000076293945,10.425000190734863,10.135000228881836,10.425000190734863,8137600
2009-03-18,XLB,10.300000190734863,10.755000114440918,10.204999923706055,10.729999542236328,17198800
2009-03-19,XLB,10.949999809265137,11.0600004196167,10.824999809265137,10.829999923706055,16799800
2009-03-20,XLB,10.744999885559082,10.890000343322754,10.489999771118164,10.574999809265137,13617200
2009-03-23,XLB,10.8149995803833,11.21500015258789,10.71500015258789,11.199999809265137,15147800
2009-03-24,XLB,11.055000305175781,11.335000038146973,11.010000228881836,11.154999732971191,11002200
2009-03-25,XLB,11.234999656677246,11.545000076293945,10.954999923706055,11.255000114440918,15910000
2009-03-26,XLB,11.475000381469727,11.770000457763672,11.414999961853027,11.704999923706055,18317800
2009-03-27,XLB,11.604999542236328,11.604999542236328,11.385000228881836,11.449999809265137,19948200
2009-03-30,XLB,11.135000228881836,11.170000076293945,10.875,11.055000305175781,19211800
2009-03-31,XLB,11.170000076293945,11.255000114440918,10.9350004196167,11.104999542236328,12458800
2009-04-01,XLB,10.930000305175781,11.510000228881836,10.824999809265137,11.329999923706055,20837000
2009-04-02,XLB,11.770000457763672,11.9399995803833,11.595000267028809,11.755000114440918,15759200
2009-04-03,XLB,11.779999732971191,11.925000190734863,11.529999732971191,11.904999732971191,10991000
2009-04-06,XLB,11.729999542236328,11.774999618530273,11.4399995803833,11.694999694824219,8947600
2009-04-07,XLB,11.539999961853027,11.539999961853027,11.265000343322754,11.295000076293945,11086000
2009-04-08,XLB,11.385000228881836,11.510000228881836,11.220000267028809,11.425000190734863,13050600
2009-04-09,XLB,11.75,11.989999771118164,11.71500015258789,11.920000076293945,11481000
2009-04-13,XLB,11.899999618530273,12.210000038146973,11.774999618530273,12.074999809265137,11773000
2009-04-14,XLB,11.954999923706055,12.154999732971191,11.819999694824219,11.850000381469727,11285400
2009-04-15,XLB,11.8100004196167,12.130000114440918,11.770000457763672,12.130000114440918,11681000
2009-04-16,XLB,12.255000114440918,12.3149995803833,11.914999961853027,12.135000228881836,14348800
2009-04-17,XLB,12.164999961853027,12.295000076293945,12.074999809265137,12.225000381469727,12754000
2009-04-20,XLB,11.970000267028809,12.069999694824219,11.574999809265137,11.65999984741211,16328800
2009-04-21,XLB,11.449999809265137,11.925000190734863,11.425000190734863,11.895000457763672,16171000
2009-04-22,XLB,11.805000305175781,12.350000381469727,11.704999923706055,11.949999809265137,22604200
2009-04-23,XLB,11.994999885559082,12.104999542236328,11.845000267028809,11.979999542236328,19798800
2009-04-24,XLB,12.170000076293945,12.640000343322754,12.100000381469727,12.550000190734863,20387200
2009-04-27,XLB,12.350000381469727,12.460000038146973,12.154999732971191,12.274999618530273,15084400
2009-04-28,XLB,12.055000305175781,12.345000267028809,12.024999618530273,12.210000038146973,19869200
2009-04-29,XLB,12.319999694824219,12.600000381469727,12.319999694824219,12.484999656677246,12612800
2009-04-30,XLB,12.760000228881836,12.96500015258789,12.75,12.835000038146973,20081800
2009-05-01,XLB,12.850000381469727,13.055000305175781,12.694999694824219,12.864999771118164,26841000
2009-05-04,XLB,13.03499984741211,13.619999885559082,13.024999618530273,13.59000015258789,26697800
2009-05-05,XLB,13.619999885559082,13.649999618530273,13.34000015258789,13.510000228881836,12501000
2009-05-06,XLB,13.704999923706055,13.744999885559082,13.4350004196167,13.5649995803833,30942200
2009-05-07,XLB,13.779999732971191,13.8100004196167,12.96500015258789,13.119999885559082,21892400
2009-05-08,XLB,13.239999771118164,13.494999885559082,13.204999923706055,13.399999618530273,14348600
2009-05-11,XLB,13.154999732971191,13.3100004196167,13.055000305175781,13.204999923706055,11733200
2009-05-12,XLB,13.260000228881836,13.414999961853027,13.095000267028809,13.335000038146973,13513000
2009-05-13,XLB,13.09000015258789,13.100000381469727,12.630000114440918,12.760000228881836,20590200
2009-05-14,XLB,12.699999809265137,13.03499984741211,12.640000343322754,12.869999885559082,23127400
2009-05-15,XLB,13.0,13.149999618530273,12.734999656677246,12.914999961853027,31324200
2009-05-18,XLB,13.0600004196167,13.3149995803833,12.96500015258789,13.28499984741211,24119000
2009-05-19,XLB,13.319999694824219,13.5649995803833,13.300000190734863,13.4399995803833,12086000
2009-05-20,XLB,13.675000190734863,14.010000228881836,13.444999694824219,13.5,30819200
2009-05-21,XLB,13.305000305175781,13.324999809265137,13.024999618530273,13.199999809265137,26428800
2009-05-22,XLB,13.265000343322754,13.329999923706055,13.055000305175781,13.149999618530273,16843000
2009-05-26,XLB,13.085000038146973,13.484999656677246,12.914999961853027,13.46500015258789,15773800
2009-05-27,XLB,13.395000457763672,13.425000190734863,12.930000305175781,12.960000038146973,14433200
2009-05-28,XLB,13.095000267028809,13.220000267028809,12.880000114440918,13.1899995803833,17546800
2009-05-29,XLB,13.335000038146973,13.600000381469727,13.25,13.585000038146973,15584400
2009-06-01,XLB,13.8100004196167,14.085000038146973,13.760000228881836,14.0,18535000
2009-06-02,XLB,13.925000190734863,14.1899995803833,13.899999618530273,14.140000343322754,19718800
2009-06-03,XLB,13.975000381469727,13.979999542236328,13.470000267028809,13.654999732971191,19743600
2009-06-04,XLB,13.755000114440918,14.015000343322754,13.635000228881836,13.970000267028809,20818600
2009-06-05,XLB,14.145000457763672,14.149999618530273,13.630000114440918,13.770000457763672,18717200
2009-06-08,XLB,13.694999694824219,13.770000457763672,13.414999961853027,13.699999809265137,17973200
2009-06-09,XLB,13.774999618530273,14.055000305175781,13.694999694824219,13.944999694824219,16023800
2009-06-10,XLB,14.154999732971191,14.180000305175781,13.6899995803833,13.960000038146973,29978400
2009-06-11,XLB,14.0,14.329999923706055,13.994999885559082,14.154999732971191,25737600
2009-06-12,XLB,14.039999961853027,14.0600004196167,13.850000381469727,14.010000228881836,23644200
2009-06-15,XLB,13.850000381469727,13.850000381469727,13.444999694824219,13.539999961853027,22614000
2009-06-16,XLB,13.645000457763672,13.675000190734863,13.154999732971191,13.175000190734863,35473600
2009-06-17,XLB,13.100000381469727,13.21500015258789,12.84000015258789,13.024999618530273,38457600
2009-06-18,XLB,13.045000076293945,13.324999809265137,12.960000038146973,13.135000228881836,22789400
2009-06-19,XLB,13.210000038146973,13.255000114440918,12.9350004196167,13.03499984741211,25587800
2009-06-22,XLB,12.824999809265137,12.854999542236328,12.359999656677246,12.375,30055800
2009-06-23,XLB,12.420000076293945,12.649999618530273,12.295000076293945,12.53499984741211,26769000
2009-06-24,XLB,12.739999771118164,12.960000038146973,12.59000015258789,12.65999984741211,23278800
2009-06-25,XLB,12.645000457763672,12.954999923706055,12.5,12.930000305175781,21997200
2009-06-26,XLB,12.9350004196167,13.015000343322754,12.835000038146973,12.90999984741211,13890600
2009-06-29,XLB,13.005000114440918,13.119999885559082,12.850000381469727,13.024999618530273,10022800
2009-06-30,XLB,13.0649995803833,13.140000343322754,12.819999694824219,12.899999618530273,15671200
2009-07-01,XLB,13.039999961853027,13.210000038146973,12.899999618530273,12.930000305175781,15137800
2009-07-02,XLB,12.744999885559082,12.744999885559082,12.555000305175781,12.574999809265137,17927800
2009-07-06,XLB,12.364999771118164,12.479999542236328,12.239999771118164,12.475000381469727,20415800
2009-07-07,XLB,12.460000038146973,12.5,12.119999885559082,12.119999885559082,20991000
2009-07-08,XLB,12.225000381469727,12.380000114440918,11.925000190734863,12.130000114440918,25764600
2009-07-09,XLB,12.28499984741211,12.354999542236328,12.1850004196167,12.225000381469727,19396400
2009-07-10,XLB,12.114999771118164,12.300000190734863,11.954999923706055,12.154999732971191,20604800
2009-07-13,XLB,12.180000305175781,12.524999618530273,11.970000267028809,12.524999618530273,14944200
2009-07-14,XLB,12.609999656677246,12.6850004196167,12.425000190734863,12.619999885559082,11636600
2009-07-15,XLB,12.845000267028809,13.114999771118164,12.824999809265137,13.114999771118164,17774000
2009-07-16,XLB,13.104999542236328,13.324999809265137,13.050000190734863,13.239999771118164,14259600
2009-07-17,XLB,13.25,13.414999961853027,13.170000076293945,13.305000305175781,10055800
2009-07-20,XLB,13.475000381469727,13.625,13.364999771118164,13.59000015258789,21574000
2009-07-21,XLB,13.875,13.970000267028809,13.460000038146973,13.75,34603200
2009-07-22,XLB,13.635000228881836,13.904999732971191,13.59000015258789,13.789999961853027,24205800
2009-07-23,XLB,13.774999618530273,14.345000267028809,13.770000457763672,14.260000228881836,23905800
2009-07-24,XLB,14.1850004196167,14.375,14.100000381469727,14.375,15967800
2009-07-27,XLB,14.420000076293945,14.494999885559082,14.260000228881836,14.404999732971191,14455200
2009-07-28,XLB,14.225000381469727,14.354999542236328,14.045000076293945,14.28499984741211,22254400
2009-07-29,XLB,14.050000190734863,14.085000038146973,13.890000343322754,13.984999656677246,29292400
2009-07-30,XLB,14.239999771118164,14.545000076293945,14.229999542236328,14.40999984741211,23760200
2009-07-31,XLB,14.425000190734863,14.694999694824219,14.335000038146973,14.5600004196167,17766200
2009-08-03,XLB,14.8149995803833,15.074999809265137,14.75,15.074999809265137,20119000
2009-08-04,XLB,14.96500015258789,15.135000228881836,14.835000038146973,15.020000457763672,13338000
2009-08-05,XLB,15.0600004196167,15.1899995803833,14.835000038146973,15.140000343322754,17119600
2009-08-06,XLB,15.220000267028809,15.300000190734863,14.899999618530273,15.015000343322754,17036200
2009-08-07,XLB,15.199999809265137,15.265000343322754,14.895000457763672,15.104999542236328,41092600
2009-08-10,XLB,14.979999542236328,15.055000305175781,14.774999618530273,14.904999732971191,30620400
2009-08-11,XLB,14.78499984741211,14.925000190734863,14.680000305175781,14.869999885559082,29480600
2009-08-12,XLB,14.795000076293945,15.130000114440918,14.755000114440918,15.005000114440918,23613600
2009-08-13,XLB,15.164999961853027,15.34000015258789,15.0649995803833,15.279999732971191,25768400
2009-08-14,XLB,15.305000305175781,15.305000305175781,14.75,14.895000457763672,29687600
2009-08-17,XLB,14.479999542236328,14.5649995803833,14.260000228881836,14.329999923706055,27638600
2009-08-18,XLB,14.420000076293945,14.59000015258789,14.359999656677246,14.545000076293945,16996800
2009-08-19,XLB,14.329999923706055,14.824999809265137,14.255000114440918,14.734999656677246,25552000
2009-08-20,XLB,14.760000228881836,14.845000267028809,14.680000305175781,14.765000343322754,19714000
2009-08-21,XLB,14.989999771118164,15.15999984741211,14.914999961853027,15.154999732971191,21569800
2009-08-24,XLB,15.295000076293945,15.335000038146973,14.96500015258789,15.03499984741211,16760200
2009-08-25,XLB,15.104999542236328,15.270000457763672,14.925000190734863,14.960000038146973,13467000
2009-08-26,XLB,14.925000190734863,15.095000267028809,14.78499984741211,14.904999732971191,15996600
2009-08-27,XLB,14.9350004196167,15.085000038146973,14.630000114440918,15.010000228881836,21248600
2009-08-28,XLB,15.175000190734863,15.1899995803833,14.920000076293945,15.104999542236328,18068800
2009-08-31,XLB,14.869999885559082,14.904999732971191,14.739999771118164,14.904999732971191,14415600
2009-09-01,XLB,14.800000190734863,15.055000305175781,14.449999809265137,14.46500015258789,27300200
2009-09-02,XLB,14.460000038146973,14.635000228881836,14.335000038146973,14.600000381469727,18244200
2009-09-03,XLB,14.694999694824219,14.824999809265137,14.550000190734863,14.8100004196167,13787400
2009-09-04,XLB,14.829999923706055,15.024999618530273,14.664999961853027,15.015000343322754,11063800
2009-09-08,XLB,15.289999961853027,15.329999923706055,15.145000457763672,15.220000267028809,15698800
2009-09-09,XLB,15.255000114440918,15.369999885559082,15.135000228881836,15.289999961853027,19215200
2009-09-10,XLB,15.175000190734863,15.40999984741211,14.979999542236328,15.375,19634600
2009-09-11,XLB,15.494999885559082,15.5600004196167,15.270000457763672,15.395000457763672,20257600
2009-09-14,XLB,15.229999542236328,15.604999542236328,15.15999984741211,15.59000015258789,18643200
2009-09-15,XLB,15.619999885559082,16.010000228881836,15.574999809265137,15.9350004196167,24746600
2009-09-16,XLB,16.155000686645508,16.2450008392334,15.970000267028809,16.155000686645508,16099600
2009-09-17,XLB,16.145000457763672,16.389999389648438,15.994999885559082,16.079999923706055,23082600
2009-09-18,XLB,16.114999771118164,16.1299991607666,15.890000343322754,16.0049991607666,19917200
2009-09-21,XLB,15.795000076293945,15.90999984741211,15.609999656677246,15.845000267028809,20813400
2009-09-22,XLB,16.024999618530273,16.1299991607666,15.960000038146973,16.020000457763672,13709200
2009-09-23,XLB,16.040000915527344,16.094999313354492,15.710000038146973,15.765000343322754,16841200
2009-09-24,XLB,15.789999961853027,15.824999809265137,15.3149995803833,15.420000076293945,25480000
2009-09-25,XLB,15.300000190734863,15.5,15.170000076293945,15.270000457763672,20599000
2009-09-28,XLB,15.305000305175781,15.649999618530273,15.274999618530273,15.5600004196167,13315600
2009-09-29,XLB,15.59000015258789,15.779999732971191,15.520000457763672,15.574999809265137,20585200
2009-09-30,XLB,15.680000305175781,15.710000038146973,15.3100004196167,15.470000267028809,20115800
2009-10-01,XLB,15.414999961853027,15.460000038146973,14.864999771118164,14.864999771118164,37932600
2009-10-02,XLB,14.640000343322754,14.989999771118164,14.585000038146973,14.805000305175781,23810800
2009-10-05,XLB,14.90999984741211,15.15999984741211,14.819999694824219,15.055000305175781,19942200
2009-10-06,XLB,15.305000305175781,15.505000114440918,15.15999984741211,15.369999885559082,24104800
2009-10-07,XLB,15.345000267028809,15.494999885559082,15.265000343322754,15.375,12311200
2009-10-08,XLB,15.670000076293945,15.800000190734863,15.529999732971191,15.734999656677246,15055200
2009-10-09,XLB,15.75,15.8100004196167,15.604999542236328,15.75,13376400
2009-10-12,XLB,15.8100004196167,15.989999771118164,15.729999542236328,15.789999961853027,14219600
2009-10-13,XLB,15.779999732971191,15.920000076293945,15.625,15.875,18572600
2009-10-14,XLB,16.079999923706055,16.235000610351562,16.014999389648438,16.21500015258789,20318800
2009-10-15,XLB,16.139999389648438,16.30500030517578,16.065000534057617,16.2450008392334,14964800
2009-10-16,XLB,16.149999618530273,16.19499969482422,16.0,16.020000457763672,17981600
2009-10-19,XLB,16.079999923706055,16.31999969482422,16.045000076293945,16.264999389648438,14581600
2009-10-20,XLB,16.334999084472656,16.334999084472656,15.930000305175781,16.094999313354492,16380800
2009-10-21,XLB,16.024999618530273,16.2450008392334,15.854999542236328,15.904999732971191,19167200
2009-10-22,XLB,15.854999542236328,16.15999984741211,15.664999961853027,16.094999313354492,15956000
2009-10-23,XLB,16.18000030517578,16.18000030517578,15.704999923706055,15.774999618530273,18103400
2009-10-26,XLB,15.800000190734863,16.010000228881836,15.354999542236328,15.369999885559082,23824600
2009-10-27,XLB,15.350000381469727,15.489999771118164,15.220000267028809,15.244999885559082,29079400
2009-10-28,XLB,15.210000038146973,15.265000343322754,14.739999771118164,14.774999618530273,28486800
2009-10-29,XLB,15.029999732971191,15.279999732971191,14.930000305175781,15.21500015258789,21907600
2009-10-30,XLB,15.170000076293945,15.204999923706055,14.53499984741211,14.670000076293945,37183000
2009-11-02,XLB,14.725000381469727,15.0649995803833,14.475000381469727,14.800000190734863,32588400
2009-11-03,XLB,14.649999618530273,15.010000228881836,14.5600004196167,14.949999809265137,24762200
2009-11-04,XLB,15.145000457763672,15.260000228881836,14.899999618530273,14.949999809265137,25514800
2009-11-05,XLB,15.050000190734863,15.3149995803833,15.015000343322754,15.21500015258789,20124200
2009-11-06,XLB,15.130000114440918,15.5,15.114999771118164,15.345000267028809,19429600
2009-11-09,XLB,15.53499984741211,15.850000381469727,15.53499984741211,15.845000267028809,19988600
2009-11-10,XLB,15.8100004196167,15.960000038146973,15.614999771118164,15.864999771118164,19721000
2009-11-11,XLB,16.049999237060547,16.174999237060547,15.96500015258789,16.020000457763672,24821400
2009-11-12,XLB,15.989999771118164,16.190000534057617,15.869999885559082,15.944999694824219,35414000
2009-11-13,XLB,16.0049991607666,16.149999618530273,15.899999618530273,16.0049991607666,25552400
2009-11-16,XLB,16.125,16.459999084472656,16.125,16.334999084472656,23841800
2009-11-17,XLB,16.28499984741211,16.549999237060547,16.219999313354492,16.524999618530273,16986400
2009-11-18,XLB,16.549999237060547,16.639999389648438,16.405000686645508,16.524999618530273,18199400
2009-11-19,XLB,16.3700008392334,16.385000228881836,16.014999389648438,16.274999618530273,19201000
2009-11-20,XLB,16.100000381469727,16.28499984741211,16.05500030517578,16.219999313354492,17537400
2009-11-23,XLB,16.475000381469727,16.6200008392334,16.325000762939453,16.385000228881836,21261000
2009-11-24,XLB,16.40999984741211,16.40999984741211,16.204999923706055,16.364999771118164,14050600
2009-11-25,XLB,16.399999618530273,16.6299991607666,16.364999771118164,16.6299991607666,15636000
2009-11-27,XLB,16.065000534057617,16.354999542236328,15.979999542236328,16.174999237060547,14899400
2009-11-30,XLB,16.219999313354492,16.350000381469727,16.079999923706055,16.25,18373600
2009-12-01,XLB,16.514999389648438,16.655000686645508,16.469999313354492,16.565000534057617,22712400
2009-12-02,XLB,16.575000762939453,16.799999237060547,16.559999465942383,16.725000381469727,18306800
2009-12-03,XLB,16.729999542236328,16.80500030517578,16.440000534057617,16.454999923706055,28935400
2009-12-04,XLB,16.704999923706055,16.774999618530273,16.045000076293945,16.274999618530273,46926400
2009-12-07,XLB,16.21500015258789,16.46500015258789,16.200000762939453,16.295000076293945,19687400
2009-12-08,XLB,16.174999237060547,16.21500015258789,15.994999885559082,16.03499984741211,21137600
2009-12-09,XLB,16.049999237060547,16.2450008392334,15.914999961853027,16.235000610351562,18097000
2009-12-10,XLB,16.334999084472656,16.405000686645508,16.1200008392334,16.174999237060547,15660200
2009-12-11,XLB,16.28499984741211,16.329999923706055,16.06999969482422,16.219999313354492,15864000
2009-12-14,XLB,16.34000015258789,16.469999313354492,16.235000610351562,16.454999923706055,15146600
2009-12-15,XLB,16.40999984741211,16.565000534057617,16.219999313354492,16.295000076293945,25189600
2009-12-16,XLB,16.3799991607666,16.565000534057617,16.350000381469727,16.459999084472656,15224600
2009-12-17,XLB,16.30500030517578,16.334999084472656,16.05500030517578,16.094999313354492,13799600
2009-12-18,XLB,16.059999465942383,16.125,15.835000038146973,15.994999885559082,19416800
2009-12-21,XLB,16.100000381469727,16.290000915527344,16.079999923706055,16.229999542236328,10199000
2009-12-22,XLB,16.260000228881836,16.334999084472656,16.184999465942383,16.325000762939453,9447600
2009-12-23,XLB,16.3799991607666,16.579999923706055,16.30500030517578,16.575000762939453,10509000
2009-12-24,XLB,16.649999618530273,16.7450008392334,16.600000381469727,16.704999923706055,5443000
2009-12-28,XLB,16.764999389648438,16.825000762939453,16.645000457763672,16.719999313354492,8028000
2009-12-29,XLB,16.719999313354492,16.860000610351562,16.68000030517578,16.7450008392334,7435200
2009-12-30,XLB,16.6299991607666,16.770000457763672,16.59000015258789,16.725000381469727,5948400
2009-12-31,XLB,16.764999389648438,16.809999465942383,16.4950008392334,16.4950008392334,5164600
2010-01-04,XLB,16.790000915527344,17.010000228881836,16.725000381469727,17.010000228881836,15135000
2010-01-05,XLB,17.040000915527344,17.09000015258789,16.905000686645508,17.065000534057617,17678400
2010-01-06,XLB,17.06999969482422,17.415000915527344,17.040000915527344,17.354999542236328,16184000
2010-01-07,XLB,17.270000457763672,17.290000915527344,17.079999923706055,17.219999313354492,11514600
2010-01-08,XLB,17.18000030517578,17.459999084472656,17.139999389648438,17.459999084472656,9284800
2010-01-11,XLB,17.68000030517578,17.690000534057617,17.290000915527344,17.364999771118164,18217000
2010-01-12,XLB,17.114999771118164,17.204999923706055,16.864999771118164,17.03499984741211,26324000
2010-01-13,XLB,17.079999923706055,17.25,16.875,17.235000610351562,23886200
2010-01-14,XLB,17.225000381469727,17.260000228881836,17.0,17.024999618530273,19231000
2010-01-15,XLB,17.0049991607666,17.06999969482422,16.815000534057617,16.899999618530273,15210600
2010-01-19,XLB,16.924999237060547,17.174999237060547,16.850000381469727,17.170000076293945,13603400
2010-01-20,XLB,16.950000762939453,17.0,16.709999084472656,16.864999771118164,23007600
2010-01-21,XLB,16.885000228881836,16.885000228881836,16.1299991607666,16.135000228881836,39632400
2010-01-22,XLB,16.09000015258789,16.28499984741211,15.774999618530273,15.8149995803833,40093800
2010-01-25,XLB,15.979999542236328,16.1200008392334,15.899999618530273,15.954999923706055,20610200
2010-01-26,XLB,15.779999732971191,15.994999885559082,15.680000305175781,15.729999542236328,33567800
2010-01-27,XLB,15.654999732971191,15.770000457763672,15.324999809265137,15.595000267028809,39417600
2010-01-28,XLB,15.694999694824219,15.739999771118164,15.239999771118164,15.3149995803833,32740800
2010-01-29,XLB,15.4350004196167,15.65999984741211,15.0600004196167,15.069999694824219,32241400
2010-02-01,XLB,15.229999542236328,15.670000076293945,15.229999542236328,15.670000076293945,34546000
2010-02-02,XLB,15.739999771118164,15.800000190734863,15.510000228881836,15.720000267028809,32079400
2010-02-03,XLB,15.65999984741211,15.8100004196167,15.489999771118164,15.539999961853027,36213600
2010-02-04,XLB,15.329999923706055,15.375,14.949999809265137,14.960000038146973,45618000
2010-02-05,XLB,15.005000114440918,15.244999885559082,14.739999771118164,15.239999771118164,64498000
2010-02-08,XLB,15.270000457763672,15.359999656677246,14.979999542236328,14.994999885559082,40944600
2010-02-09,XLB,15.225000381469727,15.520000457763672,15.125,15.359999656677246,57488000
2010-02-10,XLB,15.380000114440918,15.40999984741211,15.0649995803833,15.255000114440918,43105200
2010-02-11,XLB,15.244999885559082,15.53499984741211,15.170000076293945,15.515000343322754,38944200
2010-02-12,XLB,15.239999771118164,15.569999694824219,15.170000076293945,15.484999656677246,39246600
2010-02-16,XLB,15.680000305175781,15.899999618530273,15.670000076293945,15.875,21028400
2010-02-17,XLB,15.975000381469727,16.045000076293945,15.774999618530273,15.885000228881836,58790800
2010-02-18,XLB,15.8149995803833,16.110000610351562,15.800000190734863,16.05500030517578,39257200
2010-02-19,XLB,15.9350004196167,16.229999542236328,15.925000190734863,16.145000457763672,30427000
2010-02-22,XLB,16.204999923706055,16.290000915527344,16.014999389648438,16.075000762939453,22993800
2010-02-23,XLB,16.024999618530273,16.110000610351562,15.725000381469727,15.819999694824219,40160400
2010-02-24,XLB,15.845000267028809,15.979999542236328,15.694999694824219,15.779999732971191,31930800
2010-02-25,XLB,15.545000076293945,15.770000457763672,15.395000457763672,15.744999885559082,40918000
2010-02-26,XLB,15.824999809265137,15.824999809265137,15.604999542236328,15.75,30666800
2010-03-01,XLB,15.835000038146973,16.0049991607666,15.75,15.989999771118164,39502800
2010-03-02,XLB,16.114999771118164,16.2549991607666,16.079999923706055,16.125,38859000
2010-03-03,XLB,16.225000381469727,16.5049991607666,16.204999923706055,16.264999389648438,28216400
2010-03-04,XLB,16.315000534057617,16.434999465942383,16.2450008392334,16.375,26748000
2010-03-05,XLB,16.524999618530273,16.690000534057617,16.46500015258789,16.584999084472656,23340600
2010-03-08,XLB,16.649999618530273,16.704999923706055,16.4950008392334,16.584999084472656,28925800
2010-03-09,XLB,16.485000610351562,16.645000457763672,16.420000076293945,16.479999542236328,30916800
2010-03-10,XLB,16.485000610351562,16.625,16.364999771118164,16.485000610351562,41650200
2010-03-11,XLB,16.424999237060547,16.579999923706055,16.290000915527344,16.579999923706055,29034600
2010-03-12,XLB,16.665000915527344,16.764999389648438,16.610000610351562,16.645000457763672,23063600
2010-03-15,XLB,16.635000228881836,16.65999984741211,16.5,16.639999389648438,18990800
2010-03-16,XLB,16.69499969482422,16.885000228881836,16.690000534057617,16.885000228881836,27171600
2010-03-17,XLB,16.940000534057617,17.094999313354492,16.924999237060547,16.979999542236328,17654600
2010-03-18,XLB,16.985000610351562,17.094999313354492,16.834999084472656,16.860000610351562,24248200
2010-03-19,XLB,16.639999389648438,16.959999084472656,16.6200008392334,16.639999389648438,21252800
2010-03-22,XLB,16.5049991607666,16.905000686645508,16.424999237060547,16.885000228881836,22534400
2010-03-23,XLB,16.899999618530273,17.104999542236328,16.80500030517578,17.104999542236328,29462600
2010-03-24,XLB,16.9950008392334,17.165000915527344,16.94499969482422,17.05500030517578,16904800
2010-03-25,XLB,17.209999084472656,17.209999084472656,16.700000762939453,16.71500015258789,38080400
2010-03-26,XLB,16.790000915527344,16.9950008392334,16.725000381469727,16.84000015258789,30944800
2010-03-29,XLB,17.0,17.100000381469727,16.934999465942383,17.020000457763672,17183400
2010-03-30,XLB,17.010000228881836,17.165000915527344,16.924999237060547,17.045000076293945,16926400
2010-03-31,XLB,17.0049991607666,17.104999542236328,16.90999984741211,16.959999084472656,15549200
2010-04-01,XLB,17.1299991607666,17.280000686645508,17.110000610351562,17.2549991607666,15941800
2010-04-05,XLB,17.30500030517578,17.469999313354492,17.2450008392334,17.46500015258789,13178600
2010-04-06,XLB,17.3799991607666,17.549999237060547,17.375,17.4950008392334,17215000
2010-04-07,XLB,17.434999465942383,17.579999923706055,17.295000076293945,17.385000228881836,20756400
2010-04-08,XLB,17.274999618530273,17.440000534057617,17.200000762939453,17.424999237060547,16575200
2010-04-09,XLB,17.5,17.5,17.354999542236328,17.454999923706055,16745800
2010-04-12,XLB,17.46500015258789,17.514999389648438,17.350000381469727,17.399999618530273,11504800
2010-04-13,XLB,17.34000015258789,17.385000228881836,17.219999313354492,17.334999084472656,14107400
2010-04-14,XLB,17.415000915527344,17.469999313354492,17.34000015258789,17.46500015258789,14628200
2010-04-15,XLB,17.440000534057617,17.510000228881836,17.3700008392334,17.46500015258789,15055000
2010-04-16,XLB,17.375,17.459999084472656,17.024999618530273,17.165000915527344,33745200
2010-04-19,XLB,17.03499984741211,17.19499969482422,16.8700008392334,17.170000076293945,22585800
2010-04-20,XLB,17.30500030517578,17.360000610351562,17.149999618530273,17.225000381469727,11610600
2010-04-21,XLB,17.260000228881836,17.260000228881836,17.010000228881836,17.18000030517578,22064000
2010-04-22,XLB,17.05500030517578,17.350000381469727,16.899999618530273,17.350000381469727,11843000
2010-04-23,XLB,17.329999923706055,17.56999969482422,17.315000534057617,17.5049991607666,19692000
2010-04-26,XLB,17.6200008392334,17.735000610351562,17.524999618530273,17.579999923706055,14050200
2010-04-27,XLB,17.5049991607666,17.530000686645508,16.940000534057617,16.940000534057617,32078200
2010-04-28,XLB,17.100000381469727,17.225000381469727,16.954999923706055,17.145000457763672,32075400
2010-04-29,XLB,17.2450008392334,17.360000610351562,17.170000076293945,17.299999237060547,20038000
2010-04-30,XLB,17.350000381469727,17.399999618530273,16.989999771118164,16.9950008392334,21881800
2010-05-03,XLB,17.040000915527344,17.1200008392334,16.81999969482422,16.985000610351562,22380400
2010-05-04,XLB,16.7450008392334,16.760000228881836,16.280000686645508,16.395000457763672,53974000
2010-05-05,XLB,16.139999389648438,16.5049991607666,16.065000534057617,16.274999618530273,35206400
2010-05-06,XLB,16.145000457763672,16.459999084472656,14.739999771118164,15.739999771118164,54860000
2010-05-07,XLB,15.760000228881836,16.020000457763672,15.329999923706055,15.5649995803833,54676800
2010-05-10,XLB,16.19499969482422,16.350000381469727,16.110000610351562,16.30500030517578,36074800
2010-05-11,XLB,16.125,16.329999923706055,16.06999969482422,16.100000381469727,28765400
2010-05-12,XLB,16.200000762939453,16.440000534057617,16.170000076293945,16.434999465942383,25864600
2010-05-13,XLB,16.395000457763672,16.530000686645508,16.18000030517578,16.190000534057617,26685000
2010-05-14,XLB,16.084999084472656,16.084999084472656,15.65999984741211,15.795000076293945,40467000
2010-05-17,XLB,15.859999656677246,15.954999923706055,15.414999961853027,15.795000076293945,37565800
2010-05-18,XLB,15.9350004196167,16.174999237060547,15.524999618530273,15.524999618530273,46798000
2010-05-19,XLB,15.420000076293945,15.574999809265137,15.175000190734863,15.524999618530273,47500400
2010-05-20,XLB,15.039999961853027,15.210000038146973,14.805000305175781,14.819999694824219,55258000
2010-05-21,XLB,14.574999809265137,15.244999885559082,14.550000190734863,15.1850004196167,39010400
2010-05-24,XLB,15.119999885559082,15.239999771118164,14.925000190734863,14.925000190734863,27133600
2010-05-25,XLB,14.520000457763672,15.199999809265137,14.4350004196167,15.175000190734863,37643200
2010-05-26,XLB,15.324999809265137,15.4399995803833,15.005000114440918,15.055000305175781,26874600
2010-05-27,XLB,15.375,15.664999961853027,15.175000190734863,15.649999618530273,29382800
2010-05-28,XLB,15.609999656677246,15.635000228881836,15.265000343322754,15.375,29481800
2010-06-01,XLB,15.220000267028809,15.404999732971191,14.854999542236328,14.880000114440918,31542200
2010-06-02,XLB,15.0,15.34000015258789,14.949999809265137,15.34000015258789,17503600
2010-06-03,XLB,15.475000381469727,15.475000381469727,14.975000381469727,15.154999732971191,25279400
2010-06-04,XLB,14.864999771118164,14.984999656677246,14.520000457763672,14.555000305175781,30713800
2010-06-07,XLB,14.5649995803833,14.6850004196167,14.28499984741211,14.295000076293945,25021000
2010-06-08,XLB,14.369999885559082,14.675000190734863,14.274999618530273,14.619999885559082,43670000
2010-06-09,XLB,14.8149995803833,14.984999656677246,14.539999961853027,14.640000343322754,27666000
2010-06-10,XLB,14.914999961853027,15.164999961853027,14.890000343322754,15.164999961853027,21597200
2010-06-11,XLB,15.005000114440918,15.335000038146973,14.989999771118164,15.335000038146973,15956800
2010-06-14,XLB,15.475000381469727,15.529999732971191,15.15999984741211,15.1850004196167,18202200
2010-06-15,XLB,15.319999694824219,15.574999809265137,15.265000343322754,15.5600004196167,14109600
2010-06-16,XLB,15.444999694824219,15.630000114440918,15.395000457763672,15.539999961853027,12730400
2010-06-17,XLB,15.574999809265137,15.604999542236328,15.260000228881836,15.454999923706055,27380000
2010-06-18,XLB,15.420000076293945,15.555000305175781,15.414999961853027,15.475000381469727,18895800
2010-06-21,XLB,15.75,15.899999618530273,15.460000038146973,15.569999694824219,24144400
2010-06-22,XLB,15.550000190734863,15.649999618530273,15.1850004196167,15.1850004196167,23686600
2010-06-23,XLB,15.204999923706055,15.3149995803833,14.960000038146973,15.21500015258789,21678400
2010-06-24,XLB,15.100000381469727,15.244999885559082,14.824999809265137,14.829999923706055,31521600
2010-06-25,XLB,14.890000343322754,15.119999885559082,14.744999885559082,15.050000190734863,22616200
2010-06-28,XLB,15.03499984741211,15.09000015258789,14.84000015258789,14.880000114440918,25772000
2010-06-29,XLB,14.59000015258789,14.630000114440918,14.270000457763672,14.329999923706055,34058800
2010-06-30,XLB,14.3149995803833,14.529999732971191,14.125,14.1850004196167,21027200
2010-07-01,XLB,14.170000076293945,14.3100004196167,13.835000038146973,14.104999542236328,32910000
2010-07-02,XLB,14.15999984741211,14.220000267028809,13.914999961853027,14.024999618530273,19334000
2010-07-06,XLB,14.3149995803833,14.350000381469727,13.899999618530273,14.039999961853027,20142200
2010-07-07,XLB,14.050000190734863,14.619999885559082,14.03499984741211,14.600000381469727,23703000
2010-07-08,XLB,14.720000267028809,14.84000015258789,14.595000267028809,14.84000015258789,17861600
2010-07-09,XLB,14.795000076293945,15.194999694824219,14.795000076293945,15.194999694824219,18889400
2010-07-12,XLB,15.204999923706055,15.204999923706055,14.920000076293945,14.994999885559082,18878000
2010-07-13,XLB,15.25,15.444999694824219,15.225000381469727,15.399999618530273,21410000
2010-07-14,XLB,15.270000457763672,15.454999923706055,15.1850004196167,15.350000381469727,17277600
2010-07-15,XLB,15.364999771118164,15.390000343322754,15.135000228881836,15.335000038146973,16560000
2010-07-16,XLB,15.225000381469727,15.300000190734863,14.875,14.914999961853027,24858200
2010-07-19,XLB,15.0,15.010000228881836,14.774999618530273,14.930000305175781,15230000
2010-07-20,XLB,14.71500015258789,15.395000457763672,14.71500015258789,15.380000114440918,21015200
2010-07-21,XLB,15.53499984741211,15.614999771118164,15.194999694824219,15.329999923706055,18758000
2010-07-22,XLB,15.505000114440918,15.795000076293945,15.475000381469727,15.65999984741211,32511200
2010-07-23,XLB,15.6850004196167,16.024999618530273,15.664999961853027,16.0049991607666,29360800
2010-07-26,XLB,16.040000915527344,16.100000381469727,15.9399995803833,16.100000381469727,14990400
2010-07-27,XLB,16.200000762939453,16.25,15.899999618530273,15.970000267028809,18349800
2010-07-28,XLB,15.890000343322754,16.03499984741211,15.850000381469727,15.920000076293945,21062400
2010-07-29,XLB,16.024999618530273,16.165000915527344,15.765000343322754,15.904999732971191,16919000
2010-07-30,XLB,15.760000228881836,16.065000534057617,15.710000038146973,16.0049991607666,17515800
2010-08-02,XLB,16.260000228881836,16.46500015258789,16.219999313354492,16.434999465942383,32952200
2010-08-03,XLB,16.274999618530273,16.280000686645508,16.100000381469727,16.135000228881836,19108400
2010-08-04,XLB,16.229999542236328,16.299999237060547,16.1299991607666,16.28499984741211,11268000
2010-08-05,XLB,16.21500015258789,16.334999084472656,16.184999465942383,16.31999969482422,14066400
2010-08-06,XLB,16.209999084472656,16.420000076293945,16.09000015258789,16.2450008392334,17375600
2010-08-09,XLB,16.375,16.3799991607666,16.239999771118164,16.344999313354492,12162000
2010-08-10,XLB,16.165000915527344,16.264999389648438,16.0049991607666,16.170000076293945,25438800
2010-08-11,XLB,15.854999542236328,15.869999885559082,15.614999771118164,15.625,35147200
2010-08-12,XLB,15.4350004196167,15.779999732971191,15.430000305175781,15.725000381469727,23048000
2010-08-13,XLB,15.664999961853027,15.734999656677246,15.595000267028809,15.649999618530273,12365600
2010-08-16,XLB,15.579999923706055,15.819999694824219,15.550000190734863,15.720000267028809,13065000
2010-08-17,XLB,15.9399995803833,16.209999084472656,15.9399995803833,16.09000015258789,23946400
2010-08-18,XLB,16.075000762939453,16.229999542236328,15.949999809265137,16.149999618530273,19570600
2010-08-19,XLB,16.06999969482422,16.135000228881836,15.699999809265137,15.779999732971191,25495800
2010-08-20,XLB,15.6850004196167,15.760000228881836,15.595000267028809,15.744999885559082,27923600
2010-08-23,XLB,15.8149995803833,16.024999618530273,15.5600004196167,15.569999694824219,18899200
2010-08-24,XLB,15.295000076293945,15.414999961853027,15.199999809265137,15.210000038146973,29745800
2010-08-25,XLB,15.09000015258789,15.300000190734863,14.9399995803833,15.255000114440918,25560800
2010-08-26,XLB,15.399999618530273,15.484999656677246,15.210000038146973,15.234999656677246,14956000
2010-08-27,XLB,15.335000038146973,15.699999809265137,15.180000305175781,15.6899995803833,20732800
2010-08-30,XLB,15.654999732971191,15.729999542236328,15.454999923706055,15.454999923706055,10128800
2010-08-31,XLB,15.359999656677246,15.600000381469727,15.354999542236328,15.520000457763672,19130600
2010-09-01,XLB,15.720000267028809,16.020000457763672,15.710000038146973,15.984999656677246,24058400
2010-09-02,XLB,16.03499984741211,16.174999237060547,15.9399995803833,16.174999237060547,12309200
2010-09-03,XLB,16.299999237060547,16.375,16.225000381469727,16.364999771118164,15619200
2010-09-07,XLB,16.299999237060547,16.350000381469727,16.18000030517578,16.204999923706055,12186000
2010-09-08,XLB,16.2549991607666,16.434999465942383,16.235000610351562,16.329999923706055,10036400
2010-09-09,XLB,16.485000610351562,16.53499984741211,16.235000610351562,16.274999618530273,9445800
2010-09-10,XLB,16.290000915527344,16.450000762939453,16.290000915527344,16.40999984741211,11261800
2010-09-13,XLB,16.540000915527344,16.735000610351562,16.524999618530273,16.674999237060547,24126600
2010-09-14,XLB,16.594999313354492,16.760000228881836,16.540000915527344,16.645000457763672,17105400
2010-09-15,XLB,16.549999237060547,16.645000457763672,16.485000610351562,16.614999771118164,12888600
2010-09-16,XLB,16.565000534057617,16.739999771118164,16.549999237060547,16.69499969482422,25727400
2010-09-17,XLB,16.415000915527344,16.450000762939453,16.2549991607666,16.364999771118164,16339400
2010-09-20,XLB,16.3799991607666,16.5,16.264999389648438,16.469999313354492,16600800
2010-09-21,XLB,16.469999313354492,16.475000381469727,16.239999771118164,16.395000457763672,33795200
2010-09-22,XLB,16.389999389648438,16.559999465942383,16.3799991607666,16.434999465942383,20396600
2010-09-23,XLB,16.290000915527344,16.479999542236328,16.21500015258789,16.280000686645508,14346000
2010-09-24,XLB,16.485000610351562,16.704999923706055,16.475000381469727,16.68000030517578,17199200
2010-09-27,XLB,16.684999465942383,16.709999084472656,16.565000534057617,16.584999084472656,11346400
2010-09-28,XLB,16.565000534057617,16.614999771118164,16.28499984741211,16.584999084472656,17394800
2010-09-29,XLB,16.53499984741211,16.565000534057617,16.399999618530273,16.454999923706055,19749800
2010-09-30,XLB,16.565000534057617,16.639999389648438,16.270000457763672,16.389999389648438,20469400
2010-10-01,XLB,16.489999771118164,16.6200008392334,16.479999542236328,16.604999542236328,15538400
2010-10-04,XLB,16.475000381469727,16.540000915527344,16.280000686645508,16.34000015258789,26111200
2010-10-05,XLB,16.530000686645508,16.860000610351562,16.530000686645508,16.799999237060547,26245400
2010-10-06,XLB,16.84000015258789,17.0049991607666,16.81999969482422,16.959999084472656,13636600
2010-10-07,XLB,17.010000228881836,17.020000457763672,16.635000228881836,16.790000915527344,18279800
2010-10-08,XLB,16.850000381469727,17.170000076293945,16.850000381469727,17.1200008392334,15930200
2010-10-11,XLB,17.200000762939453,17.204999923706055,17.024999618530273,17.09000015258789,11727200
2010-10-12,XLB,17.049999237060547,17.165000915527344,16.8700008392334,17.135000228881836,14601000
2010-10-13,XLB,17.34000015258789,17.475000381469727,17.2450008392334,17.40999984741211,14554400
2010-10-14,XLB,17.405000686645508,17.440000534057617,17.145000457763672,17.2450008392334,16533200
2010-10-15,XLB,17.3799991607666,17.385000228881836,17.065000534057617,17.295000076293945,24577400
2010-10-18,XLB,17.235000610351562,17.375,17.135000228881836,17.3700008392334,13649200
2010-10-19,XLB,17.06999969482422,17.165000915527344,16.850000381469727,16.924999237060547,30249800
2010-10-20,XLB,16.9950008392334,17.389999389648438,16.954999923706055,17.274999618530273,20369600
2010-10-21,XLB,17.350000381469727,17.424999237060547,17.09000015258789,17.270000457763672,22244200
2010-10-22,XLB,17.280000686645508,17.30500030517578,17.09000015258789,17.145000457763672,16613600
2010-10-25,XLB,17.40999984741211,17.584999084472656,17.3700008392334,17.514999389648438,22728000
2010-10-26,XLB,17.274999618530273,17.450000762939453,17.155000686645508,17.40999984741211,18659400
2010-10-27,XLB,17.280000686645508,17.280000686645508,17.065000534057617,17.25,24652800
2010-10-28,XLB,17.395000457763672,17.454999923706055,17.145000457763672,17.260000228881836,20044200
2010-10-29,XLB,17.225000381469727,17.434999465942383,17.18000030517578,17.399999618530273,13569800
2010-11-01,XLB,17.489999771118164,17.610000610351562,17.295000076293945,17.389999389648438,16188600
2010-11-02,XLB,17.545000076293945,17.68000030517578,17.4950008392334,17.56999969482422,23459000
2010-11-03,XLB,17.625,17.649999618530273,17.25,17.520000457763672,34310000
2010-11-04,XLB,17.78499984741211,18.094999313354492,17.780000686645508,18.094999313354492,20076400
2010-11-05,XLB,18.1200008392334,18.270000457763672,18.05500030517578,18.15999984741211,20189600
2010-11-08,XLB,18.045000076293945,18.229999542236328,18.024999618530273,18.204999923706055,15881800
2010-11-09,XLB,18.295000076293945,18.354999542236328,17.780000686645508,17.885000228881836,22728800
2010-11-10,XLB,17.885000228881836,18.020000457763672,17.674999237060547,17.975000381469727,18655600
2010-11-11,XLB,17.885000228881836,18.170000076293945,17.8799991607666,18.15999984741211,18777400
2010-11-12,XLB,17.954999923706055,18.024999618530273,17.604999542236328,17.7549991607666,34953400
2010-11-15,XLB,17.80500030517578,17.860000610351562,17.600000381469727,17.614999771118164,19444000
2010-11-16,XLB,17.40999984741211,17.44499969482422,17.100000381469727,17.235000610351562,39700000
2010-11-17,XLB,17.239999771118164,17.40999984741211,17.149999618530273,17.229999542236328,26661800
2010-11-18,XLB,17.459999084472656,17.704999923706055,17.459999084472656,17.55500030517578,28865800
2010-11-19,XLB,17.559999465942383,17.69499969482422,17.46500015258789,17.69499969482422,18097800
2010-11-22,XLB,17.6200008392334,17.7549991607666,17.469999313354492,17.739999771118164,23443000
2010-11-23,XLB,17.46500015258789,17.510000228881836,17.315000534057617,17.399999618530273,26465200
2010-11-24,XLB,17.540000915527344,17.735000610351562,17.520000457763672,17.735000610351562,15943200
2010-11-26,XLB,17.549999237060547,17.579999923706055,17.434999465942383,17.434999465942383,9311400
2010-11-29,XLB,17.395000457763672,17.639999389648438,17.184999465942383,17.584999084472656,25669600
2010-11-30,XLB,17.440000534057617,17.739999771118164,17.375,17.594999313354492,31201200
2010-12-01,XLB,17.889999389648438,18.084999084472656,17.850000381469727,18.075000762939453,24592000
2010-12-02,XLB,18.15999984741211,18.389999389648438,18.110000610351562,18.350000381469727,18747600
2010-12-03,XLB,18.274999618530273,18.545000076293945,18.264999389648438,18.5049991607666,15720000
2010-12-06,XLB,18.479999542236328,18.56999969482422,18.454999923706055,18.53499984741211,9912800
2010-12-07,XLB,18.764999389648438,18.80500030517578,18.524999618530273,18.559999465942383,21077000
2010-12-08,XLB,18.56999969482422,18.635000228881836,18.270000457763672,18.364999771118164,23584200
2010-12-09,XLB,18.524999618530273,18.540000915527344,18.34000015258789,18.46500015258789,23028200
2010-12-10,XLB,18.4950008392334,18.645000457763672,18.399999618530273,18.625,10437400
2010-12-13,XLB,18.81999969482422,18.860000610351562,18.700000762939453,18.725000381469727,12831600
2010-12-14,XLB,18.719999313354492,18.834999084472656,18.649999618530273,18.709999084472656,14227400
2010-12-15,XLB,18.649999618530273,18.774999618530273,18.584999084472656,18.610000610351562,13388000
2010-12-16,XLB,18.639999389648438,18.790000915527344,18.4950008392334,18.78499984741211,18492400
2010-12-17,XLB,18.610000610351562,18.795000076293945,18.584999084472656,18.780000686645508,14386400
2010-12-20,XLB,18.899999618530273,18.93000030517578,18.739999771118164,18.84000015258789,10680400
2010-12-21,XLB,18.915000915527344,19.059999465942383,18.90999984741211,19.030000686645508,9610000
2010-12-22,XLB,19.100000381469727,19.100000381469727,18.94499969482422,19.020000457763672,6326200
2010-12-23,XLB,18.920000076293945,19.125,18.920000076293945,19.06999969482422,7742600
2010-12-27,XLB,19.05500030517578,19.110000610351562,18.940000534057617,19.100000381469727,4817600
2010-12-28,XLB,19.18000030517578,19.18000030517578,19.084999084472656,19.139999389648438,6872200
2010-12-29,XLB,19.219999313354492,19.25,19.170000076293945,19.219999313354492,5138600
2010-12-30,XLB,19.21500015258789,19.295000076293945,19.18000030517578,19.219999313354492,7152600
2010-12-31,XLB,19.19499969482422,19.270000457763672,19.155000686645508,19.204999923706055,4849400
2011-01-03,XLB,19.40999984741211,19.540000915527344,19.334999084472656,19.360000610351562,12110400
2011-01-04,XLB,19.389999389648438,19.424999237060547,18.985000610351562,19.229999542236328,18978600
2011-01-05,XLB,19.1299991607666,19.28499984741211,19.045000076293945,19.274999618530273,15594600
2011-01-06,XLB,19.28499984741211,19.375,19.1200008392334,19.174999237060547,15539400
2011-01-07,XLB,19.235000610351562,19.290000915527344,18.989999771118164,19.155000686645508,23128400
2011-01-10,XLB,19.084999084472656,19.21500015258789,18.860000610351562,19.18000030517578,20979400
2011-01-11,XLB,19.274999618530273,19.350000381469727,19.209999084472656,19.334999084472656,13209600
2011-01-12,XLB,19.485000610351562,19.55500030517578,19.415000915527344,19.524999618530273,13959200
2011-01-13,XLB,19.5049991607666,19.540000915527344,19.309999465942383,19.354999542236328,14599600
2011-01-14,XLB,19.31999969482422,19.399999618530273,19.200000762939453,19.399999618530273,15839800
2011-01-18,XLB,19.424999237060547,19.524999618530273,19.405000686645508,19.5049991607666,16477600
2011-01-19,XLB,19.540000915527344,19.549999237060547,19.020000457763672,19.05500030517578,32022600
2011-01-20,XLB,18.854999542236328,18.90999984741211,18.6200008392334,18.78499984741211,43715400
2011-01-21,XLB,18.889999389648438,18.979999542236328,18.71500015258789,18.739999771118164,22906400
2011-01-24,XLB,18.80500030517578,19.045000076293945,18.735000610351562,18.940000534057617,20986800
2011-01-25,XLB,18.875,18.96500015258789,18.739999771118164,18.96500015258789,26381600
2011-01-26,XLB,19.030000686645508,19.399999618530273,19.024999618530273,19.364999771118164,22398600
2011-01-27,XLB,19.350000381469727,19.375,19.065000534057617,19.204999923706055,22470000
2011-01-28,XLB,19.200000762939453,19.344999313354492,18.889999389648438,18.905000686645508,28584600
2011-01-31,XLB,19.030000686645508,19.239999771118164,18.96500015258789,19.219999313354492,19959800
2011-02-01,XLB,19.399999618530273,19.774999618530273,19.364999771118164,19.735000610351562,32064200
2011-02-02,XLB,19.725000381469727,19.799999237060547,19.604999542236328,19.700000762939453,12356400
2011-02-03,XLB,19.709999084472656,19.825000762939453,19.479999542236328,19.78499984741211,21654600
2011-02-04,XLB,19.84000015258789,19.864999771118164,19.6200008392334,19.790000915527344,16209400
2011-02-07,XLB,19.850000381469727,20.03499984741211,19.850000381469727,19.895000457763672,18360600
2011-02-08,XLB,19.985000610351562,19.9950008392334,19.825000762939453,19.959999084472656,15420400
2011-02-09,XLB,19.90999984741211,19.934999465942383,19.649999618530273,19.780000686645508,19333400
2011-02-10,XLB,19.584999084472656,19.94499969482422,19.584999084472656,19.815000534057617,18023400
2011-02-11,XLB,19.760000228881836,20.0,19.700000762939453,19.924999237060547,20151200
2011-02-14,XLB,19.975000381469727,20.170000076293945,19.934999465942383,20.139999389648438,17148200
2011-02-15,XLB,20.149999618530273,20.155000686645508,19.875,19.90999984741211,14403000
2011-02-16,XLB,20.024999618530273,20.219999313354492,20.010000228881836,20.170000076293945,19581400
2011-02-17,XLB,20.1299991607666,20.360000610351562,20.065000534057617,20.350000381469727,16506600
2011-02-18,XLB,20.3799991607666,20.415000915527344,20.049999237060547,20.125,14668600
2011-02-22,XLB,19.864999771118164,20.0,19.44499969482422,19.479999542236328,37060200
2011-02-23,XLB,19.420000076293945,19.559999465942383,19.014999389648438,19.334999084472656,37641000
2011-02-24,XLB,19.325000762939453,19.5049991607666,18.969999313354492,19.235000610351562,28453000
2011-02-25,XLB,19.405000686645508,19.545000076293945,19.3799991607666,19.520000457763672,16706200
2011-02-28,XLB,19.594999313354492,19.729999542236328,19.5049991607666,19.729999542236328,15915800
2011-03-01,XLB,19.774999618530273,19.81999969482422,19.235000610351562,19.2450008392334,36178400
2011-03-02,XLB,19.219999313354492,19.440000534057617,19.190000534057617,19.315000534057617,22439800
2011-03-03,XLB,19.540000915527344,19.704999923706055,19.5049991607666,19.704999923706055,17416400
2011-03-04,XLB,19.725000381469727,19.729999542236328,19.375,19.524999618530273,23102200
2011-03-07,XLB,19.674999237060547,19.719999313354492,19.094999313354492,19.190000534057617,36593000
2011-03-08,XLB,19.235000610351562,19.479999542236328,19.03499984741211,19.40999984741211,20951800
2011-03-09,XLB,19.315000534057617,19.315000534057617,19.0,19.094999313354492,35285400
2011-03-10,XLB,18.81999969482422,18.915000915527344,18.59000015258789,18.68000030517578,62013600
2011-03-11,XLB,18.604999542236328,19.014999389648438,18.530000686645508,18.954999923706055,29383200
2011-03-14,XLB,18.8799991607666,19.049999237060547,18.690000534057617,18.885000228881836,35194600
2011-03-15,XLB,18.299999237060547,18.979999542236328,18.219999313354492,18.885000228881836,45739400
2011-03-16,XLB,18.864999771118164,18.915000915527344,18.280000686645508,18.5049991607666,46770000
2011-03-17,XLB,18.8700008392334,19.0049991607666,18.725000381469727,18.834999084472656,44856600
2011-03-18,XLB,19.045000076293945,19.094999313354492,18.81999969482422,18.864999771118164,29813000
2011-03-21,XLB,19.155000686645508,19.229999542236328,19.030000686645508,19.190000534057617,16934800
2011-03-22,XLB,19.174999237060547,19.229999542236328,19.03499984741211,19.145000457763672,15172800
2011-03-23,XLB,19.155000686645508,19.479999542236328,19.040000915527344,19.424999237060547,26321800
2011-03-24,XLB,19.559999465942383,19.59000015258789,19.315000534057617,19.510000228881836,23093000
2011-03-25,XLB,19.604999542236328,19.770000457763672,19.524999618530273,19.614999771118164,21089800
2011-03-28,XLB,19.610000610351562,19.760000228881836,19.5049991607666,19.524999618530273,23835200
2011-03-29,XLB,19.530000686645508,19.729999542236328,19.395000457763672,19.729999542236328,19443600
2011-03-30,XLB,19.93000030517578,19.979999542236328,19.665000915527344,19.934999465942383,30180400
2011-03-31,XLB,19.915000915527344,20.114999771118164,19.899999618530273,20.010000228881836,21048200
2011-04-01,XLB,20.125,20.184999465942383,20.0,20.084999084472656,18529000
2011-04-04,XLB,20.184999465942383,20.280000686645508,20.155000686645508,20.21500015258789,14013200
2011-04-05,XLB,20.200000762939453,20.53499984741211,20.1200008392334,20.454999923706055,18749400
2011-04-06,XLB,20.6200008392334,20.639999389648438,20.225000381469727,20.28499984741211,30197400
2011-04-07,XLB,20.344999313354492,20.475000381469727,20.149999618530273,20.2450008392334,26134800
2011-04-08,XLB,20.399999618530273,20.459999084472656,20.014999389648438,20.100000381469727,17302600
2011-04-11,XLB,20.155000686645508,20.2450008392334,19.78499984741211,19.875,20734400
2011-04-12,XLB,19.649999618530273,19.760000228881836,19.530000686645508,19.604999542236328,26711400
2011-04-13,XLB,19.7450008392334,19.764999389648438,19.34000015258789,19.489999771118164,32170200
2011-04-14,XLB,19.360000610351562,19.614999771118164,19.360000610351562,19.549999237060547,31580200
2011-04-15,XLB,19.639999389648438,19.71500015258789,19.489999771118164,19.68000030517578,22683000
2011-04-18,XLB,19.450000762939453,19.5049991607666,19.219999313354492,19.405000686645508,22494400
2011-04-19,XLB,19.485000610351562,19.770000457763672,19.46500015258789,19.75,32250000
2011-04-20,XLB,20.084999084472656,20.149999618530273,19.94499969482422,20.010000228881836,26455400
2011-04-21,XLB,20.1200008392334,20.225000381469727,20.05500030517578,20.225000381469727,15329200
2011-04-25,XLB,20.170000076293945,20.2450008392334,19.975000381469727,20.06999969482422,12109400
2011-04-26,XLB,20.155000686645508,20.3700008392334,20.06999969482422,20.295000076293945,17400000
2011-04-27,XLB,20.325000762939453,20.360000610351562,19.94499969482422,20.360000610351562,26244200
2011-04-28,XLB,20.334999084472656,20.510000228881836,20.260000228881836,20.354999542236328,27603200
2011-04-29,XLB,20.44499969482422,20.5,20.295000076293945,20.434999465942383,26800000
2011-05-02,XLB,20.510000228881836,20.584999084472656,20.2450008392334,20.290000915527344,20484200
2011-05-03,XLB,20.274999618530273,20.299999237060547,19.940000534057617,20.104999542236328,30488800
2011-05-04,XLB,20.084999084472656,20.110000610351562,19.614999771118164,19.75,42692200
2011-05-05,XLB,19.610000610351562,19.875,19.415000915527344,19.514999389648438,49810600
2011-05-06,XLB,19.864999771118164,19.959999084472656,19.559999465942383,19.674999237060547,39226200
2011-05-09,XLB,19.71500015258789,20.020000457763672,19.69499969482422,19.959999084472656,26753000
2011-05-10,XLB,20.040000915527344,20.170000076293945,19.90999984741211,20.1299991607666,24373200
2011-05-11,XLB,20.075000762939453,20.09000015258789,19.510000228881836,19.594999313354492,36163200
2011-05-12,XLB,19.53499984741211,19.69499969482422,19.334999084472656,19.575000762939453,36135800
2011-05-13,XLB,19.649999618530273,19.684999465942383,19.264999389648438,19.325000762939453,39318400
2011-05-16,XLB,19.2549991607666,19.625,19.190000534057617,19.2549991607666,39154200
2011-05-17,XLB,19.145000457763672,19.229999542236328,18.915000915527344,19.030000686645508,46415600
2011-05-18,XLB,19.1200008392334,19.475000381469727,19.020000457763672,19.454999923706055,35216000
2011-05-19,XLB,19.475000381469727,19.655000686645508,19.364999771118164,19.450000762939453,25611800
2011-05-20,XLB,19.399999618530273,19.454999923706055,19.104999542236328,19.2549991607666,35574800
2011-05-23,XLB,18.94499969482422,19.1200008392334,18.864999771118164,19.05500030517578,26600000
2011-05-24,XLB,19.190000534057617,19.375,19.045000076293945,19.149999618530273,33186400
2011-05-25,XLB,19.114999771118164,19.530000686645508,19.075000762939453,19.420000076293945,32158200
2011-05-26,XLB,19.364999771118164,19.530000686645508,19.260000228881836,19.46500015258789,20333400
2011-05-27,XLB,19.6200008392334,19.7549991607666,19.575000762939453,19.674999237060547,21204400
2011-05-31,XLB,19.854999542236328,19.934999465942383,19.579999923706055,19.875,32114400
2011-06-01,XLB,19.78499984741211,19.81999969482422,19.229999542236328,19.2549991607666,35499000
2011-06-02,XLB,19.290000915527344,19.4950008392334,19.05500030517578,19.28499984741211,40104400
2011-06-03,XLB,18.979999542236328,19.174999237060547,18.940000534057617,19.040000915527344,32958000
2011-06-06,XLB,19.040000915527344,19.165000915527344,18.815000534057617,18.850000381469727,28586000
2011-06-07,XLB,18.989999771118164,19.114999771118164,18.864999771118164,18.920000076293945,23020200
2011-06-08,XLB,18.864999771118164,18.875,18.665000915527344,18.725000381469727,34934200
2011-06-09,XLB,18.809999465942383,19.139999389648438,18.774999618530273,19.03499984741211,35140800
2011-06-10,XLB,18.920000076293945,19.049999237060547,18.75,18.795000076293945,30926400
2011-06-13,XLB,18.8700008392334,18.940000534057617,18.549999237060547,18.684999465942383,26704000
2011-06-14,XLB,18.934999465942383,19.1299991607666,18.854999542236328,19.045000076293945,37155600
2011-06-15,XLB,18.850000381469727,18.959999084472656,18.524999618530273,18.604999542236328,47199400
2011-06-16,XLB,18.59000015258789,18.674999237060547,18.184999465942383,18.424999237060547,52688400
2011-06-17,XLB,18.4950008392334,18.545000076293945,18.239999771118164,18.31999969482422,38382400
2011-06-20,XLB,18.219999313354492,18.549999237060547,18.219999313354492,18.475000381469727,31123200
2011-06-21,XLB,18.6200008392334,18.979999542236328,18.6200008392334,18.950000762939453,29506200
2011-06-22,XLB,18.850000381469727,19.09000015258789,18.829999923706055,18.8700008392334,26860800
2011-06-23,XLB,18.55500030517578,18.8799991607666,18.3700008392334,18.854999542236328,35531600
2011-06-24,XLB,18.934999465942383,18.979999542236328,18.670000076293945,18.735000610351562,25527000
2011-06-27,XLB,18.639999389648438,18.844999313354492,18.5,18.774999618530273,20235200
2011-06-28,XLB,18.885000228881836,19.139999389648438,18.809999465942383,19.139999389648438,20732600
2011-06-29,XLB,19.270000457763672,19.524999618530273,19.200000762939453,19.44499969482422,28885600
2011-06-30,XLB,19.479999542236328,19.760000228881836,19.415000915527344,19.684999465942383,24759200
2011-07-01,XLB,19.690000534057617,19.895000457763672,19.55500030517578,19.864999771118164,26882800
2011-07-05,XLB,19.850000381469727,19.954999923706055,19.780000686645508,19.889999389648438,21081000
2011-07-06,XLB,19.81999969482422,20.045000076293945,19.75,19.969999313354492,29273800
2011-07-07,XLB,20.200000762939453,20.360000610351562,20.125,20.270000457763672,23141200
2011-07-08,XLB,19.959999084472656,20.1299991607666,19.899999618530273,20.114999771118164,22743200
2011-07-11,XLB,19.81999969482422,19.90999984741211,19.600000381469727,19.709999084472656,23123800
2011-07-12,XLB,19.56999969482422,19.829999923706055,19.56999969482422,19.6299991607666,17070200
2011-07-13,XLB,19.760000228881836,20.010000228881836,19.719999313354492,19.799999237060547,20591000
2011-07-14,XLB,19.844999313354492,19.959999084472656,19.559999465942383,19.610000610351562,21614800
2011-07-15,XLB,19.704999923706055,19.809999465942383,19.610000610351562,19.78499984741211,26862800
2011-07-18,XLB,19.735000610351562,19.799999237060547,19.459999084472656,19.549999237060547,32278400
2011-07-19,XLB,19.709999084472656,19.860000610351562,19.709999084472656,19.844999313354492,19083200
2011-07-20,XLB,19.895000457763672,19.899999618530273,19.739999771118164,19.829999923706055,13646800
2011-07-21,XLB,19.93000030517578,20.100000381469727,19.834999084472656,20.06999969482422,19496200
2011-07-22,XLB,20.059999465942383,20.065000534057617,19.90999984741211,19.975000381469727,14452800
2011-07-25,XLB,19.774999618530273,20.059999465942383,19.739999771118164,19.924999237060547,11050400
2011-07-26,XLB,19.920000076293945,19.924999237060547,19.674999237060547,19.709999084472656,14344200
2011-07-27,XLB,19.645000457763672,19.725000381469727,19.229999542236328,19.260000228881836,31927800
2011-07-28,XLB,19.31999969482422,19.520000457763672,19.19499969482422,19.219999313354492,20092200
2011-07-29,XLB,18.934999465942383,19.200000762939453,18.815000534057617,19.0049991607666,26653000
2011-08-01,XLB,19.354999542236328,19.3700008392334,18.760000228881836,18.940000534057617,29084800
2011-08-02,XLB,18.790000915527344,18.989999771118164,18.354999542236328,18.354999542236328,41598200
2011-08-03,XLB,18.3799991607666,18.5049991607666,17.975000381469727,18.450000762939453,38959600
2011-08-04,XLB,18.149999618530273,18.170000076293945,17.200000762939453,17.200000762939453,78015800
2011-08-05,XLB,17.479999542236328,17.639999389648438,16.68000030517578,17.15999984741211,66010000
2011-08-08,XLB,16.665000915527344,16.895000457763672,15.8100004196167,15.904999732971191,75544800
2011-08-09,XLB,16.15999984741211,16.895000457763672,15.805000305175781,16.885000228881836,62942000
2011-08-10,XLB,16.510000228881836,16.94499969482422,16.2549991607666,16.30500030517578,65754600
2011-08-11,XLB,16.4950008392334,17.34000015258789,16.405000686645508,17.110000610351562,55098600
2011-08-12,XLB,17.21500015258789,17.399999618530273,17.079999923706055,17.219999313354492,29769400
2011-08-15,XLB,17.325000762939453,17.5,17.219999313354492,17.4950008392334,55693600
2011-08-16,XLB,17.344999313354492,17.450000762939453,17.06999969482422,17.21500015258789,32716000
2011-08-17,XLB,17.315000534057617,17.549999237060547,17.184999465942383,17.264999389648438,27525200
2011-08-18,XLB,16.815000534057617,16.825000762939453,16.114999771118164,16.260000228881836,53075400
2011-08-19,XLB,16.040000915527344,16.549999237060547,15.989999771118164,16.0,38924800
2011-08-22,XLB,16.44499969482422,16.454999923706055,15.944999694824219,16.0,24809400
2011-08-23,XLB,16.125,16.56999969482422,16.010000228881836,16.565000534057617,31366800
2011-08-24,XLB,16.5049991607666,16.80500030517578,16.40999984741211,16.799999237060547,19027400
2011-08-25,XLB,16.815000534057617,16.94499969482422,16.530000686645508,16.614999771118164,22707400
2011-08-26,XLB,16.4950008392334,17.0049991607666,16.184999465942383,16.96500015258789,29035600
2011-08-29,XLB,17.155000686645508,17.489999771118164,17.110000610351562,17.479999542236328,25578800
2011-08-30,XLB,17.405000686645508,17.735000610351562,17.354999542236328,17.625,26398200
2011-08-31,XLB,17.770000457763672,17.959999084472656,17.514999389648438,17.670000076293945,24743600
2011-09-01,XLB,17.655000686645508,17.854999542236328,17.415000915527344,17.43000030517578,25240800
2011-09-02,XLB,17.049999237060547,17.19499969482422,16.915000915527344,16.985000610351562,26353200
2011-09-06,XLB,16.5049991607666,16.924999237060547,16.479999542236328,16.895000457763672,27213200
2011-09-07,XLB,17.18000030517578,17.3799991607666,17.084999084472656,17.3799991607666,25526200
2011-09-08,XLB,17.260000228881836,17.424999237060547,17.079999923706055,17.149999618530273,23190600
2011-09-09,XLB,16.94499969482422,16.94499969482422,16.485000610351562,16.584999084472656,37833400
2011-09-12,XLB,16.395000457763672,16.65999984741211,16.1299991607666,16.475000381469727,27529200
2011-09-13,XLB,16.520000457763672,16.809999465942383,16.3799991607666,16.7450008392334,27030600
2011-09-14,XLB,16.799999237060547,17.209999084472656,16.520000457763672,17.0049991607666,36008000
2011-09-15,XLB,17.229999542236328,17.315000534057617,17.014999389648438,17.295000076293945,25961800
2011-09-16,XLB,17.260000228881836,17.399999618530273,17.09000015258789,17.260000228881836,24808800
2011-09-19,XLB,16.899999618530273,17.079999923706055,16.704999923706055,17.0049991607666,22188000
2011-09-20,XLB,17.030000686645508,17.190000534057617,16.795000076293945,16.80500030517578,28351400
2011-09-21,XLB,16.760000228881836,16.780000686645508,16.020000457763672,16.045000076293945,54034400
2011-09-22,XLB,15.46500015258789,15.479999542236328,14.914999961853027,15.145000457763672,61758800
2011-09-23,XLB,15.055000305175781,15.345000267028809,14.975000381469727,15.119999885559082,47446400
2011-09-26,XLB,15.260000228881836,15.604999542236328,14.904999732971191,15.604999542236328,37981200
2011-09-27,XLB,16.1200008392334,16.28499984741211,15.819999694824219,15.930000305175781,40351200
2011-09-28,XLB,16.0049991607666,16.0049991607666,15.199999809265137,15.225000381469727,44932200
2011-09-29,XLB,15.5649995803833,15.585000038146973,14.949999809265137,15.239999771118164,40137800
2011-09-30,XLB,14.994999885559082,15.095000267028809,14.65999984741211,14.680000305175781,36225000
2011-10-03,XLB,14.515000343322754,14.925000190734863,14.265000343322754,14.265000343322754,38647200
2011-10-04,XLB,14.055000305175781,14.835000038146973,13.885000228881836,14.819999694824219,50182600
2011-10-05,XLB,14.850000381469727,15.460000038146973,14.739999771118164,15.40999984741211,42067600
2011-10-06,XLB,15.454999923706055,15.824999809265137,15.354999542236328,15.800000190734863,41753400
2011-10-07,XLB,15.925000190734863,15.9350004196167,15.359999656677246,15.5600004196167,35341400
2011-10-10,XLB,15.835000038146973,16.21500015258789,15.829999923706055,16.21500015258789,21385200
2011-10-11,XLB,16.020000457763672,16.364999771118164,15.989999771118164,16.235000610351562,20205200
2011-10-12,XLB,16.350000381469727,16.604999542236328,16.28499984741211,16.395000457763672,24895600
2011-10-13,XLB,16.239999771118164,16.3700008392334,16.0,16.309999465942383,18488600
2011-10-14,XLB,16.594999313354492,16.739999771118164,16.43000030517578,16.739999771118164,18898000
2011-10-17,XLB,16.655000686645508,16.665000915527344,16.15999984741211,16.170000076293945,19232000
2011-10-18,XLB,16.125,16.674999237060547,15.880000114440918,16.584999084472656,34612800
2011-10-19,XLB,16.55500030517578,16.55500030517578,16.03499984741211,16.104999542236328,22415800
2011-10-20,XLB,16.09000015258789,16.329999923706055,15.920000076293945,16.2549991607666,30128400
2011-10-21,XLB,16.485000610351562,16.684999465942383,16.440000534057617,16.684999465942383,25566600
2011-10-24,XLB,16.854999542236328,17.09000015258789,16.780000686645508,17.084999084472656,19921000
2011-10-25,XLB,17.010000228881836,17.05500030517578,16.6200008392334,16.649999618530273,26084200
2011-10-26,XLB,16.915000915527344,17.06999969482422,16.524999618530273,16.950000762939453,25712000
2011-10-27,XLB,17.549999237060547,18.040000915527344,17.43000030517578,17.8700008392334,41625600
2011-10-28,XLB,17.69499969482422,18.06999969482422,17.655000686645508,17.9950008392334,19874200
2011-10-31,XLB,17.65999984741211,17.670000076293945,17.204999923706055,17.225000381469727,28058800
2011-11-01,XLB,16.549999237060547,17.110000610351562,16.399999618530273,16.764999389648438,46077800
2011-11-02,XLB,17.09000015258789,17.290000915527344,16.899999618530273,17.18000030517578,26117200
2011-11-03,XLB,17.440000534057617,17.549999237060547,17.05500030517578,17.530000686645508,30003600
2011-11-04,XLB,17.375,17.55500030517578,17.145000457763672,17.489999771118164,20282000
2011-11-07,XLB,17.5,17.655000686645508,17.290000915527344,17.639999389648438,18733400
2011-11-08,XLB,17.674999237060547,17.864999771118164,17.4950008392334,17.850000381469727,30361400
2011-11-09,XLB,17.3799991607666,17.475000381469727,16.940000534057617,16.979999542236328,45993000
2011-11-10,XLB,17.2450008392334,17.325000762939453,16.899999618530273,17.184999465942383,25496600
2011-11-11,XLB,17.399999618530273,17.645000457763672,17.385000228881836,17.584999084472656,21089800
2011-11-14,XLB,17.420000076293945,17.594999313354492,17.28499984741211,17.399999618530273,19156800
2011-11-15,XLB,17.325000762939453,17.55500030517578,17.209999084472656,17.434999465942383,18233400
2011-11-16,XLB,17.209999084472656,17.375,17.010000228881836,17.024999618530273,23883200
2011-11-17,XLB,17.0049991607666,17.05500030517578,16.424999237060547,16.540000915527344,40011000
2011-11-18,XLB,16.69499969482422,16.81999969482422,16.514999389648438,16.6299991607666,27961600
2011-11-21,XLB,16.28499984741211,16.450000762939453,16.165000915527344,16.34000015258789,31661400
2011-11-22,XLB,16.350000381469727,16.46500015258789,16.155000686645508,16.21500015258789,30041200
2011-11-23,XLB,16.03499984741211,16.079999923706055,15.770000457763672,15.78499984741211,28925200
2011-11-25,XLB,15.720000267028809,15.9399995803833,15.704999923706055,15.704999923706055,8887000
2011-11-28,XLB,16.30500030517578,16.40999984741211,16.149999618530273,16.295000076293945,24770400
2011-11-29,XLB,16.360000610351562,16.475000381469727,16.239999771118164,16.325000762939453,23199400
2011-11-30,XLB,16.954999923706055,17.274999618530273,16.93000030517578,17.260000228881836,40087200
2011-12-01,XLB,17.170000076293945,17.399999618530273,17.05500030517578,17.149999618530273,24472000
2011-12-02,XLB,17.34000015258789,17.3799991607666,16.985000610351562,17.0,20996000
2011-12-05,XLB,17.270000457763672,17.385000228881836,17.06999969482422,17.200000762939453,21637000
2011-12-06,XLB,17.170000076293945,17.5049991607666,17.110000610351562,17.360000610351562,21469600
2011-12-07,XLB,17.225000381469727,17.434999465942383,17.145000457763672,17.375,23834400
2011-12-08,XLB,17.21500015258789,17.2450008392334,16.790000915527344,16.834999084472656,27528800
2011-12-09,XLB,16.69499969482422,17.139999389648438,16.649999618530273,17.049999237060547,27346800
2011-12-12,XLB,16.75,16.774999618530273,16.520000457763672,16.645000457763672,34151000
2011-12-13,XLB,16.78499984741211,16.950000762939453,16.264999389648438,16.364999771118164,33684800
2011-12-14,XLB,16.280000686645508,16.415000915527344,16.110000610351562,16.165000915527344,38940800
2011-12-15,XLB,16.40999984741211,16.44499969482422,16.15999984741211,16.274999618530273,22521400
2011-12-16,XLB,16.354999542236328,16.485000610351562,16.15999984741211,16.264999389648438,32362400
2011-12-19,XLB,16.315000534057617,16.385000228881836,15.930000305175781,15.975000381469727,25961400
2011-12-20,XLB,16.31999969482422,16.635000228881836,16.2549991607666,16.604999542236328,32500800
2011-12-21,XLB,16.56999969482422,16.68000030517578,16.424999237060547,16.6299991607666,19222600
2011-12-22,XLB,16.684999465942383,16.84000015258789,16.625,16.795000076293945,15224600
2011-12-23,XLB,16.81999969482422,16.954999923706055,16.78499984741211,16.954999923706055,10832600
2011-12-27,XLB,16.8799991607666,17.014999389648438,16.8799991607666,16.950000762939453,5847000
2011-12-28,XLB,16.94499969482422,16.959999084472656,16.540000915527344,16.545000076293945,12608600
2011-12-29,XLB,16.540000915527344,16.770000457763672,16.520000457763672,16.760000228881836,8553600
2011-12-30,XLB,16.719999313354492,16.834999084472656,16.719999313354492,16.75,7210200
2012-01-03,XLB,17.1200008392334,17.295000076293945,17.114999771118164,17.21500015258789,22427600
2012-01-04,XLB,17.19499969482422,17.375,17.125,17.360000610351562,17544800
2012-01-05,XLB,17.209999084472656,17.475000381469727,17.15999984741211,17.40999984741211,15567400
2012-01-06,XLB,17.350000381469727,17.44499969482422,17.274999618530273,17.385000228881836,14437400
2012-01-09,XLB,17.40999984741211,17.485000610351562,17.34000015258789,17.420000076293945,18409200
2012-01-10,XLB,17.690000534057617,17.81999969482422,17.670000076293945,17.7450008392334,19925200
2012-01-11,XLB,17.690000534057617,17.94499969482422,17.65999984741211,17.920000076293945,14130600
2012-01-12,XLB,18.014999389648438,18.174999237060547,17.875,18.170000076293945,22305200
2012-01-13,XLB,18.0,18.075000762939453,17.84000015258789,18.049999237060547,16838800
2012-01-17,XLB,18.270000457763672,18.31999969482422,18.079999923706055,18.149999618530273,23761200
2012-01-18,XLB,18.149999618530273,18.354999542236328,18.065000534057617,18.354999542236328,15646400
2012-01-19,XLB,18.3799991607666,18.385000228881836,18.229999542236328,18.3700008392334,16385200
2012-01-20,XLB,18.30500030517578,18.389999389648438,18.229999542236328,18.290000915527344,11145200
2012-01-23,XLB,18.31999969482422,18.415000915527344,18.229999542236328,18.280000686645508,13986600
2012-01-24,XLB,18.110000610351562,18.295000076293945,18.049999237060547,18.280000686645508,13192800
2012-01-25,XLB,18.170000076293945,18.625,18.079999923706055,18.56999969482422,16779600
2012-01-26,XLB,18.690000534057617,18.864999771118164,18.459999084472656,18.565000534057617,17239600
2012-01-27,XLB,18.524999618530273,18.649999618530273,18.424999237060547,18.59000015258789,12301000
2012-01-30,XLB,18.309999465942383,18.639999389648438,18.270000457763672,18.56999969482422,18451400
2012-01-31,XLB,18.719999313354492,18.764999389648438,18.40999984741211,18.59000015258789,22727600
2012-02-01,XLB,18.739999771118164,18.895000457763672,18.729999542236328,18.774999618530273,30380400
2012-02-02,XLB,18.825000762939453,18.885000228881836,18.674999237060547,18.684999465942383,15186400
2012-02-03,XLB,18.93000030517578,18.985000610351562,18.809999465942383,18.940000534057617,19755800
2012-02-06,XLB,18.799999237060547,18.860000610351562,18.75,18.834999084472656,11370400
2012-02-07,XLB,18.825000762939453,18.905000686645508,18.649999618530273,18.815000534057617,23581200
2012-02-08,XLB,18.850000381469727,18.940000534057617,18.709999084472656,18.834999084472656,12089800
2012-02-09,XLB,18.899999618530273,18.924999237060547,18.709999084472656,18.854999542236328,15299400
2012-02-10,XLB,18.594999313354492,18.604999542236328,18.420000076293945,18.524999618530273,22533200
2012-02-13,XLB,18.655000686645508,18.704999923706055,18.540000915527344,18.575000762939453,12850200
2012-02-14,XLB,18.514999389648438,18.520000457763672,18.200000762939453,18.334999084472656,22075000
2012-02-15,XLB,18.440000534057617,18.479999542236328,18.299999237060547,18.350000381469727,22110000
2012-02-16,XLB,18.364999771118164,18.69499969482422,18.280000686645508,18.674999237060547,20444000
2012-02-17,XLB,18.719999313354492,18.7549991607666,18.614999771118164,18.684999465942383,14894800
2012-02-21,XLB,18.80500030517578,18.93000030517578,18.709999084472656,18.795000076293945,16203600
2012-02-22,XLB,18.790000915527344,18.854999542236328,18.670000076293945,18.764999389648438,11424000
2012-02-23,XLB,18.770000457763672,18.81999969482422,18.639999389648438,18.78499984741211,9831600
2012-02-24,XLB,18.84000015258789,18.889999389648438,18.735000610351562,18.774999618530273,8853200
2012-02-27,XLB,18.670000076293945,18.850000381469727,18.579999923706055,18.780000686645508,15543000
2012-02-28,XLB,18.78499984741211,18.905000686645508,18.7549991607666,18.84000015258789,17826000
2012-02-29,XLB,18.854999542236328,18.905000686645508,18.450000762939453,18.485000610351562,36796000
2012-03-01,XLB,18.594999313354492,18.760000228881836,18.56999969482422,18.690000534057617,23216800
2012-03-02,XLB,18.6299991607666,18.790000915527344,18.53499984741211,18.645000457763672,17912000
2012-03-05,XLB,18.56999969482422,18.575000762939453,18.239999771118164,18.344999313354492,22498200
2012-03-06,XLB,18.065000534057617,18.065000534057617,17.899999618530273,17.969999313354492,29573200
2012-03-07,XLB,18.065000534057617,18.084999084472656,17.905000686645508,18.014999389648438,28667000
2012-03-08,XLB,18.229999542236328,18.350000381469727,18.1200008392334,18.315000534057617,16481200
2012-03-09,XLB,18.364999771118164,18.4950008392334,18.260000228881836,18.31999969482422,14640400
2012-03-12,XLB,18.315000534057617,18.415000915527344,18.190000534057617,18.219999313354492,11160000
2012-03-13,XLB,18.329999923706055,18.540000915527344,18.295000076293945,18.520000457763672,20667200
2012-03-14,XLB,18.520000457763672,18.545000076293945,18.375,18.450000762939453,16214400
2012-03-15,XLB,18.475000381469727,18.584999084472656,18.420000076293945,18.584999084472656,14111000
2012-03-16,XLB,18.549999237060547,18.655000686645508,18.530000686645508,18.549999237060547,23286000
2012-03-19,XLB,18.549999237060547,18.770000457763672,18.540000915527344,18.665000915527344,15412000
2012-03-20,XLB,18.4950008392334,18.584999084472656,18.385000228881836,18.559999465942383,14358000
2012-03-21,XLB,18.584999084472656,18.635000228881836,18.475000381469727,18.559999465942383,12128000
2012-03-22,XLB,18.350000381469727,18.395000457763672,18.15999984741211,18.260000228881836,24702600
2012-03-23,XLB,18.325000762939453,18.4950008392334,18.15999984741211,18.454999923706055,18311400
2012-03-26,XLB,18.625,18.69499969482422,18.53499984741211,18.69499969482422,11457000
2012-03-27,XLB,18.75,18.825000762939453,18.655000686645508,18.655000686645508,9252000
2012-03-28,XLB,18.6200008392334,18.649999618530273,18.25,18.395000457763672,23142600
2012-03-29,XLB,18.229999542236328,18.434999465942383,18.165000915527344,18.420000076293945,21611800
2012-03-30,XLB,18.575000762939453,18.584999084472656,18.3700008392334,18.485000610351562,14499200
2012-04-02,XLB,18.459999084472656,18.815000534057617,18.44499969482422,18.7450008392334,36440400
2012-04-03,XLB,18.69499969482422,18.719999313354492,18.459999084472656,18.604999542236328,18684600
2012-04-04,XLB,18.389999389648438,18.450000762939453,18.239999771118164,18.344999313354492,15975800
2012-04-05,XLB,18.329999923706055,18.540000915527344,18.190000534057617,18.239999771118164,23070400
2012-04-09,XLB,18.0049991607666,18.084999084472656,17.90999984741211,17.975000381469727,20801000
2012-04-10,XLB,17.924999237060547,17.969999313354492,17.549999237060547,17.604999542236328,34071400
2012-04-11,XLB,17.8700008392334,17.90999984741211,17.739999771118164,17.795000076293945,22649600
2012-04-12,XLB,17.84000015258789,18.325000762939453,17.829999923706055,18.280000686645508,26485000
2012-04-13,XLB,18.209999084472656,18.260000228881836,18.049999237060547,18.065000534057617,21583600
2012-04-16,XLB,18.200000762939453,18.239999771118164,18.0,18.1200008392334,26686600
2012-04-17,XLB,18.25,18.485000610351562,18.204999923706055,18.364999771118164,16225800
2012-04-18,XLB,18.334999084472656,18.40999984741211,18.25,18.315000534057617,14543200
2012-04-19,XLB,18.375,18.420000076293945,18.1299991607666,18.25,17504600
2012-04-20,XLB,18.360000610351562,18.389999389648438,18.239999771118164,18.239999771118164,14919000
2012-04-23,XLB,18.020000457763672,18.024999618530273,17.780000686645508,18.014999389648438,20618800
2012-04-24,XLB,18.014999389648438,18.079999923706055,17.899999618530273,18.014999389648438,16401200
2012-04-25,XLB,18.209999084472656,18.40999984741211,18.200000762939453,18.395000457763672,19560000
2012-04-26,XLB,18.270000457763672,18.440000534057617,18.219999313354492,18.375,11820800
2012-04-27,XLB,18.46500015258789,18.524999618530273,18.364999771118164,18.46500015258789,11870200
2012-04-30,XLB,18.420000076293945,18.434999465942383,18.2450008392334,18.334999084472656,18136600
2012-05-01,XLB,18.334999084472656,18.549999237060547,18.274999618530273,18.44499969482422,16598400
2012-05-02,XLB,18.334999084472656,18.3700008392334,18.204999923706055,18.354999542236328,13233000
2012-05-03,XLB,18.334999084472656,18.3700008392334,18.09000015258789,18.145000457763672,19123800
2012-05-04,XLB,18.014999389648438,18.059999465942383,17.799999237060547,17.84000015258789,24304400
2012-05-07,XLB,17.7549991607666,17.934999465942383,17.719999313354492,17.854999542236328,22107800
2012-05-08,XLB,17.719999313354492,17.78499984741211,17.469999313354492,17.770000457763672,24091400
2012-05-09,XLB,17.479999542236328,17.825000762939453,17.44499969482422,17.610000610351562,28805200
2012-05-10,XLB,17.790000915527344,17.825000762939453,17.510000228881836,17.55500030517578,15880200
2012-05-11,XLB,17.420000076293945,17.670000076293945,17.40999984741211,17.5049991607666,12205000
2012-05-14,XLB,17.299999237060547,17.420000076293945,17.190000534057617,17.264999389648438,25746400
2012-05-15,XLB,17.264999389648438,17.344999313354492,16.975000381469727,17.0049991607666,23015200
2012-05-16,XLB,17.06999969482422,17.235000610351562,16.809999465942383,16.81999969482422,24199000
2012-05-17,XLB,16.895000457763672,16.899999618530273,16.450000762939453,16.450000762939453,27461600
2012-05-18,XLB,16.540000915527344,16.670000076293945,16.325000762939453,16.385000228881836,29058200
2012-05-21,XLB,16.399999618530273,16.895000457763672,16.399999618530273,16.864999771118164,17148400
2012-05-22,XLB,16.90999984741211,17.049999237060547,16.655000686645508,16.760000228881836,17223400
2012-05-23,XLB,16.610000610351562,16.989999771118164,16.434999465942383,16.959999084472656,21292600
2012-05-24,XLB,17.075000762939453,17.104999542236328,16.84000015258789,17.065000534057617,23003200
2012-05-25,XLB,17.049999237060547,17.125,16.934999465942383,16.9950008392334,13711600
2012-05-29,XLB,17.19499969482422,17.350000381469727,17.1200008392334,17.290000915527344,19128400
2012-05-30,XLB,17.100000381469727,17.170000076293945,16.959999084472656,16.979999542236328,14651400
2012-05-31,XLB,16.954999923706055,17.024999618530273,16.684999465942383,16.90999984741211,19872000
2012-06-01,XLB,16.614999771118164,16.7549991607666,16.540000915527344,16.549999237060547,24646200
2012-06-04,XLB,16.59000015258789,16.604999542236328,16.295000076293945,16.565000534057617,26895600
2012-06-05,XLB,16.514999389648438,16.7450008392334,16.4950008392334,16.725000381469727,15261000
2012-06-06,XLB,16.864999771118164,17.145000457763672,16.864999771118164,17.145000457763672,16657000
2012-06-07,XLB,17.350000381469727,17.469999313354492,17.114999771118164,17.174999237060547,18561600
2012-06-08,XLB,17.084999084472656,17.299999237060547,16.959999084472656,17.290000915527344,12725200
2012-06-11,XLB,17.434999465942383,17.5,16.950000762939453,16.969999313354492,19767200
2012-06-12,XLB,17.05500030517578,17.28499984741211,16.954999923706055,17.28499984741211,20855600
2012-06-13,XLB,17.184999465942383,17.274999618530273,16.969999313354492,17.020000457763672,17328800
2012-06-14,XLB,17.05500030517578,17.184999465942383,16.96500015258789,17.15999984741211,16883200
2012-06-15,XLB,17.149999618530273,17.280000686645508,17.09000015258789,17.264999389648438,21953400
2012-06-18,XLB,17.204999923706055,17.399999618530273,17.1299991607666,17.354999542236328,13385800
2012-06-19,XLB,17.46500015258789,17.764999389648438,17.450000762939453,17.684999465942383,16423400
2012-06-20,XLB,17.645000457763672,17.770000457763672,17.46500015258789,17.584999084472656,16677200
2012-06-21,XLB,17.579999923706055,17.59000015258789,16.989999771118164,17.010000228881836,19803000
2012-06-22,XLB,17.104999542236328,17.165000915527344,16.915000915527344,17.100000381469727,17983000
2012-06-25,XLB,16.899999618530273,16.989999771118164,16.790000915527344,16.885000228881836,13185200
2012-06-26,XLB,16.940000534057617,17.03499984741211,16.790000915527344,16.940000534057617,10923800
2012-06-27,XLB,17.030000686645508,17.155000686645508,16.959999084472656,17.125,18311800
2012-06-28,XLB,16.954999923706055,17.149999618530273,16.864999771118164,17.1299991607666,17354000
2012-06-29,XLB,17.559999465942383,17.645000457763672,17.405000686645508,17.645000457763672,25274000
2012-07-02,XLB,17.604999542236328,17.645000457763672,17.360000610351562,17.55500030517578,34248000
2012-07-03,XLB,17.625,17.854999542236328,17.600000381469727,17.80500030517578,11767400
2012-07-05,XLB,17.725000381469727,17.885000228881836,17.649999618530273,17.780000686645508,11539800
2012-07-06,XLB,17.565000534057617,17.604999542236328,17.46500015258789,17.575000762939453,14664400
2012-07-09,XLB,17.55500030517578,17.584999084472656,17.395000457763672,17.46500015258789,28865400
2012-07-10,XLB,17.55500030517578,17.6200008392334,17.110000610351562,17.204999923706055,23114200
2012-07-11,XLB,17.264999389648438,17.264999389648438,17.040000915527344,17.149999618530273,22074200
2012-07-12,XLB,16.950000762939453,17.170000076293945,16.84000015258789,17.065000534057617,24692000
2012-07-13,XLB,17.114999771118164,17.415000915527344,17.114999771118164,17.3700008392334,17216800
2012-07-16,XLB,17.334999084472656,17.3700008392334,17.165000915527344,17.30500030517578,9459200
2012-07-17,XLB,17.405000686645508,17.559999465942383,17.260000228881836,17.524999618530273,22981200
2012-07-18,XLB,17.43000030517578,17.65999984741211,17.415000915527344,17.6299991607666,18015400
2012-07-19,XLB,17.704999923706055,17.860000610351562,17.594999313354492,17.81999969482422,19209400
2012-07-20,XLB,17.665000915527344,17.760000228881836,17.6200008392334,17.709999084472656,22186600
2012-07-23,XLB,17.385000228881836,17.469999313354492,17.25,17.43000030517578,21264800
2012-07-24,XLB,17.434999465942383,17.46500015258789,17.049999237060547,17.15999984741211,17418200
2012-07-25,XLB,17.290000915527344,17.295000076293945,17.059999465942383,17.15999984741211,19121200
2012-07-26,XLB,17.360000610351562,17.415000915527344,17.114999771118164,17.239999771118164,18970600
2012-07-27,XLB,17.334999084472656,17.604999542236328,17.290000915527344,17.55500030517578,18521000
2012-07-30,XLB,17.53499984741211,17.655000686645508,17.459999084472656,17.540000915527344,19071200
2012-07-31,XLB,17.469999313354492,17.540000915527344,17.40999984741211,17.420000076293945,10924000
2012-08-01,XLB,17.510000228881836,17.649999618530273,17.420000076293945,17.424999237060547,16126400
2012-08-02,XLB,17.264999389648438,17.399999618530273,17.084999084472656,17.219999313354492,22312000
2012-08-03,XLB,17.46500015258789,17.6299991607666,17.450000762939453,17.559999465942383,20226200
2012-08-06,XLB,17.6200008392334,17.815000534057617,17.594999313354492,17.719999313354492,17345800
2012-08-07,XLB,17.790000915527344,17.979999542236328,17.790000915527344,17.924999237060547,19681600
2012-08-08,XLB,17.860000610351562,18.020000457763672,17.834999084472656,17.94499969482422,9726200
2012-08-09,XLB,17.94499969482422,18.135000228881836,17.915000915527344,18.045000076293945,10711200
2012-08-10,XLB,17.93000030517578,18.049999237060547,17.895000457763672,18.030000686645508,8358400
2012-08-13,XLB,17.985000610351562,18.05500030517578,17.834999084472656,17.93000030517578,7057600
2012-08-14,XLB,17.985000610351562,18.03499984741211,17.790000915527344,17.850000381469727,13274600
2012-08-15,XLB,17.780000686645508,17.920000076293945,17.770000457763672,17.8799991607666,8503400
2012-08-16,XLB,17.93000030517578,18.18000030517578,17.90999984741211,18.145000457763672,14496800
2012-08-17,XLB,18.170000076293945,18.204999923706055,18.079999923706055,18.1200008392334,16835600
2012-08-20,XLB,18.094999313354492,18.110000610351562,17.96500015258789,18.084999084472656,8280600
2012-08-21,XLB,18.184999465942383,18.315000534057617,18.040000915527344,18.110000610351562,10673800
2012-08-22,XLB,18.024999618530273,18.260000228881836,17.940000534057617,18.260000228881836,17880800
2012-08-23,XLB,18.219999313354492,18.219999313354492,17.940000534057617,17.954999923706055,10351000
2012-08-24,XLB,17.895000457763672,17.96500015258789,17.825000762939453,17.920000076293945,8279600
2012-08-27,XLB,17.94499969482422,17.969999313354492,17.790000915527344,17.815000534057617,8729600
2012-08-28,XLB,17.780000686645508,17.850000381469727,17.729999542236328,17.774999618530273,7643000
2012-08-29,XLB,17.799999237060547,17.8700008392334,17.69499969482422,17.815000534057617,8450600
2012-08-30,XLB,17.7549991607666,17.770000457763672,17.645000457763672,17.655000686645508,16120200
2012-08-31,XLB,17.809999465942383,17.885000228881836,17.665000915527344,17.825000762939453,14618800
2012-09-04,XLB,17.844999313354492,17.844999313354492,17.545000076293945,17.594999313354492,13390000
2012-09-05,XLB,17.584999084472656,17.704999923706055,17.53499984741211,17.674999237060547,14138400
2012-09-06,XLB,17.799999237060547,18.145000457763672,17.78499984741211,18.1200008392334,17197400
2012-09-07,XLB,18.2450008392334,18.489999771118164,18.229999542236328,18.475000381469727,22890200
2012-09-10,XLB,18.415000915527344,18.6200008392334,18.415000915527344,18.44499969482422,15600400
2012-09-11,XLB,18.5,18.625,18.440000534057617,18.510000228881836,13273600
2012-09-12,XLB,18.575000762939453,18.600000381469727,18.375,18.485000610351562,14826200
2012-09-13,XLB,18.479999542236328,19.03499984741211,18.434999465942383,18.940000534057617,26310400
2012-09-14,XLB,19.09000015258789,19.28499984741211,19.06999969482422,19.174999237060547,18989800
2012-09-17,XLB,19.049999237060547,19.05500030517578,18.825000762939453,18.8799991607666,12097400
2012-09-18,XLB,18.834999084472656,18.8700008392334,18.709999084472656,18.829999923706055,17400200
2012-09-19,XLB,18.915000915527344,19.010000228881836,18.860000610351562,18.934999465942383,13202800
2012-09-20,XLB,18.7549991607666,18.924999237060547,18.65999984741211,18.905000686645508,10375600
2012-09-21,XLB,18.954999923706055,19.0,18.674999237060547,18.725000381469727,19133000
2012-09-24,XLB,18.559999465942383,18.735000610351562,18.530000686645508,18.670000076293945,9998800
2012-09-25,XLB,18.75,18.75,18.360000610351562,18.3700008392334,14794800
2012-09-26,XLB,18.295000076293945,18.3799991607666,18.155000686645508,18.280000686645508,11496800
2012-09-27,XLB,18.440000534057617,18.540000915527344,18.299999237060547,18.5049991607666,9074000
2012-09-28,XLB,18.395000457763672,18.434999465942383,18.299999237060547,18.399999618530273,9339400
2012-10-01,XLB,18.520000457763672,18.665000915527344,18.405000686645508,18.459999084472656,11266800
2012-10-02,XLB,18.4950008392334,18.520000457763672,18.2450008392334,18.360000610351562,10951000
2012-10-03,XLB,18.334999084472656,18.3700008392334,18.190000534057617,18.274999618530273,16077000
2012-10-04,XLB,18.40999984741211,18.575000762939453,18.3700008392334,18.510000228881836,11995400
2012-10-05,XLB,18.604999542236328,18.760000228881836,18.540000915527344,18.600000381469727,12349000
2012-10-08,XLB,18.475000381469727,18.625,18.450000762939453,18.565000534057617,7318800
2012-10-09,XLB,18.575000762939453,18.665000915527344,18.375,18.389999389648438,17186800
2012-10-10,XLB,18.360000610351562,18.3799991607666,18.145000457763672,18.190000534057617,17248600
2012-10-11,XLB,18.354999542236328,18.450000762939453,18.264999389648438,18.264999389648438,13240800
2012-10-12,XLB,18.274999618530273,18.3799991607666,18.1299991607666,18.184999465942383,12197000
2012-10-15,XLB,18.19499969482422,18.354999542236328,18.1299991607666,18.34000015258789,11264800
2012-10-16,XLB,18.415000915527344,18.795000076293945,18.405000686645508,18.780000686645508,24575800
2012-10-17,XLB,18.844999313354492,18.950000762939453,18.760000228881836,18.934999465942383,24277600
2012-10-18,XLB,18.850000381469727,19.024999618530273,18.809999465942383,18.940000534057617,13783600
2012-10-19,XLB,18.850000381469727,18.850000381469727,18.485000610351562,18.545000076293945,18354000
2012-10-22,XLB,18.5,18.65999984741211,18.399999618530273,18.6299991607666,17946200
2012-10-23,XLB,18.184999465942383,18.235000610351562,17.94499969482422,18.06999969482422,30907600
2012-10-24,XLB,18.21500015258789,18.239999771118164,18.024999618530273,18.059999465942383,20232600
2012-10-25,XLB,18.190000534057617,18.200000762939453,17.899999618530273,18.020000457763672,15850000
2012-10-26,XLB,17.985000610351562,18.100000381469727,17.889999389648438,18.05500030517578,17973800
2012-10-31,XLB,18.040000915527344,18.170000076293945,17.850000381469727,18.014999389648438,28240600
2012-11-01,XLB,18.05500030517578,18.3799991607666,18.020000457763672,18.364999771118164,12119800
2012-11-02,XLB,18.4950008392334,18.5,18.020000457763672,18.03499984741211,13352200
2012-11-05,XLB,17.985000610351562,18.200000762939453,17.96500015258789,18.15999984741211,10595800
2012-11-06,XLB,18.2450008392334,18.459999084472656,18.174999237060547,18.350000381469727,11293600
2012-11-07,XLB,18.135000228881836,18.19499969482422,17.8799991607666,18.059999465942383,19381200
2012-11-08,XLB,18.094999313354492,18.1200008392334,17.770000457763672,17.815000534057617,13864800
2012-11-09,XLB,17.735000610351562,18.020000457763672,17.719999313354492,17.780000686645508,17836000
2012-11-12,XLB,17.864999771118164,17.895000457763672,17.7549991607666,17.780000686645508,9278600
2012-11-13,XLB,17.68000030517578,17.915000915527344,17.625,17.75,11490600
2012-11-14,XLB,17.75,17.795000076293945,17.415000915527344,17.450000762939453,20691000
2012-11-15,XLB,17.450000762939453,17.530000686645508,17.260000228881836,17.389999389648438,16355600
2012-11-16,XLB,17.450000762939453,17.4950008392334,17.219999313354492,17.43000030517578,17520000
2012-11-19,XLB,17.75,17.94499969482422,17.684999465942383,17.924999237060547,35596600
2012-11-20,XLB,17.864999771118164,18.040000915527344,17.815000534057617,17.940000534057617,13507000
2012-11-21,XLB,17.920000076293945,17.989999771118164,17.875,17.969999313354492,9457800
2012-11-23,XLB,18.06999969482422,18.209999084472656,18.024999618530273,18.200000762939453,6250600
2012-11-26,XLB,18.155000686645508,18.21500015258789,18.040000915527344,18.21500015258789,11571400
2012-11-27,XLB,18.204999923706055,18.295000076293945,18.1299991607666,18.135000228881836,10179200
2012-11-28,XLB,17.969999313354492,18.219999313354492,17.864999771118164,18.209999084472656,17816200
2012-11-29,XLB,18.28499984741211,18.395000457763672,18.2450008392334,18.334999084472656,12355400
2012-11-30,XLB,18.309999465942383,18.405000686645508,18.295000076293945,18.350000381469727,11346800
2012-12-03,XLB,18.405000686645508,18.46500015258789,17.985000610351562,18.010000228881836,37776200
2012-12-04,XLB,18.040000915527344,18.19499969482422,17.979999542236328,18.045000076293945,15629000
2012-12-05,XLB,17.815000534057617,17.969999313354492,17.719999313354492,17.829999923706055,25849200
2012-12-06,XLB,17.864999771118164,17.889999389648438,17.729999542236328,17.875,9275000
2012-12-07,XLB,17.975000381469727,18.030000686645508,17.90999984741211,18.024999618530273,12330000
2012-12-10,XLB,18.024999618530273,18.18000030517578,18.0,18.139999389648438,13683200
2012-12-11,XLB,18.200000762939453,18.329999923706055,18.184999465942383,18.28499984741211,11097600
2012-12-12,XLB,18.375,18.405000686645508,18.190000534057617,18.239999771118164,23637800
2012-12-13,XLB,18.219999313354492,18.344999313354492,18.100000381469727,18.190000534057617,12723600
2012-12-14,XLB,18.184999465942383,18.405000686645508,18.174999237060547,18.325000762939453,12194600
2012-12-17,XLB,18.389999389648438,18.514999389648438,18.350000381469727,18.510000228881836,13023400
2012-12-18,XLB,18.540000915527344,18.75,18.4950008392334,18.729999542236328,16687000
2012-12-19,XLB,18.760000228881836,18.780000686645508,18.645000457763672,18.649999618530273,14353800
2012-12-20,XLB,18.635000228881836,18.84000015258789,18.579999923706055,18.829999923706055,10974600
2012-12-21,XLB,18.3700008392334,18.565000534057617,18.350000381469727,18.5,19480800
2012-12-24,XLB,18.559999465942383,18.649999618530273,18.420000076293945,18.594999313354492,19279000
2012-12-26,XLB,18.674999237060547,18.790000915527344,18.655000686645508,18.709999084472656,20367200
2012-12-27,XLB,18.7549991607666,18.770000457763672,18.40999984741211,18.645000457763672,17532400
2012-12-28,XLB,18.520000457763672,18.594999313354492,18.375,18.40999984741211,13281600
2012-12-31,XLB,18.3799991607666,18.795000076293945,18.354999542236328,18.770000457763672,28667000
2013-01-02,XLB,19.204999923706055,19.299999237060547,19.094999313354492,19.239999771118164,25338000
2013-01-03,XLB,19.219999313354492,19.295000076293945,19.040000915527344,19.100000381469727,15286800
2013-01-04,XLB,19.155000686645508,19.360000610351562,19.139999389648438,19.334999084472656,11508800
2013-01-07,XLB,19.2450008392334,19.315000534057617,19.18000030517578,19.295000076293945,10614400
2013-01-08,XLB,19.350000381469727,19.3700008392334,19.18000030517578,19.325000762939453,12000600
2013-01-09,XLB,19.3799991607666,19.469999313354492,19.350000381469727,19.450000762939453,14343600
2013-01-10,XLB,19.559999465942383,19.59000015258789,19.354999542236328,19.53499984741211,14768200
2013-01-11,XLB,19.530000686645508,19.530000686645508,19.375,19.5049991607666,9722000
2013-01-14,XLB,19.540000915527344,19.575000762939453,19.475000381469727,19.510000228881836,14479600
2013-01-15,XLB,19.420000076293945,19.55500030517578,19.415000915527344,19.530000686645508,18528800
2013-01-16,XLB,19.40999984741211,19.530000686645508,19.360000610351562,19.389999389648438,14970200
2013-01-17,XLB,19.549999237060547,19.614999771118164,19.489999771118164,19.540000915527344,13419400
2013-01-18,XLB,19.5049991607666,19.674999237060547,19.5049991607666,19.670000076293945,17216600
2013-01-22,XLB,19.670000076293945,19.875,19.670000076293945,19.860000610351562,16223800
2013-01-23,XLB,19.809999465942383,19.825000762939453,19.684999465942383,19.75,14509200
2013-01-24,XLB,19.75,19.920000076293945,19.735000610351562,19.809999465942383,23181600
2013-01-25,XLB,19.920000076293945,19.934999465942383,19.75,19.8799991607666,14509400
2013-01-28,XLB,19.8799991607666,19.895000457763672,19.625,19.690000534057617,24875200
2013-01-29,XLB,19.684999465942383,19.829999923706055,19.670000076293945,19.799999237060547,15957600
2013-01-30,XLB,19.790000915527344,19.885000228881836,19.655000686645508,19.690000534057617,12627800
2013-01-31,XLB,19.514999389648438,19.65999984741211,19.475000381469727,19.510000228881836,13928600
2013-02-01,XLB,19.614999771118164,19.780000686645508,19.56999969482422,19.75,13209000
2013-02-04,XLB,19.614999771118164,19.674999237060547,19.545000076293945,19.559999465942383,10722000
2013-02-05,XLB,19.639999389648438,19.7549991607666,19.6299991607666,19.65999984741211,9513200
2013-02-06,XLB,19.6200008392334,19.700000762939453,19.59000015258789,19.68000030517578,12951600
2013-02-07,XLB,19.65999984741211,19.690000534057617,19.43000030517578,19.575000762939453,15772600
2013-02-08,XLB,19.625,19.704999923706055,19.579999923706055,19.690000534057617,11451000
2013-02-11,XLB,19.709999084472656,19.709999084472656,19.594999313354492,19.665000915527344,7181600
2013-02-12,XLB,19.614999771118164,19.704999923706055,19.575000762939453,19.674999237060547,14062600
2013-02-13,XLB,19.739999771118164,19.799999237060547,19.68000030517578,19.7450008392334,12298400
2013-02-14,XLB,19.690000534057617,19.71500015258789,19.614999771118164,19.68000030517578,13491000
2013-02-15,XLB,19.725000381469727,19.7450008392334,19.594999313354492,19.674999237060547,26719600
2013-02-19,XLB,19.665000915527344,19.739999771118164,19.579999923706055,19.59000015258789,12003800
2013-02-20,XLB,19.549999237060547,19.559999465942383,19.03499984741211,19.040000915527344,23073400
2013-02-21,XLB,18.989999771118164,19.0049991607666,18.75,18.864999771118164,27031400
2013-02-22,XLB,18.959999084472656,19.114999771118164,18.93000030517578,19.114999771118164,14467400
2013-02-25,XLB,19.209999084472656,19.219999313354492,18.674999237060547,18.674999237060547,26640400
2013-02-26,XLB,18.829999923706055,18.90999984741211,18.69499969482422,18.875,24047200
2013-02-27,XLB,18.825000762939453,19.280000686645508,18.81999969482422,19.209999084472656,25826000
2013-02-28,XLB,19.200000762939453,19.354999542236328,19.174999237060547,19.2450008392334,19415200
2013-03-01,XLB,19.1200008392334,19.325000762939453,19.0049991607666,19.2549991607666,21107600
2013-03-04,XLB,19.174999237060547,19.28499984741211,19.100000381469727,19.280000686645508,18059800
2013-03-05,XLB,19.43000030517578,19.55500030517578,19.364999771118164,19.40999984741211,17910800
2013-03-06,XLB,19.53499984741211,19.639999389648438,19.5,19.579999923706055,16515600
2013-03-07,XLB,19.625,19.684999465942383,19.604999542236328,19.635000228881836,8929600
2013-03-08,XLB,19.709999084472656,19.825000762939453,19.68000030517578,19.795000076293945,11842600
2013-03-11,XLB,19.760000228881836,19.924999237060547,19.709999084472656,19.905000686645508,16001000
2013-03-12,XLB,19.90999984741211,20.020000457763672,19.860000610351562,19.920000076293945,11976400
2013-03-13,XLB,19.899999618530273,19.934999465942383,19.81999969482422,19.8700008392334,11204200
2013-03-14,XLB,19.93000030517578,20.010000228881836,19.885000228881836,19.989999771118164,12385000
2013-03-15,XLB,19.854999542236328,19.979999542236328,19.854999542236328,19.924999237060547,16119200
2013-03-18,XLB,19.729999542236328,19.850000381469727,19.684999465942383,19.78499984741211,10095600
2013-03-19,XLB,19.81999969482422,19.81999969482422,19.524999618530273,19.700000762939453,15217600
2013-03-20,XLB,19.809999465942383,19.885000228881836,19.770000457763672,19.850000381469727,8694600
2013-03-21,XLB,19.670000076293945,19.725000381469727,19.510000228881836,19.510000228881836,13185600
2013-03-22,XLB,19.55500030517578,19.614999771118164,19.475000381469727,19.53499984741211,9632600
2013-03-25,XLB,19.579999923706055,19.604999542236328,19.290000915527344,19.385000228881836,12186400
2013-03-26,XLB,19.440000534057617,19.53499984741211,19.415000915527344,19.520000457763672,10985200
2013-03-27,XLB,19.405000686645508,19.530000686645508,19.315000534057617,19.514999389648438,8253000
2013-03-28,XLB,19.479999542236328,19.639999389648438,19.479999542236328,19.59000015258789,15021200
2013-04-01,XLB,19.575000762939453,19.610000610351562,19.375,19.420000076293945,12671400
2013-04-02,XLB,19.454999923706055,19.4950008392334,19.190000534057617,19.229999542236328,19017200
2013-04-03,XLB,19.229999542236328,19.31999969482422,18.979999542236328,19.06999969482422,29741600
2013-04-04,XLB,19.100000381469727,19.31999969482422,19.094999313354492,19.235000610351562,18316400
2013-04-05,XLB,18.975000381469727,19.170000076293945,18.975000381469727,19.155000686645508,15292600
2013-04-08,XLB,19.200000762939453,19.225000381469727,19.065000534057617,19.21500015258789,8234800
2013-04-09,XLB,19.2450008392334,19.510000228881836,19.2450008392334,19.440000534057617,18229800
2013-04-10,XLB,19.4950008392334,19.584999084472656,19.420000076293945,19.575000762939453,12413000
2013-04-11,XLB,19.55500030517578,19.75,19.545000076293945,19.65999984741211,14885000
2013-04-12,XLB,19.545000076293945,19.614999771118164,19.280000686645508,19.3700008392334,24984400
2013-04-15,XLB,19.174999237060547,19.219999313354492,18.6299991607666,18.655000686645508,41257200
2013-04-16,XLB,18.815000534057617,19.0049991607666,18.815000534057617,18.9950008392334,19212400
2013-04-17,XLB,18.825000762939453,18.864999771118164,18.614999771118164,18.71500015258789,19687600
2013-04-18,XLB,18.78499984741211,18.834999084472656,18.549999237060547,18.65999984741211,34676200
2013-04-19,XLB,18.770000457763672,18.885000228881836,18.725000381469727,18.8799991607666,21525000
2013-04-22,XLB,18.975000381469727,19.1299991607666,18.780000686645508,19.059999465942383,14351200
2013-04-23,XLB,19.110000610351562,19.25,19.030000686645508,19.225000381469727,18191200
2013-04-24,XLB,19.299999237060547,19.55500030517578,19.274999618530273,19.514999389648438,14128800
2013-04-25,XLB,19.684999465942383,19.885000228881836,19.625,19.729999542236328,12718000
2013-04-26,XLB,19.71500015258789,19.71500015258789,19.3799991607666,19.450000762939453,15537800
2013-04-29,XLB,19.5049991607666,19.764999389648438,19.440000534057617,19.7450008392334,13888400
2013-04-30,XLB,19.709999084472656,19.78499984741211,19.565000534057617,19.774999618530273,21362000
2013-05-01,XLB,19.670000076293945,19.71500015258789,19.40999984741211,19.424999237060547,20681600
2013-05-02,XLB,19.520000457763672,19.610000610351562,19.334999084472656,19.565000534057617,12347000
2013-05-03,XLB,19.844999313354492,20.0049991607666,19.764999389648438,19.90999984741211,11660800
2013-05-06,XLB,19.96500015258789,19.9950008392334,19.864999771118164,19.96500015258789,9310200
2013-05-07,XLB,20.020000457763672,20.184999465942383,19.950000762939453,20.155000686645508,12165000
2013-05-08,XLB,20.135000228881836,20.334999084472656,20.104999542236328,20.329999923706055,10268000
2013-05-09,XLB,20.344999313354492,20.405000686645508,20.2450008392334,20.30500030517578,11918800
2013-05-10,XLB,20.290000915527344,20.329999923706055,20.135000228881836,20.28499984741211,9758400
2013-05-13,XLB,20.264999389648438,20.280000686645508,20.084999084472656,20.139999389648438,8912000
2013-05-14,XLB,20.100000381469727,20.395000457763672,20.100000381469727,20.389999389648438,10128000
2013-05-15,XLB,20.315000534057617,20.575000762939453,20.295000076293945,20.5049991607666,10600600
2013-05-16,XLB,20.415000915527344,20.575000762939453,20.364999771118164,20.40999984741211,9174000
2013-05-17,XLB,20.450000762939453,20.65999984741211,20.450000762939453,20.6299991607666,14090600
2013-05-20,XLB,20.594999313354492,20.75,20.549999237060547,20.649999618530273,10508200
2013-05-21,XLB,20.704999923706055,20.739999771118164,20.59000015258789,20.625,9087600
2013-05-22,XLB,20.6299991607666,20.80500030517578,20.270000457763672,20.344999313354492,24585000
2013-05-23,XLB,20.125,20.399999618530273,20.030000686645508,20.354999542236328,13802400
2013-05-24,XLB,20.264999389648438,20.309999465942383,20.135000228881836,20.28499984741211,11565200
2013-05-28,XLB,20.524999618530273,20.549999237060547,20.399999618530273,20.469999313354492,11206600
2013-05-29,XLB,20.375,20.450000762939453,20.209999084472656,20.405000686645508,12415400
2013-05-30,XLB,20.440000534057617,20.549999237060547,20.364999771118164,20.469999313354492,9859400
2013-05-31,XLB,20.334999084472656,20.489999771118164,20.139999389648438,20.149999618530273,15553600
2013-06-03,XLB,20.204999923706055,20.260000228881836,20.014999389648438,20.25,12528800
2013-06-04,XLB,20.25,20.364999771118164,20.110000610351562,20.225000381469727,12653800
2013-06-05,XLB,20.170000076293945,20.170000076293945,19.774999618530273,19.774999618530273,17420400
2013-06-06,XLB,19.770000457763672,19.915000915527344,19.68000030517578,19.905000686645508,14445200
2013-06-07,XLB,19.959999084472656,20.114999771118164,19.885000228881836,20.09000015258789,19875400
2013-06-10,XLB,20.15999984741211,20.239999771118164,20.104999542236328,20.184999465942383,9267000
2013-06-11,XLB,19.954999923706055,20.110000610351562,19.844999313354492,19.905000686645508,12122800
2013-06-12,XLB,20.05500030517578,20.114999771118164,19.790000915527344,19.80500030517578,15458400
2013-06-13,XLB,19.7549991607666,20.204999923706055,19.729999542236328,20.170000076293945,18771200
2013-06-14,XLB,20.104999542236328,20.264999389648438,19.975000381469727,20.024999618530273,10058000
2013-06-17,XLB,20.19499969482422,20.235000610351562,20.06999969482422,20.19499969482422,8976600
2013-06-18,XLB,20.18000030517578,20.315000534057617,20.149999618530273,20.28499984741211,8319400
2013-06-19,XLB,20.2450008392334,20.3700008392334,20.1299991607666,20.1299991607666,16845600
2013-06-20,XLB,19.825000762939453,19.924999237060547,19.540000915527344,19.610000610351562,26383000
2013-06-21,XLB,19.635000228881836,19.645000457763672,19.190000534057617,19.395000457763672,22138800
2013-06-24,XLB,19.110000610351562,19.229999542236328,18.889999389648438,19.084999084472656,24849000
2013-06-25,XLB,19.30500030517578,19.30500030517578,19.079999923706055,19.200000762939453,10672400
2013-06-26,XLB,19.280000686645508,19.34000015258789,19.104999542236328,19.290000915527344,10216800
2013-06-27,XLB,19.415000915527344,19.415000915527344,19.264999389648438,19.280000686645508,9348000
2013-06-28,XLB,19.204999923706055,19.329999923706055,19.125,19.174999237060547,16275800
2013-07-01,XLB,19.385000228881836,19.485000610351562,19.25,19.28499984741211,22407200
2013-07-02,XLB,19.209999084472656,19.3799991607666,19.1200008392334,19.225000381469727,8471000
2013-07-03,XLB,19.110000610351562,19.270000457763672,19.094999313354492,19.229999542236328,6622400
2013-07-05,XLB,19.360000610351562,19.3700008392334,19.190000534057617,19.360000610351562,7051000
2013-07-08,XLB,19.44499969482422,19.520000457763672,19.389999389648438,19.469999313354492,7845800
2013-07-09,XLB,19.604999542236328,19.815000534057617,19.604999542236328,19.770000457763672,9598000
2013-07-10,XLB,19.75,19.84000015258789,19.655000686645508,19.764999389648438,7579400
2013-07-11,XLB,20.020000457763672,20.125,19.985000610351562,20.084999084472656,10641000
2013-07-12,XLB,20.1200008392334,20.125,19.93000030517578,20.014999389648438,7575800
2013-07-15,XLB,20.014999389648438,20.100000381469727,19.985000610351562,20.065000534057617,14742800
2013-07-16,XLB,20.079999923706055,20.110000610351562,19.829999923706055,19.915000915527344,11726200
2013-07-17,XLB,20.020000457763672,20.155000686645508,19.969999313354492,20.100000381469727,13953200
2013-07-18,XLB,20.06999969482422,20.219999313354492,20.065000534057617,20.110000610351562,7518800
2013-07-19,XLB,20.09000015258789,20.239999771118164,20.059999465942383,20.239999771118164,12111000
2013-07-22,XLB,20.229999542236328,20.350000381469727,20.229999542236328,20.260000228881836,9854200
2013-07-23,XLB,20.440000534057617,20.540000915527344,20.280000686645508,20.31999969482422,9694000
2013-07-24,XLB,20.405000686645508,20.405000686645508,20.045000076293945,20.1299991607666,11482200
2013-07-25,XLB,20.049999237060547,20.344999313354492,19.979999542236328,20.31999969482422,8061200
2013-07-26,XLB,20.200000762939453,20.270000457763672,20.075000762939453,20.2450008392334,8402600
2013-07-29,XLB,20.165000915527344,20.385000228881836,20.135000228881836,20.360000610351562,14709600
2013-07-30,XLB,20.165000915527344,20.350000381469727,20.079999923706055,20.309999465942383,9645000
2013-07-31,XLB,20.325000762939453,20.43000030517578,20.209999084472656,20.239999771118164,11675200
2013-08-01,XLB,20.375,20.4950008392334,20.34000015258789,20.389999389648438,9188000
2013-08-02,XLB,20.360000610351562,20.520000457763672,20.299999237060547,20.5049991607666,5676200
2013-08-05,XLB,20.450000762939453,20.524999618530273,20.415000915527344,20.450000762939453,5078000
2013-08-06,XLB,20.450000762939453,20.46500015258789,20.209999084472656,20.260000228881836,6742600
2013-08-07,XLB,20.190000534057617,20.334999084472656,20.190000534057617,20.270000457763672,5889200
2013-08-08,XLB,20.44499969482422,20.645000457763672,20.399999618530273,20.56999969482422,8398600
2013-08-09,XLB,20.514999389648438,20.7549991607666,20.514999389648438,20.690000534057617,14766200
2013-08-12,XLB,20.649999618530273,20.719999313354492,20.604999542236328,20.65999984741211,8093200
2013-08-13,XLB,20.71500015258789,20.795000076293945,20.600000381469727,20.735000610351562,7943400
2013-08-14,XLB,20.7450008392334,20.84000015258789,20.68000030517578,20.690000534057617,7915200
2013-08-15,XLB,20.5,20.575000762939453,20.364999771118164,20.540000915527344,11201800
2013-08-16,XLB,20.510000228881836,20.514999389648438,20.325000762939453,20.3799991607666,14141000
2013-08-19,XLB,20.360000610351562,20.420000076293945,20.204999923706055,20.219999313354492,9289000
2013-08-20,XLB,20.219999313354492,20.395000457763672,20.18000030517578,20.334999084472656,6542200
2013-08-21,XLB,20.274999618530273,20.375,20.145000457763672,20.18000030517578,9701400
2013-08-22,XLB,20.260000228881836,20.450000762939453,20.229999542236328,20.420000076293945,9234600
2013-08-23,XLB,20.454999923706055,20.625,20.364999771118164,20.584999084472656,8925800
2013-08-26,XLB,20.639999389648438,20.78499984741211,20.565000534057617,20.584999084472656,11374000
2013-08-27,XLB,20.420000076293945,20.479999542236328,20.18000030517578,20.225000381469727,11786400
2013-08-28,XLB,20.200000762939453,20.290000915527344,20.149999618530273,20.184999465942383,6990000
2013-08-29,XLB,20.114999771118164,20.3700008392334,20.09000015258789,20.25,8171200
2013-08-30,XLB,20.264999389648438,20.309999465942383,20.170000076293945,20.21500015258789,11200600
2013-09-03,XLB,20.514999389648438,20.56999969482422,20.2549991607666,20.334999084472656,8722600
2013-09-04,XLB,20.290000915527344,20.549999237060547,20.239999771118164,20.524999618530273,8638200
2013-09-05,XLB,20.53499984741211,20.625,20.5049991607666,20.559999465942383,11009000
2013-09-06,XLB,20.71500015258789,20.729999542236328,20.450000762939453,20.53499984741211,9974400
2013-09-09,XLB,20.600000381469727,20.8700008392334,20.594999313354492,20.844999313354492,10876400
2013-09-10,XLB,20.9950008392334,21.104999542236328,20.915000915527344,21.030000686645508,14503200
2013-09-11,XLB,21.040000915527344,21.174999237060547,20.94499969482422,21.15999984741211,12347800
2013-09-12,XLB,21.065000534057617,21.125,20.905000686645508,20.940000534057617,11921600
2013-09-13,XLB,21.0,21.114999771118164,20.934999465942383,21.079999923706055,14828800
2013-09-16,XLB,21.385000228881836,21.415000915527344,21.2450008392334,21.315000534057617,16706000
2013-09-17,XLB,21.28499984741211,21.350000381469727,21.21500015258789,21.2549991607666,9300800
2013-09-18,XLB,21.28499984741211,21.774999618530273,21.204999923706055,21.7450008392334,20269000
2013-09-19,XLB,21.829999923706055,21.889999389648438,21.6200008392334,21.670000076293945,12408200
2013-09-20,XLB,21.614999771118164,21.614999771118164,21.28499984741211,21.309999465942383,21981000
2013-09-23,XLB,21.25,21.315000534057617,21.139999389648438,21.149999618530273,13112600
2013-09-24,XLB,21.145000457763672,21.299999237060547,21.09000015258789,21.139999389648438,6976800
2013-09-25,XLB,21.19499969482422,21.334999084472656,21.114999771118164,21.19499969482422,8518000
2013-09-26,XLB,21.28499984741211,21.424999237060547,21.225000381469727,21.334999084472656,11690400
2013-09-27,XLB,21.18000030517578,21.2450008392334,21.059999465942383,21.079999923706055,7592600
2013-09-30,XLB,20.875,21.079999923706055,20.815000534057617,21.0049991607666,11345200
2013-10-01,XLB,21.0049991607666,21.110000610351562,20.895000457763672,21.094999313354492,10030000
2013-10-02,XLB,20.975000381469727,21.155000686645508,20.905000686645508,21.149999618530273,8556200
2013-10-03,XLB,21.1200008392334,21.1200008392334,20.81999969482422,20.969999313354492,14168600
2013-10-04,XLB,20.975000381469727,21.28499984741211,20.93000030517578,21.274999618530273,10334000
2013-10-07,XLB,21.030000686645508,21.209999084472656,21.0,21.014999389648438,11989200
2013-10-08,XLB,21.024999618530273,21.024999618530273,20.665000915527344,20.68000030517578,17206400
2013-10-09,XLB,20.739999771118164,20.825000762939453,20.540000915527344,20.709999084472656,12397000
2013-10-10,XLB,20.9950008392334,21.184999465942383,20.94499969482422,21.149999618530273,10849400
2013-10-11,XLB,21.155000686645508,21.280000686645508,21.079999923706055,21.274999618530273,10120600
2013-10-14,XLB,21.104999542236328,21.375,21.104999542236328,21.350000381469727,12320600
2013-10-15,XLB,21.280000686645508,21.3799991607666,21.170000076293945,21.219999313354492,10734400
2013-10-16,XLB,21.350000381469727,21.5,21.270000457763672,21.434999465942383,8541600
2013-10-17,XLB,21.364999771118164,21.735000610351562,21.364999771118164,21.71500015258789,9282000
2013-10-18,XLB,21.854999542236328,21.854999542236328,21.68000030517578,21.780000686645508,14809600
2013-10-21,XLB,21.795000076293945,21.81999969482422,21.69499969482422,21.774999618530273,7798200
2013-10-22,XLB,21.889999389648438,22.139999389648438,21.875,22.09000015258789,11038200
2013-10-23,XLB,22.0,22.014999389648438,21.915000915527344,21.94499969482422,10782200
2013-10-24,XLB,21.969999313354492,22.06999969482422,21.850000381469727,22.05500030517578,6482600
2013-10-25,XLB,22.100000381469727,22.1200008392334,21.90999984741211,22.1200008392334,11542800
2013-10-28,XLB,22.104999542236328,22.145000457763672,21.94499969482422,22.010000228881836,12629400
2013-10-29,XLB,22.010000228881836,22.059999465942383,21.915000915527344,22.05500030517578,8566400
2013-10-30,XLB,22.040000915527344,22.18000030517578,21.78499984741211,21.920000076293945,10999200
2013-10-31,XLB,21.915000915527344,22.03499984741211,21.8700008392334,21.885000228881836,11151400
2013-11-01,XLB,21.90999984741211,21.954999923706055,21.71500015258789,21.834999084472656,10335000
2013-11-04,XLB,21.93000030517578,21.934999465942383,21.815000534057617,21.924999237060547,11139400
2013-11-05,XLB,21.84000015258789,21.8799991607666,21.7450008392334,21.829999923706055,5941400
2013-11-06,XLB,21.96500015258789,22.030000686645508,21.8799991607666,21.979999542236328,7946000
2013-11-07,XLB,22.020000457763672,22.030000686645508,21.670000076293945,21.690000534057617,11869000
2013-11-08,XLB,21.635000228881836,22.094999313354492,21.635000228881836,22.094999313354492,10621600
2013-11-11,XLB,22.09000015258789,22.100000381469727,22.010000228881836,22.084999084472656,4991600
2013-11-12,XLB,21.975000381469727,22.075000762939453,21.954999923706055,22.014999389648438,8569600
2013-11-13,XLB,21.934999465942383,22.139999389648438,21.905000686645508,22.135000228881836,9382400
2013-11-14,XLB,22.200000762939453,22.329999923706055,22.1299991607666,22.31999969482422,10359400
2013-11-15,XLB,22.334999084472656,22.479999542236328,22.334999084472656,22.46500015258789,9128000
2013-11-18,XLB,22.514999389648438,22.53499984741211,22.2549991607666,22.325000762939453,11379800
2013-11-19,XLB,22.270000457763672,22.350000381469727,22.184999465942383,22.2549991607666,7167600
2013-11-20,XLB,22.229999542236328,22.295000076293945,22.024999618530273,22.075000762939453,9419400
2013-11-21,XLB,22.239999771118164,22.270000457763672,22.1200008392334,22.2549991607666,6653800
2013-11-22,XLB,22.28499984741211,22.3799991607666,22.184999465942383,22.3700008392334,4761800
2013-11-25,XLB,22.299999237060547,22.395000457763672,22.18000030517578,22.229999542236328,11304600
2013-11-26,XLB,22.2549991607666,22.2549991607666,22.104999542236328,22.174999237060547,4147000
2013-11-27,XLB,22.184999465942383,22.260000228881836,22.15999984741211,22.190000534057617,5666200
2013-11-29,XLB,22.219999313354492,22.299999237060547,22.125,22.170000076293945,7344200
2013-12-02,XLB,22.239999771118164,22.295000076293945,22.100000381469727,22.114999771118164,10381000
2013-12-03,XLB,22.040000915527344,22.049999237060547,21.7549991607666,21.854999542236328,11644600
2013-12-04,XLB,21.809999465942383,22.05500030517578,21.790000915527344,21.959999084472656,19670600
2013-12-05,XLB,21.905000686645508,21.940000534057617,21.790000915527344,21.834999084472656,9393200
2013-12-06,XLB,22.075000762939453,22.18000030517578,22.0,22.135000228881836,9807600
2013-12-09,XLB,22.19499969482422,22.270000457763672,22.149999618530273,22.25,7368200
2013-12-10,XLB,22.25,22.385000228881836,22.25,22.315000534057617,7237800
2013-12-11,XLB,22.329999923706055,22.344999313354492,21.899999618530273,21.934999465942383,11090800
2013-12-12,XLB,21.899999618530273,21.96500015258789,21.81999969482422,21.889999389648438,7484600
2013-12-13,XLB,21.969999313354492,22.049999237060547,21.924999237060547,21.9950008392334,5965400
2013-12-16,XLB,22.1299991607666,22.19499969482422,22.03499984741211,22.084999084472656,8775600
2013-12-17,XLB,21.989999771118164,22.2450008392334,21.979999542236328,22.229999542236328,17176800
2013-12-18,XLB,22.28499984741211,22.5,22.010000228881836,22.5,27273200
2013-12-19,XLB,22.540000915527344,22.56999969482422,22.350000381469727,22.53499984741211,15142800
2013-12-20,XLB,22.454999923706055,22.545000076293945,22.395000457763672,22.46500015258789,15678400
2013-12-23,XLB,22.575000762939453,22.604999542236328,22.489999771118164,22.575000762939453,8223000
2013-12-24,XLB,22.59000015258789,22.81999969482422,22.559999465942383,22.81999969482422,3774200
2013-12-26,XLB,22.850000381469727,22.96500015258789,22.829999923706055,22.94499969482422,3992600
2013-12-27,XLB,23.049999237060547,23.049999237060547,22.94499969482422,23.014999389648438,3677800
2013-12-30,XLB,23.020000457763672,23.065000534057617,22.975000381469727,23.030000686645508,4201000
2013-12-31,XLB,23.065000534057617,23.110000610351562,22.9950008392334,23.110000610351562,6357000
2014-01-02,XLB,22.969999313354492,23.065000534057617,22.864999771118164,22.924999237060547,13883800
2014-01-03,XLB,22.954999923706055,22.975000381469727,22.860000610351562,22.8700008392334,8685400
2014-01-06,XLB,22.920000076293945,22.924999237060547,22.690000534057617,22.7450008392334,8856200
2014-01-07,XLB,22.75,22.889999389648438,22.639999389648438,22.704999923706055,7766200
2014-01-08,XLB,22.739999771118164,22.8700008392334,22.649999618530273,22.84000015258789,8240800
2014-01-09,XLB,22.850000381469727,22.924999237060547,22.65999984741211,22.75,8838000
2014-01-10,XLB,22.795000076293945,22.844999313354492,22.684999465942383,22.81999969482422,6199800
2014-01-13,XLB,22.735000610351562,22.80500030517578,22.479999542236328,22.510000228881836,10068000
2014-01-14,XLB,22.575000762939453,22.850000381469727,22.549999237060547,22.825000762939453,7624000
2014-01-15,XLB,22.834999084472656,23.010000228881836,22.834999084472656,22.96500015258789,7056200
2014-01-16,XLB,22.924999237060547,23.024999618530273,22.905000686645508,23.020000457763672,9846000
2014-01-17,XLB,23.030000686645508,23.065000534057617,22.93000030517578,22.96500015258789,14686200
2014-01-21,XLB,23.200000762939453,23.28499984741211,22.989999771118164,23.104999542236328,14739800
2014-01-22,XLB,23.079999923706055,23.125,22.815000534057617,22.8799991607666,11189400
2014-01-23,XLB,22.795000076293945,22.81999969482422,22.385000228881836,22.540000915527344,12997600
2014-01-24,XLB,22.344999313354492,22.360000610351562,21.924999237060547,21.934999465942383,20200600
2014-01-27,XLB,21.96500015258789,22.040000915527344,21.684999465942383,21.844999313354492,11904400
2014-01-28,XLB,21.979999542236328,22.020000457763672,21.889999389648438,21.969999313354492,9693200
2014-01-29,XLB,21.799999237060547,22.280000686645508,21.799999237060547,22.059999465942383,20632200
2014-01-30,XLB,22.174999237060547,22.2549991607666,21.989999771118164,22.165000915527344,16087400
2014-01-31,XLB,21.885000228881836,22.200000762939453,21.834999084472656,22.020000457763672,12475400
2014-02-03,XLB,21.985000610351562,22.114999771118164,21.479999542236328,21.5049991607666,39679600
2014-02-04,XLB,21.625,21.834999084472656,21.520000457763672,21.69499969482422,14826800
2014-02-05,XLB,21.614999771118164,21.774999618530273,21.389999389648438,21.719999313354492,15797000
2014-02-06,XLB,21.764999389648438,22.075000762939453,21.75,22.045000076293945,17781600
2014-02-07,XLB,22.125,22.385000228881836,22.059999465942383,22.350000381469727,10363200
2014-02-10,XLB,22.350000381469727,22.4950008392334,22.28499984741211,22.459999084472656,30500000
2014-02-11,XLB,22.514999389648438,22.795000076293945,22.479999542236328,22.719999313354492,13961400
2014-02-12,XLB,22.69499969482422,22.825000762939453,22.6299991607666,22.68000030517578,7544400
2014-02-13,XLB,22.530000686645508,22.950000762939453,22.5049991607666,22.875,13428400
2014-02-14,XLB,22.915000915527344,23.084999084472656,22.834999084472656,23.059999465942383,10243400
2014-02-18,XLB,23.049999237060547,23.1299991607666,22.954999923706055,23.075000762939453,11380200
2014-02-19,XLB,23.059999465942383,23.260000228881836,22.895000457763672,22.915000915527344,15784600
2014-02-20,XLB,22.979999542236328,23.184999465942383,22.844999313354492,23.155000686645508,13432600
2014-02-21,XLB,23.19499969482422,23.260000228881836,23.094999313354492,23.094999313354492,7973800
2014-02-24,XLB,23.014999389648438,23.225000381469727,23.0049991607666,23.014999389648438,29419600
2014-02-25,XLB,23.030000686645508,23.204999923706055,22.954999923706055,23.100000381469727,12785600
2014-02-26,XLB,23.139999389648438,23.344999313354492,23.100000381469727,23.274999618530273,13506200
2014-02-27,XLB,23.235000610351562,23.459999084472656,23.219999313354492,23.459999084472656,9697800
2014-02-28,XLB,23.44499969482422,23.625,23.405000686645508,23.540000915527344,11785200
2014-03-03,XLB,23.350000381469727,23.59000015258789,23.299999237060547,23.485000610351562,20375600
2014-03-04,XLB,23.84000015258789,23.895000457763672,23.68000030517578,23.854999542236328,15331200
2014-03-05,XLB,23.864999771118164,23.940000534057617,23.774999618530273,23.90999984741211,8155600
2014-03-06,XLB,23.989999771118164,24.1299991607666,23.985000610351562,24.0,12570400
2014-03-07,XLB,24.05500030517578,24.059999465942383,23.81999969482422,23.895000457763672,18069200
2014-03-10,XLB,23.825000762939453,23.889999389648438,23.665000915527344,23.875,9716000
2014-03-11,XLB,23.934999465942383,23.934999465942383,23.6200008392334,23.6299991607666,13294800
2014-03-12,XLB,23.584999084472656,23.674999237060547,23.514999389648438,23.6200008392334,10690600
2014-03-13,XLB,23.709999084472656,23.795000076293945,23.3700008392334,23.450000762939453,15848600
2014-03-14,XLB,23.450000762939453,23.584999084472656,23.40999984741211,23.450000762939453,12554600
2014-03-17,XLB,23.594999313354492,23.78499984741211,23.53499984741211,23.639999389648438,10527800
2014-03-18,XLB,23.68000030517578,23.795000076293945,23.635000228881836,23.774999618530273,9598600
2014-03-19,XLB,23.729999542236328,23.815000534057617,23.43000030517578,23.565000534057617,15781200
2014-03-20,XLB,23.450000762939453,23.8799991607666,23.450000762939453,23.8799991607666,11611400
2014-03-21,XLB,23.799999237060547,23.84000015258789,23.639999389648438,23.684999465942383,17540000
2014-03-24,XLB,23.774999618530273,23.825000762939453,23.415000915527344,23.5,9651200
2014-03-25,XLB,23.6299991607666,23.75,23.540000915527344,23.6299991607666,10764600
2014-03-26,XLB,23.75,23.7549991607666,23.28499984741211,23.290000915527344,12096800
2014-03-27,XLB,23.350000381469727,23.354999542236328,23.1299991607666,23.225000381469727,9977200
2014-03-28,XLB,23.299999237060547,23.5,23.235000610351562,23.385000228881836,13364200
2014-03-31,XLB,23.575000762939453,23.670000076293945,23.469999313354492,23.639999389648438,9714600
2014-04-01,XLB,23.75,23.795000076293945,23.6200008392334,23.770000457763672,11566400
2014-04-02,XLB,23.825000762939453,24.0,23.71500015258789,23.94499969482422,8664400
2014-04-03,XLB,24.03499984741211,24.1299991607666,23.885000228881836,23.975000381469727,9284600
2014-04-04,XLB,24.135000228881836,24.170000076293945,23.610000610351562,23.670000076293945,18759400
2014-04-07,XLB,23.594999313354492,23.690000534057617,23.239999771118164,23.325000762939453,14806000
2014-04-08,XLB,23.354999542236328,23.510000228881836,23.25,23.415000915527344,9622200
2014-04-09,XLB,23.524999618530273,23.825000762939453,23.3799991607666,23.770000457763672,8225800
2014-04-10,XLB,23.764999389648438,23.78499984741211,23.25,23.295000076293945,10944400
2014-04-11,XLB,23.204999923706055,23.315000534057617,23.014999389648438,23.014999389648438,10436600
2014-04-14,XLB,23.225000381469727,23.290000915527344,23.045000076293945,23.200000762939453,9917200
2014-04-15,XLB,23.21500015258789,23.354999542236328,22.959999084472656,23.34000015258789,9726400
2014-04-16,XLB,23.46500015258789,23.704999923706055,23.434999465942383,23.684999465942383,11622400
2014-04-17,XLB,23.674999237060547,23.799999237060547,23.65999984741211,23.760000228881836,9443200
2014-04-21,XLB,23.799999237060547,23.875,23.690000534057617,23.764999389648438,6638000
2014-04-22,XLB,23.799999237060547,23.934999465942383,23.71500015258789,23.850000381469727,9998200
2014-04-23,XLB,23.864999771118164,23.924999237060547,23.815000534057617,23.854999542236328,7951800
2014-04-24,XLB,23.920000076293945,23.975000381469727,23.704999923706055,23.75,6920000
2014-04-25,XLB,23.704999923706055,23.725000381469727,23.5049991607666,23.579999923706055,7001000
2014-04-28,XLB,23.68000030517578,23.684999465942383,23.30500030517578,23.479999542236328,19147000
2014-04-29,XLB,23.524999618530273,23.709999084472656,23.524999618530273,23.645000457763672,9954600
2014-04-30,XLB,23.575000762939453,23.850000381469727,23.565000534057617,23.834999084472656,12036600
2014-05-01,XLB,23.809999465942383,23.809999465942383,23.635000228881836,23.684999465942383,8340800
2014-05-02,XLB,23.719999313354492,23.90999984741211,23.670000076293945,23.774999618530273,9966400
2014-05-05,XLB,23.69499969482422,23.920000076293945,23.655000686645508,23.905000686645508,4798000
2014-05-06,XLB,23.834999084472656,23.915000915527344,23.704999923706055,23.78499984741211,6856600
2014-05-07,XLB,23.864999771118164,23.989999771118164,23.709999084472656,23.969999313354492,8585000
2014-05-08,XLB,23.93000030517578,24.110000610351562,23.774999618530273,23.875,9689200
2014-05-09,XLB,23.774999618530273,23.905000686645508,23.725000381469727,23.875,7954800
2014-05-12,XLB,24.014999389648438,24.200000762939453,24.0049991607666,24.18000030517578,8871400
2014-05-13,XLB,24.155000686645508,24.295000076293945,24.155000686645508,24.200000762939453,6821600
2014-05-14,XLB,24.200000762939453,24.334999084472656,24.149999618530273,24.204999923706055,9659000
2014-05-15,XLB,24.139999389648438,24.155000686645508,23.725000381469727,23.864999771118164,13088000
2014-05-16,XLB,23.8799991607666,23.959999084472656,23.684999465942383,23.950000762939453,8752800
2014-05-19,XLB,23.905000686645508,24.174999237060547,23.895000457763672,24.049999237060547,5481400
2014-05-20,XLB,24.024999618530273,24.100000381469727,23.860000610351562,23.920000076293945,9361200
2014-05-21,XLB,23.985000610351562,24.09000015258789,23.94499969482422,24.030000686645508,5028000
2014-05-22,XLB,24.040000915527344,24.15999984741211,24.0,24.084999084472656,6447200
2014-05-23,XLB,24.114999771118164,24.299999237060547,24.084999084472656,24.290000915527344,4489000
2014-05-27,XLB,24.34000015258789,24.389999389648438,24.260000228881836,24.290000915527344,4343600
2014-05-28,XLB,24.270000457763672,24.385000228881836,24.25,24.299999237060547,7973000
2014-05-29,XLB,24.31999969482422,24.559999465942383,24.235000610351562,24.545000076293945,5513800
2014-05-30,XLB,24.44499969482422,24.549999237060547,24.420000076293945,24.540000915527344,6847600
2014-06-02,XLB,24.579999923706055,24.69499969482422,24.514999389648438,24.639999389648438,6841000
2014-06-03,XLB,24.53499984741211,24.655000686645508,24.510000228881836,24.584999084472656,5275400
2014-06-04,XLB,24.540000915527344,24.700000762939453,24.46500015258789,24.625,5742200
2014-06-05,XLB,24.68000030517578,24.78499984741211,24.450000762939453,24.739999771118164,9723200
2014-06-06,XLB,24.78499984741211,24.875,24.739999771118164,24.860000610351562,5849800
2014-06-09,XLB,24.815000534057617,24.895000457763672,24.75,24.795000076293945,14639600
2014-06-10,XLB,24.739999771118164,24.834999084472656,24.649999618530273,24.829999923706055,5317000
2014-06-11,XLB,24.75,24.799999237060547,24.645000457763672,24.690000534057617,4695000
2014-06-12,XLB,24.690000534057617,24.735000610351562,24.424999237060547,24.479999542236328,6802600
2014-06-13,XLB,24.489999771118164,24.604999542236328,24.43000030517578,24.575000762939453,4893800
2014-06-16,XLB,24.510000228881836,24.56999969482422,24.399999618530273,24.520000457763672,15921800
2014-06-17,XLB,24.360000610351562,24.6200008392334,24.350000381469727,24.56999969482422,12232200
2014-06-18,XLB,24.59000015258789,24.850000381469727,24.559999465942383,24.834999084472656,16087600
2014-06-19,XLB,24.864999771118164,24.875,24.739999771118164,24.78499984741211,11532800
2014-06-20,XLB,24.700000762939453,24.834999084472656,24.665000915527344,24.81999969482422,8435800
2014-06-23,XLB,24.850000381469727,24.93000030517578,24.7450008392334,24.854999542236328,5905400
2014-06-24,XLB,24.795000076293945,24.934999465942383,24.6200008392334,24.6200008392334,8749800
2014-06-25,XLB,24.665000915527344,24.934999465942383,24.665000915527344,24.815000534057617,13433600
2014-06-26,XLB,24.864999771118164,24.915000915527344,24.674999237060547,24.809999465942383,10903800
2014-06-27,XLB,24.6299991607666,24.7450008392334,24.579999923706055,24.735000610351562,12705200
2014-06-30,XLB,24.729999542236328,24.860000610351562,24.645000457763672,24.81999969482422,26147400
2014-07-01,XLB,24.850000381469727,24.979999542236328,24.795000076293945,24.8799991607666,13985800
2014-07-02,XLB,24.899999618530273,24.975000381469727,24.860000610351562,24.90999984741211,7745000
2014-07-03,XLB,24.96500015258789,25.094999313354492,24.959999084472656,25.06999969482422,5619400
2014-07-07,XLB,25.03499984741211,25.05500030517578,24.815000534057617,24.860000610351562,9971200
2014-07-08,XLB,24.844999313354492,24.860000610351562,24.725000381469727,24.795000076293945,8553200
2014-07-09,XLB,24.875,24.915000915527344,24.809999465942383,24.8799991607666,8361800
2014-07-10,XLB,24.65999984741211,24.875,24.635000228881836,24.770000457763672,8062600
2014-07-11,XLB,24.760000228881836,24.84000015258789,24.709999084472656,24.815000534057617,6975600
2014-07-14,XLB,24.940000534057617,24.940000534057617,24.790000915527344,24.799999237060547,5030600
2014-07-15,XLB,24.815000534057617,24.975000381469727,24.68000030517578,24.75,5648000
2014-07-16,XLB,24.829999923706055,24.940000534057617,24.81999969482422,24.920000076293945,7690200
2014-07-17,XLB,24.834999084472656,24.959999084472656,24.770000457763672,24.815000534057617,11014400
2014-07-18,XLB,24.834999084472656,25.014999389648438,24.815000534057617,24.969999313354492,9729600
2014-07-21,XLB,24.885000228881836,24.940000534057617,24.799999237060547,24.899999618530273,9859200
2014-07-22,XLB,24.975000381469727,25.010000228881836,24.924999237060547,24.934999465942383,5637400
2014-07-23,XLB,24.940000534057617,25.09000015258789,24.875,25.040000915527344,4522600
2014-07-24,XLB,25.040000915527344,25.094999313354492,24.959999084472656,25.010000228881836,5000800
2014-07-25,XLB,24.950000762939453,25.139999389648438,24.950000762939453,25.05500030517578,4778400
2014-07-28,XLB,25.05500030517578,25.184999465942383,24.975000381469727,25.1200008392334,21347400
2014-07-29,XLB,25.149999618530273,25.170000076293945,24.93000030517578,24.940000534057617,7769200
2014-07-30,XLB,25.0049991607666,25.065000534057617,24.760000228881836,24.809999465942383,10548000
2014-07-31,XLB,24.625,24.700000762939453,24.325000762939453,24.325000762939453,12917600
2014-08-01,XLB,24.274999618530273,24.43000030517578,24.190000534057617,24.344999313354492,11244000
2014-08-04,XLB,24.415000915527344,24.65999984741211,24.28499984741211,24.635000228881836,9932600
2014-08-05,XLB,24.424999237060547,24.59000015258789,24.309999465942383,24.3799991607666,10275200
2014-08-06,XLB,24.31999969482422,24.594999313354492,24.270000457763672,24.559999465942383,12717400
2014-08-07,XLB,24.670000076293945,24.7450008392334,24.280000686645508,24.344999313354492,10167400
2014-08-08,XLB,24.399999618530273,24.614999771118164,24.309999465942383,24.600000381469727,8538200
2014-08-11,XLB,24.665000915527344,24.760000228881836,24.565000534057617,24.575000762939453,10983400
2014-08-12,XLB,24.56999969482422,24.684999465942383,24.520000457763672,24.655000686645508,14594400
2014-08-13,XLB,24.764999389648438,24.815000534057617,24.635000228881836,24.790000915527344,8602600
2014-08-14,XLB,24.829999923706055,24.844999313354492,24.764999389648438,24.790000915527344,7214600
2014-08-15,XLB,24.8799991607666,24.975000381469727,24.665000915527344,24.864999771118164,8879000
2014-08-18,XLB,24.96500015258789,25.110000610351562,24.96500015258789,25.110000610351562,10696200
2014-08-19,XLB,25.149999618530273,25.225000381469727,25.1200008392334,25.184999465942383,6270000
2014-08-20,XLB,25.149999618530273,25.25,25.125,25.219999313354492,9600800
2014-08-21,XLB,25.2549991607666,25.264999389648438,25.114999771118164,25.184999465942383,2725800
2014-08-22,XLB,25.18000030517578,25.18000030517578,25.03499984741211,25.084999084472656,3614400
2014-08-25,XLB,25.229999542236328,25.229999542236328,25.135000228881836,25.18000030517578,3126200
2014-08-26,XLB,25.19499969482422,25.264999389648438,25.184999465942383,25.204999923706055,3818400
2014-08-27,XLB,25.2450008392334,25.264999389648438,25.155000686645508,25.204999923706055,6599200
2014-08-28,XLB,25.15999984741211,25.2549991607666,25.06999969482422,25.225000381469727,3672200
2014-08-29,XLB,25.274999618530273,25.299999237060547,25.19499969482422,25.264999389648438,5321000
2014-09-02,XLB,25.260000228881836,25.30500030517578,25.1299991607666,25.18000030517578,13216800
2014-09-03,XLB,25.280000686645508,25.329999923706055,25.204999923706055,25.219999313354492,6255600
2014-09-04,XLB,25.239999771118164,25.3799991607666,25.15999984741211,25.219999313354492,11554000
2014-09-05,XLB,25.200000762939453,25.334999084472656,25.1299991607666,25.329999923706055,6153600
2014-09-08,XLB,25.28499984741211,25.3700008392334,25.184999465942383,25.229999542236328,4607600
2014-09-09,XLB,25.200000762939453,25.204999923706055,24.969999313354492,25.024999618530273,6321000
2014-09-10,XLB,24.979999542236328,25.040000915527344,24.80500030517578,25.024999618530273,12728000
2014-09-11,XLB,24.90999984741211,25.045000076293945,24.895000457763672,24.989999771118164,8525400
2014-09-12,XLB,24.96500015258789,25.03499984741211,24.780000686645508,24.875,7705000
2014-09-15,XLB,24.895000457763672,24.975000381469727,24.78499984741211,24.90999984741211,6382000
2014-09-16,XLB,24.850000381469727,25.1299991607666,24.829999923706055,25.024999618530273,6635000
2014-09-17,XLB,25.15999984741211,25.309999465942383,25.075000762939453,25.174999237060547,10319800
2014-09-18,XLB,25.274999618530273,25.385000228881836,25.25,25.344999313354492,8969800
2014-09-19,XLB,25.329999923706055,25.415000915527344,25.174999237060547,25.219999313354492,12151000
2014-09-22,XLB,25.354999542236328,25.43000030517578,25.190000534057617,25.209999084472656,7674400
2014-09-23,XLB,25.184999465942383,25.229999542236328,25.06999969482422,25.079999923706055,5931000
2014-09-24,XLB,25.094999313354492,25.364999771118164,25.065000534057617,25.34000015258789,8558200
2014-09-25,XLB,25.2450008392334,25.2549991607666,24.954999923706055,24.954999923706055,9410000
2014-09-26,XLB,24.975000381469727,25.225000381469727,24.954999923706055,25.200000762939453,9455000
2014-09-29,XLB,25.084999084472656,25.165000915527344,24.93000030517578,25.094999313354492,18208000
2014-09-30,XLB,25.06999969482422,25.114999771118164,24.75,24.795000076293945,15665800
2014-10-01,XLB,24.75,24.75,24.149999618530273,24.209999084472656,22576200
2014-10-02,XLB,24.155000686645508,24.21500015258789,23.815000534057617,24.149999618530273,18147000
2014-10-03,XLB,24.290000915527344,24.344999313354492,24.18000030517578,24.219999313354492,10886200
2014-10-06,XLB,24.315000534057617,24.375,24.135000228881836,24.21500015258789,9574800
2014-10-07,XLB,24.145000457763672,24.145000457763672,23.78499984741211,23.790000915527344,12121400
2014-10-08,XLB,23.790000915527344,24.135000228881836,23.524999618530273,24.100000381469727,21046800
2014-10-09,XLB,24.100000381469727,24.110000610351562,23.434999465942383,23.510000228881836,29256400
2014-10-10,XLB,23.514999389648438,23.600000381469727,23.145000457763672,23.149999618530273,30357400
2014-10-13,XLB,23.125,23.31999969482422,22.520000457763672,22.55500030517578,33150600
2014-10-14,XLB,22.704999923706055,22.950000762939453,22.475000381469727,22.625,22002600
2014-10-15,XLB,22.21500015258789,22.875,22.045000076293945,22.780000686645508,37910800
2014-10-16,XLB,22.3799991607666,23.135000228881836,22.34000015258789,23.0049991607666,40441000
2014-10-17,XLB,23.25,23.485000610351562,23.200000762939453,23.309999465942383,22297400
2014-10-20,XLB,23.260000228881836,23.68000030517578,23.165000915527344,23.665000915527344,34382600
2014-10-21,XLB,23.80500030517578,24.209999084472656,23.799999237060547,24.174999237060547,14263600
2014-10-22,XLB,24.350000381469727,24.399999618530273,23.96500015258789,23.979999542236328,18426400
2014-10-23,XLB,24.155000686645508,24.225000381469727,23.895000457763672,23.959999084472656,59893600
2014-10-24,XLB,24.0049991607666,24.165000915527344,23.78499984741211,24.139999389648438,13400600
2014-10-27,XLB,23.924999237060547,23.975000381469727,23.540000915527344,23.635000228881836,70286800
2014-10-28,XLB,23.78499984741211,23.889999389648438,23.690000534057617,23.8700008392334,15180600
2014-10-29,XLB,23.864999771118164,23.899999618530273,23.415000915527344,23.575000762939453,47813800
2014-10-30,XLB,23.485000610351562,23.8799991607666,23.485000610351562,23.7549991607666,13382800
2014-10-31,XLB,23.954999923706055,24.209999084472656,23.8700008392334,24.200000762939453,16805200
2014-11-03,XLB,24.209999084472656,24.299999237060547,23.94499969482422,24.030000686645508,41656400
2014-11-04,XLB,23.96500015258789,24.020000457763672,23.670000076293945,23.780000686645508,26076200
2014-11-05,XLB,23.829999923706055,24.05500030517578,23.815000534057617,24.010000228881836,12231800
2014-11-06,XLB,23.93000030517578,24.2549991607666,23.93000030517578,24.204999923706055,7653000
2014-11-07,XLB,24.229999542236328,24.360000610351562,24.21500015258789,24.31999969482422,10205000
2014-11-10,XLB,24.309999465942383,24.399999618530273,24.25,24.385000228881836,7286000
2014-11-11,XLB,24.375,24.524999618530273,24.344999313354492,24.5049991607666,7220400
2014-11-12,XLB,24.485000610351562,24.625,24.450000762939453,24.565000534057617,7708000
2014-11-13,XLB,24.59000015258789,24.764999389648438,24.434999465942383,24.56999969482422,8238600
2014-11-14,XLB,24.600000381469727,24.69499969482422,24.540000915527344,24.645000457763672,6337400
2014-11-17,XLB,24.625,24.670000076293945,24.549999237060547,24.639999389648438,5254200
2014-11-18,XLB,24.645000457763672,24.954999923706055,24.645000457763672,24.934999465942383,10036200
2014-11-19,XLB,24.915000915527344,24.979999542236328,24.815000534057617,24.899999618530273,9681800
2014-11-20,XLB,24.774999618530273,25.030000686645508,24.700000762939453,25.030000686645508,7717000
2014-11-21,XLB,25.350000381469727,25.5049991607666,25.239999771118164,25.334999084472656,19118400
2014-11-24,XLB,25.375,25.375,25.18000030517578,25.219999313354492,4283800
2014-11-25,XLB,25.225000381469727,25.299999237060547,25.110000610351562,25.1299991607666,4812800
2014-11-26,XLB,25.05500030517578,25.165000915527344,24.959999084472656,25.149999618530273,3762000
2014-11-28,XLB,24.905000686645508,24.93000030517578,24.524999618530273,24.579999923706055,9735400
2014-12-01,XLB,24.5049991607666,24.614999771118164,24.19499969482422,24.325000762939453,24024600
2014-12-02,XLB,24.325000762939453,24.524999618530273,24.270000457763672,24.469999313354492,11861000
2014-12-03,XLB,24.524999618530273,24.864999771118164,24.46500015258789,24.829999923706055,14694400
2014-12-04,XLB,24.764999389648438,24.96500015258789,24.7450008392334,24.905000686645508,11708000
2014-12-05,XLB,24.899999618530273,25.05500030517578,24.84000015258789,24.885000228881836,6722200
2014-12-08,XLB,24.854999542236328,24.860000610351562,24.454999923706055,24.489999771118164,11003800
2014-12-09,XLB,24.360000610351562,24.56999969482422,24.260000228881836,24.55500030517578,12046800
2014-12-10,XLB,24.454999923706055,24.479999542236328,23.989999771118164,24.049999237060547,15161200
2014-12-11,XLB,24.125,24.329999923706055,24.020000457763672,24.06999969482422,7843600
2014-12-12,XLB,23.825000762939453,23.959999084472656,23.385000228881836,23.399999618530273,17337800
2014-12-15,XLB,23.485000610351562,23.55500030517578,23.18000030517578,23.274999618530273,17990000
2014-12-16,XLB,23.190000534057617,23.670000076293945,23.09000015258789,23.094999313354492,19044000
2014-12-17,XLB,23.18000030517578,23.790000915527344,23.18000030517578,23.725000381469727,21216000
2014-12-18,XLB,24.094999313354492,24.280000686645508,23.8799991607666,24.264999389648438,14030200
2014-12-19,XLB,24.325000762939453,24.4950008392334,24.219999313354492,24.40999984741211,10772600
2014-12-22,XLB,24.485000610351562,24.485000610351562,24.28499984741211,24.424999237060547,6613400
2014-12-23,XLB,24.524999618530273,24.684999465942383,24.475000381469727,24.614999771118164,14191200
2014-12-24,XLB,24.524999618530273,24.6200008392334,24.489999771118164,24.530000686645508,3757600
2014-12-26,XLB,24.68000030517578,24.69499969482422,24.579999923706055,24.614999771118164,2594000
2014-12-29,XLB,24.55500030517578,24.684999465942383,24.55500030517578,24.614999771118164,4346400
2014-12-30,XLB,24.559999465942383,24.639999389648438,24.520000457763672,24.530000686645508,4335200
2014-12-31,XLB,24.584999084472656,24.584999084472656,24.28499984741211,24.290000915527344,5968800
2015-01-02,XLB,24.290000915527344,24.434999465942383,24.18000030517578,24.325000762939453,10469600
2015-01-05,XLB,24.139999389648438,24.209999084472656,23.600000381469727,23.704999923706055,10877600
2015-01-06,XLB,23.774999618530273,23.850000381469727,23.3700008392334,23.4950008392334,10109000
2015-01-07,XLB,23.670000076293945,23.829999923706055,23.579999923706055,23.760000228881836,7120600
2015-01-08,XLB,24.0,24.389999389648438,23.940000534057617,24.325000762939453,15281000
2015-01-09,XLB,24.434999465942383,24.489999771118164,24.09000015258789,24.200000762939453,13701600
2015-01-12,XLB,24.084999084472656,24.2450008392334,23.875,24.145000457763672,9316200
2015-01-13,XLB,24.280000686645508,24.350000381469727,23.684999465942383,23.875,11710000
2015-01-14,XLB,23.454999923706055,23.6299991607666,23.219999313354492,23.594999313354492,13568600
2015-01-15,XLB,23.700000762939453,23.915000915527344,23.549999237060547,23.549999237060547,11710800
2015-01-16,XLB,23.584999084472656,23.96500015258789,23.514999389648438,23.924999237060547,10920400
2015-01-20,XLB,24.09000015258789,24.1200008392334,23.735000610351562,23.96500015258789,8123200
2015-01-21,XLB,23.915000915527344,24.225000381469727,23.854999542236328,24.200000762939453,9423200
2015-01-22,XLB,24.31999969482422,24.545000076293945,24.155000686645508,24.5049991607666,11556600
2015-01-23,XLB,24.454999923706055,24.454999923706055,24.110000610351562,24.125,10073400
2015-01-26,XLB,24.110000610351562,24.260000228881836,24.0049991607666,24.229999542236328,6202200
2015-01-27,XLB,23.895000457763672,24.239999771118164,23.790000915527344,24.065000534057617,9032800
2015-01-28,XLB,24.100000381469727,24.145000457763672,23.59000015258789,23.6299991607666,11557000
2015-01-29,XLB,23.65999984741211,23.979999542236328,23.5049991607666,23.940000534057617,11916800
2015-01-30,XLB,23.739999771118164,24.1299991607666,23.674999237060547,23.844999313354492,15617400
2015-02-02,XLB,23.8700008392334,24.125,23.709999084472656,24.059999465942383,13251000
2015-02-03,XLB,24.225000381469727,24.604999542236328,24.190000534057617,24.59000015258789,12252200
2015-02-04,XLB,24.440000534057617,24.614999771118164,24.375,24.43000030517578,11367200
2015-02-05,XLB,24.510000228881836,25.045000076293945,24.510000228881836,25.020000457763672,11729000
2015-02-06,XLB,25.030000686645508,25.06999969482422,24.889999389648438,24.959999084472656,11220200
2015-02-09,XLB,24.825000762939453,25.075000762939453,24.825000762939453,24.93000030517578,7411200
2015-02-10,XLB,25.09000015258789,25.139999389648438,24.854999542236328,25.114999771118164,6491000
2015-02-11,XLB,25.049999237060547,25.165000915527344,24.93000030517578,25.075000762939453,6447800
2015-02-12,XLB,25.225000381469727,25.579999923706055,25.225000381469727,25.5049991607666,9801200
2015-02-13,XLB,25.575000762939453,25.764999389648438,25.524999618530273,25.719999313354492,5802800
2015-02-17,XLB,25.604999542236328,25.850000381469727,25.559999465942383,25.75,6542400
2015-02-18,XLB,25.674999237060547,25.81999969482422,25.56999969482422,25.81999969482422,5948400
2015-02-19,XLB,25.7549991607666,25.950000762939453,25.639999389648438,25.889999389648438,6011400
2015-02-20,XLB,25.84000015258789,26.0049991607666,25.635000228881836,25.96500015258789,7145800
2015-02-23,XLB,25.8799991607666,25.985000610351562,25.764999389648438,25.934999465942383,5530200
2015-02-24,XLB,26.0049991607666,26.079999923706055,25.899999618530273,26.045000076293945,4613600
2015-02-25,XLB,26.030000686645508,26.110000610351562,25.924999237060547,25.969999313354492,3915200
2015-02-26,XLB,25.96500015258789,26.020000457763672,25.729999542236328,25.80500030517578,5456000
2015-02-27,XLB,25.774999618530273,25.8799991607666,25.735000610351562,25.7450008392334,6721200
2015-03-02,XLB,25.7549991607666,25.924999237060547,25.635000228881836,25.915000915527344,6564600
2015-03-03,XLB,25.81999969482422,25.90999984741211,25.690000534057617,25.774999618530273,6416600
2015-03-04,XLB,25.6299991607666,25.7450008392334,25.510000228881836,25.684999465942383,6586200
2015-03-05,XLB,25.75,25.75,25.485000610351562,25.575000762939453,3874800
2015-03-06,XLB,25.459999084472656,25.46500015258789,25.18000030517578,25.229999542236328,8790000
2015-03-09,XLB,25.25,25.344999313354492,25.209999084472656,25.264999389648438,5047400
2015-03-10,XLB,25.065000534057617,25.065000534057617,24.844999313354492,24.8799991607666,10305200
2015-03-11,XLB,24.924999237060547,24.969999313354492,24.809999465942383,24.850000381469727,5070400
2015-03-12,XLB,24.875,25.18000030517578,24.875,25.15999984741211,6201200
2015-03-13,XLB,25.049999237060547,25.06999969482422,24.760000228881836,24.920000076293945,8384400
2015-03-16,XLB,25.030000686645508,25.030000686645508,24.770000457763672,24.8799991607666,8025200
2015-03-17,XLB,24.704999923706055,24.764999389648438,24.5,24.604999542236328,15766000
2015-03-18,XLB,24.485000610351562,25.1299991607666,24.354999542236328,24.979999542236328,12978400
2015-03-19,XLB,24.854999542236328,24.889999389648438,24.524999618530273,24.549999237060547,7913600
2015-03-20,XLB,24.520000457763672,24.774999618530273,24.440000534057617,24.614999771118164,9535000
2015-03-23,XLB,24.584999084472656,24.71500015258789,24.549999237060547,24.614999771118164,6741200
2015-03-24,XLB,24.565000534057617,24.649999618530273,24.450000762939453,24.53499984741211,4460200
2015-03-25,XLB,24.579999923706055,24.674999237060547,24.260000228881836,24.260000228881836,7364200
2015-03-26,XLB,24.225000381469727,24.405000686645508,24.19499969482422,24.315000534057617,8144800
2015-03-27,XLB,24.3700008392334,24.450000762939453,24.270000457763672,24.30500030517578,7369200
2015-03-30,XLB,24.454999923706055,24.71500015258789,24.454999923706055,24.635000228881836,5590200
2015-03-31,XLB,24.520000457763672,24.575000762939453,24.389999389648438,24.389999389648438,6928000
2015-04-01,XLB,24.440000534057617,24.5,24.239999771118164,24.459999084472656,8416000
2015-04-02,XLB,24.350000381469727,24.55500030517578,24.350000381469727,24.485000610351562,4940800
2015-04-06,XLB,24.454999923706055,24.75,24.295000076293945,24.68000030517578,5381800
2015-04-07,XLB,24.600000381469727,24.844999313354492,24.600000381469727,24.639999389648438,3673600
2015-04-08,XLB,24.7549991607666,24.80500030517578,24.584999084472656,24.709999084472656,4251200
2015-04-09,XLB,24.674999237060547,24.84000015258789,24.649999618530273,24.780000686645508,3810600
2015-04-10,XLB,24.80500030517578,24.854999542236328,24.735000610351562,24.850000381469727,3340000
2015-04-13,XLB,24.760000228881836,24.8700008392334,24.739999771118164,24.75,3009200
2015-04-14,XLB,24.700000762939453,24.895000457763672,24.690000534057617,24.854999542236328,4350600
2015-04-15,XLB,24.90999984741211,25.190000534057617,24.90999984741211,25.094999313354492,6234400
2015-04-16,XLB,25.100000381469727,25.174999237060547,24.959999084472656,25.040000915527344,4335000
2015-04-17,XLB,24.899999618530273,24.979999542236328,24.719999313354492,24.809999465942383,7655800
2015-04-20,XLB,24.850000381469727,25.024999618530273,24.850000381469727,24.989999771118164,4301400
2015-04-21,XLB,25.05500030517578,25.05500030517578,24.709999084472656,24.80500030517578,7943800
2015-04-22,XLB,24.864999771118164,24.8799991607666,24.655000686645508,24.854999542236328,5424800
2015-04-23,XLB,24.885000228881836,25.024999618530273,24.795000076293945,24.920000076293945,9665600
2015-04-24,XLB,25.045000076293945,25.139999389648438,25.0,25.1299991607666,6189200
2015-04-27,XLB,25.204999923706055,25.459999084472656,25.19499969482422,25.350000381469727,7235800
2015-04-28,XLB,25.344999313354492,25.420000076293945,25.204999923706055,25.385000228881836,6369000
2015-04-29,XLB,25.25,25.459999084472656,25.174999237060547,25.3700008392334,6888600
2015-04-30,XLB,25.280000686645508,25.399999618530273,25.114999771118164,25.209999084472656,8893400
2015-05-01,XLB,25.364999771118164,25.690000534057617,25.31999969482422,25.625,13499800
2015-05-04,XLB,25.700000762939453,25.7450008392334,25.545000076293945,25.55500030517578,8300400
2015-05-05,XLB,25.5,25.69499969482422,25.204999923706055,25.264999389648438,7522600
2015-05-06,XLB,25.40999984741211,25.459999084472656,25.18000030517578,25.270000457763672,10031200
2015-05-07,XLB,25.1299991607666,25.405000686645508,25.059999465942383,25.3799991607666,12460800
2015-05-08,XLB,25.674999237060547,25.889999389648438,25.670000076293945,25.78499984741211,9262000
2015-05-11,XLB,25.770000457763672,25.809999465942383,25.625,25.665000915527344,8234400
2015-05-12,XLB,25.56999969482422,25.56999969482422,25.3799991607666,25.395000457763672,7549600
2015-05-13,XLB,25.325000762939453,25.475000381469727,25.270000457763672,25.364999771118164,7628000
2015-05-14,XLB,25.489999771118164,25.649999618530273,25.489999771118164,25.6299991607666,6319000
2015-05-15,XLB,25.604999542236328,25.7549991607666,25.545000076293945,25.7549991607666,6259800
2015-05-18,XLB,25.645000457763672,25.725000381469727,25.584999084472656,25.639999389648438,5381000
2015-05-19,XLB,25.604999542236328,25.649999618530273,25.440000534057617,25.514999389648438,5429000
2015-05-20,XLB,25.559999465942383,25.584999084472656,25.434999465942383,25.5,4407400
2015-05-21,XLB,25.510000228881836,25.645000457763672,25.434999465942383,25.59000015258789,3818800
2015-05-22,XLB,25.575000762939453,25.610000610351562,25.514999389648438,25.559999465942383,3509000
2015-05-26,XLB,25.43000030517578,25.434999465942383,25.145000457763672,25.239999771118164,7575200
2015-05-27,XLB,25.239999771118164,25.44499969482422,25.209999084472656,25.405000686645508,5586000
2015-05-28,XLB,25.364999771118164,25.485000610351562,25.315000534057617,25.469999313354492,3484200
2015-05-29,XLB,25.459999084472656,25.46500015258789,25.239999771118164,25.30500030517578,6502400
2015-06-01,XLB,25.364999771118164,25.385000228881836,25.139999389648438,25.315000534057617,8735800
2015-06-02,XLB,25.280000686645508,25.510000228881836,25.225000381469727,25.395000457763672,7311600
2015-06-03,XLB,25.479999542236328,25.575000762939453,25.375,25.420000076293945,5260400
2015-06-04,XLB,25.270000457763672,25.270000457763672,25.0,25.1200008392334,7545400
2015-06-05,XLB,25.03499984741211,25.125,24.899999618530273,25.0049991607666,5924400
2015-06-08,XLB,25.0049991607666,25.05500030517578,24.90999984741211,24.915000915527344,7849000
2015-06-09,XLB,24.899999618530273,25.065000534057617,24.899999618530273,24.93000030517578,5217600
2015-06-10,XLB,25.079999923706055,25.280000686645508,25.065000534057617,25.190000534057617,5454400
2015-06-11,XLB,25.21500015258789,25.299999237060547,25.18000030517578,25.25,3716400
2015-06-12,XLB,25.209999084472656,25.219999313354492,25.049999237060547,25.100000381469727,4747000
2015-06-15,XLB,24.90999984741211,25.040000915527344,24.815000534057617,24.94499969482422,6711800
2015-06-16,XLB,24.895000457763672,25.09000015258789,24.8799991607666,25.075000762939453,4290400
2015-06-17,XLB,25.125,25.235000610351562,24.940000534057617,25.18000030517578,7079200
2015-06-18,XLB,25.270000457763672,25.454999923706055,25.2549991607666,25.389999389648438,7331200
2015-06-19,XLB,25.235000610351562,25.31999969482422,25.104999542236328,25.104999542236328,7395000
2015-06-22,XLB,25.239999771118164,25.239999771118164,25.125,25.200000762939453,3962600
2015-06-23,XLB,25.209999084472656,25.239999771118164,25.079999923706055,25.1299991607666,4503200
2015-06-24,XLB,25.075000762939453,25.09000015258789,24.80500030517578,24.809999465942383,6282600
2015-06-25,XLB,24.81999969482422,24.90999984741211,24.71500015258789,24.790000915527344,4896200
2015-06-26,XLB,24.84000015258789,24.885000228881836,24.65999984741211,24.69499969482422,5812000
2015-06-29,XLB,24.5049991607666,24.584999084472656,24.094999313354492,24.1200008392334,12405400
2015-06-30,XLB,24.329999923706055,24.399999618530273,24.139999389648438,24.19499969482422,12598400
2015-07-01,XLB,24.434999465942383,24.44499969482422,24.264999389648438,24.329999923706055,10832600
2015-07-02,XLB,24.364999771118164,24.420000076293945,24.165000915527344,24.2549991607666,10276600
2015-07-06,XLB,24.05500030517578,24.28499984741211,23.920000076293945,24.05500030517578,12870600
2015-07-07,XLB,24.0,24.05500030517578,23.565000534057617,23.975000381469727,13718200
2015-07-08,XLB,23.774999618530273,23.844999313354492,23.43000030517578,23.450000762939453,14981600
2015-07-09,XLB,23.795000076293945,23.825000762939453,23.514999389648438,23.520000457763672,9807600
2015-07-10,XLB,23.78499984741211,23.899999618530273,23.725000381469727,23.850000381469727,7608400
2015-07-13,XLB,24.0,24.135000228881836,23.959999084472656,24.110000610351562,5799800
2015-07-14,XLB,24.040000915527344,24.295000076293945,24.040000915527344,24.2450008392334,4889000
2015-07-15,XLB,24.25,24.260000228881836,23.9950008392334,24.05500030517578,6131800
2015-07-16,XLB,23.9950008392334,24.06999969482422,23.915000915527344,23.9950008392334,9163400
2015-07-17,XLB,23.920000076293945,23.985000610351562,23.704999923706055,23.829999923706055,14497000
2015-07-20,XLB,23.834999084472656,23.834999084472656,23.584999084472656,23.6299991607666,8895400
2015-07-21,XLB,23.610000610351562,23.799999237060547,23.415000915527344,23.485000610351562,6918600
2015-07-22,XLB,23.434999465942383,23.5049991607666,23.329999923706055,23.385000228881836,11785000
2015-07-23,XLB,23.440000534057617,23.5,22.985000610351562,23.045000076293945,9715200
2015-07-24,XLB,23.040000915527344,23.049999237060547,22.395000457763672,22.540000915527344,14524400
2015-07-27,XLB,22.30500030517578,22.559999465942383,22.235000610351562,22.290000915527344,18553800
2015-07-28,XLB,22.325000762939453,22.815000534057617,22.21500015258789,22.7549991607666,28776400
2015-07-29,XLB,22.790000915527344,22.989999771118164,22.68000030517578,22.920000076293945,19170800
2015-07-30,XLB,22.924999237060547,23.06999969482422,22.899999618530273,23.03499984741211,11191600
2015-07-31,XLB,23.19499969482422,23.19499969482422,22.93000030517578,22.975000381469727,9396000
2015-08-03,XLB,22.954999923706055,23.059999465942383,22.674999237060547,22.795000076293945,11408400
2015-08-04,XLB,22.809999465942383,23.024999618530273,22.80500030517578,22.895000457763672,13195600
2015-08-05,XLB,23.059999465942383,23.2549991607666,22.934999465942383,23.010000228881836,11673400
2015-08-06,XLB,23.0049991607666,23.09000015258789,22.895000457763672,22.93000030517578,12226800
2015-08-07,XLB,22.780000686645508,22.924999237060547,22.53499984741211,22.610000610351562,11703000
2015-08-10,XLB,22.825000762939453,23.18000030517578,22.684999465942383,23.165000915527344,10623000
2015-08-11,XLB,22.799999237060547,22.915000915527344,22.639999389648438,22.735000610351562,11703800
2015-08-12,XLB,22.549999237060547,22.850000381469727,22.485000610351562,22.81999969482422,13284600
2015-08-13,XLB,22.75,22.854999542236328,22.674999237060547,22.7549991607666,6056000
2015-08-14,XLB,22.780000686645508,22.8799991607666,22.719999313354492,22.860000610351562,4275600
2015-08-17,XLB,22.80500030517578,23.0,22.704999923706055,22.989999771118164,5095800
2015-08-18,XLB,22.94499969482422,22.985000610351562,22.815000534057617,22.84000015258789,5708000
2015-08-19,XLB,22.725000381469727,22.735000610351562,22.46500015258789,22.559999465942383,8573200
2015-08-20,XLB,22.420000076293945,22.485000610351562,22.135000228881836,22.135000228881836,11617400
2015-08-21,XLB,22.0049991607666,22.045000076293945,21.594999313354492,21.594999313354492,25100400
2015-08-24,XLB,20.31999969482422,21.43000030517578,19.674999237060547,20.690000534057617,55362200
2015-08-25,XLB,21.020000457763672,21.469999313354492,20.329999923706055,20.364999771118164,26679000
2015-08-26,XLB,20.790000915527344,20.959999084472656,20.44499969482422,20.915000915527344,48975800
2015-08-27,XLB,21.25,21.780000686645508,21.225000381469727,21.674999237060547,23275400
2015-08-28,XLB,21.6200008392334,21.8799991607666,21.549999237060547,21.799999237060547,12740600
2015-08-31,XLB,21.719999313354492,21.84000015258789,21.440000534057617,21.68000030517578,17998800
2015-09-01,XLB,21.110000610351562,21.3799991607666,20.889999389648438,21.020000457763672,17978400
2015-09-02,XLB,21.274999618530273,21.344999313354492,20.9950008392334,21.31999969482422,14753000
2015-09-03,XLB,21.375,21.690000534057617,21.354999542236328,21.450000762939453,9719000
2015-09-04,XLB,21.114999771118164,21.219999313354492,20.989999771118164,21.024999618530273,14536000
2015-09-08,XLB,21.405000686645508,21.56999969482422,21.290000915527344,21.549999237060547,13149600
2015-09-09,XLB,21.68000030517578,21.864999771118164,21.350000381469727,21.385000228881836,13668800
2015-09-10,XLB,21.264999389648438,21.579999923706055,21.264999389648438,21.434999465942383,10947400
2015-09-11,XLB,21.2450008392334,21.415000915527344,21.21500015258789,21.405000686645508,5799000
2015-09-14,XLB,21.375,21.3799991607666,21.100000381469727,21.149999618530273,6685800
2015-09-15,XLB,21.190000534057617,21.364999771118164,21.139999389648438,21.30500030517578,7124000
2015-09-16,XLB,21.325000762939453,21.6299991607666,21.299999237060547,21.610000610351562,8727000
2015-09-17,XLB,21.56999969482422,21.8700008392334,21.46500015258789,21.510000228881836,18276000
2015-09-18,XLB,21.045000076293945,21.174999237060547,20.8700008392334,20.940000534057617,20257200
2015-09-21,XLB,21.09000015258789,21.174999237060547,20.934999465942383,21.010000228881836,12034600
2015-09-22,XLB,20.69499969482422,20.71500015258789,20.440000534057617,20.6200008392334,13189600
2015-09-23,XLB,20.649999618530273,20.65999984741211,20.149999618530273,20.18000030517578,13856200
2015-09-24,XLB,20.0049991607666,20.190000534057617,19.729999542236328,20.125,18589000
2015-09-25,XLB,20.315000534057617,20.315000534057617,19.979999542236328,20.100000381469727,14634200
2015-09-28,XLB,20.010000228881836,20.014999389648438,19.424999237060547,19.475000381469727,24683600
2015-09-29,XLB,19.56999969482422,19.725000381469727,19.415000915527344,19.549999237060547,26944200
2015-09-30,XLB,19.790000915527344,20.0,19.700000762939453,19.959999084472656,15304400
2015-10-01,XLB,20.040000915527344,20.184999465942383,19.780000686645508,20.184999465942383,19226200
2015-10-02,XLB,19.844999313354492,20.68000030517578,19.844999313354492,20.68000030517578,46276000
2015-10-05,XLB,20.899999618530273,21.225000381469727,20.719999313354492,21.219999313354492,27824000
2015-10-06,XLB,21.350000381469727,21.65999984741211,21.325000762939453,21.4950008392334,28153200
2015-10-07,XLB,21.55500030517578,21.844999313354492,21.44499969482422,21.780000686645508,31866000
2015-10-08,XLB,21.690000534057617,22.149999618530273,21.690000534057617,22.084999084472656,27989800
2015-10-09,XLB,22.264999389648438,22.280000686645508,21.9950008392334,22.075000762939453,18153200
2015-10-12,XLB,22.1200008392334,22.1200008392334,21.780000686645508,21.885000228881836,14825600
2015-10-13,XLB,21.735000610351562,21.959999084472656,21.635000228881836,21.799999237060547,17327000
2015-10-14,XLB,21.80500030517578,22.09000015258789,21.760000228881836,21.975000381469727,13386000
2015-10-15,XLB,21.9950008392334,22.145000457763672,21.75,22.03499984741211,9153000
2015-10-16,XLB,22.139999389648438,22.19499969482422,21.889999389648438,22.045000076293945,14481000
2015-10-19,XLB,21.895000457763672,21.979999542236328,21.780000686645508,21.889999389648438,7810000
2015-10-20,XLB,21.864999771118164,22.114999771118164,21.825000762939453,21.924999237060547,7618400
2015-10-21,XLB,21.924999237060547,21.9950008392334,21.690000534057617,21.729999542236328,11033000
2015-10-22,XLB,21.989999771118164,22.344999313354492,21.934999465942383,22.325000762939453,14518000
2015-10-23,XLB,22.53499984741211,22.600000381469727,22.389999389648438,22.510000228881836,13013000
2015-10-26,XLB,22.475000381469727,22.540000915527344,22.31999969482422,22.325000762939453,7989200
2015-10-27,XLB,22.19499969482422,22.334999084472656,22.045000076293945,22.229999542236328,12333400
2015-10-28,XLB,22.19499969482422,22.610000610351562,22.19499969482422,22.565000534057617,15291000
2015-10-29,XLB,22.454999923706055,22.65999984741211,22.440000534057617,22.610000610351562,10736200
2015-10-30,XLB,22.600000381469727,22.829999923706055,22.575000762939453,22.639999389648438,12850200
2015-11-02,XLB,22.674999237060547,22.889999389648438,22.6200008392334,22.780000686645508,22701400
2015-11-03,XLB,22.719999313354492,23.045000076293945,22.704999923706055,22.8700008392334,15207800
2015-11-04,XLB,22.829999923706055,22.989999771118164,22.709999084472656,22.719999313354492,13682400
2015-11-05,XLB,22.690000534057617,22.690000534057617,22.424999237060547,22.604999542236328,20570000
2015-11-06,XLB,22.420000076293945,22.700000762939453,22.385000228881836,22.665000915527344,9202800
2015-11-09,XLB,22.559999465942383,22.65999984741211,22.309999465942383,22.510000228881836,10764200
2015-11-10,XLB,22.43000030517578,22.5,22.209999084472656,22.344999313354492,9809200
2015-11-11,XLB,22.395000457763672,22.440000534057617,22.235000610351562,22.3700008392334,12558800
2015-11-12,XLB,22.139999389648438,22.170000076293945,21.920000076293945,21.920000076293945,18044400
2015-11-13,XLB,21.905000686645508,22.315000534057617,21.8700008392334,22.200000762939453,14164800
2015-11-16,XLB,22.2450008392334,22.5,22.165000915527344,22.485000610351562,15463000
2015-11-17,XLB,22.524999618530273,22.684999465942383,22.399999618530273,22.459999084472656,25502200
2015-11-18,XLB,22.540000915527344,22.8799991607666,22.479999542236328,22.860000610351562,15760600
2015-11-19,XLB,22.80500030517578,22.96500015258789,22.795000076293945,22.834999084472656,10586200
2015-11-20,XLB,22.889999389648438,22.9950008392334,22.709999084472656,22.764999389648438,7459400
2015-11-23,XLB,22.799999237060547,22.969999313354492,22.760000228881836,22.795000076293945,7656200
2015-11-24,XLB,22.614999771118164,23.045000076293945,22.614999771118164,22.985000610351562,12506800
2015-11-25,XLB,22.985000610351562,23.024999618530273,22.809999465942383,22.84000015258789,8317200
2015-11-27,XLB,22.809999465942383,22.854999542236328,22.704999923706055,22.809999465942383,2541600
2015-11-30,XLB,22.8700008392334,22.969999313354492,22.78499984741211,22.864999771118164,13122600
2015-12-01,XLB,22.8799991607666,23.030000686645508,22.799999237060547,23.024999618530273,15433400
2015-12-02,XLB,22.954999923706055,23.010000228881836,22.639999389648438,22.71500015258789,16011800
2015-12-03,XLB,22.825000762939453,22.864999771118164,22.399999618530273,22.514999389648438,11657600
2015-12-04,XLB,22.565000534057617,22.969999313354492,22.4950008392334,22.90999984741211,11214400
2015-12-07,XLB,22.78499984741211,22.895000457763672,22.354999542236328,22.5,12326200
2015-12-08,XLB,22.264999389648438,22.454999923706055,22.045000076293945,22.075000762939453,14852400
2015-12-09,XLB,22.645000457763672,23.030000686645508,22.5049991607666,22.739999771118164,25922800
2015-12-10,XLB,22.600000381469727,22.78499984741211,22.420000076293945,22.56999969482422,10571600
2015-12-11,XLB,21.985000610351562,22.235000610351562,21.940000534057617,21.969999313354492,19088400
2015-12-14,XLB,21.854999542236328,21.93000030517578,21.485000610351562,21.68000030517578,17774400
2015-12-15,XLB,21.899999618530273,22.030000686645508,21.7549991607666,21.799999237060547,10093200
2015-12-16,XLB,21.915000915527344,22.045000076293945,21.614999771118164,22.024999618530273,16132800
2015-12-17,XLB,22.059999465942383,22.059999465942383,21.584999084472656,21.584999084472656,18393000
2015-12-18,XLB,21.3799991607666,21.524999618530273,21.135000228881836,21.135000228881836,28498400
2015-12-21,XLB,21.280000686645508,21.385000228881836,21.145000457763672,21.325000762939453,11774200
2015-12-22,XLB,21.434999465942383,21.69499969482422,21.364999771118164,21.594999313354492,10536200
2015-12-23,XLB,21.75,22.139999389648438,21.75,22.104999542236328,11639200
2015-12-24,XLB,22.05500030517578,22.145000457763672,22.010000228881836,22.05500030517578,7434000
2015-12-28,XLB,21.959999084472656,21.959999084472656,21.770000457763672,21.899999618530273,8323200
2015-12-29,XLB,22.024999618530273,22.184999465942383,22.014999389648438,22.104999542236328,7770800
2015-12-30,XLB,22.03499984741211,22.104999542236328,21.8700008392334,21.899999618530273,6678200
2015-12-31,XLB,21.850000381469727,21.96500015258789,21.709999084472656,21.709999084472656,9359000
2016-01-04,XLB,21.360000610351562,21.43000030517578,21.1299991607666,21.3700008392334,28860400
2016-01-05,XLB,21.459999084472656,21.459999084472656,21.200000762939453,21.360000610351562,18998000
2016-01-06,XLB,21.06999969482422,21.09000015258789,20.684999465942383,20.799999237060547,18614800
2016-01-07,XLB,20.420000076293945,20.625,20.125,20.235000610351562,25159400
2016-01-08,XLB,20.43000030517578,20.450000762939453,19.975000381469727,20.030000686645508,17400400
2016-01-11,XLB,20.135000228881836,20.139999389648438,19.53499984741211,19.690000534057617,20131400
2016-01-12,XLB,19.979999542236328,19.979999542236328,19.475000381469727,19.719999313354492,14540600
2016-01-13,XLB,19.864999771118164,19.905000686645508,19.239999771118164,19.264999389648438,21619200
2016-01-14,XLB,19.34000015258789,19.670000076293945,19.104999542236328,19.524999618530273,20744400
2016-01-15,XLB,19.125,19.2549991607666,18.875,19.125,18717800
2016-01-19,XLB,19.299999237060547,19.364999771118164,18.645000457763672,18.889999389648438,19731200
2016-01-20,XLB,18.469999313354492,18.90999984741211,18.145000457763672,18.75,25650800
2016-01-21,XLB,18.84000015258789,19.05500030517578,18.584999084472656,18.915000915527344,23401400
2016-01-22,XLB,19.270000457763672,19.540000915527344,19.075000762939453,19.2549991607666,19075200
2016-01-25,XLB,19.06999969482422,19.110000610351562,18.610000610351562,18.639999389648438,22283400
2016-01-26,XLB,18.84000015258789,19.010000228881836,18.639999389648438,18.959999084472656,15175400
2016-01-27,XLB,18.924999237060547,19.25,18.760000228881836,18.809999465942383,15628600
2016-01-28,XLB,18.979999542236328,19.010000228881836,18.670000076293945,18.84000015258789,13311000
2016-01-29,XLB,18.9950008392334,19.399999618530273,18.850000381469727,19.385000228881836,16002000
2016-02-01,XLB,19.274999618530273,19.514999389648438,19.040000915527344,19.46500015258789,27190800
2016-02-02,XLB,19.389999389648438,19.434999465942383,19.110000610351562,19.334999084472656,23018800
2016-02-03,XLB,19.565000534057617,19.985000610351562,19.315000534057617,19.985000610351562,28828400
2016-02-04,XLB,20.065000534057617,20.674999237060547,20.049999237060547,20.540000915527344,29180400
2016-02-05,XLB,20.385000228881836,20.594999313354492,20.235000610351562,20.30500030517578,22863800
2016-02-08,XLB,20.0,20.15999984741211,19.485000610351562,19.770000457763672,23207400
2016-02-09,XLB,19.579999923706055,20.114999771118164,19.579999923706055,20.014999389648438,20513600
2016-02-10,XLB,20.100000381469727,20.30500030517578,19.774999618530273,19.825000762939453,22744400
2016-02-11,XLB,19.420000076293945,19.674999237060547,19.235000610351562,19.395000457763672,27070000
2016-02-12,XLB,19.670000076293945,19.969999313354492,19.450000762939453,19.969999313354492,17192000
2016-02-16,XLB,20.170000076293945,20.299999237060547,19.915000915527344,20.274999618530273,13573600
2016-02-17,XLB,20.440000534057617,20.790000915527344,20.434999465942383,20.674999237060547,14988400
2016-02-18,XLB,20.704999923706055,20.704999923706055,20.46500015258789,20.614999771118164,10820400
2016-02-19,XLB,20.5049991607666,20.520000457763672,20.290000915527344,20.375,11860800
2016-02-22,XLB,20.604999542236328,20.834999084472656,20.575000762939453,20.764999389648438,10721000
2016-02-23,XLB,20.600000381469727,20.610000610351562,20.219999313354492,20.2549991607666,13067400
2016-02-24,XLB,20.049999237060547,20.489999771118164,19.954999923706055,20.46500015258789,20284800
2016-02-25,XLB,20.514999389648438,20.7450008392334,20.334999084472656,20.729999542236328,10271400
2016-02-26,XLB,20.899999618530273,21.145000457763672,20.899999618530273,21.030000686645508,13506200
2016-02-29,XLB,21.06999969482422,21.280000686645508,20.889999389648438,20.899999618530273,13677600
2016-03-01,XLB,21.149999618530273,21.489999771118164,21.014999389648438,21.434999465942383,24185000
2016-03-02,XLB,21.19499969482422,21.395000457763672,21.1299991607666,21.350000381469727,19728600
2016-03-03,XLB,21.30500030517578,21.53499984741211,21.264999389648438,21.479999542236328,17211000
2016-03-04,XLB,21.5049991607666,21.8700008392334,21.434999465942383,21.729999542236328,19815600
2016-03-07,XLB,21.739999771118164,22.030000686645508,21.735000610351562,21.979999542236328,15768800
2016-03-08,XLB,21.799999237060547,21.80500030517578,21.424999237060547,21.549999237060547,12577800
2016-03-09,XLB,21.665000915527344,21.790000915527344,21.53499984741211,21.684999465942383,11225600
2016-03-10,XLB,21.739999771118164,21.93000030517578,21.549999237060547,21.799999237060547,15157800
2016-03-11,XLB,22.014999389648438,22.260000228881836,22.014999389648438,22.200000762939453,10040000
2016-03-14,XLB,22.059999465942383,22.170000076293945,21.96500015258789,22.049999237060547,10944000
2016-03-15,XLB,21.850000381469727,22.100000381469727,21.719999313354492,22.100000381469727,9968600
2016-03-16,XLB,21.75,22.28499984741211,21.75,22.28499984741211,14579400
2016-03-17,XLB,22.2450008392334,22.764999389648438,22.2450008392334,22.69499969482422,15561800
2016-03-18,XLB,22.7549991607666,22.8700008392334,22.584999084472656,22.709999084472656,15260400
2016-03-21,XLB,22.65999984741211,22.815000534057617,22.3799991607666,22.815000534057617,10149400
2016-03-22,XLB,22.375,22.639999389648438,22.34000015258789,22.55500030517578,8192200
2016-03-23,XLB,22.364999771118164,22.434999465942383,22.235000610351562,22.274999618530273,11327200
2016-03-24,XLB,22.09000015258789,22.28499984741211,21.9950008392334,22.274999618530273,7524200
2016-03-28,XLB,22.25,22.450000762939453,22.229999542236328,22.3700008392334,7898600
2016-03-29,XLB,22.21500015258789,22.5,22.139999389648438,22.4950008392334,8191200
2016-03-30,XLB,22.594999313354492,22.690000534057617,22.5,22.594999313354492,8072600
2016-03-31,XLB,22.6200008392334,22.649999618530273,22.329999923706055,22.405000686645508,11115600
2016-04-01,XLB,22.2450008392334,22.6200008392334,22.079999923706055,22.6200008392334,17181000
2016-04-04,XLB,22.475000381469727,22.604999542236328,22.28499984741211,22.325000762939453,11321200
2016-04-05,XLB,22.15999984741211,22.295000076293945,22.1299991607666,22.184999465942383,10966400
2016-04-06,XLB,22.1299991607666,22.440000534057617,21.985000610351562,22.440000534057617,11345400
2016-04-07,XLB,22.270000457763672,22.30500030517578,22.020000457763672,22.114999771118164,10134200
2016-04-08,XLB,22.235000610351562,22.510000228881836,22.235000610351562,22.260000228881836,8811400
2016-04-11,XLB,22.459999084472656,22.594999313354492,22.360000610351562,22.360000610351562,7691400
2016-04-12,XLB,22.4950008392334,22.709999084472656,22.3700008392334,22.670000076293945,9409800
2016-04-13,XLB,22.815000534057617,22.969999313354492,22.795000076293945,22.895000457763672,9651800
2016-04-14,XLB,22.9950008392334,23.03499984741211,22.860000610351562,22.90999984741211,7076600
2016-04-15,XLB,22.969999313354492,23.030000686645508,22.825000762939453,23.014999389648438,6874800
2016-04-18,XLB,22.899999618530273,23.125,22.815000534057617,23.1200008392334,8931400
2016-04-19,XLB,23.209999084472656,23.6299991607666,23.174999237060547,23.614999771118164,12652200
2016-04-20,XLB,23.645000457763672,23.65999984741211,23.485000610351562,23.545000076293945,13013400
2016-04-21,XLB,23.614999771118164,23.704999923706055,23.434999465942383,23.440000534057617,12141200
2016-04-22,XLB,23.514999389648438,23.68000030517578,23.475000381469727,23.604999542236328,10859600
2016-04-25,XLB,23.579999923706055,23.579999923706055,23.344999313354492,23.524999618530273,9203800
2016-04-26,XLB,23.545000076293945,23.7450008392334,23.524999618530273,23.71500015258789,10080000
2016-04-27,XLB,23.774999618530273,23.940000534057617,23.670000076293945,23.915000915527344,11411600
2016-04-28,XLB,23.735000610351562,23.954999923706055,23.59000015258789,23.690000534057617,11328200
2016-04-29,XLB,23.610000610351562,23.770000457763672,23.389999389648438,23.549999237060547,12743800
2016-05-02,XLB,23.645000457763672,23.649999618530273,23.405000686645508,23.635000228881836,12408000
2016-05-03,XLB,23.415000915527344,23.43000030517578,23.145000457763672,23.2450008392334,18644400
2016-05-04,XLB,23.040000915527344,23.184999465942383,22.860000610351562,23.010000228881836,16141200
2016-05-05,XLB,23.155000686645508,23.190000534057617,22.854999542236328,22.895000457763672,13942000
2016-05-06,XLB,22.844999313354492,23.100000381469727,22.770000457763672,23.079999923706055,13554600
2016-05-09,XLB,22.905000686645508,22.940000534057617,22.770000457763672,22.799999237060547,13138200
2016-05-10,XLB,22.915000915527344,23.200000762939453,22.8700008392334,23.18000030517578,13576400
2016-05-11,XLB,23.219999313354492,23.299999237060547,23.084999084472656,23.100000381469727,11365000
2016-05-12,XLB,23.520000457763672,23.594999313354492,23.1200008392334,23.200000762939453,19875200
2016-05-13,XLB,23.190000534057617,23.309999465942383,22.889999389648438,22.975000381469727,11247800
2016-05-16,XLB,23.024999618530273,23.395000457763672,23.014999389648438,23.3700008392334,11674200
2016-05-17,XLB,23.2549991607666,23.485000610351562,23.200000762939453,23.25,12844800
2016-05-18,XLB,23.1200008392334,23.290000915527344,22.790000915527344,22.895000457763672,19165600
2016-05-19,XLB,22.850000381469727,23.0049991607666,22.709999084472656,22.975000381469727,12529800
2016-05-20,XLB,23.06999969482422,23.235000610351562,23.05500030517578,23.139999389648438,9825200
2016-05-23,XLB,23.25,23.514999389648438,23.239999771118164,23.40999984741211,8569400
2016-05-24,XLB,23.485000610351562,23.6200008392334,23.44499969482422,23.565000534057617,9029400
2016-05-25,XLB,24.010000228881836,24.010000228881836,23.700000762939453,23.854999542236328,11174200
2016-05-26,XLB,23.93000030517578,24.09000015258789,23.584999084472656,23.600000381469727,6667200
2016-05-27,XLB,23.5,23.674999237060547,23.5,23.59000015258789,8625600
2016-05-31,XLB,23.700000762939453,23.700000762939453,23.434999465942383,23.469999313354492,8903800
2016-06-01,XLB,23.424999237060547,23.545000076293945,23.184999465942383,23.5,9823600
2016-06-02,XLB,23.475000381469727,23.645000457763672,23.3700008392334,23.6299991607666,6764000
2016-06-03,XLB,23.735000610351562,23.885000228881836,23.584999084472656,23.829999923706055,9948400
2016-06-06,XLB,23.934999465942383,24.100000381469727,23.895000457763672,24.075000762939453,13869400
2016-06-07,XLB,24.094999313354492,24.165000915527344,23.979999542236328,24.084999084472656,7281400
2016-06-08,XLB,24.239999771118164,24.299999237060547,24.139999389648438,24.225000381469727,7884400
2016-06-09,XLB,24.100000381469727,24.110000610351562,23.940000534057617,24.049999237060547,7931200
2016-06-10,XLB,23.899999618530273,24.010000228881836,23.809999465942383,23.8700008392334,9617800
2016-06-13,XLB,23.8799991607666,23.96500015258789,23.600000381469727,23.604999542236328,10488000
2016-06-14,XLB,23.53499984741211,23.610000610351562,23.274999618530273,23.43000030517578,15125000
2016-06-15,XLB,23.520000457763672,23.700000762939453,23.479999542236328,23.53499984741211,8335800
2016-06-16,XLB,23.434999465942383,23.625,23.229999542236328,23.614999771118164,11745400
2016-06-17,XLB,23.450000762939453,23.649999618530273,23.395000457763672,23.600000381469727,11854200
2016-06-20,XLB,23.825000762939453,24.030000686645508,23.719999313354492,23.735000610351562,11932000
2016-06-21,XLB,23.7549991607666,23.790000915527344,23.584999084472656,23.670000076293945,6126800
2016-06-22,XLB,23.690000534057617,23.780000686645508,23.655000686645508,23.69499969482422,6083400
2016-06-23,XLB,23.93000030517578,24.06999969482422,23.899999618530273,24.059999465942383,7116400
2016-06-24,XLB,23.239999771118164,23.53499984741211,22.950000762939453,23.010000228881836,24895000
2016-06-27,XLB,22.834999084472656,22.834999084472656,22.110000610351562,22.235000610351562,17979600
2016-06-28,XLB,22.415000915527344,22.559999465942383,22.190000534057617,22.424999237060547,20741200
2016-06-29,XLB,22.700000762939453,22.8799991607666,22.645000457763672,22.80500030517578,13311000
2016-06-30,XLB,22.8700008392334,23.18000030517578,22.7450008392334,23.170000076293945,11955600
2016-07-01,XLB,23.170000076293945,23.329999923706055,23.104999542236328,23.18000030517578,9928200
2016-07-05,XLB,23.059999465942383,23.149999618530273,22.68000030517578,22.760000228881836,11140200
2016-07-06,XLB,22.68000030517578,22.8799991607666,22.5049991607666,22.850000381469727,11675600
2016-07-07,XLB,22.770000457763672,23.094999313354492,22.770000457763672,22.90999984741211,8517200
2016-07-08,XLB,23.06999969482422,23.524999618530273,23.06999969482422,23.479999542236328,10483000
2016-07-11,XLB,23.559999465942383,23.65999984741211,23.5,23.594999313354492,9244600
2016-07-12,XLB,23.774999618530273,24.155000686645508,23.760000228881836,24.024999618530273,13508400
2016-07-13,XLB,24.065000534057617,24.125,23.94499969482422,24.09000015258789,7860800
2016-07-14,XLB,24.184999465942383,24.350000381469727,24.15999984741211,24.30500030517578,9951000
2016-07-15,XLB,24.389999389648438,24.459999084472656,24.325000762939453,24.389999389648438,7262200
2016-07-18,XLB,24.389999389648438,24.575000762939453,24.235000610351562,24.549999237060547,5911000
2016-07-19,XLB,24.420000076293945,24.510000228881836,24.30500030517578,24.405000686645508,7029600
2016-07-20,XLB,24.344999313354492,24.479999542236328,24.235000610351562,24.415000915527344,8024400
2016-07-21,XLB,24.43000030517578,24.434999465942383,24.174999237060547,24.264999389648438,7250600
2016-07-22,XLB,24.290000915527344,24.385000228881836,24.225000381469727,24.329999923706055,7778800
2016-07-25,XLB,24.30500030517578,24.30500030517578,24.125,24.290000915527344,9678400
2016-07-26,XLB,24.28499984741211,24.489999771118164,24.264999389648438,24.475000381469727,8344000
2016-07-27,XLB,24.4950008392334,24.59000015258789,24.325000762939453,24.5049991607666,8514200
2016-07-28,XLB,24.450000762939453,24.549999237060547,24.329999923706055,24.469999313354492,7331000
2016-07-29,XLB,24.399999618530273,24.420000076293945,24.174999237060547,24.344999313354492,8545600
2016-08-01,XLB,24.344999313354492,24.350000381469727,24.110000610351562,24.209999084472656,7131600
2016-08-02,XLB,24.190000534057617,24.260000228881836,23.985000610351562,24.145000457763672,12103200
2016-08-03,XLB,24.184999465942383,24.299999237060547,24.030000686645508,24.204999923706055,6950800
2016-08-04,XLB,24.204999923706055,24.3700008392334,24.155000686645508,24.30500030517578,7105000
2016-08-05,XLB,24.34000015258789,24.434999465942383,24.299999237060547,24.385000228881836,6312000
2016-08-08,XLB,24.40999984741211,24.5049991607666,24.375,24.434999465942383,9463600
2016-08-09,XLB,24.44499969482422,24.530000686645508,24.309999465942383,24.360000610351562,7983000
2016-08-10,XLB,24.405000686645508,24.475000381469727,24.329999923706055,24.364999771118164,4510600
2016-08-11,XLB,24.485000610351562,24.514999389648438,24.34000015258789,24.469999313354492,5391400
2016-08-12,XLB,24.469999313354492,24.4950008392334,24.15999984741211,24.209999084472656,6764400
2016-08-15,XLB,24.295000076293945,24.514999389648438,24.280000686645508,24.454999923706055,4634000
2016-08-16,XLB,24.4950008392334,24.59000015258789,24.315000534057617,24.325000762939453,6769200
2016-08-17,XLB,24.30500030517578,24.360000610351562,24.104999542236328,24.30500030517578,6152800
2016-08-18,XLB,24.315000534057617,24.459999084472656,24.30500030517578,24.459999084472656,6755800
2016-08-19,XLB,24.399999618530273,24.530000686645508,24.2549991607666,24.4950008392334,9812200
2016-08-22,XLB,24.405000686645508,24.4950008392334,24.274999618530273,24.459999084472656,6100000
2016-08-23,XLB,24.674999237060547,24.78499984741211,24.614999771118164,24.670000076293945,8259400
2016-08-24,XLB,24.635000228881836,24.635000228881836,24.354999542236328,24.385000228881836,7807800
2016-08-25,XLB,24.360000610351562,24.53499984741211,24.354999542236328,24.5049991607666,6776400
2016-08-26,XLB,24.600000381469727,24.760000228881836,24.264999389648438,24.364999771118164,11969600
2016-08-29,XLB,24.329999923706055,24.639999389648438,24.325000762939453,24.584999084472656,5967600
2016-08-30,XLB,24.575000762939453,24.704999923706055,24.479999542236328,24.524999618530273,7531600
2016-08-31,XLB,24.399999618530273,24.440000534057617,24.225000381469727,24.280000686645508,8380400
2016-09-01,XLB,24.354999542236328,24.40999984741211,24.200000762939453,24.3799991607666,9463600
2016-09-02,XLB,24.565000534057617,24.625,24.489999771118164,24.625,6608600
2016-09-06,XLB,24.649999618530273,24.71500015258789,24.46500015258789,24.56999969482422,6408600
2016-09-07,XLB,24.514999389648438,24.604999542236328,24.3799991607666,24.53499984741211,11484200
2016-09-08,XLB,24.489999771118164,24.545000076293945,24.354999542236328,24.43000030517578,5730200
2016-09-09,XLB,24.25,24.264999389648438,23.69499969482422,23.719999313354492,17347400
2016-09-12,XLB,23.579999923706055,24.010000228881836,23.53499984741211,23.94499969482422,13025600
2016-09-13,XLB,23.700000762939453,23.795000076293945,23.344999313354492,23.5,20948000
2016-09-14,XLB,23.5,23.59000015258789,23.375,23.44499969482422,15579600
2016-09-15,XLB,23.40999984741211,23.645000457763672,23.354999542236328,23.594999313354492,11751200
2016-09-16,XLB,23.315000534057617,23.420000076293945,23.274999618530273,23.3799991607666,17158000
2016-09-19,XLB,23.485000610351562,23.56999969482422,23.375,23.415000915527344,7353000
2016-09-20,XLB,23.59000015258789,23.6200008392334,23.34000015258789,23.344999313354492,7998800
2016-09-21,XLB,23.475000381469727,23.729999542236328,23.43000030517578,23.700000762939453,11192400
2016-09-22,XLB,23.8700008392334,23.979999542236328,23.71500015258789,23.774999618530273,5991400
2016-09-23,XLB,23.69499969482422,23.809999465942383,23.649999618530273,23.655000686645508,8620400
2016-09-26,XLB,23.670000076293945,23.704999923706055,23.514999389648438,23.545000076293945,7515600
2016-09-27,XLB,23.46500015258789,23.635000228881836,23.424999237060547,23.614999771118164,6643200
2016-09-28,XLB,23.670000076293945,23.90999984741211,23.559999465942383,23.885000228881836,9133200
2016-09-29,XLB,23.790000915527344,23.950000762939453,23.625,23.700000762939453,9322800
2016-09-30,XLB,23.844999313354492,23.959999084472656,23.770000457763672,23.875,9390600
2016-10-03,XLB,23.889999389648438,23.954999923706055,23.815000534057617,23.844999313354492,16199400
2016-10-04,XLB,23.8799991607666,23.924999237060547,23.479999542236328,23.520000457763672,11833600
2016-10-05,XLB,23.565000534057617,23.78499984741211,23.565000534057617,23.68000030517578,13485600
2016-10-06,XLB,23.625,23.889999389648438,23.59000015258789,23.875,10459600
2016-10-07,XLB,23.905000686645508,23.905000686645508,23.350000381469727,23.43000030517578,11781800
2016-10-10,XLB,23.56999969482422,23.739999771118164,23.520000457763672,23.56999969482422,6183800
2016-10-11,XLB,23.405000686645508,23.43000030517578,23.100000381469727,23.25,22701000
2016-10-12,XLB,23.270000457763672,23.290000915527344,23.09000015258789,23.204999923706055,8116400
2016-10-13,XLB,22.954999923706055,23.139999389648438,22.780000686645508,23.084999084472656,9894200
2016-10-14,XLB,23.184999465942383,23.325000762939453,23.135000228881836,23.15999984741211,9537400
2016-10-17,XLB,23.170000076293945,23.264999389648438,23.135000228881836,23.18000030517578,6538200
2016-10-18,XLB,23.40999984741211,23.459999084472656,23.309999465942383,23.389999389648438,5839600
2016-10-19,XLB,23.44499969482422,23.600000381469727,23.354999542236328,23.559999465942383,5369600
2016-10-20,XLB,23.530000686645508,23.6200008392334,23.3799991607666,23.540000915527344,5456400
2016-10-21,XLB,23.540000915527344,23.545000076293945,23.299999237060547,23.530000686645508,7725800
2016-10-24,XLB,23.6200008392334,23.65999984741211,23.524999618530273,23.584999084472656,6041400
2016-10-25,XLB,23.479999542236328,23.575000762939453,23.31999969482422,23.3700008392334,6744000
2016-10-26,XLB,23.34000015258789,23.375,23.229999542236328,23.334999084472656,6690200
2016-10-27,XLB,23.395000457763672,23.434999465942383,23.200000762939453,23.30500030517578,9517200
2016-10-28,XLB,23.375,23.559999465942383,23.239999771118164,23.364999771118164,10611400
2016-10-31,XLB,23.3700008392334,23.44499969482422,23.329999923706055,23.375,14324200
2016-11-01,XLB,23.424999237060547,23.520000457763672,23.110000610351562,23.239999771118164,28453800
2016-11-02,XLB,23.274999618530273,23.31999969482422,23.114999771118164,23.114999771118164,11679600
2016-11-03,XLB,23.100000381469727,23.239999771118164,23.059999465942383,23.1200008392334,8482800
2016-11-04,XLB,23.1200008392334,23.325000762939453,23.084999084472656,23.200000762939453,8831400
2016-11-07,XLB,23.469999313354492,23.55500030517578,23.395000457763672,23.55500030517578,14197000
2016-11-08,XLB,23.4950008392334,23.704999923706055,23.44499969482422,23.6299991607666,10583600
2016-11-09,XLB,23.614999771118164,24.184999465942383,23.424999237060547,24.1299991607666,29530200
2016-11-10,XLB,24.239999771118164,24.530000686645508,24.229999542236328,24.40999984741211,40670600
2016-11-11,XLB,24.375,24.399999618530273,23.924999237060547,24.075000762939453,13428000
2016-11-14,XLB,24.184999465942383,24.209999084472656,23.979999542236328,24.1299991607666,16677400
2016-11-15,XLB,24.114999771118164,24.235000610351562,23.94499969482422,24.229999542236328,13921400
2016-11-16,XLB,24.174999237060547,24.270000457763672,24.104999542236328,24.184999465942383,7433000
2016-11-17,XLB,24.260000228881836,24.280000686645508,24.06999969482422,24.19499969482422,8271800
2016-11-18,XLB,24.190000534057617,24.190000534057617,24.09000015258789,24.15999984741211,7788400
2016-11-21,XLB,24.19499969482422,24.454999923706055,24.19499969482422,24.44499969482422,7598200
2016-11-22,XLB,24.510000228881836,24.645000457763672,24.440000534057617,24.594999313354492,10270200
2016-11-23,XLB,24.549999237060547,24.719999313354492,24.479999542236328,24.704999923706055,6997600
2016-11-25,XLB,24.729999542236328,24.795000076293945,24.690000534057617,24.780000686645508,3205200
2016-11-28,XLB,24.795000076293945,24.795000076293945,24.625,24.68000030517578,9059400
2016-11-29,XLB,24.594999313354492,24.80500030517578,24.5,24.704999923706055,6861400
2016-11-30,XLB,24.834999084472656,25.030000686645508,24.7549991607666,24.969999313354492,14855000
2016-12-01,XLB,25.05500030517578,25.165000915527344,24.905000686645508,24.979999542236328,16413400
2016-12-02,XLB,24.959999084472656,25.06999969482422,24.844999313354492,24.989999771118164,12528200
2016-12-05,XLB,25.09000015258789,25.270000457763672,25.030000686645508,25.184999465942383,10625800
2016-12-06,XLB,25.184999465942383,25.219999313354492,25.024999618530273,25.21500015258789,13429600
2016-12-07,XLB,25.264999389648438,25.59000015258789,25.21500015258789,25.575000762939453,14901400
2016-12-08,XLB,25.604999542236328,25.844999313354492,25.594999313354492,25.7450008392334,14014200
2016-12-09,XLB,25.809999465942383,25.809999465942383,25.6200008392334,25.75,8984800
2016-12-12,XLB,25.78499984741211,25.844999313354492,25.6200008392334,25.635000228881836,9475000
2016-12-13,XLB,25.729999542236328,25.7450008392334,25.440000534057617,25.594999313354492,9274600
2016-12-14,XLB,25.59000015258789,25.6299991607666,25.2450008392334,25.290000915527344,18738400
2016-12-15,XLB,25.200000762939453,25.520000457763672,25.155000686645508,25.454999923706055,12862000
2016-12-16,XLB,25.395000457763672,25.395000457763672,25.145000457763672,25.209999084472656,10354600
2016-12-19,XLB,25.135000228881836,25.229999542236328,25.065000534057617,25.15999984741211,6404600
2016-12-20,XLB,25.1299991607666,25.200000762939453,25.045000076293945,25.18000030517578,8852800
2016-12-21,XLB,25.274999618530273,25.295000076293945,25.149999618530273,25.190000534057617,6560200
2016-12-22,XLB,25.165000915527344,25.19499969482422,25.010000228881836,25.084999084472656,6630800
2016-12-23,XLB,25.155000686645508,25.155000686645508,24.985000610351562,25.135000228881836,4314800
2016-12-27,XLB,25.204999923706055,25.299999237060547,25.104999542236328,25.270000457763672,7773000
2016-12-28,XLB,25.364999771118164,25.485000610351562,24.9950008392334,25.014999389648438,6155600
2016-12-29,XLB,25.0049991607666,25.1200008392334,24.975000381469727,25.014999389648438,5727000
2016-12-30,XLB,25.049999237060547,25.09000015258789,24.75,24.850000381469727,9859800
2017-01-03,XLB,24.915000915527344,25.135000228881836,24.815000534057617,24.9950008392334,15475000
2017-01-04,XLB,25.094999313354492,25.405000686645508,25.094999313354492,25.360000610351562,9084600
2017-01-05,XLB,25.329999923706055,25.424999237060547,25.200000762939453,25.28499984741211,7806000
2017-01-06,XLB,25.28499984741211,25.329999923706055,25.165000915527344,25.309999465942383,5894200
2017-01-09,XLB,25.290000915527344,25.545000076293945,25.264999389648438,25.30500030517578,14201200
2017-01-10,XLB,25.31999969482422,25.415000915527344,25.209999084472656,25.31999969482422,5688400
2017-01-11,XLB,25.274999618530273,25.540000915527344,25.274999618530273,25.524999618530273,13199800
2017-01-12,XLB,25.524999618530273,25.524999618530273,25.315000534057617,25.475000381469727,6312000
2017-01-13,XLB,25.479999542236328,25.5049991607666,25.3700008392334,25.434999465942383,4896800
2017-01-17,XLB,25.3700008392334,25.43000030517578,25.239999771118164,25.31999969482422,7363400
2017-01-18,XLB,25.389999389648438,25.5049991607666,25.30500030517578,25.479999542236328,6073400
2017-01-19,XLB,25.510000228881836,25.565000534057617,25.225000381469727,25.31999969482422,6606400
2017-01-20,XLB,25.40999984741211,25.59000015258789,25.389999389648438,25.545000076293945,10013800
2017-01-23,XLB,25.545000076293945,25.635000228881836,25.450000762939453,25.594999313354492,8322200
2017-01-24,XLB,25.690000534057617,26.315000534057617,25.690000534057617,26.2549991607666,15962000
2017-01-25,XLB,26.364999771118164,26.454999923706055,26.200000762939453,26.43000030517578,16441800
2017-01-26,XLB,26.434999465942383,26.6299991607666,26.3700008392334,26.5,10641200
2017-01-27,XLB,26.434999465942383,26.485000610351562,26.350000381469727,26.405000686645508,9305200
2017-01-30,XLB,26.309999465942383,26.309999465942383,26.024999618530273,26.135000228881836,12086200
2017-01-31,XLB,26.125,26.145000457763672,25.875,25.979999542236328,11053400
2017-02-01,XLB,25.969999313354492,26.15999984741211,25.895000457763672,26.110000610351562,20149800
2017-02-02,XLB,26.100000381469727,26.100000381469727,25.905000686645508,25.9950008392334,10131400
2017-02-03,XLB,26.03499984741211,26.079999923706055,25.954999923706055,26.040000915527344,11083600
2017-02-06,XLB,25.979999542236328,26.0049991607666,25.860000610351562,25.969999313354492,5445200
2017-02-07,XLB,25.899999618530273,25.940000534057617,25.725000381469727,25.764999389648438,8401600
2017-02-08,XLB,25.75,25.834999084472656,25.665000915527344,25.825000762939453,9378400
2017-02-09,XLB,25.825000762939453,25.895000457763672,25.760000228881836,25.815000534057617,16234800
2017-02-10,XLB,25.93000030517578,26.09000015258789,25.915000915527344,26.049999237060547,6955000
2017-02-13,XLB,26.149999618530273,26.334999084472656,26.149999618530273,26.264999389648438,7428200
2017-02-14,XLB,26.219999313354492,26.274999618530273,26.09000015258789,26.260000228881836,7324600
2017-02-15,XLB,26.190000534057617,26.309999465942383,26.174999237060547,26.225000381469727,6209800
2017-02-16,XLB,26.25,26.375,26.139999389648438,26.225000381469727,6408800
2017-02-17,XLB,26.174999237060547,26.209999084472656,26.05500030517578,26.149999618530273,7928200
2017-02-21,XLB,26.135000228881836,26.309999465942383,26.09000015258789,26.235000610351562,14751800
2017-02-22,XLB,26.1299991607666,26.450000762939453,26.114999771118164,26.30500030517578,10228800
2017-02-23,XLB,26.360000610351562,26.454999923706055,26.135000228881836,26.15999984741211,7070200
2017-02-24,XLB,26.049999237060547,26.235000610351562,26.010000228881836,26.21500015258789,9624600
2017-02-27,XLB,26.21500015258789,26.364999771118164,26.110000610351562,26.149999618530273,12595600
2017-02-28,XLB,26.1299991607666,26.25,26.084999084472656,26.125,7724400
2017-03-01,XLB,26.364999771118164,26.719999313354492,26.364999771118164,26.635000228881836,11802200
2017-03-02,XLB,26.614999771118164,26.625,26.350000381469727,26.350000381469727,9149400
2017-03-03,XLB,26.350000381469727,26.434999465942383,26.260000228881836,26.329999923706055,5924200
2017-03-06,XLB,26.235000610351562,26.30500030517578,26.1200008392334,26.15999984741211,7113400
2017-03-07,XLB,26.174999237060547,26.200000762939453,26.0049991607666,26.014999389648438,7676200
2017-03-08,XLB,26.03499984741211,26.28499984741211,25.975000381469727,26.014999389648438,10178200
2017-03-09,XLB,26.049999237060547,26.084999084472656,25.809999465942383,25.934999465942383,9039600
2017-03-10,XLB,26.075000762939453,26.139999389648438,25.934999465942383,26.05500030517578,9538200
2017-03-13,XLB,26.084999084472656,26.135000228881836,26.014999389648438,26.1299991607666,7070400
2017-03-14,XLB,26.024999618530273,26.045000076293945,25.875,25.905000686645508,11313000
2017-03-15,XLB,26.014999389648438,26.364999771118164,25.9950008392334,26.31999969482422,11398000
2017-03-16,XLB,26.3799991607666,26.415000915527344,26.100000381469727,26.139999389648438,13080200
2017-03-17,XLB,26.18000030517578,26.264999389648438,26.145000457763672,26.170000076293945,10261200
2017-03-20,XLB,26.190000534057617,26.329999923706055,26.09000015258789,26.315000534057617,5510400
2017-03-21,XLB,26.334999084472656,26.389999389648438,25.834999084472656,25.875,14679400
2017-03-22,XLB,25.854999542236328,25.969999313354492,25.684999465942383,25.950000762939453,11302800
2017-03-23,XLB,25.90999984741211,26.139999389648438,25.850000381469727,26.059999465942383,9532800
2017-03-24,XLB,26.045000076293945,26.114999771118164,25.719999313354492,25.829999923706055,12040600
2017-03-27,XLB,25.584999084472656,25.934999465942383,25.520000457763672,25.885000228881836,8577800
2017-03-28,XLB,25.920000076293945,26.274999618530273,25.854999542236328,26.184999465942383,7867200
2017-03-29,XLB,26.145000457763672,26.274999618530273,26.114999771118164,26.204999923706055,6022800
2017-03-30,XLB,26.190000534057617,26.350000381469727,26.18000030517578,26.209999084472656,5983200
2017-03-31,XLB,26.229999542236328,26.350000381469727,26.18000030517578,26.204999923706055,7425400
2017-04-03,XLB,26.21500015258789,26.31999969482422,25.895000457763672,26.104999542236328,9031000
2017-04-04,XLB,26.084999084472656,26.209999084472656,26.014999389648438,26.200000762939453,6526600
2017-04-05,XLB,26.280000686645508,26.4950008392334,26.155000686645508,26.18000030517578,10009800
2017-04-06,XLB,26.204999923706055,26.420000076293945,26.1200008392334,26.31999969482422,6164000
2017-04-07,XLB,26.2450008392334,26.385000228881836,26.21500015258789,26.295000076293945,5061800
2017-04-10,XLB,26.295000076293945,26.375,26.200000762939453,26.299999237060547,6923000
2017-04-11,XLB,26.219999313354492,26.280000686645508,26.079999923706055,26.229999542236328,7831400
2017-04-12,XLB,26.19499969482422,26.239999771118164,25.889999389648438,25.905000686645508,7779600
2017-04-13,XLB,25.854999542236328,25.905000686645508,25.635000228881836,25.655000686645508,8387000
2017-04-17,XLB,25.725000381469727,25.850000381469727,25.674999237060547,25.84000015258789,7702000
2017-04-18,XLB,25.725000381469727,25.889999389648438,25.69499969482422,25.809999465942383,5073800
2017-04-19,XLB,25.899999618530273,25.975000381469727,25.799999237060547,25.844999313354492,6260400
2017-04-20,XLB,25.959999084472656,26.235000610351562,25.940000534057617,26.1299991607666,8138800
2017-04-21,XLB,26.110000610351562,26.170000076293945,26.030000686645508,26.100000381469727,7183200
2017-04-24,XLB,26.385000228881836,26.469999313354492,26.34000015258789,26.399999618530273,11133600
2017-04-25,XLB,26.6299991607666,26.860000610351562,26.614999771118164,26.825000762939453,15884600
2017-04-26,XLB,26.78499984741211,26.90999984741211,26.719999313354492,26.81999969482422,6333800
2017-04-27,XLB,26.78499984741211,26.84000015258789,26.584999084472656,26.760000228881836,9210000
2017-04-28,XLB,26.704999923706055,26.78499984741211,26.53499984741211,26.53499984741211,8080000
2017-05-01,XLB,26.65999984741211,26.65999984741211,26.475000381469727,26.549999237060547,7949600
2017-05-02,XLB,26.559999465942383,26.635000228881836,26.475000381469727,26.594999313354492,6931600
2017-05-03,XLB,26.485000610351562,26.545000076293945,26.260000228881836,26.334999084472656,13197800
2017-05-04,XLB,26.40999984741211,26.43000030517578,26.280000686645508,26.364999771118164,7487000
2017-05-05,XLB,26.415000915527344,26.760000228881836,26.415000915527344,26.739999771118164,11447400
2017-05-08,XLB,26.68000030517578,26.71500015258789,26.469999313354492,26.524999618530273,10216200
2017-05-09,XLB,26.5,26.549999237060547,26.290000915527344,26.325000762939453,9386400
2017-05-10,XLB,26.364999771118164,26.44499969482422,26.299999237060547,26.40999984741211,6388000
2017-05-11,XLB,26.34000015258789,26.43000030517578,26.1299991607666,26.3700008392334,6680600
2017-05-12,XLB,26.350000381469727,26.385000228881836,26.28499984741211,26.30500030517578,4718400
2017-05-15,XLB,26.385000228881836,26.614999771118164,26.385000228881836,26.53499984741211,6526200
2017-05-16,XLB,26.545000076293945,26.604999542236328,26.5049991607666,26.540000915527344,6068800
2017-05-17,XLB,26.354999542236328,26.375,25.975000381469727,25.979999542236328,16264800
2017-05-18,XLB,25.8799991607666,26.059999465942383,25.674999237060547,25.9950008392334,13926600
2017-05-19,XLB,26.045000076293945,26.329999923706055,26.040000915527344,26.219999313354492,9978600
2017-05-22,XLB,26.309999465942383,26.375,26.174999237060547,26.25,5743200
2017-05-23,XLB,26.30500030517578,26.3700008392334,26.235000610351562,26.270000457763672,7096000
2017-05-24,XLB,26.325000762939453,26.5049991607666,26.31999969482422,26.44499969482422,6011400
2017-05-25,XLB,26.540000915527344,26.604999542236328,26.354999542236328,26.415000915527344,9707600
2017-05-26,XLB,26.375,26.489999771118164,26.344999313354492,26.46500015258789,4240200
2017-05-30,XLB,26.424999237060547,26.510000228881836,26.3700008392334,26.459999084472656,5597600
2017-05-31,XLB,26.4950008392334,26.545000076293945,26.28499984741211,26.540000915527344,12339000
2017-06-01,XLB,26.524999618530273,26.889999389648438,26.520000457763672,26.860000610351562,15808200
2017-06-02,XLB,26.850000381469727,26.985000610351562,26.795000076293945,26.924999237060547,9810800
2017-06-05,XLB,26.899999618530273,26.954999923706055,26.80500030517578,26.84000015258789,5658600
2017-06-06,XLB,26.764999389648438,26.93000030517578,26.704999923706055,26.854999542236328,8257200
2017-06-07,XLB,26.940000534057617,26.985000610351562,26.80500030517578,26.889999389648438,8331200
2017-06-08,XLB,26.844999313354492,27.05500030517578,26.84000015258789,26.969999313354492,7152400
2017-06-09,XLB,27.030000686645508,27.344999313354492,27.030000686645508,27.315000534057617,14996600
2017-06-12,XLB,27.280000686645508,27.43000030517578,27.149999618530273,27.209999084472656,11520800
2017-06-13,XLB,27.19499969482422,27.559999465942383,27.19499969482422,27.549999237060547,6725000
2017-06-14,XLB,27.59000015258789,27.610000610351562,27.184999465942383,27.260000228881836,11182400
2017-06-15,XLB,27.06999969482422,27.170000076293945,26.905000686645508,27.020000457763672,9720200
2017-06-16,XLB,27.020000457763672,27.024999618530273,26.860000610351562,27.010000228881836,9150200
2017-06-19,XLB,27.145000457763672,27.260000228881836,27.110000610351562,27.225000381469727,5012800
2017-06-20,XLB,27.170000076293945,27.170000076293945,27.06999969482422,27.075000762939453,6916800
2017-06-21,XLB,27.110000610351562,27.135000228881836,26.7549991607666,26.790000915527344,9522600
2017-06-22,XLB,26.790000915527344,26.920000076293945,26.770000457763672,26.81999969482422,6704200
2017-06-23,XLB,26.885000228881836,27.0049991607666,26.780000686645508,26.924999237060547,6690800
2017-06-26,XLB,27.014999389648438,27.049999237060547,26.895000457763672,27.0049991607666,8108200
2017-06-27,XLB,27.059999465942383,27.094999313354492,26.829999923706055,26.84000015258789,7226400
2017-06-28,XLB,27.03499984741211,27.149999618530273,26.985000610351562,27.084999084472656,6592000
2017-06-29,XLB,27.075000762939453,27.1200008392334,26.690000534057617,26.760000228881836,8811600
2017-06-30,XLB,26.80500030517578,27.024999618530273,26.799999237060547,26.905000686645508,6258400
2017-07-03,XLB,26.969999313354492,27.209999084472656,26.94499969482422,27.139999389648438,6217000
2017-07-05,XLB,27.170000076293945,27.18000030517578,26.959999084472656,27.049999237060547,11411400
2017-07-06,XLB,26.899999618530273,27.075000762939453,26.850000381469727,26.93000030517578,9858800
2017-07-07,XLB,26.975000381469727,27.100000381469727,26.8700008392334,27.06999969482422,5246800
2017-07-10,XLB,27.065000534057617,27.350000381469727,26.954999923706055,27.239999771118164,7711800
2017-07-11,XLB,27.239999771118164,27.270000457763672,27.03499984741211,27.200000762939453,4017200
2017-07-12,XLB,27.344999313354492,27.540000915527344,27.299999237060547,27.514999389648438,5802400
2017-07-13,XLB,27.540000915527344,27.59000015258789,27.44499969482422,27.485000610351562,4266000
2017-07-14,XLB,27.584999084472656,27.68000030517578,27.510000228881836,27.625,6508800
2017-07-17,XLB,27.639999389648438,27.75,27.579999923706055,27.68000030517578,5979600
2017-07-18,XLB,27.604999542236328,27.610000610351562,27.459999084472656,27.565000534057617,4634600
2017-07-19,XLB,27.575000762939453,27.850000381469727,27.575000762939453,27.829999923706055,6846200
2017-07-20,XLB,27.764999389648438,27.774999618530273,27.540000915527344,27.625,9041000
2017-07-21,XLB,27.545000076293945,27.635000228881836,27.5049991607666,27.6299991607666,5447000
2017-07-24,XLB,27.600000381469727,27.645000457763672,27.489999771118164,27.604999542236328,5522200
2017-07-25,XLB,27.844999313354492,27.959999084472656,27.809999465942383,27.899999618530273,9110400
2017-07-26,XLB,27.8799991607666,27.8799991607666,27.690000534057617,27.729999542236328,7624000
2017-07-27,XLB,27.760000228881836,27.809999465942383,27.5,27.6299991607666,7578600
2017-07-28,XLB,27.655000686645508,27.739999771118164,27.424999237060547,27.530000686645508,9382400
2017-07-31,XLB,27.59000015258789,27.625,27.30500030517578,27.31999969482422,9019600
2017-08-01,XLB,27.434999465942383,27.434999465942383,27.204999923706055,27.34000015258789,21064400
2017-08-02,XLB,27.260000228881836,27.405000686645508,27.139999389648438,27.364999771118164,6439000
2017-08-03,XLB,27.454999923706055,27.454999923706055,27.1299991607666,27.15999984741211,7983600
2017-08-04,XLB,27.239999771118164,27.31999969482422,27.225000381469727,27.290000915527344,5272600
2017-08-07,XLB,27.329999923706055,27.405000686645508,27.28499984741211,27.30500030517578,5056200
2017-08-08,XLB,27.25,27.274999618530273,27.03499984741211,27.09000015258789,8324000
2017-08-09,XLB,27.06999969482422,27.149999618530273,27.024999618530273,27.114999771118164,6909800
2017-08-10,XLB,27.014999389648438,27.059999465942383,26.780000686645508,26.80500030517578,12957600
2017-08-11,XLB,26.725000381469727,26.84000015258789,26.704999923706055,26.739999771118164,7830000
2017-08-14,XLB,26.8799991607666,27.03499984741211,26.8799991607666,26.989999771118164,7159600
2017-08-15,XLB,27.010000228881836,27.045000076293945,26.915000915527344,26.9950008392334,3973000
2017-08-16,XLB,27.084999084472656,27.260000228881836,27.079999923706055,27.260000228881836,10653400
2017-08-17,XLB,27.170000076293945,27.21500015258789,26.84000015258789,26.844999313354492,8904000
2017-08-18,XLB,26.75,26.975000381469727,26.735000610351562,26.854999542236328,7537400
2017-08-21,XLB,26.899999618530273,26.954999923706055,26.815000534057617,26.8799991607666,5403200
2017-08-22,XLB,26.954999923706055,27.229999542236328,26.954999923706055,27.229999542236328,6240800
2017-08-23,XLB,27.110000610351562,27.270000457763672,27.079999923706055,27.18000030517578,8219200
2017-08-24,XLB,27.174999237060547,27.225000381469727,27.094999313354492,27.1299991607666,5330400
2017-08-25,XLB,27.229999542236328,27.274999618530273,27.15999984741211,27.21500015258789,5828800
2017-08-28,XLB,27.315000534057617,27.315000534057617,27.139999389648438,27.2549991607666,4621600
2017-08-29,XLB,27.09000015258789,27.15999984741211,27.020000457763672,27.125,6019600
2017-08-30,XLB,27.104999542236328,27.354999542236328,27.030000686645508,27.325000762939453,10283800
2017-08-31,XLB,27.450000762939453,27.594999313354492,27.424999237060547,27.53499984741211,9280600
2017-09-01,XLB,27.6299991607666,27.7450008392334,27.565000534057617,27.71500015258789,10567400
2017-09-05,XLB,27.739999771118164,27.809999465942383,27.3700008392334,27.399999618530273,13656000
2017-09-06,XLB,27.424999237060547,27.510000228881836,27.270000457763672,27.469999313354492,12517000
2017-09-07,XLB,27.5049991607666,27.530000686645508,27.34000015258789,27.514999389648438,8885200
2017-09-08,XLB,27.4950008392334,27.53499984741211,27.385000228881836,27.5049991607666,5438400
2017-09-11,XLB,27.655000686645508,27.940000534057617,27.604999542236328,27.864999771118164,10144600
2017-09-12,XLB,27.989999771118164,28.19499969482422,27.985000610351562,28.100000381469727,13287400
2017-09-13,XLB,28.104999542236328,28.114999771118164,27.950000762939453,28.09000015258789,8780600
2017-09-14,XLB,28.09000015258789,28.229999542236328,28.024999618530273,28.184999465942383,8557600
2017-09-15,XLB,28.014999389648438,28.084999084472656,27.940000534057617,28.03499984741211,9401800
2017-09-18,XLB,28.09000015258789,28.219999313354492,28.040000915527344,28.190000534057617,8851400
2017-09-19,XLB,28.280000686645508,28.350000381469727,28.15999984741211,28.334999084472656,6064000
2017-09-20,XLB,28.424999237060547,28.4950008392334,28.280000686645508,28.434999465942383,8864800
2017-09-21,XLB,28.3799991607666,28.479999542236328,28.3700008392334,28.375,6344800
2017-09-22,XLB,28.325000762939453,28.364999771118164,28.229999542236328,28.274999618530273,5887200
2017-09-25,XLB,28.2549991607666,28.325000762939453,28.125,28.325000762939453,10978000
2017-09-26,XLB,28.350000381469727,28.385000228881836,28.190000534057617,28.200000762939453,5490600
2017-09-27,XLB,28.235000610351562,28.274999618530273,27.9950008392334,28.200000762939453,7937200
2017-09-28,XLB,28.174999237060547,28.405000686645508,28.100000381469727,28.399999618530273,8713400
2017-09-29,XLB,28.3799991607666,28.440000534057617,28.264999389648438,28.399999618530273,8288800
2017-10-02,XLB,28.364999771118164,28.709999084472656,28.354999542236328,28.709999084472656,15031800
2017-10-03,XLB,28.75,28.844999313354492,28.670000076293945,28.829999923706055,7337600
2017-10-04,XLB,28.860000610351562,28.924999237060547,28.81999969482422,28.84000015258789,7681000
2017-10-05,XLB,28.899999618530273,29.014999389648438,28.860000610351562,29.014999389648438,7340000
2017-10-06,XLB,28.889999389648438,28.96500015258789,28.834999084472656,28.950000762939453,5262400
2017-10-09,XLB,28.979999542236328,28.9950008392334,28.850000381469727,28.94499969482422,3339000
2017-10-10,XLB,29.05500030517578,29.05500030517578,28.864999771118164,28.96500015258789,5144000
2017-10-11,XLB,28.950000762939453,28.979999542236328,28.829999923706055,28.979999542236328,4033600
2017-10-12,XLB,28.920000076293945,29.075000762939453,28.90999984741211,29.03499984741211,6376200
2017-10-13,XLB,29.219999313354492,29.25,29.15999984741211,29.174999237060547,6715800
2017-10-16,XLB,29.30500030517578,29.31999969482422,29.06999969482422,29.155000686645508,6626200
2017-10-17,XLB,29.1200008392334,29.139999389648438,29.0049991607666,29.079999923706055,5482200
2017-10-18,XLB,29.09000015258789,29.110000610351562,28.985000610351562,29.010000228881836,8878600
2017-10-19,XLB,28.950000762939453,29.1200008392334,28.850000381469727,29.1200008392334,5450800
2017-10-20,XLB,29.229999542236328,29.3700008392334,29.219999313354492,29.3700008392334,9474800
2017-10-23,XLB,29.459999084472656,29.584999084472656,29.299999237060547,29.315000534057617,6293000
2017-10-24,XLB,29.389999389648438,29.524999618530273,29.3700008392334,29.479999542236328,8450400
2017-10-25,XLB,29.479999542236328,29.514999389648438,29.19499969482422,29.325000762939453,11317800
2017-10-26,XLB,29.575000762939453,29.809999465942383,29.46500015258789,29.71500015258789,13985800
2017-10-27,XLB,29.690000534057617,29.690000534057617,29.389999389648438,29.559999465942383,10382200
2017-10-30,XLB,29.690000534057617,29.690000534057617,29.360000610351562,29.420000076293945,10491400
2017-10-31,XLB,29.454999923706055,29.575000762939453,29.44499969482422,29.5,8011800
2017-11-01,XLB,29.649999618530273,29.739999771118164,29.53499984741211,29.645000457763672,11202000
2017-11-02,XLB,29.684999465942383,29.684999465942383,29.364999771118164,29.43000030517578,25637600
2017-11-03,XLB,29.450000762939453,29.450000762939453,29.274999618530273,29.415000915527344,7582000
2017-11-06,XLB,29.375,29.5,29.260000228881836,29.290000915527344,7396600
2017-11-07,XLB,29.334999084472656,29.3799991607666,29.229999542236328,29.31999969482422,7251600
2017-11-08,XLB,29.364999771118164,29.405000686645508,29.270000457763672,29.350000381469727,5133400
2017-11-09,XLB,29.200000762939453,29.25,29.010000228881836,29.100000381469727,9454200
2017-11-10,XLB,29.0049991607666,29.135000228881836,28.9950008392334,29.05500030517578,5700000
2017-11-13,XLB,28.94499969482422,29.2450008392334,28.850000381469727,29.204999923706055,5408400
2017-11-14,XLB,29.030000686645508,29.059999465942383,28.864999771118164,28.940000534057617,7373400
2017-11-15,XLB,28.764999389648438,28.84000015258789,28.6299991607666,28.764999389648438,10961200
2017-11-16,XLB,28.864999771118164,29.149999618530273,28.84000015258789,29.114999771118164,7014800
2017-11-17,XLB,29.040000915527344,29.25,29.014999389648438,29.155000686645508,5651800
2017-11-20,XLB,29.1299991607666,29.280000686645508,29.09000015258789,29.19499969482422,8318200
2017-11-21,XLB,29.360000610351562,29.4950008392334,29.315000534057617,29.350000381469727,6200400
2017-11-22,XLB,29.3799991607666,29.389999389648438,29.270000457763672,29.270000457763672,4751600
2017-11-24,XLB,29.334999084472656,29.454999923706055,29.31999969482422,29.420000076293945,2446400
2017-11-27,XLB,29.434999465942383,29.434999465942383,29.239999771118164,29.2450008392334,7602400
2017-11-28,XLB,29.295000076293945,29.584999084472656,29.280000686645508,29.56999969482422,8801400
2017-11-29,XLB,29.604999542236328,29.635000228881836,29.510000228881836,29.614999771118164,7738200
2017-11-30,XLB,29.68000030517578,29.985000610351562,29.625,29.780000686645508,15017200
2017-12-01,XLB,29.834999084472656,29.875,29.309999465942383,29.53499984741211,16367800
2017-12-04,XLB,29.7450008392334,30.084999084472656,29.735000610351562,29.84000015258789,13046800
2017-12-05,XLB,29.850000381469727,29.899999618530273,29.68000030517578,29.690000534057617,16453600
2017-12-06,XLB,29.635000228881836,29.700000762939453,29.5049991607666,29.514999389648438,8077400
2017-12-07,XLB,29.485000610351562,29.719999313354492,29.424999237060547,29.71500015258789,7160600
2017-12-08,XLB,29.75,29.850000381469727,29.649999618530273,29.71500015258789,10270400
2017-12-11,XLB,29.795000076293945,29.8799991607666,29.709999084472656,29.7549991607666,10457400
2017-12-12,XLB,29.815000534057617,29.854999542236328,29.729999542236328,29.760000228881836,12029000
2017-12-13,XLB,29.780000686645508,29.8799991607666,29.770000457763672,29.84000015258789,8363400
2017-12-14,XLB,29.915000915527344,29.915000915527344,29.4950008392334,29.510000228881836,8369000
2017-12-15,XLB,29.479999542236328,29.625,29.434999465942383,29.540000915527344,10058000
2017-12-18,XLB,29.735000610351562,30.0,29.71500015258789,29.975000381469727,9742600
2017-12-19,XLB,29.9950008392334,30.045000076293945,29.915000915527344,29.940000534057617,6309600
2017-12-20,XLB,30.079999923706055,30.094999313354492,29.950000762939453,29.950000762939453,9517000
2017-12-21,XLB,30.084999084472656,30.1200008392334,29.940000534057617,30.05500030517578,6423800
2017-12-22,XLB,30.104999542236328,30.19499969482422,30.045000076293945,30.170000076293945,6011200
2017-12-26,XLB,30.184999465942383,30.219999313354492,30.125,30.145000457763672,3319600
2017-12-27,XLB,30.200000762939453,30.2450008392334,30.15999984741211,30.184999465942383,8373200
2017-12-28,XLB,30.219999313354492,30.325000762939453,30.155000686645508,30.31999969482422,3130800
2017-12-29,XLB,30.434999465942383,30.434999465942383,30.235000610351562,30.264999389648438,4969600
2018-01-02,XLB,30.424999237060547,30.704999923706055,30.344999313354492,30.69499969482422,17958400
2018-01-03,XLB,30.774999618530273,30.94499969482422,30.704999923706055,30.90999984741211,9904600
2018-01-04,XLB,31.040000915527344,31.2450008392334,31.024999618530273,31.18000030517578,8240200
2018-01-05,XLB,31.315000534057617,31.46500015258789,31.2450008392334,31.43000030517578,9344000
2018-01-08,XLB,31.459999084472656,31.5049991607666,31.31999969482422,31.475000381469727,9078200
2018-01-09,XLB,31.514999389648438,31.65999984741211,31.405000686645508,31.424999237060547,9511000
2018-01-10,XLB,31.364999771118164,31.3700008392334,31.170000076293945,31.235000610351562,8440800
2018-01-11,XLB,31.360000610351562,31.645000457763672,31.334999084472656,31.645000457763672,11642600
2018-01-12,XLB,31.764999389648438,31.78499984741211,31.584999084472656,31.69499969482422,9097400
2018-01-16,XLB,31.790000915527344,31.829999923706055,31.1299991607666,31.325000762939453,17025800
2018-01-17,XLB,31.549999237060547,31.610000610351562,31.34000015258789,31.469999313354492,21698800
2018-01-18,XLB,31.375,31.565000534057617,31.264999389648438,31.450000762939453,11787400
2018-01-19,XLB,31.594999313354492,31.655000686645508,31.46500015258789,31.639999389648438,9866400
2018-01-22,XLB,31.594999313354492,31.594999313354492,31.395000457763672,31.565000534057617,11438000
2018-01-23,XLB,31.5,31.584999084472656,31.334999084472656,31.559999465942383,8043000
2018-01-24,XLB,31.639999389648438,31.854999542236328,31.559999465942383,31.69499969482422,11488400
2018-01-25,XLB,31.84000015258789,32.040000915527344,31.774999618530273,31.905000686645508,15536600
2018-01-26,XLB,31.924999237060547,32.084999084472656,31.69499969482422,32.04499816894531,7762600
2018-01-29,XLB,32.02000045776367,32.060001373291016,31.65999984741211,31.68000030517578,10662200
2018-01-30,XLB,31.545000076293945,31.69499969482422,31.3799991607666,31.450000762939453,17635000
2018-01-31,XLB,31.549999237060547,31.579999923706055,31.264999389648438,31.475000381469727,19825200
2018-02-01,XLB,31.2549991607666,31.459999084472656,30.989999771118164,31.045000076293945,18972200
2018-02-02,XLB,30.875,30.920000076293945,30.204999923706055,30.229999542236328,19349400
2018-02-05,XLB,30.104999542236328,30.434999465942383,29.075000762939453,29.075000762939453,37141400
2018-02-06,XLB,28.649999618530273,30.075000762939453,28.56999969482422,30.024999618530273,38680600
2018-02-07,XLB,29.889999389648438,30.299999237060547,29.7549991607666,29.7549991607666,33502000
2018-02-08,XLB,29.799999237060547,29.864999771118164,28.700000762939453,28.709999084472656,25600000
2018-02-09,XLB,29.024999618530273,29.405000686645508,28.309999465942383,29.209999084472656,52835000
2018-02-12,XLB,29.440000534057617,29.975000381469727,29.354999542236328,29.799999237060547,20940400
2018-02-13,XLB,29.68000030517578,29.860000610351562,29.610000610351562,29.725000381469727,13552600
2018-02-14,XLB,29.479999542236328,30.184999465942383,29.420000076293945,30.125,15999400
2018-02-15,XLB,30.34000015258789,30.3700008392334,29.979999542236328,30.350000381469727,12298200
2018-02-16,XLB,30.209999084472656,30.53499984741211,30.104999542236328,30.239999771118164,16917000
2018-02-20,XLB,30.110000610351562,30.329999923706055,29.9950008392334,30.104999542236328,10487400
2018-02-21,XLB,30.1299991607666,30.53499984741211,29.9950008392334,30.0,9994600
2018-02-22,XLB,30.1299991607666,30.479999542236328,30.09000015258789,30.200000762939453,9058800
2018-02-23,XLB,30.375,30.655000686645508,30.219999313354492,30.645000457763672,7064000
2018-02-26,XLB,30.774999618530273,30.799999237060547,30.475000381469727,30.780000686645508,6509000
2018-02-27,XLB,30.75,30.795000076293945,30.354999542236328,30.354999542236328,11837200
2018-02-28,XLB,30.440000534057617,30.469999313354492,29.809999465942383,29.815000534057617,11141400
2018-03-01,XLB,29.799999237060547,29.924999237060547,29.290000915527344,29.510000228881836,19925000
2018-03-02,XLB,29.334999084472656,29.559999465942383,29.184999465942383,29.479999542236328,16019400
2018-03-05,XLB,29.344999313354492,29.954999923706055,29.30500030517578,29.8700008392334,13161200
2018-03-06,XLB,30.0049991607666,30.424999237060547,29.860000610351562,30.200000762939453,17615000
2018-03-07,XLB,29.8799991607666,30.170000076293945,29.829999923706055,30.09000015258789,16786600
2018-03-08,XLB,30.155000686645508,30.21500015258789,29.90999984741211,30.114999771118164,10334600
2018-03-09,XLB,30.30500030517578,30.674999237060547,30.190000534057617,30.65999984741211,11726400
2018-03-12,XLB,30.69499969482422,30.844999313354492,30.524999618530273,30.584999084472656,9550400
2018-03-13,XLB,30.75,30.8700008392334,30.424999237060547,30.459999084472656,12138400
2018-03-14,XLB,30.594999313354492,30.600000381469727,30.024999618530273,30.084999084472656,10858800
2018-03-15,XLB,30.125,30.149999618530273,29.684999465942383,29.690000534057617,10470600
2018-03-16,XLB,29.520000457763672,29.735000610351562,29.46500015258789,29.575000762939453,11053000
2018-03-19,XLB,29.489999771118164,29.510000228881836,28.934999465942383,29.149999618530273,12682400
2018-03-20,XLB,29.2549991607666,29.350000381469727,29.059999465942383,29.1200008392334,7228800
2018-03-21,XLB,29.190000534057617,29.71500015258789,29.09000015258789,29.450000762939453,9707400
2018-03-22,XLB,29.21500015258789,29.31999969482422,28.55500030517578,28.56999969482422,15399400
2018-03-23,XLB,28.635000228881836,28.71500015258789,27.985000610351562,28.010000228881836,15817800
2018-03-26,XLB,28.34000015258789,28.610000610351562,28.075000762939453,28.584999084472656,11684200
2018-03-27,XLB,28.65999984741211,28.84000015258789,28.149999618530273,28.295000076293945,14582000
2018-03-28,XLB,28.344999313354492,28.450000762939453,27.844999313354492,27.934999465942383,23688400
2018-03-29,XLB,28.065000534057617,28.6200008392334,28.040000915527344,28.469999313354492,12421400
2018-04-02,XLB,28.375,28.514999389648438,27.604999542236328,27.850000381469727,18658800
2018-04-03,XLB,27.915000915527344,28.325000762939453,27.739999771118164,28.2450008392334,13572800
2018-04-04,XLB,27.774999618530273,28.454999923706055,27.614999771118164,28.43000030517578,12873400
2018-04-05,XLB,28.565000534057617,29.059999465942383,28.520000457763672,28.959999084472656,15388600
2018-04-06,XLB,28.674999237060547,28.809999465942383,28.075000762939453,28.2549991607666,15822800
2018-04-09,XLB,28.40999984741211,28.75,28.209999084472656,28.40999984741211,12578400
2018-04-10,XLB,28.790000915527344,29.155000686645508,28.75,28.9950008392334,25605200
2018-04-11,XLB,28.78499984741211,28.899999618530273,28.670000076293945,28.780000686645508,12914800
2018-04-12,XLB,28.90999984741211,29.204999923706055,28.834999084472656,29.084999084472656,7073600
2018-04-13,XLB,29.2450008392334,29.325000762939453,28.950000762939453,29.05500030517578,8643600
2018-04-16,XLB,29.270000457763672,29.489999771118164,29.1200008392334,29.44499969482422,12664200
2018-04-17,XLB,29.635000228881836,29.864999771118164,29.5049991607666,29.780000686645508,9562400
2018-04-18,XLB,29.950000762939453,30.125,29.8799991607666,29.9950008392334,9472400
2018-04-19,XLB,30.030000686645508,30.030000686645508,29.549999237060547,29.65999984741211,11639200
2018-04-20,XLB,29.665000915527344,29.7549991607666,29.375,29.5,8702200
2018-04-23,XLB,29.440000534057617,29.53499984741211,29.334999084472656,29.415000915527344,6195400
2018-04-24,XLB,29.524999618530273,29.524999618530273,28.31999969482422,28.6200008392334,17448400
2018-04-25,XLB,28.670000076293945,28.864999771118164,28.40999984741211,28.774999618530273,15901000
2018-04-26,XLB,28.90999984741211,29.075000762939453,28.7450008392334,28.954999923706055,9875200
2018-04-27,XLB,28.959999084472656,29.03499984741211,28.674999237060547,28.8799991607666,15796800
2018-04-30,XLB,28.924999237060547,29.024999618530273,28.475000381469727,28.5049991607666,9750400
2018-05-01,XLB,28.350000381469727,28.489999771118164,28.110000610351562,28.479999542236328,12562200
2018-05-02,XLB,28.524999618530273,28.635000228881836,28.360000610351562,28.415000915527344,12740600
2018-05-03,XLB,28.450000762939453,28.729999542236328,28.145000457763672,28.545000076293945,19521600
2018-05-04,XLB,28.360000610351562,29.059999465942383,28.344999313354492,28.899999618530273,8905800
2018-05-07,XLB,28.93000030517578,29.06999969482422,28.790000915527344,28.889999389648438,9891600
2018-05-08,XLB,28.81999969482422,28.950000762939453,28.674999237060547,28.829999923706055,7349200
2018-05-09,XLB,28.940000534057617,29.28499984741211,28.940000534057617,29.2450008392334,24065800
2018-05-10,XLB,29.270000457763672,29.625,29.25,29.454999923706055,9666000
2018-05-11,XLB,29.475000381469727,29.684999465942383,29.405000686645508,29.44499969482422,7105000
2018-05-14,XLB,29.530000686645508,29.655000686645508,29.44499969482422,29.559999465942383,5571600
2018-05-15,XLB,29.40999984741211,29.520000457763672,29.229999542236328,29.469999313354492,14327600
2018-05-16,XLB,29.469999313354492,29.860000610351562,29.469999313354492,29.81999969482422,6724800
2018-05-17,XLB,29.75,30.0,29.75,29.889999389648438,20734600
2018-05-18,XLB,29.854999542236328,30.014999389648438,29.84000015258789,29.93000030517578,6550800
2018-05-21,XLB,30.09000015258789,30.15999984741211,29.985000610351562,30.09000015258789,10592000
2018-05-22,XLB,30.09000015258789,30.18000030517578,29.809999465942383,29.84000015258789,7705000
2018-05-23,XLB,29.645000457763672,29.780000686645508,29.5049991607666,29.770000457763672,7298800
2018-05-24,XLB,29.709999084472656,29.81999969482422,29.514999389648438,29.665000915527344,7098800
2018-05-25,XLB,29.540000915527344,29.594999313354492,29.399999618530273,29.5049991607666,8115400
2018-05-29,XLB,29.2549991607666,29.43000030517578,28.899999618530273,28.9950008392334,11699800
2018-05-30,XLB,29.204999923706055,29.424999237060547,29.114999771118164,29.334999084472656,8706200
2018-05-31,XLB,29.3700008392334,29.415000915527344,29.075000762939453,29.09000015258789,11556600
2018-06-01,XLB,29.30500030517578,29.6299991607666,29.30500030517578,29.53499984741211,7605400
2018-06-04,XLB,29.649999618530273,29.764999389648438,29.6299991607666,29.704999923706055,9079800
2018-06-05,XLB,29.739999771118164,30.03499984741211,29.700000762939453,29.93000030517578,6651400
2018-06-06,XLB,29.96500015258789,30.4950008392334,29.8799991607666,30.485000610351562,16384800
2018-06-07,XLB,30.5,30.524999618530273,30.19499969482422,30.329999923706055,10314600
2018-06-08,XLB,30.299999237060547,30.469999313354492,30.135000228881836,30.415000915527344,7572000
2018-06-11,XLB,30.375,30.53499984741211,30.31999969482422,30.459999084472656,5773600
2018-06-12,XLB,30.5049991607666,30.604999542236328,30.385000228881836,30.5,8955800
2018-06-13,XLB,30.53499984741211,30.549999237060547,30.135000228881836,30.170000076293945,8118400
2018-06-14,XLB,30.295000076293945,30.364999771118164,30.094999313354492,30.21500015258789,5079400
2018-06-15,XLB,29.8799991607666,29.96500015258789,29.655000686645508,29.864999771118164,13055200
2018-06-18,XLB,29.635000228881836,29.844999313354492,29.600000381469727,29.790000915527344,17983000
2018-06-19,XLB,29.440000534057617,29.5,28.9950008392334,29.2450008392334,14423400
2018-06-20,XLB,29.364999771118164,29.364999771118164,29.030000686645508,29.149999618530273,10670400
2018-06-21,XLB,29.079999923706055,29.110000610351562,28.790000915527344,28.84000015258789,14373000
2018-06-22,XLB,29.05500030517578,29.329999923706055,29.05500030517578,29.260000228881836,14228400
2018-06-25,XLB,29.114999771118164,29.114999771118164,28.56999969482422,28.80500030517578,19581200
2018-06-26,XLB,28.854999542236328,29.0049991607666,28.795000076293945,28.915000915527344,7416200
2018-06-27,XLB,29.06999969482422,29.375,28.815000534057617,28.825000762939453,11575600
2018-06-28,XLB,28.834999084472656,29.0049991607666,28.6299991607666,28.934999465942383,11778800
2018-06-29,XLB,28.9950008392334,29.385000228881836,28.9950008392334,29.03499984741211,10085800
2018-07-02,XLB,28.825000762939453,28.94499969482422,28.674999237060547,28.8799991607666,15365800
2018-07-03,XLB,29.065000534057617,29.2450008392334,28.764999389648438,28.829999923706055,6778800
2018-07-05,XLB,29.030000686645508,29.104999542236328,28.80500030517578,29.079999923706055,11118400
2018-07-06,XLB,29.030000686645508,29.309999465942383,28.895000457763672,29.225000381469727,9061800
2018-07-09,XLB,29.364999771118164,29.5,29.34000015258789,29.485000610351562,9075600
2018-07-10,XLB,29.475000381469727,29.75,29.475000381469727,29.735000610351562,11946600
2018-07-11,XLB,29.424999237060547,29.510000228881836,29.104999542236328,29.235000610351562,22691200
2018-07-12,XLB,29.415000915527344,29.440000534057617,29.184999465942383,29.30500030517578,13238000
2018-07-13,XLB,29.2549991607666,29.395000457763672,29.209999084472656,29.290000915527344,6924000
2018-07-16,XLB,29.30500030517578,29.364999771118164,28.989999771118164,29.05500030517578,8983200
2018-07-17,XLB,29.079999923706055,29.53499984741211,28.969999313354492,29.434999465942383,15364000
2018-07-18,XLB,29.399999618530273,29.56999969482422,29.15999984741211,29.15999984741211,11774400
2018-07-19,XLB,29.264999389648438,29.299999237060547,29.059999465942383,29.264999389648438,12835000
2018-07-20,XLB,29.145000457763672,29.25,29.010000228881836,29.145000457763672,14633600
2018-07-23,XLB,29.135000228881836,29.145000457763672,28.959999084472656,28.985000610351562,8299000
2018-07-24,XLB,29.190000534057617,29.524999618530273,29.190000534057617,29.360000610351562,14233600
2018-07-25,XLB,29.375,29.6299991607666,29.170000076293945,29.59000015258789,9467200
2018-07-26,XLB,29.584999084472656,29.815000534057617,29.489999771118164,29.760000228881836,12395400
2018-07-27,XLB,29.850000381469727,29.875,29.575000762939453,29.649999618530273,11041400
2018-07-30,XLB,29.68000030517578,29.864999771118164,29.545000076293945,29.594999313354492,6944400
2018-07-31,XLB,29.65999984741211,29.940000534057617,29.649999618530273,29.864999771118164,10475200
2018-08-01,XLB,29.799999237060547,29.864999771118164,29.5049991607666,29.559999465942383,12120800
2018-08-02,XLB,29.315000534057617,29.3799991607666,29.030000686645508,29.364999771118164,18536200
2018-08-03,XLB,29.46500015258789,29.65999984741211,29.44499969482422,29.645000457763672,10659200
2018-08-06,XLB,29.415000915527344,29.75,29.31999969482422,29.635000228881836,9262200
2018-08-07,XLB,29.719999313354492,29.90999984741211,29.704999923706055,29.735000610351562,9514800
2018-08-08,XLB,29.760000228881836,29.844999313354492,29.594999313354492,29.610000610351562,13012400
2018-08-09,XLB,29.704999923706055,29.934999465942383,29.704999923706055,29.770000457763672,8488200
2018-08-10,XLB,29.56999969482422,29.625,29.30500030517578,29.34000015258789,12104600
2018-08-13,XLB,29.364999771118164,29.485000610351562,28.934999465942383,29.045000076293945,10872200
2018-08-14,XLB,29.165000915527344,29.44499969482422,29.145000457763672,29.290000915527344,8272000
2018-08-15,XLB,29.0,29.010000228881836,28.510000228881836,28.825000762939453,16990400
2018-08-16,XLB,28.934999465942383,29.15999984741211,28.934999465942383,29.0,12689400
2018-08-17,XLB,28.94499969482422,29.270000457763672,28.934999465942383,29.21500015258789,10518000
2018-08-20,XLB,29.270000457763672,29.475000381469727,29.270000457763672,29.420000076293945,9683000
2018-08-21,XLB,29.479999542236328,29.670000076293945,29.43000030517578,29.53499984741211,9916000
2018-08-22,XLB,29.520000457763672,29.56999969482422,29.350000381469727,29.385000228881836,10865400
2018-08-23,XLB,29.325000762939453,29.325000762939453,29.104999542236328,29.184999465942383,8884000
2018-08-24,XLB,29.34000015258789,29.604999542236328,29.309999465942383,29.565000534057617,9903200
2018-08-27,XLB,29.625,30.065000534057617,29.625,29.969999313354492,11218200
2018-08-28,XLB,30.014999389648438,30.149999618530273,29.760000228881836,29.854999542236328,7686200
2018-08-29,XLB,29.860000610351562,30.135000228881836,29.729999542236328,30.079999923706055,8557000
2018-08-30,XLB,29.940000534057617,30.079999923706055,29.635000228881836,29.725000381469727,11678600
2018-08-31,XLB,29.68000030517578,29.8700008392334,29.56999969482422,29.635000228881836,8561400
2018-09-04,XLB,29.55500030517578,29.56999969482422,29.280000686645508,29.43000030517578,11944400
2018-09-05,XLB,29.405000686645508,29.68000030517578,29.31999969482422,29.625,9280800
2018-09-06,XLB,29.65999984741211,29.860000610351562,29.479999542236328,29.684999465942383,12008200
2018-09-07,XLB,29.46500015258789,29.600000381469727,29.295000076293945,29.489999771118164,14598200
2018-09-10,XLB,29.56999969482422,29.684999465942383,29.510000228881836,29.524999618530273,9543000
2018-09-11,XLB,29.309999465942383,29.65999984741211,29.204999923706055,29.584999084472656,15498000
2018-09-12,XLB,29.579999923706055,29.735000610351562,29.46500015258789,29.600000381469727,12482600
2018-09-13,XLB,29.834999084472656,29.934999465942383,29.700000762939453,29.71500015258789,8205800
2018-09-14,XLB,29.780000686645508,29.834999084472656,29.6299991607666,29.704999923706055,9707400
2018-09-17,XLB,29.69499969482422,29.985000610351562,29.69499969482422,29.809999465942383,7766800
2018-09-18,XLB,29.895000457763672,30.0,29.735000610351562,29.84000015258789,8157000
2018-09-19,XLB,29.8700008392334,30.290000915527344,29.8700008392334,30.165000915527344,15854400
2018-09-20,XLB,30.375,30.579999923706055,30.364999771118164,30.489999771118164,11195200
2018-09-21,XLB,30.469999313354492,30.524999618530273,30.200000762939453,30.280000686645508,16272400
2018-09-24,XLB,30.18000030517578,30.219999313354492,29.80500030517578,29.854999542236328,9201400
2018-09-25,XLB,29.924999237060547,29.954999923706055,29.665000915527344,29.700000762939453,10138000
2018-09-26,XLB,29.55500030517578,29.684999465942383,29.344999313354492,29.405000686645508,17022600
2018-09-27,XLB,29.385000228881836,29.385000228881836,29.114999771118164,29.149999618530273,12559800
2018-09-28,XLB,29.065000534057617,29.110000610351562,28.90999984741211,28.96500015258789,10761800
2018-10-01,XLB,29.125,29.375,29.125,29.2549991607666,8773000
2018-10-02,XLB,29.274999618530273,29.454999923706055,29.229999542236328,29.3799991607666,7347600
2018-10-03,XLB,29.479999542236328,29.520000457763672,29.145000457763672,29.170000076293945,7870000
2018-10-04,XLB,29.15999984741211,29.15999984741211,28.80500030517578,29.03499984741211,11157800
2018-10-05,XLB,28.979999542236328,29.09000015258789,28.700000762939453,28.81999969482422,10704000
2018-10-08,XLB,28.704999923706055,28.854999542236328,28.584999084472656,28.80500030517578,12580200
2018-10-09,XLB,28.43000030517578,28.43000030517578,27.80500030517578,27.850000381469727,22714800
2018-10-10,XLB,27.864999771118164,27.8799991607666,27.110000610351562,27.1200008392334,26403400
2018-10-11,XLB,27.100000381469727,27.34000015258789,26.709999084472656,26.80500030517578,36573600
2018-10-12,XLB,27.235000610351562,27.315000534057617,26.684999465942383,26.8799991607666,21301000
2018-10-15,XLB,26.875,27.045000076293945,26.780000686645508,26.790000915527344,10256000
2018-10-16,XLB,26.875,27.280000686645508,26.780000686645508,27.219999313354492,11053000
2018-10-17,XLB,27.190000534057617,27.25,26.8700008392334,27.045000076293945,17070000
2018-10-18,XLB,26.920000076293945,27.18000030517578,26.594999313354492,26.739999771118164,15387800
2018-10-19,XLB,26.674999237060547,26.915000915527344,26.5049991607666,26.549999237060547,14211800
2018-10-22,XLB,26.665000915527344,26.760000228881836,26.25,26.34000015258789,26653000
2018-10-23,XLB,25.915000915527344,26.21500015258789,25.514999389648438,26.079999923706055,40403800
2018-10-24,XLB,25.985000610351562,26.114999771118164,25.200000762939453,25.2549991607666,41268000
2018-10-25,XLB,25.405000686645508,25.774999618530273,25.3700008392334,25.579999923706055,28511600
2018-10-26,XLB,25.225000381469727,25.69499969482422,25.045000076293945,25.43000030517578,47958600
2018-10-29,XLB,25.7549991607666,25.940000534057617,25.110000610351562,25.3700008392334,34825400
2018-10-30,XLB,25.299999237060547,26.0,25.274999618530273,25.950000762939453,46345200
2018-10-31,XLB,26.2450008392334,26.475000381469727,26.135000228881836,26.30500030517578,26335400
2018-11-01,XLB,26.78499984741211,27.110000610351562,26.594999313354492,27.045000076293945,27448600
2018-11-02,XLB,27.229999542236328,27.30500030517578,26.625,26.979999542236328,26879600
2018-11-05,XLB,27.0,27.125,26.860000610351562,27.059999465942383,15713600
2018-11-06,XLB,27.139999389648438,27.530000686645508,27.065000534057617,27.5049991607666,13145200
2018-11-07,XLB,27.71500015258789,28.014999389648438,27.545000076293945,28.0,13562200
2018-11-08,XLB,27.844999313354492,28.0049991607666,27.735000610351562,27.8799991607666,12894800
2018-11-09,XLB,27.71500015258789,27.71500015258789,27.28499984741211,27.489999771118164,18024800
2018-11-12,XLB,27.454999923706055,27.510000228881836,27.030000686645508,27.084999084472656,20119600
2018-11-13,XLB,27.145000457763672,27.434999465942383,26.96500015258789,27.0049991607666,19012400
2018-11-14,XLB,27.165000915527344,27.360000610351562,26.834999084472656,26.975000381469727,19452600
2018-11-15,XLB,26.885000228881836,27.475000381469727,26.885000228881836,27.344999313354492,24067800
2018-11-16,XLB,27.260000228881836,27.690000534057617,27.184999465942383,27.6200008392334,17462000
2018-11-19,XLB,27.559999465942383,27.709999084472656,27.149999618530273,27.225000381469727,24568400
2018-11-20,XLB,26.96500015258789,27.020000457763672,26.610000610351562,26.729999542236328,22518600
2018-11-21,XLB,26.81999969482422,27.204999923706055,26.81999969482422,26.94499969482422,14026800
2018-11-23,XLB,26.69499969482422,26.834999084472656,26.575000762939453,26.655000686645508,6302200
2018-11-26,XLB,26.885000228881836,27.05500030517578,26.799999237060547,26.959999084472656,10714600
2018-11-27,XLB,26.7549991607666,26.905000686645508,26.450000762939453,26.6299991607666,11742200
2018-11-28,XLB,26.700000762939453,27.040000915527344,26.34000015258789,27.040000915527344,17062000
2018-11-29,XLB,27.03499984741211,27.389999389648438,26.975000381469727,27.235000610351562,14276400
2018-11-30,XLB,27.045000076293945,27.385000228881836,27.014999389648438,27.30500030517578,12116400
2018-12-03,XLB,27.8700008392334,28.06999969482422,27.489999771118164,27.78499984741211,17150200
2018-12-04,XLB,27.75,27.80500030517578,26.915000915527344,26.959999084472656,18091600
2018-12-06,XLB,26.510000228881836,26.594999313354492,25.940000534057617,26.594999313354492,26450600
2018-12-07,XLB,26.56999969482422,27.0,25.8700008392334,25.954999923706055,28052600
2018-12-10,XLB,25.96500015258789,26.135000228881836,25.55500030517578,26.024999618530273,23329800
2018-12-11,XLB,26.485000610351562,26.635000228881836,25.834999084472656,25.940000534057617,20142200
2018-12-12,XLB,26.325000762939453,26.469999313354492,26.149999618530273,26.165000915527344,14902000
2018-12-13,XLB,26.2450008392334,26.329999923706055,25.764999389648438,25.860000610351562,29257200
2018-12-14,XLB,25.65999984741211,25.920000076293945,25.565000534057617,25.65999984741211,15958800
2018-12-17,XLB,25.69499969482422,25.8700008392334,25.05500030517578,25.219999313354492,30503200
2018-12-18,XLB,25.40999984741211,25.670000076293945,25.204999923706055,25.360000610351562,23365800
2018-12-19,XLB,25.399999618530273,25.895000457763672,24.899999618530273,25.014999389648438,39400800
2018-12-20,XLB,24.94499969482422,25.184999465942383,24.43000030517578,24.68000030517578,46346200
2018-12-21,XLB,24.655000686645508,25.059999465942383,24.274999618530273,24.299999237060547,41112200
2018-12-24,XLB,24.139999389648438,24.329999923706055,23.655000686645508,23.670000076293945,22656400
2018-12-26,XLB,23.780000686645508,24.739999771118164,23.524999618530273,24.729999542236328,34232200
2018-12-27,XLB,24.424999237060547,25.19499969482422,24.31999969482422,25.184999465942383,29847200
2018-12-28,XLB,25.31999969482422,25.454999923706055,24.954999923706055,25.049999237060547,18906000
2018-12-31,XLB,25.135000228881836,25.30500030517578,24.979999542236328,25.260000228881836,15596000
2019-01-02,XLB,24.889999389648438,25.485000610351562,24.75,25.389999389648438,18192600
2019-01-03,XLB,25.2549991607666,25.2549991607666,24.6200008392334,24.670000076293945,19668000
2019-01-04,XLB,25.06999969482422,25.739999771118164,25.030000686645508,25.639999389648438,17901200
2019-01-07,XLB,25.649999618530273,26.03499984741211,25.479999542236328,25.729999542236328,14936600
2019-01-08,XLB,25.854999542236328,26.040000915527344,25.709999084472656,26.0,20657200
2019-01-09,XLB,26.065000534057617,26.110000610351562,25.764999389648438,26.010000228881836,16250400
2019-01-10,XLB,25.825000762939453,26.2549991607666,25.799999237060547,26.239999771118164,16942800
2019-01-11,XLB,26.104999542236328,26.200000762939453,25.96500015258789,26.135000228881836,12372400
2019-01-14,XLB,25.905000686645508,26.075000762939453,25.774999618530273,25.934999465942383,23006400
2019-01-15,XLB,25.770000457763672,25.93000030517578,25.604999542236328,25.764999389648438,15094200
2019-01-16,XLB,25.770000457763672,26.0,25.729999542236328,25.864999771118164,27437400
2019-01-17,XLB,25.725000381469727,26.3799991607666,25.725000381469727,26.31999969482422,20411000
2019-01-18,XLB,26.540000915527344,26.8799991607666,26.46500015258789,26.7549991607666,17514800
2019-01-22,XLB,26.6299991607666,26.674999237060547,26.229999542236328,26.385000228881836,14866800
2019-01-23,XLB,26.424999237060547,26.4950008392334,25.954999923706055,26.204999923706055,11410000
2019-01-24,XLB,26.059999465942383,26.225000381469727,25.950000762939453,26.065000534057617,10499400
2019-01-25,XLB,26.46500015258789,26.704999923706055,26.354999542236328,26.559999465942383,9834000
2019-01-28,XLB,26.3700008392334,26.540000915527344,26.290000915527344,26.520000457763672,11943600
2019-01-29,XLB,26.584999084472656,26.8700008392334,26.584999084472656,26.795000076293945,16446000
2019-01-30,XLB,26.905000686645508,27.295000076293945,26.795000076293945,27.079999923706055,14146600
2019-01-31,XLB,26.5,26.790000915527344,26.21500015258789,26.674999237060547,24950600
2019-02-01,XLB,26.65999984741211,26.81999969482422,26.540000915527344,26.7549991607666,11079000
2019-02-04,XLB,26.704999923706055,26.735000610351562,26.530000686645508,26.709999084472656,7115600
2019-02-05,XLB,26.770000457763672,26.969999313354492,26.7549991607666,26.905000686645508,8857800
2019-02-06,XLB,26.774999618530273,26.8799991607666,26.69499969482422,26.7450008392334,9909800
2019-02-07,XLB,26.575000762939453,26.625,26.15999984741211,26.375,12736000
2019-02-08,XLB,26.229999542236328,26.354999542236328,26.014999389648438,26.350000381469727,9042800
2019-02-11,XLB,26.44499969482422,26.479999542236328,26.264999389648438,26.389999389648438,8316600
2019-02-12,XLB,26.635000228881836,27.014999389648438,26.559999465942383,26.979999542236328,20139600
2019-02-13,XLB,27.1299991607666,27.209999084472656,27.0049991607666,27.014999389648438,14694200
2019-02-14,XLB,26.889999389648438,27.06999969482422,26.799999237060547,26.875,9770000
2019-02-15,XLB,27.170000076293945,27.309999465942383,27.040000915527344,27.239999771118164,15294400
2019-02-19,XLB,27.139999389648438,27.540000915527344,27.114999771118164,27.40999984741211,24529000
2019-02-20,XLB,27.459999084472656,28.049999237060547,27.420000076293945,27.8799991607666,22618000
2019-02-21,XLB,27.915000915527344,27.979999542236328,27.655000686645508,27.770000457763672,17103800
2019-02-22,XLB,27.90999984741211,27.975000381469727,27.790000915527344,27.889999389648438,9581600
2019-02-25,XLB,28.0049991607666,28.149999618530273,27.94499969482422,28.06999969482422,12375800
2019-02-26,XLB,28.0049991607666,28.09000015258789,27.899999618530273,27.90999984741211,12384600
2019-02-27,XLB,27.850000381469727,27.950000762939453,27.684999465942383,27.864999771118164,9262400
2019-02-28,XLB,27.834999084472656,27.860000610351562,27.46500015258789,27.524999618530273,17525000
2019-03-01,XLB,27.725000381469727,27.8700008392334,27.395000457763672,27.489999771118164,19683000
2019-03-04,XLB,27.549999237060547,27.729999542236328,27.19499969482422,27.614999771118164,15920800
2019-03-05,XLB,27.55500030517578,27.625,27.454999923706055,27.485000610351562,10463400
2019-03-06,XLB,27.565000534057617,27.739999771118164,27.5049991607666,27.545000076293945,9231000
2019-03-07,XLB,27.485000610351562,27.489999771118164,27.114999771118164,27.31999969482422,23923800
2019-03-08,XLB,27.174999237060547,27.385000228881836,27.030000686645508,27.364999771118164,14289200
2019-03-11,XLB,27.479999542236328,27.764999389648438,27.440000534057617,27.7549991607666,13715400
2019-03-12,XLB,27.795000076293945,28.020000457763672,27.795000076293945,27.860000610351562,14432200
2019-03-13,XLB,28.014999389648438,28.170000076293945,27.940000534057617,27.9950008392334,11036800
2019-03-14,XLB,27.915000915527344,27.975000381469727,27.719999313354492,27.78499984741211,10079600
2019-03-15,XLB,27.780000686645508,27.915000915527344,27.594999313354492,27.700000762939453,14518000
2019-03-18,XLB,27.719999313354492,27.80500030517578,27.55500030517578,27.764999389648438,8691000
2019-03-19,XLB,27.899999618530273,28.075000762939453,27.604999542236328,27.729999542236328,10542600
2019-03-20,XLB,27.71500015258789,27.850000381469727,27.440000534057617,27.704999923706055,22470000
2019-03-21,XLB,27.610000610351562,28.104999542236328,27.579999923706055,28.0,15919400
2019-03-22,XLB,27.7549991607666,27.760000228881836,27.114999771118164,27.165000915527344,18247400
2019-03-25,XLB,27.149999618530273,27.360000610351562,27.06999969482422,27.114999771118164,13125400
2019-03-26,XLB,27.295000076293945,27.364999771118164,27.084999084472656,27.280000686645508,11799600
2019-03-27,XLB,27.209999084472656,27.344999313354492,27.049999237060547,27.2450008392334,19565200
2019-03-28,XLB,27.28499984741211,27.524999618530273,27.274999618530273,27.510000228881836,9741600
2019-03-29,XLB,27.540000915527344,27.760000228881836,27.415000915527344,27.75,12654600
2019-04-01,XLB,27.94499969482422,28.204999923706055,27.90999984741211,28.165000915527344,12908600
2019-04-02,XLB,28.235000610351562,28.3799991607666,28.1200008392334,28.260000228881836,14224600
2019-04-03,XLB,28.489999771118164,28.809999465942383,28.405000686645508,28.6299991607666,34729000
2019-04-04,XLB,28.649999618530273,28.93000030517578,28.635000228881836,28.920000076293945,12205600
2019-04-05,XLB,28.924999237060547,29.024999618530273,28.825000762939453,28.90999984741211,7337200
2019-04-08,XLB,28.889999389648438,28.950000762939453,28.770000457763672,28.920000076293945,13149400
2019-04-09,XLB,28.799999237060547,28.84000015258789,28.625,28.709999084472656,12221600
2019-04-10,XLB,28.735000610351562,28.790000915527344,28.584999084472656,28.69499969482422,7594800
2019-04-11,XLB,28.684999465942383,28.78499984741211,28.600000381469727,28.68000030517578,6989200
2019-04-12,XLB,28.915000915527344,29.059999465942383,28.825000762939453,29.059999465942383,7217400
2019-04-15,XLB,29.059999465942383,29.079999923706055,28.875,28.924999237060547,5410200
2019-04-16,XLB,28.895000457763672,29.059999465942383,28.760000228881836,29.05500030517578,7475000
2019-04-17,XLB,29.114999771118164,29.25,28.864999771118164,28.875,6740400
2019-04-18,XLB,28.899999618530273,28.985000610351562,28.760000228881836,28.90999984741211,7268800
2019-04-22,XLB,28.799999237060547,28.895000457763672,28.674999237060547,28.71500015258789,11976200
2019-04-23,XLB,28.670000076293945,28.934999465942383,28.600000381469727,28.844999313354492,15290400
2019-04-24,XLB,28.815000534057617,28.905000686645508,28.665000915527344,28.665000915527344,7616400
2019-04-25,XLB,28.53499984741211,28.575000762939453,28.209999084472656,28.299999237060547,10360200
2019-04-26,XLB,28.299999237060547,28.610000610351562,28.2450008392334,28.53499984741211,9900200
2019-04-29,XLB,28.459999084472656,28.559999465942383,28.375,28.479999542236328,12113000
2019-04-30,XLB,28.55500030517578,28.760000228881836,28.40999984741211,28.725000381469727,6798400
2019-05-01,XLB,28.764999389648438,28.764999389648438,28.200000762939453,28.204999923706055,13101800
2019-05-02,XLB,28.06999969482422,28.219999313354492,27.864999771118164,28.059999465942383,21946200
2019-05-03,XLB,28.114999771118164,28.350000381469727,28.09000015258789,28.334999084472656,12066800
2019-05-06,XLB,27.65999984741211,28.040000915527344,27.65999984741211,27.93000030517578,31202200
2019-05-07,XLB,27.665000915527344,27.71500015258789,27.295000076293945,27.440000534057617,19502000
2019-05-08,XLB,27.420000076293945,27.545000076293945,27.299999237060547,27.415000915527344,12319400
2019-05-09,XLB,27.104999542236328,27.30500030517578,26.889999389648438,27.200000762939453,13428800
2019-05-10,XLB,27.149999618530273,27.670000076293945,27.03499984741211,27.56999969482422,12945800
2019-05-13,XLB,27.059999465942383,27.549999237060547,26.7450008392334,26.950000762939453,14097600
2019-05-14,XLB,27.045000076293945,27.385000228881836,26.975000381469727,27.18000030517578,12203800
2019-05-15,XLB,27.0,27.30500030517578,26.885000228881836,27.110000610351562,10524400
2019-05-16,XLB,27.315000534057617,27.579999923706055,27.315000534057617,27.489999771118164,9810600
2019-05-17,XLB,27.280000686645508,27.520000457763672,27.204999923706055,27.325000762939453,12166600
2019-05-20,XLB,27.079999923706055,27.190000534057617,26.889999389648438,26.934999465942383,10032600
2019-05-21,XLB,27.1299991607666,27.389999389648438,27.09000015258789,27.350000381469727,8743200
2019-05-22,XLB,27.299999237060547,27.399999618530273,27.15999984741211,27.15999984741211,10617000
2019-05-23,XLB,26.8700008392334,26.959999084472656,26.625,26.7450008392334,9845400
2019-05-24,XLB,27.014999389648438,27.094999313354492,26.75,26.895000457763672,8180800
2019-05-28,XLB,26.889999389648438,26.975000381469727,26.604999542236328,26.625,9652200
2019-05-29,XLB,26.420000076293945,26.670000076293945,26.350000381469727,26.6299991607666,17477600
2019-05-30,XLB,26.639999389648438,26.795000076293945,26.604999542236328,26.674999237060547,8950200
2019-05-31,XLB,26.360000610351562,26.489999771118164,26.260000228881836,26.375,11983600
2019-06-03,XLB,26.450000762939453,27.21500015258789,26.375,27.204999923706055,26310800
2019-06-04,XLB,27.5,28.024999618530273,27.34000015258789,27.969999313354492,35555800
2019-06-05,XLB,28.145000457763672,28.239999771118164,27.7549991607666,28.174999237060547,39408000
2019-06-06,XLB,28.315000534057617,28.604999542236328,28.21500015258789,28.510000228881836,39823200
2019-06-07,XLB,28.69499969482422,28.8700008392334,28.635000228881836,28.764999389648438,46422200
2019-06-10,XLB,28.94499969482422,28.985000610351562,28.790000915527344,28.815000534057617,28725200
2019-06-11,XLB,28.96500015258789,29.075000762939453,28.7450008392334,28.795000076293945,15737400
2019-06-12,XLB,28.809999465942383,28.93000030517578,28.774999618530273,28.889999389648438,7100800
2019-06-13,XLB,28.9950008392334,29.094999313354492,28.959999084472656,29.059999465942383,14784200
2019-06-14,XLB,29.0,29.030000686645508,28.834999084472656,28.934999465942383,7875400
2019-06-17,XLB,28.889999389648438,28.90999984741211,28.6299991607666,28.670000076293945,15014000
2019-06-18,XLB,28.825000762939453,29.094999313354492,28.795000076293945,28.895000457763672,13775600
2019-06-19,XLB,28.895000457763672,28.905000686645508,28.584999084472656,28.735000610351562,14332800
2019-06-20,XLB,29.100000381469727,29.18000030517578,28.850000381469727,29.100000381469727,13487600
2019-06-21,XLB,28.90999984741211,28.959999084472656,28.80500030517578,28.834999084472656,11652000
2019-06-24,XLB,28.844999313354492,29.0049991607666,28.719999313354492,28.94499969482422,9203400
2019-06-25,XLB,28.979999542236328,29.075000762939453,28.864999771118164,28.959999084472656,11431800
2019-06-26,XLB,28.94499969482422,29.03499984741211,28.8700008392334,28.90999984741211,8369600
2019-06-27,XLB,28.954999923706055,29.05500030517578,28.934999465942383,29.0049991607666,6878000
2019-06-28,XLB,29.049999237060547,29.290000915527344,29.020000457763672,29.25,10017000
2019-07-01,XLB,29.46500015258789,29.479999542236328,29.229999542236328,29.475000381469727,11940200
2019-07-02,XLB,29.475000381469727,29.475000381469727,29.2549991607666,29.44499969482422,12640200
2019-07-03,XLB,29.424999237060547,29.594999313354492,29.3700008392334,29.594999313354492,4951600
2019-07-05,XLB,29.309999465942383,29.459999084472656,29.170000076293945,29.459999084472656,7620200
2019-07-08,XLB,29.34000015258789,29.405000686645508,29.06999969482422,29.1200008392334,19583600
2019-07-09,XLB,29.014999389648438,29.05500030517578,28.770000457763672,28.834999084472656,10388200
2019-07-10,XLB,29.0049991607666,29.06999969482422,28.739999771118164,28.774999618530273,14628200
2019-07-11,XLB,28.75,28.905000686645508,28.635000228881836,28.899999618530273,22183000
2019-07-12,XLB,28.979999542236328,29.19499969482422,28.96500015258789,29.184999465942383,8810000
2019-07-15,XLB,29.170000076293945,29.225000381469727,29.075000762939453,29.204999923706055,9076600
2019-07-16,XLB,29.225000381469727,29.530000686645508,29.19499969482422,29.274999618530273,9052000
2019-07-17,XLB,29.280000686645508,29.31999969482422,29.010000228881836,29.014999389648438,14334800
2019-07-18,XLB,28.915000915527344,29.165000915527344,28.8799991607666,29.139999389648438,7545600
2019-07-19,XLB,29.114999771118164,29.354999542236328,29.114999771118164,29.204999923706055,7622400
2019-07-22,XLB,29.270000457763672,29.309999465942383,29.084999084472656,29.1299991607666,5828600
2019-07-23,XLB,29.264999389648438,29.729999542236328,29.264999389648438,29.729999542236328,8403400
2019-07-24,XLB,29.639999389648438,29.764999389648438,29.56999969482422,29.709999084472656,7529800
2019-07-25,XLB,29.610000610351562,29.610000610351562,29.190000534057617,29.4950008392334,12271000
2019-07-26,XLB,29.420000076293945,29.540000915527344,29.225000381469727,29.530000686645508,15275400
2019-07-29,XLB,29.434999465942383,29.489999771118164,29.334999084472656,29.43000030517578,5783200
2019-07-30,XLB,29.209999084472656,29.645000457763672,29.165000915527344,29.625,8028400
2019-07-31,XLB,29.540000915527344,29.68000030517578,28.905000686645508,29.170000076293945,16205400
2019-08-01,XLB,29.135000228881836,29.579999923706055,28.875,29.0049991607666,19565800
2019-08-02,XLB,28.850000381469727,28.885000228881836,28.46500015258789,28.665000915527344,14996000
2019-08-05,XLB,28.415000915527344,28.514999389648438,27.93000030517578,28.125,20582200
2019-08-06,XLB,28.2450008392334,28.25,27.81999969482422,28.15999984741211,22989200
2019-08-07,XLB,27.920000076293945,28.59000015258789,27.895000457763672,28.549999237060547,46538800
2019-08-08,XLB,28.69499969482422,29.104999542236328,28.69499969482422,29.094999313354492,11470200
2019-08-09,XLB,28.979999542236328,29.024999618530273,28.709999084472656,28.864999771118164,9249200
2019-08-12,XLB,28.825000762939453,28.854999542236328,28.360000610351562,28.415000915527344,45067400
2019-08-13,XLB,28.440000534057617,29.075000762939453,28.274999618530273,28.719999313354492,14111200
2019-08-14,XLB,28.299999237060547,28.420000076293945,27.78499984741211,27.809999465942383,18258600
2019-08-15,XLB,27.96500015258789,27.969999313354492,27.6200008392334,27.81999969482422,17831000
2019-08-16,XLB,27.940000534057617,28.375,27.905000686645508,28.309999465942383,11667600
2019-08-19,XLB,28.559999465942383,28.639999389648438,28.489999771118164,28.53499984741211,6656000
2019-08-20,XLB,28.415000915527344,28.44499969482422,28.18000030517578,28.200000762939453,9478000
2019-08-21,XLB,28.389999389648438,28.454999923706055,28.200000762939453,28.344999313354492,6404600
2019-08-22,XLB,28.399999618530273,28.530000686645508,28.09000015258789,28.155000686645508,5214800
2019-08-23,XLB,28.030000686645508,28.149999618530273,27.34000015258789,27.475000381469727,18181200
2019-08-26,XLB,27.700000762939453,27.739999771118164,27.434999465942383,27.565000534057617,14902600
2019-08-27,XLB,27.670000076293945,27.84000015258789,27.514999389648438,27.584999084472656,11189800
2019-08-28,XLB,27.4950008392334,27.860000610351562,27.415000915527344,27.799999237060547,7545000
2019-08-29,XLB,28.145000457763672,28.280000686645508,28.104999542236328,28.155000686645508,8186800
2019-08-30,XLB,28.3799991607666,28.489999771118164,28.2549991607666,28.344999313354492,10142600
2019-09-03,XLB,28.125,28.184999465942383,27.93000030517578,28.1200008392334,11615800
2019-09-04,XLB,28.3700008392334,28.485000610351562,28.280000686645508,28.46500015258789,11884000
2019-09-05,XLB,28.670000076293945,28.774999618530273,28.485000610351562,28.510000228881836,11648200
2019-09-06,XLB,28.565000534057617,28.69499969482422,28.44499969482422,28.6200008392334,7904600
2019-09-09,XLB,28.68000030517578,28.69499969482422,28.415000915527344,28.469999313354492,13704000
2019-09-10,XLB,28.44499969482422,28.7549991607666,28.395000457763672,28.75,9959000
2019-09-11,XLB,28.815000534057617,29.040000915527344,28.6200008392334,29.024999618530273,10816000
2019-09-12,XLB,29.225000381469727,29.3700008392334,29.030000686645508,29.25,21448400
2019-09-13,XLB,29.434999465942383,29.65999984741211,29.405000686645508,29.56999969482422,10948000
2019-09-16,XLB,29.479999542236328,29.59000015258789,29.05500030517578,29.084999084472656,9467600
2019-09-17,XLB,29.06999969482422,29.3799991607666,28.979999542236328,29.31999969482422,8162200
2019-09-18,XLB,29.329999923706055,29.3799991607666,29.06999969482422,29.334999084472656,8159200
2019-09-19,XLB,29.405000686645508,29.55500030517578,29.329999923706055,29.385000228881836,6528200
2019-09-20,XLB,29.344999313354492,29.399999618530273,29.040000915527344,29.170000076293945,10378400
2019-09-23,XLB,28.969999313354492,29.190000534057617,28.96500015258789,29.100000381469727,6141600
2019-09-24,XLB,29.15999984741211,29.225000381469727,28.760000228881836,28.850000381469727,18071400
2019-09-25,XLB,28.850000381469727,29.05500030517578,28.725000381469727,29.0,9181000
2019-09-26,XLB,29.03499984741211,29.049999237060547,28.80500030517578,28.934999465942383,8078000
2019-09-27,XLB,28.979999542236328,29.104999542236328,28.739999771118164,28.854999542236328,12372200
2019-09-30,XLB,28.8700008392334,29.155000686645508,28.864999771118164,29.100000381469727,7754200
2019-10-01,XLB,29.145000457763672,29.2450008392334,28.40999984741211,28.415000915527344,14609000
2019-10-02,XLB,28.149999618530273,28.190000534057617,27.639999389648438,27.905000686645508,23360800
2019-10-03,XLB,27.834999084472656,28.010000228881836,27.549999237060547,28.0049991607666,16530000
2019-10-04,XLB,28.024999618530273,28.219999313354492,28.0,28.155000686645508,12585800
2019-10-07,XLB,28.079999923706055,28.344999313354492,27.969999313354492,28.05500030517578,17257200
2019-10-08,XLB,27.854999542236328,27.875,27.55500030517578,27.565000534057617,15613800
2019-10-09,XLB,27.834999084472656,27.975000381469727,27.68000030517578,27.875,17766400
2019-10-10,XLB,27.96500015258789,28.264999389648438,27.889999389648438,28.1299991607666,13538800
2019-10-11,XLB,28.46500015258789,28.940000534057617,28.43000030517578,28.674999237060547,20600800
2019-10-14,XLB,28.575000762939453,28.649999618530273,28.454999923706055,28.469999313354492,9404600
2019-10-15,XLB,28.614999771118164,28.809999465942383,28.520000457763672,28.670000076293945,9787600
2019-10-16,XLB,28.674999237060547,28.940000534057617,28.655000686645508,28.729999542236328,7689200
2019-10-17,XLB,28.8700008392334,29.024999618530273,28.7549991607666,28.80500030517578,6221000
2019-10-18,XLB,28.729999542236328,28.8799991607666,28.639999389648438,28.7549991607666,6164200
2019-10-21,XLB,28.885000228881836,28.975000381469727,28.665000915527344,28.665000915527344,5849800
2019-10-22,XLB,28.645000457763672,28.739999771118164,28.420000076293945,28.545000076293945,8107000
2019-10-23,XLB,28.649999618530273,28.850000381469727,28.6200008392334,28.725000381469727,7993000
2019-10-24,XLB,28.834999084472656,28.9950008392334,28.65999984741211,28.815000534057617,9324600
2019-10-25,XLB,28.81999969482422,29.200000762939453,28.790000915527344,29.1299991607666,8075000
2019-10-28,XLB,29.2450008392334,29.3700008392334,29.125,29.219999313354492,6809000
2019-10-29,XLB,29.09000015258789,29.53499984741211,29.024999618530273,29.399999618530273,8291000
2019-10-30,XLB,29.309999465942383,29.469999313354492,29.170000076293945,29.424999237060547,12694400
2019-10-31,XLB,29.389999389648438,29.450000762939453,28.934999465942383,29.094999313354492,14273400
2019-11-01,XLB,29.2450008392334,29.5049991607666,29.21500015258789,29.5049991607666,9332600
2019-11-04,XLB,29.725000381469727,29.795000076293945,29.579999923706055,29.735000610351562,6178600
2019-11-05,XLB,29.725000381469727,29.950000762939453,29.670000076293945,29.78499984741211,7481000
2019-11-06,XLB,29.760000228881836,29.844999313354492,29.655000686645508,29.764999389648438,7988600
2019-11-07,XLB,29.93000030517578,29.9950008392334,29.850000381469727,29.96500015258789,8387800
2019-11-08,XLB,29.899999618530273,30.09000015258789,29.875,30.084999084472656,5760200
2019-11-11,XLB,29.924999237060547,30.075000762939453,29.8700008392334,30.040000915527344,8242600
2019-11-12,XLB,30.135000228881836,30.299999237060547,30.040000915527344,30.19499969482422,9920600
2019-11-13,XLB,30.06999969482422,30.18000030517578,29.96500015258789,30.020000457763672,10682000
2019-11-14,XLB,29.950000762939453,30.229999542236328,29.934999465942383,30.204999923706055,7162400
2019-11-15,XLB,30.354999542236328,30.405000686645508,30.100000381469727,30.18000030517578,6821800
2019-11-18,XLB,30.05500030517578,30.19499969482422,30.020000457763672,30.104999542236328,5833200
2019-11-19,XLB,30.235000610351562,30.235000610351562,29.940000534057617,30.040000915527344,7262400
2019-11-20,XLB,29.924999237060547,29.979999542236328,29.6299991607666,29.665000915527344,11225400
2019-11-21,XLB,29.655000686645508,29.700000762939453,29.540000915527344,29.614999771118164,6347200
2019-11-22,XLB,29.684999465942383,29.795000076293945,29.6299991607666,29.665000915527344,5749400
2019-11-25,XLB,29.764999389648438,29.8700008392334,29.725000381469727,29.860000610351562,6228600
2019-11-26,XLB,29.84000015258789,30.045000076293945,29.770000457763672,30.010000228881836,7871200
2019-11-27,XLB,30.065000534057617,30.155000686645508,29.905000686645508,30.1299991607666,10083000
2019-11-29,XLB,30.024999618530273,30.114999771118164,29.920000076293945,30.020000457763672,7067200
2019-12-02,XLB,29.969999313354492,30.024999618530273,29.719999313354492,29.719999313354492,13946400
2019-12-03,XLB,29.459999084472656,29.565000534057617,29.309999465942383,29.530000686645508,17312600
2019-12-04,XLB,29.725000381469727,29.924999237060547,29.530000686645508,29.594999313354492,11218600
2019-12-05,XLB,29.645000457763672,29.764999389648438,29.4950008392334,29.7450008392334,10409200
2019-12-06,XLB,29.989999771118164,30.100000381469727,29.915000915527344,30.049999237060547,13194400
2019-12-09,XLB,30.079999923706055,30.155000686645508,29.950000762939453,29.989999771118164,5500400
2019-12-10,XLB,29.940000534057617,29.985000610351562,29.7549991607666,29.809999465942383,7099600
2019-12-11,XLB,29.950000762939453,30.065000534057617,29.889999389648438,30.03499984741211,6985400
2019-12-12,XLB,30.06999969482422,30.4950008392334,30.0,30.454999923706055,14450800
2019-12-13,XLB,30.4950008392334,30.6200008392334,30.209999084472656,30.219999313354492,10166800
2019-12-16,XLB,30.4950008392334,30.524999618530273,30.31999969482422,30.350000381469727,17986000
2019-12-17,XLB,30.399999618530273,30.530000686645508,30.295000076293945,30.395000457763672,10051600
2019-12-18,XLB,30.424999237060547,30.424999237060547,30.125,30.354999542236328,7347400
2019-12-19,XLB,30.3799991607666,30.5049991607666,30.350000381469727,30.459999084472656,6191200
2019-12-20,XLB,30.30500030517578,30.485000610351562,30.30500030517578,30.440000534057617,8337800
2019-12-23,XLB,30.424999237060547,30.549999237060547,30.350000381469727,30.524999618530273,6288000
2019-12-24,XLB,30.540000915527344,30.6299991607666,30.489999771118164,30.559999465942383,2901400
2019-12-26,XLB,30.625,30.69499969482422,30.520000457763672,30.69499969482422,5604800
2019-12-27,XLB,30.80500030517578,30.80500030517578,30.565000534057617,30.579999923706055,13605400
2019-12-30,XLB,30.645000457763672,30.649999618530273,30.450000762939453,30.485000610351562,6015400
2019-12-31,XLB,30.479999542236328,30.739999771118164,30.434999465942383,30.709999084472656,5390000
2020-01-02,XLB,30.915000915527344,30.969999313354492,30.315000534057617,30.350000381469727,14714800
2020-01-03,XLB,30.040000915527344,30.219999313354492,29.850000381469727,29.860000610351562,24846400
2020-01-06,XLB,29.774999618530273,29.915000915527344,29.704999923706055,29.729999542236328,31528800
2020-01-07,XLB,29.68000030517578,29.899999618530273,29.600000381469727,29.69499969482422,40533800
2020-01-08,XLB,29.700000762939453,29.920000076293945,29.600000381469727,29.799999237060547,16159200
2020-01-09,XLB,29.895000457763672,29.96500015258789,29.815000534057617,29.90999984741211,7572400
2020-01-10,XLB,29.979999542236328,30.05500030517578,29.739999771118164,29.790000915527344,11274800
2020-01-13,XLB,29.815000534057617,30.184999465942383,29.78499984741211,30.174999237060547,8818600
2020-01-14,XLB,30.145000457763672,30.235000610351562,29.985000610351562,30.049999237060547,11010200
2020-01-15,XLB,30.045000076293945,30.395000457763672,30.040000915527344,30.2549991607666,7797000
2020-01-16,XLB,30.360000610351562,30.485000610351562,30.260000228881836,30.434999465942383,18799800
2020-01-17,XLB,30.469999313354492,30.575000762939453,30.389999389648438,30.56999969482422,10894400
2020-01-21,XLB,30.360000610351562,30.415000915527344,30.19499969482422,30.239999771118164,7614800
2020-01-22,XLB,30.30500030517578,30.329999923706055,30.104999542236328,30.1200008392334,5475000
2020-01-23,XLB,29.8799991607666,30.114999771118164,29.665000915527344,30.084999084472656,6925200
2020-01-24,XLB,30.1299991607666,30.145000457763672,29.7450008392334,29.8700008392334,10493400
2020-01-27,XLB,29.34000015258789,29.434999465942383,29.225000381469727,29.225000381469727,13869200
2020-01-28,XLB,29.3700008392334,29.649999618530273,29.30500030517578,29.55500030517578,8982200
2020-01-29,XLB,29.655000686645508,29.815000534057617,29.635000228881836,29.649999618530273,7138400
2020-01-30,XLB,29.260000228881836,29.5049991607666,29.06999969482422,29.46500015258789,17398200
2020-01-31,XLB,29.19499969482422,29.21500015258789,28.719999313354492,28.815000534057617,22041400
2020-02-03,XLB,28.924999237060547,29.549999237060547,28.899999618530273,29.420000076293945,24321200
2020-02-04,XLB,29.780000686645508,30.100000381469727,29.65999984741211,29.940000534057617,27190200
2020-02-05,XLB,30.200000762939453,30.549999237060547,29.985000610351562,30.4950008392334,34300800
2020-02-06,XLB,30.645000457763672,30.645000457763672,30.3700008392334,30.479999542236328,24751800
2020-02-07,XLB,30.290000915527344,30.290000915527344,29.940000534057617,30.045000076293945,15666600
2020-02-10,XLB,30.0,30.110000610351562,29.934999465942383,30.030000686645508,9051200
2020-02-11,XLB,30.190000534057617,30.469999313354492,30.174999237060547,30.19499969482422,8116800
2020-02-12,XLB,30.399999618530273,30.420000076293945,30.260000228881836,30.360000610351562,6487000
2020-02-13,XLB,30.31999969482422,30.440000534057617,30.170000076293945,30.25,8235600
2020-02-14,XLB,30.260000228881836,30.3700008392334,30.174999237060547,30.2549991607666,7255000
2020-02-18,XLB,30.209999084472656,30.28499984741211,30.040000915527344,30.18000030517578,9416200
2020-02-19,XLB,30.25,30.375,30.229999542236328,30.260000228881836,13654800
2020-02-20,XLB,30.149999618530273,30.514999389648438,30.09000015258789,30.309999465942383,10361200
2020-02-21,XLB,30.184999465942383,30.280000686645508,30.100000381469727,30.170000076293945,13041000
2020-02-24,XLB,29.405000686645508,29.540000915527344,29.184999465942383,29.31999969482422,18589800
2020-02-25,XLB,29.325000762939453,29.350000381469727,27.979999542236328,28.05500030517578,40124000
2020-02-26,XLB,28.204999923706055,28.579999923706055,27.915000915527344,27.959999084472656,28607200
2020-02-27,XLB,27.5,27.81999969482422,26.649999618530273,26.649999618530273,41394400
2020-02-28,XLB,25.80500030517578,26.405000686645508,25.575000762939453,26.360000610351562,61483400
2020-03-02,XLB,26.610000610351562,27.4950008392334,26.315000534057617,27.489999771118164,33634600
2020-03-03,XLB,27.579999923706055,28.06999969482422,26.885000228881836,27.25,56780400
2020-03-04,XLB,27.729999542236328,28.395000457763672,27.344999313354492,28.3799991607666,28159600
2020-03-05,XLB,27.559999465942383,27.8700008392334,27.309999465942383,27.479999542236328,28354600
2020-03-06,XLB,26.764999389648438,26.989999771118164,26.2450008392334,26.764999389648438,37882200
2020-03-09,XLB,24.84000015258789,25.764999389648438,24.18000030517578,24.260000228881836,28490000
2020-03-10,XLB,25.170000076293945,25.280000686645508,24.020000457763672,25.2450008392334,33436000
2020-03-11,XLB,24.524999618530273,24.594999313354492,23.709999084472656,24.045000076293945,29909600
2020-03-12,XLB,22.28499984741211,23.2549991607666,21.184999465942383,21.729999542236328,30731600
2020-03-13,XLB,23.135000228881836,23.270000457763672,21.600000381469727,23.2549991607666,24228000
2020-03-16,XLB,18.844999313354492,21.614999771118164,18.844999313354492,20.69499969482422,28854200
2020-03-17,XLB,21.014999389648438,22.200000762939453,20.415000915527344,21.975000381469727,22089800
2020-03-18,XLB,20.549999237060547,21.395000457763672,19.209999084472656,20.56999969482422,19751800
2020-03-19,XLB,20.21500015258789,21.424999237060547,19.78499984741211,21.094999313354492,17973800
2020-03-20,XLB,21.274999618530273,21.30500030517578,20.010000228881836,20.34000015258789,30497400
2020-03-23,XLB,20.079999923706055,20.219999313354492,19.079999923706055,19.174999237060547,37354800
2020-03-24,XLB,20.385000228881836,21.56999969482422,20.21500015258789,21.43000030517578,23758600
2020-03-25,XLB,21.350000381469727,22.815000534057617,21.1299991607666,21.93000030517578,27152800
2020-03-26,XLB,22.190000534057617,23.06999969482422,22.145000457763672,22.959999084472656,26767800
2020-03-27,XLB,22.104999542236328,22.604999542236328,21.934999465942383,22.1299991607666,28151200
2020-03-30,XLB,22.405000686645508,22.924999237060547,22.219999313354492,22.834999084472656,19508400
2020-03-31,XLB,22.764999389648438,23.084999084472656,22.43000030517578,22.520000457763672,17017400
2020-04-01,XLB,21.69499969482422,22.1200008392334,21.44499969482422,21.5049991607666,20480800
2020-04-02,XLB,21.479999542236328,22.364999771118164,21.434999465942383,21.829999923706055,23569200
2020-04-03,XLB,21.68000030517578,22.125,21.209999084472656,21.30500030517578,18531600
2020-04-06,XLB,22.219999313354492,23.059999465942383,22.219999313354492,22.889999389648438,20933400
2020-04-07,XLB,23.735000610351562,24.315000534057617,23.385000228881836,23.5,22422600
2020-04-08,XLB,23.75,24.760000228881836,23.485000610351562,24.649999618530273,32927200
2020-04-09,XLB,24.920000076293945,25.850000381469727,24.895000457763672,25.709999084472656,61476000
2020-04-13,XLB,25.510000228881836,25.579999923706055,24.795000076293945,25.145000457763672,31714600
2020-04-14,XLB,25.670000076293945,25.834999084472656,25.209999084472656,25.469999313354492,16524000
2020-04-15,XLB,24.65999984741211,24.684999465942383,24.104999542236328,24.299999237060547,11401200
2020-04-16,XLB,24.344999313354492,24.395000457763672,23.760000228881836,24.15999984741211,9255800
2020-04-17,XLB,24.729999542236328,25.209999084472656,24.725000381469727,25.1299991607666,12609200
2020-04-20,XLB,24.690000534057617,25.09000015258789,24.440000534057617,24.510000228881836,9686400
2020-04-21,XLB,23.885000228881836,24.174999237060547,23.795000076293945,23.905000686645508,11975400
2020-04-22,XLB,24.395000457763672,24.559999465942383,24.135000228881836,24.375,7665200
2020-04-23,XLB,24.514999389648438,25.045000076293945,24.514999389648438,24.545000076293945,12767200
2020-04-24,XLB,24.7450008392334,25.0,24.475000381469727,24.93000030517578,8291400
2020-04-27,XLB,25.0049991607666,25.690000534057617,24.969999313354492,25.594999313354492,9722200
2020-04-28,XLB,26.014999389648438,26.225000381469727,25.75,26.06999969482422,13503800
2020-04-29,XLB,26.610000610351562,26.8700008392334,26.5,26.735000610351562,11752600
2020-04-30,XLB,26.315000534057617,26.315000534057617,25.899999618530273,25.940000534057617,10813600
2020-05-01,XLB,25.489999771118164,25.600000381469727,25.15999984741211,25.395000457763672,10134000
2020-05-04,XLB,25.200000762939453,25.520000457763672,24.950000762939453,25.485000610351562,10141000
2020-05-05,XLB,25.709999084472656,25.895000457763672,25.4950008392334,25.549999237060547,9034000
2020-05-06,XLB,25.6200008392334,25.815000534057617,25.084999084472656,25.110000610351562,7506400
2020-05-07,XLB,25.360000610351562,25.854999542236328,25.325000762939453,25.625,8245800
2020-05-08,XLB,25.9950008392334,26.274999618530273,25.915000915527344,26.239999771118164,7567000
2020-05-11,XLB,25.80500030517578,25.959999084472656,25.575000762939453,25.84000015258789,8857200
2020-05-12,XLB,25.924999237060547,26.09000015258789,25.44499969482422,25.44499969482422,8400000
2020-05-13,XLB,25.31999969482422,25.424999237060547,24.68000030517578,24.90999984741211,10532200
2020-05-14,XLB,24.450000762939453,25.21500015258789,24.15999984741211,25.21500015258789,10842000
2020-05-15,XLB,25.05500030517578,25.454999923706055,24.93000030517578,25.434999465942383,9761200
2020-05-18,XLB,26.309999465942383,26.80500030517578,26.2450008392334,26.594999313354492,8851400
2020-05-19,XLB,26.4950008392334,26.709999084472656,26.315000534057617,26.34000015258789,9785800
2020-05-20,XLB,26.690000534057617,27.049999237060547,26.684999465942383,26.760000228881836,7598600
2020-05-21,XLB,26.68000030517578,26.825000762939453,26.405000686645508,26.5049991607666,10491400
2020-05-22,XLB,26.475000381469727,26.514999389648438,26.260000228881836,26.46500015258789,7465200
2020-05-26,XLB,27.065000534057617,27.334999084472656,26.969999313354492,27.190000534057617,8228800
2020-05-27,XLB,27.5,27.645000457763672,27.114999771118164,27.46500015258789,13983400
2020-05-28,XLB,27.850000381469727,27.94499969482422,27.450000762939453,27.719999313354492,10969400
2020-05-29,XLB,27.725000381469727,27.81999969482422,27.395000457763672,27.725000381469727,14772600
2020-06-01,XLB,27.735000610351562,28.014999389648438,27.69499969482422,27.915000915527344,6466800
2020-06-02,XLB,28.0049991607666,28.459999084472656,27.975000381469727,28.420000076293945,8655400
2020-06-03,XLB,28.774999618530273,29.274999618530273,28.739999771118164,29.065000534057617,9448200
2020-06-04,XLB,28.94499969482422,29.25,28.899999618530273,29.170000076293945,9007400
2020-06-05,XLB,29.934999465942383,30.145000457763672,29.81999969482422,29.915000915527344,11260000
2020-06-08,XLB,30.030000686645508,30.125,29.690000534057617,29.954999923706055,10513000
2020-06-09,XLB,29.610000610351562,29.78499984741211,29.415000915527344,29.59000015258789,12017800
2020-06-10,XLB,29.71500015258789,29.71500015258789,29.135000228881836,29.2549991607666,10384800
2020-06-11,XLB,28.424999237060547,28.510000228881836,26.8799991607666,26.9950008392334,58196800
2020-06-12,XLB,27.93000030517578,28.045000076293945,27.0,27.520000457763672,27863800
2020-06-15,XLB,26.795000076293945,27.975000381469727,26.645000457763672,27.809999465942383,13771400
2020-06-16,XLB,28.770000457763672,28.895000457763672,27.954999923706055,28.389999389648438,19004800
2020-06-17,XLB,28.56999969482422,28.600000381469727,28.075000762939453,28.155000686645508,8050800
2020-06-18,XLB,28.049999237060547,28.334999084472656,28.0,28.174999237060547,7135200
2020-06-19,XLB,28.645000457763672,28.69499969482422,27.889999389648438,28.09000015258789,14837000
2020-06-22,XLB,27.93000030517578,28.155000686645508,27.684999465942383,28.040000915527344,6738800
2020-06-23,XLB,28.459999084472656,28.485000610351562,28.094999313354492,28.104999542236328,6232000
2020-06-24,XLB,27.80500030517578,27.834999084472656,27.204999923706055,27.28499984741211,11306000
2020-06-25,XLB,27.209999084472656,27.655000686645508,26.96500015258789,27.625,10509400
2020-06-26,XLB,27.520000457763672,27.56999969482422,27.079999923706055,27.2450008392334,16345800
2020-06-29,XLB,27.475000381469727,27.895000457763672,27.40999984741211,27.774999618530273,9878200
2020-06-30,XLB,27.68000030517578,28.34000015258789,27.600000381469727,28.174999237060547,7877800
2020-07-01,XLB,28.204999923706055,28.329999923706055,27.850000381469727,28.235000610351562,16292200
2020-07-02,XLB,28.6299991607666,29.0,28.56999969482422,28.764999389648438,16065800
2020-07-06,XLB,29.309999465942383,29.34000015258789,28.799999237060547,29.174999237060547,15728400
2020-07-07,XLB,28.96500015258789,29.270000457763672,28.94499969482422,29.184999465942383,14897400
2020-07-08,XLB,29.235000610351562,29.389999389648438,28.44499969482422,28.770000457763672,18333600
2020-07-09,XLB,28.905000686645508,28.94499969482422,28.18000030517578,28.5,31458800
2020-07-10,XLB,28.565000534057617,29.030000686645508,28.545000076293945,28.9950008392334,9314200
2020-07-13,XLB,29.295000076293945,29.584999084472656,28.975000381469727,28.9950008392334,18069200
2020-07-14,XLB,28.934999465942383,29.764999389648438,28.899999618530273,29.725000381469727,18868200
2020-07-15,XLB,30.2450008392334,30.350000381469727,30.020000457763672,30.225000381469727,16457200
2020-07-16,XLB,30.28499984741211,30.55500030517578,30.174999237060547,30.325000762939453,11128800
2020-07-17,XLB,30.540000915527344,30.65999984741211,30.43000030517578,30.579999923706055,8155600
2020-07-20,XLB,30.565000534057617,30.645000457763672,30.264999389648438,30.315000534057617,7186400
2020-07-21,XLB,30.5049991607666,30.729999542236328,30.5049991607666,30.579999923706055,7554200
2020-07-22,XLB,30.530000686645508,30.94499969482422,30.520000457763672,30.934999465942383,5899400
2020-07-23,XLB,30.90999984741211,31.145000457763672,30.625,30.84000015258789,8828000
2020-07-24,XLB,30.729999542236328,30.895000457763672,30.559999465942383,30.735000610351562,11727000
2020-07-27,XLB,30.934999465942383,31.295000076293945,30.834999084472656,31.18000030517578,7281800
2020-07-28,XLB,31.084999084472656,31.084999084472656,30.46500015258789,30.4950008392334,9140200
2020-07-29,XLB,30.594999313354492,30.834999084472656,30.545000076293945,30.7450008392334,8223000
2020-07-30,XLB,30.28499984741211,30.375,29.899999618530273,30.149999618530273,14042200
2020-07-31,XLB,30.204999923706055,30.2549991607666,29.799999237060547,30.18000030517578,10541400
2020-08-03,XLB,30.334999084472656,30.344999313354492,30.0049991607666,30.010000228881836,11077800
2020-08-04,XLB,29.889999389648438,30.5049991607666,29.829999923706055,30.434999465942383,15835000
2020-08-05,XLB,30.719999313354492,31.204999923706055,30.635000228881836,30.8799991607666,11793000
2020-08-06,XLB,30.84000015258789,30.920000076293945,30.6299991607666,30.75,13939400
2020-08-07,XLB,30.59000015258789,30.860000610351562,30.44499969482422,30.854999542236328,7971600
2020-08-10,XLB,30.885000228881836,31.155000686645508,30.84000015258789,31.155000686645508,6678200
2020-08-11,XLB,31.424999237060547,31.604999542236328,31.040000915527344,31.100000381469727,8975200
2020-08-12,XLB,31.475000381469727,31.510000228881836,31.209999084472656,31.28499984741211,7929000
2020-08-13,XLB,31.135000228881836,31.399999618530273,31.094999313354492,31.280000686645508,16852000
2020-08-14,XLB,31.139999389648438,31.440000534057617,31.100000381469727,31.315000534057617,5179600
2020-08-17,XLB,31.559999465942383,31.68000030517578,31.325000762939453,31.454999923706055,3719600
2020-08-18,XLB,31.55500030517578,31.614999771118164,31.295000076293945,31.325000762939453,4764000
2020-08-19,XLB,31.44499969482422,31.520000457763672,31.145000457763672,31.235000610351562,6209400
2020-08-20,XLB,31.0,31.145000457763672,30.915000915527344,31.125,4662400
2020-08-21,XLB,30.889999389648438,31.0,30.774999618530273,30.94499969482422,5512600
2020-08-24,XLB,31.34000015258789,31.4950008392334,31.235000610351562,31.489999771118164,7063200
2020-08-25,XLB,31.600000381469727,31.704999923706055,31.229999542236328,31.364999771118164,5754800
2020-08-26,XLB,31.334999084472656,31.75,31.2549991607666,31.69499969482422,4762800
2020-08-27,XLB,31.80500030517578,31.8700008392334,31.514999389648438,31.610000610351562,7297600
2020-08-28,XLB,31.764999389648438,32.01499938964844,31.6200008392334,31.985000610351562,4845800
2020-08-31,XLB,31.93000030517578,32.005001068115234,31.4950008392334,31.4950008392334,6109400
2020-09-01,XLB,31.4950008392334,32.415000915527344,31.3700008392334,32.380001068115234,18465600
2020-09-02,XLB,32.51499938964844,33.165000915527344,32.30500030517578,33.1150016784668,22911200
2020-09-03,XLB,33.06999969482422,33.06999969482422,31.860000610351562,32.20000076293945,28891200
2020-09-04,XLB,32.38999938964844,32.560001373291016,31.735000610351562,32.220001220703125,27926400
2020-09-08,XLB,31.899999618530273,31.924999237060547,31.375,31.614999771118164,16465800
2020-09-09,XLB,32.005001068115234,32.64500045776367,31.985000610351562,32.43000030517578,13236200
2020-09-10,XLB,32.59000015258789,32.709999084472656,32.064998626708984,32.125,14234600
2020-09-11,XLB,32.380001068115234,32.69499969482422,32.22999954223633,32.53499984741211,19443800
2020-09-14,XLB,32.80500030517578,33.099998474121094,32.67499923706055,33.005001068115234,11562800
2020-09-15,XLB,33.16999816894531,33.3849983215332,33.150001525878906,33.165000915527344,8611200
2020-09-16,XLB,33.2400016784668,33.56999969482422,33.095001220703125,33.189998626708984,19141200
2020-09-17,XLB,32.84000015258789,33.505001068115234,32.665000915527344,33.435001373291016,23226600
2020-09-18,XLB,33.540000915527344,33.540000915527344,32.82500076293945,32.86000061035156,18910000
2020-09-21,XLB,32.04499816894531,32.07500076293945,31.239999771118164,31.604999542236328,16070800
2020-09-22,XLB,31.6299991607666,31.7450008392334,31.405000686645508,31.665000915527344,11727400
2020-09-23,XLB,31.604999542236328,31.635000228881836,30.709999084472656,30.735000610351562,14883600
2020-09-24,XLB,30.719999313354492,31.270000457763672,30.46500015258789,30.954999923706055,22009400
2020-09-25,XLB,30.665000915527344,31.329999923706055,30.55500030517578,31.229999542236328,8869000
2020-09-28,XLB,31.674999237060547,31.9950008392334,31.545000076293945,31.735000610351562,8570600
2020-09-29,XLB,31.7549991607666,31.854999542236328,31.415000915527344,31.5,11333400
2020-09-30,XLB,31.639999389648438,32.08000183105469,31.56999969482422,31.81999969482422,12347200
2020-10-01,XLB,31.969999313354492,32.119998931884766,31.264999389648438,31.3700008392334,29154800
2020-10-02,XLB,31.014999389648438,31.895000457763672,30.920000076293945,31.649999618530273,27853200
2020-10-05,XLB,31.905000686645508,32.470001220703125,31.895000457763672,32.255001068115234,18641400
2020-10-06,XLB,32.415000915527344,32.68000030517578,31.790000915527344,31.850000381469727,31358800
2020-10-07,XLB,32.255001068115234,32.755001068115234,32.20500183105469,32.66999816894531,14277800
2020-10-08,XLB,32.91999816894531,33.125,32.83000183105469,33.0,12583200
2020-10-09,XLB,33.275001525878906,33.400001525878906,33.04999923706055,33.255001068115234,9547600
2020-10-12,XLB,33.44499969482422,33.48500061035156,33.18000030517578,33.20000076293945,8131200
2020-10-13,XLB,32.96500015258789,33.150001525878906,32.779998779296875,32.904998779296875,10341200
2020-10-14,XLB,32.939998626708984,33.21500015258789,32.89500045776367,33.0,8767000
2020-10-15,XLB,32.540000915527344,32.94499969482422,32.5,32.904998779296875,8749800
2020-10-16,XLB,33.099998474121094,33.290000915527344,33.005001068115234,33.1349983215332,20165000
2020-10-19,XLB,33.244998931884766,33.36000061035156,32.650001525878906,32.75,10827600
2020-10-20,XLB,32.94499969482422,33.17499923706055,32.724998474121094,32.82500076293945,8399800
2020-10-21,XLB,32.81999969482422,33.20500183105469,32.70000076293945,32.70000076293945,7800400
2020-10-22,XLB,32.685001373291016,32.91999816894531,32.36000061035156,32.880001068115234,7066400
2020-10-23,XLB,33.1150016784668,33.2400016784668,32.834999084472656,33.0,8233000
2020-10-26,XLB,32.584999084472656,32.59000015258789,31.924999237060547,32.17499923706055,14833600
2020-10-27,XLB,32.185001373291016,32.22999954223633,31.850000381469727,31.8700008392334,9313000
2020-10-28,XLB,31.09000015258789,31.395000457763672,30.850000381469727,30.969999313354492,15424600
2020-10-29,XLB,30.8799991607666,31.854999542236328,30.770000457763672,31.610000610351562,15086800
2020-10-30,XLB,31.479999542236328,31.719999313354492,31.09000015258789,31.59000015258789,14679800
2020-11-02,XLB,32.064998626708984,32.755001068115234,31.979999542236328,32.63999938964844,15868400
2020-11-03,XLB,33.029998779296875,33.31999969482422,32.80500030517578,33.150001525878906,17784200
2020-11-04,XLB,32.994998931884766,33.20500183105469,32.28499984741211,32.584999084472656,22194600
2020-11-05,XLB,33.334999084472656,34.16999816894531,33.310001373291016,33.915000915527344,17707400
2020-11-06,XLB,34.11000061035156,34.30500030517578,33.86000061035156,34.0,12151400
2020-11-09,XLB,35.630001068115234,36.20500183105469,34.71500015258789,34.76499938964844,32868400
2020-11-10,XLB,34.90999984741211,35.255001068115234,34.8650016784668,35.17499923706055,19650600
2020-11-11,XLB,35.20000076293945,35.20000076293945,34.415000915527344,34.650001525878906,12835400
2020-11-12,XLB,34.494998931884766,34.52000045776367,33.70000076293945,33.91999816894531,11053200
2020-11-13,XLB,34.17499923706055,34.60499954223633,34.165000915527344,34.505001068115234,11077200
2020-11-16,XLB,35.060001373291016,35.22999954223633,34.790000915527344,35.185001373291016,10964200
2020-11-17,XLB,34.96500015258789,35.1349983215332,34.61000061035156,35.05500030517578,13893800
2020-11-18,XLB,35.16999816894531,35.275001525878906,34.75,34.76499938964844,9243000
2020-11-19,XLB,34.67499923706055,34.96500015258789,34.400001525878906,34.90999984741211,7465400
2020-11-20,XLB,34.900001525878906,35.040000915527344,34.724998474121094,34.880001068115234,8858000
2020-11-23,XLB,35.154998779296875,35.3849983215332,35.0099983215332,35.16999816894531,8959000
2020-11-24,XLB,35.494998931884766,36.150001525878906,35.45500183105469,36.04499816894531,12274400
2020-11-25,XLB,35.97999954223633,35.994998931884766,35.60499954223633,35.66999816894531,7890200
2020-11-27,XLB,35.83000183105469,35.98500061035156,35.685001373291016,35.85499954223633,4594600
2020-11-30,XLB,35.80500030517578,35.834999084472656,35.30500030517578,35.494998931884766,9913400
2020-12-01,XLB,36.099998474121094,36.165000915527344,35.720001220703125,35.8849983215332,10474200
2020-12-02,XLB,35.775001525878906,35.900001525878906,35.36000061035156,35.42499923706055,10779600
2020-12-03,XLB,35.525001525878906,35.64500045776367,35.099998474121094,35.18000030517578,11470200
2020-12-04,XLB,35.33000183105469,35.89500045776367,35.31999969482422,35.88999938964844,11538400
2020-12-07,XLB,35.8650016784668,35.970001220703125,35.529998779296875,35.654998779296875,8008800
2020-12-08,XLB,35.459999084472656,35.939998626708984,35.44499969482422,35.85499954223633,7046600
2020-12-09,XLB,35.994998931884766,36.064998626708984,35.53499984741211,35.875,13517800
2020-12-10,XLB,35.685001373291016,35.959999084472656,35.53499984741211,35.654998779296875,7156600
2020-12-11,XLB,35.415000915527344,35.6150016784668,35.185001373291016,35.45000076293945,6851600
2020-12-14,XLB,35.7599983215332,35.814998626708984,34.98500061035156,35.0,10226400
2020-12-15,XLB,35.334999084472656,35.724998474121094,35.244998931884766,35.6349983215332,8021400
2020-12-16,XLB,35.71500015258789,35.76499938964844,35.3849983215332,35.53499984741211,8139200
2020-12-17,XLB,35.869998931884766,35.974998474121094,35.73500061035156,35.94499969482422,7591400
2020-12-18,XLB,35.97999954223633,36.19499969482422,35.67499923706055,36.10499954223633,10906600
2020-12-21,XLB,35.290000915527344,35.82500076293945,35.0,35.73500061035156,10098600
2020-12-22,XLB,35.72999954223633,35.775001525878906,35.46500015258789,35.51499938964844,6653800
2020-12-23,XLB,35.709999084472656,35.939998626708984,35.54499816894531,35.564998626708984,8219200
2020-12-24,XLB,35.595001220703125,35.790000915527344,35.45500183105469,35.790000915527344,2732600
2020-12-28,XLB,36.125,36.16999816894531,35.6349983215332,35.650001525878906,5322600
2020-12-29,XLB,35.84000015258789,35.91999816894531,35.3849983215332,35.564998626708984,6852800
2020-12-30,XLB,35.685001373291016,36.130001068115234,35.665000915527344,36.05500030517578,5655000
2020-12-31,XLB,36.10499954223633,36.255001068115234,35.810001373291016,36.19499969482422,6500800
2021-01-04,XLB,36.51499938964844,36.70000076293945,35.64500045776367,35.849998474121094,18266000
2021-01-05,XLB,35.790000915527344,36.755001068115234,35.790000915527344,36.654998779296875,26812000
2021-01-06,XLB,37.04999923706055,38.42499923706055,37.0099983215332,38.154998779296875,48521400
2021-01-07,XLB,38.3849983215332,38.69499969482422,38.29999923706055,38.439998626708984,18577800
2021-01-08,XLB,38.5099983215332,38.54499816894531,37.779998779296875,38.255001068115234,16988400
2021-01-11,XLB,37.689998626708984,38.40999984741211,37.54999923706055,38.255001068115234,12240200
2021-01-12,XLB,38.220001220703125,38.8849983215332,38.095001220703125,38.7400016784668,17845800
2021-01-13,XLB,38.70000076293945,38.790000915527344,38.185001373291016,38.345001220703125,9809200
2021-01-14,XLB,38.470001220703125,38.505001068115234,38.16999816894531,38.21500015258789,11074000
2021-01-15,XLB,37.86000061035156,37.93000030517578,37.275001525878906,37.66999816894531,19709000
2021-01-19,XLB,37.974998474121094,38.07500076293945,37.63999938964844,37.79999923706055,9912400
2021-01-20,XLB,37.98500061035156,38.040000915527344,37.76499938964844,37.92499923706055,10326600
2021-01-21,XLB,37.880001068115234,37.95500183105469,37.35499954223633,37.369998931884766,12646600
2021-01-22,XLB,36.95000076293945,37.34000015258789,36.88999938964844,37.189998626708984,12131800
2021-01-25,XLB,37.040000915527344,37.14500045776367,36.345001220703125,36.994998931884766,24149400
2021-01-26,XLB,37.224998474121094,37.3650016784668,36.474998474121094,36.48500061035156,13554800
2021-01-27,XLB,35.92499923706055,35.92499923706055,35.005001068115234,35.40999984741211,24779000
2021-01-28,XLB,35.76499938964844,36.244998931884766,35.66999816894531,36.02000045776367,14483400
2021-01-29,XLB,35.869998931884766,36.05500030517578,35.13999938964844,35.31999969482422,17979800
2021-02-01,XLB,35.685001373291016,35.79999923706055,35.15999984741211,35.73500061035156,16012000
2021-02-02,XLB,36.0,36.3849983215332,35.79999923706055,36.20500183105469,15789200
2021-02-03,XLB,36.30500030517578,36.4900016784668,36.13999938964844,36.275001525878906,12846200
2021-02-04,XLB,36.16999816894531,36.34000015258789,35.834999084472656,36.14500045776367,12994200
2021-02-05,XLB,36.494998931884766,36.814998626708984,36.41999816894531,36.76499938964844,12575600
2021-02-08,XLB,37.08000183105469,37.20000076293945,36.974998474121094,37.06999969482422,12635600
2021-02-09,XLB,37.09000015258789,37.119998931884766,36.70500183105469,36.79499816894531,14514000
2021-02-10,XLB,37.03499984741211,37.07500076293945,36.52000045776367,36.755001068115234,10917400
2021-02-11,XLB,36.8650016784668,37.0,36.474998474121094,36.790000915527344,13346000
2021-02-12,XLB,36.709999084472656,37.189998626708984,36.65999984741211,37.16999816894531,6575800
2021-02-16,XLB,37.310001373291016,37.435001373291016,37.04499816894531,37.099998474121094,12385800
2021-02-17,XLB,36.994998931884766,37.150001525878906,36.599998474121094,37.08000183105469,11821200
2021-02-18,XLB,36.98500061035156,37.025001525878906,36.68000030517578,36.849998474121094,12117600
2021-02-19,XLB,37.060001373291016,37.689998626708984,37.04999923706055,37.525001525878906,11360800
2021-02-22,XLB,37.47999954223633,37.82500076293945,37.35499954223633,37.66999816894531,12198600
2021-02-23,XLB,37.650001525878906,37.900001525878906,36.97999954223633,37.79999923706055,22024400
2021-02-24,XLB,37.81999969482422,38.290000915527344,37.68000030517578,38.130001068115234,14763400
2021-02-25,XLB,38.05500030517578,38.119998931884766,37.099998474121094,37.25,20375400
2021-02-26,XLB,37.154998779296875,37.27000045776367,36.53499984741211,36.775001525878906,16280200
2021-03-01,XLB,37.2599983215332,37.904998779296875,37.2599983215332,37.70500183105469,15016000
2021-03-02,XLB,37.814998626708984,38.2599983215332,37.790000915527344,37.915000915527344,15129200
2021-03-03,XLB,37.775001525878906,38.04499816894531,37.53499984741211,37.540000915527344,17340400
2021-03-04,XLB,37.47999954223633,37.630001068115234,36.16999816894531,36.810001373291016,37034800
2021-03-05,XLB,37.189998626708984,37.779998779296875,36.40999984741211,37.654998779296875,23513000
2021-03-08,XLB,37.779998779296875,38.72999954223633,37.71500015258789,38.15999984741211,29673000
2021-03-09,XLB,38.415000915527344,38.70500183105469,38.1349983215332,38.39500045776367,15732600
2021-03-10,XLB,38.584999084472656,39.334999084472656,38.560001373291016,39.029998779296875,14336600
2021-03-11,XLB,39.38999938964844,39.55500030517578,39.21500015258789,39.2400016784668,9525000
2021-03-12,XLB,39.23500061035156,39.369998931884766,39.130001068115234,39.345001220703125,9627600
2021-03-15,XLB,39.345001220703125,39.415000915527344,38.915000915527344,39.38999938964844,9292800
2021-03-16,XLB,39.35499954223633,39.39500045776367,38.845001220703125,39.064998626708984,13154200
2021-03-17,XLB,39.029998779296875,39.5099983215332,38.935001373291016,39.415000915527344,11091200
2021-03-18,XLB,39.31999969482422,39.77000045776367,39.119998931884766,39.19499969482422,13173600
2021-03-19,XLB,39.119998931884766,39.26499938964844,38.540000915527344,39.0,17836800
2021-03-22,XLB,38.775001525878906,39.02000045776367,38.54499816894531,38.86000061035156,12876400
2021-03-23,XLB,38.685001373291016,38.71500015258789,37.915000915527344,38.04999923706055,20470200
2021-03-24,XLB,38.220001220703125,38.86000061035156,38.220001220703125,38.32500076293945,13470600
2021-03-25,XLB,38.16999816894531,38.95000076293945,37.95000076293945,38.880001068115234,15393400
2021-03-26,XLB,39.244998931884766,39.875,39.1150016784668,39.845001220703125,15219200
2021-03-29,XLB,39.70000076293945,40.084999084472656,39.48500061035156,39.709999084472656,12979600
2021-03-30,XLB,39.69499969482422,39.80500030517578,39.4900016784668,39.595001220703125,13140600
2021-03-31,XLB,39.66999816894531,39.790000915527344,39.29999923706055,39.400001525878906,14174400
2021-04-01,XLB,39.46500015258789,39.775001525878906,39.224998474121094,39.744998931884766,14325800
2021-04-05,XLB,40.154998779296875,40.380001068115234,39.959999084472656,40.23500061035156,17460600
2021-04-06,XLB,40.165000915527344,40.470001220703125,40.130001068115234,40.32500076293945,12551800
2021-04-07,XLB,40.2599983215332,40.33000183105469,39.54499816894531,39.630001068115234,17575600
2021-04-08,XLB,39.720001220703125,39.7599983215332,39.349998474121094,39.68000030517578,10828600
2021-04-09,XLB,39.775001525878906,40.03499984741211,39.654998779296875,40.025001525878906,10617600
2021-04-12,XLB,40.0,40.209999084472656,39.9900016784668,40.165000915527344,8856400
2021-04-13,XLB,40.099998474121094,40.189998626708984,39.88999938964844,40.06999969482422,9311800
2021-04-14,XLB,40.099998474121094,40.525001525878906,40.084999084472656,40.36000061035156,9953200
2021-04-15,XLB,40.560001373291016,40.90999984741211,40.400001525878906,40.834999084472656,10863000
2021-04-16,XLB,41.23500061035156,41.439998626708984,41.15999984741211,41.33000183105469,12927600
2021-04-19,XLB,41.33000183105469,41.404998779296875,40.90999984741211,41.13999938964844,12112600
2021-04-20,XLB,41.064998626708984,41.14500045776367,40.595001220703125,40.744998931884766,10643200
2021-04-21,XLB,40.755001068115234,41.53499984741211,40.70500183105469,41.48500061035156,10809000
2021-04-22,XLB,41.435001373291016,41.435001373291016,40.73500061035156,40.78499984741211,16101000
2021-04-23,XLB,40.96500015258789,41.59000015258789,40.814998626708984,41.45500183105469,9370000
2021-04-26,XLB,41.619998931884766,41.939998626708984,41.53499984741211,41.70000076293945,8192000
2021-04-27,XLB,41.51499938964844,41.709999084472656,41.334999084472656,41.59000015258789,8882800
2021-04-28,XLB,41.61000061035156,41.880001068115234,41.529998779296875,41.70500183105469,7793600
2021-04-29,XLB,41.959999084472656,41.98500061035156,41.53499984741211,41.96500015258789,11571000
2021-04-30,XLB,41.78499984741211,41.97999954223633,41.42499923706055,41.52000045776367,10352600
2021-05-03,XLB,41.875,42.38999938964844,41.845001220703125,42.13999938964844,12405600
2021-05-04,XLB,41.8650016784668,42.599998474121094,41.83000183105469,42.599998474121094,15622200
2021-05-05,XLB,42.77000045776367,43.209999084472656,42.77000045776367,43.13999938964844,15113400
2021-05-06,XLB,43.224998474121094,43.529998779296875,42.79999923706055,43.505001068115234,14774400
2021-05-07,XLB,43.51499938964844,44.02000045776367,43.32500076293945,43.935001373291016,15089400
2021-05-10,XLB,44.44499969482422,44.60499954223633,43.73500061035156,43.7400016784668,18238200
2021-05-11,XLB,43.38999938964844,43.94499969482422,43.09000015258789,43.8849983215332,18997000
2021-05-12,XLB,43.720001220703125,43.81999969482422,42.72999954223633,42.779998779296875,18269200
2021-05-13,XLB,42.845001220703125,43.564998626708984,42.744998931884766,43.435001373291016,22130400
2021-05-14,XLB,43.630001068115234,44.06999969482422,43.59000015258789,43.95500183105469,11112600
2021-05-17,XLB,43.97999954223633,44.41999816894531,43.7599983215332,44.34000015258789,15624000
2021-05-18,XLB,44.415000915527344,44.439998626708984,43.81999969482422,43.849998474121094,13594800
2021-05-19,XLB,43.2400016784668,43.369998931884766,42.689998626708984,43.18000030517578,24960000
2021-05-20,XLB,43.255001068115234,43.39500045776367,43.03499984741211,43.20500183105469,11750000
2021-05-21,XLB,43.44499969482422,43.7599983215332,43.275001525878906,43.29999923706055,13533000
2021-05-24,XLB,43.55500030517578,43.85499954223633,43.375,43.685001373291016,10218400
2021-05-25,XLB,43.77000045776367,43.869998931884766,43.26499938964844,43.314998626708984,9688800
2021-05-26,XLB,43.33000183105469,43.46500015258789,43.03499984741211,43.33000183105469,12616400
2021-05-27,XLB,43.685001373291016,43.88999938964844,43.560001373291016,43.67499923706055,11654600
2021-05-28,XLB,43.77000045776367,43.82500076293945,43.45500183105469,43.630001068115234,10690800
2021-06-01,XLB,44.1349983215332,44.310001373291016,43.939998626708984,44.2400016784668,13700800
2021-06-02,XLB,44.29999923706055,44.310001373291016,43.814998626708984,43.869998931884766,11410200
2021-06-03,XLB,43.560001373291016,43.880001068115234,43.32500076293945,43.86000061035156,12528600
2021-06-04,XLB,44.04499816894531,44.11000061035156,43.775001525878906,43.95500183105469,10291600
2021-06-07,XLB,43.974998474121094,43.974998474121094,43.224998474121094,43.41999816894531,12097600
2021-06-08,XLB,43.439998626708984,43.68000030517578,43.1150016784668,43.5,11581600
2021-06-09,XLB,43.415000915527344,43.540000915527344,43.150001525878906,43.15999984741211,19761200
2021-06-10,XLB,43.4900016784668,43.54999923706055,42.89500045776367,42.900001525878906,12269000
2021-06-11,XLB,43.20500183105469,43.3650016784668,42.83000183105469,43.060001373291016,8715600
2021-06-14,XLB,42.939998626708984,43.04499816894531,42.29999923706055,42.529998779296875,12375600
2021-06-15,XLB,42.595001220703125,42.619998931884766,42.13999938964844,42.439998626708984,20967400
2021-06-16,XLB,42.439998626708984,42.459999084472656,41.875,41.970001220703125,16649000
2021-06-17,XLB,41.849998474121094,41.85499954223633,40.53499984741211,41.03499984741211,30323200
2021-06-18,XLB,40.61000061035156,40.779998779296875,40.369998931884766,40.369998931884766,23531600
2021-06-21,XLB,40.665000915527344,41.09000015258789,40.650001525878906,41.029998779296875,18014200
2021-06-22,XLB,41.20000076293945,41.375,40.904998779296875,41.19499969482422,11156800
2021-06-23,XLB,41.314998626708984,41.41999816894531,40.92499923706055,40.93000030517578,10336800
2021-06-24,XLB,41.23500061035156,41.29999923706055,40.92499923706055,41.060001373291016,10540600
2021-06-25,XLB,41.28499984741211,41.45000076293945,41.029998779296875,41.064998626708984,20219000
2021-06-28,XLB,41.19499969482422,41.22999954223633,40.744998931884766,41.064998626708984,10148200
2021-06-29,XLB,41.244998931884766,41.46500015258789,40.94499969482422,41.04499816894531,9840000
2021-06-30,XLB,40.93000030517578,41.21500015258789,40.92499923706055,41.154998779296875,9728400
2021-07-01,XLB,41.48500061035156,41.540000915527344,41.16999816894531,41.380001068115234,14184600
2021-07-02,XLB,41.435001373291016,41.4900016784668,41.15999984741211,41.439998626708984,12341200
2021-07-06,XLB,41.41999816894531,41.435001373291016,40.540000915527344,40.82500076293945,12216600
2021-07-07,XLB,40.834999084472656,41.28499984741211,40.73500061035156,41.25,13178600
2021-07-08,XLB,40.57500076293945,40.90999984741211,40.334999084472656,40.689998626708984,15825600
2021-07-09,XLB,41.21500015258789,41.599998474121094,41.1349983215332,41.4900016784668,14981600
2021-07-12,XLB,41.2400016784668,41.75,41.084999084472656,41.625,20226200
2021-07-13,XLB,41.54999923706055,41.64500045776367,41.1150016784668,41.244998931884766,24708800
2021-07-14,XLB,41.29499816894531,41.625,41.040000915527344,41.15999984741211,12376600
2021-07-15,XLB,40.95000076293945,41.439998626708984,40.92499923706055,41.165000915527344,12688200
2021-07-16,XLB,41.2400016784668,41.27000045776367,40.470001220703125,40.54499816894531,19222200
2021-07-19,XLB,39.83000183105469,39.8650016784668,39.34000015258789,39.67499923706055,23013400
2021-07-20,XLB,39.56999969482422,40.415000915527344,39.44499969482422,40.125,21231400
2021-07-21,XLB,40.404998779296875,40.69499969482422,40.35499954223633,40.564998626708984,13671200
2021-07-22,XLB,40.65999984741211,40.70000076293945,40.244998931884766,40.58000183105469,9453400
2021-07-23,XLB,40.779998779296875,40.904998779296875,40.41999816894531,40.8650016784668,10392800
2021-07-26,XLB,40.96500015258789,41.25,40.875,41.209999084472656,11820600
2021-07-27,XLB,40.95500183105469,41.45000076293945,40.564998626708984,41.26499938964844,16864400
2021-07-28,XLB,41.279998779296875,41.53499984741211,40.98500061035156,41.3849983215332,12214400
2021-07-29,XLB,41.67499923706055,41.994998931884766,41.57500076293945,41.84000015258789,12574800
2021-07-30,XLB,41.7599983215332,42.27000045776367,41.7599983215332,42.0099983215332,11172400
2021-08-02,XLB,42.209999084472656,42.45500183105469,41.5,41.5,17010000
2021-08-03,XLB,41.540000915527344,41.935001373291016,41.185001373291016,41.93000030517578,13131600
2021-08-04,XLB,41.755001068115234,41.97999954223633,41.5099983215332,41.529998779296875,10539600
2021-08-05,XLB,41.72999954223633,42.0099983215332,41.43000030517578,41.470001220703125,13964800
2021-08-06,XLB,41.71500015258789,42.125,41.67499923706055,42.06999969482422,14054200
2021-08-09,XLB,41.994998931884766,42.125,41.68000030517578,42.02000045776367,10743600
2021-08-10,XLB,42.005001068115234,42.81999969482422,42.005001068115234,42.654998779296875,16047400
2021-08-11,XLB,42.97999954223633,43.290000915527344,42.78499984741211,43.255001068115234,16544800
2021-08-12,XLB,43.2599983215332,43.29999923706055,42.79999923706055,43.185001373291016,9612600
2021-08-13,XLB,43.244998931884766,43.314998626708984,43.14500045776367,43.224998474121094,7815800
2021-08-16,XLB,42.959999084472656,43.064998626708984,42.55500030517578,43.0099983215332,12273400
2021-08-17,XLB,42.775001525878906,42.82500076293945,42.02000045776367,42.51499938964844,14924000
2021-08-18,XLB,42.3650016784668,42.619998931884766,41.994998931884766,42.02000045776367,14712800
2021-08-19,XLB,41.54499816894531,41.83000183105469,41.41999816894531,41.64500045776367,15936200
2021-08-20,XLB,41.65999984741211,41.97999954223633,41.595001220703125,41.88999938964844,13973600
2021-08-23,XLB,42.125,42.3650016784668,42.02000045776367,42.25,8095600
2021-08-24,XLB,42.45000076293945,42.64500045776367,42.3849983215332,42.51499938964844,11059200
2021-08-25,XLB,42.400001525878906,42.849998474121094,42.23500061035156,42.709999084472656,9824400
2021-08-26,XLB,42.69499969482422,42.75,42.39500045776367,42.415000915527344,11541800
2021-08-27,XLB,42.630001068115234,43.099998474121094,42.584999084472656,42.974998474121094,10357400
2021-08-30,XLB,43.150001525878906,43.22999954223633,42.93000030517578,42.93000030517578,9012600
2021-08-31,XLB,42.904998779296875,42.904998779296875,42.599998474121094,42.80500030517578,10608800
2021-09-01,XLB,42.7599983215332,42.8650016784668,42.32500076293945,42.69499969482422,14017600
2021-09-02,XLB,42.81999969482422,43.05500030517578,42.80500030517578,42.970001220703125,10631000
2021-09-03,XLB,42.92499923706055,43.04999923706055,42.67499923706055,42.685001373291016,22878200
2021-09-07,XLB,42.53499984741211,42.564998626708984,42.345001220703125,42.404998779296875,13864600
2021-09-08,XLB,42.279998779296875,42.31999969482422,41.85499954223633,42.0,12420000
2021-09-09,XLB,41.880001068115234,42.29999923706055,41.880001068115234,42.01499938964844,9871400
2021-09-10,XLB,42.209999084472656,42.525001525878906,41.97999954223633,42.005001068115234,17780200
2021-09-13,XLB,42.375,42.5,41.72999954223633,41.994998931884766,15220000
2021-09-14,XLB,42.13999938964844,42.16999816894531,41.44499969482422,41.53499984741211,12087400
2021-09-15,XLB,41.63999938964844,42.025001525878906,41.560001373291016,41.974998474121094,12651600
2021-09-16,XLB,41.814998626708984,41.85499954223633,41.220001220703125,41.52000045776367,11250600
2021-09-17,XLB,41.290000915527344,41.3650016784668,40.53499984741211,40.665000915527344,19932000
2021-09-20,XLB,39.540000915527344,39.89500045776367,39.185001373291016,39.709999084472656,20155600
2021-09-21,XLB,39.95500183105469,40.025001525878906,39.44499969482422,39.6150016784668,15229000
2021-09-22,XLB,39.994998931884766,40.42499923706055,39.994998931884766,40.025001525878906,15312200
2021-09-23,XLB,40.32500076293945,40.869998931884766,40.28499984741211,40.595001220703125,9516600
2021-09-24,XLB,40.40999984741211,40.75,40.314998626708984,40.53499984741211,7251800
2021-09-27,XLB,40.63999938964844,41.08000183105469,40.6349983215332,40.849998474121094,10433000
2021-09-28,XLB,40.75,40.810001373291016,40.220001220703125,40.345001220703125,16570600
2021-09-29,XLB,40.34000015258789,40.43000030517578,40.099998474121094,40.18000030517578,13939600
2021-09-30,XLB,40.29999923706055,40.46500015258789,39.54499816894531,39.55500030517578,21458800
2021-10-01,XLB,39.744998931884766,40.400001525878906,39.44499969482422,40.185001373291016,18500000
2021-10-04,XLB,40.23500061035156,40.48500061035156,39.724998474121094,40.0099983215332,17111600
2021-10-05,XLB,40.119998931884766,40.59000015258789,39.849998474121094,40.3650016784668,13584200
2021-10-06,XLB,39.95500183105469,40.290000915527344,39.529998779296875,40.290000915527344,15448600
2021-10-07,XLB,40.6349983215332,41.2599983215332,40.6349983215332,40.814998626708984,16938400
2021-10-08,XLB,40.915000915527344,41.01499938964844,40.51499938964844,40.59000015258789,12798000
2021-10-11,XLB,40.72999954223633,41.189998626708984,40.59000015258789,40.595001220703125,9673200
2021-10-12,XLB,40.619998931884766,40.84000015258789,40.5,40.650001525878906,15331400
2021-10-13,XLB,40.915000915527344,41.13999938964844,40.46500015258789,40.95500183105469,14431400
2021-10-14,XLB,41.35499954223633,42.0099983215332,41.2400016784668,41.95000076293945,11374200
2021-10-15,XLB,42.16999816894531,42.290000915527344,41.970001220703125,42.07500076293945,11705000
2021-10-18,XLB,41.71500015258789,42.125,41.63999938964844,42.04499816894531,12699800
2021-10-19,XLB,42.23500061035156,42.26499938964844,41.915000915527344,42.26499938964844,9591000
2021-10-20,XLB,42.29999923706055,42.654998779296875,42.20000076293945,42.60499954223633,9303800
2021-10-21,XLB,42.43000030517578,42.5099983215332,42.05500030517578,42.494998931884766,13392200
2021-10-22,XLB,42.57500076293945,42.8650016784668,42.415000915527344,42.415000915527344,11568400
2021-10-25,XLB,42.685001373291016,43.02000045776367,42.42499923706055,42.84000015258789,10799400
2021-10-26,XLB,42.915000915527344,43.1349983215332,42.560001373291016,42.959999084472656,11553800
2021-10-27,XLB,42.79499816894531,42.869998931884766,42.314998626708984,42.345001220703125,11404200
2021-10-28,XLB,42.39500045776367,42.845001220703125,42.3849983215332,42.76499938964844,8303400
2021-10-29,XLB,42.60499954223633,42.915000915527344,42.404998779296875,42.560001373291016,8699200
2021-11-01,XLB,42.630001068115234,42.915000915527344,42.5099983215332,42.65999984741211,11040400
2021-11-02,XLB,42.77000045776367,43.22999954223633,42.689998626708984,43.14500045776367,13271200
2021-11-03,XLB,43.220001220703125,43.779998779296875,43.10499954223633,43.595001220703125,19187200
2021-11-04,XLB,43.65999984741211,43.755001068115234,43.3849983215332,43.56999969482422,10073200
2021-11-05,XLB,43.68000030517578,44.029998779296875,43.6349983215332,43.90999984741211,11658800
2021-11-08,XLB,44.38999938964844,44.6150016784668,44.30500030517578,44.459999084472656,10690000
2021-11-09,XLB,44.474998474121094,44.665000915527344,44.29499816894531,44.665000915527344,15768000
2021-11-10,XLB,44.619998931884766,44.82500076293945,44.27000045776367,44.36000061035156,12872400
2021-11-11,XLB,44.560001373291016,44.900001525878906,44.46500015258789,44.71500015258789,8158400
2021-11-12,XLB,44.834999084472656,45.07500076293945,44.72999954223633,45.04999923706055,8774600
2021-11-15,XLB,45.064998626708984,45.084999084472656,44.685001373291016,44.845001220703125,8628000
2021-11-16,XLB,44.869998931884766,44.994998931884766,44.689998626708984,44.720001220703125,8776200
2021-11-17,XLB,44.650001525878906,44.76499938964844,44.38999938964844,44.42499923706055,10558600
2021-11-18,XLB,44.459999084472656,44.54499816894531,44.14500045776367,44.23500061035156,10389200
2021-11-19,XLB,44.08000183105469,44.41999816894531,44.0099983215332,44.154998779296875,10426000
2021-11-22,XLB,44.17499923706055,44.70000076293945,44.154998779296875,44.224998474121094,13379800
2021-11-23,XLB,44.2400016784668,44.584999084472656,44.04499816894531,44.27000045776367,15231400
2021-11-24,XLB,44.03499984741211,44.1349983215332,43.86000061035156,43.95500183105469,10365200
2021-11-26,XLB,42.95500183105469,43.404998779296875,42.73500061035156,43.20000076293945,14215000
2021-11-29,XLB,43.529998779296875,43.625,43.1150016784668,43.400001525878906,12280400
2021-11-30,XLB,43.18000030517578,43.290000915527344,42.244998931884766,42.32500076293945,24004600
2021-12-01,XLB,42.994998931884766,43.3650016784668,41.875,41.89500045776367,22485600
2021-12-02,XLB,42.03499984741211,42.92499923706055,41.95500183105469,42.75,17957400
2021-12-03,XLB,42.81999969482422,43.279998779296875,42.275001525878906,42.654998779296875,19977200
2021-12-06,XLB,43.084999084472656,43.619998931884766,42.93000030517578,43.279998779296875,16246000
2021-12-07,XLB,43.779998779296875,44.21500015258789,43.775001525878906,43.939998626708984,11307000
2021-12-08,XLB,44.09000015258789,44.224998474121094,43.869998931884766,44.125,9216400
2021-12-09,XLB,43.79499816894531,44.09000015258789,43.70000076293945,43.880001068115234,6601600
2021-12-10,XLB,44.21500015258789,44.31999969482422,43.86000061035156,44.150001525878906,9585000
2021-12-13,XLB,44.125,44.224998474121094,43.7400016784668,43.8849983215332,9406600
2021-12-14,XLB,43.849998474121094,44.209999084472656,43.720001220703125,43.84000015258789,9073600
2021-12-15,XLB,43.654998779296875,43.9900016784668,43.18000030517578,43.935001373291016,14623000
2021-12-16,XLB,44.23500061035156,44.66999816894531,44.20000076293945,44.3849983215332,13071200
2021-12-17,XLB,44.224998474121094,44.35499954223633,43.79999923706055,43.83000183105469,15645800
2021-12-20,XLB,42.9900016784668,43.01499938964844,42.28499984741211,42.83000183105469,14155400
2021-12-21,XLB,43.13999938964844,43.540000915527344,43.10499954223633,43.369998931884766,9063600
2021-12-22,XLB,43.31999969482422,43.75,43.26499938964844,43.71500015258789,6190200
2021-12-23,XLB,43.78499984741211,44.29999923706055,43.720001220703125,44.154998779296875,5745600
2021-12-27,XLB,44.29499816894531,44.82500076293945,44.22999954223633,44.81999969482422,4918600
2021-12-28,XLB,44.79999923706055,45.130001068115234,44.790000915527344,45.08000183105469,8537000
2021-12-29,XLB,45.040000915527344,45.345001220703125,45.0,45.26499938964844,5153800
2021-12-30,XLB,45.279998779296875,45.540000915527344,45.06999969482422,45.10499954223633,6340000
2021-12-31,XLB,45.025001525878906,45.41999816894531,45.01499938964844,45.30500030517578,6457800
2022-01-03,XLB,45.36000061035156,45.415000915527344,44.61000061035156,44.71500015258789,15088600
2022-01-04,XLB,44.845001220703125,45.435001373291016,44.82500076293945,45.26499938964844,19937400
2022-01-05,XLB,45.5,46.154998779296875,45.244998931884766,45.2599983215332,21252800
2022-01-06,XLB,45.3650016784668,45.3650016784668,44.625,44.689998626708984,17868600
2022-01-07,XLB,44.744998931884766,44.81999969482422,44.45500183105469,44.650001525878906,16543600
2022-01-10,XLB,44.40999984741211,44.51499938964844,43.775001525878906,44.19499969482422,16819200
2022-01-11,XLB,44.2599983215332,44.69499969482422,43.880001068115234,44.68000030517578,13614800
2022-01-12,XLB,45.05500030517578,45.224998474121094,44.68000030517578,45.130001068115234,10215600
2022-01-13,XLB,45.060001373291016,45.29499816894531,44.66999816894531,44.779998779296875,12006200
2022-01-14,XLB,44.28499984741211,44.48500061035156,43.869998931884766,44.400001525878906,14588800
2022-01-18,XLB,43.91999816894531,43.994998931884766,43.474998474121094,43.814998626708984,15581800
2022-01-19,XLB,44.13999938964844,44.25,43.685001373291016,43.70500183105469,14832400
2022-01-20,XLB,43.814998626708984,44.13999938964844,43.02000045776367,43.06999969482422,17147200
2022-01-21,XLB,42.814998626708984,42.974998474121094,41.880001068115234,42.02000045776367,32542400
2022-01-24,XLB,41.22999954223633,42.154998779296875,40.45500183105469,42.04499816894531,42454000
2022-01-25,XLB,41.415000915527344,42.02000045776367,40.70000076293945,41.665000915527344,29311200
2022-01-26,XLB,42.0,42.349998474121094,40.814998626708984,41.22999954223633,26921600
2022-01-27,XLB,41.685001373291016,42.23500061035156,40.97999954223633,41.369998931884766,23174600
2022-01-28,XLB,41.189998626708984,41.625,40.6150016784668,41.61000061035156,22016000
2022-01-31,XLB,41.38999938964844,42.255001068115234,41.31999969482422,42.224998474121094,14549400
2022-02-01,XLB,42.439998626708984,42.974998474121094,42.209999084472656,42.875,18608400
2022-02-02,XLB,42.8650016784668,43.20000076293945,42.6349983215332,43.0099983215332,14158800
2022-02-03,XLB,42.6349983215332,42.94499969482422,42.189998626708984,42.2599983215332,15542600
2022-02-04,XLB,41.689998626708984,42.025001525878906,41.314998626708984,41.560001373291016,23376200
2022-02-07,XLB,41.64500045776367,41.744998931884766,41.21500015258789,41.35499954223633,25255400
2022-02-08,XLB,41.52000045776367,42.06999969482422,41.435001373291016,41.994998931884766,15501800
2022-02-09,XLB,42.40999984741211,42.974998474121094,42.39500045776367,42.90999984741211,21469200
2022-02-10,XLB,42.755001068115234,43.61000061035156,42.45000076293945,42.65999984741211,26622000
2022-02-11,XLB,42.44499969482422,42.834999084472656,41.86000061035156,42.0,25266400
2022-02-14,XLB,42.029998779296875,42.06999969482422,41.34000015258789,41.654998779296875,18896800
2022-02-15,XLB,41.94499969482422,42.48500061035156,41.900001525878906,42.41999816894531,13351000
2022-02-16,XLB,42.375,42.81999969482422,42.29499816894531,42.72999954223633,15678000
2022-02-17,XLB,42.290000915527344,42.41999816894531,41.85499954223633,42.0,13083800
2022-02-18,XLB,42.09000015258789,42.310001373291016,41.69499969482422,41.93000030517578,17929600
2022-02-22,XLB,41.72999954223633,41.90999984741211,40.994998931884766,41.334999084472656,21308800
2022-02-23,XLB,41.599998474121094,41.75,40.744998931884766,40.80500030517578,19162200
2022-02-24,XLB,39.8849983215332,40.79999923706055,39.689998626708984,40.685001373291016,31807000
2022-02-25,XLB,40.869998931884766,42.189998626708984,40.834999084472656,42.16999816894531,22258400
2022-02-28,XLB,41.52000045776367,41.974998474121094,41.28499984741211,41.689998626708984,22460400
2022-03-01,XLB,41.56999969482422,41.89500045776367,40.48500061035156,40.72999954223633,26263800
2022-03-02,XLB,40.97999954223633,41.85499954223633,40.8849983215332,41.625,19142800
2022-03-03,XLB,41.994998931884766,42.14500045776367,41.255001068115234,41.67499923706055,19471600
2022-03-04,XLB,41.165000915527344,41.54999923706055,40.84000015258789,41.529998779296875,17329000
2022-03-07,XLB,41.415000915527344,41.44499969482422,40.084999084472656,40.09000015258789,21826400
2022-03-08,XLB,40.14500045776367,40.724998474121094,39.64500045776367,39.8849983215332,25989800
2022-03-09,XLB,40.54499816894531,41.3650016784668,40.32500076293945,41.119998931884766,20626200
2022-03-10,XLB,40.69499969482422,41.28499984741211,40.63999938964844,41.22999954223633,15590000
2022-03-11,XLB,41.28499984741211,41.63999938964844,40.88999938964844,40.92499923706055,13862800
2022-03-14,XLB,41.189998626708984,41.45500183105469,40.65999984741211,40.8650016784668,15630800
2022-03-15,XLB,40.8849983215332,41.415000915527344,40.61000061035156,41.334999084472656,18169600
2022-03-16,XLB,41.79999923706055,42.380001068115234,41.13999938964844,41.98500061035156,23893200
2022-03-17,XLB,41.845001220703125,42.810001373291016,41.790000915527344,42.790000915527344,14103000
2022-03-18,XLB,42.58000183105469,43.125,42.46500015258789,43.04999923706055,19242200
2022-03-21,XLB,43.064998626708984,43.435001373291016,42.959999084472656,43.244998931884766,17759400
2022-03-22,XLB,43.57500076293945,43.755001068115234,43.31999969482422,43.47999954223633,13931800
2022-03-23,XLB,43.375,43.57500076293945,43.224998474121094,43.279998779296875,11578800
2022-03-24,XLB,43.54999923706055,44.16999816894531,43.51499938964844,44.150001525878906,10905200
2022-03-25,XLB,44.25,44.66999816894531,44.16999816894531,44.64500045776367,10050000
2022-03-28,XLB,44.47999954223633,44.5099983215332,44.005001068115234,44.44499969482422,10706800
2022-03-29,XLB,44.48500061035156,44.81999969482422,44.150001525878906,44.81999969482422,15656200
2022-03-30,XLB,44.834999084472656,44.915000915527344,44.45500183105469,44.66999816894531,8967200
2022-03-31,XLB,44.48500061035156,44.81999969482422,44.06999969482422,44.07500076293945,10599400
2022-04-01,XLB,44.33000183105469,44.70500183105469,44.06999969482422,44.540000915527344,12484000
2022-04-04,XLB,44.6150016784668,44.6150016784668,44.154998779296875,44.54999923706055,11518000
2022-04-05,XLB,44.525001525878906,44.83000183105469,44.064998626708984,44.19499969482422,11457400
2022-04-06,XLB,43.90999984741211,43.92499923706055,43.30500030517578,43.685001373291016,16795600
2022-04-07,XLB,43.7400016784668,44.150001525878906,43.435001373291016,43.970001220703125,11529200
2022-04-08,XLB,44.224998474121094,44.529998779296875,43.994998931884766,44.2400016784668,10311000
2022-04-11,XLB,44.095001220703125,44.4900016784668,43.96500015258789,44.02000045776367,12266200
2022-04-12,XLB,44.23500061035156,44.60499954223633,43.849998474121094,44.029998779296875,14295600
2022-04-13,XLB,44.1150016784668,44.70000076293945,43.939998626708984,44.68000030517578,17061600
2022-04-14,XLB,44.72999954223633,45.060001373291016,44.505001068115234,44.529998779296875,12664000
2022-04-18,XLB,44.5,44.834999084472656,44.41999816894531,44.56999969482422,12443000
2022-04-19,XLB,44.44499969482422,45.084999084472656,44.334999084472656,44.9900016784668,10121200
2022-04-20,XLB,45.060001373291016,45.45000076293945,44.974998474121094,45.275001525878906,17289400
2022-04-21,XLB,45.6150016784668,45.744998931884766,44.40999984741211,44.53499984741211,15328600
2022-04-22,XLB,44.165000915527344,44.17499923706055,42.790000915527344,42.869998931884766,18824200
2022-04-25,XLB,42.415000915527344,42.86000061035156,41.56999969482422,42.75,26687800
2022-04-26,XLB,42.939998626708984,43.18000030517578,42.06999969482422,42.09000015258789,21081400
2022-04-27,XLB,42.470001220703125,43.19499969482422,42.334999084472656,42.709999084472656,26049200
2022-04-28,XLB,42.91999816894531,43.53499984741211,42.19499969482422,43.3849983215332,20703000
2022-04-29,XLB,43.525001525878906,43.8849983215332,42.40999984741211,42.51499938964844,21265600
2022-05-02,XLB,42.56999969482422,42.75,41.564998626708984,42.3849983215332,32838200
2022-05-03,XLB,42.415000915527344,43.099998474121094,42.33000183105469,42.86000061035156,22845000
2022-05-04,XLB,43.13999938964844,44.279998779296875,42.744998931884766,44.25,29811200
2022-05-05,XLB,43.939998626708984,44.084999084472656,42.415000915527344,42.880001068115234,24543600
2022-05-06,XLB,42.540000915527344,42.540000915527344,41.564998626708984,42.26499938964844,28715400
2022-05-09,XLB,41.494998931884766,41.869998931884766,40.814998626708984,40.93000030517578,27881400
2022-05-10,XLB,41.61000061035156,41.720001220703125,40.189998626708984,40.67499923706055,34030200
2022-05-11,XLB,40.790000915527344,41.78499984741211,40.60499954223633,40.69499969482422,33836600
2022-05-12,XLB,40.27000045776367,41.025001525878906,39.880001068115234,40.619998931884766,26458200
2022-05-13,XLB,40.94499969482422,41.654998779296875,40.94499969482422,41.244998931884766,17295200
2022-05-16,XLB,41.06999969482422,41.5,40.69499969482422,41.16999816894531,16692600
2022-05-17,XLB,42.095001220703125,42.400001525878906,41.66999816894531,42.334999084472656,15137400
2022-05-18,XLB,41.93000030517578,42.025001525878906,40.845001220703125,41.02000045776367,13932400
2022-05-19,XLB,40.75,41.79499816894531,40.70000076293945,41.310001373291016,16195000
2022-05-20,XLB,41.71500015258789,41.875,40.310001373291016,41.209999084472656,16114400
2022-05-23,XLB,41.73500061035156,42.064998626708984,41.45000076293945,41.96500015258789,12760200
2022-05-24,XLB,41.82500076293945,41.869998931884766,41.0099983215332,41.724998474121094,14059600
2022-05-25,XLB,41.564998626708984,42.09000015258789,41.41999816894531,41.90999984741211,11071400
2022-05-26,XLB,42.20000076293945,42.89500045776367,42.119998931884766,42.68000030517578,11073000
2022-05-27,XLB,43.040000915527344,43.69499969482422,42.970001220703125,43.68000030517578,13588800
2022-05-31,XLB,43.27000045776367,43.43000030517578,42.869998931884766,43.01499938964844,18490800
2022-06-01,XLB,43.084999084472656,43.220001220703125,42.16999816894531,42.584999084472656,14350000
2022-06-02,XLB,43.040000915527344,43.7599983215332,42.94499969482422,43.7599983215332,13050800
2022-06-03,XLB,43.369998931884766,43.68000030517578,43.18000030517578,43.334999084472656,10651200
2022-06-06,XLB,43.654998779296875,43.91999816894531,43.5099983215332,43.744998931884766,11184000
2022-06-07,XLB,43.375,44.1150016784668,43.2599983215332,44.060001373291016,12411400
2022-06-08,XLB,43.60499954223633,43.974998474121094,43.04999923706055,43.14500045776367,8475600
2022-06-09,XLB,42.814998626708984,42.959999084472656,42.11000061035156,42.125,10812600
2022-06-10,XLB,41.310001373291016,41.380001068115234,40.779998779296875,40.834999084472656,16668400
2022-06-13,XLB,39.790000915527344,39.880001068115234,39.0099983215332,39.2400016784668,20820400
2022-06-14,XLB,39.22999954223633,39.46500015258789,38.6349983215332,38.939998626708984,15700800
2022-06-15,XLB,39.435001373291016,39.48500061035156,38.220001220703125,38.93000030517578,20859400
2022-06-16,XLB,37.8650016784668,37.9900016784668,37.20500183105469,37.525001525878906,18569400
2022-06-17,XLB,37.470001220703125,37.72999954223633,36.810001373291016,37.459999084472656,25019600
2022-06-21,XLB,37.78499984741211,37.939998626708984,37.474998474121094,37.76499938964844,11233200
2022-06-22,XLB,36.95000076293945,37.64500045776367,36.845001220703125,37.279998779296875,16064800
2022-06-23,XLB,37.130001068115234,37.34000015258789,36.3849983215332,36.77000045776367,18934800
2022-06-24,XLB,37.02000045776367,38.2400016784668,36.97999954223633,38.22999954223633,22495000
2022-06-27,XLB,38.20000076293945,38.33000183105469,37.79999923706055,37.915000915527344,13583800
2022-06-28,XLB,38.13999938964844,38.494998931884766,37.45000076293945,37.5099983215332,9846400
2022-06-29,XLB,37.58000183105469,37.64500045776367,36.85499954223633,37.2400016784668,10594800
2022-06-30,XLB,36.65999984741211,37.13999938964844,36.290000915527344,36.79999923706055,13860000
2022-07-01,XLB,36.494998931884766,37.1150016784668,36.095001220703125,37.060001373291016,16434200
2022-07-05,XLB,36.084999084472656,36.31999969482422,35.55500030517578,36.314998626708984,19413000
2022-07-06,XLB,36.275001525878906,36.650001525878906,35.880001068115234,36.54499816894531,16602000
2022-07-07,XLB,36.994998931884766,37.25,36.76499938964844,36.869998931884766,9897200
2022-07-08,XLB,36.92499923706055,36.98500061035156,36.314998626708984,36.5099983215332,8182600
2022-07-11,XLB,36.13999938964844,36.57500076293945,36.07500076293945,36.40999984741211,8287600
2022-07-12,XLB,36.255001068115234,36.81999969482422,36.209999084472656,36.34000015258789,13606800
2022-07-13,XLB,35.744998931884766,36.34000015258789,35.564998626708984,36.130001068115234,19998800
2022-07-14,XLB,35.45500183105469,35.494998931884766,34.9900016784668,35.46500015258789,15012400
2022-07-15,XLB,36.040000915527344,36.14500045776367,35.58000183105469,36.02000045776367,10334000
2022-07-18,XLB,36.4900016784668,36.65999984741211,35.970001220703125,36.10499954223633,7533400
2022-07-19,XLB,36.505001068115234,37.290000915527344,36.46500015258789,37.20500183105469,11284800
2022-07-20,XLB,37.154998779296875,37.435001373291016,36.994998931884766,37.27000045776367,9383400
2022-07-21,XLB,37.20500183105469,37.810001373291016,37.03499984741211,37.79999923706055,9401800
2022-07-22,XLB,38.029998779296875,38.224998474121094,37.36000061035156,37.529998779296875,10807400
2022-07-25,XLB,37.630001068115234,37.73500061035156,37.380001068115234,37.685001373291016,7729800
2022-07-26,XLB,37.4900016784668,37.650001525878906,37.28499984741211,37.43000030517578,7703800
2022-07-27,XLB,37.165000915527344,38.029998779296875,36.98500061035156,37.880001068115234,11703200
2022-07-28,XLB,38.060001373291016,38.59000015258789,37.974998474121094,38.54999923706055,11832000
2022-07-29,XLB,38.82500076293945,39.16999816894531,38.67499923706055,39.064998626708984,9258000
2022-08-01,XLB,38.880001068115234,38.90999984741211,38.470001220703125,38.75,10411600
2022-08-02,XLB,38.55500030517578,38.89500045776367,38.13999938964844,38.35499954223633,11367400
2022-08-03,XLB,38.564998626708984,38.65999984741211,38.06999969482422,38.39500045776367,9597400
2022-08-04,XLB,38.45500183105469,38.75,38.224998474121094,38.41999816894531,6898800
2022-08-05,XLB,38.1150016784668,38.720001220703125,38.060001373291016,38.55500030517578,5892000
2022-08-08,XLB,39.025001525878906,39.31999969482422,38.744998931884766,38.77000045776367,9414200
2022-08-09,XLB,38.834999084472656,38.849998474121094,38.44499969482422,38.58000183105469,13987200
2022-08-10,XLB,39.33000183105469,39.900001525878906,39.31999969482422,39.67499923706055,8528200
2022-08-11,XLB,40.040000915527344,40.314998626708984,39.7599983215332,39.810001373291016,6129200
2022-08-12,XLB,39.935001373291016,40.56999969482422,39.86000061035156,40.560001373291016,7447200
2022-08-15,XLB,40.130001068115234,40.595001220703125,39.994998931884766,40.53499984741211,6380200
2022-08-16,XLB,40.41999816894531,40.935001373291016,40.415000915527344,40.7599983215332,5211400
2022-08-17,XLB,40.30500030517578,40.39500045776367,39.98500061035156,40.20000076293945,8159600
2022-08-18,XLB,40.36000061035156,40.42499923706055,40.064998626708984,40.32500076293945,4562800
2022-08-19,XLB,40.10499954223633,40.10499954223633,39.439998626708984,39.584999084472656,6634400
2022-08-22,XLB,38.970001220703125,39.16999816894531,38.814998626708984,38.95500183105469,7032000
2022-08-23,XLB,38.959999084472656,39.53499984741211,38.959999084472656,39.34000015258789,9840000
2022-08-24,XLB,39.290000915527344,39.56999969482422,39.18000030517578,39.42499923706055,5778200
2022-08-25,XLB,39.69499969482422,40.334999084472656,39.69499969482422,40.31999969482422,6130800
2022-08-26,XLB,40.40999984741211,40.44499969482422,39.05500030517578,39.084999084472656,8665800
2022-08-29,XLB,38.654998779296875,39.130001068115234,38.560001373291016,38.810001373291016,7198800
2022-08-30,XLB,38.90999984741211,38.935001373291016,37.95000076293945,38.17499923706055,7402600
2022-08-31,XLB,38.2400016784668,38.2400016784668,37.689998626708984,37.70500183105469,10050800
2022-09-01,XLB,37.25,37.314998626708984,36.755001068115234,37.209999084472656,11796000
2022-09-02,XLB,37.7599983215332,38.05500030517578,37.0099983215332,37.17499923706055,14134200
2022-09-06,XLB,37.38999938964844,37.525001525878906,36.89500045776367,37.060001373291016,12551200
2022-09-07,XLB,36.959999084472656,38.150001525878906,36.875,38.084999084472656,12192000
2022-09-08,XLB,37.70500183105469,38.48500061035156,37.56999969482422,38.45500183105469,8796600
2022-09-09,XLB,38.84000015258789,39.14500045776367,38.73500061035156,39.03499984741211,7296600
2022-09-12,XLB,39.435001373291016,39.59000015258789,39.15999984741211,39.400001525878906,8099000
2022-09-13,XLB,38.39500045776367,38.83000183105469,37.900001525878906,37.994998931884766,9404000
2022-09-14,XLB,37.82500076293945,37.8650016784668,37.165000915527344,37.529998779296875,11562400
2022-09-15,XLB,37.3849983215332,37.775001525878906,36.970001220703125,37.03499984741211,10417400
2022-09-16,XLB,36.53499984741211,36.59000015258789,36.05500030517578,36.45000076293945,16265400
2022-09-19,XLB,35.849998474121094,36.89500045776367,35.80500030517578,36.845001220703125,10323400
2022-09-20,XLB,36.345001220703125,36.345001220703125,35.875,36.14500045776367,9549600
2022-09-21,XLB,36.404998779296875,36.47999954223633,35.34000015258789,35.35499954223633,17767400
2022-09-22,XLB,35.5,35.599998474121094,34.904998779296875,34.93000030517578,11753000
2022-09-23,XLB,34.33000183105469,34.375,33.70500183105469,34.21500015258789,14010200
2022-09-26,XLB,33.970001220703125,34.404998779296875,33.4900016784668,33.65999984741211,14978000
2022-09-27,XLB,34.09000015258789,34.28499984741211,33.42499923706055,33.73500061035156,14157800
2022-09-28,XLB,33.915000915527344,34.76499938964844,33.78499984741211,34.60499954223633,13507800
2022-09-29,XLB,34.275001525878906,34.275001525878906,33.599998474121094,34.095001220703125,11454600
2022-09-30,XLB,34.06999969482422,34.6349983215332,33.900001525878906,34.005001068115234,10820800
2022-10-03,XLB,34.54999923706055,35.369998931884766,34.35499954223633,35.11000061035156,19858000
2022-10-04,XLB,35.814998626708984,36.439998626708984,35.755001068115234,36.400001525878906,30250200
2022-10-05,XLB,35.88999938964844,36.28499984741211,35.584999084472656,35.9900016784668,18429800
2022-10-06,XLB,35.709999084472656,36.09000015258789,35.52000045776367,35.61000061035156,23953600
2022-10-07,XLB,35.314998626708984,35.38999938964844,34.505001068115234,34.72999954223633,10183800
2022-10-10,XLB,34.8650016784668,35.0099983215332,34.57500076293945,34.80500030517578,10391200
2022-10-11,XLB,34.51499938964844,35.099998474121094,34.290000915527344,34.53499984741211,13918800
2022-10-12,XLB,34.54499816894531,34.58000183105469,34.255001068115234,34.275001525878906,16029200
2022-10-13,XLB,33.60499954223633,35.439998626708984,33.43000030517578,35.279998779296875,19446400
2022-10-14,XLB,35.5099983215332,35.584999084472656,34.029998779296875,34.09000015258789,16595200
2022-10-17,XLB,34.779998779296875,35.17499923706055,34.73500061035156,34.939998626708984,11471400
2022-10-18,XLB,35.779998779296875,36.0,35.22999954223633,35.625,15958800
2022-10-19,XLB,35.3650016784668,35.65999984741211,34.9900016784668,35.20500183105469,8690200
2022-10-20,XLB,35.255001068115234,35.88999938964844,34.8650016784668,34.95000076293945,11416600
2022-10-21,XLB,34.8849983215332,36.209999084472656,34.849998474121094,36.15999984741211,16680600
2022-10-24,XLB,36.30500030517578,36.5,35.880001068115234,35.95000076293945,13474800
2022-10-25,XLB,35.974998474121094,36.8650016784668,35.93000030517578,36.84000015258789,12002600
2022-10-26,XLB,37.04999923706055,37.48500061035156,36.790000915527344,37.099998474121094,13530600
2022-10-27,XLB,37.154998779296875,37.44499969482422,36.935001373291016,37.005001068115234,9954000
2022-10-28,XLB,36.88999938964844,37.45000076293945,36.709999084472656,37.375,9254800
2022-10-31,XLB,37.16999816894531,37.474998474121094,36.98500061035156,37.040000915527344,9583400
2022-11-01,XLB,37.595001220703125,37.6349983215332,36.82500076293945,37.1349983215332,23317600
2022-11-02,XLB,37.28499984741211,37.60499954223633,36.154998779296875,36.16999816894531,31466600
2022-11-03,XLB,35.720001220703125,36.69499969482422,35.6349983215332,36.44499969482422,17459000
2022-11-04,XLB,37.375,37.9900016784668,37.064998626708984,37.709999084472656,19279600
2022-11-07,XLB,37.94499969482422,38.029998779296875,37.54999923706055,38.005001068115234,11153200
2022-11-08,XLB,38.224998474121094,39.040000915527344,38.119998931884766,38.65999984741211,12313600
2022-11-09,XLB,38.47999954223633,38.82500076293945,37.95000076293945,38.03499984741211,13207800
2022-11-10,XLB,39.58000183105469,40.16999816894531,39.38999938964844,40.13999938964844,17436600
2022-11-11,XLB,40.59000015258789,41.09000015258789,40.505001068115234,40.625,12982400
2022-11-14,XLB,40.4900016784668,41.130001068115234,40.45000076293945,40.56999969482422,12733800
2022-11-15,XLB,41.01499938964844,41.040000915527344,40.11000061035156,40.5099983215332,14455000
2022-11-16,XLB,40.35499954223633,40.48500061035156,40.03499984741211,40.1150016784668,12797800
2022-11-17,XLB,39.5,39.755001068115234,39.2400016784668,39.72999954223633,9358600
2022-11-18,XLB,40.1349983215332,40.1349983215332,39.625,39.994998931884766,7491200
2022-11-21,XLB,39.709999084472656,40.26499938964844,39.619998931884766,40.130001068115234,7238200
2022-11-22,XLB,40.43000030517578,41.04999923706055,40.34000015258789,41.040000915527344,7214000
2022-11-23,XLB,41.0,41.2400016784668,40.89500045776367,41.20000076293945,8495800
2022-11-25,XLB,41.13999938964844,41.21500015258789,41.04999923706055,41.185001373291016,2456600
2022-11-28,XLB,40.8849983215332,40.900001525878906,40.185001373291016,40.26499938964844,6464000
2022-11-29,XLB,40.415000915527344,40.619998931884766,40.290000915527344,40.400001525878906,5673200
2022-11-30,XLB,40.415000915527344,41.38999938964844,40.040000915527344,41.375,14624800
2022-12-01,XLB,41.65999984741211,41.70500183105469,41.064998626708984,41.42499923706055,8215800
2022-12-02,XLB,40.8849983215332,41.9900016784668,40.8849983215332,41.880001068115234,6825000
2022-12-05,XLB,41.564998626708984,41.72999954223633,40.98500061035156,41.04999923706055,9452400
2022-12-06,XLB,41.07500076293945,41.32500076293945,40.38999938964844,40.685001373291016,9495600
2022-12-07,XLB,40.619998931884766,40.994998931884766,40.494998931884766,40.595001220703125,8167200
2022-12-08,XLB,40.86000061035156,41.10499954223633,40.76499938964844,40.89500045776367,5523800
2022-12-09,XLB,40.79499816894531,41.14500045776367,40.47999954223633,40.4900016784668,7872400
2022-12-12,XLB,40.51499938964844,40.849998474121094,40.369998931884766,40.84000015258789,6385800
2022-12-13,XLB,42.099998474121094,42.18000030517578,41.11000061035156,41.404998779296875,12576000
2022-12-14,XLB,41.23500061035156,41.5,40.64500045776367,40.959999084472656,15635200
2022-12-15,XLB,40.26499938964844,40.30500030517578,39.61000061035156,39.709999084472656,10456800
2022-12-16,XLB,39.39500045776367,39.65999984741211,39.150001525878906,39.540000915527344,14570600
2022-12-19,XLB,39.209999084472656,39.435001373291016,38.59000015258789,38.775001525878906,6460000
2022-12-20,XLB,38.845001220703125,39.2599983215332,38.83000183105469,39.029998779296875,5641800
2022-12-21,XLB,39.23500061035156,39.53499984741211,39.13999938964844,39.369998931884766,5755400
2022-12-22,XLB,39.09000015258789,39.09000015258789,38.33000183105469,38.9900016784668,6631200
2022-12-23,XLB,38.9900016784668,39.27000045776367,38.775001525878906,39.2599983215332,6202200
2022-12-27,XLB,39.35499954223633,39.55500030517578,39.125,39.29499816894531,4868600
2022-12-28,XLB,39.28499984741211,39.435001373291016,38.665000915527344,38.69499969482422,5046400
2022-12-29,XLB,38.90999984741211,39.279998779296875,38.90999984741211,39.1150016784668,6446200
2022-12-30,XLB,38.83000183105469,38.974998474121094,38.51499938964844,38.84000015258789,5818800
2023-01-03,XLB,38.904998779296875,39.15999984741211,38.44499969482422,38.79999923706055,10684000
2023-01-04,XLB,38.994998931884766,39.584999084472656,38.970001220703125,39.474998474121094,9742000
2023-01-05,XLB,38.86000061035156,39.06999969482422,38.56999969482422,38.849998474121094,8212600
2023-01-06,XLB,39.209999084472656,40.275001525878906,39.209999084472656,40.185001373291016,8729200
2023-01-09,XLB,40.51499938964844,40.97999954223633,40.30500030517578,40.439998626708984,16791200
2023-01-10,XLB,40.45500183105469,40.875,40.22999954223633,40.845001220703125,8049000
2023-01-11,XLB,41.275001525878906,41.505001068115234,41.029998779296875,41.48500061035156,9845800
2023-01-12,XLB,41.58000183105469,41.7599983215332,41.165000915527344,41.63999938964844,7787600
2023-01-13,XLB,41.400001525878906,41.97999954223633,41.3650016784668,41.89500045776367,6965200
2023-01-17,XLB,41.96500015258789,42.04499816894531,41.435001373291016,41.474998474121094,6943000
2023-01-18,XLB,41.85499954223633,41.915000915527344,40.869998931884766,40.88999938964844,9444600
2023-01-19,XLB,40.58000183105469,40.744998931884766,40.255001068115234,40.57500076293945,8159800
2023-01-20,XLB,40.68000030517578,41.41999816894531,40.46500015258789,41.38999938964844,6897400
2023-01-23,XLB,41.334999084472656,41.70000076293945,41.1349983215332,41.525001525878906,12497400
2023-01-24,XLB,41.29499816894531,41.61000061035156,40.95000076293945,41.54999923706055,9361000
2023-01-25,XLB,41.095001220703125,41.650001525878906,40.95500183105469,41.6349983215332,7203800
2023-01-26,XLB,41.28499984741211,41.85499954223633,41.154998779296875,41.834999084472656,11506200
2023-01-27,XLB,41.54999923706055,41.994998931884766,41.5099983215332,41.70000076293945,6839400
2023-01-30,XLB,41.44499969482422,41.939998626708984,41.36000061035156,41.415000915527344,10421400
2023-01-31,XLB,41.44499969482422,42.34000015258789,41.44499969482422,42.32500076293945,7742600
2023-02-01,XLB,42.08000183105469,42.95000076293945,41.80500030517578,42.60499954223633,14447200
2023-02-02,XLB,42.41999816894531,42.595001220703125,41.834999084472656,42.470001220703125,12327800
2023-02-03,XLB,42.005001068115234,42.34000015258789,41.64500045776367,41.70500183105469,11875800
2023-02-06,XLB,41.334999084472656,41.5,41.025001525878906,41.244998931884766,12524600
2023-02-07,XLB,41.189998626708984,41.904998779296875,41.16999816894531,41.79999923706055,15105800
2023-02-08,XLB,41.58000183105469,41.97999954223633,41.435001373291016,41.46500015258789,10531800
2023-02-09,XLB,41.78499984741211,41.875,40.68000030517578,40.8650016784668,16661200
2023-02-10,XLB,40.775001525878906,41.07500076293945,40.529998779296875,41.01499938964844,7016000
2023-02-13,XLB,41.084999084472656,41.314998626708984,40.81999969482422,41.22999954223633,5498600
2023-02-14,XLB,41.05500030517578,41.439998626708984,40.849998474121094,41.32500076293945,8215000
2023-02-15,XLB,41.04999923706055,41.51499938964844,40.939998626708984,41.505001068115234,7956800
2023-02-16,XLB,40.93000030517578,41.51499938964844,40.83000183105469,41.03499984741211,8673600
2023-02-17,XLB,40.75,40.790000915527344,40.43000030517578,40.650001525878906,7452400
2023-02-21,XLB,40.439998626708984,40.58000183105469,39.91999816894531,39.97999954223633,11800600
2023-02-22,XLB,40.15999984741211,40.47999954223633,39.95500183105469,40.279998779296875,11868800
2023-02-23,XLB,40.43000030517578,40.599998474121094,39.72999954223633,40.32500076293945,11192400
2023-02-24,XLB,39.64500045776367,40.650001525878906,39.435001373291016,40.595001220703125,18648200
2023-02-27,XLB,40.85499954223633,41.1150016784668,40.689998626708984,40.72999954223633,12939600
2023-02-28,XLB,40.720001220703125,41.18000030517578,40.64500045776367,40.915000915527344,17093600
2023-03-01,XLB,41.005001068115234,41.6349983215332,41.0,41.23500061035156,15481600
2023-03-02,XLB,41.02000045776367,41.80500030517578,40.92499923706055,41.70500183105469,12669800
2023-03-03,XLB,41.97999954223633,42.32500076293945,41.654998779296875,42.29999923706055,11994600
2023-03-06,XLB,42.1349983215332,42.1349983215332,41.54499816894531,41.6150016784668,10962800
2023-03-07,XLB,41.459999084472656,41.459999084472656,40.650001525878906,40.79499816894531,13520600
2023-03-08,XLB,40.814998626708984,41.095001220703125,40.67499923706055,40.994998931884766,11590400
2023-03-09,XLB,41.025001525878906,41.15999984741211,39.814998626708984,39.939998626708984,12851800
2023-03-10,XLB,39.95500183105469,39.96500015258789,38.880001068115234,39.09000015258789,26124800
2023-03-13,XLB,38.70000076293945,39.220001220703125,38.400001525878906,38.689998626708984,40704800
2023-03-14,XLB,39.255001068115234,39.63999938964844,38.7599983215332,39.185001373291016,16477200
2023-03-15,XLB,38.17499923706055,38.2599983215332,37.3849983215332,37.915000915527344,28524400
2023-03-16,XLB,37.55500030517578,38.400001525878906,37.439998626708984,38.349998474121094,21605600
2023-03-17,XLB,38.21500015258789,38.224998474121094,37.689998626708984,37.755001068115234,19087000
2023-03-20,XLB,37.8849983215332,38.3849983215332,37.8849983215332,38.3650016784668,14785800
2023-03-21,XLB,38.814998626708984,38.994998931884766,38.56999969482422,38.83000183105469,9498000
2023-03-22,XLB,38.76499938964844,39.05500030517578,38.130001068115234,38.13999938964844,14654600
2023-03-23,XLB,38.310001373291016,38.86000061035156,37.79999923706055,38.095001220703125,13439600
2023-03-24,XLB,37.80500030517578,38.494998931884766,37.529998779296875,38.404998779296875,13465200
2023-03-27,XLB,38.80500030517578,38.96500015258789,38.40999984741211,38.689998626708984,10614000
2023-03-28,XLB,38.685001373291016,38.939998626708984,38.64500045776367,38.875,10248000
2023-03-29,XLB,39.375,39.439998626708984,39.2400016784668,39.415000915527344,8270200
2023-03-30,XLB,39.82500076293945,39.849998474121094,39.540000915527344,39.685001373291016,8433400
2023-03-31,XLB,39.689998626708984,40.349998474121094,39.689998626708984,40.33000183105469,13526200
2023-04-03,XLB,40.40999984741211,40.689998626708984,40.28499984741211,40.584999084472656,16128600
2023-04-04,XLB,40.48500061035156,40.505001068115234,39.845001220703125,40.0,17497400
2023-04-05,XLB,39.70000076293945,39.96500015258789,39.54999923706055,39.90999984741211,18561000
2023-04-06,XLB,39.64500045776367,39.85499954223633,39.52000045776367,39.814998626708984,19031400
2023-04-10,XLB,39.65999984741211,40.07500076293945,39.619998931884766,40.005001068115234,9267200
2023-04-11,XLB,40.185001373291016,40.53499984741211,40.16999816894531,40.314998626708984,7715400
2023-04-12,XLB,40.595001220703125,40.685001373291016,40.275001525878906,40.345001220703125,11888000
2023-04-13,XLB,40.369998931884766,40.89500045776367,40.28499984741211,40.7599983215332,18003000
2023-04-14,XLB,40.65999984741211,40.94499969482422,40.2599983215332,40.46500015258789,8826200
2023-04-17,XLB,40.48500061035156,40.709999084472656,40.375,40.70000076293945,7366200
2023-04-18,XLB,40.85499954223633,41.005001068115234,40.68000030517578,40.869998931884766,6766000
2023-04-19,XLB,40.595001220703125,40.790000915527344,40.5,40.755001068115234,7309600
2023-04-20,XLB,40.46500015258789,40.84000015258789,40.45500183105469,40.709999084472656,8052000
2023-04-21,XLB,40.54999923706055,40.595001220703125,40.125,40.349998474121094,10844200
2023-04-24,XLB,40.415000915527344,40.6349983215332,40.3650016784668,40.625,7731000
2023-04-25,XLB,40.20000076293945,40.2400016784668,39.724998474121094,39.744998931884766,11966000
2023-04-26,XLB,39.584999084472656,39.720001220703125,39.14500045776367,39.275001525878906,11910400
2023-04-27,XLB,39.38999938964844,39.82500076293945,39.165000915527344,39.810001373291016,11826400
2023-04-28,XLB,39.79499816894531,40.345001220703125,39.685001373291016,40.275001525878906,10143200
2023-05-01,XLB,40.32500076293945,40.52000045776367,40.18000030517578,40.255001068115234,8416400
2023-05-02,XLB,39.880001068115234,39.935001373291016,39.22999954223633,39.8650016784668,11681000
2023-05-03,XLB,39.92499923706055,40.119998931884766,39.40999984741211,39.42499923706055,12701400
2023-05-04,XLB,39.5099983215332,39.76499938964844,39.07500076293945,39.16999816894531,16655000
2023-05-05,XLB,39.599998474121094,39.970001220703125,39.564998626708984,39.83000183105469,10267200
2023-05-08,XLB,40.07500076293945,40.130001068115234,39.63999938964844,39.70000076293945,7680000
2023-05-09,XLB,39.47999954223633,39.54499816894531,39.18000030517578,39.34000015258789,15114400
2023-05-10,XLB,39.814998626708984,39.814998626708984,38.935001373291016,39.3650016784668,11730200
2023-05-11,XLB,38.9900016784668,39.11000061035156,38.79499816894531,38.97999954223633,12849800
2023-05-12,XLB,39.154998779296875,39.224998474121094,38.71500015258789,39.04999923706055,8287200
2023-05-15,XLB,39.25,39.40999984741211,39.005001068115234,39.380001068115234,6487200
2023-05-16,XLB,39.16999816894531,39.209999084472656,38.71500015258789,38.72999954223633,8346400
2023-05-17,XLB,38.915000915527344,39.13999938964844,38.73500061035156,38.98500061035156,10505600
2023-05-18,XLB,38.80500030517578,39.255001068115234,38.619998931884766,39.21500015258789,13352400
2023-05-19,XLB,39.5,39.51499938964844,39.099998474121094,39.314998626708984,9943000
2023-05-22,XLB,39.39500045776367,39.505001068115234,39.04499816894531,39.11000061035156,8288600
2023-05-23,XLB,38.82500076293945,38.93000030517578,38.42499923706055,38.505001068115234,10494200
2023-05-24,XLB,38.34000015258789,38.375,37.9900016784668,38.064998626708984,14127600
2023-05-25,XLB,38.11000061035156,38.1150016784668,37.720001220703125,37.93000030517578,11713000
2023-05-26,XLB,38.209999084472656,38.36000061035156,37.95000076293945,38.119998931884766,15882600
2023-05-30,XLB,38.09000015258789,38.15999984741211,37.625,37.915000915527344,12780600
2023-05-31,XLB,37.70000076293945,37.82500076293945,37.35499954223633,37.5099983215332,13816800
2023-06-01,XLB,37.70000076293945,38.119998931884766,37.529998779296875,38.0099983215332,14559600
2023-06-02,XLB,38.7599983215332,39.375,38.70000076293945,39.28499984741211,17659000
2023-06-05,XLB,39.3650016784668,39.69499969482422,39.11000061035156,39.255001068115234,14321400
2023-06-06,XLB,39.095001220703125,39.60499954223633,39.06999969482422,39.505001068115234,15206800
2023-06-07,XLB,39.415000915527344,40.0099983215332,39.415000915527344,39.974998474121094,13330800
2023-06-08,XLB,39.994998931884766,40.11000061035156,39.55500030517578,39.83000183105469,11719200
2023-06-09,XLB,39.67499923706055,39.73500061035156,39.349998474121094,39.5,11621400
2023-06-12,XLB,39.54499816894531,39.72999954223633,39.26499938964844,39.68000030517578,9691200
2023-06-13,XLB,39.97999954223633,40.625,39.89500045776367,40.599998474121094,16467200
2023-06-14,XLB,40.91999816894531,40.95500183105469,40.21500015258789,40.43000030517578,13956600
2023-06-15,XLB,40.380001068115234,40.935001373291016,40.345001220703125,40.775001525878906,11778200
2023-06-16,XLB,40.84000015258789,40.89500045776367,40.58000183105469,40.875,16966800
2023-06-20,XLB,40.26499938964844,40.349998474121094,39.900001525878906,40.125,11739600
2023-06-21,XLB,39.935001373291016,40.42499923706055,39.814998626708984,40.255001068115234,13355400
2023-06-22,XLB,40.11000061035156,40.19499969482422,39.779998779296875,40.15999984741211,8650000
2023-06-23,XLB,39.7400016784668,39.90999984741211,39.53499984741211,39.834999084472656,11953400
2023-06-26,XLB,39.94499969482422,40.30500030517578,39.849998474121094,40.25,8335800
2023-06-27,XLB,40.349998474121094,40.849998474121094,40.220001220703125,40.81999969482422,13676200
2023-06-28,XLB,40.720001220703125,40.720001220703125,40.35499954223633,40.540000915527344,10987000
2023-06-29,XLB,40.43000030517578,41.06999969482422,40.34000015258789,41.04999923706055,10564000
2023-06-30,XLB,41.27000045776367,41.540000915527344,41.119998931884766,41.435001373291016,12966600
2023-07-03,XLB,41.415000915527344,41.77000045776367,41.345001220703125,41.59000015258789,7865600
2023-07-05,XLB,41.1349983215332,41.17499923706055,40.48500061035156,40.564998626708984,23658800
2023-07-06,XLB,40.04499816894531,40.29499816894531,39.654998779296875,40.27000045776367,17904200
2023-07-07,XLB,40.244998931884766,41.025001525878906,40.189998626708984,40.619998931884766,13663000
2023-07-10,XLB,40.33000183105469,40.85499954223633,40.29499816894531,40.61000061035156,11196200
2023-07-11,XLB,40.85499954223633,41.040000915527344,40.67499923706055,41.0099983215332,9412000
2023-07-12,XLB,41.5099983215332,41.67499923706055,41.20500183105469,41.54999923706055,23076800
2023-07-13,XLB,41.689998626708984,41.92499923706055,41.540000915527344,41.875,9610000
2023-07-14,XLB,41.89500045776367,41.89500045776367,41.44499969482422,41.630001068115234,11252000
2023-07-17,XLB,41.4900016784668,41.755001068115234,41.415000915527344,41.66999816894531,9072800
2023-07-18,XLB,41.51499938964844,42.119998931884766,41.51499938964844,41.994998931884766,11795400
2023-07-19,XLB,41.939998626708984,42.04999923706055,41.63999938964844,41.77000045776367,10383400
2023-07-20,XLB,41.904998779296875,41.96500015258789,41.58000183105469,41.869998931884766,9853400
2023-07-21,XLB,41.75,41.939998626708984,41.540000915527344,41.875,9048000
2023-07-24,XLB,41.92499923706055,42.08000183105469,41.7400016784668,42.005001068115234,8705600
2023-07-25,XLB,42.2400016784668,42.91999816894531,42.17499923706055,42.7599983215332,17521000
2023-07-26,XLB,42.459999084472656,42.72999954223633,42.279998779296875,42.6150016784668,12335200
2023-07-27,XLB,42.76499938964844,42.88999938964844,42.29999923706055,42.34000015258789,14101400
2023-07-28,XLB,42.79999923706055,42.80500030517578,42.415000915527344,42.6349983215332,8129600
2023-07-31,XLB,42.73500061035156,42.93000030517578,42.6150016784668,42.86000061035156,11001200
2023-08-01,XLB,42.650001525878906,42.845001220703125,42.5,42.66999816894531,15073400
2023-08-02,XLB,42.279998779296875,42.525001525878906,42.084999084472656,42.13999938964844,20370600
2023-08-03,XLB,42.01499938964844,42.22999954223633,41.80500030517578,41.880001068115234,18758800
2023-08-04,XLB,42.09000015258789,42.39500045776367,41.75,41.78499984741211,16990000
2023-08-07,XLB,41.935001373291016,42.130001068115234,41.755001068115234,42.060001373291016,10322200
2023-08-08,XLB,41.375,41.69499969482422,41.16999816894531,41.6150016784668,12857600
2023-08-09,XLB,41.775001525878906,41.86000061035156,41.38999938964844,41.44499969482422,15928200
2023-08-10,XLB,41.650001525878906,41.88999938964844,41.380001068115234,41.474998474121094,11144800
2023-08-11,XLB,41.3650016784668,41.56999969482422,41.21500015258789,41.36000061035156,7974600
2023-08-14,XLB,41.2599983215332,41.45500183105469,41.03499984741211,41.45000076293945,7753400
2023-08-15,XLB,41.04999923706055,41.13999938964844,40.685001373291016,40.775001525878906,11392600
2023-08-16,XLB,40.709999084472656,40.915000915527344,40.48500061035156,40.5,10564400
2023-08-17,XLB,40.779998779296875,41.03499984741211,40.380001068115234,40.41999816894531,10530800
2023-08-18,XLB,40.185001373291016,40.5099983215332,40.095001220703125,40.415000915527344,9817800
2023-08-21,XLB,40.51499938964844,40.57500076293945,40.125,40.41999816894531,9705200
2023-08-22,XLB,40.61000061035156,40.68000030517578,40.26499938964844,40.3849983215332,7218200
2023-08-23,XLB,40.380001068115234,40.59000015258789,40.279998779296875,40.45000076293945,7004600
2023-08-24,XLB,40.26499938964844,40.630001068115234,40.224998474121094,40.279998779296875,8140400
2023-08-25,XLB,40.46500015258789,40.584999084472656,40.060001373291016,40.400001525878906,10757800
2023-08-28,XLB,40.5099983215332,40.88999938964844,40.4900016784668,40.69499969482422,10101800
2023-08-29,XLB,40.720001220703125,41.38999938964844,40.58000183105469,41.369998931884766,11751000
2023-08-30,XLB,41.369998931884766,41.540000915527344,41.29999923706055,41.46500015258789,7597400
2023-08-31,XLB,41.53499984741211,41.63999938964844,41.400001525878906,41.44499969482422,6560000
2023-09-01,XLB,41.84000015258789,42.02000045776367,41.75,41.90999984741211,11825400
2023-09-05,XLB,41.845001220703125,41.880001068115234,41.1349983215332,41.1349983215332,12926400
2023-09-06,XLB,40.9900016784668,41.23500061035156,40.724998474121094,41.04499816894531,9306200
2023-09-07,XLB,40.880001068115234,41.025001525878906,40.55500030517578,40.86000061035156,8874400
2023-09-08,XLB,40.779998779296875,41.07500076293945,40.775001525878906,40.900001525878906,6986400
2023-09-11,XLB,41.165000915527344,41.3650016784668,40.994998931884766,41.07500076293945,8070600
2023-09-12,XLB,40.939998626708984,41.16999816894531,40.88999938964844,40.97999954223633,8421400
2023-09-13,XLB,40.959999084472656,41.04499816894531,40.625,40.7400016784668,9171000
2023-09-14,XLB,41.165000915527344,41.400001525878906,41.01499938964844,41.314998626708984,8669000
2023-09-15,XLB,41.20000076293945,41.380001068115234,40.790000915527344,40.85499954223633,13975600
2023-09-18,XLB,40.61000061035156,40.70000076293945,40.3650016784668,40.4900016784668,7366600
2023-09-19,XLB,40.46500015258789,40.64500045776367,40.10499954223633,40.45500183105469,8168200
2023-09-20,XLB,40.61000061035156,40.709999084472656,40.005001068115234,40.029998779296875,9299400
2023-09-21,XLB,39.7599983215332,39.775001525878906,39.209999084472656,39.224998474121094,13559600
2023-09-22,XLB,39.33000183105469,39.525001525878906,39.1150016784668,39.185001373291016,12035200
2023-09-25,XLB,39.03499984741211,39.51499938964844,39.0099983215332,39.494998931884766,8245600
2023-09-26,XLB,39.255001068115234,39.46500015258789,38.814998626708984,38.92499923706055,10951800
2023-09-27,XLB,39.119998931884766,39.17499923706055,38.689998626708984,38.91999816894531,11032000
2023-09-28,XLB,38.9900016784668,39.47999954223633,38.9900016784668,39.34000015258789,9398200
2023-09-29,XLB,39.71500015258789,39.720001220703125,39.16999816894531,39.275001525878906,11714400
2023-10-02,XLB,39.119998931884766,39.17499923706055,38.4900016784668,38.755001068115234,22598800
2023-10-03,XLB,38.36000061035156,39.13999938964844,38.36000061035156,38.650001525878906,26358000
2023-10-04,XLB,39.04999923706055,39.16999816894531,38.58000183105469,39.10499954223633,17954000
2023-10-05,XLB,39.005001068115234,39.21500015258789,38.39500045776367,38.630001068115234,20474400
2023-10-06,XLB,38.529998779296875,39.26499938964844,38.38999938964844,38.994998931884766,16085800
2023-10-09,XLB,38.77000045776367,39.15999984741211,38.58000183105469,39.04499816894531,12974800
2023-10-10,XLB,39.26499938964844,39.78499984741211,39.209999084472656,39.459999084472656,13709800
2023-10-11,XLB,39.619998931884766,39.779998779296875,39.224998474121094,39.55500030517578,9858800
2023-10-12,XLB,39.724998474121094,39.724998474121094,38.665000915527344,38.96500015258789,12126600
2023-10-13,XLB,39.15999984741211,39.33000183105469,38.650001525878906,38.81999969482422,11269200
2023-10-16,XLB,39.11000061035156,39.459999084472656,38.97999954223633,39.20000076293945,12363800
2023-10-17,XLB,38.915000915527344,39.720001220703125,38.915000915527344,39.584999084472656,11636600
2023-10-18,XLB,39.32500076293945,39.32500076293945,38.5099983215332,38.560001373291016,13017200
2023-10-19,XLB,38.41999816894531,38.7400016784668,38.060001373291016,38.11000061035156,18466200
2023-10-20,XLB,38.095001220703125,38.16999816894531,37.6349983215332,37.650001525878906,14322400
2023-10-23,XLB,37.28499984741211,37.619998931884766,37.165000915527344,37.22999954223633,18276000
2023-10-24,XLB,37.53499984741211,37.89500045776367,37.470001220703125,37.66999816894531,14848400
2023-10-25,XLB,37.595001220703125,37.65999984741211,37.20000076293945,37.22999954223633,12540000
2023-10-26,XLB,37.5,37.83000183105469,37.380001068115234,37.4900016784668,17553400
2023-10-27,XLB,37.505001068115234,37.755001068115234,37.3849983215332,37.474998474121094,16473200
2023-10-30,XLB,37.85499954223633,38.0099983215332,37.59000015258789,37.86000061035156,11954200
2023-10-31,XLB,37.79499816894531,38.13999938964844,37.70000076293945,38.029998779296875,11162600
2023-11-01,XLB,37.974998474121094,38.1349983215332,37.65999984741211,38.04999923706055,17561000
2023-11-02,XLB,38.29999923706055,38.79999923706055,38.275001525878906,38.78499984741211,13101200
2023-11-03,XLB,39.10499954223633,39.665000915527344,39.10499954223633,39.39500045776367,12129600
2023-11-06,XLB,39.404998779296875,39.43000030517578,39.1150016784668,39.20000076293945,9337600
2023-11-07,XLB,38.81999969482422,38.849998474121094,38.38999938964844,38.439998626708984,15016000
2023-11-08,XLB,38.53499984741211,38.665000915527344,38.310001373291016,38.560001373291016,10941600
2023-11-09,XLB,38.81999969482422,38.82500076293945,38.20500183105469,38.22999954223633,13878000
2023-11-10,XLB,38.26499938964844,38.709999084472656,38.21500015258789,38.68000030517578,7248200
2023-11-13,XLB,38.45500183105469,38.78499984741211,38.404998779296875,38.625,8079400
2023-11-14,XLB,39.07500076293945,39.94499969482422,39.06999969482422,39.76499938964844,10995800
2023-11-15,XLB,39.85499954223633,40.30500030517578,39.814998626708984,39.939998626708984,9819800
2023-11-16,XLB,39.93000030517578,40.10499954223633,39.82500076293945,40.060001373291016,7165600
2023-11-17,XLB,40.185001373291016,40.27000045776367,40.01499938964844,40.1349983215332,6890000
2023-11-20,XLB,40.07500076293945,40.33000183105469,39.86000061035156,40.20500183105469,9634600
2023-11-21,XLB,40.32500076293945,40.5099983215332,40.29499816894531,40.36000061035156,7363000
2023-11-22,XLB,40.36000061035156,40.44499969482422,40.18000030517578,40.3849983215332,7523000
2023-11-24,XLB,40.38999938964844,40.69499969482422,40.38999938964844,40.560001373291016,3689800
2023-11-27,XLB,40.40999984741211,40.55500030517578,40.23500061035156,40.5099983215332,6524600
2023-11-28,XLB,40.5099983215332,40.810001373291016,40.38999938964844,40.59000015258789,6996200
2023-11-29,XLB,40.744998931884766,40.98500061035156,40.70500183105469,40.79999923706055,6244400
2023-11-30,XLB,40.82500076293945,41.2400016784668,40.689998626708984,41.20500183105469,11482400
2023-12-01,XLB,41.26499938964844,41.81999969482422,41.16999816894531,41.67499923706055,16782800
2023-12-04,XLB,41.33000183105469,41.630001068115234,41.16999816894531,41.189998626708984,21230000
2023-12-05,XLB,40.98500061035156,41.0099983215332,40.529998779296875,40.625,17533400
2023-12-06,XLB,40.80500030517578,40.939998626708984,40.505001068115234,40.540000915527344,16910000
2023-12-07,XLB,40.69499969482422,40.86000061035156,40.57500076293945,40.814998626708984,8559600
2023-12-08,XLB,40.78499984741211,41.15999984741211,40.78499984741211,40.96500015258789,8247000
2023-12-11,XLB,40.88999938964844,41.2599983215332,40.814998626708984,41.255001068115234,9205800
2023-12-12,XLB,41.63999938964844,41.79999923706055,41.29499816894531,41.494998931884766,20435000
2023-12-13,XLB,41.04499816894531,42.02000045776367,40.939998626708984,42.0,16392600
2023-12-14,XLB,42.255001068115234,42.93000030517578,42.255001068115234,42.69499969482422,12713400
2023-12-15,XLB,42.459999084472656,42.849998474121094,42.459999084472656,42.584999084472656,10811200
2023-12-18,XLB,42.61000061035156,42.70000076293945,42.32500076293945,42.35499954223633,8052800
2023-12-19,XLB,42.630001068115234,42.845001220703125,42.584999084472656,42.744998931884766,7285400
2023-12-20,XLB,42.630001068115234,42.73500061035156,42.08000183105469,42.09000015258789,9358800
2023-12-21,XLB,42.44499969482422,42.54499816894531,42.25,42.53499984741211,7544400
2023-12-22,XLB,42.69499969482422,42.89500045776367,42.619998931884766,42.79999923706055,5386600
2023-12-26,XLB,42.85499954223633,43.125,42.79999923706055,43.0,6731400
2023-12-27,XLB,42.91999816894531,43.150001525878906,42.869998931884766,43.10499954223633,6819600
2023-12-28,XLB,43.029998779296875,43.10499954223633,42.904998779296875,42.939998626708984,7214000
2023-12-29,XLB,42.79499816894531,42.88999938964844,42.685001373291016,42.77000045776367,6992200
2024-01-02,XLB,42.459999084472656,42.76499938964844,42.400001525878906,42.69499969482422,19924800
2024-01-03,XLB,42.25,42.45000076293945,41.939998626708984,42.23500061035156,23358600
2024-01-04,XLB,42.165000915527344,42.36000061035156,42.02000045776367,42.099998474121094,20424200
2024-01-05,XLB,41.98500061035156,42.404998779296875,41.935001373291016,42.16999816894531,14692800
2024-01-08,XLB,41.95000076293945,42.36000061035156,41.79999923706055,42.349998474121094,10366200
2024-01-09,XLB,42.08000183105469,42.08000183105469,41.72999954223633,41.8650016784668,12910400
2024-01-10,XLB,41.71500015258789,41.849998474121094,41.61000061035156,41.810001373291016,8202800
2024-01-11,XLB,41.86000061035156,41.86000061035156,41.380001068115234,41.685001373291016,8542200
2024-01-12,XLB,41.92499923706055,42.02000045776367,41.54499816894531,41.724998474121094,8267800
2024-01-16,XLB,41.470001220703125,41.54499816894531,41.14500045776367,41.244998931884766,10552800
2024-01-17,XLB,40.82500076293945,41.09000015258789,40.76499938964844,40.94499969482422,9287600
2024-01-18,XLB,41.025001525878906,41.1349983215332,40.72999954223633,41.07500076293945,9320800
2024-01-19,XLB,41.1150016784668,41.189998626708984,40.720001220703125,41.1150016784668,11653600
2024-01-22,XLB,40.880001068115234,41.310001373291016,40.880001068115234,41.23500061035156,10785200
2024-01-23,XLB,41.43000030517578,41.55500030517578,41.21500015258789,41.369998931884766,7891600
2024-01-24,XLB,41.39500045776367,41.5,40.78499984741211,40.810001373291016,10317800
2024-01-25,XLB,41.005001068115234,41.2599983215332,40.8849983215332,41.2400016784668,9734400
2024-01-26,XLB,41.38999938964844,41.4900016784668,41.16999816894531,41.255001068115234,7799400
2024-01-29,XLB,41.224998474121094,41.474998474121094,41.03499984741211,41.459999084472656,7125800
2024-01-30,XLB,41.375,41.845001220703125,41.29499816894531,41.650001525878906,10851400
2024-01-31,XLB,41.71500015258789,41.77000045776367,41.064998626708984,41.10499954223633,13478400
2024-02-01,XLB,41.73500061035156,41.85499954223633,41.23500061035156,41.790000915527344,19793800
2024-02-02,XLB,41.48500061035156,41.744998931884766,41.09000015258789,41.54499816894531,22920400
2024-02-05,XLB,40.650001525878906,40.744998931884766,40.369998931884766,40.4900016784668,24886800
2024-02-06,XLB,40.81999969482422,41.29499816894531,40.81999969482422,41.20500183105469,19053000
2024-02-07,XLB,41.439998626708984,41.650001525878906,41.41999816894531,41.53499984741211,10820400
2024-02-08,XLB,41.595001220703125,41.599998474121094,41.185001373291016,41.47999954223633,6798600
2024-02-09,XLB,41.3849983215332,41.59000015258789,41.26499938964844,41.56999969482422,7636600
2024-02-12,XLB,41.66999816894531,42.095001220703125,41.6349983215332,41.900001525878906,6796400
2024-02-13,XLB,41.5,41.619998931884766,41.0099983215332,41.310001373291016,12864600
2024-02-14,XLB,41.52000045776367,41.654998779296875,41.310001373291016,41.57500076293945,8762000
2024-02-15,XLB,41.80500030517578,42.42499923706055,41.80500030517578,42.36000061035156,11984000
2024-02-16,XLB,42.540000915527344,42.875,42.494998931884766,42.584999084472656,9313400
2024-02-20,XLB,42.560001373291016,42.630001068115234,42.369998931884766,42.494998931884766,9019000
2024-02-21,XLB,42.48500061035156,42.755001068115234,42.32500076293945,42.72999954223633,8122400
2024-02-22,XLB,42.810001373291016,43.224998474121094,42.755001068115234,43.15999984741211,9448600
2024-02-23,XLB,43.25,43.47999954223633,43.14500045776367,43.415000915527344,7079000
2024-02-26,XLB,43.275001525878906,43.334999084472656,43.10499954223633,43.154998779296875,6653600
2024-02-27,XLB,43.314998626708984,43.42499923706055,43.189998626708984,43.314998626708984,8254600
2024-02-28,XLB,43.189998626708984,43.61000061035156,43.07500076293945,43.45000076293945,8994000
2024-02-29,XLB,43.71500015258789,43.900001525878906,43.564998626708984,43.779998779296875,12247600
2024-03-01,XLB,43.779998779296875,44.09000015258789,43.744998931884766,43.97999954223633,10401600
2024-03-04,XLB,44.029998779296875,44.375,43.97999954223633,44.29999923706055,9349200
2024-03-05,XLB,44.150001525878906,44.435001373291016,43.915000915527344,44.064998626708984,8493800
2024-03-06,XLB,44.30500030517578,44.54499816894531,44.2400016784668,44.38999938964844,10224000
2024-03-07,XLB,44.7400016784668,45.14500045776367,44.73500061035156,44.935001373291016,7942200
2024-03-08,XLB,45.07500076293945,45.099998474121094,44.665000915527344,44.67499923706055,10311200
2024-03-11,XLB,44.8849983215332,45.369998931884766,44.724998474121094,45.18000030517578,23270600
2024-03-12,XLB,45.17499923706055,45.23500061035156,44.95500183105469,45.17499923706055,10149400
2024-03-13,XLB,45.314998626708984,45.83000183105469,45.314998626708984,45.619998931884766,14529200
2024-03-14,XLB,45.494998931884766,45.599998474121094,45.18000030517578,45.380001068115234,19452000
2024-03-15,XLB,45.084999084472656,45.599998474121094,45.05500030517578,45.400001525878906,18702600
2024-03-18,XLB,45.380001068115234,45.68000030517578,45.29999923706055,45.31999969482422,15242400
2024-03-19,XLB,45.26499938964844,45.404998779296875,45.130001068115234,45.32500076293945,10832800
2024-03-20,XLB,45.290000915527344,45.94499969482422,45.20000076293945,45.779998779296875,13252400
2024-03-21,XLB,45.900001525878906,46.040000915527344,45.720001220703125,45.970001220703125,9384200
2024-03-22,XLB,45.869998931884766,45.97999954223633,45.65999984741211,45.685001373291016,5874600
2024-03-25,XLB,45.65999984741211,45.8849983215332,45.619998931884766,45.70000076293945,5662600
2024-03-26,XLB,45.775001525878906,45.86000061035156,45.6349983215332,45.665000915527344,5434400
2024-03-27,XLB,45.779998779296875,46.334999084472656,45.7400016784668,46.31999969482422,8444400
2024-03-28,XLB,46.32500076293945,46.60499954223633,46.23500061035156,46.44499969482422,9025200
2024-04-01,XLB,46.665000915527344,46.665000915527344,46.25,46.334999084472656,7647000
2024-04-02,XLB,46.290000915527344,46.33000183105469,45.96500015258789,46.165000915527344,9570800
2024-04-03,XLB,46.21500015258789,46.5,46.17499923706055,46.439998626708984,10022800
2024-04-04,XLB,46.69499969482422,46.86000061035156,45.8650016784668,45.970001220703125,12658600
2024-04-05,XLB,45.96500015258789,46.44499969482422,45.92499923706055,46.3849983215332,9804200
2024-04-08,XLB,46.53499984741211,46.584999084472656,46.29499816894531,46.41999816894531,6522000
2024-04-09,XLB,46.779998779296875,46.79499816894531,46.05500030517578,46.529998779296875,11350600
2024-04-10,XLB,45.814998626708984,46.08000183105469,45.63999938964844,45.80500030517578,14113000
2024-04-11,XLB,45.849998474121094,45.96500015258789,45.53499984741211,45.77000045776367,9900600
2024-04-12,XLB,45.6349983215332,45.724998474121094,44.7599983215332,44.959999084472656,12113000
2024-04-15,XLB,45.439998626708984,45.61000061035156,44.59000015258789,44.744998931884766,11506200
2024-04-16,XLB,44.5,44.63999938964844,44.244998931884766,44.400001525878906,13555600
2024-04-17,XLB,44.70000076293945,44.900001525878906,44.369998931884766,44.5,9156800
2024-04-18,XLB,44.86000061035156,44.89500045776367,44.310001373291016,44.51499938964844,7497800
2024-04-19,XLB,44.630001068115234,44.81999969482422,44.314998626708984,44.47999954223633,10109000
2024-04-22,XLB,44.23500061035156,44.7599983215332,44.064998626708984,44.525001525878906,8284600
2024-04-23,XLB,43.970001220703125,44.35499954223633,43.8849983215332,44.13999938964844,11470000
2024-04-24,XLB,43.959999084472656,44.209999084472656,43.83000183105469,44.16999816894531,9553800
2024-04-25,XLB,44.16999816894531,44.584999084472656,43.775001525878906,44.48500061035156,9220200
2024-04-26,XLB,44.505001068115234,44.95000076293945,44.494998931884766,44.7599983215332,6274400
2024-04-29,XLB,44.959999084472656,45.189998626708984,44.915000915527344,45.1349983215332,5676800
2024-04-30,XLB,44.7599983215332,44.8650016784668,44.30500030517578,44.314998626708984,9871800
2024-05-01,XLB,44.47999954223633,45.2599983215332,44.369998931884766,44.54499816894531,15456200
2024-05-02,XLB,44.30500030517578,44.505001068115234,43.95000076293945,44.314998626708984,15567400
2024-05-03,XLB,44.685001373291016,44.8849983215332,44.525001525878906,44.76499938964844,8999400
2024-05-06,XLB,45.040000915527344,45.209999084472656,44.834999084472656,45.03499984741211,6615600
2024-05-07,XLB,45.20500183105469,45.64500045776367,45.20000076293945,45.56999969482422,8862200
2024-05-08,XLB,45.400001525878906,45.56999969482422,45.314998626708984,45.36000061035156,6522600
2024-05-09,XLB,45.47999954223633,45.904998779296875,45.42499923706055,45.8650016784668,7070000
2024-05-10,XLB,46.060001373291016,46.10499954223633,45.88999938964844,45.91999816894531,5472600
2024-05-13,XLB,46.005001068115234,46.165000915527344,45.849998474121094,45.88999938964844,5030600
2024-05-14,XLB,46.01499938964844,46.099998474121094,45.78499984741211,45.935001373291016,7480400
2024-05-15,XLB,46.25,46.279998779296875,45.80500030517578,46.01499938964844,7922200
2024-05-16,XLB,46.029998779296875,46.064998626708984,45.65999984741211,45.685001373291016,7245800
2024-05-17,XLB,45.85499954223633,46.07500076293945,45.78499984741211,46.07500076293945,7256200
2024-05-20,XLB,46.0099983215332,46.220001220703125,45.88999938964844,46.13999938964844,4544600
2024-05-21,XLB,46.13999938964844,46.150001525878906,45.935001373291016,46.13999938964844,5425000
2024-05-22,XLB,45.709999084472656,45.875,45.47999954223633,45.689998626708984,8703200
2024-05-23,XLB,45.755001068115234,45.79999923706055,45.19499969482422,45.28499984741211,5688000
2024-05-24,XLB,45.494998931884766,45.7400016784668,45.494998931884766,45.68000030517578,4598000
2024-05-28,XLB,45.689998626708984,45.75,45.345001220703125,45.505001068115234,4223000
2024-05-29,XLB,45.07500076293945,45.189998626708984,44.81999969482422,44.85499954223633,8145000
2024-05-30,XLB,44.76499938964844,45.244998931884766,44.76499938964844,45.220001220703125,6599400
2024-05-31,XLB,45.26499938964844,45.775001525878906,44.94499969482422,45.76499938964844,8203000
2024-06-03,XLB,45.755001068115234,45.775001525878906,45.10499954223633,45.494998931884766,11900200
2024-06-04,XLB,45.130001068115234,45.21500015258789,44.72999954223633,44.9900016784668,6779000
2024-06-05,XLB,45.0,45.31999969482422,44.810001373291016,45.29999923706055,6820800
2024-06-06,XLB,45.29999923706055,45.36000061035156,45.099998474121094,45.349998474121094,4238800
2024-06-07,XLB,44.880001068115234,45.27000045776367,44.70000076293945,44.89500045776367,8359000
2024-06-10,XLB,44.775001525878906,44.89500045776367,44.67499923706055,44.849998474121094,5223600
2024-06-11,XLB,44.599998474121094,44.834999084472656,44.41999816894531,44.834999084472656,6457200
2024-06-12,XLB,45.375,45.5099983215332,44.80500030517578,44.91999816894531,8174200
2024-06-13,XLB,44.66999816894531,44.959999084472656,44.505001068115234,44.904998779296875,7937200
2024-06-14,XLB,44.64500045776367,44.720001220703125,44.209999084472656,44.4900016784668,5694400
2024-06-17,XLB,44.33000183105469,44.89500045776367,44.224998474121094,44.81999969482422,7631200
2024-06-18,XLB,44.83000183105469,44.994998931884766,44.564998626708984,44.77000045776367,6872200
2024-06-20,XLB,44.744998931884766,45.03499984741211,44.709999084472656,44.814998626708984,6441000
2024-06-21,XLB,44.69499969482422,44.904998779296875,44.48500061035156,44.81999969482422,8209800
2024-06-24,XLB,44.79499816894531,45.08000183105469,44.66999816894531,44.89500045776367,8065200
2024-06-25,XLB,44.810001373291016,44.81999969482422,44.18000030517578,44.32500076293945,7292200
2024-06-26,XLB,44.10499954223633,44.334999084472656,43.974998474121094,44.29499816894531,6474600
2024-06-27,XLB,44.290000915527344,44.310001373291016,44.060001373291016,44.16999816894531,16279600
2024-06-28,XLB,44.17499923706055,44.47999954223633,44.02000045776367,44.154998779296875,7750600
2024-07-01,XLB,44.189998626708984,44.35499954223633,43.34000015258789,43.474998474121094,8647400
2024-07-02,XLB,43.369998931884766,43.67499923706055,43.20500183105469,43.55500030517578,13117200
2024-07-03,XLB,43.70000076293945,43.9900016784668,43.65999984741211,43.880001068115234,4591200
2024-07-05,XLB,43.85499954223633,44.005001068115234,43.61000061035156,43.95000076293945,8846800
2024-07-08,XLB,44.08000183105469,44.23500061035156,43.92499923706055,44.08000183105469,10496800
2024-07-09,XLB,43.8849983215332,43.974998474121094,43.619998931884766,43.630001068115234,5951000
2024-07-10,XLB,43.849998474121094,44.2400016784668,43.779998779296875,44.21500015258789,7915400
2024-07-11,XLB,44.435001373291016,44.8849983215332,44.404998779296875,44.81999969482422,11914000
2024-07-12,XLB,45.07500076293945,45.46500015258789,44.95500183105469,45.25,9796000
2024-07-15,XLB,45.255001068115234,45.439998626708984,45.029998779296875,45.1349983215332,6485200
2024-07-16,XLB,45.095001220703125,46.04999923706055,45.07500076293945,46.0099983215332,7465600
2024-07-17,XLB,45.98500061035156,46.189998626708984,45.89500045776367,45.915000915527344,8790400
2024-07-18,XLB,45.64500045776367,46.14500045776367,45.404998779296875,45.459999084472656,8910200
2024-07-19,XLB,45.244998931884766,45.345001220703125,44.91999816894531,45.05500030517578,9365200
2024-07-22,XLB,45.16999816894531,45.2599983215332,44.83000183105469,45.20500183105469,7526200
2024-07-23,XLB,45.34000015258789,45.46500015258789,45.064998626708984,45.3849983215332,6493400
2024-07-24,XLB,45.46500015258789,45.52000045776367,44.7599983215332,44.80500030517578,8549000
2024-07-25,XLB,44.599998474121094,45.474998474121094,44.560001373291016,44.93000030517578,10052000
2024-07-26,XLB,45.224998474121094,45.84000015258789,45.119998931884766,45.665000915527344,7069800
2024-07-29,XLB,45.69499969482422,45.869998931884766,45.494998931884766,45.744998931884766,7049600
2024-07-30,XLB,45.584999084472656,45.93000030517578,45.5,45.595001220703125,8502200
2024-07-31,XLB,45.98500061035156,46.494998931884766,45.834999084472656,46.06999969482422,10466800
2024-08-01,XLB,46.275001525878906,46.69499969482422,45.595001220703125,45.8849983215332,17134400
2024-08-02,XLB,45.369998931884766,45.474998474121094,44.42499923706055,45.02000045776367,20945200
2024-08-05,XLB,44.209999084472656,44.375,43.63999938964844,44.01499938964844,19482800
2024-08-06,XLB,43.95500183105469,44.80500030517578,43.880001068115234,44.2400016784668,11812200
2024-08-07,XLB,44.6150016784668,44.79999923706055,43.61000061035156,43.63999938964844,11097400
2024-08-08,XLB,43.8650016784668,44.40999984741211,43.834999084472656,44.314998626708984,10759000
2024-08-09,XLB,44.34000015258789,44.42499923706055,43.875,44.279998779296875,5722000
2024-08-12,XLB,44.33000183105469,44.38999938964844,43.98500061035156,44.084999084472656,5561800
2024-08-13,XLB,44.2400016784668,44.619998931884766,44.1349983215332,44.525001525878906,6236000
2024-08-14,XLB,44.6349983215332,44.65999984741211,44.29999923706055,44.525001525878906,7241000
2024-08-15,XLB,44.95000076293945,45.32500076293945,44.85499954223633,45.22999954223633,7728600
2024-08-16,XLB,45.150001525878906,45.314998626708984,44.95000076293945,45.28499984741211,5803200
2024-08-19,XLB,45.290000915527344,45.540000915527344,45.290000915527344,45.5,4586400
2024-08-20,XLB,45.525001525878906,45.64500045776367,45.290000915527344,45.334999084472656,4834600
2024-08-21,XLB,45.48500061035156,45.89500045776367,45.46500015258789,45.85499954223633,4611000
2024-08-22,XLB,45.85499954223633,45.935001373291016,45.599998474121094,45.7599983215332,5684400
2024-08-23,XLB,45.95000076293945,46.47999954223633,45.91999816894531,46.3650016784668,5797800
2024-08-26,XLB,46.56999969482422,46.915000915527344,46.494998931884766,46.56999969482422,7663000
2024-08-27,XLB,46.53499984741211,46.584999084472656,46.275001525878906,46.57500076293945,8845400
2024-08-28,XLB,46.41999816894531,46.625,46.20500183105469,46.375,6524000
2024-08-29,XLB,46.540000915527344,46.91999816894531,46.244998931884766,46.630001068115234,6051200
2024-08-30,XLB,46.7599983215332,47.209999084472656,46.53499984741211,47.13999938964844,8647400
2024-09-03,XLB,46.45500183105469,46.68000030517578,45.92499923706055,46.06999969482422,9503400
2024-09-04,XLB,46.185001373291016,46.380001068115234,45.83000183105469,45.880001068115234,6313400
2024-09-05,XLB,45.974998474121094,46.029998779296875,45.415000915527344,45.52000045776367,7587000
2024-09-06,XLB,45.45500183105469,45.724998474121094,44.85499954223633,44.94499969482422,10616400
2024-09-09,XLB,45.20500183105469,45.6150016784668,45.20500183105469,45.380001068115234,6412400
2024-09-10,XLB,45.36000061035156,45.40999984741211,45.03499984741211,45.400001525878906,6299800
2024-09-11,XLB,45.400001525878906,45.560001373291016,44.44499969482422,45.5099983215332,7392800
2024-09-12,XLB,45.654998779296875,45.939998626708984,45.39500045776367,45.93000030517578,5962800
2024-09-13,XLB,46.064998626708984,46.595001220703125,46.029998779296875,46.345001220703125,6459000
2024-09-16,XLB,46.54999923706055,46.86000061035156,46.415000915527344,46.775001525878906,5838600
2024-09-17,XLB,46.79499816894531,47.209999084472656,46.75,46.8650016784668,5881400
2024-09-18,XLB,46.96500015258789,47.21500015258789,46.54999923706055,46.665000915527344,11155400
2024-09-19,XLB,47.439998626708984,47.560001373291016,47.11000061035156,47.369998931884766,8351800
2024-09-20,XLB,47.314998626708984,47.314998626708984,46.849998474121094,47.03499984741211,9617400
2024-09-23,XLB,47.0099983215332,47.275001525878906,46.90999984741211,47.23500061035156,5159800
2024-09-24,XLB,47.65999984741211,47.959999084472656,47.564998626708984,47.880001068115234,7918800
2024-09-25,XLB,48.0099983215332,48.04999923706055,47.45000076293945,47.560001373291016,5815400
2024-09-26,XLB,48.07500076293945,48.6150016784668,48.07500076293945,48.54499816894531,10243400
2024-09-27,XLB,48.540000915527344,48.88999938964844,48.36000061035156,48.459999084472656,8498600
2024-09-30,XLB,48.380001068115234,48.435001373291016,47.82500076293945,48.189998626708984,7373600
2024-10-01,XLB,48.2400016784668,48.27000045776367,47.849998474121094,48.06999969482422,11546800
2024-10-02,XLB,47.95000076293945,48.26499938964844,47.7599983215332,47.8849983215332,10571400
2024-10-03,XLB,47.599998474121094,47.61000061035156,47.224998474121094,47.35499954223633,13542600
2024-10-04,XLB,47.650001525878906,47.78499984741211,47.290000915527344,47.584999084472656,11380200
2024-10-07,XLB,47.369998931884766,47.560001373291016,47.18000030517578,47.44499969482422,7800600
2024-10-08,XLB,47.16999816894531,47.28499984741211,46.91999816894531,47.224998474121094,8933800
2024-10-09,XLB,47.189998626708984,47.65999984741211,47.1150016784668,47.525001525878906,8562000
2024-10-10,XLB,47.505001068115234,47.709999084472656,47.30500030517578,47.6349983215332,6764600
2024-10-11,XLB,47.72999954223633,48.08000183105469,47.65999984741211,47.94499969482422,6631200
2024-10-14,XLB,47.72999954223633,48.25,47.654998779296875,48.220001220703125,6217000
2024-10-15,XLB,48.11000061035156,48.564998626708984,48.11000061035156,48.16999816894531,7717600
2024-10-16,XLB,48.224998474121094,48.63999938964844,48.20500183105469,48.54499816894531,7465800
2024-10-17,XLB,48.650001525878906,48.72999954223633,48.46500015258789,48.619998931884766,5043600
2024-10-18,XLB,48.76499938964844,48.935001373291016,48.56999969482422,48.814998626708984,6035600
2024-10-21,XLB,48.7599983215332,48.834999084472656,48.275001525878906,48.439998626708984,4343200
2024-10-22,XLB,48.404998779296875,48.47999954223633,47.72999954223633,47.994998931884766,6954000
2024-10-23,XLB,47.869998931884766,48.130001068115234,47.63999938964844,47.8650016784668,6782600
2024-10-24,XLB,47.77000045776367,47.8650016784668,47.084999084472656,47.279998779296875,5092000
2024-10-25,XLB,47.2599983215332,47.45000076293945,46.95500183105469,46.97999954223633,7406600
2024-10-28,XLB,47.209999084472656,47.435001373291016,47.15999984741211,47.369998931884766,7701600
2024-10-29,XLB,47.1349983215332,47.345001220703125,47.0099983215332,47.064998626708984,7315600
2024-10-30,XLB,47.064998626708984,47.6349983215332,47.064998626708984,47.31999969482422,10643600
2024-10-31,XLB,47.0,47.19499969482422,46.67499923706055,46.69499969482422,8106800
2024-11-01,XLB,46.72999954223633,46.89500045776367,46.54999923706055,46.564998626708984,6928000
2024-11-04,XLB,46.81999969482422,47.084999084472656,46.560001373291016,46.77000045776367,15308600
2024-11-05,XLB,46.65999984741211,47.029998779296875,46.5099983215332,46.84000015258789,7972800
2024-11-06,XLB,47.869998931884766,47.96500015258789,47.1349983215332,47.48500061035156,12702800
2024-11-07,XLB,47.61000061035156,47.84000015258789,47.5099983215332,47.66999816894531,19949800
2024-11-08,XLB,47.494998931884766,47.540000915527344,47.150001525878906,47.23500061035156,8805600
2024-11-11,XLB,47.185001373291016,47.380001068115234,46.97999954223633,47.029998779296875,7693600
2024-11-12,XLB,46.79999923706055,46.8650016784668,46.1150016784668,46.22999954223633,7078400
2024-11-13,XLB,46.26499938964844,46.435001373291016,46.1150016784668,46.34000015258789,6310000
2024-11-14,XLB,46.275001525878906,46.32500076293945,45.90999984741211,45.959999084472656,5911400
2024-11-15,XLB,45.939998626708984,46.03499984741211,45.564998626708984,45.63999938964844,6395600
2024-11-18,XLB,45.724998474121094,45.994998931884766,45.63999938964844,45.994998931884766,7875200
2024-11-19,XLB,45.650001525878906,45.91999816894531,45.40999984741211,45.845001220703125,6540600
2024-11-20,XLB,45.869998931884766,46.275001525878906,45.689998626708984,46.220001220703125,8345800
2024-11-21,XLB,46.22999954223633,46.79999923706055,46.095001220703125,46.78499984741211,8402400
2024-11-22,XLB,46.744998931884766,47.099998474121094,46.71500015258789,47.04499816894531,5857200
2024-11-25,XLB,47.23500061035156,47.599998474121094,47.18000030517578,47.529998779296875,7524600
2024-11-26,XLB,47.40999984741211,47.40999984741211,46.994998931884766,47.17499923706055,6104600
2024-11-27,XLB,47.244998931884766,47.58000183105469,47.09000015258789,47.150001525878906,14047400
2024-11-29,XLB,47.154998779296875,47.43000030517578,47.084999084472656,47.38999938964844,4265200
2024-12-02,XLB,47.439998626708984,47.470001220703125,47.025001525878906,47.36000061035156,12785600
2024-12-03,XLB,47.54999923706055,47.59000015258789,47.119998931884766,47.209999084472656,11099200
2024-12-04,XLB,47.025001525878906,47.05500030517578,46.60499954223633,46.75,10865800
2024-12-05,XLB,46.5,46.56999969482422,45.91999816894531,46.1349983215332,12762800
2024-12-06,XLB,46.25,46.314998626708984,45.935001373291016,45.95500183105469,7131000
2024-12-09,XLB,46.31999969482422,46.57500076293945,45.935001373291016,45.94499969482422,9417600
2024-12-10,XLB,45.88999938964844,45.92499923706055,45.19499969482422,45.474998474121094,7718600
2024-12-11,XLB,45.625,45.625,45.28499984741211,45.314998626708984,12288200
2024-12-12,XLB,45.154998779296875,45.279998779296875,44.97999954223633,45.0,7294000
2024-12-13,XLB,44.84000015258789,44.904998779296875,44.46500015258789,44.6150016784668,8098800
2024-12-16,XLB,44.525001525878906,44.68000030517578,44.20000076293945,44.220001220703125,10486600
2024-12-17,XLB,44.025001525878906,44.345001220703125,43.96500015258789,43.974998474121094,8289800
2024-12-18,XLB,43.95000076293945,44.099998474121094,42.70500183105469,42.724998474121094,14797400
2024-12-19,XLB,42.76499938964844,43.060001373291016,42.255001068115234,42.26499938964844,12495600
2024-12-20,XLB,42.189998626708984,43.040000915527344,42.165000915527344,42.790000915527344,14684600
2024-12-23,XLB,42.51499938964844,42.584999084472656,42.130001068115234,42.53499984741211,11338400
2024-12-24,XLB,42.54499816894531,42.79999923706055,42.34000015258789,42.76499938964844,5502400
2024-12-26,XLB,42.59000015258789,42.86000061035156,42.48500061035156,42.70000076293945,6517600
2024-12-27,XLB,42.48500061035156,42.85499954223633,42.30500030517578,42.470001220703125,8568000
2024-12-30,XLB,42.19499969482422,42.19499969482422,41.70000076293945,41.900001525878906,7528200
2024-12-31,XLB,42.040000915527344,42.209999084472656,41.849998474121094,42.06999969482422,8883200
2025-01-02,XLB,42.27000045776367,42.40999984741211,41.54499816894531,41.60499954223633,20004200
2025-01-03,XLB,41.7400016784668,41.79499816894531,41.52000045776367,41.595001220703125,19348400
2025-01-06,XLB,42.005001068115234,42.275001525878906,41.814998626708984,41.875,16602000
2025-01-07,XLB,41.900001525878906,42.32500076293945,41.63999938964844,41.849998474121094,23069000
2025-01-08,XLB,41.880001068115234,42.084999084472656,41.58000183105469,42.08000183105469,15743000
2025-01-10,XLB,41.78499984741211,41.95500183105469,41.540000915527344,41.650001525878906,18553600
2025-01-13,XLB,41.61000061035156,42.60499954223633,41.57500076293945,42.58000183105469,20014800
2025-01-14,XLB,42.81999969482422,43.14500045776367,42.709999084472656,43.11000061035156,13084600
2025-01-15,XLB,43.73500061035156,43.849998474121094,43.23500061035156,43.52000045776367,12564200
2025-01-16,XLB,43.55500030517578,43.8849983215332,43.435001373291016,43.880001068115234,11550400
2025-01-17,XLB,44.16999816894531,44.45000076293945,44.0,44.165000915527344,11589000
2025-01-21,XLB,44.58000183105469,44.85499954223633,44.52000045776367,44.72999954223633,10348000
2025-01-22,XLB,44.779998779296875,44.79499816894531,44.36000061035156,44.369998931884766,11894200
2025-01-23,XLB,44.369998931884766,44.6150016784668,44.1349983215332,44.6150016784668,8568400
2025-01-24,XLB,44.814998626708984,44.83000183105469,44.45500183105469,44.5,6300000
2025-01-27,XLB,44.40999984741211,44.564998626708984,44.154998779296875,44.525001525878906,12938800
2025-01-28,XLB,44.630001068115234,44.6349983215332,44.279998779296875,44.380001068115234,9287600
2025-01-29,XLB,44.209999084472656,44.5099983215332,44.189998626708984,44.29999923706055,9020200
2025-01-30,XLB,44.209999084472656,44.75,44.130001068115234,44.720001220703125,12398200
2025-01-31,XLB,44.665000915527344,44.79999923706055,44.21500015258789,44.39500045776367,13902800
2025-02-03,XLB,43.94499969482422,44.56999969482422,43.46500015258789,44.439998626708984,21249600
2025-02-04,XLB,44.584999084472656,44.755001068115234,44.44499969482422,44.56999969482422,19718400
2025-02-05,XLB,44.380001068115234,44.75,44.23500061035156,44.53499984741211,14194200
2025-02-06,XLB,44.564998626708984,44.80500030517578,44.34000015258789,44.689998626708984,15303000
2025-02-07,XLB,44.57500076293945,44.64500045776367,44.099998474121094,44.14500045776367,13545600
2025-02-10,XLB,44.46500015258789,44.51499938964844,44.1349983215332,44.369998931884766,8950400
2025-02-11,XLB,44.5099983215332,44.915000915527344,44.44499969482422,44.630001068115234,9441800
2025-02-12,XLB,44.029998779296875,44.53499984741211,43.880001068115234,44.310001373291016,11027200
2025-02-13,XLB,44.55500030517578,45.1349983215332,44.494998931884766,45.08000183105469,10430600
2025-02-14,XLB,45.209999084472656,45.435001373291016,44.915000915527344,44.92499923706055,9631400
2025-02-18,XLB,45.04999923706055,45.494998931884766,44.775001525878906,45.494998931884766,7115800
2025-02-19,XLB,44.94499969482422,45.099998474121094,44.80500030517578,44.959999084472656,7608000
2025-02-20,XLB,44.84000015258789,45.01499938964844,44.564998626708984,44.85499954223633,9868600
2025-02-21,XLB,44.94499969482422,44.95000076293945,43.98500061035156,44.03499984741211,9954000
2025-02-24,XLB,44.14500045776367,44.2400016784668,43.86000061035156,43.98500061035156,9454200
2025-02-25,XLB,44.01499938964844,44.46500015258789,43.974998474121094,44.32500076293945,9281200
2025-02-26,XLB,44.48500061035156,44.720001220703125,44.2599983215332,44.30500030517578,7965000
2025-02-27,XLB,44.32500076293945,44.60499954223633,43.974998474121094,44.005001068115234,7089000
2025-02-28,XLB,44.17499923706055,44.415000915527344,43.834999084472656,44.380001068115234,9316600
2025-03-03,XLB,44.79499816894531,44.95500183105469,43.3849983215332,43.4900016784668,16883200
2025-03-04,XLB,43.59000015258789,43.59000015258789,42.84000015258789,42.900001525878906,22518600
2025-03-05,XLB,43.29999923706055,44.1349983215332,43.23500061035156,44.02000045776367,17368600
2025-03-06,XLB,43.79999923706055,44.209999084472656,43.55500030517578,43.790000915527344,18493600
2025-03-07,XLB,43.595001220703125,44.095001220703125,43.38999938964844,43.90999984741211,15654600
2025-03-10,XLB,43.52000045776367,43.77000045776367,42.69499969482422,42.994998931884766,16672800
2025-03-11,XLB,43.06999969482422,43.10499954223633,42.42499923706055,42.665000915527344,15426200
2025-03-12,XLB,42.779998779296875,42.84000015258789,42.275001525878906,42.46500015258789,12607200
2025-03-13,XLB,42.494998931884766,42.93000030517578,42.16999816894531,42.435001373291016,10283000
2025-03-14,XLB,42.78499984741211,43.05500030517578,42.61000061035156,42.9900016784668,9507400
2025-03-17,XLB,42.900001525878906,43.665000915527344,42.900001525878906,43.529998779296875,8615000
2025-03-18,XLB,43.709999084472656,43.709999084472656,43.28499984741211,43.45500183105469,10023800
2025-03-19,XLB,43.4900016784668,43.76499938964844,43.189998626708984,43.599998474121094,10253600
2025-03-20,XLB,43.470001220703125,43.69499969482422,43.26499938964844,43.32500076293945,7606200
2025-03-21,XLB,42.96500015258789,42.96500015258789,42.3650016784668,42.89500045776367,16808800
2025-03-24,XLB,43.125,43.35499954223633,42.970001220703125,43.27000045776367,9204400
2025-03-25,XLB,43.404998779296875,43.494998931884766,43.07500076293945,43.2599983215332,7622200
2025-03-26,XLB,43.30500030517578,43.599998474121094,43.130001068115234,43.34000015258789,8160800
2025-03-27,XLB,43.21500015258789,43.470001220703125,42.915000915527344,43.31999969482422,6049200
2025-03-28,XLB,43.42499923706055,43.439998626708984,42.470001220703125,42.525001525878906,9147200
2025-03-31,XLB,42.375,43.19499969482422,42.03499984741211,42.9900016784668,8881800
2025-04-01,XLB,42.880001068115234,43.16999816894531,42.494998931884766,43.150001525878906,12197600
2025-04-02,XLB,42.75,43.564998626708984,42.75,43.505001068115234,11863800
2025-04-03,XLB,42.11000061035156,42.38999938964844,41.43000030517578,41.540000915527344,18958600
2025-04-04,XLB,40.54499816894531,40.63999938964844,38.845001220703125,38.939998626708984,29389600
2025-04-07,XLB,38.07500076293945,39.935001373291016,37.119998931884766,38.314998626708984,50243800
2025-04-08,XLB,39.209999084472656,39.33000183105469,36.560001373291016,37.1349983215332,27497400
2025-04-09,XLB,36.93000030517578,40.584999084472656,36.875,40.380001068115234,40440200
2025-04-10,XLB,39.73500061035156,39.75,38.16999816894531,39.09000015258789,28167600
2025-04-11,XLB,39.17499923706055,40.54499816894531,38.97999954223633,40.25,17207000
2025-04-14,XLB,40.724998474121094,40.915000915527344,40.2400016784668,40.73500061035156,10426400
2025-04-15,XLB,40.564998626708984,40.94499969482422,40.380001068115234,40.415000915527344,8028800
2025-04-16,XLB,40.45000076293945,40.724998474121094,39.82500076293945,40.099998474121094,10726400
2025-04-17,XLB,40.21500015258789,40.689998626708984,40.165000915527344,40.375,9535800
2025-04-21,XLB,40.345001220703125,40.345001220703125,39.38999938964844,39.7599983215332,7885800
2025-04-22,XLB,40.165000915527344,40.80500030517578,40.165000915527344,40.689998626708984,7293800
2025-04-23,XLB,41.14500045776367,41.73500061035156,40.61000061035156,40.7400016784668,13337000
2025-04-24,XLB,40.80500030517578,41.69499969482422,40.654998779296875,41.619998931884766,9995400
2025-04-25,XLB,41.29499816894531,41.42499923706055,40.974998474121094,41.310001373291016,9400400
2025-04-28,XLB,41.3650016784668,41.67499923706055,40.97999954223633,41.3849983215332,7779600
2025-04-29,XLB,41.470001220703125,41.904998779296875,41.27000045776367,41.72999954223633,9526800
2025-04-30,XLB,41.2400016784668,42.08000183105469,41.02000045776367,41.94499969482422,9867400
2025-05-01,XLB,41.470001220703125,42.06999969482422,41.45000076293945,41.7599983215332,11208400
2025-05-02,XLB,42.2599983215332,42.64500045776367,42.11000061035156,42.46500015258789,8572400
2025-05-05,XLB,42.275001525878906,42.45500183105469,42.09000015258789,42.150001525878906,5679200
2025-05-06,XLB,42.0099983215332,42.20000076293945,41.73500061035156,41.845001220703125,6111200
2025-05-07,XLB,41.88999938964844,41.97999954223633,41.45500183105469,41.6150016784668,8746400
2025-05-08,XLB,41.904998779296875,42.584999084472656,41.79999923706055,42.16999816894531,8063200
2025-05-09,XLB,42.17499923706055,42.34000015258789,42.040000915527344,42.279998779296875,6360000
2025-05-12,XLB,43.435001373291016,43.7400016784668,43.040000915527344,43.2599983215332,8798800
2025-05-13,XLB,43.279998779296875,43.369998931884766,43.029998779296875,43.04499816894531,6839000
2025-05-14,XLB,42.79999923706055,42.85499954223633,42.41999816894531,42.650001525878906,7891200
2025-05-15,XLB,42.53499984741211,43.11000061035156,42.505001068115234,43.084999084472656,7114600
2025-05-16,XLB,43.09000015258789,43.529998779296875,42.84000015258789,43.525001525878906,6426800
2025-05-19,XLB,43.279998779296875,43.685001373291016,43.09000015258789,43.6349983215332,10166600
2025-05-20,XLB,43.56999969482422,43.63999938964844,43.375,43.560001373291016,5128600
2025-05-21,XLB,43.21500015258789,43.45000076293945,42.915000915527344,42.97999954223633,9612400
2025-05-22,XLB,42.92499923706055,43.119998931884766,42.619998931884766,42.935001373291016,7651000
2025-05-23,XLB,42.61000061035156,43.005001068115234,42.529998779296875,42.849998474121094,7343200
2025-05-27,XLB,43.279998779296875,43.61000061035156,43.14500045776367,43.599998474121094,6898600
2025-05-28,XLB,43.54999923706055,43.55500030517578,42.96500015258789,43.005001068115234,10597000
2025-05-29,XLB,43.224998474121094,43.2400016784668,42.73500061035156,43.165000915527344,9869600
2025-05-30,XLB,43.04999923706055,43.22999954223633,42.61000061035156,43.16999816894531,12114200
2025-06-02,XLB,43.439998626708984,43.44499969482422,43.095001220703125,43.42499923706055,15811000
2025-06-03,XLB,43.2599983215332,43.8849983215332,43.05500030517578,43.869998931884766,13218200
2025-06-04,XLB,43.92499923706055,44.154998779296875,43.849998474121094,44.03499984741211,13268000
2025-06-05,XLB,44.20500183105469,44.224998474121094,43.67499923706055,43.775001525878906,14234800
2025-06-06,XLB,44.099998474121094,44.224998474121094,43.790000915527344,43.88999938964844,9348400
2025-06-09,XLB,43.994998931884766,44.474998474121094,43.94499969482422,44.185001373291016,11667000
2025-06-10,XLB,44.18000030517578,44.494998931884766,44.18000030517578,44.459999084472656,7875200
2025-06-11,XLB,44.345001220703125,44.38999938964844,43.869998931884766,44.02000045776367,10307800
2025-06-12,XLB,43.86000061035156,44.23500061035156,43.65999984741211,44.20500183105469,8660000
2025-06-13,XLB,43.779998779296875,44.25,43.56999969482422,43.689998626708984,14289400
2025-06-16,XLB,43.8849983215332,44.290000915527344,43.8849983215332,44.060001373291016,10504000
2025-06-17,XLB,43.939998626708984,43.9900016784668,43.564998626708984,43.630001068115234,9158000
2025-06-18,XLB,43.67499923706055,43.845001220703125,43.45000076293945,43.505001068115234,8554000
2025-06-20,XLB,43.755001068115234,43.81999969482422,43.150001525878906,43.209999084472656,13409800
2025-06-23,XLB,42.994998931884766,43.5099983215332,42.77000045776367,43.470001220703125,10120600
2025-06-24,XLB,43.564998626708984,43.89500045776367,43.505001068115234,43.83000183105469,8768200
2025-06-25,XLB,43.744998931884766,43.744998931884766,43.36000061035156,43.40999984741211,8744000
2025-06-26,XLB,43.625,44.029998779296875,43.625,43.88999938964844,10508600
2025-06-27,XLB,43.904998779296875,44.13999938964844,43.70000076293945,43.94499969482422,9375600
2025-06-30,XLB,43.9900016784668,44.0099983215332,43.685001373291016,43.904998779296875,8533800
2025-07-01,XLB,44.025001525878906,45.29499816894531,43.94499969482422,45.040000915527344,15844200
2025-07-02,XLB,45.255001068115234,45.72999954223633,45.17499923706055,45.71500015258789,14644200
2025-07-03,XLB,45.68000030517578,45.845001220703125,45.599998474121094,45.685001373291016,6766000
2025-07-07,XLB,45.45000076293945,45.61000061035156,45.005001068115234,45.244998931884766,11761600
2025-07-08,XLB,45.34000015258789,45.7599983215332,45.28499984741211,45.6150016784668,16347600
2025-07-09,XLB,45.73500061035156,45.939998626708984,45.459999084472656,45.88999938964844,13435600
2025-07-10,XLB,46.0,46.43000030517578,45.904998779296875,46.1349983215332,12865600
2025-07-11,XLB,45.63999938964844,45.84000015258789,45.404998779296875,45.7599983215332,11563200
2025-07-14,XLB,45.57500076293945,45.67499923706055,45.34000015258789,45.505001068115234,12949400
2025-07-15,XLB,45.58000183105469,45.60499954223633,44.55500030517578,44.56999969482422,14653600
2025-07-16,XLB,44.625,44.7400016784668,44.16999816894531,44.689998626708984,13615200
2025-07-17,XLB,44.595001220703125,45.040000915527344,44.53499984741211,45.005001068115234,11840800
2025-07-18,XLB,45.08000183105469,45.14500045776367,44.84000015258789,45.11000061035156,13623200
2025-07-21,XLB,45.3849983215332,45.7400016784668,45.290000915527344,45.34000015258789,10631000
2025-07-22,XLB,45.29499816894531,46.005001068115234,45.27000045776367,45.96500015258789,13651000
2025-07-23,XLB,46.14500045776367,46.369998931884766,46.040000915527344,46.119998931884766,13494400
2025-07-24,XLB,45.70000076293945,46.0,45.5099983215332,45.64500045776367,17343400
2025-07-25,XLB,45.76499938964844,46.209999084472656,45.63999938964844,46.185001373291016,15752800
2025-07-28,XLB,45.91999816894531,45.98500061035156,45.3849983215332,45.51499938964844,15015000
2025-07-29,XLB,45.435001373291016,45.439998626708984,45.07500076293945,45.34000015258789,14205800
2025-07-30,XLB,45.1349983215332,45.18000030517578,44.23500061035156,44.42499923706055,23629400
2025-07-31,XLB,43.900001525878906,44.40999984741211,43.814998626708984,43.8650016784668,23230600
2025-08-01,XLB,43.564998626708984,43.584999084472656,43.0099983215332,43.36000061035156,28581800
2025-08-04,XLB,43.61000061035156,43.97999954223633,43.595001220703125,43.935001373291016,15497000
2025-08-05,XLB,44.165000915527344,44.334999084472656,43.834999084472656,44.244998931884766,16047000
2025-08-06,XLB,44.20000076293945,44.310001373291016,43.755001068115234,43.76499938964844,13141000
2025-08-07,XLB,44.19499969482422,44.26499938964844,43.685001373291016,43.95500183105469,15272600
2025-08-08,XLB,44.1150016784668,44.31999969482422,43.97999954223633,44.17499923706055,10402600
2025-08-11,XLB,44.209999084472656,44.400001525878906,43.82500076293945,44.07500076293945,12035600
2025-08-12,XLB,44.150001525878906,44.689998626708984,44.10499954223633,44.650001525878906,12501200
2025-08-13,XLB,44.880001068115234,45.5099983215332,44.7599983215332,45.4900016784668,16882200
2025-08-14,XLB,45.07500076293945,45.09000015258789,44.66999816894531,45.01499938964844,16098600
2025-08-15,XLB,45.310001373291016,45.310001373291016,44.915000915527344,45.01499938964844,16132200
2025-08-18,XLB,44.95000076293945,45.04999923706055,44.69499969482422,44.755001068115234,9423000
2025-08-19,XLB,44.790000915527344,45.244998931884766,44.790000915527344,45.025001525878906,11980200
2025-08-20,XLB,45.03499984741211,45.34000015258789,44.900001525878906,45.060001373291016,13436000
2025-08-21,XLB,44.8849983215332,45.29999923706055,44.82500076293945,45.19499969482422,13017600
2025-08-22,XLB,45.3849983215332,46.31999969482422,45.32500076293945,46.09000015258789,11434200
2025-08-25,XLB,46.04499816894531,46.099998474121094,45.7599983215332,45.834999084472656,12563800
2025-08-26,XLB,45.71500015258789,46.0,45.68000030517578,45.959999084472656,8414200
2025-08-27,XLB,45.7599983215332,46.130001068115234,45.71500015258789,46.07500076293945,8967800
2025-08-28,XLB,46.20500183105469,46.220001220703125,45.75,46.07500076293945,8557200
2025-08-29,XLB,46.084999084472656,46.36000061035156,46.025001525878906,46.13999938964844,8288800
2025-09-02,XLB,45.75,45.845001220703125,45.52000045776367,45.79499816894531,13028600
2025-09-03,XLB,45.77000045776367,45.81999969482422,45.369998931884766,45.48500061035156,10157600
2025-09-04,XLB,45.47999954223633,45.685001373291016,45.11000061035156,45.65999984741211,12530000
2025-09-05,XLB,45.83000183105469,46.349998474121094,45.654998779296875,45.97999954223633,15054400
2025-09-08,XLB,46.064998626708984,46.064998626708984,45.48500061035156,46.02000045776367,13605800
2025-09-09,XLB,45.775001525878906,45.95500183105469,45.14500045776367,45.27000045776367,12112400
2025-09-10,XLB,45.23500061035156,45.6150016784668,45.18000030517578,45.35499954223633,10671600
2025-09-11,XLB,45.314998626708984,46.349998474121094,45.28499984741211,46.30500030517578,11685200
2025-09-12,XLB,46.064998626708984,46.2400016784668,45.755001068115234,45.84000015258789,11069400
2025-09-15,XLB,45.89500045776367,45.915000915527344,45.39500045776367,45.470001220703125,9791400
2025-09-16,XLB,45.58000183105469,45.66999816894531,45.21500015258789,45.33000183105469,9700400
2025-09-17,XLB,45.369998931884766,46.22999954223633,45.165000915527344,45.435001373291016,13319600
2025-09-18,XLB,45.29499816894531,45.57500076293945,45.08000183105469,45.435001373291016,15116000
2025-09-19,XLB,45.54999923706055,45.58000183105469,45.27000045776367,45.415000915527344,16468200
2025-09-22,XLB,45.185001373291016,45.33000183105469,44.974998474121094,45.185001373291016,8882400
2025-09-23,XLB,45.290000915527344,45.630001068115234,44.98500061035156,45.040000915527344,8228800
2025-09-24,XLB,44.86000061035156,45.084999084472656,44.435001373291016,44.4900016784668,10669600
2025-09-25,XLB,44.33000183105469,44.34000015258789,43.84000015258789,43.90999984741211,11077200
2025-09-26,XLB,44.02000045776367,44.494998931884766,43.98500061035156,44.41999816894531,9944600
2025-09-29,XLB,44.70500183105469,44.73500061035156,44.34000015258789,44.59000015258789,9378800
2025-09-30,XLB,44.4900016784668,44.845001220703125,44.404998779296875,44.810001373291016,9408200
2025-10-01,XLB,44.755001068115234,44.86000061035156,44.23500061035156,44.34000015258789,13749800
2025-10-02,XLB,44.275001525878906,44.880001068115234,44.275001525878906,44.85499954223633,10673800
2025-10-03,XLB,44.845001220703125,45.16999816894531,44.79999923706055,44.93000030517578,9827600
2025-10-06,XLB,44.95500183105469,45.1349983215332,44.79499816894531,44.88999938964844,8937800
2025-10-07,XLB,44.959999084472656,45.13999938964844,44.54999923706055,44.709999084472656,11308800
2025-10-08,XLB,44.92499923706055,45.119998931884766,44.744998931884766,44.95000076293945,12184200
2025-10-09,XLB,45.125,45.21500015258789,44.224998474121094,44.334999084472656,13231800
2025-10-10,XLB,44.41999816894531,44.52000045776367,43.41999816894531,43.42499923706055,22262600
2025-10-13,XLB,44.01499938964844,44.400001525878906,43.88999938964844,44.1150016784668,11979800
2025-10-14,XLB,43.709999084472656,44.75,43.625,44.55500030517578,10797400
2025-10-15,XLB,44.7400016784668,45.0,44.1150016784668,44.35499954223633,10555800
2025-10-16,XLB,44.57500076293945,44.57500076293945,43.79999923706055,44.025001525878906,13389600
2025-10-17,XLB,43.994998931884766,44.189998626708984,43.70500183105469,43.939998626708984,12791000
2025-10-20,XLB,44.33000183105469,44.5,44.189998626708984,44.46500015258789,8425400
2025-10-21,XLB,44.1349983215332,44.45500183105469,43.994998931884766,44.29499816894531,9335800
2025-10-22,XLB,44.13999938964844,44.42499923706055,43.98500061035156,44.15999984741211,13133000
2025-10-23,XLB,44.47999954223633,44.80500030517578,44.369998931884766,44.689998626708984,10682600
2025-10-24,XLB,44.625,44.79499816894531,44.46500015258789,44.505001068115234,13450400
2025-10-27,XLB,44.48500061035156,44.689998626708984,44.29499816894531,44.48500061035156,11936600
2025-10-28,XLB,44.45500183105469,44.77000045776367,44.380001068115234,44.54499816894531,13049400
2025-10-29,XLB,44.375,44.5099983215332,43.59000015258789,43.66999816894531,20990000
2025-10-30,XLB,43.375,43.52000045776367,43.060001373291016,43.084999084472656,20798600
2025-10-31,XLB,42.85499954223633,43.04999923706055,42.52000045776367,42.834999084472656,17528800
2025-11-03,XLB,42.790000915527344,42.84000015258789,42.14500045776367,42.56999969482422,24127400
2025-11-04,XLB,42.26499938964844,42.540000915527344,42.03499984741211,42.36000061035156,22164800
2025-11-05,XLB,42.60499954223633,42.81999969482422,42.47999954223633,42.61000061035156,18828400
2025-11-06,XLB,42.71500015258789,42.92499923706055,42.369998931884766,42.400001525878906,22407400
2025-11-07,XLB,42.5099983215332,42.994998931884766,42.35499954223633,42.90999984741211,17975200
2025-11-10,XLB,43.19499969482422,43.40999984741211,42.834999084472656,43.314998626708984,15233400
2025-11-11,XLB,43.494998931884766,43.85499954223633,43.39500045776367,43.76499938964844,11641400
2025-11-12,XLB,43.900001525878906,44.334999084472656,43.86000061035156,44.07500076293945,13923800
2025-11-13,XLB,44.084999084472656,44.220001220703125,43.75,43.78499984741211,17940400
2025-11-14,XLB,43.474998474121094,43.72999954223633,43.31999969482422,43.3849983215332,12830000
2025-11-17,XLB,43.279998779296875,43.400001525878906,42.665000915527344,42.724998474121094,14150800
2025-11-18,XLB,42.77000045776367,43.060001373291016,42.529998779296875,42.7599983215332,20615000
2025-11-19,XLB,43.02000045776367,43.04999923706055,42.599998474121094,42.869998931884766,15385800
2025-11-20,XLB,43.165000915527344,43.35499954223633,42.21500015258789,42.22999954223633,22669200
2025-11-21,XLB,42.439998626708984,43.505001068115234,42.35499954223633,43.17499923706055,20989200
2025-11-24,XLB,43.14500045776367,43.36000061035156,42.959999084472656,43.2599983215332,14549600
2025-11-25,XLB,43.48500061035156,44.005001068115234,43.45500183105469,43.904998779296875,12455800
2025-11-26,XLB,43.939998626708984,44.560001373291016,43.91999816894531,44.44499969482422,9895200
2025-11-28,XLB,44.564998626708984,44.875,44.45500183105469,44.70000076293945,4786800
2025-12-01,XLB,44.63999938964844,44.97999954223633,44.564998626708984,44.59000015258789,13367800
2025-12-02,XLB,44.68000030517578,44.68000030517578,43.92499923706055,44.185001373291016,12905800
2025-12-03,XLB,44.380001068115234,44.625,44.345001220703125,44.494998931884766,11841600
2025-12-04,XLB,44.380001068115234,44.505001068115234,44.125,44.23500061035156,9912600
2025-12-05,XLB,44.34000015258789,44.63999938964844,44.09000015258789,44.09000015258789,7134000
2025-12-08,XLB,44.08000183105469,44.099998474121094,43.45000076293945,43.47999954223633,11389100
2025-12-09,XLB,43.41999816894531,43.81999969482422,43.369998931884766,43.38999938964844,8801100
2025-12-10,XLB,43.349998474121094,44.34000015258789,43.349998474121094,44.2400016784668,10919500
2025-12-11,XLB,44.290000915527344,45.220001220703125,44.290000915527344,45.119998931884766,11009200
2025-12-12,XLB,45.5099983215332,45.58000183105469,44.970001220703125,45.150001525878906,14078600
2025-12-15,XLB,45.41999816894531,45.439998626708984,44.849998474121094,45.119998931884766,9228800
2025-12-16,XLB,45.18000030517578,45.209999084472656,44.720001220703125,45.0,9742300
2025-12-17,XLB,45.0099983215332,45.369998931884766,44.939998626708984,45.189998626708984,10935000
2025-12-18,XLB,45.27000045776367,45.630001068115234,45.130001068115234,45.16999816894531,8978100
2025-12-19,XLB,45.20000076293945,45.540000915527344,45.09000015258789,45.369998931884766,10358000
2025-12-22,XLB,45.38999938964844,45.709999084472656,45.33000183105469,45.66999816894531,9862300
2025-12-23,XLB,45.779998779296875,45.79999923706055,45.540000915527344,45.75,8424800
2025-12-24,XLB,45.72999954223633,45.88999938964844,45.61000061035156,45.84000015258789,2767600
2025-12-26,XLB,45.95000076293945,46.13999938964844,45.86000061035156,46.11000061035156,5035800
2025-12-29,XLB,45.7400016784668,45.86000061035156,45.540000915527344,45.7400016784668,6370400
2025-12-30,XLB,45.810001373291016,45.849998474121094,45.630001068115234,45.72999954223633,4432100
2025-12-31,XLB,45.61000061035156,45.66999816894531,45.33000183105469,45.349998474121094,5704300
2026-01-02,XLB,45.52000045776367,46.18000030517578,45.27000045776367,46.119998931884766,18031000
2026-01-05,XLB,46.02000045776367,46.72999954223633,46.0,46.58000183105469,22033700
2026-01-06,XLB,46.72999954223633,47.630001068115234,46.689998626708984,47.5,18351400
2026-01-07,XLB,47.34000015258789,47.560001373291016,46.630001068115234,46.68000030517578,16963400
2026-01-08,XLB,46.40999984741211,47.630001068115234,46.27000045776367,47.5,14918900
2026-01-09,XLB,47.59000015258789,48.290000915527344,47.560001373291016,48.2599983215332,11769700
2026-01-12,XLB,48.369998931884766,48.61000061035156,48.20000076293945,48.52000045776367,12672800
2026-01-13,XLB,48.599998474121094,48.7599983215332,48.38999938964844,48.72999954223633,10797500
2026-01-14,XLB,48.75,49.13999938964844,48.630001068115234,48.75,16029700
2026-01-15,XLB,48.77000045776367,49.11000061035156,48.61000061035156,48.959999084472656,17883600
2026-01-16,XLB,48.56999969482422,48.720001220703125,48.36000061035156,48.68000030517578,10769100
2026-01-20,XLB,48.349998474121094,48.52000045776367,48.02000045776367,48.189998626708984,17363800
2026-01-21,XLB,48.81999969482422,49.380001068115234,48.66999816894531,49.2400016784668,16940400
2026-01-22,XLB,49.369998931884766,49.83000183105469,49.349998474121094,49.52000045776367,14648300
2026-01-23,XLB,49.459999084472656,49.9900016784668,49.36000061035156,49.970001220703125,19550700
2026-01-26,XLB,50.41999816894531,50.47999954223633,50.02000045776367,50.029998779296875,13900900
2026-01-27,XLB,49.869998931884766,50.18000030517578,49.68000030517578,49.97999954223633,10123800
2026-01-28,XLB,50.119998931884766,50.209999084472656,49.540000915527344,49.95000076293945,13517200
2026-01-29,XLB,50.45000076293945,50.619998931884766,49.290000915527344,50.0,20503700
2026-01-30,XLB,49.220001220703125,49.650001525878906,48.810001373291016,49.27000045776367,28082600
2026-02-02,XLB,49.25,49.810001373291016,49.20000076293945,49.650001525878906,25155300
2026-02-03,XLB,50.18000030517578,51.220001220703125,50.060001373291016,50.70000076293945,34077400
2026-02-04,XLB,51.0099983215332,52.02000045776367,51.0099983215332,51.88999938964844,35878600
2026-02-05,XLB,51.380001068115234,51.52000045776367,50.36000061035156,50.5,25667300
2026-02-06,XLB,50.86000061035156,51.619998931884766,50.86000061035156,51.5099983215332,14367300
2026-02-09,XLB,51.470001220703125,52.310001373291016,51.27000045776367,52.18000030517578,12325200
2026-02-10,XLB,52.150001525878906,52.9900016784668,52.119998931884766,52.90999984741211,18381400
2026-02-11,XLB,53.11000061035156,53.66999816894531,53.11000061035156,53.619998931884766,24891300
2026-02-12,XLB,53.66999816894531,54.13999938964844,52.7400016784668,52.83000183105469,30108100
2026-02-13,XLB,52.540000915527344,53.63999938964844,52.439998626708984,53.310001373291016,19918900
2026-02-17,XLB,52.70000076293945,52.970001220703125,52.08000183105469,52.70000076293945,20404700
2026-02-18,XLB,53.0,53.34000015258789,52.7400016784668,53.02000045776367,11992700
2026-02-19,XLB,52.650001525878906,53.16999816894531,52.43000030517578,52.83000183105469,18340200
2026-02-20,XLB,52.619998931884766,53.25,52.31999969482422,52.959999084472656,17810500
2026-02-23,XLB,52.4900016784668,53.099998474121094,52.36000061035156,52.959999084472656,17353800
2026-02-24,XLB,52.959999084472656,53.5,52.90999984741211,53.36000061035156,13452200
2026-02-25,XLB,53.72999954223633,53.75,52.66999816894531,53.060001373291016,12379300
2026-02-26,XLB,52.88999938964844,53.119998931884766,52.349998474121094,53.0,15645100
2026-02-27,XLB,52.86000061035156,53.4900016784668,52.66999816894531,53.40999984741211,12122700
2026-03-02,XLB,53.06999969482422,53.38999938964844,52.5099983215332,53.25,19444500
2026-03-03,XLB,51.66999816894531,52.09000015258789,50.689998626708984,51.939998626708984,27307900
2026-03-04,XLB,52.31999969482422,52.380001068115234,51.68000030517578,51.91999816894531,17141500
2026-03-05,XLB,51.599998474121094,51.779998779296875,50.5099983215332,50.83000183105469,19897300
2026-03-06,XLB,50.310001373291016,50.36000061035156,49.439998626708984,49.86000061035156,23170700
2026-03-09,XLB,49.2599983215332,50.189998626708984,48.599998474121094,49.9900016784668,22461900
2026-03-10,XLB,49.9900016784668,50.41999816894531,49.630001068115234,49.880001068115234,19215000
2026-03-11,XLB,49.72999954223633,49.88999938964844,49.279998779296875,49.84000015258789,12570900
2026-03-12,XLB,49.790000915527344,50.22999954223633,49.630001068115234,49.68000030517578,19572900
2026-03-13,XLB,50.029998779296875,50.130001068115234,49.0099983215332,49.189998626708984,17240300
2026-03-16,XLB,49.459999084472656,49.77000045776367,49.09000015258789,49.400001525878906,15641100
2026-03-17,XLB,49.68000030517578,49.97999954223633,49.47999954223633,49.52000045776367,12770300
2026-03-18,XLB,49.18000030517578,49.279998779296875,48.47999954223633,48.47999954223633,16432400
2026-03-19,XLB,47.63999938964844,48.0,47.220001220703125,47.7400016784668,23546600
2026-03-20,XLB,47.849998474121094,47.959999084472656,46.72999954223633,46.97999954223633,19735100
2026-03-23,XLB,47.400001525878906,48.150001525878906,47.36000061035156,47.54999923706055,19208000
2026-03-24,XLB,47.279998779296875,48.790000915527344,47.2400016784668,48.45000076293945,15814600
2026-03-25,XLB,49.0,49.45000076293945,48.66999816894531,49.40999984741211,15047100
2026-03-26,XLB,48.970001220703125,49.72999954223633,48.970001220703125,49.09000015258789,12903500
2026-03-27,XLB,49.040000915527344,49.290000915527344,48.779998779296875,48.90999984741211,10746100
2026-03-30,XLB,49.5099983215332,49.7400016784668,48.900001525878906,49.09000015258789,16612900
2026-03-31,XLB,49.52000045776367,50.22999954223633,49.290000915527344,49.970001220703125,20487800
2026-04-01,XLB,50.34000015258789,50.65999984741211,50.16999816894531,50.459999084472656,19966800
2026-04-02,XLB,50.08000183105469,50.91999816894531,49.90999984741211,50.40999984741211,13799900
2026-04-06,XLB,50.209999084472656,50.43000030517578,49.849998474121094,50.220001220703125,8885600
2026-04-07,XLB,50.119998931884766,50.31999969482422,49.68000030517578,50.08000183105469,9953400
2026-04-08,XLB,51.08000183105469,51.779998779296875,50.77000045776367,51.75,14354000
2026-04-09,XLB,51.560001373291016,52.06999969482422,51.470001220703125,51.66999816894531,7658500
2026-04-10,XLB,51.93000030517578,52.220001220703125,51.880001068115234,51.959999084472656,6138500
2026-04-13,XLB,51.689998626708984,52.2599983215332,51.560001373291016,52.189998626708984,9890600
2026-04-14,XLB,52.2599983215332,52.2599983215332,51.650001525878906,52.0099983215332,8273900
2026-04-15,XLB,51.900001525878906,51.900001525878906,51.2400016784668,51.380001068115234,20300500
2026-04-16,XLB,51.52000045776367,51.970001220703125,51.4900016784668,51.75,12382700
2026-04-17,XLB,51.599998474121094,52.369998931884766,51.470001220703125,51.880001068115234,11796000
2026-04-20,XLB,51.84000015258789,52.400001525878906,51.66999816894531,52.22999954223633,8558000
2026-04-21,XLB,52.25,52.56999969482422,51.63999938964844,51.77000045776367,9557700
2026-04-22,XLB,52.2400016784668,52.41999816894531,51.70000076293945,51.83000183105469,8933000
2026-04-23,XLB,51.709999084472656,51.900001525878906,51.279998779296875,51.810001373291016,13728200
2026-04-24,XLB,51.75,52.0,51.33000183105469,51.91999816894531,7420300
2026-04-27,XLB,52.0,52.18000030517578,51.61000061035156,51.779998779296875,8025900
2026-04-28,XLB,51.880001068115234,51.97999954223633,51.0099983215332,51.400001525878906,9073000
2026-04-29,XLB,51.4900016784668,51.5099983215332,50.88999938964844,50.959999084472656,7053300
2026-04-30,XLB,50.91999816894531,51.709999084472656,50.79999923706055,51.470001220703125,15282700
2026-05-01,XLB,51.63999938964844,51.77000045776367,51.34000015258789,51.349998474121094,9358200
2026-05-04,XLB,51.15999984741211,51.2599983215332,50.5,50.650001525878906,10041600
2026-05-05,XLB,51.040000915527344,51.790000915527344,50.88999938964844,51.529998779296875,10775100
2026-05-06,XLB,52.31999969482422,52.66999816894531,52.13999938964844,52.40999984741211,10500300
2026-05-07,XLB,52.599998474121094,52.77000045776367,51.380001068115234,51.400001525878906,13026600
2026-05-08,XLB,51.810001373291016,51.90999984741211,51.5,51.59000015258789,7600000
2026-05-11,XLB,51.86000061035156,52.40999984741211,51.83000183105469,52.2599983215332,8586900
2026-05-12,XLB,52.0,52.290000915527344,51.459999084472656,52.13999938964844,11594700
2026-05-13,XLB,52.130001068115234,52.52000045776367,52.02000045776367,52.060001373291016,8455400
2026-05-14,XLB,52.119998931884766,52.25,51.599998474121094,51.66999816894531,10703400
2026-05-15,XLB,51.0099983215332,51.189998626708984,50.25,50.29999923706055,11192800
2026-05-18,XLB,50.33000183105469,50.720001220703125,50.06999969482422,50.220001220703125,10543700
2026-05-19,XLB,49.779998779296875,49.86000061035156,48.88999938964844,49.040000915527344,11881300
2026-05-20,XLB,48.9900016784668,49.779998779296875,48.900001525878906,49.720001220703125,20467000
2026-05-21,XLB,49.540000915527344,50.25,49.13999938964844,50.02000045776367,10235900
2026-05-22,XLB,50.33000183105469,50.5,49.9900016784668,50.290000915527344,6954600
2026-05-26,XLB,50.68000030517578,51.16999816894531,50.650001525878906,50.9900016784668,8241700
2026-05-27,XLB,51.0099983215332,51.369998931884766,50.97999954223633,51.18000030517578,9010300
2026-05-28,XLB,51.06999969482422,51.470001220703125,50.61000061035156,51.36000061035156,10566000
2026-05-29,XLB,51.279998779296875,51.58000183105469,51.11000061035156,51.150001525878906,11728000
2026-06-01,XLB,50.650001525878906,51.04999923706055,50.130001068115234,50.91999816894531,24538000
2026-06-02,XLB,50.81999969482422,51.66999816894531,50.720001220703125,51.52000045776367,19926800
2026-06-03,XLB,51.349998474121094,52.029998779296875,51.2400016784668,51.630001068115234,12438500
2026-06-04,XLB,51.83000183105469,52.20000076293945,51.439998626708984,51.619998931884766,9689200
2026-06-05,XLB,51.40999984741211,51.650001525878906,50.5,50.630001068115234,12395700
2026-06-08,XLB,50.61000061035156,50.810001373291016,49.90999984741211,49.959999084472656,10994300
2026-06-09,XLB,50.59000015258789,50.81999969482422,49.84000015258789,50.77000045776367,13510500
2026-06-10,XLB,50.75,50.86000061035156,49.56999969482422,49.599998474121094,9676500
2026-06-11,XLB,50.06999969482422,51.33000183105469,50.0,51.220001220703125,12442900
2026-06-12,XLB,51.709999084472656,52.36000061035156,51.52000045776367,52.18000030517578,15194700
2026-06-15,XLB,52.869998931884766,53.20000076293945,52.470001220703125,52.5,14993300
2026-06-16,XLB,52.689998626708984,53.09000015258789,52.63999938964844,52.720001220703125,8430000
2026-06-17,XLB,52.52000045776367,53.310001373291016,51.86000061035156,52.02000045776367,16228500
2026-06-18,XLB,52.220001220703125,52.43000030517578,51.7599983215332,51.810001373291016,11934100
2026-06-22,XLB,51.18000030517578,51.81999969482422,51.150001525878906,51.619998931884766,9088400
2026-06-23,XLB,51.06999969482422,51.47999954223633,50.790000915527344,50.869998931884766,10273400
2026-06-24,XLB,50.869998931884766,51.529998779296875,50.790000915527344,51.15999984741211,12425600
2026-06-25,XLB,51.40999984741211,52.189998626708984,51.27000045776367,51.84000015258789,9655000
2026-06-26,XLB,51.56999969482422,51.88999938964844,51.380001068115234,51.599998474121094,9233700
2026-06-29,XLB,51.279998779296875,51.400001525878906,50.25,50.65999984741211,12726100
2026-06-30,XLB,51.06999969482422,51.189998626708984,50.66999816894531,50.83000183105469,8329100
2026-07-01,XLB,50.720001220703125,51.470001220703125,50.47999954223633,51.02000045776367,14128800
2026-07-02,XLB,51.400001525878906,52.029998779296875,51.29999923706055,52.0099983215332,12373700
2026-07-06,XLB,51.91999816894531,52.040000915527344,51.349998474121094,51.97999954223633,20090500
2026-07-07,XLB,51.959999084472656,52.119998931884766,51.29999923706055,51.5099983215332,12304900
2026-07-08,XLB,51.0,51.040000915527344,49.88999938964844,50.15999984741211,13282200
2026-07-09,XLB,50.369998931884766,50.54999923706055,50.119998931884766,50.2599983215332,10529400
2026-07-10,XLB,50.290000915527344,51.11000061035156,50.290000915527344,50.88999938964844,7507300
2026-07-13,XLB,50.970001220703125,51.349998474121094,50.36000061035156,50.58000183105469,9031400
2026-07-14,XLB,51.150001525878906,51.45000076293945,50.59000015258789,50.63999938964844,8755500
2026-07-15,XLB,50.65999984741211,50.84000015258789,50.11000061035156,50.5,12323300
2026-07-16,XLB,50.310001373291016,50.93000030517578,50.279998779296875,50.88999938964844,7147400
2026-07-17,XLB,50.79999923706055,51.45000076293945,50.38999938964844,50.529998779296875,8670700
