Datetime,Ticker,Open,High,Low,Close,Volume
1998-12-22,XLE,11.65625,11.695313453674316,11.59375,11.632813453674316,30400
1998-12-23,XLE,11.671875,11.875,11.65625,11.875,135600
1998-12-24,XLE,11.90625,11.90625,11.796875,11.8125,24600
1998-12-28,XLE,11.875,11.875,11.671875,11.75,27000
1998-12-29,XLE,11.78125,11.867188453674316,11.671875,11.867188453674316,44000
1998-12-30,XLE,11.859375,11.859375,11.679688453674316,11.6875,43600
1998-12-31,XLE,11.671875,11.671875,11.609375,11.671875,26000
1999-01-04,XLE,11.640625,11.875,11.640625,11.664063453674316,57200
1999-01-05,XLE,11.734375,11.734375,11.585938453674316,11.601563453674316,85400
1999-01-06,XLE,11.734375,12.0,11.65625,11.984375,112800
1999-01-07,XLE,11.984375,11.992188453674316,11.789063453674316,11.929688453674316,145200
1999-01-08,XLE,12.0,12.28125,11.6875,11.984375,842200
1999-01-11,XLE,11.875,11.890625,11.71875,11.757813453674316,70000
1999-01-12,XLE,11.75,11.796875,11.5625,11.578125,178400
1999-01-13,XLE,11.375,11.59375,11.34375,11.40625,84800
1999-01-14,XLE,11.375,11.4375,11.1875,11.1875,140000
1999-01-15,XLE,11.28125,11.375,11.226563453674316,11.359375,21400
1999-01-19,XLE,11.40625,11.40625,11.265625,11.359375,25600
1999-01-20,XLE,11.296875,11.40625,11.257813453674316,11.265625,31600
1999-01-21,XLE,11.265625,11.453125,11.25,11.359375,47800
1999-01-22,XLE,11.375,11.40625,11.28125,11.296875,38600
1999-01-25,XLE,11.34375,11.34375,11.1875,11.28125,36400
1999-01-26,XLE,11.296875,11.296875,11.078125,11.171875,51400
1999-01-27,XLE,11.1875,11.1875,10.9375,10.96875,74200
1999-01-28,XLE,11.0,11.0,10.8125,10.90625,61600
1999-01-29,XLE,10.84375,10.90625,10.71875,10.90625,37200
1999-02-01,XLE,10.90625,10.9375,10.796875,10.796875,46200
1999-02-02,XLE,10.8125,10.90625,10.765625,10.8125,53000
1999-02-03,XLE,10.875,11.125,10.875,11.0625,58800
1999-02-04,XLE,11.0625,11.15625,11.03125,11.125,52000
1999-02-05,XLE,11.15625,11.46875,11.09375,11.4375,132000
1999-02-08,XLE,11.484375,11.59375,11.46875,11.59375,62200
1999-02-09,XLE,11.609375,11.609375,11.375,11.375,128600
1999-02-10,XLE,11.421875,11.53125,11.34375,11.40625,138600
1999-02-11,XLE,11.359375,11.359375,11.140625,11.3125,433600
1999-02-12,XLE,11.1875,11.3125,11.078125,11.078125,484600
1999-02-16,XLE,11.164063453674316,11.21875,10.890625,11.0,73200
1999-02-17,XLE,10.9375,11.046875,10.875,10.890625,83400
1999-02-18,XLE,10.875,10.984375,10.765625,10.921875,166000
1999-02-19,XLE,10.96875,10.984375,10.765625,10.859375,260600
1999-02-22,XLE,10.9375,11.0,10.84375,10.96875,159000
1999-02-23,XLE,11.0,11.046875,10.875,10.875,619200
1999-02-24,XLE,10.90625,11.046875,10.828125,10.828125,69000
1999-02-25,XLE,10.820313453674316,10.953125,10.8125,10.882813453674316,89200
1999-02-26,XLE,10.921875,11.0,10.8125,10.8125,49800
1999-03-01,XLE,10.835938453674316,10.84375,10.671875,10.703125,26600
1999-03-02,XLE,10.71875,10.765625,10.546875,10.59375,110200
1999-03-03,XLE,10.6875,10.875,10.609375,10.828125,206600
1999-03-04,XLE,10.921875,11.28125,10.921875,11.21875,180800
1999-03-05,XLE,11.5,11.515625,11.3125,11.429688453674316,185400
1999-03-08,XLE,11.492188453674316,11.625,11.445313453674316,11.59375,215200
1999-03-09,XLE,11.46875,11.65625,11.421875,11.46875,158000
1999-03-10,XLE,11.515625,12.15625,11.515625,12.125,3467600
1999-03-11,XLE,12.5,12.625,12.125,12.296875,1818000
1999-03-12,XLE,12.4375,12.53125,12.125,12.25,1208600
1999-03-15,XLE,12.28125,12.3125,12.007813453674316,12.15625,1046000
1999-03-16,XLE,12.046875,12.15625,12.0,12.09375,546600
1999-03-17,XLE,12.15625,12.421875,12.125,12.40625,725600
1999-03-18,XLE,12.625,12.65625,12.46875,12.5625,665200
1999-03-19,XLE,12.625,12.640625,12.3125,12.390625,520800
1999-03-22,XLE,12.5,12.5625,12.367188453674316,12.46875,330000
1999-03-23,XLE,12.375,12.375,12.125,12.25,275800
1999-03-24,XLE,12.3125,12.359375,12.078125,12.1875,122200
1999-03-25,XLE,12.15625,12.28125,12.03125,12.21875,333000
1999-03-26,XLE,12.34375,12.4375,12.234375,12.375,89400
1999-03-29,XLE,12.6875,12.84375,12.671875,12.71875,168800
1999-03-30,XLE,12.640625,12.65625,12.453125,12.484375,121600
1999-03-31,XLE,12.578125,12.59375,12.296875,12.296875,134000
1999-04-01,XLE,12.3125,12.328125,12.148438453674316,12.28125,44000
1999-04-05,XLE,12.28125,12.625,12.28125,12.578125,116800
1999-04-06,XLE,12.546875,12.5625,12.359375,12.453125,85200
1999-04-07,XLE,12.4375,12.453125,12.234375,12.328125,1672800
1999-04-08,XLE,12.382813453674316,12.59375,12.335938453674316,12.453125,1704600
1999-04-09,XLE,12.460938453674316,12.75,12.445313453674316,12.6875,104800
1999-04-12,XLE,12.625,12.875,12.625,12.78125,125000
1999-04-13,XLE,12.703125,12.867188453674316,12.703125,12.765625,135600
1999-04-14,XLE,12.75,12.828125,12.609375,12.609375,54000
1999-04-15,XLE,12.6875,13.21875,12.6875,13.15625,518800
1999-04-16,XLE,13.296875,13.578125,13.1875,13.570313453674316,177000
1999-04-19,XLE,13.9375,14.171875,13.71875,13.734375,491000
1999-04-20,XLE,13.78125,13.78125,13.382813453674316,13.515625,772800
1999-04-21,XLE,13.4375,13.53125,13.1875,13.3125,362400
1999-04-22,XLE,13.28125,13.546875,13.125,13.546875,791800
1999-04-23,XLE,13.492188453674316,13.5,13.273438453674316,13.375,32600
1999-04-26,XLE,13.28125,13.28125,13.007813453674316,13.078125,595600
1999-04-27,XLE,13.226563453674316,13.5,13.21875,13.492188453674316,164800
1999-04-28,XLE,13.5625,14.140625,13.5625,13.9375,207400
1999-04-29,XLE,13.40625,14.4375,13.375,14.359375,480200
1999-04-30,XLE,14.1875,14.3125,14.0,14.117188453674316,1932200
1999-05-03,XLE,14.125,14.46875,14.0,14.46875,553200
1999-05-04,XLE,14.484375,14.5625,14.367188453674316,14.484375,717000
1999-05-05,XLE,14.46875,14.46875,14.078125,14.273438453674316,762000
1999-05-06,XLE,14.34375,14.375,14.015625,14.234375,805000
1999-05-07,XLE,14.140625,14.335938453674316,14.054688453674316,14.320313453674316,721400
1999-05-10,XLE,14.304688453674316,14.453125,14.15625,14.15625,541400
1999-05-11,XLE,14.25,14.265625,14.125,14.203125,143200
1999-05-12,XLE,13.875,14.0,13.625,13.9375,1063400
1999-05-13,XLE,14.03125,14.15625,13.9375,14.007813453674316,529400
1999-05-14,XLE,13.9375,14.03125,13.828125,13.90625,509800
1999-05-17,XLE,13.71875,13.890625,13.6875,13.851563453674316,211600
1999-05-18,XLE,13.71875,13.75,13.507813453674316,13.53125,67600
1999-05-19,XLE,13.640625,13.796875,13.507813453674316,13.71875,561400
1999-05-20,XLE,13.671875,13.921875,13.671875,13.875,295000
1999-05-21,XLE,13.9375,14.171875,13.84375,14.09375,430200
1999-05-24,XLE,14.15625,14.296875,13.757813453674316,13.757813453674316,620600
1999-05-25,XLE,13.78125,14.09375,13.703125,13.703125,902000
1999-05-26,XLE,13.890625,14.140625,13.8125,14.09375,129400
1999-05-27,XLE,14.0,14.1875,13.671875,13.671875,153400
1999-05-28,XLE,13.703125,13.90625,13.65625,13.8125,215600
1999-06-01,XLE,13.78125,13.78125,13.507813453674316,13.734375,843000
1999-06-02,XLE,13.789063453674316,13.921875,13.789063453674316,13.890625,64000
1999-06-03,XLE,14.046875,14.125,13.9375,13.9375,86600
1999-06-04,XLE,14.078125,14.15625,13.9375,14.15625,45000
1999-06-07,XLE,14.171875,14.367188453674316,14.140625,14.320313453674316,364600
1999-06-08,XLE,14.25,14.296875,14.09375,14.09375,339600
1999-06-09,XLE,14.078125,14.234375,14.0625,14.125,28800
1999-06-10,XLE,14.1875,14.265625,14.0625,14.203125,244200
1999-06-11,XLE,14.28125,14.375,14.21875,14.3125,163400
1999-06-14,XLE,14.375,14.46875,14.265625,14.4375,542000
1999-06-15,XLE,14.46875,14.671875,14.382813453674316,14.617188453674316,302600
1999-06-16,XLE,14.6875,14.6875,14.421875,14.46875,457600
1999-06-17,XLE,14.375,14.53125,14.34375,14.484375,128600
1999-06-18,XLE,14.5,14.5625,14.390625,14.4375,119600
1999-06-21,XLE,14.40625,14.40625,13.984375,14.101563453674316,175000
1999-06-22,XLE,13.9375,14.039063453674316,13.921875,13.953125,502000
1999-06-23,XLE,14.0625,14.125,14.007813453674316,14.0625,523600
1999-06-24,XLE,13.96875,13.96875,13.757813453674316,13.828125,465000
1999-06-25,XLE,13.828125,13.828125,13.6875,13.71875,531000
1999-06-28,XLE,13.703125,13.757813453674316,13.585938453674316,13.632813453674316,111200
1999-06-29,XLE,13.632813453674316,13.828125,13.578125,13.820313453674316,137400
1999-06-30,XLE,13.875,14.109375,13.875,14.023438453674316,216000
1999-07-01,XLE,14.0625,14.15625,13.984375,14.132813453674316,66400
1999-07-02,XLE,14.140625,14.226563453674316,14.046875,14.179688453674316,103200
1999-07-06,XLE,14.25,14.554688453674316,14.25,14.445313453674316,97600
1999-07-07,XLE,14.421875,14.421875,14.296875,14.40625,241200
1999-07-08,XLE,14.5,14.609375,14.476563453674316,14.5,188600
1999-07-09,XLE,14.445313453674316,14.546875,14.40625,14.492188453674316,51400
1999-07-12,XLE,14.625,14.640625,14.5,14.640625,184400
1999-07-13,XLE,14.515625,14.53125,14.40625,14.5,92400
1999-07-14,XLE,14.523438453674316,14.609375,14.421875,14.523438453674316,37600
1999-07-15,XLE,14.617188453674316,14.6875,14.53125,14.65625,66000
1999-07-16,XLE,14.546875,14.609375,14.46875,14.5625,54000
1999-07-19,XLE,14.53125,14.546875,14.390625,14.507813453674316,49200
1999-07-20,XLE,14.453125,14.46875,14.125,14.125,36800
1999-07-21,XLE,14.03125,14.289063453674316,14.0,14.28125,81000
1999-07-22,XLE,14.015625,14.09375,13.851563453674316,14.070313453674316,107000
1999-07-23,XLE,14.1875,14.226563453674316,14.085938453674316,14.140625,112600
1999-07-26,XLE,14.109375,14.21875,13.875,13.875,143600
1999-07-27,XLE,13.96875,14.03125,13.835938453674316,13.875,59400
1999-07-28,XLE,13.890625,14.125,13.796875,14.078125,28400
1999-07-29,XLE,13.984375,14.109375,13.953125,13.992188453674316,58800
1999-07-30,XLE,14.21875,14.375,14.1875,14.289063453674316,81200
1999-08-02,XLE,14.195313453674316,14.226563453674316,13.976563453674316,13.976563453674316,27000
1999-08-03,XLE,14.101563453674316,14.15625,14.0,14.15625,49000
1999-08-04,XLE,14.132813453674316,14.414063453674316,14.132813453674316,14.351563453674316,58200
1999-08-05,XLE,14.460938453674316,14.625,14.421875,14.601563453674316,117200
1999-08-06,XLE,14.6875,14.75,14.546875,14.578125,80800
1999-08-09,XLE,14.75,14.929688453674316,14.664063453674316,14.929688453674316,203400
1999-08-10,XLE,14.929688453674316,14.96875,14.6875,14.84375,122800
1999-08-11,XLE,14.796875,14.9375,14.632813453674316,14.9375,211800
1999-08-12,XLE,14.84375,15.085938453674316,14.84375,14.96875,293600
1999-08-13,XLE,14.914063453674316,14.953125,14.84375,14.921875,446800
1999-08-16,XLE,14.851563453674316,14.851563453674316,14.648438453674316,14.773438453674316,1744000
1999-08-17,XLE,14.765625,14.882813453674316,14.734375,14.882813453674316,1101400
1999-08-18,XLE,14.765625,14.890625,14.757813453674316,14.773438453674316,1350800
1999-08-19,XLE,14.703125,14.921875,14.703125,14.875,504800
1999-08-20,XLE,14.84375,14.960938453674316,14.820313453674316,14.921875,83200
1999-08-23,XLE,14.953125,15.03125,14.890625,15.0,196800
1999-08-24,XLE,14.867188453674316,14.90625,14.789063453674316,14.90625,761400
1999-08-25,XLE,14.96875,14.96875,14.679688453674316,14.835938453674316,585600
1999-08-26,XLE,14.71875,14.71875,14.4375,14.453125,111200
1999-08-27,XLE,14.5,14.554688453674316,14.359375,14.445313453674316,77800
1999-08-30,XLE,14.5,14.5,14.25,14.25,207200
1999-08-31,XLE,14.296875,14.554688453674316,14.28125,14.445313453674316,582400
1999-09-01,XLE,14.445313453674316,14.53125,14.398438453674316,14.40625,141600
1999-09-02,XLE,14.296875,14.351563453674316,14.15625,14.25,99800
1999-09-03,XLE,14.421875,14.46875,14.351563453674316,14.421875,30600
1999-09-07,XLE,14.390625,14.703125,14.390625,14.6875,299800
1999-09-08,XLE,14.65625,14.84375,14.59375,14.734375,97800
1999-09-09,XLE,14.867188453674316,15.148438453674316,14.867188453674316,15.0625,223600
1999-09-10,XLE,15.15625,15.15625,14.953125,15.015625,134600
1999-09-13,XLE,14.875,14.875,14.742188453674316,14.78125,322000
1999-09-14,XLE,14.125,14.8125,14.125,14.617188453674316,452400
1999-09-15,XLE,14.53125,14.59375,14.375,14.40625,56400
1999-09-16,XLE,14.4375,14.4375,14.28125,14.398438453674316,38600
1999-09-17,XLE,14.34375,14.484375,14.234375,14.46875,821800
1999-09-20,XLE,14.484375,14.484375,14.195313453674316,14.25,463600
1999-09-21,XLE,13.984375,14.046875,13.65625,13.78125,407000
1999-09-22,XLE,13.84375,14.0,13.789063453674316,13.796875,53800
1999-09-23,XLE,13.90625,13.96875,13.640625,13.640625,261200
1999-09-24,XLE,13.625,13.625,13.179688453674316,13.5,374400
1999-09-27,XLE,13.59375,13.71875,13.53125,13.625,293000
1999-09-28,XLE,13.515625,13.515625,13.125,13.40625,1388400
1999-09-29,XLE,13.390625,13.78125,13.390625,13.585938453674316,735600
1999-09-30,XLE,13.625,13.75,13.546875,13.71875,1219200
1999-10-01,XLE,13.75,13.75,13.625,13.671875,170200
1999-10-04,XLE,13.8125,13.8125,13.492188453674316,13.515625,136400
1999-10-05,XLE,13.390625,13.390625,13.0625,13.21875,132400
1999-10-06,XLE,13.3125,13.453125,13.265625,13.453125,138400
1999-10-07,XLE,13.3125,13.3125,13.140625,13.203125,441000
1999-10-08,XLE,13.09375,13.09375,12.84375,13.054688453674316,730800
1999-10-11,XLE,13.0625,13.265625,13.0625,13.25,368600
1999-10-12,XLE,13.359375,13.4375,13.273438453674316,13.320313453674316,91400
1999-10-13,XLE,13.375,13.5,13.375,13.40625,44400
1999-10-14,XLE,13.390625,13.484375,13.3125,13.359375,1125600
1999-10-15,XLE,13.15625,13.296875,13.0625,13.164063453674316,556200
1999-10-18,XLE,13.078125,13.203125,12.984375,13.1875,487000
1999-10-19,XLE,13.234375,13.335938453674316,13.226563453674316,13.226563453674316,527600
1999-10-20,XLE,13.296875,13.5,13.257813453674316,13.5,321400
1999-10-21,XLE,13.53125,13.5625,13.4375,13.5625,48200
1999-10-22,XLE,13.703125,13.851563453674316,13.671875,13.789063453674316,598000
1999-10-25,XLE,13.6875,13.71875,13.53125,13.5625,109200
1999-10-26,XLE,13.4375,13.5,13.25,13.25,33600
1999-10-27,XLE,13.304688453674316,13.414063453674316,13.25,13.359375,147600
1999-10-28,XLE,13.539063453674316,13.570313453674316,13.421875,13.421875,177600
1999-10-29,XLE,13.46875,13.546875,13.375,13.515625,197000
1999-11-01,XLE,13.53125,13.59375,13.46875,13.507813453674316,460800
1999-11-02,XLE,13.40625,13.5,13.359375,13.382813453674316,88000
1999-11-03,XLE,13.382813453674316,13.390625,13.25,13.3125,640400
1999-11-04,XLE,13.296875,13.367188453674316,13.039063453674316,13.101563453674316,48200
1999-11-05,XLE,13.140625,13.171875,12.6875,12.78125,232000
1999-11-08,XLE,12.890625,13.273438453674316,12.890625,13.265625,93400
1999-11-09,XLE,13.5,13.554688453674316,13.429688453674316,13.546875,230600
1999-11-10,XLE,13.671875,13.851563453674316,13.671875,13.84375,517400
1999-11-11,XLE,13.859375,13.859375,13.757813453674316,13.84375,435200
1999-11-12,XLE,13.65625,14.0,13.65625,13.9375,274200
1999-11-15,XLE,13.992188453674316,14.03125,13.9375,14.015625,53400
1999-11-16,XLE,14.15625,14.25,14.078125,14.25,156200
1999-11-17,XLE,14.296875,14.59375,14.296875,14.5,113800
1999-11-18,XLE,14.5625,14.578125,14.382813453674316,14.5,133000
1999-11-19,XLE,14.328125,14.375,14.171875,14.171875,358800
1999-11-22,XLE,14.242188453674316,14.28125,13.945313453674316,13.945313453674316,719800
1999-11-23,XLE,14.0,14.015625,13.625,13.65625,718600
1999-11-24,XLE,13.640625,13.828125,13.609375,13.828125,47000
1999-11-26,XLE,13.71875,13.78125,13.625,13.625,14800
1999-11-29,XLE,13.554688453674316,13.5625,13.476563453674316,13.515625,59000
1999-11-30,XLE,13.507813453674316,13.625,13.460938453674316,13.492188453674316,28600
1999-12-01,XLE,13.46875,13.757813453674316,13.46875,13.757813453674316,43400
1999-12-02,XLE,13.75,13.75,13.5625,13.625,107600
1999-12-03,XLE,13.625,13.757813453674316,13.546875,13.5625,497000
1999-12-06,XLE,13.59375,13.65625,13.46875,13.554688453674316,297200
1999-12-07,XLE,13.46875,13.53125,13.296875,13.296875,252000
1999-12-08,XLE,13.171875,13.4375,13.078125,13.4375,135800
1999-12-09,XLE,13.515625,13.59375,13.390625,13.546875,98200
1999-12-10,XLE,13.5,13.5,13.15625,13.15625,98000
1999-12-13,XLE,13.15625,13.375,13.09375,13.234375,89800
1999-12-14,XLE,13.140625,13.3125,13.109375,13.203125,1014600
1999-12-15,XLE,13.328125,13.625,13.328125,13.46875,436200
1999-12-16,XLE,13.515625,13.6875,13.507813453674316,13.601563453674316,124200
1999-12-17,XLE,13.59375,13.625,13.375,13.5,1911800
1999-12-20,XLE,13.4375,13.515625,13.1875,13.203125,1562600
1999-12-21,XLE,13.28125,13.40625,13.234375,13.242188453674316,1451600
1999-12-22,XLE,13.203125,13.28125,13.15625,13.171875,1210600
1999-12-23,XLE,13.265625,13.546875,13.265625,13.546875,288800
1999-12-27,XLE,13.625,14.0,13.453125,13.453125,2502400
1999-12-28,XLE,13.359375,13.59375,13.359375,13.46875,112200
1999-12-29,XLE,13.515625,13.703125,13.460938453674316,13.609375,94800
1999-12-30,XLE,13.53125,13.5625,13.4375,13.5,116400
1999-12-31,XLE,13.5,13.625,13.40625,13.546875,69600
2000-01-03,XLE,13.65625,13.65625,13.1875,13.28125,760600
2000-01-04,XLE,13.15625,13.15625,12.9375,13.03125,1444400
2000-01-05,XLE,13.0625,13.375,13.0,13.375,675600
2000-01-06,XLE,13.375,13.921875,13.375,13.890625,266200
2000-01-07,XLE,13.84375,14.203125,13.84375,14.039063453674316,936000
2000-01-10,XLE,14.039063453674316,14.039063453674316,13.8125,13.921875,244200
2000-01-11,XLE,13.921875,14.03125,13.78125,13.9375,289600
2000-01-12,XLE,13.921875,13.921875,13.78125,13.875,114600
2000-01-13,XLE,13.96875,14.15625,13.859375,14.117188453674316,298400
2000-01-14,XLE,14.046875,14.046875,13.84375,14.03125,71400
2000-01-18,XLE,13.9375,14.28125,13.9375,14.203125,221000
2000-01-19,XLE,14.15625,14.3125,14.140625,14.15625,380600
2000-01-20,XLE,14.203125,14.203125,13.96875,14.15625,688600
2000-01-21,XLE,14.46875,14.617188453674316,14.390625,14.546875,966600
2000-01-24,XLE,14.640625,14.6875,14.015625,14.03125,593000
2000-01-25,XLE,14.0625,14.734375,13.90625,14.0,115600
2000-01-26,XLE,13.90625,14.140625,13.78125,13.78125,93800
2000-01-27,XLE,13.828125,13.9375,13.320313453674316,13.5,3377600
2000-01-28,XLE,13.46875,13.484375,13.25,13.34375,66200
2000-01-31,XLE,13.09375,13.65625,13.0625,13.65625,203200
2000-02-01,XLE,13.65625,13.65625,13.5,13.625,228400
2000-02-02,XLE,13.65625,13.804688453674316,13.625,13.710938453674316,58800
2000-02-03,XLE,13.6875,13.6875,13.359375,13.546875,193600
2000-02-04,XLE,13.421875,13.5,13.078125,13.15625,131200
2000-02-07,XLE,13.15625,13.359375,13.15625,13.304688453674316,110600
2000-02-08,XLE,13.375,13.53125,13.1875,13.1875,198800
2000-02-09,XLE,13.0625,13.0625,12.75,12.75,172400
2000-02-10,XLE,12.875,13.21875,12.859375,13.015625,1230000
2000-02-11,XLE,13.140625,13.21875,12.65625,12.859375,415600
2000-02-14,XLE,12.9375,13.125,12.796875,13.0625,1046000
2000-02-15,XLE,13.3125,13.609375,13.21875,13.609375,601400
2000-02-16,XLE,13.578125,13.75,13.578125,13.671875,247800
2000-02-17,XLE,13.703125,13.742188453674316,13.46875,13.65625,176000
2000-02-18,XLE,13.59375,13.59375,13.21875,13.257813453674316,283400
2000-02-22,XLE,13.3125,13.3125,13.0,13.140625,149200
2000-02-23,XLE,13.03125,13.03125,12.703125,12.796875,152400
2000-02-24,XLE,12.625,12.71875,12.46875,12.65625,632000
2000-02-25,XLE,12.578125,12.765625,12.34375,12.40625,1325600
2000-02-28,XLE,12.53125,12.921875,12.3125,12.78125,912200
2000-02-29,XLE,12.8125,13.171875,12.8125,13.078125,160600
2000-03-01,XLE,13.007813453674316,13.453125,12.96875,13.40625,1761200
2000-03-02,XLE,13.445313453674316,13.703125,13.4375,13.65625,785400
2000-03-03,XLE,13.625,13.625,13.296875,13.4375,1223400
2000-03-06,XLE,13.34375,13.5,13.265625,13.359375,559600
2000-03-07,XLE,13.328125,14.28125,13.328125,14.28125,999000
2000-03-08,XLE,13.875,14.421875,13.875,14.046875,2178800
2000-03-09,XLE,13.84375,14.078125,13.6875,14.0625,716800
2000-03-10,XLE,14.0,14.34375,13.859375,13.875,1326200
2000-03-13,XLE,13.875,14.109375,13.609375,13.671875,701200
2000-03-14,XLE,13.59375,13.859375,13.5,13.84375,720800
2000-03-15,XLE,13.695313453674316,13.875,13.578125,13.78125,839000
2000-03-16,XLE,13.6875,14.390625,13.375,14.375,1132600
2000-03-17,XLE,14.3125,14.3125,13.882813453674316,13.890625,299600
2000-03-20,XLE,13.953125,13.953125,13.609375,13.671875,475000
2000-03-21,XLE,13.0,14.109375,13.0,14.109375,353000
2000-03-22,XLE,14.078125,14.171875,13.9375,14.0,83800
2000-03-23,XLE,13.90625,14.15625,13.828125,13.984375,83000
2000-03-24,XLE,14.09375,14.1875,13.96875,14.015625,322800
2000-03-27,XLE,13.96875,14.21875,13.796875,14.0625,438200
2000-03-28,XLE,14.09375,14.171875,13.90625,14.0,138600
2000-03-29,XLE,13.9375,14.78125,13.9375,14.734375,465600
2000-03-30,XLE,14.859375,15.109375,14.609375,14.734375,355800
2000-03-31,XLE,14.6875,14.992188453674316,14.65625,14.65625,1255800
2000-04-03,XLE,14.75,14.90625,14.695313453674316,14.90625,281400
2000-04-04,XLE,15.0,15.078125,14.46875,14.71875,829200
2000-04-05,XLE,14.742188453674316,14.78125,14.28125,14.28125,102600
2000-04-06,XLE,14.34375,14.6875,14.34375,14.65625,76000
2000-04-07,XLE,14.65625,14.6875,14.40625,14.429688453674316,510800
2000-04-10,XLE,14.34375,14.398438453674316,14.164063453674316,14.21875,54000
2000-04-11,XLE,14.21875,14.578125,14.21875,14.46875,975800
2000-04-12,XLE,14.53125,14.78125,14.476563453674316,14.59375,484400
2000-04-13,XLE,14.625,14.6875,14.507813453674316,14.5625,881600
2000-04-14,XLE,14.5625,14.6875,14.109375,14.25,3698200
2000-04-17,XLE,14.125,14.203125,13.757813453674316,13.90625,432200
2000-04-18,XLE,13.8125,14.023438453674316,13.8125,13.976563453674316,159200
2000-04-19,XLE,14.0,14.304688453674316,14.0,14.28125,755600
2000-04-20,XLE,14.28125,14.382813453674316,14.15625,14.304688453674316,471200
2000-04-24,XLE,14.40625,14.5,14.226563453674316,14.460938453674316,44000
2000-04-25,XLE,14.460938453674316,14.648438453674316,14.460938453674316,14.484375,861600
2000-04-26,XLE,14.53125,14.703125,14.453125,14.671875,859000
2000-04-27,XLE,14.5625,14.890625,14.507813453674316,14.875,55000
2000-04-28,XLE,14.84375,14.84375,14.4375,14.4375,106000
2000-05-01,XLE,14.59375,14.78125,14.515625,14.671875,69400
2000-05-02,XLE,14.671875,15.0,14.671875,14.882813453674316,296000
2000-05-03,XLE,14.875,14.875,14.5,14.5,158200
2000-05-04,XLE,14.59375,14.898438453674316,14.59375,14.875,88000
2000-05-05,XLE,14.875,15.054688453674316,14.8125,15.03125,71200
2000-05-08,XLE,14.9375,15.296875,14.9375,15.21875,166000
2000-05-09,XLE,15.375,15.390625,15.09375,15.226563453674316,244800
2000-05-10,XLE,15.21875,15.359375,15.109375,15.273438453674316,707400
2000-05-11,XLE,15.34375,15.773438453674316,15.34375,15.75,261600
2000-05-12,XLE,15.6875,15.8125,15.664063453674316,15.804688453674316,90200
2000-05-15,XLE,15.84375,16.15625,15.75,16.1328125,2556600
2000-05-16,XLE,16.0,16.0625,15.6875,15.820313453674316,1860800
2000-05-17,XLE,15.90625,15.90625,15.679688453674316,15.898438453674316,91200
2000-05-18,XLE,15.875,15.992188453674316,15.6875,15.875,1779400
2000-05-19,XLE,15.765625,15.992188453674316,15.695313453674316,15.90625,142800
2000-05-22,XLE,15.78125,15.960938453674316,15.773438453674316,15.773438453674316,216800
2000-05-23,XLE,15.75,15.875,15.609375,15.710938453674316,280600
2000-05-24,XLE,15.6875,15.804688453674316,15.53125,15.726563453674316,129600
2000-05-25,XLE,15.75,15.75,15.296875,15.4375,663600
2000-05-26,XLE,15.46875,15.679688453674316,15.445313453674316,15.445313453674316,69200
2000-05-30,XLE,15.546875,15.75,15.5,15.664063453674316,124800
2000-05-31,XLE,15.65625,16.15625,15.65625,16.1328125,229400
2000-06-01,XLE,16.078125,16.078125,15.6875,15.984375,82600
2000-06-02,XLE,15.9375,15.953125,15.34375,15.4375,99200
2000-06-05,XLE,15.34375,15.5,15.1875,15.21875,2246600
2000-06-06,XLE,15.296875,15.8125,15.296875,15.8125,131400
2000-06-07,XLE,15.75,15.804688453674316,15.515625,15.609375,75800
2000-06-08,XLE,15.578125,15.75,15.53125,15.6875,149000
2000-06-09,XLE,15.679688453674316,15.703125,15.5,15.585938453674316,259600
2000-06-12,XLE,15.5625,16.03125,15.5625,15.9375,515000
2000-06-13,XLE,15.96875,16.0625,15.890625,15.9375,714200
2000-06-14,XLE,16.03125,16.25,15.71875,15.914063453674316,432400
2000-06-15,XLE,15.984375,16.0,15.585938453674316,15.6875,502800
2000-06-16,XLE,15.6875,16.09375,15.6875,15.875,957000
2000-06-19,XLE,15.90625,16.03125,15.625,15.742188453674316,469400
2000-06-20,XLE,15.6875,15.734375,15.351563453674316,15.65625,180800
2000-06-21,XLE,15.5625,15.984375,15.53125,15.9375,321400
2000-06-22,XLE,16.0078125,16.0625,15.515625,15.515625,188600
2000-06-23,XLE,15.625,15.875,15.625,15.710938453674316,158000
2000-06-26,XLE,15.84375,15.84375,15.5,15.585938453674316,89000
2000-06-27,XLE,15.609375,15.609375,15.3125,15.476563453674316,29200
2000-06-28,XLE,15.382813453674316,15.4375,15.21875,15.34375,180200
2000-06-29,XLE,15.3125,15.5,15.28125,15.375,1088800
2000-06-30,XLE,15.296875,15.40625,15.046875,15.171875,255200
2000-07-03,XLE,15.09375,15.320313453674316,15.09375,15.265625,108000
2000-07-05,XLE,15.0,15.054688453674316,14.625,14.632813453674316,2064800
2000-07-06,XLE,14.84375,15.0625,14.78125,14.78125,435600
2000-07-07,XLE,14.90625,14.953125,14.8125,14.851563453674316,1044000
2000-07-10,XLE,14.84375,15.054688453674316,14.84375,14.921875,346600
2000-07-11,XLE,15.0,15.492188453674316,15.0,15.453125,142200
2000-07-12,XLE,15.5,15.523438453674316,15.25,15.25,308600
2000-07-13,XLE,15.109375,15.171875,14.9375,15.015625,137800
2000-07-14,XLE,15.09375,15.09375,14.84375,15.0,423400
2000-07-17,XLE,15.03125,15.09375,14.804688453674316,14.804688453674316,456000
2000-07-18,XLE,14.8125,15.09375,14.8125,14.9375,202000
2000-07-19,XLE,15.0,15.046875,14.828125,14.898438453674316,114400
2000-07-20,XLE,14.875,14.96875,14.75,14.75,371200
2000-07-21,XLE,14.78125,14.796875,14.453125,14.46875,75000
2000-07-24,XLE,14.625,14.625,14.234375,14.320313453674316,232600
2000-07-25,XLE,14.359375,14.5,14.140625,14.1875,975400
2000-07-26,XLE,14.328125,14.390625,14.21875,14.304688453674316,70000
2000-07-27,XLE,14.257813453674316,14.828125,14.257813453674316,14.796875,312400
2000-07-28,XLE,14.8125,14.90625,14.6875,14.6875,59000
2000-07-31,XLE,14.8125,14.875,14.578125,14.59375,534400
2000-08-01,XLE,14.71875,14.921875,14.71875,14.867188453674316,147800
2000-08-02,XLE,15.0,15.203125,14.984375,15.148438453674316,211600
2000-08-03,XLE,15.25,15.3125,14.9375,14.9375,88200
2000-08-04,XLE,14.9375,15.09375,14.828125,15.0,60000
2000-08-07,XLE,15.015625,15.296875,15.015625,15.195313453674316,69200
2000-08-08,XLE,15.1875,15.28125,15.15625,15.226563453674316,59600
2000-08-09,XLE,15.375,15.875,15.3125,15.5,97800
2000-08-10,XLE,15.515625,15.6875,15.515625,15.640625,108000
2000-08-11,XLE,15.75,15.75,15.507813453674316,15.625,316800
2000-08-14,XLE,15.65625,15.921875,15.625,15.84375,346200
2000-08-15,XLE,15.84375,16.046875,15.78125,15.78125,537800
2000-08-16,XLE,15.8125,16.0625,15.78125,16.0,85000
2000-08-17,XLE,16.1875,16.4375,16.1875,16.375,452400
2000-08-18,XLE,16.40625,16.40625,16.125,16.1875,1437600
2000-08-21,XLE,16.21875,16.25,16.125,16.25,156400
2000-08-22,XLE,16.25,16.375,16.171875,16.203125,1300000
2000-08-23,XLE,16.375,16.6875,16.375,16.625,406400
2000-08-24,XLE,16.6875,16.6875,16.21875,16.265625,478200
2000-08-25,XLE,16.28125,16.3125,16.09375,16.3125,523600
2000-08-28,XLE,16.203125,16.53125,16.15625,16.375,221600
2000-08-29,XLE,16.375,16.4609375,16.28125,16.390625,213000
2000-08-30,XLE,16.3125,16.390625,16.09375,16.25,331600
2000-08-31,XLE,16.25,16.3125,16.1328125,16.1875,157000
2000-09-01,XLE,16.140625,16.46875,16.140625,16.3515625,205400
2000-09-05,XLE,16.4375,16.5625,16.25,16.3515625,1445000
2000-09-06,XLE,16.4375,16.734375,16.4375,16.7109375,456000
2000-09-07,XLE,16.65625,16.71875,16.59375,16.6328125,208800
2000-09-08,XLE,16.59375,16.625,16.328125,16.4375,1784400
2000-09-11,XLE,16.4375,17.0,16.4375,16.9609375,1640600
2000-09-12,XLE,17.03125,17.0625,16.71875,16.9375,1106200
2000-09-13,XLE,16.96875,16.96875,16.640625,16.65625,219600
2000-09-14,XLE,16.65625,16.71875,16.5078125,16.609375,834600
2000-09-15,XLE,16.75,17.15625,16.75,16.96875,1525600
2000-09-18,XLE,17.1875,17.234375,17.0,17.0,411000
2000-09-19,XLE,17.03125,17.03125,16.515625,16.546875,7629000
2000-09-20,XLE,16.71875,16.7734375,16.21875,16.21875,2858400
2000-09-21,XLE,16.15625,16.203125,16.0078125,16.09375,9151200
2000-09-22,XLE,16.0078125,16.6875,15.8125,15.992188453674316,2939000
2000-09-25,XLE,15.9375,15.9375,15.5,15.75,1014400
2000-09-26,XLE,15.84375,16.15625,15.84375,16.125,930600
2000-09-27,XLE,16.15625,16.46875,16.03125,16.4296875,166400
2000-09-28,XLE,16.4609375,16.5,16.25,16.3671875,645200
2000-09-29,XLE,16.5,16.625,16.3828125,16.3828125,254400
2000-10-02,XLE,16.46875,16.7421875,16.46875,16.71875,629000
2000-10-03,XLE,16.6796875,16.7421875,16.59375,16.7109375,184400
2000-10-04,XLE,16.65625,16.65625,16.21875,16.21875,303600
2000-10-05,XLE,16.2109375,16.7421875,16.0,16.1953125,4559600
2000-10-06,XLE,16.3125,16.5,16.03125,16.125,1080000
2000-10-09,XLE,16.1875,16.453125,16.1875,16.375,2751600
2000-10-10,XLE,16.46875,16.90625,16.46875,16.7421875,2462800
2000-10-11,XLE,16.84375,17.15625,16.765625,16.8984375,797800
2000-10-12,XLE,17.0,17.296875,17.0,17.15625,4065600
2000-10-13,XLE,17.15625,17.375,16.4375,16.5,608200
2000-10-16,XLE,16.4453125,16.4765625,16.2890625,16.34375,656200
2000-10-17,XLE,16.5,16.625,16.3515625,16.3515625,1022800
2000-10-18,XLE,16.4375,16.5,16.125,16.1328125,2834400
2000-10-19,XLE,16.15625,16.40625,16.03125,16.2109375,1954800
2000-10-20,XLE,16.09375,16.53125,16.09375,16.53125,977200
2000-10-23,XLE,16.5625,16.5625,16.234375,16.265625,411000
2000-10-24,XLE,16.28125,16.3125,15.976563453674316,15.992188453674316,160600
2000-10-25,XLE,16.0625,16.0625,15.5625,15.601563453674316,794400
2000-10-26,XLE,15.8125,15.875,15.59375,15.671875,901800
2000-10-27,XLE,15.84375,15.84375,15.4375,15.5625,684400
2000-10-30,XLE,15.65625,15.875,15.5,15.828125,753200
2000-10-31,XLE,15.96875,16.0078125,15.703125,15.9375,926600
2000-11-01,XLE,16.0625,16.453125,16.0625,16.453125,4240200
2000-11-02,XLE,16.3671875,16.3671875,15.8125,15.875,236000
2000-11-03,XLE,15.875,15.992188453674316,15.71875,15.8125,683600
2000-11-06,XLE,15.8125,15.976563453674316,15.625,15.875,1016200
2000-11-07,XLE,15.9375,16.1875,15.9375,16.0,485200
2000-11-08,XLE,16.0625,16.21875,16.046875,16.15625,120400
2000-11-09,XLE,16.2265625,16.28125,15.867188453674316,15.984375,608200
2000-11-10,XLE,16.1875,16.2734375,15.6875,16.03125,670400
2000-11-13,XLE,16.1328125,16.2421875,15.757813453674316,15.90625,100000
2000-11-14,XLE,15.78125,16.140625,15.78125,16.0,96400
2000-11-15,XLE,16.109375,16.375,16.109375,16.3125,142600
2000-11-16,XLE,16.28125,16.46875,16.2578125,16.375,310800
2000-11-17,XLE,16.25,16.359375,16.171875,16.2421875,341200
2000-11-20,XLE,16.28125,16.4375,16.1640625,16.1640625,435200
2000-11-21,XLE,16.1875,16.53125,16.1875,16.53125,635200
2000-11-22,XLE,16.4375,16.4375,16.21875,16.265625,485200
2000-11-24,XLE,16.3828125,16.5,16.3125,16.5,100000
2000-11-27,XLE,16.40625,16.5,16.296875,16.3671875,91800
2000-11-28,XLE,16.4296875,16.5625,16.34375,16.3515625,99800
2000-11-29,XLE,16.421875,16.421875,15.609375,15.632813453674316,1523600
2000-11-30,XLE,15.71875,15.71875,14.953125,15.101563453674316,2520000
2000-12-01,XLE,15.125,15.5625,15.09375,15.4375,619200
2000-12-04,XLE,15.5625,15.78125,15.5,15.703125,402600
2000-12-05,XLE,15.65625,15.84375,15.375,15.375,333400
2000-12-06,XLE,15.375,15.4375,15.0625,15.25,1018400
2000-12-07,XLE,15.5,15.554688453674316,15.382813453674316,15.5,446800
2000-12-08,XLE,15.34375,15.5,15.15625,15.492188453674316,97200
2000-12-11,XLE,15.40625,15.625,15.34375,15.539063453674316,124800
2000-12-12,XLE,15.5625,15.71875,15.546875,15.71875,249800
2000-12-13,XLE,15.84375,15.90625,15.65625,15.75,388400
2000-12-14,XLE,15.71875,15.726563453674316,15.226563453674316,15.265625,113200
2000-12-15,XLE,15.25,15.53125,15.25,15.398438453674316,1258200
2000-12-18,XLE,15.46875,15.929688453674316,15.46875,15.875,408600
2000-12-19,XLE,15.84375,16.203125,15.84375,16.1484375,516800
2000-12-20,XLE,15.8125,15.953125,15.65625,15.671875,381800
2000-12-21,XLE,15.8125,15.882813453674316,15.726563453674316,15.789063453674316,659800
2000-12-22,XLE,15.84375,16.0,15.757813453674316,16.0,116800
2000-12-26,XLE,16.03125,16.6796875,16.03125,16.671875,1934200
2000-12-27,XLE,16.78125,16.796875,16.5078125,16.65625,582400
2000-12-28,XLE,16.78125,16.9453125,16.640625,16.9296875,135000
2000-12-29,XLE,16.9140625,16.96875,16.578125,16.59375,370800
2001-01-02,XLE,16.875,17.0546875,16.6328125,16.6328125,797000
2001-01-03,XLE,16.78125,16.78125,16.125,16.125,1038200
2001-01-04,XLE,15.9375,16.125,15.53125,15.625,773000
2001-01-05,XLE,15.625,16.09375,15.625,15.960938453674316,849200
2001-01-08,XLE,16.15625,16.15625,15.84375,15.90625,743200
2001-01-09,XLE,16.0,16.0,15.539063453674316,15.585938453674316,264000
2001-01-10,XLE,15.6875,15.734375,15.546875,15.6875,255200
2001-01-11,XLE,15.71875,16.0,15.71875,15.859375,97200
2001-01-12,XLE,15.6875,15.898438453674316,15.65625,15.757813453674316,60200
2001-01-16,XLE,15.90625,15.9375,15.65625,15.75,66800
2001-01-17,XLE,15.9375,15.9375,15.53125,15.671875,191400
2001-01-18,XLE,15.53125,15.625,15.25,15.375,744000
2001-01-19,XLE,15.15625,15.40625,15.09375,15.304688453674316,643800
2001-01-22,XLE,15.40625,15.5,15.304688453674316,15.46875,78800
2001-01-23,XLE,15.53125,15.742188453674316,15.453125,15.710938453674316,123400
2001-01-24,XLE,15.84375,15.84375,15.65625,15.695313453674316,94600
2001-01-25,XLE,15.84375,16.2109375,15.84375,16.1640625,225600
2001-01-26,XLE,16.21875,16.3359375,15.875,15.890625,344400
2001-01-29,XLE,15.949999809265137,15.949999809265137,15.760000228881836,15.760000228881836,126400
2001-01-30,XLE,15.885000228881836,15.9350004196167,15.645000457763672,15.895000457763672,469600
2001-01-31,XLE,16.0,16.100000381469727,15.899999618530273,16.065000534057617,198000
2001-02-01,XLE,16.065000534057617,16.065000534057617,15.774999618530273,15.859999656677246,692200
2001-02-02,XLE,15.970000267028809,16.155000686645508,15.96500015258789,16.125,353000
2001-02-05,XLE,16.25,16.4950008392334,16.25,16.450000762939453,408600
2001-02-06,XLE,16.46500015258789,16.594999313354492,16.25,16.55500030517578,145000
2001-02-07,XLE,16.56999969482422,16.735000610351562,16.405000686645508,16.600000381469727,206200
2001-02-08,XLE,16.645000457763672,16.780000686645508,16.584999084472656,16.690000534057617,78400
2001-02-09,XLE,16.725000381469727,17.020000457763672,16.725000381469727,16.959999084472656,483000
2001-02-12,XLE,16.799999237060547,16.885000228881836,16.725000381469727,16.735000610351562,591000
2001-02-13,XLE,16.700000762939453,16.764999389648438,16.600000381469727,16.700000762939453,2027800
2001-02-14,XLE,16.735000610351562,16.80500030517578,16.565000534057617,16.579999923706055,167200
2001-02-15,XLE,16.299999237060547,16.399999618530273,16.200000762939453,16.364999771118164,1109200
2001-02-16,XLE,16.55500030517578,16.6299991607666,16.375,16.510000228881836,114600
2001-02-20,XLE,16.524999618530273,16.649999618530273,16.415000915527344,16.415000915527344,749800
2001-02-21,XLE,16.489999771118164,16.604999542236328,16.30500030517578,16.30500030517578,189800
2001-02-22,XLE,16.375,16.44499969482422,16.125,16.225000381469727,420000
2001-02-23,XLE,16.18000030517578,16.219999313354492,15.850000381469727,16.020000457763672,682600
2001-02-26,XLE,15.975000381469727,16.21500015258789,15.975000381469727,16.19499969482422,681200
2001-02-27,XLE,16.25,16.34000015258789,16.075000762939453,16.094999313354492,81000
2001-02-28,XLE,16.165000915527344,16.165000915527344,15.869999885559082,15.869999885559082,47000
2001-03-01,XLE,15.925000190734863,16.110000610351562,15.925000190734863,16.049999237060547,328200
2001-03-02,XLE,16.200000762939453,16.434999465942383,16.170000076293945,16.415000915527344,157600
2001-03-05,XLE,16.31999969482422,16.59000015258789,16.31999969482422,16.5049991607666,3215800
2001-03-06,XLE,16.549999237060547,16.69499969482422,16.545000076293945,16.59000015258789,191800
2001-03-07,XLE,16.700000762939453,16.954999923706055,16.700000762939453,16.94499969482422,466800
2001-03-08,XLE,16.9950008392334,17.114999771118164,16.829999923706055,17.114999771118164,305600
2001-03-09,XLE,17.170000076293945,17.174999237060547,16.899999618530273,17.03499984741211,479000
2001-03-12,XLE,16.774999618530273,16.81999969482422,16.469999313354492,16.469999313354492,2822400
2001-03-13,XLE,16.299999237060547,16.375,16.110000610351562,16.274999618530273,304800
2001-03-14,XLE,15.949999809265137,16.2450008392334,15.949999809265137,16.030000686645508,218200
2001-03-15,XLE,16.149999618530273,16.239999771118164,15.949999809265137,16.040000915527344,159400
2001-03-16,XLE,16.020000457763672,16.020000457763672,15.71500015258789,15.725000381469727,446000
2001-03-19,XLE,15.774999618530273,16.06999969482422,15.774999618530273,15.925000190734863,482600
2001-03-20,XLE,15.979999542236328,16.219999313354492,15.979999542236328,16.065000534057617,976600
2001-03-21,XLE,16.030000686645508,16.030000686645508,15.579999923706055,15.604999542236328,701600
2001-03-22,XLE,15.454999923706055,15.454999923706055,14.725000381469727,15.145000457763672,533200
2001-03-23,XLE,15.15999984741211,15.369999885559082,15.140000343322754,15.265000343322754,880000
2001-03-26,XLE,15.574999809265137,15.574999809265137,15.385000228881836,15.46500015258789,105800
2001-03-27,XLE,15.550000190734863,15.649999618530273,15.399999618530273,15.550000190734863,199000
2001-03-28,XLE,15.449999809265137,15.449999809265137,15.164999961853027,15.324999809265137,276200
2001-03-29,XLE,15.024999618530273,15.119999885559082,14.920000076293945,15.0,214400
2001-03-30,XLE,15.319999694824219,15.449999809265137,15.229999542236328,15.350000381469727,226200
2001-04-02,XLE,15.25,15.375,14.9399995803833,15.0649995803833,212800
2001-04-03,XLE,14.989999771118164,15.0,14.524999618530273,14.649999618530273,2459000
2001-04-04,XLE,14.760000228881836,15.005000114440918,14.704999923706055,14.90999984741211,328000
2001-04-05,XLE,15.074999809265137,15.350000381469727,15.0,15.300000190734863,423800
2001-04-06,XLE,15.104999542236328,15.345000267028809,15.055000305175781,15.319999694824219,139600
2001-04-09,XLE,15.449999809265137,15.704999923706055,15.449999809265137,15.680000305175781,177800
2001-04-10,XLE,15.880000114440918,16.065000534057617,15.789999961853027,15.949999809265137,484000
2001-04-11,XLE,15.800000190734863,15.869999885559082,15.664999961853027,15.664999961853027,132400
2001-04-12,XLE,15.875,15.920000076293945,15.699999809265137,15.829999923706055,430800
2001-04-16,XLE,15.975000381469727,16.145000457763672,15.975000381469727,16.139999389648438,264600
2001-04-17,XLE,16.170000076293945,16.309999465942383,16.0049991607666,16.225000381469727,99400
2001-04-18,XLE,16.149999618530273,16.350000381469727,16.030000686645508,16.139999389648438,157800
2001-04-19,XLE,16.079999923706055,16.079999923706055,15.789999961853027,15.859999656677246,127600
2001-04-20,XLE,16.030000686645508,16.114999771118164,15.960000038146973,16.030000686645508,285000
2001-04-23,XLE,16.25,16.475000381469727,16.25,16.454999923706055,181400
2001-04-24,XLE,16.610000610351562,16.674999237060547,16.40999984741211,16.485000610351562,965800
2001-04-25,XLE,16.5,16.790000915527344,16.4950008392334,16.719999313354492,529800
2001-04-26,XLE,16.84000015258789,17.084999084472656,16.84000015258789,17.049999237060547,1502200
2001-04-27,XLE,17.020000457763672,17.03499984741211,16.875,16.934999465942383,224000
2001-04-30,XLE,16.940000534057617,17.1200008392334,16.844999313354492,16.934999465942383,366400
2001-05-01,XLE,16.790000915527344,16.920000076293945,16.71500015258789,16.825000762939453,470400
2001-05-02,XLE,16.3700008392334,16.415000915527344,16.1299991607666,16.170000076293945,838000
2001-05-03,XLE,16.0,16.100000381469727,15.904999732971191,16.09000015258789,270400
2001-05-04,XLE,16.125,16.420000076293945,16.110000610351562,16.344999313354492,1273000
2001-05-07,XLE,16.489999771118164,16.5,16.225000381469727,16.389999389648438,325200
2001-05-08,XLE,16.2549991607666,16.399999618530273,16.200000762939453,16.375,267800
2001-05-09,XLE,16.389999389648438,16.665000915527344,16.389999389648438,16.665000915527344,178800
2001-05-10,XLE,16.639999389648438,16.69499969482422,16.5,16.545000076293945,3399600
2001-05-11,XLE,16.524999618530273,16.524999618530273,16.325000762939453,16.385000228881836,65200
2001-05-14,XLE,16.4950008392334,16.71500015258789,16.485000610351562,16.639999389648438,165000
2001-05-15,XLE,16.84000015258789,16.850000381469727,16.700000762939453,16.790000915527344,275400
2001-05-16,XLE,16.8799991607666,16.9950008392334,16.850000381469727,16.93000030517578,795400
2001-05-17,XLE,16.920000076293945,17.0,16.799999237060547,16.985000610351562,137400
2001-05-18,XLE,17.149999618530273,17.354999542236328,17.135000228881836,17.34000015258789,1072600
2001-05-21,XLE,17.450000762939453,17.450000762939453,17.200000762939453,17.299999237060547,1178200
2001-05-22,XLE,17.270000457763672,17.274999618530273,17.049999237060547,17.125,305000
2001-05-23,XLE,16.950000762939453,17.049999237060547,16.760000228881836,16.864999771118164,4020000
2001-05-24,XLE,16.75,16.84000015258789,16.649999618530273,16.834999084472656,808400
2001-05-25,XLE,16.850000381469727,16.850000381469727,16.68000030517578,16.690000534057617,156800
2001-05-29,XLE,16.829999923706055,16.950000762939453,16.665000915527344,16.665000915527344,1769200
2001-05-30,XLE,16.709999084472656,16.739999771118164,16.559999465942383,16.600000381469727,698600
2001-05-31,XLE,16.690000534057617,16.78499984741211,16.530000686645508,16.774999618530273,226800
2001-06-01,XLE,16.75,16.774999618530273,16.56999969482422,16.700000762939453,2102200
2001-06-04,XLE,16.924999237060547,16.989999771118164,16.905000686645508,16.924999237060547,348000
2001-06-05,XLE,16.924999237060547,17.014999389648438,16.815000534057617,16.975000381469727,728400
2001-06-06,XLE,16.75,16.75,16.5,16.545000076293945,304200
2001-06-07,XLE,16.514999389648438,16.545000076293945,16.34000015258789,16.350000381469727,719800
2001-06-08,XLE,16.399999618530273,16.459999084472656,16.21500015258789,16.395000457763672,105400
2001-06-11,XLE,16.600000381469727,16.604999542236328,16.440000534057617,16.440000534057617,47800
2001-06-12,XLE,16.5,16.639999389648438,16.5,16.565000534057617,254800
2001-06-13,XLE,16.75,16.780000686645508,16.440000534057617,16.485000610351562,688400
2001-06-14,XLE,16.350000381469727,16.3700008392334,16.149999618530273,16.149999618530273,394000
2001-06-15,XLE,16.25,16.31999969482422,16.079999923706055,16.19499969482422,194800
2001-06-18,XLE,16.059999465942383,16.204999923706055,15.949999809265137,16.014999389648438,456000
2001-06-19,XLE,16.049999237060547,16.049999237060547,15.829999923706055,16.0,731200
2001-06-20,XLE,15.805000305175781,16.30500030517578,15.699999809265137,15.699999809265137,446200
2001-06-21,XLE,15.800000190734863,15.800000190734863,15.369999885559082,15.46500015258789,1274000
2001-06-22,XLE,15.475000381469727,15.765000343322754,15.3100004196167,15.765000343322754,392400
2001-06-25,XLE,15.699999809265137,15.765000343322754,15.550000190734863,15.579999923706055,177400
2001-06-26,XLE,15.5600004196167,15.6850004196167,15.505000114440918,15.675000190734863,116200
2001-06-27,XLE,15.5,15.5,15.279999732971191,15.300000190734863,3680200
2001-06-28,XLE,15.149999618530273,15.149999618530273,14.920000076293945,14.975000381469727,225000
2001-06-29,XLE,15.050000190734863,15.300000190734863,14.925000190734863,15.175000190734863,473400
2001-07-02,XLE,15.100000381469727,15.279999732971191,15.074999809265137,15.135000228881836,246000
2001-07-03,XLE,15.050000190734863,15.149999618530273,15.050000190734863,15.114999771118164,169600
2001-07-05,XLE,15.100000381469727,15.359999656677246,15.100000381469727,15.25,1662000
2001-07-06,XLE,15.279999732971191,15.34000015258789,15.100000381469727,15.194999694824219,598400
2001-07-09,XLE,15.125,15.145000457763672,14.954999923706055,14.979999542236328,132400
2001-07-10,XLE,15.055000305175781,15.069999694824219,14.880000114440918,15.0,930800
2001-07-11,XLE,14.774999618530273,14.850000381469727,14.555000305175781,14.800000190734863,472000
2001-07-12,XLE,14.699999809265137,14.789999961853027,14.600000381469727,14.779999732971191,63400
2001-07-13,XLE,14.6850004196167,14.989999771118164,14.609999656677246,14.835000038146973,125600
2001-07-16,XLE,14.875,14.875,14.460000038146973,14.59000015258789,308800
2001-07-17,XLE,14.675000190734863,14.675000190734863,14.425000190734863,14.524999618530273,217600
2001-07-18,XLE,14.3100004196167,14.8100004196167,14.149999618530273,14.369999885559082,134800
2001-07-19,XLE,14.475000381469727,14.675000190734863,14.475000381469727,14.520000457763672,1174400
2001-07-20,XLE,14.75,14.864999771118164,14.6850004196167,14.829999923706055,1823600
2001-07-23,XLE,14.890000343322754,14.949999809265137,14.390000343322754,14.65999984741211,226000
2001-07-24,XLE,14.574999809265137,14.574999809265137,14.125,14.135000228881836,216200
2001-07-25,XLE,14.364999771118164,14.845000267028809,14.274999618530273,14.789999961853027,481000
2001-07-26,XLE,14.9350004196167,15.09000015258789,14.75,15.09000015258789,405800
2001-07-27,XLE,14.925000190734863,15.239999771118164,14.835000038146973,15.15999984741211,231600
2001-07-30,XLE,15.1850004196167,15.270000457763672,15.095000267028809,15.175000190734863,134000
2001-07-31,XLE,15.25,15.300000190734863,15.0,15.0,401800
2001-08-01,XLE,15.175000190734863,15.239999771118164,14.859999656677246,14.944999694824219,973800
2001-08-02,XLE,14.975000381469727,14.979999542236328,14.78499984741211,14.9350004196167,1136800
2001-08-03,XLE,14.895000457763672,14.895000457763672,14.675000190734863,14.710000038146973,406000
2001-08-06,XLE,14.675000190734863,14.8100004196167,14.635000228881836,14.6899995803833,66400
2001-08-07,XLE,14.75,14.765000343322754,14.635000228881836,14.6899995803833,85400
2001-08-08,XLE,14.725000381469727,14.725000381469727,14.3100004196167,14.390000343322754,1198200
2001-08-09,XLE,14.25,14.475000381469727,14.25,14.475000381469727,440200
2001-08-10,XLE,14.475000381469727,14.645000457763672,14.414999961853027,14.489999771118164,758600
2001-08-13,XLE,14.550000190734863,14.6899995803833,14.515000343322754,14.5600004196167,576200
2001-08-14,XLE,14.574999809265137,14.664999961853027,14.53499984741211,14.640000343322754,161400
2001-08-15,XLE,14.625,14.944999694824219,14.604999542236328,14.859999656677246,1087400
2001-08-16,XLE,14.975000381469727,14.975000381469727,14.6850004196167,14.774999618530273,361200
2001-08-17,XLE,14.789999961853027,14.789999961853027,14.574999809265137,14.664999961853027,108200
2001-08-20,XLE,14.625,14.640000343322754,14.5,14.5600004196167,63800
2001-08-21,XLE,14.524999618530273,14.664999961853027,14.350000381469727,14.550000190734863,1110600
2001-08-22,XLE,14.800000190734863,14.914999961853027,14.5600004196167,14.5600004196167,420600
2001-08-23,XLE,14.640000343322754,14.739999771118164,14.609999656677246,14.6899995803833,46000
2001-08-24,XLE,14.6899995803833,14.8149995803833,14.649999618530273,14.8100004196167,196400
2001-08-27,XLE,14.800000190734863,14.890000343322754,14.710000038146973,14.789999961853027,499600
2001-08-28,XLE,14.739999771118164,14.739999771118164,14.550000190734863,14.635000228881836,198400
2001-08-29,XLE,14.699999809265137,14.779999732971191,14.574999809265137,14.574999809265137,77800
2001-08-30,XLE,14.699999809265137,14.71500015258789,14.319999694824219,14.364999771118164,1313800
2001-08-31,XLE,14.329999923706055,14.475000381469727,14.270000457763672,14.364999771118164,152400
2001-09-04,XLE,14.369999885559082,14.65999984741211,14.369999885559082,14.449999809265137,1877200
2001-09-05,XLE,14.399999618530273,14.5,14.350000381469727,14.5,266000
2001-09-06,XLE,14.524999618530273,14.524999618530273,14.354999542236328,14.399999618530273,539600
2001-09-07,XLE,14.375,14.489999771118164,14.3100004196167,14.390000343322754,204000
2001-09-10,XLE,14.399999618530273,14.460000038146973,14.199999809265137,14.4350004196167,1168600
2001-09-17,XLE,14.25,14.25,13.890000343322754,14.140000343322754,4019200
2001-09-18,XLE,14.0,14.0,13.444999694824219,13.454999923706055,1196400
2001-09-19,XLE,13.375,13.5,12.4350004196167,12.970000267028809,485600
2001-09-20,XLE,12.699999809265137,12.805000305175781,12.524999618530273,12.604999542236328,1966200
2001-09-21,XLE,12.149999618530273,12.649999618530273,12.050000190734863,12.539999961853027,2335000
2001-09-24,XLE,12.449999809265137,12.510000228881836,12.125,12.210000038146973,3269600
2001-09-25,XLE,12.100000381469727,12.25,11.875,12.074999809265137,1700200
2001-09-26,XLE,12.149999618530273,12.225000381469727,11.875,11.989999771118164,990400
2001-09-27,XLE,12.125,12.505000114440918,12.010000228881836,12.46500015258789,2188800
2001-09-28,XLE,12.675000190734863,12.96500015258789,12.675000190734863,12.90999984741211,697000
2001-10-01,XLE,12.800000190734863,12.824999809265137,12.515000343322754,12.729999542236328,149800
2001-10-02,XLE,12.774999618530273,13.09000015258789,12.710000038146973,13.010000228881836,121400
2001-10-03,XLE,12.949999809265137,13.220000267028809,12.835000038146973,13.1899995803833,147400
2001-10-04,XLE,13.324999809265137,13.6899995803833,13.260000228881836,13.5,234400
2001-10-05,XLE,13.524999618530273,13.645000457763672,13.3100004196167,13.600000381469727,141200
2001-10-08,XLE,13.475000381469727,13.789999961853027,13.350000381469727,13.625,682000
2001-10-09,XLE,13.649999618530273,13.755000114440918,13.5600004196167,13.649999618530273,77000
2001-10-10,XLE,13.824999809265137,14.329999923706055,13.824999809265137,14.255000114440918,522400
2001-10-11,XLE,14.350000381469727,14.449999809265137,14.079999923706055,14.25,790400
2001-10-12,XLE,14.199999809265137,14.3149995803833,14.0,14.154999732971191,798000
2001-10-15,XLE,14.095000267028809,14.095000267028809,13.710000038146973,13.895000457763672,162800
2001-10-16,XLE,13.824999809265137,14.114999771118164,13.824999809265137,14.0600004196167,204800
2001-10-17,XLE,14.175000190734863,14.295000076293945,13.895000457763672,13.989999771118164,456800
2001-10-18,XLE,13.75,13.795000076293945,13.40999984741211,13.425000190734863,6285400
2001-10-19,XLE,13.324999809265137,13.569999694824219,13.135000228881836,13.475000381469727,738000
2001-10-22,XLE,13.5,13.645000457763672,13.335000038146973,13.640000343322754,2860600
2001-10-23,XLE,13.449999809265137,13.875,13.449999809265137,13.59000015258789,4635400
2001-10-24,XLE,13.425000190734863,13.4399995803833,13.210000038146973,13.399999618530273,395600
2001-10-25,XLE,13.324999809265137,13.739999771118164,13.324999809265137,13.739999771118164,92600
2001-10-26,XLE,13.774999618530273,14.010000228881836,13.770000457763672,14.005000114440918,538200
2001-10-29,XLE,14.0,14.125,13.875,13.875,2189600
2001-10-30,XLE,13.625,13.664999961853027,13.40999984741211,13.40999984741211,152800
2001-10-31,XLE,13.5,13.675000190734863,13.3100004196167,13.430000305175781,649800
2001-11-01,XLE,13.395000457763672,13.640000343322754,13.225000381469727,13.635000228881836,657000
2001-11-02,XLE,13.399999618530273,13.399999618530273,13.225000381469727,13.265000343322754,2228400
2001-11-05,XLE,13.425000190734863,13.425000190734863,13.15999984741211,13.1850004196167,767600
2001-11-06,XLE,13.100000381469727,13.175000190734863,12.875,13.104999542236328,460600
2001-11-07,XLE,13.100000381469727,13.279999732971191,12.960000038146973,13.15999984741211,4135600
2001-11-08,XLE,13.425000190734863,13.475000381469727,13.3149995803833,13.414999961853027,305600
2001-11-09,XLE,13.600000381469727,13.744999885559082,13.5649995803833,13.675000190734863,1259800
2001-11-12,XLE,13.5,13.640000343322754,13.274999618530273,13.640000343322754,178800
2001-11-13,XLE,13.649999618530273,13.765000343322754,13.5,13.75,140200
2001-11-14,XLE,13.350000381469727,13.449999809265137,13.005000114440918,13.079999923706055,8383200
2001-11-15,XLE,12.850000381469727,12.859999656677246,12.0,12.420000076293945,9490400
2001-11-16,XLE,12.430000305175781,12.675000190734863,12.15999984741211,12.649999618530273,8957800
2001-11-19,XLE,12.625,12.675000190734863,12.380000114440918,12.619999885559082,2116800
2001-11-20,XLE,12.949999809265137,13.175000190734863,12.885000228881836,13.085000038146973,4105800
2001-11-21,XLE,13.09000015258789,13.4350004196167,12.78499984741211,12.914999961853027,1094800
2001-11-23,XLE,12.75,13.074999809265137,12.649999618530273,13.03499984741211,101000
2001-11-26,XLE,12.824999809265137,12.875,12.65999984741211,12.819999694824219,615400
2001-11-27,XLE,12.75,12.989999771118164,12.630000114440918,12.829999923706055,829800
2001-11-28,XLE,12.675000190734863,12.770000457763672,12.529999732971191,12.529999732971191,1438200
2001-11-29,XLE,12.625,12.744999885559082,12.550000190734863,12.744999885559082,1604200
2001-11-30,XLE,12.71500015258789,12.795000076293945,12.595000267028809,12.680000305175781,740600
2001-12-03,XLE,12.614999771118164,12.96500015258789,12.53499984741211,12.850000381469727,288800
2001-12-04,XLE,12.899999618530273,13.050000190734863,12.765000343322754,13.029999732971191,992800
2001-12-05,XLE,13.300000190734863,13.364999771118164,13.194999694824219,13.300000190734863,2130800
2001-12-06,XLE,13.199999809265137,13.449999809265137,12.899999618530273,12.904999732971191,1747200
2001-12-07,XLE,12.899999618530273,13.5,12.755000114440918,12.989999771118164,675800
2001-12-10,XLE,12.875,12.925000190734863,12.755000114440918,12.8100004196167,223800
2001-12-11,XLE,12.800000190734863,12.8100004196167,12.555000305175781,12.600000381469727,2426600
2001-12-12,XLE,12.600000381469727,12.630000114440918,12.470000267028809,12.630000114440918,607400
2001-12-13,XLE,12.454999923706055,12.625,12.350000381469727,12.425000190734863,118200
2001-12-14,XLE,12.449999809265137,13.125,12.399999618530273,12.550000190734863,521200
2001-12-17,XLE,12.550000190734863,12.720000267028809,12.479999542236328,12.520000457763672,110600
2001-12-18,XLE,12.550000190734863,12.704999923706055,12.550000190734863,12.6850004196167,268800
2001-12-19,XLE,12.6899995803833,12.975000381469727,12.604999542236328,12.975000381469727,460600
2001-12-20,XLE,12.975000381469727,13.079999923706055,12.904999732971191,12.914999961853027,177400
2001-12-21,XLE,13.050000190734863,13.095000267028809,12.949999809265137,12.949999809265137,263600
2001-12-24,XLE,13.0600004196167,13.199999809265137,13.0,13.164999961853027,651400
2001-12-26,XLE,13.175000190734863,13.475000381469727,13.175000190734863,13.395000457763672,682400
2001-12-27,XLE,13.364999771118164,13.449999809265137,13.274999618530273,13.4399995803833,386800
2001-12-28,XLE,13.475000381469727,13.609999656677246,13.4350004196167,13.5,816400
2001-12-31,XLE,13.524999618530273,13.524999618530273,13.350000381469727,13.350000381469727,242000
2002-01-02,XLE,13.350000381469727,13.350000381469727,13.050000190734863,13.25,579800
2002-01-03,XLE,13.279999732971191,13.350000381469727,13.104999542236328,13.170000076293945,619000
2002-01-04,XLE,13.300000190734863,13.300000190734863,13.125,13.229999542236328,1160600
2002-01-07,XLE,13.324999809265137,14.0,13.149999618530273,13.225000381469727,664200
2002-01-08,XLE,13.274999618530273,13.274999618530273,13.100000381469727,13.109999656677246,532000
2002-01-09,XLE,13.100000381469727,13.21500015258789,13.005000114440918,13.125,899600
2002-01-10,XLE,13.015000343322754,13.085000038146973,12.979999542236328,13.024999618530273,84400
2002-01-11,XLE,13.045000076293945,13.045000076293945,12.760000228881836,12.774999618530273,281800
2002-01-14,XLE,12.600000381469727,12.770000457763672,12.600000381469727,12.619999885559082,617400
2002-01-15,XLE,12.824999809265137,12.90999984741211,12.78499984741211,12.824999809265137,245800
2002-01-16,XLE,12.75,12.75,12.550000190734863,12.5600004196167,433000
2002-01-17,XLE,12.630000114440918,12.630000114440918,12.520000457763672,12.555000305175781,228400
2002-01-18,XLE,12.524999618530273,12.550000190734863,12.4399995803833,12.449999809265137,371000
2002-01-22,XLE,12.5649995803833,12.569999694824219,11.600000381469727,12.359999656677246,336000
2002-01-23,XLE,12.4350004196167,12.725000381469727,12.4350004196167,12.710000038146973,600600
2002-01-24,XLE,12.725000381469727,12.9350004196167,12.649999618530273,12.885000228881836,265400
2002-01-25,XLE,12.975000381469727,13.039999961853027,12.880000114440918,13.024999618530273,940000
2002-01-28,XLE,13.074999809265137,13.074999809265137,12.755000114440918,12.824999809265137,199600
2002-01-29,XLE,12.635000228881836,12.734999656677246,12.395000457763672,12.475000381469727,935400
2002-01-30,XLE,12.289999961853027,12.645000457763672,12.199999809265137,12.574999809265137,1155400
2002-01-31,XLE,12.725000381469727,12.875,12.6850004196167,12.875,780600
2002-02-01,XLE,12.885000228881836,12.975000381469727,12.795000076293945,12.944999694824219,517200
2002-02-04,XLE,12.800000190734863,12.875,12.569999694824219,12.600000381469727,1271400
2002-02-05,XLE,12.550000190734863,12.609999656677246,12.425000190734863,12.515000343322754,554600
2002-02-06,XLE,12.609999656677246,12.694999694824219,12.59000015258789,12.600000381469727,1516600
2002-02-07,XLE,12.550000190734863,12.579999923706055,12.414999961853027,12.454999923706055,1437000
2002-02-08,XLE,12.5,12.595000267028809,12.425000190734863,12.595000267028809,605800
2002-02-11,XLE,12.600000381469727,12.824999809265137,12.5,12.760000228881836,471800
2002-02-12,XLE,12.744999885559082,12.819999694824219,12.670000076293945,12.699999809265137,151000
2002-02-13,XLE,12.600000381469727,12.805000305175781,12.59000015258789,12.774999618530273,319600
2002-02-14,XLE,12.760000228881836,12.96500015258789,12.760000228881836,12.880000114440918,1572800
2002-02-15,XLE,12.850000381469727,13.0,12.835000038146973,12.890000343322754,1111400
2002-02-19,XLE,12.850000381469727,12.930000305175781,12.699999809265137,12.774999618530273,1462800
2002-02-20,XLE,12.75,12.774999618530273,12.574999809265137,12.734999656677246,844400
2002-02-21,XLE,12.75,13.045000076293945,12.75,12.885000228881836,2423200
2002-02-22,XLE,12.984999656677246,13.3100004196167,12.970000267028809,13.239999771118164,3096800
2002-02-25,XLE,13.34000015258789,13.444999694824219,13.234999656677246,13.430000305175781,1593800
2002-02-26,XLE,13.425000190734863,13.449999809265137,13.274999618530273,13.359999656677246,1217600
2002-02-27,XLE,13.475000381469727,13.5,13.279999732971191,13.350000381469727,2418600
2002-02-28,XLE,13.449999809265137,13.484999656677246,13.3149995803833,13.3149995803833,827600
2002-03-01,XLE,13.489999771118164,13.555000305175781,13.359999656677246,13.505000114440918,897400
2002-03-04,XLE,13.675000190734863,13.800000190734863,13.600000381469727,13.800000190734863,1361600
2002-03-05,XLE,13.664999961853027,13.864999771118164,13.664999961853027,13.805000305175781,1382800
2002-03-06,XLE,13.899999618530273,14.164999961853027,13.765000343322754,14.069999694824219,690600
2002-03-07,XLE,14.225000381469727,14.274999618530273,14.085000038146973,14.175000190734863,653400
2002-03-08,XLE,14.324999809265137,14.324999809265137,14.029999732971191,14.109999656677246,378200
2002-03-11,XLE,14.28499984741211,14.364999771118164,14.25,14.260000228881836,841800
2002-03-12,XLE,14.274999618530273,14.430000305175781,14.25,14.385000228881836,501400
2002-03-13,XLE,14.484999656677246,14.550000190734863,14.289999961853027,14.289999961853027,1234200
2002-03-14,XLE,14.350000381469727,14.350000381469727,14.149999618530273,14.28499984741211,236800
2002-03-15,XLE,14.300000190734863,14.425000190734863,14.25,14.34000015258789,3135800
2002-03-18,XLE,14.369999885559082,14.489999771118164,14.3100004196167,14.449999809265137,177200
2002-03-19,XLE,14.529999732971191,14.625,14.475000381469727,14.625,753400
2002-03-20,XLE,14.5,14.604999542236328,14.414999961853027,14.470000267028809,502000
2002-03-21,XLE,14.479999542236328,14.550000190734863,14.324999809265137,14.550000190734863,717600
2002-03-22,XLE,14.375,14.375,14.199999809265137,14.210000038146973,382000
2002-03-25,XLE,14.125,14.255000114440918,14.079999923706055,14.079999923706055,181200
2002-03-26,XLE,14.100000381469727,14.274999618530273,14.100000381469727,14.194999694824219,268000
2002-03-27,XLE,14.3149995803833,14.524999618530273,14.3149995803833,14.524999618530273,688600
2002-03-28,XLE,14.5,14.574999809265137,14.414999961853027,14.444999694824219,1387000
2002-04-01,XLE,14.524999618530273,14.625,14.475000381469727,14.545000076293945,1032800
2002-04-02,XLE,14.635000228881836,14.760000228881836,14.619999885559082,14.725000381469727,988600
2002-04-03,XLE,14.649999618530273,14.649999618530273,14.345000267028809,14.404999732971191,1231000
2002-04-04,XLE,14.425000190734863,14.46500015258789,14.074999809265137,14.145000457763672,1313600
2002-04-05,XLE,14.199999809265137,14.199999809265137,13.954999923706055,13.984999656677246,708200
2002-04-08,XLE,14.25,14.319999694824219,14.095000267028809,14.199999809265137,482000
2002-04-09,XLE,14.09000015258789,14.470000267028809,13.920000076293945,13.994999885559082,1152800
2002-04-10,XLE,13.949999809265137,14.175000190734863,13.949999809265137,14.154999732971191,450600
2002-04-11,XLE,14.109999656677246,14.170000076293945,13.979999542236328,14.010000228881836,1214600
2002-04-12,XLE,13.800000190734863,13.800000190734863,13.515000343322754,13.550000190734863,1495800
2002-04-15,XLE,13.8100004196167,13.9399995803833,13.8100004196167,13.8149995803833,595000
2002-04-16,XLE,14.024999618530273,14.125,13.989999771118164,14.074999809265137,208800
2002-04-17,XLE,14.125,14.305000305175781,14.125,14.25,1371000
2002-04-18,XLE,14.385000228881836,14.385000228881836,14.25,14.319999694824219,243200
2002-04-19,XLE,14.210000038146973,14.399999618530273,14.164999961853027,14.385000228881836,236200
2002-04-22,XLE,14.350000381469727,14.40999984741211,14.175000190734863,14.244999885559082,996600
2002-04-23,XLE,14.0600004196167,14.289999961853027,14.010000228881836,14.210000038146973,667800
2002-04-24,XLE,14.039999961853027,14.145000457763672,13.954999923706055,13.954999923706055,670200
2002-04-25,XLE,13.96500015258789,14.135000228881836,13.854999542236328,14.055000305175781,1335800
2002-04-26,XLE,14.03499984741211,14.100000381469727,13.84000015258789,13.899999618530273,1270400
2002-04-29,XLE,13.899999618530273,13.944999694824219,13.770000457763672,13.8100004196167,204600
2002-04-30,XLE,13.885000228881836,14.0,13.885000228881836,13.925000190734863,120400
2002-05-01,XLE,13.824999809265137,14.039999961853027,13.78499984741211,14.010000228881836,556800
2002-05-02,XLE,14.055000305175781,14.119999885559082,13.96500015258789,14.114999771118164,655000
2002-05-03,XLE,14.229999542236328,14.25,14.069999694824219,14.164999961853027,101400
2002-05-06,XLE,14.079999923706055,14.109999656677246,13.654999732971191,13.680000305175781,606600
2002-05-07,XLE,13.649999618530273,13.6850004196167,13.545000076293945,13.614999771118164,454400
2002-05-08,XLE,13.75,13.9350004196167,13.6850004196167,13.899999618530273,426000
2002-05-09,XLE,13.835000038146973,13.944999694824219,13.774999618530273,13.774999618530273,397600
2002-05-10,XLE,13.835000038146973,13.890000343322754,13.739999771118164,13.765000343322754,250600
2002-05-13,XLE,13.6850004196167,14.045000076293945,13.654999732971191,14.029999732971191,245800
2002-05-14,XLE,14.149999618530273,14.149999618530273,14.005000114440918,14.069999694824219,404800
2002-05-15,XLE,14.045000076293945,14.045000076293945,13.774999618530273,13.835000038146973,768000
2002-05-16,XLE,13.930000305175781,14.03499984741211,13.890000343322754,13.994999885559082,339800
2002-05-17,XLE,13.90999984741211,13.90999984741211,13.729999542236328,13.880000114440918,1022400
2002-05-20,XLE,13.824999809265137,13.859999656677246,13.755000114440918,13.78499984741211,110600
2002-05-21,XLE,13.78499984741211,13.96500015258789,13.75,13.795000076293945,1359600
2002-05-22,XLE,13.755000114440918,14.029999732971191,13.755000114440918,14.024999618530273,1437200
2002-05-23,XLE,14.09000015258789,14.164999961853027,13.960000038146973,14.145000457763672,481400
2002-05-24,XLE,14.119999885559082,14.119999885559082,13.944999694824219,13.989999771118164,347800
2002-05-28,XLE,14.039999961853027,14.039999961853027,13.864999771118164,13.880000114440918,372400
2002-05-29,XLE,13.694999694824219,13.795000076293945,13.59000015258789,13.75,220200
2002-05-30,XLE,13.59000015258789,13.680000305175781,13.390000343322754,13.484999656677246,505200
2002-05-31,XLE,13.539999961853027,13.800000190734863,13.539999961853027,13.680000305175781,656800
2002-06-03,XLE,13.625,13.625,13.25,13.25,143600
2002-06-04,XLE,13.25,13.350000381469727,13.104999542236328,13.25,298600
2002-06-05,XLE,13.079999923706055,13.199999809265137,13.03499984741211,13.199999809265137,490000
2002-06-06,XLE,13.350000381469727,13.375,13.005000114440918,13.0600004196167,111400
2002-06-07,XLE,13.055000305175781,13.225000381469727,13.0,13.194999694824219,337400
2002-06-10,XLE,13.140000343322754,13.149999618530273,12.90999984741211,12.949999809265137,167000
2002-06-11,XLE,13.024999618530273,13.055000305175781,12.75,12.755000114440918,250600
2002-06-12,XLE,12.819999694824219,12.954999923706055,12.755000114440918,12.9350004196167,123600
2002-06-13,XLE,12.90999984741211,13.095000267028809,12.8149995803833,12.920000076293945,494800
2002-06-14,XLE,12.774999618530273,12.904999732971191,12.625,12.904999732971191,211000
2002-06-17,XLE,13.029999732971191,13.255000114440918,13.015000343322754,13.239999771118164,834800
2002-06-18,XLE,13.239999771118164,13.28499984741211,13.149999618530273,13.175000190734863,530400
2002-06-19,XLE,13.125,13.255000114440918,13.005000114440918,13.045000076293945,106600
2002-06-20,XLE,13.130000114440918,13.234999656677246,13.015000343322754,13.020000457763672,1229200
2002-06-21,XLE,12.899999618530273,13.020000457763672,12.729999542236328,12.859999656677246,525200
2002-06-24,XLE,12.859999656677246,13.020000457763672,12.805000305175781,12.975000381469727,514200
2002-06-25,XLE,13.149999618530273,13.1899995803833,12.899999618530273,12.920000076293945,878400
2002-06-26,XLE,12.850000381469727,12.930000305175781,12.725000381469727,12.925000190734863,249600
2002-06-27,XLE,12.989999771118164,12.989999771118164,12.789999961853027,12.989999771118164,563600
2002-06-28,XLE,13.024999618530273,13.210000038146973,13.024999618530273,13.100000381469727,538800
2002-07-01,XLE,13.130000114440918,13.175000190734863,12.975000381469727,12.975000381469727,120800
2002-07-02,XLE,13.050000190734863,13.079999923706055,12.680000305175781,12.720000267028809,143000
2002-07-03,XLE,12.725000381469727,12.880000114440918,12.600000381469727,12.800000190734863,147000
2002-07-05,XLE,12.899999618530273,13.109999656677246,12.899999618530273,13.100000381469727,70800
2002-07-08,XLE,13.0649995803833,13.119999885559082,12.90999984741211,12.9399995803833,129600
2002-07-09,XLE,12.904999732971191,12.989999771118164,12.664999961853027,12.779999732971191,327800
2002-07-10,XLE,12.71500015258789,12.71500015258789,12.1899995803833,12.234999656677246,335200
2002-07-11,XLE,12.149999618530273,12.210000038146973,11.895000457763672,12.0,1210800
2002-07-12,XLE,12.015000343322754,12.03499984741211,11.654999732971191,11.78499984741211,979000
2002-07-15,XLE,11.574999809265137,11.65999984741211,11.029999732971191,11.524999618530273,358600
2002-07-16,XLE,11.3149995803833,11.529999732971191,11.175000190734863,11.350000381469727,560600
2002-07-17,XLE,11.789999961853027,11.789999961853027,11.380000114440918,11.475000381469727,548600
2002-07-18,XLE,11.5,11.704999923706055,11.359999656677246,11.399999618530273,208200
2002-07-19,XLE,11.225000381469727,11.319999694824219,10.699999809265137,10.699999809265137,1263200
2002-07-22,XLE,10.725000381469727,10.8100004196167,10.0,10.045000076293945,10565400
2002-07-23,XLE,10.100000381469727,10.295000076293945,9.8149995803833,9.899999618530273,2086200
2002-07-24,XLE,9.699999809265137,10.604999542236328,9.6899995803833,10.555000305175781,5555400
2002-07-25,XLE,10.5,10.725000381469727,10.28499984741211,10.510000228881836,691400
2002-07-26,XLE,10.454999923706055,10.654999732971191,10.395000457763672,10.649999618530273,225000
2002-07-29,XLE,10.899999618530273,11.265000343322754,10.8149995803833,11.265000343322754,358800
2002-07-30,XLE,11.170000076293945,11.234999656677246,10.954999923706055,11.09000015258789,285800
2002-07-31,XLE,11.079999923706055,11.319999694824219,10.954999923706055,11.28499984741211,288400
2002-08-01,XLE,11.09000015258789,11.210000038146973,10.619999885559082,10.619999885559082,291000
2002-08-02,XLE,10.725000381469727,10.755000114440918,10.329999923706055,10.5,349800
2002-08-05,XLE,10.475000381469727,10.600000381469727,10.0600004196167,10.109999656677246,257200
2002-08-06,XLE,10.300000190734863,10.649999618530273,10.300000190734863,10.475000381469727,119800
2002-08-07,XLE,10.600000381469727,10.635000228881836,10.300000190734863,10.625,285800
2002-08-08,XLE,10.635000228881836,11.074999809265137,10.635000228881836,11.074999809265137,232600
2002-08-09,XLE,10.914999961853027,11.324999809265137,10.819999694824219,11.274999618530273,305200
2002-08-12,XLE,11.050000190734863,11.354999542236328,10.994999885559082,11.25,328600
2002-08-13,XLE,11.199999809265137,11.359999656677246,11.079999923706055,11.079999923706055,209400
2002-08-14,XLE,11.255000114440918,11.524999618530273,11.100000381469727,11.515000343322754,335600
2002-08-15,XLE,11.630000114440918,11.850000381469727,11.574999809265137,11.84000015258789,479800
2002-08-16,XLE,11.75,11.75,11.579999923706055,11.649999618530273,358400
2002-08-19,XLE,11.600000381469727,11.819999694824219,11.510000228881836,11.744999885559082,1369600
2002-08-20,XLE,11.675000190734863,11.675000190734863,11.274999618530273,11.449999809265137,614600
2002-08-21,XLE,11.460000038146973,11.524999618530273,11.25,11.475000381469727,230800
2002-08-22,XLE,11.59000015258789,11.880000114440918,11.475000381469727,11.800000190734863,388800
2002-08-23,XLE,11.6899995803833,11.774999618530273,11.59000015258789,11.609999656677246,1290800
2002-08-26,XLE,11.699999809265137,11.850000381469727,11.555000305175781,11.765000343322754,174200
2002-08-27,XLE,11.930000305175781,11.994999885559082,11.670000076293945,11.760000228881836,1660600
2002-08-28,XLE,11.675000190734863,11.675000190734863,11.390000343322754,11.479999542236328,316800
2002-08-29,XLE,11.380000114440918,11.475000381469727,11.1899995803833,11.380000114440918,413400
2002-08-30,XLE,11.359999656677246,11.670000076293945,11.300000190734863,11.454999923706055,291000
2002-09-03,XLE,11.199999809265137,11.630000114440918,10.925000190734863,11.0,177800
2002-09-04,XLE,10.96500015258789,11.095000267028809,10.649999618530273,10.975000381469727,1249000
2002-09-05,XLE,10.875,11.050000190734863,10.8100004196167,10.994999885559082,516600
2002-09-06,XLE,11.175000190734863,11.28499984741211,11.074999809265137,11.175000190734863,421000
2002-09-09,XLE,11.149999618530273,11.220000267028809,11.039999961853027,11.15999984741211,206600
2002-09-10,XLE,11.194999694824219,11.399999618530273,11.194999694824219,11.399999618530273,228600
2002-09-11,XLE,11.520000457763672,11.550000190734863,11.329999923706055,11.34000015258789,140800
2002-09-12,XLE,11.319999694824219,11.34000015258789,11.0600004196167,11.0600004196167,422800
2002-09-13,XLE,10.989999771118164,11.239999771118164,10.9399995803833,11.180000305175781,258600
2002-09-16,XLE,11.135000228881836,11.295000076293945,11.114999771118164,11.260000228881836,195600
2002-09-17,XLE,11.079999923706055,11.079999923706055,10.854999542236328,10.895000457763672,271000
2002-09-18,XLE,10.899999618530273,11.024999618530273,10.770000457763672,10.925000190734863,272600
2002-09-19,XLE,10.800000190734863,10.925000190734863,10.614999771118164,10.614999771118164,121000
2002-09-20,XLE,10.699999809265137,10.75,10.550000190734863,10.635000228881836,230000
2002-09-23,XLE,10.614999771118164,10.675000190734863,10.444999694824219,10.574999809265137,323400
2002-09-24,XLE,10.494999885559082,10.494999885559082,10.270000457763672,10.270000457763672,552000
2002-09-25,XLE,10.399999618530273,10.600000381469727,10.255000114440918,10.550000190734863,889000
2002-09-26,XLE,10.640000343322754,11.0,10.640000343322754,10.994999885559082,718000
2002-09-27,XLE,10.949999809265137,11.119999885559082,10.75,10.789999961853027,648600
2002-09-30,XLE,10.600000381469727,10.680000305175781,10.390000343322754,10.579999923706055,744000
2002-10-01,XLE,10.600000381469727,10.9399995803833,10.569999694824219,10.914999961853027,232400
2002-10-02,XLE,10.770000457763672,11.175000190734863,10.75,10.795000076293945,673600
2002-10-03,XLE,10.800000190734863,11.03499984741211,10.720000267028809,10.864999771118164,505400
2002-10-04,XLE,10.914999961853027,10.949999809265137,10.59000015258789,10.680000305175781,213400
2002-10-07,XLE,10.789999961853027,10.859999656677246,10.545000076293945,10.545000076293945,372000
2002-10-08,XLE,10.574999809265137,10.625,10.295000076293945,10.430000305175781,885200
2002-10-09,XLE,10.295000076293945,10.460000038146973,10.199999809265137,10.225000381469727,1238800
2002-10-10,XLE,10.234999656677246,10.46500015258789,10.095000267028809,10.46500015258789,1000600
2002-10-11,XLE,10.585000038146973,10.729999542236328,10.489999771118164,10.640000343322754,430600
2002-10-14,XLE,10.6899995803833,10.9399995803833,10.614999771118164,10.9350004196167,634600
2002-10-15,XLE,11.175000190734863,11.270000457763672,10.675000190734863,11.265000343322754,321600
2002-10-16,XLE,11.234999656677246,11.3100004196167,11.020000457763672,11.09000015258789,359400
2002-10-17,XLE,11.25,11.345000267028809,11.180000305175781,11.324999809265137,939000
2002-10-18,XLE,11.260000228881836,11.430000305175781,11.199999809265137,11.3149995803833,281600
2002-10-21,XLE,11.204999923706055,11.425000190734863,11.194999694824219,11.369999885559082,240200
2002-10-22,XLE,11.25,11.25,10.899999618530273,11.050000190734863,582400
2002-10-23,XLE,10.96500015258789,11.25,10.914999961853027,11.229999542236328,446000
2002-10-24,XLE,11.295000076293945,11.350000381469727,10.975000381469727,11.045000076293945,1095800
2002-10-25,XLE,10.925000190734863,10.925000190734863,10.78499984741211,10.875,282800
2002-10-28,XLE,10.864999771118164,11.050000190734863,10.729999542236328,10.854999542236328,1099000
2002-10-29,XLE,10.654999732971191,10.654999732971191,10.399999618530273,10.539999961853027,1181000
2002-10-30,XLE,10.734999656677246,10.954999923706055,10.71500015258789,10.890000343322754,1003200
2002-10-31,XLE,11.055000305175781,11.074999809265137,10.65999984741211,10.774999618530273,1243600
2002-11-01,XLE,10.774999618530273,11.0600004196167,10.774999618530273,11.0600004196167,755200
2002-11-04,XLE,11.09000015258789,11.104999542236328,10.850000381469727,10.875,315200
2002-11-05,XLE,10.875,11.100000381469727,10.8100004196167,11.100000381469727,189200
2002-11-06,XLE,11.175000190734863,11.25,10.949999809265137,11.199999809265137,466800
2002-11-07,XLE,11.125,11.25,10.925000190734863,10.989999771118164,755600
2002-11-08,XLE,11.074999809265137,11.074999809265137,10.925000190734863,10.925000190734863,331400
2002-11-11,XLE,10.875,11.024999618530273,10.774999618530273,10.789999961853027,312800
2002-11-12,XLE,10.890000343322754,10.914999961853027,10.725000381469727,10.755000114440918,75600
2002-11-13,XLE,10.774999618530273,10.824999809265137,10.399999618530273,10.515000343322754,595200
2002-11-14,XLE,10.619999885559082,10.880000114440918,10.619999885559082,10.854999542236328,1208000
2002-11-15,XLE,10.850000381469727,10.9399995803833,10.779999732971191,10.9399995803833,602600
2002-11-18,XLE,10.994999885559082,11.010000228881836,10.854999542236328,10.949999809265137,131400
2002-11-19,XLE,10.970000267028809,11.079999923706055,10.890000343322754,10.949999809265137,124200
2002-11-20,XLE,10.90999984741211,11.1850004196167,10.90999984741211,11.164999961853027,318000
2002-11-21,XLE,11.25,11.279999732971191,11.125,11.25,379600
2002-11-22,XLE,11.175000190734863,11.175000190734863,11.0,11.010000228881836,580600
2002-11-25,XLE,10.96500015258789,11.135000228881836,10.925000190734863,11.100000381469727,151000
2002-11-26,XLE,11.024999618530273,11.024999618530273,10.869999885559082,10.890000343322754,164000
2002-11-27,XLE,10.975000381469727,11.125,10.930000305175781,11.085000038146973,372800
2002-11-29,XLE,11.180000305175781,11.239999771118164,11.119999885559082,11.220000267028809,135000
2002-12-02,XLE,11.265000343322754,11.305000305175781,11.140000343322754,11.255000114440918,484200
2002-12-03,XLE,11.359999656677246,11.475000381469727,11.295000076293945,11.364999771118164,788200
2002-12-04,XLE,11.295000076293945,11.335000038146973,11.210000038146973,11.265000343322754,962400
2002-12-05,XLE,11.329999923706055,11.369999885559082,11.239999771118164,11.34000015258789,253600
2002-12-06,XLE,11.229999542236328,11.484999656677246,11.210000038146973,11.449999809265137,1423800
2002-12-09,XLE,11.399999618530273,11.574999809265137,11.25,11.25,525600
2002-12-10,XLE,11.274999618530273,11.425000190734863,11.199999809265137,11.425000190734863,810400
2002-12-11,XLE,11.300000190734863,11.425000190734863,11.234999656677246,11.364999771118164,827000
2002-12-12,XLE,11.359999656677246,11.510000228881836,11.359999656677246,11.46500015258789,315600
2002-12-13,XLE,11.449999809265137,11.53499984741211,11.385000228881836,11.4350004196167,347800
2002-12-16,XLE,11.454999923706055,11.640000343322754,11.454999923706055,11.630000114440918,1204800
2002-12-17,XLE,11.640000343322754,11.6899995803833,11.479999542236328,11.510000228881836,413200
2002-12-18,XLE,11.390000343322754,11.5,11.319999694824219,11.414999961853027,385600
2002-12-19,XLE,11.34000015258789,11.449999809265137,11.279999732971191,11.300000190734863,1681800
2002-12-20,XLE,11.3100004196167,11.470000267028809,11.265000343322754,11.470000267028809,517200
2002-12-23,XLE,11.524999618530273,11.555000305175781,11.444999694824219,11.520000457763672,247800
2002-12-24,XLE,11.5,11.5,11.430000305175781,11.46500015258789,135600
2002-12-26,XLE,11.460000038146973,11.515000343322754,11.3100004196167,11.335000038146973,394600
2002-12-27,XLE,11.364999771118164,11.385000228881836,11.079999923706055,11.09000015258789,947200
2002-12-30,XLE,11.175000190734863,11.260000228881836,11.100000381469727,11.145000457763672,496200
2002-12-31,XLE,11.154999732971191,11.170000076293945,10.975000381469727,11.164999961853027,459000
2003-01-02,XLE,11.225000381469727,11.414999961853027,11.210000038146973,11.399999618530273,151400
2003-01-03,XLE,11.449999809265137,11.449999809265137,11.34000015258789,11.380000114440918,86200
2003-01-06,XLE,11.399999618530273,11.53499984741211,11.395000457763672,11.475000381469727,237600
2003-01-07,XLE,11.375,11.375,11.0600004196167,11.100000381469727,900400
2003-01-08,XLE,11.100000381469727,11.100000381469727,10.960000038146973,10.994999885559082,1420800
2003-01-09,XLE,11.100000381469727,11.194999694824219,11.03499984741211,11.135000228881836,1232600
2003-01-10,XLE,11.039999961853027,11.175000190734863,11.029999732971191,11.045000076293945,431200
2003-01-13,XLE,11.085000038146973,11.085000038146973,10.944999694824219,11.005000114440918,993600
2003-01-14,XLE,11.095000267028809,11.095000267028809,10.975000381469727,11.050000190734863,134200
2003-01-15,XLE,11.039999961853027,11.130000114440918,11.0,11.085000038146973,1504600
2003-01-16,XLE,11.140000343322754,11.265000343322754,11.140000343322754,11.194999694824219,1024200
2003-01-17,XLE,11.154999732971191,11.210000038146973,11.074999809265137,11.109999656677246,355200
2003-01-21,XLE,10.984999656677246,10.984999656677246,10.84000015258789,10.850000381469727,418800
2003-01-22,XLE,10.744999885559082,10.90999984741211,10.625,10.819999694824219,332200
2003-01-23,XLE,10.8149995803833,10.885000228881836,10.75,10.850000381469727,391000
2003-01-24,XLE,10.789999961853027,10.859999656677246,10.604999542236328,10.65999984741211,469400
2003-01-27,XLE,10.539999961853027,10.579999923706055,10.229999542236328,10.324999809265137,1924400
2003-01-28,XLE,10.425000190734863,10.545000076293945,10.395000457763672,10.5,557200
2003-01-29,XLE,10.524999618530273,10.904999732971191,10.510000228881836,10.84000015258789,696600
2003-01-30,XLE,10.875,11.0,10.670000076293945,10.670000076293945,2020400
2003-01-31,XLE,10.604999542236328,10.890000343322754,10.5600004196167,10.885000228881836,1263400
2003-02-03,XLE,10.899999618530273,11.0,10.800000190734863,10.970000267028809,1023800
2003-02-04,XLE,10.885000228881836,11.114999771118164,10.774999618530273,11.045000076293945,782200
2003-02-05,XLE,11.145000457763672,11.145000457763672,10.954999923706055,10.96500015258789,667600
2003-02-06,XLE,10.949999809265137,11.0,10.824999809265137,10.920000076293945,467600
2003-02-07,XLE,11.0,11.0,10.779999732971191,10.819999694824219,1319400
2003-02-10,XLE,10.859999656677246,10.960000038146973,10.819999694824219,10.960000038146973,690000
2003-02-11,XLE,11.039999961853027,11.069999694824219,10.84000015258789,10.890000343322754,1050600
2003-02-12,XLE,10.899999618530273,10.899999618530273,10.670000076293945,10.699999809265137,254600
2003-02-13,XLE,10.6899995803833,10.710000038146973,10.529999732971191,10.649999618530273,726600
2003-02-14,XLE,10.649999618530273,10.789999961853027,10.595000267028809,10.734999656677246,686400
2003-02-18,XLE,10.824999809265137,10.954999923706055,10.800000190734863,10.90999984741211,172000
2003-02-19,XLE,10.9399995803833,10.984999656677246,10.859999656677246,10.899999618530273,104600
2003-02-20,XLE,11.020000457763672,11.03499984741211,10.875,10.875,802200
2003-02-21,XLE,10.890000343322754,11.15999984741211,10.890000343322754,11.114999771118164,4496000
2003-02-24,XLE,11.149999618530273,11.289999961853027,11.114999771118164,11.210000038146973,872800
2003-02-25,XLE,11.345000267028809,11.414999961853027,11.069999694824219,11.149999618530273,883000
2003-02-26,XLE,11.180000305175781,11.289999961853027,11.125,11.180000305175781,651600
2003-02-27,XLE,11.274999618530273,11.289999961853027,11.079999923706055,11.114999771118164,567600
2003-02-28,XLE,11.135000228881836,11.289999961853027,11.135000228881836,11.204999923706055,445800
2003-03-03,XLE,11.180000305175781,11.300000190734863,11.180000305175781,11.244999885559082,253400
2003-03-04,XLE,11.274999618530273,11.279999732971191,11.164999961853027,11.1899995803833,3145400
2003-03-05,XLE,11.210000038146973,11.289999961853027,11.170000076293945,11.289999961853027,826600
2003-03-06,XLE,11.289999961853027,11.324999809265137,11.204999923706055,11.300000190734863,306800
2003-03-07,XLE,11.220000267028809,11.335000038146973,11.170000076293945,11.300000190734863,2526800
2003-03-10,XLE,11.25,11.34000015258789,11.164999961853027,11.1850004196167,807400
2003-03-11,XLE,11.25,11.289999961853027,11.055000305175781,11.074999809265137,106800
2003-03-12,XLE,10.949999809265137,10.949999809265137,10.725000381469727,10.899999618530273,6548800
2003-03-13,XLE,11.0,11.020000457763672,10.859999656677246,10.944999694824219,1700800
2003-03-14,XLE,10.914999961853027,10.984999656677246,10.859999656677246,10.899999618530273,1989800
2003-03-17,XLE,10.9399995803833,11.109999656677246,10.9399995803833,11.039999961853027,1367600
2003-03-18,XLE,11.050000190734863,11.25,10.90999984741211,11.25,973400
2003-03-19,XLE,11.289999961853027,11.3100004196167,11.15999984741211,11.265000343322754,834600
2003-03-20,XLE,11.25,11.425000190734863,11.175000190734863,11.375,2105000
2003-03-21,XLE,11.28499984741211,11.329999923706055,11.164999961853027,11.1899995803833,220200
2003-03-24,XLE,11.204999923706055,11.260000228881836,11.0,11.024999618530273,1154800
2003-03-25,XLE,11.119999885559082,11.260000228881836,11.095000267028809,11.125,772800
2003-03-26,XLE,11.199999809265137,11.199999809265137,11.085000038146973,11.149999618530273,720200
2003-03-27,XLE,11.125,11.324999809265137,11.104999542236328,11.239999771118164,1686600
2003-03-28,XLE,11.234999656677246,11.404999732971191,11.234999656677246,11.34000015258789,829600
2003-03-31,XLE,11.274999618530273,11.274999618530273,11.149999618530273,11.15999984741211,871200
2003-04-01,XLE,11.175000190734863,11.390000343322754,11.175000190734863,11.369999885559082,661400
2003-04-02,XLE,11.335000038146973,11.345000267028809,11.25,11.345000267028809,651200
2003-04-03,XLE,11.345000267028809,11.359999656677246,11.100000381469727,11.135000228881836,2745000
2003-04-04,XLE,11.164999961853027,11.21500015258789,11.149999618530273,11.194999694824219,284600
2003-04-07,XLE,11.300000190734863,11.300000190734863,11.069999694824219,11.109999656677246,545200
2003-04-08,XLE,11.0,11.039999961853027,10.9350004196167,10.975000381469727,447800
2003-04-09,XLE,11.03499984741211,11.09000015258789,10.944999694824219,10.970000267028809,797200
2003-04-10,XLE,11.050000190734863,11.119999885559082,11.005000114440918,11.119999885559082,1190800
2003-04-11,XLE,11.074999809265137,11.104999542236328,10.979999542236328,11.055000305175781,88600
2003-04-14,XLE,11.079999923706055,11.140000343322754,11.005000114440918,11.109999656677246,502600
2003-04-15,XLE,11.100000381469727,11.119999885559082,11.010000228881836,11.079999923706055,271800
2003-04-16,XLE,11.0600004196167,11.095000267028809,10.914999961853027,10.930000305175781,6234800
2003-04-17,XLE,10.96500015258789,11.154999732971191,10.904999732971191,11.149999618530273,798400
2003-04-21,XLE,11.164999961853027,11.21500015258789,11.100000381469727,11.145000457763672,847600
2003-04-22,XLE,11.145000457763672,11.350000381469727,11.074999809265137,11.300000190734863,391200
2003-04-23,XLE,11.359999656677246,11.375,11.1899995803833,11.300000190734863,980800
2003-04-24,XLE,11.244999885559082,11.350000381469727,11.220000267028809,11.260000228881836,382200
2003-04-25,XLE,11.199999809265137,11.199999809265137,11.0600004196167,11.119999885559082,715000
2003-04-28,XLE,11.145000457763672,11.279999732971191,11.140000343322754,11.170000076293945,807600
2003-04-29,XLE,11.170000076293945,11.170000076293945,10.970000267028809,11.015000343322754,461600
2003-04-30,XLE,11.0,11.100000381469727,11.0,11.0649995803833,102200
2003-05-01,XLE,11.15999984741211,11.15999984741211,10.989999771118164,11.119999885559082,882200
2003-05-02,XLE,11.15999984741211,11.34000015258789,11.15999984741211,11.295000076293945,910800
2003-05-05,XLE,11.34000015258789,11.385000228881836,11.270000457763672,11.364999771118164,853000
2003-05-06,XLE,11.395000457763672,11.425000190734863,11.274999618530273,11.350000381469727,1084400
2003-05-07,XLE,11.324999809265137,11.484999656677246,11.239999771118164,11.425000190734863,1107400
2003-05-08,XLE,11.364999771118164,11.524999618530273,11.350000381469727,11.4399995803833,328000
2003-05-09,XLE,11.470000267028809,11.550000190734863,11.390000343322754,11.515000343322754,644200
2003-05-12,XLE,11.5,11.649999618530273,11.460000038146973,11.569999694824219,3372800
2003-05-13,XLE,11.550000190734863,11.770000457763672,11.550000190734863,11.699999809265137,1070600
2003-05-14,XLE,11.710000038146973,11.760000228881836,11.625,11.75,518200
2003-05-15,XLE,11.800000190734863,11.800000190734863,11.704999923706055,11.755000114440918,1561800
2003-05-16,XLE,11.8149995803833,11.84000015258789,11.699999809265137,11.795000076293945,2015800
2003-05-19,XLE,11.774999618530273,11.779999732971191,11.664999961853027,11.675000190734863,348800
2003-05-20,XLE,11.694999694824219,11.699999809265137,11.569999694824219,11.630000114440918,529000
2003-05-21,XLE,11.595000267028809,12.0,11.595000267028809,11.975000381469727,2504400
2003-05-22,XLE,11.975000381469727,12.005000114440918,11.925000190734863,11.949999809265137,479200
2003-05-23,XLE,11.960000038146973,12.104999542236328,11.895000457763672,12.0600004196167,1458200
2003-05-27,XLE,12.020000457763672,12.319999694824219,12.0,12.300000190734863,633000
2003-05-28,XLE,12.279999732971191,12.3100004196167,12.125,12.154999732971191,1008400
2003-05-29,XLE,12.210000038146973,12.210000038146973,12.0,12.039999961853027,974200
2003-05-30,XLE,12.09000015258789,12.28499984741211,12.069999694824219,12.239999771118164,995800
2003-06-02,XLE,12.300000190734863,12.4350004196167,12.260000228881836,12.305000305175781,1196600
2003-06-03,XLE,12.3100004196167,12.395000457763672,12.225000381469727,12.395000457763672,1142600
2003-06-04,XLE,12.420000076293945,12.5,12.329999923706055,12.475000381469727,1109600
2003-06-05,XLE,12.449999809265137,12.449999809265137,12.329999923706055,12.40999984741211,316800
2003-06-06,XLE,12.425000190734863,12.5649995803833,12.329999923706055,12.385000228881836,492600
2003-06-09,XLE,12.324999809265137,12.385000228881836,12.279999732971191,12.364999771118164,309800
2003-06-10,XLE,12.359999656677246,12.449999809265137,12.335000038146973,12.4399995803833,140400
2003-06-11,XLE,12.524999618530273,12.805000305175781,12.460000038146973,12.800000190734863,2024400
2003-06-12,XLE,12.875,12.899999618530273,12.5600004196167,12.6850004196167,421200
2003-06-13,XLE,12.649999618530273,12.649999618530273,12.369999885559082,12.475000381469727,1439000
2003-06-16,XLE,12.5,12.5,12.3100004196167,12.460000038146973,877600
2003-06-17,XLE,12.385000228881836,12.470000267028809,12.300000190734863,12.34000015258789,192600
2003-06-18,XLE,12.300000190734863,12.380000114440918,12.210000038146973,12.265000343322754,360200
2003-06-19,XLE,12.295000076293945,12.425000190734863,12.25,12.329999923706055,415200
2003-06-20,XLE,12.324999809265137,12.324999809265137,12.194999694824219,12.225000381469727,2419400
2003-06-23,XLE,12.199999809265137,12.239999771118164,12.119999885559082,12.1899995803833,361400
2003-06-24,XLE,12.229999542236328,12.244999885559082,12.15999984741211,12.180000305175781,113600
2003-06-25,XLE,12.25,12.390000343322754,12.149999618530273,12.199999809265137,142000
2003-06-26,XLE,12.175000190734863,12.260000228881836,12.104999542236328,12.145000457763672,843200
2003-06-27,XLE,12.140000343322754,12.199999809265137,12.0649995803833,12.100000381469727,180800
2003-06-30,XLE,12.149999618530273,12.164999961853027,12.024999618530273,12.024999618530273,185600
2003-07-01,XLE,11.944999694824219,12.055000305175781,11.84000015258789,12.015000343322754,446600
2003-07-02,XLE,11.960000038146973,12.039999961853027,11.925000190734863,12.0,280400
2003-07-03,XLE,12.0,12.024999618530273,11.899999618530273,11.979999542236328,319600
2003-07-07,XLE,12.024999618530273,12.024999618530273,11.880000114440918,11.899999618530273,1385400
2003-07-08,XLE,11.824999809265137,11.9399995803833,11.819999694824219,11.880000114440918,483200
2003-07-09,XLE,11.975000381469727,12.03499984741211,11.885000228881836,12.0,292800
2003-07-10,XLE,12.0,12.0,11.71500015258789,11.819999694824219,486800
2003-07-11,XLE,11.765000343322754,11.914999961853027,11.75,11.854999542236328,533200
2003-07-14,XLE,11.920000076293945,11.920000076293945,11.710000038146973,11.75,259400
2003-07-15,XLE,11.675000190734863,11.774999618530273,11.600000381469727,11.649999618530273,1077000
2003-07-16,XLE,11.635000228881836,11.6899995803833,11.5,11.539999961853027,210600
2003-07-17,XLE,11.539999961853027,11.699999809265137,11.475000381469727,11.614999771118164,370200
2003-07-18,XLE,11.649999618530273,11.930000305175781,11.649999618530273,11.880000114440918,323400
2003-07-21,XLE,11.960000038146973,11.984999656677246,11.760000228881836,11.8149995803833,330400
2003-07-22,XLE,11.774999618530273,11.875,11.699999809265137,11.78499984741211,252800
2003-07-23,XLE,11.875,11.875,11.59000015258789,11.720000267028809,1113600
2003-07-24,XLE,11.774999618530273,11.829999923706055,11.579999923706055,11.609999656677246,404000
2003-07-25,XLE,11.550000190734863,11.71500015258789,11.550000190734863,11.71500015258789,1789000
2003-07-28,XLE,11.699999809265137,11.729999542236328,11.614999771118164,11.664999961853027,915400
2003-07-29,XLE,11.600000381469727,11.6850004196167,11.479999542236328,11.5,899000
2003-07-30,XLE,11.5,11.5600004196167,11.460000038146973,11.515000343322754,280200
2003-07-31,XLE,11.625,11.795000076293945,11.550000190734863,11.600000381469727,1229800
2003-08-01,XLE,11.625,11.625,11.479999542236328,11.569999694824219,857200
2003-08-04,XLE,11.505000114440918,11.539999961853027,11.364999771118164,11.449999809265137,503600
2003-08-05,XLE,11.475000381469727,11.5600004196167,11.399999618530273,11.399999618530273,1512600
2003-08-06,XLE,11.375,11.625,11.375,11.600000381469727,592400
2003-08-07,XLE,11.600000381469727,11.890000343322754,11.579999923706055,11.890000343322754,980000
2003-08-08,XLE,11.975000381469727,11.975000381469727,11.8149995803833,11.925000190734863,1307400
2003-08-11,XLE,11.975000381469727,12.074999809265137,11.9399995803833,11.979999542236328,605400
2003-08-12,XLE,12.005000114440918,12.069999694824219,11.930000305175781,12.0649995803833,2039000
2003-08-13,XLE,12.125,12.145000457763672,12.039999961853027,12.055000305175781,437000
2003-08-14,XLE,12.164999961853027,12.164999961853027,12.024999618530273,12.100000381469727,1479400
2003-08-15,XLE,12.125,12.149999618530273,12.0649995803833,12.140000343322754,472800
2003-08-18,XLE,12.149999618530273,12.1850004196167,12.100000381469727,12.140000343322754,213600
2003-08-19,XLE,12.140000343322754,12.170000076293945,12.029999732971191,12.085000038146973,524600
2003-08-20,XLE,12.0600004196167,12.1899995803833,12.050000190734863,12.140000343322754,749600
2003-08-21,XLE,12.225000381469727,12.300000190734863,12.1850004196167,12.255000114440918,806800
2003-08-22,XLE,12.300000190734863,12.300000190734863,12.0649995803833,12.0649995803833,722200
2003-08-25,XLE,12.109999656677246,12.114999771118164,12.024999618530273,12.0649995803833,229000
2003-08-26,XLE,12.0649995803833,12.100000381469727,11.930000305175781,12.074999809265137,516000
2003-08-27,XLE,12.130000114440918,12.1850004196167,12.109999656677246,12.125,319800
2003-08-28,XLE,12.104999542236328,12.329999923706055,12.050000190734863,12.324999809265137,1065400
2003-08-29,XLE,12.289999961853027,12.350000381469727,12.225000381469727,12.34000015258789,301200
2003-09-02,XLE,12.305000305175781,12.420000076293945,12.229999542236328,12.420000076293945,778600
2003-09-03,XLE,12.369999885559082,12.46500015258789,12.359999656677246,12.425000190734863,346800
2003-09-04,XLE,12.444999694824219,12.444999694824219,12.359999656677246,12.404999732971191,432000
2003-09-05,XLE,12.395000457763672,12.399999618530273,12.3100004196167,12.350000381469727,143400
2003-09-08,XLE,12.385000228881836,12.524999618530273,12.350000381469727,12.520000457763672,555200
2003-09-09,XLE,12.510000228881836,12.510000228881836,12.350000381469727,12.385000228881836,2343200
2003-09-10,XLE,12.385000228881836,12.390000343322754,12.25,12.255000114440918,1348800
2003-09-11,XLE,12.34000015258789,12.350000381469727,12.21500015258789,12.229999542236328,213400
2003-09-12,XLE,12.274999618530273,12.274999618530273,12.154999732971191,12.244999885559082,233400
2003-09-15,XLE,12.210000038146973,12.239999771118164,12.154999732971191,12.164999961853027,437600
2003-09-16,XLE,12.199999809265137,12.21500015258789,12.125,12.1850004196167,143400
2003-09-17,XLE,12.180000305175781,12.1850004196167,12.0,12.024999618530273,338800
2003-09-18,XLE,12.0,12.104999542236328,11.944999694824219,12.074999809265137,751200
2003-09-19,XLE,12.024999618530273,12.125,12.005000114440918,12.125,346400
2003-09-22,XLE,12.085000038146973,12.130000114440918,12.0,12.055000305175781,355400
2003-09-23,XLE,12.140000343322754,12.140000343322754,12.0600004196167,12.125,112600
2003-09-24,XLE,12.175000190734863,12.3149995803833,12.149999618530273,12.1850004196167,650400
2003-09-25,XLE,12.175000190734863,12.210000038146973,12.074999809265137,12.074999809265137,223000
2003-09-26,XLE,12.050000190734863,12.050000190734863,11.890000343322754,11.96500015258789,408000
2003-09-29,XLE,11.96500015258789,12.029999732971191,11.899999618530273,12.024999618530273,190000
2003-09-30,XLE,12.039999961853027,12.100000381469727,11.875,12.024999618530273,215600
2003-10-01,XLE,12.0,12.220000267028809,12.0,12.199999809265137,311400
2003-10-02,XLE,12.199999809265137,12.28499984741211,12.130000114440918,12.279999732971191,227200
2003-10-03,XLE,12.3149995803833,12.470000267028809,12.305000305175781,12.350000381469727,1257600
2003-10-06,XLE,12.399999618530273,12.449999809265137,12.375,12.425000190734863,153800
2003-10-07,XLE,12.359999656677246,12.484999656677246,12.289999961853027,12.484999656677246,1158000
2003-10-08,XLE,12.425000190734863,12.479999542236328,12.324999809265137,12.399999618530273,617000
2003-10-09,XLE,12.425000190734863,12.4399995803833,12.324999809265137,12.359999656677246,461400
2003-10-10,XLE,12.399999618530273,12.520000457763672,12.395000457763672,12.449999809265137,456600
2003-10-13,XLE,12.524999618530273,12.539999961853027,12.430000305175781,12.5,1082000
2003-10-14,XLE,12.449999809265137,12.470000267028809,12.354999542236328,12.449999809265137,1348600
2003-10-15,XLE,12.475000381469727,12.494999885559082,12.229999542236328,12.270000457763672,1112400
2003-10-16,XLE,12.324999809265137,12.425000190734863,12.3149995803833,12.399999618530273,227600
2003-10-17,XLE,12.350000381469727,12.425000190734863,12.270000457763672,12.3149995803833,201600
2003-10-20,XLE,12.329999923706055,12.329999923706055,12.204999923706055,12.3100004196167,276000
2003-10-21,XLE,12.350000381469727,12.399999618530273,12.300000190734863,12.350000381469727,310400
2003-10-22,XLE,12.274999618530273,12.289999961853027,12.149999618530273,12.1850004196167,908800
2003-10-23,XLE,12.149999618530273,12.199999809265137,12.045000076293945,12.164999961853027,212600
2003-10-24,XLE,12.074999809265137,12.15999984741211,12.069999694824219,12.15999984741211,259400
2003-10-27,XLE,12.149999618530273,12.210000038146973,12.09000015258789,12.109999656677246,485000
2003-10-28,XLE,12.149999618530273,12.175000190734863,12.0600004196167,12.145000457763672,572400
2003-10-29,XLE,12.170000076293945,12.244999885559082,12.104999542236328,12.119999885559082,480600
2003-10-30,XLE,12.100000381469727,12.175000190734863,11.880000114440918,11.954999923706055,688400
2003-10-31,XLE,12.010000228881836,12.1899995803833,11.984999656677246,12.140000343322754,303000
2003-11-03,XLE,12.15999984741211,12.199999809265137,12.015000343322754,12.0649995803833,557600
2003-11-04,XLE,12.029999732971191,12.095000267028809,12.005000114440918,12.024999618530273,307600
2003-11-05,XLE,12.050000190734863,12.079999923706055,11.989999771118164,12.0600004196167,748000
2003-11-06,XLE,12.050000190734863,12.119999885559082,11.989999771118164,12.074999809265137,273600
2003-11-07,XLE,12.119999885559082,12.15999984741211,12.079999923706055,12.104999542236328,438000
2003-11-10,XLE,12.125,12.180000305175781,12.055000305175781,12.085000038146973,197400
2003-11-11,XLE,12.130000114440918,12.130000114440918,12.024999618530273,12.079999923706055,445400
2003-11-12,XLE,12.050000190734863,12.170000076293945,12.050000190734863,12.149999618530273,480800
2003-11-13,XLE,12.149999618530273,12.295000076293945,12.149999618530273,12.260000228881836,278400
2003-11-14,XLE,12.289999961853027,12.354999542236328,12.239999771118164,12.28499984741211,939000
2003-11-17,XLE,12.199999809265137,12.220000267028809,12.079999923706055,12.15999984741211,289000
2003-11-18,XLE,12.175000190734863,12.180000305175781,12.045000076293945,12.074999809265137,531800
2003-11-19,XLE,12.0649995803833,12.119999885559082,12.024999618530273,12.104999542236328,790200
2003-11-20,XLE,12.010000228881836,12.140000343322754,12.010000228881836,12.074999809265137,555800
2003-11-21,XLE,12.050000190734863,12.100000381469727,11.949999809265137,11.984999656677246,697200
2003-11-24,XLE,12.0,12.069999694824219,11.994999885559082,12.050000190734863,372800
2003-11-25,XLE,12.050000190734863,12.1899995803833,12.029999732971191,12.119999885559082,631000
2003-11-26,XLE,12.194999694824219,12.28499984741211,12.145000457763672,12.234999656677246,782200
2003-11-28,XLE,12.28499984741211,12.28499984741211,12.1899995803833,12.234999656677246,288600
2003-12-01,XLE,12.295000076293945,12.375,12.25,12.359999656677246,382000
2003-12-02,XLE,12.359999656677246,12.470000267028809,12.34000015258789,12.444999694824219,1800800
2003-12-03,XLE,12.444999694824219,12.484999656677246,12.375,12.375,499400
2003-12-04,XLE,12.359999656677246,12.71500015258789,12.359999656677246,12.675000190734863,891600
2003-12-05,XLE,12.720000267028809,12.779999732971191,12.675000190734863,12.765000343322754,1163800
2003-12-08,XLE,12.800000190734863,12.925000190734863,12.75,12.904999732971191,1115000
2003-12-09,XLE,12.9350004196167,12.994999885559082,12.90999984741211,12.914999961853027,2118000
2003-12-10,XLE,12.975000381469727,12.984999656677246,12.875,12.925000190734863,2366800
2003-12-11,XLE,12.899999618530273,13.010000228881836,12.875,12.989999771118164,1062200
2003-12-12,XLE,13.050000190734863,13.149999618530273,12.989999771118164,13.135000228881836,635800
2003-12-15,XLE,13.085000038146973,13.100000381469727,12.954999923706055,12.970000267028809,1375600
2003-12-16,XLE,13.005000114440918,13.180000305175781,13.005000114440918,13.164999961853027,1183200
2003-12-17,XLE,13.164999961853027,13.289999961853027,13.109999656677246,13.289999961853027,1980800
2003-12-18,XLE,13.359999656677246,13.704999923706055,13.335000038146973,13.645000457763672,3413600
2003-12-19,XLE,13.604999542236328,13.630000114440918,13.5,13.5600004196167,2215400
2003-12-22,XLE,13.505000114440918,14.0,13.5,13.574999809265137,785400
2003-12-23,XLE,13.555000305175781,13.555000305175781,13.40999984741211,13.479999542236328,1505200
2003-12-24,XLE,13.470000267028809,13.6899995803833,13.470000267028809,13.625,347800
2003-12-26,XLE,13.609999656677246,13.704999923706055,13.609999656677246,13.680000305175781,676000
2003-12-29,XLE,13.699999809265137,13.850000381469727,13.649999618530273,13.84000015258789,1110400
2003-12-30,XLE,13.854999542236328,13.960000038146973,13.8149995803833,13.869999885559082,1018400
2003-12-31,XLE,13.914999961853027,13.944999694824219,13.725000381469727,13.774999618530273,1529600
2004-01-02,XLE,13.904999732971191,13.904999732971191,13.699999809265137,13.770000457763672,988000
2004-01-05,XLE,13.850000381469727,14.0649995803833,13.829999923706055,14.03499984741211,1648800
2004-01-06,XLE,14.050000190734863,14.0649995803833,13.930000305175781,14.020000457763672,1382200
2004-01-07,XLE,13.944999694824219,13.944999694824219,13.789999961853027,13.875,3353600
2004-01-08,XLE,13.890000343322754,13.9399995803833,13.770000457763672,13.914999961853027,2669800
2004-01-09,XLE,13.875,14.100000381469727,13.8100004196167,13.984999656677246,4739600
2004-01-12,XLE,14.029999732971191,14.069999694824219,13.975000381469727,14.024999618530273,1640000
2004-01-13,XLE,14.074999809265137,14.164999961853027,14.0,14.029999732971191,2006000
2004-01-14,XLE,14.024999618530273,14.024999618530273,13.904999732971191,13.994999885559082,1660400
2004-01-15,XLE,14.024999618530273,14.0600004196167,13.755000114440918,13.760000228881836,2048200
2004-01-16,XLE,13.850000381469727,13.925000190734863,13.739999771118164,13.890000343322754,711200
2004-01-20,XLE,14.024999618530273,14.255000114440918,13.975000381469727,14.239999771118164,1912400
2004-01-21,XLE,14.239999771118164,14.380000114440918,14.204999923706055,14.324999809265137,1496000
2004-01-22,XLE,14.399999618530273,14.425000190734863,14.164999961853027,14.255000114440918,850200
2004-01-23,XLE,14.274999618530273,14.449999809265137,14.274999618530273,14.380000114440918,3394600
2004-01-26,XLE,14.300000190734863,14.494999885559082,14.274999618530273,14.46500015258789,1367800
2004-01-27,XLE,14.5,14.555000305175781,14.399999618530273,14.4350004196167,1509000
2004-01-28,XLE,14.425000190734863,14.460000038146973,14.21500015258789,14.229999542236328,1881000
2004-01-29,XLE,14.324999809265137,14.359999656677246,14.149999618530273,14.220000267028809,6494200
2004-01-30,XLE,14.199999809265137,14.239999771118164,14.055000305175781,14.085000038146973,1227000
2004-02-02,XLE,14.119999885559082,14.234999656677246,14.010000228881836,14.164999961853027,1877800
2004-02-03,XLE,14.074999809265137,14.170000076293945,14.03499984741211,14.109999656677246,869000
2004-02-04,XLE,14.074999809265137,14.100000381469727,13.930000305175781,14.010000228881836,1072000
2004-02-05,XLE,13.994999885559082,14.024999618530273,13.760000228881836,13.885000228881836,2080400
2004-02-06,XLE,13.904999732971191,13.979999542236328,13.824999809265137,13.979999542236328,1031800
2004-02-09,XLE,14.0,14.199999809265137,14.0,14.149999618530273,1478600
2004-02-10,XLE,14.175000190734863,14.369999885559082,14.154999732971191,14.34000015258789,1883600
2004-02-11,XLE,14.300000190734863,14.550000190734863,14.265000343322754,14.53499984741211,4028200
2004-02-12,XLE,14.524999618530273,14.635000228881836,14.460000038146973,14.579999923706055,1565800
2004-02-13,XLE,14.5649995803833,14.604999542236328,14.444999694824219,14.545000076293945,1720600
2004-02-17,XLE,14.649999618530273,14.694999694824219,14.609999656677246,14.670000076293945,1065400
2004-02-18,XLE,14.6850004196167,14.694999694824219,14.475000381469727,14.515000343322754,1508000
2004-02-19,XLE,14.555000305175781,14.614999771118164,14.5,14.5,841400
2004-02-20,XLE,14.625,14.625,14.420000076293945,14.494999885559082,645400
2004-02-23,XLE,14.550000190734863,14.625,14.520000457763672,14.609999656677246,1211000
2004-02-24,XLE,14.574999809265137,14.6899995803833,14.569999694824219,14.635000228881836,936200
2004-02-25,XLE,14.585000038146973,14.729999542236328,14.585000038146973,14.704999923706055,1959600
2004-02-26,XLE,14.725000381469727,14.789999961853027,14.65999984741211,14.755000114440918,1503600
2004-02-27,XLE,14.800000190734863,14.875,14.755000114440918,14.824999809265137,1030400
2004-03-01,XLE,14.9350004196167,15.130000114440918,14.895000457763672,15.109999656677246,3672800
2004-03-02,XLE,15.024999618530273,15.149999618530273,14.739999771118164,14.979999542236328,2509000
2004-03-03,XLE,14.975000381469727,15.010000228881836,14.8100004196167,14.960000038146973,1321200
2004-03-04,XLE,15.0,15.005000114440918,14.864999771118164,14.914999961853027,1287000
2004-03-05,XLE,14.949999809265137,15.130000114440918,14.899999618530273,15.045000076293945,1727800
2004-03-08,XLE,15.114999771118164,15.239999771118164,15.074999809265137,15.109999656677246,1130600
2004-03-09,XLE,15.0600004196167,15.100000381469727,14.930000305175781,15.010000228881836,1783600
2004-03-10,XLE,15.0,15.015000343322754,14.704999923706055,14.75,962800
2004-03-11,XLE,14.600000381469727,14.694999694824219,14.390000343322754,14.420000076293945,3188400
2004-03-12,XLE,14.524999618530273,14.65999984741211,14.470000267028809,14.630000114440918,1088400
2004-03-15,XLE,14.699999809265137,14.789999961853027,14.625,14.65999984741211,1742800
2004-03-16,XLE,14.725000381469727,14.725000381469727,14.550000190734863,14.654999732971191,1173000
2004-03-17,XLE,14.800000190734863,14.944999694824219,14.71500015258789,14.859999656677246,3172200
2004-03-18,XLE,14.899999618530273,15.029999732971191,14.835000038146973,15.010000228881836,1041000
2004-03-19,XLE,14.949999809265137,14.949999809265137,14.640000343322754,14.640000343322754,1168400
2004-03-22,XLE,14.640000343322754,14.640000343322754,14.475000381469727,14.5,1957600
2004-03-23,XLE,14.550000190734863,14.574999809265137,14.28499984741211,14.399999618530273,2405400
2004-03-24,XLE,14.369999885559082,14.454999923706055,14.050000190734863,14.095000267028809,2021600
2004-03-25,XLE,14.175000190734863,14.175000190734863,14.005000114440918,14.039999961853027,2029800
2004-03-26,XLE,14.074999809265137,14.319999694824219,14.074999809265137,14.199999809265137,1550000
2004-03-29,XLE,14.300000190734863,14.414999961853027,14.244999885559082,14.274999618530273,2820800
2004-03-30,XLE,14.324999809265137,14.595000267028809,14.274999618530273,14.53499984741211,1630800
2004-03-31,XLE,14.5600004196167,14.734999656677246,14.494999885559082,14.670000076293945,4161200
2004-04-01,XLE,14.694999694824219,14.75,14.454999923706055,14.5,6629000
2004-04-02,XLE,14.5,14.585000038146973,14.470000267028809,14.5649995803833,2320200
2004-04-05,XLE,14.524999618530273,14.675000190734863,14.524999618530273,14.640000343322754,1083000
2004-04-06,XLE,14.640000343322754,14.71500015258789,14.585000038146973,14.640000343322754,1184000
2004-04-07,XLE,14.625,14.725000381469727,14.494999885559082,14.640000343322754,2812400
2004-04-08,XLE,14.774999618530273,14.875,14.725000381469727,14.770000457763672,2323600
2004-04-12,XLE,14.895000457763672,15.125,14.895000457763672,15.050000190734863,2562400
2004-04-13,XLE,15.125,15.175000190734863,14.899999618530273,14.920000076293945,2517600
2004-04-14,XLE,14.875,14.989999771118164,14.789999961853027,14.949999809265137,2885600
2004-04-15,XLE,14.949999809265137,15.170000076293945,14.949999809265137,15.149999618530273,1868200
2004-04-16,XLE,15.225000381469727,15.270000457763672,15.125,15.270000457763672,1464400
2004-04-19,XLE,15.274999618530273,15.335000038146973,15.164999961853027,15.234999656677246,1958000
2004-04-20,XLE,15.21500015258789,15.220000267028809,14.904999732971191,14.925000190734863,1379200
2004-04-21,XLE,14.824999809265137,14.925000190734863,14.744999885559082,14.875,2686000
2004-04-22,XLE,14.899999618530273,15.170000076293945,14.824999809265137,15.170000076293945,919000
2004-04-23,XLE,15.199999809265137,15.199999809265137,14.989999771118164,15.050000190734863,2653600
2004-04-26,XLE,15.149999618530273,15.25,15.074999809265137,15.135000228881836,2206800
2004-04-27,XLE,15.25,15.520000457763672,15.225000381469727,15.449999809265137,5102200
2004-04-28,XLE,15.425000190734863,15.449999809265137,15.199999809265137,15.229999542236328,2733600
2004-04-29,XLE,15.25,15.270000457763672,14.765000343322754,14.864999771118164,2135800
2004-04-30,XLE,14.949999809265137,15.069999694824219,14.899999618530273,14.920000076293945,2504400
2004-05-03,XLE,14.96500015258789,15.295000076293945,14.899999618530273,15.265000343322754,4479200
2004-05-04,XLE,15.399999618530273,15.399999618530273,15.175000190734863,15.274999618530273,1811000
2004-05-05,XLE,15.149999618530273,15.350000381469727,15.0,15.324999809265137,1378000
2004-05-06,XLE,15.399999618530273,15.399999618530273,15.104999542236328,15.25,1296200
2004-05-07,XLE,15.274999618530273,15.274999618530273,14.880000114440918,14.880000114440918,1331200
2004-05-10,XLE,14.755000114440918,14.755000114440918,14.324999809265137,14.449999809265137,3769800
2004-05-11,XLE,14.574999809265137,14.725000381469727,14.550000190734863,14.699999809265137,2000600
2004-05-12,XLE,14.640000343322754,14.850000381469727,14.600000381469727,14.789999961853027,6504000
2004-05-13,XLE,14.75,14.899999618530273,14.725000381469727,14.75,3138000
2004-05-14,XLE,14.800000190734863,15.069999694824219,14.75,14.925000190734863,3114800
2004-05-17,XLE,14.899999618530273,15.050000190734863,14.890000343322754,14.925000190734863,3456800
2004-05-18,XLE,14.925000190734863,15.0,14.649999618530273,14.704999923706055,3787400
2004-05-19,XLE,14.725000381469727,14.850000381469727,14.604999542236328,14.640000343322754,6030200
2004-05-20,XLE,14.675000190734863,14.744999885559082,14.600000381469727,14.625,2638000
2004-05-21,XLE,14.725000381469727,14.744999885559082,14.510000228881836,14.555000305175781,3207600
2004-05-24,XLE,14.550000190734863,14.914999961853027,14.539999961853027,14.885000228881836,5770000
2004-05-25,XLE,14.875,15.140000343322754,14.875,15.135000228881836,4566400
2004-05-26,XLE,15.175000190734863,15.1899995803833,14.970000267028809,15.010000228881836,4302200
2004-05-27,XLE,14.975000381469727,15.010000228881836,14.725000381469727,14.800000190734863,6510800
2004-05-28,XLE,14.774999618530273,14.899999618530273,14.75,14.875,4801400
2004-06-01,XLE,15.015000343322754,15.104999542236328,14.979999542236328,15.079999923706055,5863200
2004-06-02,XLE,15.074999809265137,15.175000190734863,15.020000457763672,15.050000190734863,3585800
2004-06-03,XLE,15.074999809265137,15.170000076293945,14.890000343322754,14.914999961853027,4334600
2004-06-04,XLE,14.899999618530273,14.920000076293945,14.770000457763672,14.84000015258789,1881800
2004-06-07,XLE,14.925000190734863,15.119999885559082,14.854999542236328,15.114999771118164,3925400
2004-06-08,XLE,15.175000190734863,15.220000267028809,14.979999542236328,15.050000190734863,3638200
2004-06-09,XLE,14.925000190734863,14.989999771118164,14.779999732971191,14.930000305175781,6429000
2004-06-10,XLE,15.050000190734863,15.149999618530273,15.015000343322754,15.119999885559082,3868000
2004-06-14,XLE,15.074999809265137,15.175000190734863,14.979999542236328,15.005000114440918,1798200
2004-06-15,XLE,15.175000190734863,15.274999618530273,15.104999542236328,15.220000267028809,2675400
2004-06-16,XLE,15.274999618530273,15.529999732971191,15.274999618530273,15.515000343322754,3869400
2004-06-17,XLE,15.545000076293945,15.670000076293945,15.5,15.630000114440918,1823200
2004-06-18,XLE,15.670000076293945,15.670000076293945,15.545000076293945,15.609999656677246,1731600
2004-06-21,XLE,15.625,15.675000190734863,15.164999961853027,15.574999809265137,953200
2004-06-22,XLE,15.5,15.6850004196167,15.489999771118164,15.680000305175781,2174000
2004-06-23,XLE,15.680000305175781,15.970000267028809,15.664999961853027,15.944999694824219,5333400
2004-06-24,XLE,15.960000038146973,15.994999885559082,15.8149995803833,15.850000381469727,7364600
2004-06-25,XLE,15.845000267028809,15.899999618530273,15.739999771118164,15.760000228881836,2848000
2004-06-28,XLE,15.75,15.75,15.46500015258789,15.53499984741211,6844000
2004-06-29,XLE,15.449999809265137,15.635000228881836,15.449999809265137,15.619999885559082,3332000
2004-06-30,XLE,15.625,15.774999618530273,15.600000381469727,15.739999771118164,4984600
2004-07-01,XLE,15.800000190734863,15.800000190734863,15.654999732971191,15.760000228881836,1904200
2004-07-02,XLE,15.774999618530273,15.875,15.710000038146973,15.819999694824219,726600
2004-07-06,XLE,15.925000190734863,15.970000267028809,15.824999809265137,15.859999656677246,1363400
2004-07-07,XLE,15.8100004196167,15.954999923706055,15.770000457763672,15.954999923706055,1155400
2004-07-08,XLE,15.994999885559082,16.020000457763672,15.805000305175781,15.875,3132800
2004-07-09,XLE,15.949999809265137,15.989999771118164,15.864999771118164,15.96500015258789,1035400
2004-07-12,XLE,15.96500015258789,15.96500015258789,15.800000190734863,15.875,1666800
2004-07-13,XLE,15.84000015258789,15.869999885559082,15.729999542236328,15.835000038146973,1552200
2004-07-14,XLE,15.800000190734863,16.045000076293945,15.800000190734863,16.024999618530273,2703800
2004-07-15,XLE,16.049999237060547,16.190000534057617,16.0,16.1299991607666,1666200
2004-07-16,XLE,16.235000610351562,16.354999542236328,16.190000534057617,16.325000762939453,2277600
2004-07-19,XLE,16.299999237060547,16.364999771118164,16.190000534057617,16.270000457763672,1434000
2004-07-20,XLE,16.274999618530273,16.274999618530273,16.165000915527344,16.219999313354492,1330600
2004-07-21,XLE,16.219999313354492,16.350000381469727,15.930000305175781,15.930000305175781,2030400
2004-07-22,XLE,15.899999618530273,16.049999237060547,15.859999656677246,15.979999542236328,3672600
2004-07-23,XLE,15.989999771118164,15.994999885559082,15.854999542236328,15.920000076293945,5472600
2004-07-26,XLE,15.899999618530273,15.989999771118164,15.670000076293945,15.779999732971191,3911800
2004-07-27,XLE,15.6850004196167,15.979999542236328,15.675000190734863,15.9399995803833,3541400
2004-07-28,XLE,15.899999618530273,16.079999923706055,15.875,16.049999237060547,3710400
2004-07-29,XLE,16.125,16.190000534057617,15.994999885559082,16.165000915527344,3148400
2004-07-30,XLE,16.25,16.274999618530273,16.190000534057617,16.225000381469727,2158800
2004-08-02,XLE,16.25,16.25,16.030000686645508,16.204999923706055,1776000
2004-08-03,XLE,16.25,16.424999237060547,16.25,16.399999618530273,3836000
2004-08-04,XLE,16.424999237060547,16.424999237060547,16.0,16.020000457763672,7684200
2004-08-05,XLE,16.0,16.100000381469727,15.774999618530273,15.779999732971191,4745600
2004-08-06,XLE,15.800000190734863,15.824999809265137,15.430000305175781,15.46500015258789,5498200
2004-08-09,XLE,15.5,15.835000038146973,15.470000267028809,15.71500015258789,4231600
2004-08-10,XLE,15.725000381469727,15.800000190734863,15.604999542236328,15.654999732971191,4610800
2004-08-11,XLE,15.614999771118164,15.680000305175781,15.425000190734863,15.574999809265137,9452400
2004-08-12,XLE,15.625,15.6850004196167,15.375,15.375,4030800
2004-08-13,XLE,15.399999618530273,15.614999771118164,15.399999618530273,15.5649995803833,3305600
2004-08-16,XLE,15.574999809265137,15.65999984741211,15.524999618530273,15.65999984741211,1780400
2004-08-17,XLE,15.625,15.640000343322754,15.279999732971191,15.300000190734863,10978800
2004-08-18,XLE,15.380000114440918,15.520000457763672,15.380000114440918,15.5,4382200
2004-08-19,XLE,15.574999809265137,15.65999984741211,15.505000114440918,15.550000190734863,4529000
2004-08-20,XLE,15.675000190734863,15.869999885559082,15.675000190734863,15.710000038146973,4408200
2004-08-23,XLE,15.744999885559082,15.765000343322754,15.510000228881836,15.515000343322754,3313800
2004-08-24,XLE,15.454999923706055,15.5,15.324999809265137,15.475000381469727,3781200
2004-08-25,XLE,15.5,15.595000267028809,15.5,15.574999809265137,4374400
2004-08-26,XLE,15.569999694824219,15.720000267028809,15.454999923706055,15.6850004196167,2624800
2004-08-27,XLE,15.725000381469727,15.819999694824219,15.725000381469727,15.78499984741211,2040800
2004-08-30,XLE,15.75,15.904999732971191,15.675000190734863,15.71500015258789,3941000
2004-08-31,XLE,15.800000190734863,16.0,15.755000114440918,15.975000381469727,2281600
2004-09-01,XLE,16.0,16.274999618530273,15.979999542236328,16.2549991607666,4444400
2004-09-02,XLE,16.309999465942383,16.385000228881836,16.25,16.385000228881836,2726400
2004-09-03,XLE,16.3799991607666,16.459999084472656,16.325000762939453,16.420000076293945,4538600
2004-09-07,XLE,16.375,16.420000076293945,16.25,16.399999618530273,2626400
2004-09-08,XLE,16.299999237060547,16.475000381469727,16.299999237060547,16.415000915527344,5696000
2004-09-09,XLE,16.424999237060547,16.674999237060547,16.424999237060547,16.649999618530273,3771400
2004-09-10,XLE,16.649999618530273,16.670000076293945,16.479999542236328,16.559999465942383,4516000
2004-09-13,XLE,16.625,16.704999923706055,16.614999771118164,16.674999237060547,3563600
2004-09-14,XLE,16.719999313354492,16.80500030517578,16.649999618530273,16.75,3050000
2004-09-15,XLE,16.94499969482422,16.94499969482422,16.670000076293945,16.69499969482422,5238200
2004-09-16,XLE,16.674999237060547,16.774999618530273,16.649999618530273,16.7450008392334,2206600
2004-09-17,XLE,16.780000686645508,16.979999542236328,16.7549991607666,16.959999084472656,4879800
2004-09-20,XLE,17.0049991607666,17.094999313354492,16.950000762939453,16.96500015258789,3253600
2004-09-21,XLE,17.0,17.424999237060547,16.9950008392334,17.385000228881836,7798200
2004-09-22,XLE,17.350000381469727,17.350000381469727,17.174999237060547,17.274999618530273,6675600
2004-09-23,XLE,17.225000381469727,17.225000381469727,17.0,17.114999771118164,6543800
2004-09-24,XLE,17.114999771118164,17.364999771118164,17.114999771118164,17.309999465942383,6473400
2004-09-27,XLE,17.375,17.43000030517578,17.190000534057617,17.299999237060547,4636200
2004-09-28,XLE,17.424999237060547,17.639999389648438,17.40999984741211,17.594999313354492,4997200
2004-09-29,XLE,17.559999465942383,17.600000381469727,17.2549991607666,17.360000610351562,6433600
2004-09-30,XLE,17.424999237060547,17.53499984741211,17.395000457763672,17.46500015258789,1727000
2004-10-01,XLE,17.524999618530273,17.739999771118164,17.44499969482422,17.71500015258789,2359200
2004-10-04,XLE,17.725000381469727,17.764999389648438,17.625,17.69499969482422,4483000
2004-10-05,XLE,17.834999084472656,17.934999465942383,17.774999618530273,17.885000228881836,5673600
2004-10-06,XLE,17.899999618530273,18.21500015258789,17.899999618530273,18.21500015258789,6013200
2004-10-07,XLE,18.299999237060547,18.415000915527344,18.014999389648438,18.075000762939453,7361200
2004-10-08,XLE,18.174999237060547,18.209999084472656,17.969999313354492,18.094999313354492,4492800
2004-10-11,XLE,18.184999465942383,18.184999465942383,17.844999313354492,17.940000534057617,4842000
2004-10-12,XLE,17.924999237060547,18.024999618530273,17.729999542236328,17.735000610351562,6093400
2004-10-13,XLE,17.674999237060547,17.674999237060547,17.174999237060547,17.364999771118164,14263800
2004-10-14,XLE,17.475000381469727,17.65999984741211,17.434999465942383,17.5049991607666,9593400
2004-10-15,XLE,17.665000915527344,17.674999237060547,17.485000610351562,17.579999923706055,3535000
2004-10-18,XLE,17.575000762939453,17.649999618530273,17.34000015258789,17.344999313354492,3382000
2004-10-19,XLE,17.325000762939453,17.40999984741211,17.204999923706055,17.295000076293945,3410600
2004-10-20,XLE,17.354999542236328,17.690000534057617,17.325000762939453,17.674999237060547,4951000
2004-10-21,XLE,17.729999542236328,17.885000228881836,17.225000381469727,17.774999618530273,4937200
2004-10-22,XLE,17.81999969482422,17.954999923706055,17.725000381469727,17.739999771118164,2859800
2004-10-25,XLE,17.774999618530273,17.844999313354492,17.6299991607666,17.7549991607666,5146000
2004-10-26,XLE,17.700000762939453,17.96500015258789,17.700000762939453,17.950000762939453,3654800
2004-10-27,XLE,17.975000381469727,18.065000534057617,17.514999389648438,17.639999389648438,10602800
2004-10-28,XLE,17.56999969482422,17.645000457763672,17.225000381469727,17.329999923706055,15395600
2004-10-29,XLE,17.225000381469727,17.575000762939453,17.225000381469727,17.56999969482422,9065800
2004-11-01,XLE,17.674999237060547,17.760000228881836,17.354999542236328,17.46500015258789,7991800
2004-11-02,XLE,17.399999618530273,17.46500015258789,17.15999984741211,17.204999923706055,13847200
2004-11-03,XLE,17.549999237060547,17.625,17.299999237060547,17.549999237060547,6939600
2004-11-04,XLE,17.594999313354492,17.799999237060547,17.594999313354492,17.760000228881836,7200400
2004-11-05,XLE,17.850000381469727,17.954999923706055,17.760000228881836,17.864999771118164,12255800
2004-11-08,XLE,17.860000610351562,17.860000610351562,17.524999618530273,17.56999969482422,7066600
2004-11-09,XLE,17.450000762939453,17.565000534057617,17.385000228881836,17.40999984741211,11947200
2004-11-10,XLE,17.524999618530273,17.649999618530273,17.295000076293945,17.614999771118164,10157400
2004-11-11,XLE,17.559999465942383,17.65999984741211,17.514999389648438,17.579999923706055,6057000
2004-11-12,XLE,17.549999237060547,17.975000381469727,17.5,17.950000762939453,5758800
2004-11-15,XLE,17.875,17.875,17.454999923706055,17.559999465942383,8223800
2004-11-16,XLE,17.600000381469727,17.71500015258789,17.559999465942383,17.559999465942383,4883800
2004-11-17,XLE,17.594999313354492,17.860000610351562,17.594999313354492,17.834999084472656,7941000
2004-11-18,XLE,17.895000457763672,18.0,17.815000534057617,17.975000381469727,4390000
2004-11-19,XLE,18.075000762939453,18.2549991607666,17.989999771118164,18.190000534057617,7872800
2004-11-22,XLE,18.21500015258789,18.5,18.190000534057617,18.479999542236328,7439600
2004-11-23,XLE,18.5,18.69499969482422,18.485000610351562,18.594999313354492,3691800
2004-11-24,XLE,18.649999618530273,18.75,18.44499969482422,18.75,7098400
2004-11-26,XLE,18.809999465942383,18.950000762939453,18.799999237060547,18.829999923706055,2064200
2004-11-29,XLE,18.924999237060547,18.924999237060547,18.524999618530273,18.729999542236328,5403800
2004-11-30,XLE,18.729999542236328,18.809999465942383,18.700000762939453,18.7549991607666,6979600
2004-12-01,XLE,18.700000762939453,18.764999389648438,18.270000457763672,18.30500030517578,14345400
2004-12-02,XLE,18.149999618530273,18.19499969482422,17.68000030517578,17.81999969482422,12799200
2004-12-03,XLE,17.764999389648438,18.03499984741211,17.760000228881836,17.9950008392334,7960200
2004-12-06,XLE,18.290000915527344,18.290000915527344,17.8700008392334,18.0049991607666,2995400
2004-12-07,XLE,18.024999618530273,18.165000915527344,17.6299991607666,17.6299991607666,6882200
2004-12-08,XLE,17.5,17.795000076293945,17.3799991607666,17.75,9152800
2004-12-09,XLE,17.799999237060547,17.899999618530273,17.655000686645508,17.899999618530273,6512000
2004-12-10,XLE,17.915000915527344,18.0049991607666,17.719999313354492,17.774999618530273,5593800
2004-12-13,XLE,17.799999237060547,18.09000015258789,17.799999237060547,18.09000015258789,6084200
2004-12-14,XLE,18.075000762939453,18.18000030517578,18.0049991607666,18.145000457763672,4825800
2004-12-15,XLE,18.190000534057617,18.325000762939453,18.049999237060547,18.280000686645508,10615600
2004-12-16,XLE,18.28499984741211,18.28499984741211,18.010000228881836,18.094999313354492,5357800
2004-12-17,XLE,17.959999084472656,18.110000610351562,17.959999084472656,18.024999618530273,6285200
2004-12-20,XLE,18.1200008392334,18.270000457763672,18.059999465942383,18.2450008392334,3894600
2004-12-21,XLE,18.190000534057617,18.40999984741211,18.190000534057617,18.399999618530273,5824600
2004-12-22,XLE,18.399999618530273,18.459999084472656,17.979999542236328,18.149999618530273,7979600
2004-12-23,XLE,18.19499969482422,18.274999618530273,18.145000457763672,18.2549991607666,4261200
2004-12-27,XLE,18.0,18.25,17.93000030517578,17.934999465942383,8936000
2004-12-28,XLE,17.950000762939453,18.114999771118164,17.950000762939453,18.059999465942383,4389600
2004-12-29,XLE,17.924999237060547,18.204999923706055,17.924999237060547,18.19499969482422,4213600
2004-12-30,XLE,18.170000076293945,18.18000030517578,18.094999313354492,18.114999771118164,2311000
2004-12-31,XLE,18.09000015258789,18.225000381469727,18.059999465942383,18.15999984741211,1264400
2005-01-03,XLE,18.049999237060547,18.100000381469727,17.489999771118164,17.489999771118164,7963200
2005-01-04,XLE,17.600000381469727,17.674999237060547,17.389999389648438,17.399999618530273,12666600
2005-01-05,XLE,17.399999618530273,17.524999618530273,17.280000686645508,17.325000762939453,7948000
2005-01-06,XLE,17.274999618530273,17.7549991607666,17.270000457763672,17.625,10057600
2005-01-07,XLE,17.700000762939453,17.700000762939453,17.329999923706055,17.485000610351562,9445800
2005-01-10,XLE,17.674999237060547,17.799999237060547,17.549999237060547,17.614999771118164,9003600
2005-01-11,XLE,17.610000610351562,17.69499969482422,17.5,17.639999389648438,3295800
2005-01-12,XLE,17.700000762939453,17.950000762939453,17.604999542236328,17.950000762939453,7048000
2005-01-13,XLE,18.075000762939453,18.21500015258789,17.975000381469727,18.06999969482422,7199600
2005-01-14,XLE,18.125,18.235000610351562,18.024999618530273,18.229999542236328,3292000
2005-01-18,XLE,18.350000381469727,18.454999923706055,18.295000076293945,18.40999984741211,8216000
2005-01-19,XLE,18.325000762939453,18.479999542236328,18.325000762939453,18.344999313354492,5354000
2005-01-20,XLE,18.299999237060547,18.299999237060547,18.024999618530273,18.15999984741211,7888400
2005-01-21,XLE,18.274999618530273,18.420000076293945,18.19499969482422,18.200000762939453,8703600
2005-01-24,XLE,18.399999618530273,18.510000228881836,18.34000015258789,18.360000610351562,7715000
2005-01-25,XLE,18.475000381469727,18.524999618530273,18.299999237060547,18.434999465942383,4257000
2005-01-26,XLE,18.46500015258789,18.645000457763672,18.405000686645508,18.614999771118164,7096400
2005-01-27,XLE,18.575000762939453,18.854999542236328,18.549999237060547,18.780000686645508,5924600
2005-01-28,XLE,18.674999237060547,18.674999237060547,18.489999771118164,18.55500030517578,9997800
2005-01-31,XLE,18.5,18.850000381469727,18.424999237060547,18.774999618530273,11261400
2005-02-01,XLE,18.8799991607666,19.100000381469727,18.854999542236328,19.094999313354492,8331000
2005-02-02,XLE,19.174999237060547,19.3700008392334,19.110000610351562,19.360000610351562,6205200
2005-02-03,XLE,19.25,19.469999313354492,19.184999465942383,19.454999923706055,5870200
2005-02-04,XLE,19.5,19.55500030517578,19.395000457763672,19.524999618530273,8835600
2005-02-07,XLE,19.575000762939453,19.600000381469727,19.2549991607666,19.395000457763672,7347600
2005-02-08,XLE,19.309999465942383,19.56999969482422,19.280000686645508,19.53499984741211,4345200
2005-02-09,XLE,19.549999237060547,19.690000534057617,19.344999313354492,19.5,11826400
2005-02-10,XLE,19.709999084472656,20.059999465942383,19.625,20.03499984741211,11408400
2005-02-11,XLE,20.014999389648438,20.315000534057617,19.975000381469727,20.209999084472656,8490400
2005-02-14,XLE,20.235000610351562,20.315000534057617,20.190000534057617,20.235000610351562,5754200
2005-02-15,XLE,20.325000762939453,20.34000015258789,20.1299991607666,20.280000686645508,5439200
2005-02-16,XLE,20.34000015258789,20.875,20.295000076293945,20.850000381469727,10859600
2005-02-17,XLE,20.899999618530273,20.9950008392334,20.53499984741211,20.56999969482422,10380200
2005-02-18,XLE,20.614999771118164,21.1299991607666,20.600000381469727,21.024999618530273,13099400
2005-02-22,XLE,21.25,21.385000228881836,20.860000610351562,20.875,13194600
2005-02-23,XLE,20.850000381469727,21.174999237060547,20.850000381469727,21.139999389648438,6509400
2005-02-24,XLE,21.225000381469727,21.575000762939453,21.125,21.55500030517578,10095200
2005-02-25,XLE,21.639999389648438,22.19499969482422,21.59000015258789,22.084999084472656,13596200
2005-02-28,XLE,22.25,22.375,21.204999923706055,21.924999237060547,18948400
2005-03-01,XLE,21.875,22.0,21.469999313354492,21.5,14922400
2005-03-02,XLE,21.40999984741211,21.854999542236328,21.360000610351562,21.815000534057617,12231400
2005-03-03,XLE,21.899999618530273,22.219999313354492,21.875,22.174999237060547,19723400
2005-03-04,XLE,22.200000762939453,22.545000076293945,22.059999465942383,22.459999084472656,11982000
2005-03-07,XLE,22.375,22.479999542236328,22.049999237060547,22.30500030517578,14403600
2005-03-08,XLE,22.225000381469727,22.46500015258789,22.200000762939453,22.280000686645508,11586800
2005-03-09,XLE,22.44499969482422,22.56999969482422,21.625,21.665000915527344,30848600
2005-03-10,XLE,21.649999618530273,21.774999618530273,21.024999618530273,21.225000381469727,39681400
2005-03-11,XLE,21.155000686645508,21.600000381469727,21.094999313354492,21.399999618530273,21890600
2005-03-14,XLE,21.450000762939453,21.6200008392334,21.065000534057617,21.55500030517578,20316400
2005-03-15,XLE,21.600000381469727,21.834999084472656,21.25,21.2549991607666,22709200
2005-03-16,XLE,21.25,21.625,21.049999237060547,21.325000762939453,23806400
2005-03-17,XLE,21.450000762939453,21.725000381469727,21.450000762939453,21.69499969482422,23589200
2005-03-18,XLE,21.924999237060547,21.924999237060547,21.6200008392334,21.889999389648438,16131400
2005-03-21,XLE,21.850000381469727,21.950000762939453,21.520000457763672,21.700000762939453,17719400
2005-03-22,XLE,21.625,22.030000686645508,21.40999984741211,21.440000534057617,19579800
2005-03-23,XLE,21.200000762939453,21.295000076293945,20.850000381469727,21.030000686645508,48613000
2005-03-24,XLE,21.149999618530273,21.334999084472656,20.815000534057617,21.014999389648438,21760800
2005-03-28,XLE,21.049999237060547,21.165000915527344,20.850000381469727,21.040000915527344,21631200
2005-03-29,XLE,21.049999237060547,21.309999465942383,20.670000076293945,20.700000762939453,18394800
2005-03-30,XLE,20.75,21.040000915527344,20.389999389648438,21.010000228881836,48348400
2005-03-31,XLE,21.344999313354492,21.5,21.200000762939453,21.434999465942383,24952200
2005-04-01,XLE,21.71500015258789,21.9950008392334,21.424999237060547,21.96500015258789,17830400
2005-04-04,XLE,22.049999237060547,22.239999771118164,21.610000610351562,21.774999618530273,28208400
2005-04-05,XLE,21.579999923706055,21.875,21.350000381469727,21.5,17903600
2005-04-06,XLE,21.4950008392334,21.940000534057617,21.350000381469727,21.84000015258789,20893000
2005-04-07,XLE,22.0,22.100000381469727,21.510000228881836,21.7549991607666,38581400
2005-04-08,XLE,21.600000381469727,21.795000076293945,21.354999542236328,21.360000610351562,23421400
2005-04-11,XLE,21.325000762939453,21.565000534057617,21.149999618530273,21.520000457763672,23246400
2005-04-12,XLE,21.44499969482422,21.520000457763672,21.079999923706055,21.18000030517578,29360800
2005-04-13,XLE,21.0049991607666,21.299999237060547,20.649999618530273,20.65999984741211,36177400
2005-04-14,XLE,20.774999618530273,21.010000228881836,20.584999084472656,20.649999618530273,39069800
2005-04-15,XLE,20.524999618530273,20.625,19.834999084472656,19.864999771118164,80558200
2005-04-18,XLE,19.844999313354492,20.264999389648438,19.704999923706055,20.225000381469727,58074600
2005-04-19,XLE,20.479999542236328,20.825000762939453,20.3799991607666,20.700000762939453,40263000
2005-04-20,XLE,20.834999084472656,20.905000686645508,20.274999618530273,20.274999618530273,40722000
2005-04-21,XLE,20.329999923706055,20.975000381469727,20.274999618530273,20.975000381469727,29369000
2005-04-22,XLE,21.049999237060547,21.2450008392334,20.725000381469727,21.020000457763672,22903800
2005-04-25,XLE,21.200000762939453,21.44499969482422,21.155000686645508,21.315000534057617,25917000
2005-04-26,XLE,21.25,21.399999618530273,20.96500015258789,20.96500015258789,28130000
2005-04-27,XLE,20.954999923706055,21.0,20.40999984741211,20.424999237060547,57888600
2005-04-28,XLE,20.274999618530273,20.350000381469727,19.985000610351562,20.014999389648438,43846200
2005-04-29,XLE,20.200000762939453,20.385000228881836,20.0049991607666,20.274999618530273,29798800
2005-05-02,XLE,20.2450008392334,20.665000915527344,20.084999084472656,20.639999389648438,45705600
2005-05-03,XLE,20.600000381469727,20.600000381469727,20.079999923706055,20.155000686645508,23528800
2005-05-04,XLE,20.155000686645508,20.40999984741211,19.68000030517578,20.389999389648438,35418000
2005-05-05,XLE,20.575000762939453,20.725000381469727,20.375,20.610000610351562,26727600
2005-05-06,XLE,20.700000762939453,20.885000228881836,20.524999618530273,20.549999237060547,17781600
2005-05-09,XLE,20.649999618530273,20.84000015258789,20.579999923706055,20.825000762939453,18524800
2005-05-10,XLE,20.844999313354492,20.844999313354492,20.415000915527344,20.475000381469727,30573800
2005-05-11,XLE,20.329999923706055,20.6200008392334,20.25,20.600000381469727,21360400
2005-05-12,XLE,20.424999237060547,20.524999618530273,19.68000030517578,19.700000762939453,46778600
2005-05-13,XLE,19.850000381469727,19.850000381469727,19.299999237060547,19.399999618530273,44202800
2005-05-16,XLE,19.295000076293945,19.350000381469727,18.969999313354492,19.315000534057617,48238600
2005-05-17,XLE,19.334999084472656,19.69499969482422,19.274999618530273,19.65999984741211,37085800
2005-05-18,XLE,19.829999923706055,19.989999771118164,19.5,19.6200008392334,55853800
2005-05-19,XLE,19.719999313354492,19.9950008392334,19.549999237060547,19.975000381469727,31536400
2005-05-20,XLE,19.875,20.100000381469727,19.81999969482422,19.825000762939453,23633000
2005-05-23,XLE,19.950000762939453,20.229999542236328,19.889999389648438,20.155000686645508,19972200
2005-05-24,XLE,20.184999465942383,20.309999465942383,20.139999389648438,20.239999771118164,24069000
2005-05-25,XLE,20.28499984741211,20.649999618530273,20.155000686645508,20.549999237060547,31210800
2005-05-26,XLE,20.584999084472656,20.709999084472656,20.459999084472656,20.655000686645508,17919800
2005-05-27,XLE,20.739999771118164,21.0049991607666,20.700000762939453,21.0,20082400
2005-05-31,XLE,21.045000076293945,21.045000076293945,20.684999465942383,20.84000015258789,16916800
2005-06-01,XLE,20.959999084472656,21.299999237060547,20.905000686645508,21.235000610351562,27831800
2005-06-02,XLE,21.190000534057617,21.329999923706055,21.0,21.19499969482422,31970200
2005-06-03,XLE,21.235000610351562,21.424999237060547,21.174999237060547,21.315000534057617,18222200
2005-06-06,XLE,21.450000762939453,21.450000762939453,21.19499969482422,21.3799991607666,12931600
2005-06-07,XLE,21.399999618530273,21.540000915527344,21.15999984741211,21.174999237060547,18602200
2005-06-08,XLE,21.155000686645508,21.56999969482422,21.06999969482422,21.235000610351562,33232400
2005-06-09,XLE,21.299999237060547,21.8700008392334,21.25,21.850000381469727,32937200
2005-06-10,XLE,21.809999465942383,21.889999389648438,21.579999923706055,21.825000762939453,23413200
2005-06-13,XLE,21.704999923706055,21.975000381469727,21.645000457763672,21.90999984741211,21866600
2005-06-14,XLE,21.825000762939453,22.084999084472656,21.825000762939453,22.045000076293945,21126200
2005-06-15,XLE,22.0,22.309999465942383,22.0,22.309999465942383,22493600
2005-06-16,XLE,22.3700008392334,22.625,22.295000076293945,22.625,19638600
2005-06-17,XLE,22.899999618530273,22.954999923706055,22.6299991607666,22.920000076293945,38455400
2005-06-20,XLE,23.0049991607666,23.075000762939453,22.764999389648438,22.94499969482422,19233600
2005-06-21,XLE,22.625,22.90999984741211,22.44499969482422,22.459999084472656,33293000
2005-06-22,XLE,22.5,22.735000610351562,22.290000915527344,22.59000015258789,47478400
2005-06-23,XLE,22.604999542236328,23.020000457763672,22.579999923706055,22.610000610351562,29875000
2005-06-24,XLE,22.700000762939453,22.799999237060547,22.440000534057617,22.469999313354492,17967400
2005-06-27,XLE,22.649999618530273,22.8799991607666,22.575000762939453,22.815000534057617,22184200
2005-06-28,XLE,22.725000381469727,22.815000534057617,22.385000228881836,22.389999389648438,23333000
2005-06-29,XLE,22.34000015258789,22.520000457763672,22.174999237060547,22.3700008392334,25027000
2005-06-30,XLE,22.399999618530273,22.649999618530273,22.204999923706055,22.225000381469727,29436600
2005-07-01,XLE,22.2549991607666,22.729999542236328,22.2549991607666,22.719999313354492,16233000
2005-07-05,XLE,22.90999984741211,23.415000915527344,22.81999969482422,23.399999618530273,33487000
2005-07-06,XLE,23.649999618530273,23.649999618530273,22.920000076293945,22.979999542236328,29358200
2005-07-07,XLE,22.674999237060547,23.280000686645508,22.674999237060547,23.274999618530273,31388400
2005-07-08,XLE,23.3700008392334,23.475000381469727,22.940000534057617,23.1200008392334,29977400
2005-07-11,XLE,22.899999618530273,23.309999465942383,22.834999084472656,23.290000915527344,19920600
2005-07-12,XLE,23.405000686645508,23.614999771118164,23.229999542236328,23.5,27570400
2005-07-13,XLE,23.510000228881836,23.600000381469727,23.274999618530273,23.364999771118164,23530200
2005-07-14,XLE,23.354999542236328,23.514999389648438,22.674999237060547,22.80500030517578,60506800
2005-07-15,XLE,23.0,23.0,22.594999313354492,22.684999465942383,42729200
2005-07-18,XLE,22.510000228881836,22.725000381469727,22.43000030517578,22.59000015258789,25366600
2005-07-19,XLE,22.700000762939453,23.075000762939453,22.575000762939453,23.075000762939453,24609200
2005-07-20,XLE,23.065000534057617,23.174999237060547,22.774999618530273,23.100000381469727,22040600
2005-07-21,XLE,23.014999389648438,23.18000030517578,22.739999771118164,22.875,23705200
2005-07-22,XLE,23.110000610351562,23.729999542236328,23.100000381469727,23.69499969482422,48244400
2005-07-25,XLE,23.59000015258789,24.104999542236328,23.59000015258789,23.915000915527344,34083400
2005-07-26,XLE,23.889999389648438,24.024999618530273,23.725000381469727,23.860000610351562,15805200
2005-07-27,XLE,23.899999618530273,23.9950008392334,23.6299991607666,23.979999542236328,24545000
2005-07-28,XLE,24.084999084472656,24.149999618530273,23.78499984741211,24.049999237060547,16556400
2005-07-29,XLE,24.239999771118164,24.239999771118164,23.795000076293945,23.799999237060547,17639000
2005-08-01,XLE,23.90999984741211,24.170000076293945,23.889999389648438,24.049999237060547,14161200
2005-08-02,XLE,24.145000457763672,24.469999313354492,24.110000610351562,24.450000762939453,15673600
2005-08-03,XLE,24.645000457763672,24.649999618530273,24.2549991607666,24.329999923706055,21247200
2005-08-04,XLE,24.299999237060547,24.625,24.299999237060547,24.3799991607666,21083200
2005-08-05,XLE,24.399999618530273,24.5,24.024999618530273,24.19499969482422,18391600
2005-08-08,XLE,24.389999389648438,24.799999237060547,24.389999389648438,24.545000076293945,22965600
2005-08-09,XLE,24.610000610351562,24.674999237060547,24.375,24.489999771118164,17855200
2005-08-10,XLE,24.625,24.934999465942383,24.549999237060547,24.889999389648438,23931400
2005-08-11,XLE,24.979999542236328,25.204999923706055,24.854999542236328,25.1299991607666,25603600
2005-08-12,XLE,25.25,25.274999618530273,24.959999084472656,25.084999084472656,18358200
2005-08-15,XLE,24.975000381469727,25.049999237060547,24.75,24.84000015258789,20461000
2005-08-16,XLE,24.78499984741211,24.860000610351562,24.28499984741211,24.295000076293945,33384800
2005-08-17,XLE,24.274999618530273,24.549999237060547,23.625,23.735000610351562,56127400
2005-08-18,XLE,23.575000762939453,23.834999084472656,23.434999465942383,23.684999465942383,32587800
2005-08-19,XLE,23.825000762939453,24.15999984741211,23.825000762939453,24.09000015258789,24550800
2005-08-22,XLE,24.229999542236328,24.44499969482422,23.905000686645508,24.149999618530273,26200400
2005-08-23,XLE,24.149999618530273,24.299999237060547,23.825000762939453,24.104999542236328,33849800
2005-08-24,XLE,24.299999237060547,24.5,24.094999313354492,24.334999084472656,29120800
2005-08-25,XLE,24.434999465942383,24.434999465942383,24.135000228881836,24.270000457763672,25794600
2005-08-26,XLE,24.155000686645508,24.3700008392334,23.975000381469727,23.9950008392334,20387800
2005-08-29,XLE,24.5,24.524999618530273,24.0,24.190000534057617,30181600
2005-08-30,XLE,24.290000915527344,24.709999084472656,24.274999618530273,24.639999389648438,30198200
2005-08-31,XLE,24.65999984741211,25.44499969482422,24.614999771118164,25.31999969482422,42814800
2005-09-01,XLE,25.649999618530273,26.014999389648438,25.5,25.979999542236328,39612800
2005-09-02,XLE,25.774999618530273,25.774999618530273,25.415000915527344,25.475000381469727,28966000
2005-09-06,XLE,25.479999542236328,25.709999084472656,25.219999313354492,25.655000686645508,24194600
2005-09-07,XLE,25.594999313354492,25.975000381469727,25.540000915527344,25.69499969482422,26198200
2005-09-08,XLE,25.625,25.934999465942383,25.625,25.729999542236328,31804200
2005-09-09,XLE,25.84000015258789,26.40999984741211,25.84000015258789,26.399999618530273,26980000
2005-09-12,XLE,26.295000076293945,26.350000381469727,25.81999969482422,25.860000610351562,27957000
2005-09-13,XLE,25.875,26.075000762939453,25.635000228881836,25.639999389648438,21725800
2005-09-14,XLE,25.780000686645508,26.075000762939453,25.670000076293945,25.959999084472656,23563600
2005-09-15,XLE,26.190000534057617,26.209999084472656,25.645000457763672,25.959999084472656,29921000
2005-09-16,XLE,25.975000381469727,26.165000915527344,25.915000915527344,26.139999389648438,27790400
2005-09-19,XLE,26.454999923706055,26.975000381469727,26.399999618530273,26.829999923706055,32382600
2005-09-20,XLE,26.725000381469727,26.844999313354492,26.40999984741211,26.575000762939453,30426600
2005-09-21,XLE,27.100000381469727,27.155000686645508,26.735000610351562,26.950000762939453,39852000
2005-09-22,XLE,27.325000762939453,27.325000762939453,26.225000381469727,26.75,51834200
2005-09-23,XLE,26.600000381469727,26.700000762939453,26.1299991607666,26.280000686645508,32064000
2005-09-26,XLE,26.100000381469727,26.80500030517578,26.100000381469727,26.760000228881836,23424000
2005-09-27,XLE,26.584999084472656,26.790000915527344,26.450000762939453,26.780000686645508,14196000
2005-09-28,XLE,26.950000762939453,27.049999237060547,26.545000076293945,27.0,34448200
2005-09-29,XLE,27.165000915527344,27.280000686645508,26.93000030517578,27.260000228881836,26904600
2005-09-30,XLE,27.190000534057617,27.2450008392334,26.795000076293945,26.834999084472656,20336600
2005-10-03,XLE,27.024999618530273,27.149999618530273,26.665000915527344,26.764999389648438,13257400
2005-10-04,XLE,26.530000686645508,26.649999618530273,25.7549991607666,25.799999237060547,35211400
2005-10-05,XLE,25.850000381469727,25.905000686645508,24.809999465942383,24.809999465942383,63111800
2005-10-06,XLE,24.200000762939453,24.760000228881836,23.829999923706055,24.219999313354492,101702200
2005-10-07,XLE,24.514999389648438,24.80500030517578,24.375,24.764999389648438,43041600
2005-10-10,XLE,24.75,24.809999465942383,24.219999313354492,24.389999389648438,32451000
2005-10-11,XLE,24.729999542236328,25.125,24.625,24.975000381469727,34082600
2005-10-12,XLE,25.049999237060547,25.065000534057617,24.350000381469727,24.4950008392334,41327000
2005-10-13,XLE,24.200000762939453,24.350000381469727,23.354999542236328,23.829999923706055,78428400
2005-10-14,XLE,23.649999618530273,24.260000228881836,23.299999237060547,24.170000076293945,62164000
2005-10-17,XLE,24.700000762939453,24.700000762939453,24.329999923706055,24.469999313354492,29973200
2005-10-18,XLE,24.15999984741211,24.395000457763672,23.329999923706055,23.334999084472656,62569400
2005-10-19,XLE,23.350000381469727,23.905000686645508,22.825000762939453,23.860000610351562,92579600
2005-10-20,XLE,23.700000762939453,23.809999465942383,22.469999313354492,22.774999618530273,95887800
2005-10-21,XLE,22.889999389648438,23.405000686645508,22.68000030517578,23.010000228881836,62963400
2005-10-24,XLE,22.899999618530273,23.834999084472656,22.895000457763672,23.829999923706055,60696800
2005-10-25,XLE,23.915000915527344,24.44499969482422,23.774999618530273,24.325000762939453,67175400
2005-10-26,XLE,24.31999969482422,24.969999313354492,24.075000762939453,24.18000030517578,61851800
2005-10-27,XLE,24.274999618530273,24.434999465942383,23.485000610351562,23.4950008392334,54528600
2005-10-28,XLE,23.524999618530273,24.2450008392334,23.155000686645508,24.135000228881836,56558800
2005-10-31,XLE,24.274999618530273,24.7450008392334,24.079999923706055,24.40999984741211,45360800
2005-11-01,XLE,24.280000686645508,24.625,24.25,24.559999465942383,41405000
2005-11-02,XLE,24.530000686645508,25.05500030517578,24.475000381469727,25.040000915527344,41859400
2005-11-03,XLE,25.239999771118164,25.645000457763672,25.155000686645508,25.514999389648438,37997400
2005-11-04,XLE,25.375,25.475000381469727,24.69499969482422,24.75,58942200
2005-11-07,XLE,24.600000381469727,24.78499984741211,24.190000534057617,24.31999969482422,43073400
2005-11-08,XLE,24.2549991607666,24.700000762939453,24.139999389648438,24.524999618530273,26947800
2005-11-09,XLE,24.450000762939453,24.920000076293945,24.075000762939453,24.299999237060547,64432000
2005-11-10,XLE,24.114999771118164,24.125,23.364999771118164,23.545000076293945,80092400
2005-11-11,XLE,23.375,23.864999771118164,23.375,23.735000610351562,31180400
2005-11-14,XLE,24.075000762939453,24.100000381469727,23.655000686645508,23.860000610351562,30897200
2005-11-15,XLE,23.81999969482422,24.469999313354492,23.790000915527344,23.899999618530273,50381200
2005-11-16,XLE,23.899999618530273,24.520000457763672,23.8700008392334,24.520000457763672,45751000
2005-11-17,XLE,24.795000076293945,24.799999237060547,24.309999465942383,24.510000228881836,36924000
2005-11-18,XLE,24.600000381469727,24.69499969482422,24.235000610351562,24.520000457763672,48028800
2005-11-21,XLE,24.764999389648438,25.1299991607666,24.635000228881836,25.1299991607666,35605400
2005-11-22,XLE,25.375,25.584999084472656,25.209999084472656,25.530000686645508,28823000
2005-11-23,XLE,25.329999923706055,25.670000076293945,25.165000915527344,25.434999465942383,24430200
2005-11-25,XLE,25.424999237060547,25.610000610351562,25.405000686645508,25.5,7350000
2005-11-28,XLE,25.354999542236328,25.354999542236328,24.610000610351562,24.639999389648438,44192200
2005-11-29,XLE,24.850000381469727,24.979999542236328,24.600000381469727,24.68000030517578,29985000
2005-11-30,XLE,24.625,25.049999237060547,24.625,24.774999618530273,35525800
2005-12-01,XLE,24.975000381469727,25.559999465942383,24.969999313354492,25.559999465942383,37357000
2005-12-02,XLE,25.774999618530273,25.774999618530273,25.315000534057617,25.584999084472656,30877800
2005-12-05,XLE,25.850000381469727,26.0,25.6299991607666,25.764999389648438,40542800
2005-12-06,XLE,25.704999923706055,26.100000381469727,25.614999771118164,25.875,28030000
2005-12-07,XLE,26.045000076293945,26.270000457763672,25.614999771118164,25.780000686645508,66806000
2005-12-08,XLE,25.84000015258789,26.260000228881836,25.799999237060547,26.235000610351562,32613200
2005-12-09,XLE,26.0049991607666,26.174999237060547,25.795000076293945,25.90999984741211,28286800
2005-12-12,XLE,26.2549991607666,26.264999389648438,25.969999313354492,26.2450008392334,27012400
2005-12-13,XLE,26.325000762939453,26.594999313354492,26.100000381469727,26.135000228881836,37813200
2005-12-14,XLE,26.149999618530273,26.479999542236328,26.040000915527344,26.450000762939453,31727200
2005-12-15,XLE,26.299999237060547,26.475000381469727,26.049999237060547,26.239999771118164,30722400
2005-12-16,XLE,26.174999237060547,26.295000076293945,25.5,25.53499984741211,45466600
2005-12-19,XLE,25.65999984741211,25.799999237060547,25.31999969482422,25.325000762939453,38872400
2005-12-20,XLE,25.399999618530273,25.75,25.399999618530273,25.670000076293945,29189000
2005-12-21,XLE,25.75,25.985000610351562,25.604999542236328,25.725000381469727,35378400
2005-12-22,XLE,25.875,25.93000030517578,25.614999771118164,25.69499969482422,16832200
2005-12-23,XLE,25.44499969482422,25.71500015258789,25.204999923706055,25.625,27793000
2005-12-27,XLE,25.399999618530273,25.399999618530273,24.729999542236328,24.8700008392334,51304200
2005-12-28,XLE,25.020000457763672,25.389999389648438,24.989999771118164,25.2450008392334,38797800
2005-12-29,XLE,25.200000762939453,25.485000610351562,25.024999618530273,25.049999237060547,25124200
2005-12-30,XLE,24.899999618530273,25.350000381469727,24.81999969482422,25.155000686645508,24225600
2006-01-03,XLE,25.315000534057617,26.350000381469727,25.315000534057617,26.350000381469727,48380400
2006-01-04,XLE,26.200000762939453,26.475000381469727,25.9950008392334,26.424999237060547,39995800
2006-01-05,XLE,26.475000381469727,26.5,25.84000015258789,26.09000015258789,47122000
2006-01-06,XLE,26.514999389648438,26.799999237060547,26.385000228881836,26.729999542236328,36291800
2006-01-09,XLE,26.725000381469727,26.844999313354492,26.440000534057617,26.700000762939453,30470400
2006-01-10,XLE,26.700000762939453,27.1299991607666,26.649999618530273,26.989999771118164,34982600
2006-01-11,XLE,26.875,27.225000381469727,26.549999237060547,27.104999542236328,39429000
2006-01-12,XLE,27.325000762939453,27.520000457763672,26.844999313354492,26.90999984741211,44637600
2006-01-13,XLE,26.674999237060547,27.28499984741211,26.674999237060547,27.229999542236328,35416000
2006-01-17,XLE,27.649999618530273,27.854999542236328,27.565000534057617,27.829999923706055,30796000
2006-01-18,XLE,27.7549991607666,27.825000762939453,27.094999313354492,27.600000381469727,43220200
2006-01-19,XLE,27.309999465942383,28.149999618530273,27.309999465942383,28.079999923706055,52820200
2006-01-20,XLE,28.450000762939453,28.7549991607666,28.0,28.204999923706055,57437800
2006-01-23,XLE,28.049999237060547,28.649999618530273,27.954999923706055,28.514999389648438,43304200
2006-01-24,XLE,28.260000228881836,28.600000381469727,28.2549991607666,28.344999313354492,39394200
2006-01-25,XLE,28.604999542236328,28.649999618530273,27.475000381469727,27.75,74196800
2006-01-26,XLE,27.68000030517578,27.875,27.274999618530273,27.84000015258789,54059400
2006-01-27,XLE,28.05500030517578,28.454999923706055,28.0049991607666,28.325000762939453,45753000
2006-01-30,XLE,28.655000686645508,29.139999389648438,28.600000381469727,28.975000381469727,57694400
2006-01-31,XLE,28.875,28.975000381469727,28.635000228881836,28.829999923706055,35137400
2006-02-01,XLE,28.7450008392334,29.03499984741211,28.1299991607666,28.145000457763672,64991200
2006-02-02,XLE,27.9950008392334,28.295000076293945,27.5,27.864999771118164,71964400
2006-02-03,XLE,27.875,27.940000534057617,27.469999313354492,27.610000610351562,41721800
2006-02-06,XLE,27.8799991607666,28.325000762939453,27.850000381469727,28.149999618530273,43949800
2006-02-07,XLE,27.850000381469727,27.850000381469727,26.860000610351562,26.975000381469727,73028600
2006-02-08,XLE,27.045000076293945,27.125,26.399999618530273,26.979999542236328,88577400
2006-02-09,XLE,27.25,27.475000381469727,26.309999465942383,26.364999771118164,62496200
2006-02-10,XLE,26.450000762939453,26.584999084472656,25.795000076293945,26.270000457763672,86765000
2006-02-13,XLE,26.325000762939453,26.649999618530273,26.03499984741211,26.165000915527344,46839200
2006-02-14,XLE,25.75,26.125,25.639999389648438,25.8700008392334,61700000
2006-02-15,XLE,26.024999618530273,26.25,25.545000076293945,25.729999542236328,104064400
2006-02-16,XLE,25.979999542236328,26.360000610351562,25.969999313354492,26.31999969482422,54272800
2006-02-17,XLE,26.854999542236328,26.989999771118164,26.350000381469727,26.5049991607666,47213200
2006-02-21,XLE,26.950000762939453,27.25,26.80500030517578,27.024999618530273,41752400
2006-02-22,XLE,26.799999237060547,26.825000762939453,26.395000457763672,26.520000457763672,48568000
2006-02-23,XLE,26.454999923706055,26.844999313354492,26.049999237060547,26.489999771118164,57958600
2006-02-24,XLE,27.0,27.065000534057617,26.780000686645508,26.815000534057617,33029400
2006-02-27,XLE,26.674999237060547,26.75,26.350000381469727,26.350000381469727,32065200
2006-02-28,XLE,26.274999618530273,26.274999618530273,25.934999465942383,26.170000076293945,47670000
2006-03-01,XLE,26.3700008392334,26.6299991607666,26.290000915527344,26.614999771118164,26790800
2006-03-02,XLE,26.700000762939453,27.110000610351562,26.594999313354492,27.059999465942383,42100600
2006-03-03,XLE,26.809999465942383,27.260000228881836,26.774999618530273,27.065000534057617,45045200
2006-03-06,XLE,26.825000762939453,26.889999389648438,26.110000610351562,26.125,47172200
2006-03-07,XLE,26.010000228881836,26.030000686645508,25.579999923706055,25.739999771118164,47732200
2006-03-08,XLE,25.485000610351562,26.045000076293945,25.325000762939453,25.739999771118164,81573200
2006-03-09,XLE,26.0,26.110000610351562,25.540000915527344,25.55500030517578,45627000
2006-03-10,XLE,25.450000762939453,25.875,25.274999618530273,25.69499969482422,47799400
2006-03-13,XLE,25.844999313354492,26.229999542236328,25.774999618530273,26.200000762939453,23997000
2006-03-14,XLE,26.299999237060547,26.725000381469727,25.719999313354492,26.684999465942383,33197600
2006-03-15,XLE,26.549999237060547,26.829999923706055,26.454999923706055,26.825000762939453,43330400
2006-03-16,XLE,26.739999771118164,27.28499984741211,26.649999618530273,27.25,54604800
2006-03-17,XLE,27.149999618530273,27.325000762939453,26.799999237060547,26.825000762939453,46593600
2006-03-20,XLE,26.75,26.94499969482422,26.200000762939453,26.229999542236328,45785400
2006-03-21,XLE,26.149999618530273,26.575000762939453,26.010000228881836,26.184999465942383,50832800
2006-03-22,XLE,26.184999465942383,26.709999084472656,26.165000915527344,26.360000610351562,43925600
2006-03-23,XLE,26.579999923706055,26.795000076293945,26.510000228881836,26.75,34714000
2006-03-24,XLE,26.725000381469727,27.149999618530273,26.709999084472656,26.93000030517578,42517000
2006-03-27,XLE,26.725000381469727,27.139999389648438,26.639999389648438,27.06999969482422,38741200
2006-03-28,XLE,27.225000381469727,27.545000076293945,27.190000534057617,27.280000686645508,45004800
2006-03-29,XLE,27.200000762939453,27.6200008392334,27.200000762939453,27.600000381469727,36419200
2006-03-30,XLE,27.649999618530273,27.850000381469727,27.46500015258789,27.584999084472656,46860200
2006-03-31,XLE,27.350000381469727,27.375,27.030000686645508,27.200000762939453,51697800
2006-04-03,XLE,27.375,27.84000015258789,27.270000457763672,27.350000381469727,36763000
2006-04-04,XLE,27.125,27.760000228881836,27.125,27.709999084472656,27552000
2006-04-05,XLE,27.700000762939453,28.174999237060547,27.55500030517578,28.165000915527344,40829600
2006-04-06,XLE,28.3799991607666,28.43000030517578,27.934999465942383,28.225000381469727,42543600
2006-04-07,XLE,28.100000381469727,28.209999084472656,27.6299991607666,27.674999237060547,43387400
2006-04-10,XLE,27.985000610351562,28.274999618530273,27.899999618530273,28.200000762939453,34570400
2006-04-11,XLE,28.450000762939453,28.559999465942383,27.864999771118164,28.0,27590200
2006-04-12,XLE,27.915000915527344,28.170000076293945,27.684999465942383,27.815000534057617,32700200
2006-04-13,XLE,27.530000686645508,27.93000030517578,27.395000457763672,27.905000686645508,22807200
2006-04-17,XLE,28.334999084472656,28.420000076293945,28.094999313354492,28.420000076293945,27431400
2006-04-18,XLE,28.649999618530273,29.165000915527344,28.600000381469727,29.114999771118164,58448800
2006-04-19,XLE,28.950000762939453,29.575000762939453,28.899999618530273,29.565000534057617,48529200
2006-04-20,XLE,29.399999618530273,29.59000015258789,28.75,29.260000228881836,52530000
2006-04-21,XLE,29.475000381469727,29.924999237060547,29.260000228881836,29.8700008392334,39209200
2006-04-24,XLE,29.75,29.799999237060547,29.260000228881836,29.415000915527344,59635400
2006-04-25,XLE,29.725000381469727,29.864999771118164,28.704999923706055,29.03499984741211,67672600
2006-04-26,XLE,29.094999313354492,29.565000534057617,28.540000915527344,28.575000762939453,58854200
2006-04-27,XLE,27.924999237060547,28.799999237060547,27.625,28.25,89759000
2006-04-28,XLE,28.434999465942383,28.93000030517578,28.434999465942383,28.56999969482422,38107800
2006-05-01,XLE,28.774999618530273,29.315000534057617,28.71500015258789,29.040000915527344,39191600
2006-05-02,XLE,29.364999771118164,29.719999313354492,29.184999465942383,29.684999465942383,38083000
2006-05-03,XLE,29.56999969482422,29.68000030517578,29.0049991607666,29.225000381469727,51569400
2006-05-04,XLE,28.975000381469727,29.360000610351562,28.565000534057617,29.09000015258789,55618400
2006-05-05,XLE,29.440000534057617,29.575000762939453,29.190000534057617,29.43000030517578,31436800
2006-05-08,XLE,29.059999465942383,29.354999542236328,28.799999237060547,29.299999237060547,34185400
2006-05-09,XLE,29.200000762939453,29.625,29.170000076293945,29.475000381469727,26333400
2006-05-10,XLE,29.385000228881836,29.7549991607666,29.28499984741211,29.75,41188800
2006-05-11,XLE,30.0049991607666,30.075000762939453,29.274999618530273,29.364999771118164,43551400
2006-05-12,XLE,29.274999618530273,29.274999618530273,28.334999084472656,28.3700008392334,70278200
2006-05-15,XLE,27.815000534057617,28.25,27.46500015258789,27.774999618530273,58166600
2006-05-16,XLE,27.950000762939453,28.260000228881836,27.6200008392334,27.875,41205200
2006-05-17,XLE,27.625,27.954999923706055,26.959999084472656,27.165000915527344,72929200
2006-05-18,XLE,27.18000030517578,27.475000381469727,26.799999237060547,26.834999084472656,49518600
2006-05-19,XLE,26.690000534057617,27.225000381469727,26.295000076293945,27.010000228881836,80607600
2006-05-22,XLE,26.549999237060547,27.06999969482422,26.125,26.854999542236328,75077600
2006-05-23,XLE,27.354999542236328,27.700000762939453,26.75,26.860000610351562,58351800
2006-05-24,XLE,26.549999237060547,27.075000762939453,26.075000762939453,26.530000686645508,76549600
2006-05-25,XLE,26.895000457763672,27.55500030517578,26.7549991607666,27.459999084472656,64495800
2006-05-26,XLE,27.44499969482422,27.65999984741211,27.30500030517578,27.549999237060547,28766600
2006-05-30,XLE,27.799999237060547,27.950000762939453,27.084999084472656,27.114999771118164,38809200
2006-05-31,XLE,27.020000457763672,27.774999618530273,27.010000228881836,27.774999618530273,39841400
2006-06-01,XLE,27.5,27.9950008392334,27.30500030517578,27.850000381469727,39707800
2006-06-02,XLE,28.125,28.315000534057617,27.795000076293945,28.264999389648438,35372600
2006-06-05,XLE,28.579999923706055,28.59000015258789,27.354999542236328,27.375,73397400
2006-06-06,XLE,27.31999969482422,27.68000030517578,27.094999313354492,27.350000381469727,49843400
2006-06-07,XLE,27.15999984741211,27.295000076293945,26.299999237060547,26.299999237060547,92812800
2006-06-08,XLE,26.110000610351562,26.725000381469727,25.475000381469727,26.670000076293945,150771000
2006-06-09,XLE,26.905000686645508,26.905000686645508,26.155000686645508,26.399999618530273,62874000
2006-06-12,XLE,26.559999465942383,26.719999313354492,25.81999969482422,25.860000610351562,43478000
2006-06-13,XLE,25.524999618530273,25.93000030517578,25.0049991607666,25.094999313354492,75171200
2006-06-14,XLE,25.190000534057617,25.790000915527344,25.100000381469727,25.739999771118164,79172400
2006-06-15,XLE,26.059999465942383,26.889999389648438,26.020000457763672,26.719999313354492,76566600
2006-06-16,XLE,26.524999618530273,26.735000610351562,26.059999465942383,26.549999237060547,59343200
2006-06-19,XLE,26.450000762939453,26.450000762939453,25.520000457763672,25.549999237060547,93441400
2006-06-20,XLE,25.815000534057617,26.03499984741211,25.364999771118164,25.43000030517578,44635400
2006-06-21,XLE,25.514999389648438,26.309999465942383,25.4950008392334,26.0,78507000
2006-06-22,XLE,26.0,26.25,25.795000076293945,26.110000610351562,35386800
2006-06-23,XLE,26.645000457763672,26.875,26.600000381469727,26.690000534057617,53731800
2006-06-26,XLE,26.649999618530273,27.020000457763672,26.440000534057617,26.985000610351562,33053200
2006-06-27,XLE,27.165000915527344,27.389999389648438,26.979999542236328,27.03499984741211,48294800
2006-06-28,XLE,27.114999771118164,27.565000534057617,27.100000381469727,27.5,44248000
2006-06-29,XLE,27.670000076293945,28.290000915527344,27.670000076293945,28.280000686645508,60785200
2006-06-30,XLE,28.389999389648438,28.545000076293945,28.1299991607666,28.375,22692400
2006-07-03,XLE,28.524999618530273,28.764999389648438,28.440000534057617,28.68000030517578,7662000
2006-07-05,XLE,28.514999389648438,28.8799991607666,28.200000762939453,28.809999465942383,32829800
2006-07-06,XLE,28.774999618530273,29.030000686645508,28.6299991607666,28.735000610351562,33697200
2006-07-07,XLE,28.850000381469727,29.104999542236328,28.2549991607666,28.344999313354492,39374600
2006-07-10,XLE,28.360000610351562,28.719999313354492,28.219999313354492,28.43000030517578,29220400
2006-07-11,XLE,28.524999618530273,29.030000686645508,28.5049991607666,28.950000762939453,25975000
2006-07-12,XLE,29.06999969482422,29.1200008392334,28.719999313354492,28.850000381469727,30260400
2006-07-13,XLE,28.975000381469727,29.03499984741211,28.524999618530273,28.575000762939453,37032600
2006-07-14,XLE,28.799999237060547,28.959999084472656,28.280000686645508,28.90999984741211,35258000
2006-07-17,XLE,28.610000610351562,28.7549991607666,27.829999923706055,27.975000381469727,64838800
2006-07-18,XLE,28.225000381469727,28.350000381469727,27.6299991607666,28.010000228881836,37958000
2006-07-19,XLE,27.920000076293945,28.399999618530273,27.81999969482422,28.299999237060547,45156400
2006-07-20,XLE,28.375,28.395000457763672,27.614999771118164,27.614999771118164,37870600
2006-07-21,XLE,27.7549991607666,27.7549991607666,27.125,27.239999771118164,60833000
2006-07-24,XLE,27.25,28.110000610351562,27.25,28.059999465942383,45137000
2006-07-25,XLE,28.2549991607666,28.594999313354492,28.06999969482422,28.549999237060547,38077800
2006-07-26,XLE,28.3799991607666,29.28499984741211,28.34000015258789,29.125,39309400
2006-07-27,XLE,29.454999923706055,29.489999771118164,28.80500030517578,28.875,34664600
2006-07-28,XLE,28.719999313354492,28.96500015258789,28.43000030517578,28.885000228881836,29452600
2006-07-31,XLE,29.100000381469727,29.475000381469727,28.8799991607666,29.325000762939453,31043000
2006-08-01,XLE,29.270000457763672,29.434999465942383,28.9950008392334,29.360000610351562,22086000
2006-08-02,XLE,29.68000030517578,29.940000534057617,29.21500015258789,29.420000076293945,35554600
2006-08-03,XLE,29.0,29.475000381469727,28.975000381469727,29.165000915527344,23421000
2006-08-04,XLE,29.25,29.415000915527344,28.665000915527344,28.920000076293945,33659400
2006-08-07,XLE,29.1299991607666,29.399999618530273,28.899999618530273,29.225000381469727,38116200
2006-08-08,XLE,29.174999237060547,29.415000915527344,29.014999389648438,29.05500030517578,40603600
2006-08-09,XLE,29.350000381469727,29.674999237060547,29.229999542236328,29.299999237060547,37053200
2006-08-10,XLE,29.1299991607666,29.200000762939453,28.825000762939453,29.059999465942383,35670800
2006-08-11,XLE,29.024999618530273,29.15999984741211,28.834999084472656,29.075000762939453,16322600
2006-08-14,XLE,28.860000610351562,28.860000610351562,27.93000030517578,28.475000381469727,33443400
2006-08-15,XLE,28.725000381469727,28.84000015258789,28.3799991607666,28.6200008392334,33198800
2006-08-16,XLE,28.520000457763672,28.950000762939453,28.295000076293945,28.5,44679200
2006-08-17,XLE,28.219999313354492,28.364999771118164,28.065000534057617,28.299999237060547,69987200
2006-08-18,XLE,28.5,28.75,28.149999618530273,28.739999771118164,27279600
2006-08-21,XLE,28.969999313354492,29.059999465942383,28.815000534057617,28.93000030517578,24737000
2006-08-22,XLE,28.899999618530273,29.125,28.854999542236328,29.125,13917800
2006-08-23,XLE,28.989999771118164,29.06999969482422,28.485000610351562,28.514999389648438,24303600
2006-08-24,XLE,28.600000381469727,28.940000534057617,28.479999542236328,28.885000228881836,21704600
2006-08-25,XLE,29.149999618530273,29.375,29.030000686645508,29.110000610351562,26378800
2006-08-28,XLE,28.75,28.924999237060547,28.635000228881836,28.690000534057617,35186400
2006-08-29,XLE,28.540000915527344,28.540000915527344,28.225000381469727,28.510000228881836,26977000
2006-08-30,XLE,28.405000686645508,28.514999389648438,27.78499984741211,28.030000686645508,39981000
2006-08-31,XLE,27.989999771118164,28.149999618530273,27.770000457763672,27.834999084472656,21933000
2006-09-01,XLE,28.0,28.25,27.905000686645508,28.25,17497000
2006-09-05,XLE,28.149999618530273,28.635000228881836,28.1200008392334,28.6200008392334,33220400
2006-09-06,XLE,28.315000534057617,28.350000381469727,27.6200008392334,27.649999618530273,34454000
2006-09-07,XLE,27.5,27.795000076293945,27.375,27.674999237060547,50465600
2006-09-08,XLE,27.55500030517578,27.780000686645508,26.975000381469727,26.975000381469727,33601600
2006-09-11,XLE,26.645000457763672,26.725000381469727,26.065000534057617,26.139999389648438,88824200
2006-09-12,XLE,26.190000534057617,26.420000076293945,25.829999923706055,25.975000381469727,50193000
2006-09-13,XLE,26.200000762939453,26.684999465942383,26.184999465942383,26.514999389648438,45052000
2006-09-14,XLE,26.5,26.655000686645508,25.844999313354492,25.924999237060547,61271400
2006-09-15,XLE,25.940000534057617,26.05500030517578,25.709999084472656,25.924999237060547,61135400
2006-09-18,XLE,26.075000762939453,26.684999465942383,25.975000381469727,26.549999237060547,66620800
2006-09-19,XLE,26.549999237060547,26.68000030517578,25.860000610351562,26.149999618530273,52592800
2006-09-20,XLE,25.899999618530273,26.135000228881836,25.375,25.450000762939453,58647400
2006-09-21,XLE,25.575000762939453,26.045000076293945,25.520000457763672,25.774999618530273,47660800
2006-09-22,XLE,25.954999923706055,26.020000457763672,25.479999542236328,25.665000915527344,48575000
2006-09-25,XLE,25.350000381469727,25.8799991607666,25.084999084472656,25.700000762939453,69880800
2006-09-26,XLE,25.5,26.290000915527344,25.5,26.264999389648438,62279800
2006-09-27,XLE,26.56999969482422,26.78499984741211,26.139999389648438,26.700000762939453,70352200
2006-09-28,XLE,26.69499969482422,26.985000610351562,26.545000076293945,26.614999771118164,48496200
2006-09-29,XLE,26.450000762939453,26.875,26.385000228881836,26.725000381469727,33727800
2006-10-02,XLE,26.610000610351562,26.90999984741211,26.405000686645508,26.420000076293945,29895400
2006-10-03,XLE,26.0,26.09000015258789,25.450000762939453,25.450000762939453,68121000
2006-10-04,XLE,25.59000015258789,25.93000030517578,25.100000381469727,25.825000762939453,75332400
2006-10-05,XLE,26.299999237060547,26.415000915527344,26.014999389648438,26.31999969482422,62842800
2006-10-06,XLE,26.100000381469727,26.354999542236328,25.8799991607666,26.344999313354492,51216400
2006-10-09,XLE,26.56999969482422,26.6200008392334,25.94499969482422,25.950000762939453,40557200
2006-10-10,XLE,25.799999237060547,26.4950008392334,25.799999237060547,26.434999465942383,53543600
2006-10-11,XLE,26.290000915527344,26.405000686645508,25.959999084472656,26.014999389648438,43451400
2006-10-12,XLE,26.174999237060547,26.625,26.165000915527344,26.625,46280400
2006-10-13,XLE,26.815000534057617,27.19499969482422,26.735000610351562,26.989999771118164,54467400
2006-10-16,XLE,26.950000762939453,27.625,26.905000686645508,27.625,56224600
2006-10-17,XLE,27.549999237060547,27.565000534057617,27.135000228881836,27.325000762939453,45572600
2006-10-18,XLE,27.290000915527344,27.549999237060547,26.940000534057617,27.149999618530273,57421600
2006-10-19,XLE,27.280000686645508,27.709999084472656,27.149999618530273,27.709999084472656,37268800
2006-10-20,XLE,27.825000762939453,27.825000762939453,27.25,27.350000381469727,55108600
2006-10-23,XLE,27.174999237060547,27.520000457763672,27.03499984741211,27.399999618530273,38240800
2006-10-24,XLE,27.354999542236328,27.969999313354492,27.25,27.899999618530273,35451000
2006-10-25,XLE,27.834999084472656,28.56999969482422,27.729999542236328,28.3799991607666,59867600
2006-10-26,XLE,28.709999084472656,28.725000381469727,28.110000610351562,28.315000534057617,40829800
2006-10-27,XLE,28.290000915527344,28.5,27.9950008392334,28.084999084472656,42041200
2006-10-30,XLE,27.700000762939453,27.954999923706055,27.524999618530273,27.579999923706055,77003400
2006-10-31,XLE,27.575000762939453,27.934999465942383,27.225000381469727,27.864999771118164,61219400
2006-11-01,XLE,27.809999465942383,28.010000228881836,27.3700008392334,27.579999923706055,55034800
2006-11-02,XLE,27.420000076293945,27.864999771118164,27.360000610351562,27.690000534057617,36178000
2006-11-03,XLE,27.8700008392334,28.3700008392334,27.864999771118164,28.299999237060547,63797000
2006-11-06,XLE,28.200000762939453,28.600000381469727,28.100000381469727,28.5049991607666,38969600
2006-11-07,XLE,28.5049991607666,28.575000762939453,28.084999084472656,28.28499984741211,62714000
2006-11-08,XLE,28.104999542236328,28.80500030517578,28.104999542236328,28.760000228881836,46124400
2006-11-09,XLE,28.985000610351562,29.299999237060547,28.81999969482422,29.0,41382200
2006-11-10,XLE,28.934999465942383,28.975000381469727,28.545000076293945,28.725000381469727,34595600
2006-11-13,XLE,28.5049991607666,28.940000534057617,28.405000686645508,28.674999237060547,37889000
2006-11-14,XLE,28.864999771118164,28.899999618530273,28.625,28.844999313354492,33182600
2006-11-15,XLE,28.9950008392334,29.2450008392334,28.774999618530273,29.114999771118164,34606200
2006-11-16,XLE,29.309999465942383,29.309999465942383,28.25,28.315000534057617,69076600
2006-11-17,XLE,28.014999389648438,28.600000381469727,27.959999084472656,28.549999237060547,50567000
2006-11-20,XLE,28.420000076293945,28.725000381469727,28.2549991607666,28.475000381469727,52260200
2006-11-21,XLE,28.53499984741211,29.030000686645508,28.53499984741211,29.0,27773000
2006-11-22,XLE,28.854999542236328,29.06999969482422,28.524999618530273,28.829999923706055,37745000
2006-11-24,XLE,28.719999313354492,29.020000457763672,28.665000915527344,28.770000457763672,9024000
2006-11-27,XLE,28.8700008392334,29.0,28.514999389648438,28.639999389648438,26066000
2006-11-28,XLE,28.7450008392334,29.225000381469727,28.739999771118164,29.100000381469727,35626600
2006-11-29,XLE,29.225000381469727,30.165000915527344,29.190000534057617,30.024999618530273,56393200
2006-11-30,XLE,30.024999618530273,30.415000915527344,29.899999618530273,30.2549991607666,52887400
2006-12-01,XLE,30.05500030517578,30.3799991607666,29.739999771118164,30.360000610351562,44489400
2006-12-04,XLE,30.149999618530273,30.334999084472656,30.014999389648438,30.315000534057617,36796400
2006-12-05,XLE,30.5,30.635000228881836,30.125,30.434999465942383,45401600
2006-12-06,XLE,30.325000762939453,30.700000762939453,30.235000610351562,30.350000381469727,40079000
2006-12-07,XLE,30.225000381469727,30.389999389648438,30.014999389648438,30.170000076293945,34637400
2006-12-08,XLE,30.309999465942383,30.485000610351562,30.084999084472656,30.135000228881836,28623800
2006-12-11,XLE,30.0049991607666,30.280000686645508,29.899999618530273,30.059999465942383,36886000
2006-12-12,XLE,30.149999618530273,30.354999542236328,29.924999237060547,30.1299991607666,37962000
2006-12-13,XLE,30.149999618530273,30.530000686645508,30.104999542236328,30.434999465942383,39544600
2006-12-14,XLE,30.600000381469727,31.065000534057617,30.454999923706055,30.875,45614200
2006-12-15,XLE,30.940000534057617,30.940000534057617,30.469999313354492,30.5049991607666,36120600
2006-12-18,XLE,30.549999237060547,30.549999237060547,29.614999771118164,29.625,71225000
2006-12-19,XLE,29.46500015258789,30.174999237060547,29.25,30.1299991607666,40950200
2006-12-20,XLE,30.19499969482422,30.19499969482422,29.65999984741211,29.719999313354492,35164400
2006-12-21,XLE,29.75,29.90999984741211,29.299999237060547,29.579999923706055,48419600
2006-12-22,XLE,29.405000686645508,29.700000762939453,29.295000076293945,29.295000076293945,23659000
2006-12-26,XLE,29.25,29.594999313354492,29.094999313354492,29.329999923706055,20251600
2006-12-27,XLE,29.295000076293945,29.674999237060547,29.19499969482422,29.674999237060547,18653800
2006-12-28,XLE,29.75,29.825000762939453,29.514999389648438,29.610000610351562,24348400
2006-12-29,XLE,29.5,29.600000381469727,29.315000534057617,29.315000534057617,16129400
2007-01-03,XLE,29.155000686645508,29.19499969482422,28.079999923706055,28.290000915527344,94931000
2007-01-04,XLE,27.940000534057617,28.1200008392334,27.645000457763672,27.774999618530273,101763800
2007-01-05,XLE,27.790000915527344,28.040000915527344,27.594999313354492,27.959999084472656,76607000
2007-01-08,XLE,28.239999771118164,28.350000381469727,27.69499969482422,27.959999084472656,65947600
2007-01-09,XLE,27.56999969482422,27.920000076293945,27.399999618530273,27.719999313354492,74036200
2007-01-10,XLE,27.549999237060547,27.584999084472656,27.084999084472656,27.184999465942383,76061200
2007-01-11,XLE,27.274999618530273,27.864999771118164,26.94499969482422,27.030000686645508,97682800
2007-01-12,XLE,27.125,27.799999237060547,27.100000381469727,27.719999313354492,63076600
2007-01-16,XLE,27.524999618530273,27.815000534057617,27.290000915527344,27.434999465942383,62727000
2007-01-17,XLE,27.389999389648438,27.860000610351562,27.385000228881836,27.739999771118164,72263600
2007-01-18,XLE,27.875,28.045000076293945,27.354999542236328,27.53499984741211,62343000
2007-01-19,XLE,27.725000381469727,28.299999237060547,27.665000915527344,28.290000915527344,62563400
2007-01-22,XLE,28.450000762939453,28.454999923706055,27.950000762939453,28.094999313354492,63137800
2007-01-23,XLE,28.315000534057617,28.954999923706055,28.315000534057617,28.825000762939453,72533000
2007-01-24,XLE,28.7450008392334,28.959999084472656,28.399999618530273,28.950000762939453,43948600
2007-01-25,XLE,28.850000381469727,28.905000686645508,28.165000915527344,28.354999542236328,44287400
2007-01-26,XLE,28.549999237060547,28.639999389648438,28.28499984741211,28.424999237060547,27642800
2007-01-29,XLE,28.434999465942383,28.649999618530273,28.165000915527344,28.28499984741211,39899600
2007-01-30,XLE,28.405000686645508,28.934999465942383,28.34000015258789,28.860000610351562,43022200
2007-01-31,XLE,28.809999465942383,29.135000228881836,28.649999618530273,29.045000076293945,55691600
2007-02-01,XLE,29.049999237060547,29.34000015258789,28.885000228881836,29.149999618530273,46168400
2007-02-02,XLE,29.315000534057617,29.46500015258789,28.979999542236328,29.315000534057617,36886000
2007-02-05,XLE,29.375,29.549999237060547,29.19499969482422,29.28499984741211,26218800
2007-02-06,XLE,29.459999084472656,29.469999313354492,29.020000457763672,29.19499969482422,38592800
2007-02-07,XLE,29.295000076293945,29.43000030517578,28.854999542236328,29.020000457763672,39181600
2007-02-08,XLE,29.014999389648438,29.3700008392334,28.864999771118164,29.315000534057617,49711600
2007-02-09,XLE,29.350000381469727,29.454999923706055,29.059999465942383,29.19499969482422,38082400
2007-02-12,XLE,28.899999618530273,29.020000457763672,28.670000076293945,28.790000915527344,37392800
2007-02-13,XLE,28.905000686645508,29.21500015258789,28.895000457763672,29.209999084472656,30053600
2007-02-14,XLE,29.155000686645508,29.520000457763672,29.059999465942383,29.21500015258789,47036000
2007-02-15,XLE,29.1299991607666,29.204999923706055,28.760000228881836,28.9950008392334,49922200
2007-02-16,XLE,29.0,29.040000915527344,28.8700008392334,29.0,32549200
2007-02-20,XLE,28.684999465942383,28.7549991607666,28.559999465942383,28.674999237060547,32566800
2007-02-21,XLE,28.674999237060547,29.03499984741211,28.5049991607666,28.989999771118164,40853400
2007-02-22,XLE,28.9950008392334,29.354999542236328,28.850000381469727,29.25,43117200
2007-02-23,XLE,29.5049991607666,29.514999389648438,29.2549991607666,29.325000762939453,33278800
2007-02-26,XLE,29.584999084472656,29.764999389648438,29.424999237060547,29.5,42328000
2007-02-27,XLE,29.059999465942383,29.450000762939453,28.225000381469727,28.325000762939453,104771600
2007-02-28,XLE,28.450000762939453,28.84000015258789,28.364999771118164,28.450000762939453,65250400
2007-03-01,XLE,28.15999984741211,28.735000610351562,27.524999618530273,28.360000610351562,63812400
2007-03-02,XLE,28.405000686645508,28.469999313354492,27.860000610351562,28.024999618530273,67580200
2007-03-05,XLE,27.575000762939453,28.1299991607666,27.469999313354492,27.700000762939453,72762400
2007-03-06,XLE,28.104999542236328,28.299999237060547,27.940000534057617,28.225000381469727,43864200
2007-03-07,XLE,28.290000915527344,29.114999771118164,28.15999984741211,28.575000762939453,88860200
2007-03-08,XLE,28.96500015258789,28.979999542236328,28.6299991607666,28.825000762939453,46413800
2007-03-09,XLE,28.854999542236328,29.020000457763672,28.6200008392334,28.700000762939453,43495600
2007-03-12,XLE,28.5,28.78499984741211,28.475000381469727,28.65999984741211,42803200
2007-03-13,XLE,28.649999618530273,29.010000228881836,28.225000381469727,28.274999618530273,62941200
2007-03-14,XLE,28.399999618530273,28.684999465942383,28.100000381469727,28.600000381469727,75853600
2007-03-15,XLE,28.594999313354492,28.80500030517578,28.485000610351562,28.594999313354492,41611800
2007-03-16,XLE,28.665000915527344,28.684999465942383,28.1299991607666,28.19499969482422,56097000
2007-03-19,XLE,28.475000381469727,28.78499984741211,28.40999984741211,28.645000457763672,43157600
2007-03-20,XLE,28.674999237060547,28.94499969482422,28.579999923706055,28.850000381469727,48250600
2007-03-21,XLE,29.065000534057617,29.540000915527344,28.93000030517578,29.3700008392334,48850800
2007-03-22,XLE,29.524999618530273,30.09000015258789,29.524999618530273,29.959999084472656,67233000
2007-03-23,XLE,30.094999313354492,30.209999084472656,29.90999984741211,30.110000610351562,29860400
2007-03-26,XLE,30.350000381469727,30.5,29.885000228881836,30.31999969482422,38024600
2007-03-27,XLE,30.2450008392334,30.375,30.084999084472656,30.375,34342000
2007-03-28,XLE,30.56999969482422,30.56999969482422,30.145000457763672,30.3700008392334,37145200
2007-03-29,XLE,30.46500015258789,30.579999923706055,30.2450008392334,30.559999465942383,46594200
2007-03-30,XLE,30.43000030517578,30.475000381469727,29.950000762939453,30.139999389648438,42370600
2007-04-02,XLE,30.1299991607666,30.524999618530273,30.094999313354492,30.434999465942383,35790800
2007-04-03,XLE,30.315000534057617,30.655000686645508,30.21500015258789,30.625,32316200
2007-04-04,XLE,30.424999237060547,30.739999771118164,30.309999465942383,30.674999237060547,31624800
2007-04-05,XLE,30.7549991607666,30.90999984741211,30.6299991607666,30.875,24371800
2007-04-09,XLE,30.81999969482422,31.155000686645508,30.709999084472656,30.760000228881836,39235200
2007-04-10,XLE,30.825000762939453,31.30500030517578,30.780000686645508,31.225000381469727,34376800
2007-04-11,XLE,31.235000610351562,31.385000228881836,30.950000762939453,31.03499984741211,49695000
2007-04-12,XLE,31.075000762939453,31.520000457763672,30.989999771118164,31.510000228881836,33672200
2007-04-13,XLE,31.565000534057617,31.584999084472656,31.350000381469727,31.524999618530273,26788600
2007-04-16,XLE,31.594999313354492,31.760000228881836,31.290000915527344,31.709999084472656,28336000
2007-04-17,XLE,31.78499984741211,31.8700008392334,31.364999771118164,31.530000686645508,29040600
2007-04-18,XLE,31.385000228881836,31.440000534057617,31.204999923706055,31.420000076293945,31142400
2007-04-19,XLE,31.18000030517578,31.229999542236328,30.920000076293945,30.979999542236328,32242400
2007-04-20,XLE,31.270000457763672,31.68000030517578,31.270000457763672,31.549999237060547,36407800
2007-04-23,XLE,31.559999465942383,31.895000457763672,31.5,31.584999084472656,40033600
2007-04-24,XLE,31.55500030517578,31.625,31.325000762939453,31.489999771118164,42760600
2007-04-25,XLE,31.614999771118164,32.28499984741211,31.600000381469727,32.08000183105469,57692600
2007-04-26,XLE,32.05500030517578,32.22999954223633,31.81999969482422,32.06999969482422,38278600
2007-04-27,XLE,31.9950008392334,32.29499816894531,31.84000015258789,32.064998626708984,28250400
2007-04-30,XLE,32.06999969482422,32.375,31.684999465942383,31.684999465942383,35122000
2007-05-01,XLE,31.719999313354492,31.93000030517578,31.489999771118164,31.825000762939453,53459200
2007-05-02,XLE,31.93000030517578,32.20500183105469,31.84000015258789,32.09000015258789,33324400
2007-05-03,XLE,31.959999084472656,32.51499938964844,31.93000030517578,32.349998474121094,34106600
2007-05-04,XLE,32.5,32.869998931884766,32.26499938964844,32.32500076293945,40888800
2007-05-07,XLE,32.209999084472656,32.470001220703125,32.17499923706055,32.40999984741211,22546800
2007-05-08,XLE,32.29999923706055,32.4900016784668,32.0,32.415000915527344,30772400
2007-05-09,XLE,32.380001068115234,32.540000915527344,32.025001525878906,32.400001525878906,44234400
2007-05-10,XLE,32.529998779296875,32.564998626708984,31.829999923706055,31.875,41594400
2007-05-11,XLE,31.924999237060547,32.625,31.889999389648438,32.60499954223633,42647800
2007-05-14,XLE,32.595001220703125,32.814998626708984,32.5,32.6150016784668,33049600
2007-05-15,XLE,32.665000915527344,33.0,32.57500076293945,32.724998474121094,32117600
2007-05-16,XLE,32.689998626708984,32.875,32.34000015258789,32.849998474121094,34880800
2007-05-17,XLE,32.95000076293945,33.54499816894531,32.68000030517578,33.375,37547000
2007-05-18,XLE,33.5,33.92499923706055,33.470001220703125,33.915000915527344,42464600
2007-05-21,XLE,34.03499984741211,34.5099983215332,33.959999084472656,34.20000076293945,90720000
2007-05-22,XLE,34.165000915527344,34.43000030517578,33.880001068115234,33.880001068115234,50212000
2007-05-23,XLE,34.0099983215332,34.39500045776367,33.95000076293945,33.95000076293945,49737000
2007-05-24,XLE,34.029998779296875,34.33000183105469,33.29499816894531,33.33000183105469,56356600
2007-05-25,XLE,33.69499969482422,33.91999816894531,33.61000061035156,33.849998474121094,26041600
2007-05-29,XLE,33.70000076293945,33.8849983215332,33.38999938964844,33.625,41121800
2007-05-30,XLE,33.48500061035156,34.375,33.40999984741211,34.33000183105469,38506000
2007-05-31,XLE,34.41999816894531,34.53499984741211,34.02000045776367,34.150001525878906,33403000
2007-06-01,XLE,34.31999969482422,34.59000015258789,34.30500030517578,34.459999084472656,23829800
2007-06-04,XLE,34.3650016784668,35.03499984741211,34.31999969482422,35.0,35336000
2007-06-05,XLE,34.79499816894531,34.97999954223633,34.60499954223633,34.875,30652000
2007-06-06,XLE,34.755001068115234,34.755001068115234,34.25,34.43000030517578,37970800
2007-06-07,XLE,34.369998931884766,34.625,33.70500183105469,33.81999969482422,40308600
2007-06-08,XLE,33.58000183105469,34.029998779296875,33.39500045776367,33.959999084472656,41979200
2007-06-11,XLE,34.029998779296875,34.4900016784668,33.875,34.220001220703125,27590200
2007-06-12,XLE,34.17499923706055,34.349998474121094,33.79999923706055,33.79999923706055,41113800
2007-06-13,XLE,33.970001220703125,34.54499816894531,33.900001525878906,34.474998474121094,50487400
2007-06-14,XLE,34.564998626708984,35.21500015258789,34.55500030517578,35.05500030517578,38401000
2007-06-15,XLE,35.255001068115234,35.595001220703125,35.209999084472656,35.4900016784668,32450400
2007-06-18,XLE,35.53499984741211,35.709999084472656,35.44499969482422,35.529998779296875,23275600
2007-06-19,XLE,35.4900016784668,35.724998474121094,35.310001373291016,35.56999969482422,22868400
2007-06-20,XLE,35.55500030517578,35.665000915527344,34.400001525878906,34.53499984741211,59250800
2007-06-21,XLE,34.76499938964844,35.2599983215332,34.6349983215332,35.224998474121094,45713400
2007-06-22,XLE,35.150001525878906,35.26499938964844,34.5,34.875,39709200
2007-06-25,XLE,34.650001525878906,35.06999969482422,34.42499923706055,34.595001220703125,49853400
2007-06-26,XLE,34.6150016784668,34.70500183105469,33.80500030517578,33.849998474121094,51648000
2007-06-27,XLE,33.724998474121094,34.52000045776367,33.474998474121094,34.375,47399800
2007-06-28,XLE,34.599998474121094,34.84000015258789,34.255001068115234,34.375,34510600
2007-06-29,XLE,34.57500076293945,34.92499923706055,34.314998626708984,34.494998931884766,36467200
2007-07-02,XLE,34.55500030517578,35.10499954223633,34.55500030517578,35.10499954223633,32160000
2007-07-03,XLE,35.130001068115234,35.38999938964844,35.064998626708984,35.375,10600800
2007-07-05,XLE,35.400001525878906,35.58000183105469,34.93000030517578,35.290000915527344,33578600
2007-07-06,XLE,35.5,35.779998779296875,35.42499923706055,35.77000045776367,23052400
2007-07-09,XLE,35.7400016784668,36.220001220703125,35.650001525878906,36.10499954223633,38314400
2007-07-10,XLE,35.904998779296875,36.334999084472656,35.70000076293945,35.78499984741211,58750800
2007-07-11,XLE,35.650001525878906,36.01499938964844,35.53499984741211,35.91999816894531,55289800
2007-07-12,XLE,36.20000076293945,36.70000076293945,36.20000076293945,36.6150016784668,62177400
2007-07-13,XLE,36.584999084472656,37.15999984741211,36.5099983215332,36.974998474121094,50968000
2007-07-16,XLE,37.040000915527344,37.040000915527344,36.09000015258789,36.5,52113000
2007-07-17,XLE,36.665000915527344,36.875,36.01499938964844,36.025001525878906,49148800
2007-07-18,XLE,36.040000915527344,36.91999816894531,35.935001373291016,36.84000015258789,74638400
2007-07-19,XLE,37.005001068115234,37.2400016784668,36.939998626708984,37.17499923706055,37691800
2007-07-20,XLE,37.150001525878906,37.3650016784668,36.71500015258789,37.0,40165600
2007-07-23,XLE,37.025001525878906,37.31999969482422,36.70000076293945,37.150001525878906,30433600
2007-07-24,XLE,36.82500076293945,36.82500076293945,35.8849983215332,36.07500076293945,50225400
2007-07-25,XLE,36.30500030517578,36.70500183105469,35.52000045776367,36.650001525878906,65361000
2007-07-26,XLE,36.099998474121094,36.18000030517578,34.59000015258789,35.27000045776367,79532200
2007-07-27,XLE,35.32500076293945,35.494998931884766,34.25,34.25,85094800
2007-07-30,XLE,34.595001220703125,35.05500030517578,34.05500030517578,34.84000015258789,64797800
2007-07-31,XLE,35.32500076293945,35.4900016784668,34.5,34.5,45528200
2007-08-01,XLE,34.334999084472656,35.084999084472656,33.60499954223633,34.40999984741211,86169000
2007-08-02,XLE,34.494998931884766,34.75,33.7400016784668,34.17499923706055,68290800
2007-08-03,XLE,34.14500045776367,34.584999084472656,33.005001068115234,33.060001373291016,68139400
2007-08-06,XLE,32.849998474121094,33.35499954223633,32.1150016784668,33.25,109071600
2007-08-07,XLE,32.994998931884766,34.31999969482422,32.880001068115234,34.029998779296875,62339200
2007-08-08,XLE,34.32500076293945,35.04499816894531,34.08000183105469,34.67499923706055,60435200
2007-08-09,XLE,33.79999923706055,34.619998931884766,33.650001525878906,33.68000030517578,65071200
2007-08-10,XLE,33.44499969482422,34.220001220703125,32.814998626708984,33.86000061035156,55367600
2007-08-13,XLE,34.33000183105469,34.709999084472656,33.78499984741211,33.900001525878906,39376800
2007-08-14,XLE,34.19499969482422,34.290000915527344,33.5,33.67499923706055,40611000
2007-08-15,XLE,33.69499969482422,33.98500061035156,32.69499969482422,32.75,52163800
2007-08-16,XLE,32.165000915527344,32.724998474121094,31.364999771118164,32.54999923706055,84094800
2007-08-17,XLE,33.57500076293945,33.834999084472656,32.90999984741211,33.75,61897400
2007-08-20,XLE,33.595001220703125,33.95500183105469,32.974998474121094,33.67499923706055,65976200
2007-08-21,XLE,33.529998779296875,33.79499816894531,33.0,33.20000076293945,40832600
2007-08-22,XLE,33.599998474121094,33.73500061035156,33.31999969482422,33.599998474121094,36239000
2007-08-23,XLE,33.77000045776367,34.029998779296875,33.470001220703125,33.900001525878906,35967000
2007-08-24,XLE,34.04999923706055,34.75,33.974998474121094,34.625,31269000
2007-08-27,XLE,34.459999084472656,34.474998474121094,34.084999084472656,34.20000076293945,21383400
2007-08-28,XLE,34.0,34.125,33.375,33.375,39279000
2007-08-29,XLE,33.619998931884766,34.625,33.58000183105469,34.47999954223633,54728000
2007-08-30,XLE,34.279998779296875,34.685001373291016,34.11000061035156,34.459999084472656,33744400
2007-08-31,XLE,34.869998931884766,35.150001525878906,34.46500015258789,34.915000915527344,26635400
2007-09-04,XLE,34.79999923706055,35.790000915527344,34.70500183105469,35.54999923706055,31791600
2007-09-05,XLE,35.5,35.540000915527344,35.189998626708984,35.36000061035156,32728600
2007-09-06,XLE,35.70000076293945,36.125,35.51499938964844,35.900001525878906,36015000
2007-09-07,XLE,35.47999954223633,35.53499984741211,35.040000915527344,35.130001068115234,40178600
2007-09-10,XLE,35.26499938964844,35.310001373291016,34.38999938964844,35.07500076293945,61778000
2007-09-11,XLE,35.099998474121094,35.755001068115234,34.84000015258789,35.67499923706055,54152400
2007-09-12,XLE,35.57500076293945,36.14500045776367,35.57500076293945,35.92499923706055,48045600
2007-09-13,XLE,35.97999954223633,36.369998931884766,35.935001373291016,36.150001525878906,30474800
2007-09-14,XLE,35.90999984741211,36.47999954223633,35.900001525878906,36.25,28053400
2007-09-17,XLE,36.17499923706055,36.57500076293945,36.07500076293945,36.32500076293945,26959800
2007-09-18,XLE,36.44499969482422,37.5,36.1349983215332,37.42499923706055,37287000
2007-09-19,XLE,37.65999984741211,38.01499938964844,37.505001068115234,37.75,38740600
2007-09-20,XLE,37.66999816894531,37.869998931884766,37.46500015258789,37.724998474121094,32586000
2007-09-21,XLE,38.040000915527344,38.150001525878906,37.82500076293945,37.849998474121094,24444400
2007-09-24,XLE,37.900001525878906,37.96500015258789,37.525001525878906,37.779998779296875,35679600
2007-09-25,XLE,37.290000915527344,37.31999969482422,36.939998626708984,37.15999984741211,34937800
2007-09-26,XLE,37.52000045776367,37.65999984741211,36.845001220703125,37.26499938964844,41332000
2007-09-27,XLE,37.630001068115234,37.790000915527344,37.435001373291016,37.75,25186200
2007-09-28,XLE,37.915000915527344,38.04999923706055,37.310001373291016,37.400001525878906,34826000
2007-10-01,XLE,37.375,38.06999969482422,37.34000015258789,38.04999923706055,38886800
2007-10-02,XLE,37.7599983215332,37.79499816894531,37.130001068115234,37.45500183105469,43783000
2007-10-03,XLE,37.20500183105469,37.42499923706055,36.970001220703125,37.23500061035156,43850800
2007-10-04,XLE,37.07500076293945,37.52000045776367,36.75,37.375,31124600
2007-10-05,XLE,37.55500030517578,37.63999938964844,37.040000915527344,37.55500030517578,32311200
2007-10-08,XLE,37.26499938964844,37.40999984741211,37.06999969482422,37.17499923706055,26189000
2007-10-09,XLE,37.349998474121094,37.93000030517578,37.334999084472656,37.92499923706055,35899200
2007-10-10,XLE,37.3650016784668,38.5,37.3650016784668,38.415000915527344,43909800
2007-10-11,XLE,38.70000076293945,39.04499816894531,37.84000015258789,38.224998474121094,64721400
2007-10-12,XLE,38.27000045776367,38.709999084472656,38.244998931884766,38.584999084472656,27868600
2007-10-15,XLE,38.92499923706055,39.20500183105469,38.744998931884766,38.900001525878906,37512800
2007-10-16,XLE,38.849998474121094,39.19499969482422,38.79499816894531,39.0,40045600
2007-10-17,XLE,39.19499969482422,39.25,38.415000915527344,38.75,46440800
2007-10-18,XLE,38.75,39.084999084472656,38.630001068115234,39.04999923706055,42443800
2007-10-19,XLE,38.724998474121094,38.72999954223633,37.20000076293945,37.20000076293945,66866800
2007-10-22,XLE,36.79499816894531,36.97999954223633,36.334999084472656,36.775001525878906,62531000
2007-10-23,XLE,37.05500030517578,37.45000076293945,36.65999984741211,37.29999923706055,42582400
2007-10-24,XLE,37.220001220703125,37.69499969482422,36.845001220703125,37.54499816894531,46342600
2007-10-25,XLE,37.81999969482422,38.130001068115234,37.470001220703125,37.900001525878906,40123200
2007-10-26,XLE,38.45000076293945,38.71500015258789,38.209999084472656,38.474998474121094,31556000
2007-10-29,XLE,38.5,38.82500076293945,38.5,38.65999984741211,19328800
2007-10-30,XLE,38.404998779296875,38.404998779296875,37.345001220703125,37.345001220703125,49539800
2007-10-31,XLE,37.75,38.46500015258789,37.53499984741211,38.349998474121094,58567800
2007-11-01,XLE,37.78499984741211,38.380001068115234,37.19499969482422,37.224998474121094,44493000
2007-11-02,XLE,37.375,37.939998626708984,37.08000183105469,37.92499923706055,56069200
2007-11-05,XLE,37.48500061035156,37.900001525878906,37.19499969482422,37.619998931884766,47670600
2007-11-06,XLE,38.005001068115234,38.875,38.005001068115234,38.875,36266200
2007-11-07,XLE,38.849998474121094,38.849998474121094,37.275001525878906,37.275001525878906,59806600
2007-11-08,XLE,37.8849983215332,38.58000183105469,37.310001373291016,37.92499923706055,74325400
2007-11-09,XLE,37.44499969482422,37.849998474121094,37.19499969482422,37.224998474121094,56925800
2007-11-12,XLE,36.630001068115234,36.880001068115234,35.42499923706055,35.42499923706055,63528400
2007-11-13,XLE,35.724998474121094,36.67499923706055,35.334999084472656,36.67499923706055,56002800
2007-11-14,XLE,37.04999923706055,37.26499938964844,36.31999969482422,36.619998931884766,44226400
2007-11-15,XLE,36.279998779296875,36.54499816894531,35.29499816894531,35.400001525878906,58108600
2007-11-16,XLE,35.845001220703125,36.41999816894531,35.73500061035156,36.33000183105469,50881800
2007-11-19,XLE,36.17499923706055,36.3849983215332,35.61000061035156,35.724998474121094,35531000
2007-11-20,XLE,36.19499969482422,37.10499954223633,36.0,36.875,56381200
2007-11-21,XLE,36.55500030517578,36.85499954223633,36.064998626708984,36.07500076293945,39537400
2007-11-23,XLE,36.125,37.025001525878906,36.125,37.025001525878906,13740200
2007-11-26,XLE,37.02000045776367,37.130001068115234,35.744998931884766,35.744998931884766,50628600
2007-11-27,XLE,35.29999923706055,35.65999984741211,34.80500030517578,35.349998474121094,57528000
2007-11-28,XLE,35.974998474121094,36.33000183105469,35.58000183105469,36.224998474121094,45945800
2007-11-29,XLE,36.375,36.849998474121094,36.23500061035156,36.625,39496800
2007-11-30,XLE,36.584999084472656,36.875,36.17499923706055,36.73500061035156,34133800
2007-12-03,XLE,36.439998626708984,37.064998626708984,36.439998626708984,36.875,39093200
2007-12-04,XLE,36.79999923706055,36.82500076293945,36.5,36.5,29133400
2007-12-05,XLE,37.0,37.525001525878906,36.935001373291016,37.30500030517578,48980200
2007-12-06,XLE,37.31999969482422,38.32500076293945,37.165000915527344,38.32500076293945,42270000
2007-12-07,XLE,38.150001525878906,38.35499954223633,37.85499954223633,38.09000015258789,24755400
2007-12-10,XLE,38.29999923706055,38.54999923706055,38.165000915527344,38.474998474121094,22776400
2007-12-11,XLE,38.470001220703125,38.78499984741211,37.505001068115234,37.525001525878906,40003600
2007-12-12,XLE,38.375,38.875,38.14500045776367,38.75,48037600
2007-12-13,XLE,38.505001068115234,38.8849983215332,38.209999084472656,38.845001220703125,30835600
2007-12-14,XLE,38.744998931884766,38.76499938964844,38.189998626708984,38.224998474121094,30176200
2007-12-17,XLE,38.150001525878906,38.224998474121094,37.26499938964844,37.540000915527344,54364400
2007-12-18,XLE,37.935001373291016,38.1349983215332,37.290000915527344,37.900001525878906,41742800
2007-12-19,XLE,37.93000030517578,38.4900016784668,37.93000030517578,38.26499938964844,33666200
2007-12-20,XLE,38.59000015258789,38.75,38.064998626708984,38.75,26022400
2007-12-21,XLE,38.779998779296875,39.650001525878906,38.709999084472656,39.650001525878906,33735800
2007-12-24,XLE,39.79499816894531,39.83000183105469,39.400001525878906,39.83000183105469,38001600
2007-12-26,XLE,39.869998931884766,40.29999923706055,39.72999954223633,40.275001525878906,27990600
2007-12-27,XLE,40.29499816894531,40.29499816894531,39.75,39.849998474121094,21799600
2007-12-28,XLE,40.06999969482422,40.22999954223633,39.82500076293945,40.185001373291016,20981400
2007-12-31,XLE,40.220001220703125,40.220001220703125,39.525001525878906,39.67499923706055,22609800
2008-01-02,XLE,39.974998474121094,40.150001525878906,39.6349983215332,39.75,38591400
2008-01-03,XLE,40.03499984741211,40.375,39.92499923706055,40.220001220703125,29210800
2008-01-04,XLE,39.845001220703125,39.869998931884766,38.75,38.75,53756000
2008-01-07,XLE,39.0,39.30500030517578,38.1150016784668,38.599998474121094,64817600
2008-01-08,XLE,38.939998626708984,39.095001220703125,37.92499923706055,37.92499923706055,45215800
2008-01-09,XLE,37.92499923706055,38.66999816894531,37.814998626708984,38.42499923706055,50178400
2008-01-10,XLE,38.17499923706055,38.5,37.15999984741211,38.26499938964844,46105600
2008-01-11,XLE,37.994998931884766,38.51499938964844,37.68000030517578,37.79999923706055,57543200
2008-01-14,XLE,38.21500015258789,38.6150016784668,38.150001525878906,38.54999923706055,40291200
2008-01-15,XLE,38.04499816894531,38.04499816894531,36.95500183105469,36.95500183105469,53263200
2008-01-16,XLE,36.75,37.07500076293945,35.529998779296875,35.724998474121094,87574800
2008-01-17,XLE,36.064998626708984,36.58000183105469,34.29999923706055,34.375,76335400
2008-01-18,XLE,34.625,35.005001068115234,33.56999969482422,34.45000076293945,83086200
2008-01-22,XLE,31.899999618530273,34.08000183105469,31.5,33.474998474121094,80178400
2008-01-23,XLE,32.52000045776367,33.814998626708984,31.485000610351562,33.78499984741211,109372800
2008-01-24,XLE,34.02000045776367,35.16999816894531,33.9900016784668,34.974998474121094,65186400
2008-01-25,XLE,35.4900016784668,35.78499984741211,34.25,34.349998474121094,62751800
2008-01-28,XLE,34.29499816894531,35.224998474121094,34.07500076293945,35.130001068115234,44986000
2008-01-29,XLE,35.21500015258789,35.67499923706055,35.084999084472656,35.525001525878906,37258000
2008-01-30,XLE,35.345001220703125,36.10499954223633,34.8849983215332,35.08000183105469,49692600
2008-01-31,XLE,34.5099983215332,35.39500045776367,34.25,34.79999923706055,47823800
2008-02-01,XLE,35.2599983215332,35.80500030517578,35.11000061035156,35.67499923706055,47327200
2008-02-04,XLE,35.73500061035156,35.900001525878906,35.22999954223633,35.70000076293945,34515600
2008-02-05,XLE,35.13999938964844,35.20000076293945,34.224998474121094,34.224998474121094,55389400
2008-02-06,XLE,34.599998474121094,34.775001525878906,33.67499923706055,33.755001068115234,56930600
2008-02-07,XLE,33.5099983215332,34.59000015258789,33.46500015258789,34.41999816894531,51201000
2008-02-08,XLE,34.38999938964844,34.92499923706055,34.275001525878906,34.92499923706055,34556400
2008-02-11,XLE,34.95000076293945,35.82500076293945,34.58000183105469,35.82500076293945,61999400
2008-02-12,XLE,35.935001373291016,36.380001068115234,35.275001525878906,35.80500030517578,52058800
2008-02-13,XLE,36.02000045776367,36.67499923706055,35.79999923706055,36.67499923706055,41427000
2008-02-14,XLE,36.75,37.09000015258789,36.35499954223633,36.36000061035156,50669400
2008-02-15,XLE,36.6150016784668,36.6150016784668,35.79499816894531,36.42499923706055,42606400
2008-02-19,XLE,37.025001525878906,37.66999816894531,36.95000076293945,37.625,57454200
2008-02-20,XLE,37.10499954223633,38.1150016784668,36.95000076293945,38.07500076293945,37282200
2008-02-21,XLE,37.9900016784668,38.06999969482422,37.0,37.029998779296875,57236000
2008-02-22,XLE,37.39500045776367,37.58000183105469,36.584999084472656,37.45000076293945,33638000
2008-02-25,XLE,37.42499923706055,38.58000183105469,37.40999984741211,38.52000045776367,41729200
2008-02-26,XLE,38.20500183105469,39.17499923706055,38.084999084472656,39.17499923706055,33266000
2008-02-27,XLE,38.959999084472656,39.18000030517578,38.57500076293945,38.665000915527344,31695400
2008-02-28,XLE,38.54999923706055,39.5099983215332,38.54999923706055,39.33000183105469,30196200
2008-02-29,XLE,39.07500076293945,39.20000076293945,37.875,38.025001525878906,41564600
2008-03-03,XLE,38.04999923706055,38.8650016784668,37.834999084472656,38.5,47872000
2008-03-04,XLE,38.27000045776367,38.47999954223633,37.16999816894531,37.75,67485000
2008-03-05,XLE,38.005001068115234,38.70000076293945,37.92499923706055,38.70000076293945,44337600
2008-03-06,XLE,38.529998779296875,38.67499923706055,37.709999084472656,37.92499923706055,46552600
2008-03-07,XLE,37.5,37.64500045776367,36.56999969482422,36.880001068115234,60823600
2008-03-10,XLE,36.95500183105469,37.165000915527344,36.380001068115234,36.42499923706055,58049200
2008-03-11,XLE,37.25,38.29999923706055,37.01499938964844,38.29999923706055,67791600
2008-03-12,XLE,38.0,38.220001220703125,37.45000076293945,37.45000076293945,43799400
2008-03-13,XLE,37.064998626708984,38.224998474121094,36.814998626708984,38.07500076293945,50412400
2008-03-14,XLE,38.41999816894531,38.47999954223633,36.79999923706055,37.380001068115234,56320400
2008-03-17,XLE,36.150001525878906,36.904998779296875,35.59000015258789,36.07500076293945,63273000
2008-03-18,XLE,36.79999923706055,37.650001525878906,36.76499938964844,37.650001525878906,55044000
2008-03-19,XLE,37.36000061035156,37.57500076293945,35.349998474121094,35.349998474121094,87022600
2008-03-20,XLE,34.935001373291016,35.75,34.42499923706055,35.404998779296875,75077400
2008-03-24,XLE,35.689998626708984,36.540000915527344,35.58000183105469,36.025001525878906,31195600
2008-03-25,XLE,36.130001068115234,36.61000061035156,35.88999938964844,36.3849983215332,43855200
2008-03-26,XLE,36.470001220703125,37.435001373291016,36.459999084472656,37.17499923706055,46397800
2008-03-27,XLE,37.30500030517578,37.665000915527344,36.79999923706055,36.79999923706055,45120400
2008-03-28,XLE,37.09000015258789,37.375,36.665000915527344,36.70000076293945,35051000
2008-03-31,XLE,36.814998626708984,37.47999954223633,36.60499954223633,37.029998779296875,43855600
2008-04-01,XLE,36.900001525878906,37.775001525878906,36.67499923706055,37.724998474121094,72571000
2008-04-02,XLE,37.71500015258789,38.51499938964844,37.33000183105469,38.25,42384000
2008-04-03,XLE,38.0,38.72999954223633,37.900001525878906,38.34000015258789,37203800
2008-04-04,XLE,38.3650016784668,39.11000061035156,38.3650016784668,38.654998779296875,38562000
2008-04-07,XLE,39.1349983215332,39.51499938964844,38.689998626708984,38.86000061035156,35357600
2008-04-08,XLE,38.63999938964844,39.369998931884766,38.564998626708984,39.29999923706055,45450200
2008-04-09,XLE,39.2599983215332,39.775001525878906,39.165000915527344,39.375,38980200
2008-04-10,XLE,39.36000061035156,39.584999084472656,38.974998474121094,39.29999923706055,29849600
2008-04-11,XLE,39.09000015258789,39.380001068115234,38.75,38.75,33016600
2008-04-14,XLE,38.79999923706055,39.70500183105469,38.79999923706055,39.63999938964844,29866200
2008-04-15,XLE,39.91999816894531,40.025001525878906,39.41999816894531,39.849998474121094,28587400
2008-04-16,XLE,40.099998474121094,41.20000076293945,39.959999084472656,41.20000076293945,44378200
2008-04-17,XLE,40.810001373291016,41.345001220703125,40.70000076293945,41.165000915527344,33158800
2008-04-18,XLE,40.994998931884766,42.415000915527344,40.904998779296875,41.79499816894531,47077400
2008-04-21,XLE,41.880001068115234,42.33000183105469,41.66999816894531,42.27000045776367,31648600
2008-04-22,XLE,42.09000015258789,42.64500045776367,42.05500030517578,42.290000915527344,52607600
2008-04-23,XLE,42.20500183105469,42.224998474121094,41.625,41.959999084472656,43527000
2008-04-24,XLE,41.5099983215332,41.625,40.625,40.86000061035156,51476000
2008-04-25,XLE,41.349998474121094,41.529998779296875,40.93000030517578,41.439998626708984,75227000
2008-04-28,XLE,41.599998474121094,41.89500045776367,41.29999923706055,41.5099983215332,26412600
2008-04-29,XLE,41.125,41.35499954223633,40.5,40.57500076293945,46405400
2008-04-30,XLE,40.79999923706055,41.35499954223633,40.54499816894531,40.875,48948400
2008-05-01,XLE,40.36000061035156,40.40999984741211,39.21500015258789,39.97999954223633,112186000
2008-05-02,XLE,40.31999969482422,40.935001373291016,40.31999969482422,40.73500061035156,35185800
2008-05-05,XLE,40.814998626708984,41.59000015258789,40.80500030517578,41.32500076293945,25992800
2008-05-06,XLE,41.474998474121094,42.42499923706055,41.32500076293945,42.41999816894531,42192400
2008-05-07,XLE,42.470001220703125,42.5,41.630001068115234,41.630001068115234,46247000
2008-05-08,XLE,41.834999084472656,42.54999923706055,41.630001068115234,42.46500015258789,49814600
2008-05-09,XLE,42.529998779296875,42.55500030517578,41.755001068115234,42.3849983215332,39830000
2008-05-12,XLE,42.05500030517578,42.26499938964844,41.619998931884766,42.150001525878906,36915400
2008-05-13,XLE,42.150001525878906,42.84000015258789,41.744998931884766,42.84000015258789,39394000
2008-05-14,XLE,42.650001525878906,43.0099983215332,42.150001525878906,42.349998474121094,49692600
2008-05-15,XLE,42.70000076293945,43.099998474121094,42.1349983215332,42.90999984741211,57307000
2008-05-16,XLE,43.59000015258789,44.474998474121094,43.5099983215332,44.474998474121094,55097600
2008-05-19,XLE,44.48500061035156,45.040000915527344,44.23500061035156,44.75,45504000
2008-05-20,XLE,44.810001373291016,45.19499969482422,44.54499816894531,45.19499969482422,51403800
2008-05-21,XLE,45.0099983215332,45.709999084472656,44.415000915527344,44.525001525878906,90144400
2008-05-22,XLE,44.44499969482422,44.84000015258789,43.78499984741211,43.875,74709200
2008-05-23,XLE,44.2400016784668,44.345001220703125,42.8849983215332,43.130001068115234,49994000
2008-05-27,XLE,42.95500183105469,43.16999816894531,42.51499938964844,42.849998474121094,51455400
2008-05-28,XLE,42.619998931884766,43.76499938964844,42.36000061035156,43.755001068115234,52428400
2008-05-29,XLE,43.310001373291016,43.54999923706055,42.560001373291016,42.560001373291016,71883800
2008-05-30,XLE,42.88999938964844,43.19499969482422,42.685001373291016,43.0,53572600
2008-06-02,XLE,42.790000915527344,43.66999816894531,42.744998931884766,43.255001068115234,50623800
2008-06-03,XLE,43.04999923706055,43.625,42.29999923706055,42.32500076293945,77687800
2008-06-04,XLE,42.255001068115234,42.720001220703125,41.69499969482422,41.69499969482422,63250600
2008-06-05,XLE,42.07500076293945,43.869998931884766,42.06999969482422,43.869998931884766,69828600
2008-06-06,XLE,44.150001525878906,44.86000061035156,42.97999954223633,43.0099983215332,93650000
2008-06-09,XLE,43.29999923706055,44.46500015258789,43.29999923706055,44.275001525878906,53569800
2008-06-10,XLE,44.095001220703125,44.20500183105469,42.619998931884766,43.185001373291016,55989800
2008-06-11,XLE,43.584999084472656,43.904998779296875,43.040000915527344,43.45000076293945,61922800
2008-06-12,XLE,43.150001525878906,43.22999954223633,42.66999816894531,42.790000915527344,70576000
2008-06-13,XLE,42.665000915527344,43.41999816894531,42.525001525878906,43.29999923706055,33191600
2008-06-16,XLE,43.54999923706055,43.790000915527344,43.349998474121094,43.45500183105469,32483800
2008-06-17,XLE,43.279998779296875,44.31999969482422,43.279998779296875,44.17499923706055,40344000
2008-06-18,XLE,44.07500076293945,44.42499923706055,43.64500045776367,44.345001220703125,42916400
2008-06-19,XLE,44.67499923706055,44.79999923706055,43.279998779296875,43.279998779296875,80901400
2008-06-20,XLE,43.599998474121094,43.73500061035156,42.60499954223633,42.875,65453200
2008-06-23,XLE,42.81999969482422,44.57500076293945,42.80500030517578,44.56999969482422,65764200
2008-06-24,XLE,44.21500015258789,44.290000915527344,43.70000076293945,43.724998474121094,66276000
2008-06-25,XLE,43.8650016784668,44.099998474121094,42.53499984741211,43.560001373291016,80067600
2008-06-26,XLE,43.69499969482422,43.900001525878906,42.599998474121094,43.244998931884766,64154200
2008-06-27,XLE,43.31999969482422,43.82500076293945,43.20500183105469,43.625,46935600
2008-06-30,XLE,44.025001525878906,44.505001068115234,43.880001068115234,44.2400016784668,59832000
2008-07-01,XLE,44.084999084472656,44.52000045776367,43.6349983215332,44.42499923706055,63893000
2008-07-02,XLE,44.58000183105469,45.08000183105469,42.76499938964844,43.084999084472656,73395400
2008-07-03,XLE,43.1349983215332,43.345001220703125,41.79499816894531,42.45000076293945,65181800
2008-07-07,XLE,42.13999938964844,42.83000183105469,41.025001525878906,41.3849983215332,79041400
2008-07-08,XLE,41.0,41.11000061035156,39.810001373291016,40.70000076293945,99812800
2008-07-09,XLE,41.099998474121094,41.595001220703125,39.790000915527344,39.92499923706055,64659600
2008-07-10,XLE,40.07500076293945,41.2599983215332,39.46500015258789,41.150001525878906,75233200
2008-07-11,XLE,41.25,41.47999954223633,40.20500183105469,40.900001525878906,67957800
2008-07-14,XLE,41.0,41.6349983215332,40.63999938964844,41.16999816894531,43191000
2008-07-15,XLE,41.0099983215332,41.17499923706055,39.34000015258789,39.435001373291016,65259400
2008-07-16,XLE,39.345001220703125,39.48500061035156,37.959999084472656,38.41999816894531,98724200
2008-07-17,XLE,38.79499816894531,39.20000076293945,37.025001525878906,37.790000915527344,106995000
2008-07-18,XLE,38.005001068115234,38.84000015258789,37.79499816894531,38.45000076293945,79220000
2008-07-21,XLE,38.75,39.599998474121094,38.244998931884766,39.599998474121094,68166200
2008-07-22,XLE,39.130001068115234,39.43000030517578,38.165000915527344,38.28499984741211,97812400
2008-07-23,XLE,38.2599983215332,38.560001373291016,36.69499969482422,36.89500045776367,111284200
2008-07-24,XLE,37.08000183105469,37.404998779296875,35.92499923706055,36.80500030517578,104924400
2008-07-25,XLE,36.724998474121094,37.60499954223633,36.619998931884766,36.904998779296875,74391600
2008-07-28,XLE,37.189998626708984,37.78499984741211,36.92499923706055,37.04999923706055,48087600
2008-07-29,XLE,36.880001068115234,37.005001068115234,36.14500045776367,36.61000061035156,57967800
2008-07-30,XLE,36.625,38.79499816894531,36.369998931884766,38.790000915527344,88865200
2008-07-31,XLE,38.290000915527344,38.345001220703125,36.8849983215332,37.20000076293945,66341000
2008-08-01,XLE,37.224998474121094,38.185001373291016,37.08000183105469,37.19499969482422,59539800
2008-08-04,XLE,37.25,37.275001525878906,35.14500045776367,35.44499969482422,96359600
2008-08-05,XLE,35.220001220703125,35.88999938964844,34.915000915527344,35.709999084472656,87812400
2008-08-06,XLE,35.7400016784668,36.55500030517578,35.64500045776367,36.525001525878906,77053000
2008-08-07,XLE,36.880001068115234,36.98500061035156,35.93000030517578,36.099998474121094,67407000
2008-08-08,XLE,35.64500045776367,35.845001220703125,34.86000061035156,35.4900016784668,75292400
2008-08-11,XLE,35.845001220703125,36.005001068115234,34.83000183105469,35.474998474121094,66751800
2008-08-12,XLE,35.79499816894531,35.91999816894531,35.310001373291016,35.494998931884766,62058200
2008-08-13,XLE,35.3849983215332,36.755001068115234,35.3849983215332,36.75,88254600
2008-08-14,XLE,36.494998931884766,36.68000030517578,35.68000030517578,36.07500076293945,72349800
2008-08-15,XLE,35.91999816894531,35.935001373291016,35.08000183105469,35.400001525878906,83507400
2008-08-18,XLE,35.665000915527344,36.04499816894531,34.17499923706055,34.95000076293945,64136800
2008-08-19,XLE,34.959999084472656,36.244998931884766,34.93000030517578,36.20500183105469,88471200
2008-08-20,XLE,36.61000061035156,37.375,36.185001373291016,37.25,93456200
2008-08-21,XLE,37.72999954223633,38.35499954223633,37.45500183105469,38.185001373291016,66346200
2008-08-22,XLE,37.84000015258789,37.915000915527344,36.97999954223633,37.310001373291016,49947400
2008-08-25,XLE,37.40999984741211,37.67499923706055,36.685001373291016,36.82500076293945,44783600
2008-08-26,XLE,37.224998474121094,37.79999923706055,37.060001373291016,37.57500076293945,53910600
2008-08-27,XLE,38.03499984741211,38.33000183105469,37.79999923706055,38.16999816894531,48113000
2008-08-28,XLE,38.380001068115234,38.45500183105469,37.04999923706055,37.5,56840400
2008-08-29,XLE,37.95500183105469,37.9900016784668,37.17499923706055,37.32500076293945,44765800
2008-09-02,XLE,36.04999923706055,36.095001220703125,35.275001525878906,35.275001525878906,100913400
2008-09-03,XLE,35.11000061035156,35.779998779296875,34.6349983215332,35.13999938964844,100350400
2008-09-04,XLE,35.154998779296875,35.505001068115234,33.93000030517578,34.349998474121094,108092200
2008-09-05,XLE,34.54499816894531,34.564998626708984,33.404998779296875,34.209999084472656,101422400
2008-09-08,XLE,35.029998779296875,35.14500045776367,33.61000061035156,33.974998474121094,100427600
2008-09-09,XLE,33.654998779296875,33.65999984741211,31.625,31.625,130110200
2008-09-10,XLE,32.064998626708984,33.13999938964844,31.854999542236328,32.869998931884766,120754000
2008-09-11,XLE,32.505001068115234,33.474998474121094,31.850000381469727,33.34000015258789,103951200
2008-09-12,XLE,33.380001068115234,34.4900016784668,33.375,34.46500015258789,106758000
2008-09-15,XLE,32.810001373291016,33.60499954223633,31.825000762939453,31.825000762939453,108897800
2008-09-16,XLE,31.0,33.16999816894531,30.530000686645508,33.16999816894531,122460000
2008-09-17,XLE,32.71500015258789,33.79999923706055,31.8799991607666,32.474998474121094,133010400
2008-09-18,XLE,33.4900016784668,33.81999969482422,31.80500030517578,33.44499969482422,126511000
2008-09-19,XLE,35.68000030517578,39.04999923706055,34.20500183105469,35.625,92288400
2008-09-22,XLE,35.68000030517578,36.290000915527344,35.0,35.0,68529600
2008-09-23,XLE,35.084999084472656,35.54999923706055,33.845001220703125,33.845001220703125,64386200
2008-09-24,XLE,34.349998474121094,34.51499938964844,33.810001373291016,33.94499969482422,59170400
2008-09-25,XLE,33.959999084472656,34.974998474121094,33.95000076293945,34.775001525878906,55444400
2008-09-26,XLE,33.79499816894531,34.244998931884766,33.0099983215332,33.849998474121094,69241400
2008-09-29,XLE,32.994998931884766,32.994998931884766,29.565000534057617,29.825000762939453,91723400
2008-09-30,XLE,30.959999084472656,32.14500045776367,30.71500015258789,31.649999618530273,66400600
2008-10-01,XLE,31.350000381469727,31.71500015258789,30.0,31.1299991607666,93231000
2008-10-02,XLE,30.649999618530273,30.709999084472656,28.809999465942383,29.354999542236328,93994200
2008-10-03,XLE,29.25,34.959999084472656,28.7450008392334,29.0049991607666,97079200
2008-10-06,XLE,27.8799991607666,27.96500015258789,25.489999771118164,27.44499969482422,139090000
2008-10-07,XLE,28.270000457763672,28.639999389648438,25.770000457763672,25.940000534057617,96050600
2008-10-08,XLE,25.15999984741211,27.325000762939453,24.579999923706055,26.43000030517578,160996400
2008-10-09,XLE,26.625,27.014999389648438,22.625,22.625,110524800
2008-10-10,XLE,21.4950008392334,22.8700008392334,19.420000076293945,21.700000762939453,186766400
2008-10-13,XLE,22.670000076293945,25.815000534057617,22.209999084472656,25.274999618530273,100972600
2008-10-14,XLE,26.364999771118164,28.475000381469727,24.190000534057617,25.30500030517578,125450200
2008-10-15,XLE,24.100000381469727,24.420000076293945,20.979999542236328,21.649999618530273,119568000
2008-10-16,XLE,21.889999389648438,23.040000915527344,20.1299991607666,22.475000381469727,154834800
2008-10-17,XLE,22.264999389648438,24.825000762939453,21.80500030517578,22.969999313354492,126661000
2008-10-20,XLE,23.864999771118164,25.645000457763672,23.809999465942383,25.645000457763672,90005200
2008-10-21,XLE,24.889999389648438,25.530000686645508,23.94499969482422,24.479999542236328,87792200
2008-10-22,XLE,23.5,23.5,21.204999923706055,22.100000381469727,124200400
2008-10-23,XLE,22.260000228881836,23.405000686645508,21.155000686645508,23.274999618530273,174627800
2008-10-24,XLE,20.635000228881836,22.760000228881836,20.600000381469727,21.825000762939453,108626800
2008-10-27,XLE,21.600000381469727,22.739999771118164,20.389999389648438,20.43000030517578,93196800
2008-10-28,XLE,21.735000610351562,23.545000076293945,20.530000686645508,23.545000076293945,125925600
2008-10-29,XLE,23.739999771118164,25.229999542236328,23.545000076293945,24.065000534057617,127611400
2008-10-30,XLE,24.69499969482422,25.309999465942383,23.68000030517578,25.174999237060547,105421200
2008-10-31,XLE,24.739999771118164,26.315000534057617,24.440000534057617,25.700000762939453,95992600
2008-11-03,XLE,25.299999237060547,25.6200008392334,24.450000762939453,24.905000686645508,62059000
2008-11-04,XLE,25.479999542236328,26.649999618530273,25.469999313354492,26.510000228881836,67894200
2008-11-05,XLE,25.825000762939453,26.649999618530273,25.204999923706055,25.325000762939453,85242200
2008-11-06,XLE,25.075000762939453,25.30500030517578,23.5,23.799999237060547,104532600
2008-11-07,XLE,24.114999771118164,24.96500015258789,23.90999984741211,24.924999237060547,67146600
2008-11-10,XLE,25.65999984741211,25.954999923706055,24.514999389648438,25.010000228881836,81374200
2008-11-11,XLE,24.3700008392334,24.780000686645508,23.75,24.290000915527344,73709600
2008-11-12,XLE,23.600000381469727,23.770000457763672,22.2450008392334,22.299999237060547,79129000
2008-11-13,XLE,22.674999237060547,25.0,21.5049991607666,24.920000076293945,127985200
2008-11-14,XLE,24.25,25.25,23.440000534057617,23.885000228881836,111201000
2008-11-17,XLE,23.645000457763672,24.479999542236328,23.334999084472656,23.389999389648438,89162400
2008-11-18,XLE,23.540000915527344,24.25,22.959999084472656,24.045000076293945,104807000
2008-11-19,XLE,23.985000610351562,24.440000534057617,22.71500015258789,22.799999237060547,98284600
2008-11-20,XLE,22.149999618530273,22.34000015258789,19.90999984741211,19.979999542236328,132242400
2008-11-21,XLE,20.639999389648438,22.469999313354492,20.260000228881836,22.209999084472656,150731800
2008-11-24,XLE,22.809999465942383,24.53499984741211,22.40999984741211,23.815000534057617,110990200
2008-11-25,XLE,24.104999542236328,24.424999237060547,23.399999618530273,24.19499969482422,93198000
2008-11-26,XLE,23.924999237060547,25.725000381469727,23.725000381469727,25.549999237060547,78718000
2008-11-28,XLE,25.229999542236328,25.299999237060547,24.59000015258789,25.139999389648438,31942400
2008-12-01,XLE,24.125,24.125,22.440000534057617,22.46500015258789,74521200
2008-12-02,XLE,23.045000076293945,23.30500030517578,22.364999771118164,23.225000381469727,75605800
2008-12-03,XLE,22.639999389648438,23.315000534057617,22.295000076293945,23.239999771118164,95997200
2008-12-04,XLE,22.844999313354492,23.135000228881836,21.200000762939453,21.6299991607666,98205400
2008-12-05,XLE,21.18000030517578,22.114999771118164,20.264999389648438,22.079999923706055,104990800
2008-12-08,XLE,22.975000381469727,23.59000015258789,22.760000228881836,23.059999465942383,98376200
2008-12-09,XLE,23.014999389648438,23.934999465942383,22.885000228881836,23.290000915527344,86006600
2008-12-10,XLE,23.7450008392334,24.690000534057617,23.735000610351562,24.4950008392334,82922400
2008-12-11,XLE,24.69499969482422,25.395000457763672,24.09000015258789,24.3799991607666,82029200
2008-12-12,XLE,23.510000228881836,24.364999771118164,23.280000686645508,24.139999389648438,81449000
2008-12-15,XLE,24.6200008392334,24.84000015258789,23.575000762939453,24.0,71277000
2008-12-16,XLE,24.7450008392334,24.959999084472656,24.100000381469727,24.7450008392334,81836800
2008-12-17,XLE,24.69499969482422,25.270000457763672,24.459999084472656,24.584999084472656,82104800
2008-12-18,XLE,24.5,24.575000762939453,22.895000457763672,23.155000686645508,99837200
2008-12-19,XLE,23.075000762939453,23.709999084472656,22.924999237060547,23.0,87478600
2008-12-22,XLE,23.145000457763672,23.229999542236328,21.959999084472656,22.315000534057617,63606600
2008-12-23,XLE,22.469999313354492,22.7450008392334,22.079999923706055,22.364999771118164,55987600
2008-12-24,XLE,22.18000030517578,22.3700008392334,22.010000228881836,22.280000686645508,12669200
2008-12-26,XLE,22.469999313354492,22.725000381469727,22.274999618530273,22.579999923706055,11565600
2008-12-29,XLE,23.125,23.239999771118164,22.780000686645508,23.075000762939453,29313200
2008-12-30,XLE,23.135000228881836,23.674999237060547,22.93000030517578,23.635000228881836,32908800
2008-12-31,XLE,23.56999969482422,24.204999923706055,23.375,23.885000228881836,46827600
2009-01-02,XLE,24.100000381469727,25.334999084472656,24.040000915527344,25.075000762939453,68567400
2009-01-05,XLE,25.020000457763672,26.094999313354492,24.959999084472656,25.665000915527344,95289000
2009-01-06,XLE,26.05500030517578,26.594999313354492,25.78499984741211,25.94499969482422,96745000
2009-01-07,XLE,25.549999237060547,25.549999237060547,24.600000381469727,24.844999313354492,78427000
2009-01-08,XLE,24.709999084472656,25.204999923706055,24.579999923706055,25.165000915527344,66533600
2009-01-09,XLE,25.155000686645508,25.18000030517578,24.225000381469727,24.31999969482422,79913600
2009-01-12,XLE,23.985000610351562,24.030000686645508,23.239999771118164,23.360000610351562,68882200
2009-01-13,XLE,23.399999618530273,24.065000534057617,23.34000015258789,23.94499969482422,93531800
2009-01-14,XLE,23.559999465942383,23.584999084472656,22.579999923706055,22.799999237060547,81218200
2009-01-15,XLE,22.760000228881836,23.135000228881836,22.0,23.084999084472656,88215400
2009-01-16,XLE,23.5049991607666,23.684999465942383,22.71500015258789,23.270000457763672,87339600
2009-01-20,XLE,22.8700008392334,23.43000030517578,21.979999542236328,22.030000686645508,89839400
2009-01-21,XLE,22.34000015258789,23.575000762939453,22.21500015258789,23.510000228881836,84770200
2009-01-22,XLE,22.975000381469727,23.344999313354492,22.3799991607666,22.864999771118164,107140400
2009-01-23,XLE,22.315000534057617,23.850000381469727,22.174999237060547,23.530000686645508,88452600
2009-01-26,XLE,23.700000762939453,24.575000762939453,23.584999084472656,23.96500015258789,86314400
2009-01-27,XLE,23.850000381469727,24.219999313354492,23.575000762939453,24.0049991607666,77673600
2009-01-28,XLE,24.424999237060547,24.844999313354492,24.010000228881836,24.65999984741211,78603600
2009-01-29,XLE,24.155000686645508,24.315000534057617,23.674999237060547,23.790000915527344,87422800
2009-01-30,XLE,24.190000534057617,24.325000762939453,23.290000915527344,23.459999084472656,85838800
2009-02-02,XLE,22.969999313354492,23.299999237060547,22.809999465942383,23.084999084472656,61179600
2009-02-03,XLE,23.209999084472656,23.635000228881836,22.985000610351562,23.485000610351562,62642000
2009-02-04,XLE,23.700000762939453,24.030000686645508,23.459999084472656,23.704999923706055,72235400
2009-02-05,XLE,23.540000915527344,24.3700008392334,23.270000457763672,24.28499984741211,85168400
2009-02-06,XLE,24.0049991607666,24.899999618530273,23.924999237060547,24.735000610351562,77044000
2009-02-09,XLE,24.854999542236328,25.385000228881836,24.610000610351562,24.825000762939453,68026600
2009-02-10,XLE,24.94499969482422,25.174999237060547,23.454999923706055,23.670000076293945,113454600
2009-02-11,XLE,23.850000381469727,24.065000534057617,22.940000534057617,23.399999618530273,85024800
2009-02-12,XLE,22.959999084472656,23.4950008392334,22.665000915527344,23.440000534057617,90264600
2009-02-13,XLE,23.415000915527344,23.860000610351562,23.34000015258789,23.4950008392334,74918600
2009-02-17,XLE,22.674999237060547,22.80500030517578,21.829999923706055,21.8700008392334,103792600
2009-02-18,XLE,22.0,22.114999771118164,21.4950008392334,21.7450008392334,85612800
2009-02-19,XLE,21.979999542236328,22.190000534057617,21.639999389648438,21.75,67991000
2009-02-20,XLE,21.309999465942383,21.4950008392334,20.684999465942383,21.190000534057617,89403000
2009-02-23,XLE,21.575000762939453,21.655000686645508,20.139999389648438,20.200000762939453,68967000
2009-02-24,XLE,20.415000915527344,21.270000457763672,20.274999618530273,21.149999618530273,67763200
2009-02-25,XLE,21.139999389648438,21.55500030517578,20.579999923706055,21.024999618530273,87614800
2009-02-26,XLE,21.40999984741211,21.8700008392334,21.049999237060547,21.075000762939453,64285400
2009-02-27,XLE,20.614999771118164,21.274999618530273,20.34000015258789,20.565000534057617,86158200
2009-03-02,XLE,20.094999313354492,20.219999313354492,19.0,19.059999465942383,93377800
2009-03-03,XLE,19.40999984741211,19.75,18.950000762939453,19.155000686645508,90922200
2009-03-04,XLE,19.81999969482422,20.485000610351562,19.625,20.06999969482422,92007600
2009-03-05,XLE,19.6299991607666,19.895000457763672,19.0,19.184999465942383,90310000
2009-03-06,XLE,19.485000610351562,19.96500015258789,18.700000762939453,19.395000457763672,95548400
2009-03-09,XLE,19.174999237060547,20.065000534057617,19.045000076293945,19.43000030517578,84001400
2009-03-10,XLE,19.940000534057617,20.665000915527344,19.825000762939453,20.415000915527344,83388200
2009-03-11,XLE,20.540000915527344,20.815000534057617,19.959999084472656,20.329999923706055,76690000
2009-03-12,XLE,20.524999618530273,21.030000686645508,20.165000915527344,20.940000534057617,63845200
2009-03-13,XLE,21.084999084472656,21.170000076293945,20.479999542236328,20.75,59145800
2009-03-16,XLE,20.739999771118164,21.514999389648438,20.655000686645508,21.014999389648438,56123000
2009-03-17,XLE,20.979999542236328,22.424999237060547,20.764999389648438,21.739999771118164,55410200
2009-03-18,XLE,21.44499969482422,22.21500015258789,20.950000762939453,21.959999084472656,84792400
2009-03-19,XLE,22.700000762939453,23.010000228881836,22.415000915527344,22.489999771118164,79527000
2009-03-20,XLE,22.540000915527344,22.610000610351562,21.43000030517578,21.5,75273200
2009-03-23,XLE,22.014999389648438,23.290000915527344,21.96500015258789,23.270000457763672,93572200
2009-03-24,XLE,22.924999237060547,23.15999984741211,22.53499984741211,22.829999923706055,59595400
2009-03-25,XLE,22.764999389648438,23.155000686645508,22.110000610351562,22.719999313354492,66918400
2009-03-26,XLE,23.084999084472656,23.325000762939453,22.645000457763672,22.915000915527344,68444800
2009-03-27,XLE,22.424999237060547,22.514999389648438,22.104999542236328,22.235000610351562,57336600
2009-03-30,XLE,21.674999237060547,21.69499969482422,21.045000076293945,21.40999984741211,54638200
2009-03-31,XLE,21.7450008392334,21.78499984741211,21.219999313354492,21.229999542236328,78684000
2009-04-01,XLE,20.75,21.834999084472656,20.735000610351562,21.68000030517578,66401200
2009-04-02,XLE,22.489999771118164,22.94499969482422,22.405000686645508,22.56999969482422,70610200
2009-04-03,XLE,22.485000610351562,23.170000076293945,22.415000915527344,23.010000228881836,55045400
2009-04-06,XLE,22.709999084472656,22.739999771118164,22.209999084472656,22.545000076293945,52423400
2009-04-07,XLE,22.065000534057617,22.125,21.75,21.8700008392334,44630200
2009-04-08,XLE,21.915000915527344,22.375,21.475000381469727,22.149999618530273,47116600
2009-04-09,XLE,22.760000228881836,22.90999984741211,22.514999389648438,22.799999237060547,40653400
2009-04-13,XLE,22.334999084472656,22.760000228881836,22.010000228881836,22.549999237060547,35503600
2009-04-14,XLE,22.405000686645508,22.860000610351562,22.190000534057617,22.489999771118164,42165000
2009-04-15,XLE,22.395000457763672,22.625,22.155000686645508,22.520000457763672,42437000
2009-04-16,XLE,22.735000610351562,22.809999465942383,22.170000076293945,22.625,35525800
2009-04-17,XLE,22.68000030517578,23.0049991607666,22.53499984741211,22.889999389648438,44136600
2009-04-20,XLE,22.31999969482422,22.3700008392334,21.655000686645508,21.780000686645508,36891800
2009-04-21,XLE,21.53499984741211,22.264999389648438,21.44499969482422,22.209999084472656,16007400
2009-04-22,XLE,21.969999313354492,22.459999084472656,21.864999771118164,21.975000381469727,42870200
2009-04-23,XLE,22.299999237060547,22.420000076293945,21.94499969482422,22.385000228881836,38427600
2009-04-24,XLE,22.760000228881836,23.219999313354492,22.719999313354492,23.03499984741211,47660400
2009-04-27,XLE,22.540000915527344,22.829999923706055,22.354999542236328,22.600000381469727,36723800
2009-04-28,XLE,22.274999618530273,22.93000030517578,22.25,22.649999618530273,31412400
2009-04-29,XLE,22.875,23.875,22.825000762939453,23.274999618530273,42310600
2009-04-30,XLE,23.545000076293945,23.55500030517578,22.56999969482422,22.889999389648438,59166600
2009-05-01,XLE,22.979999542236328,23.815000534057617,22.8700008392334,23.6299991607666,43703400
2009-05-04,XLE,23.895000457763672,24.604999542236328,23.80500030517578,24.575000762939453,56332400
2009-05-05,XLE,24.479999542236328,24.565000534057617,23.860000610351562,24.2450008392334,35813400
2009-05-06,XLE,24.684999465942383,25.329999923706055,24.594999313354492,25.184999465942383,43682200
2009-05-07,XLE,25.760000228881836,25.80500030517578,24.524999618530273,24.860000610351562,46984200
2009-05-08,XLE,25.239999771118164,26.174999237060547,25.229999542236328,25.920000076293945,56479600
2009-05-11,XLE,25.5,25.545000076293945,24.905000686645508,25.1299991607666,36681600
2009-05-12,XLE,25.459999084472656,25.5049991607666,24.7549991607666,25.290000915527344,46931000
2009-05-13,XLE,24.940000534057617,25.05500030517578,24.270000457763672,24.454999923706055,60138400
2009-05-14,XLE,24.264999389648438,24.7549991607666,24.045000076293945,24.524999618530273,35979000
2009-05-15,XLE,24.405000686645508,24.6299991607666,23.795000076293945,24.0,60101200
2009-05-18,XLE,24.3700008392334,24.860000610351562,24.350000381469727,24.829999923706055,33953800
2009-05-19,XLE,24.875,25.204999923706055,24.71500015258789,24.950000762939453,32915400
2009-05-20,XLE,25.30500030517578,25.7549991607666,24.96500015258789,25.03499984741211,44500400
2009-05-21,XLE,24.65999984741211,24.68000030517578,24.020000457763672,24.295000076293945,51213600
2009-05-22,XLE,24.450000762939453,24.729999542236328,24.25,24.30500030517578,27292000
2009-05-26,XLE,24.145000457763672,24.889999389648438,23.825000762939453,24.81999969482422,53813800
2009-05-27,XLE,24.924999237060547,25.25,24.514999389648438,24.549999237060547,41742600
2009-05-28,XLE,24.770000457763672,25.604999542236328,24.530000686645508,25.364999771118164,51813800
2009-05-29,XLE,25.770000457763672,25.94499969482422,25.485000610351562,25.84000015258789,44477400
2009-06-01,XLE,26.34000015258789,26.975000381469727,26.28499984741211,26.790000915527344,59445800
2009-06-02,XLE,26.655000686645508,26.905000686645508,26.514999389648438,26.719999313354492,40510200
2009-06-03,XLE,26.385000228881836,26.385000228881836,25.309999465942383,25.690000534057617,56498000
2009-06-04,XLE,25.9950008392334,26.334999084472656,25.760000228881836,26.270000457763672,62122000
2009-06-05,XLE,26.549999237060547,28.854999542236328,25.729999542236328,26.05500030517578,46431000
2009-06-08,XLE,25.81999969482422,26.200000762939453,25.4950008392334,25.9950008392334,36661600
2009-06-09,XLE,26.290000915527344,26.479999542236328,25.969999313354492,26.25,29609000
2009-06-10,XLE,26.700000762939453,26.774999618530273,26.05500030517578,26.485000610351562,50113800
2009-06-11,XLE,26.56999969482422,27.40999984741211,26.524999618530273,27.014999389648438,49884800
2009-06-12,XLE,26.71500015258789,26.7549991607666,26.399999618530273,26.7549991607666,39909000
2009-06-15,XLE,26.295000076293945,26.309999465942383,25.704999923706055,26.045000076293945,38825600
2009-06-16,XLE,26.274999618530273,26.3799991607666,25.415000915527344,25.489999771118164,46876600
2009-06-17,XLE,25.299999237060547,25.350000381469727,24.735000610351562,25.075000762939453,72678600
2009-06-18,XLE,25.03499984741211,25.329999923706055,24.834999084472656,24.979999542236328,46122600
2009-06-19,XLE,25.1200008392334,25.18000030517578,24.40999984741211,24.604999542236328,49653600
2009-06-22,XLE,24.225000381469727,24.225000381469727,23.329999923706055,23.375,64228800
2009-06-23,XLE,23.5049991607666,23.729999542236328,23.155000686645508,23.514999389648438,50627800
2009-06-24,XLE,23.684999465942383,24.020000457763672,23.454999923706055,23.610000610351562,36044600
2009-06-25,XLE,23.540000915527344,24.21500015258789,23.5,24.104999542236328,53431000
2009-06-26,XLE,24.030000686645508,24.1200008392334,23.84000015258789,23.94499969482422,24620000
2009-06-29,XLE,24.100000381469727,24.399999618530273,24.03499984741211,24.170000076293945,27624400
2009-06-30,XLE,24.170000076293945,24.454999923706055,23.635000228881836,24.024999618530273,45739400
2009-07-01,XLE,24.290000915527344,24.559999465942383,24.0049991607666,24.045000076293945,40023400
2009-07-02,XLE,23.635000228881836,23.635000228881836,23.065000534057617,23.079999923706055,47966800
2009-07-06,XLE,22.559999465942383,22.850000381469727,22.274999618530273,22.844999313354492,63343800
2009-07-07,XLE,22.80500030517578,22.825000762939453,22.200000762939453,22.260000228881836,43153800
2009-07-08,XLE,22.19499969482422,22.514999389648438,21.829999923706055,22.264999389648438,68756200
2009-07-09,XLE,22.4950008392334,22.81999969482422,22.299999237060547,22.4950008392334,49091200
2009-07-10,XLE,22.139999389648438,22.389999389648438,21.989999771118164,22.334999084472656,50377600
2009-07-13,XLE,22.329999923706055,22.704999923706055,21.899999618530273,22.674999237060547,44888200
2009-07-14,XLE,22.93000030517578,23.079999923706055,22.684999465942383,22.979999542236328,54760600
2009-07-15,XLE,23.415000915527344,23.885000228881836,23.405000686645508,23.795000076293945,59843600
2009-07-16,XLE,23.65999984741211,24.229999542236328,23.540000915527344,24.084999084472656,32160800
2009-07-17,XLE,24.06999969482422,24.360000610351562,23.854999542236328,24.225000381469727,37788600
2009-07-20,XLE,24.545000076293945,24.729999542236328,24.225000381469727,24.639999389648438,39242000
2009-07-21,XLE,24.915000915527344,25.010000228881836,24.454999923706055,24.854999542236328,36666800
2009-07-22,XLE,24.485000610351562,24.934999465942383,24.424999237060547,24.6299991607666,43119200
2009-07-23,XLE,24.600000381469727,25.424999237060547,24.53499984741211,25.329999923706055,43464400
2009-07-24,XLE,25.225000381469727,25.635000228881836,25.125,25.594999313354492,30936600
2009-07-27,XLE,25.655000686645508,25.834999084472656,25.389999389648438,25.68000030517578,26397200
2009-07-28,XLE,25.389999389648438,25.4950008392334,24.80500030517578,25.30500030517578,38322000
2009-07-29,XLE,24.895000457763672,24.915000915527344,24.420000076293945,24.719999313354492,44510600
2009-07-30,XLE,24.954999923706055,25.329999923706055,24.75,25.065000534057617,41371800
2009-07-31,XLE,24.940000534057617,25.424999237060547,24.764999389648438,25.309999465942383,35830400
2009-08-03,XLE,25.7450008392334,26.139999389648438,25.704999923706055,25.959999084472656,41977800
2009-08-04,XLE,25.829999923706055,26.049999237060547,25.645000457763672,25.915000915527344,28837000
2009-08-05,XLE,25.905000686645508,25.905000686645508,25.5,25.655000686645508,32381600
2009-08-06,XLE,25.75,25.75,25.2450008392334,25.44499969482422,33406200
2009-08-07,XLE,25.7450008392334,25.809999465942383,25.280000686645508,25.415000915527344,37257400
2009-08-10,XLE,25.344999313354492,25.68000030517578,25.28499984741211,25.524999618530273,28121400
2009-08-11,XLE,25.434999465942383,25.4950008392334,25.049999237060547,25.155000686645508,41350400
2009-08-12,XLE,25.100000381469727,25.655000686645508,25.084999084472656,25.424999237060547,31199200
2009-08-13,XLE,25.6299991607666,25.764999389648438,25.28499984741211,25.735000610351562,33626200
2009-08-14,XLE,25.729999542236328,25.760000228881836,25.075000762939453,25.354999542236328,33078000
2009-08-17,XLE,24.7450008392334,24.799999237060547,24.3700008392334,24.53499984741211,37469800
2009-08-18,XLE,24.594999313354492,24.889999389648438,24.4950008392334,24.780000686645508,25840200
2009-08-19,XLE,24.530000686645508,25.434999465942383,24.450000762939453,25.239999771118164,41163600
2009-08-20,XLE,25.2450008392334,25.524999618530273,25.229999542236328,25.454999923706055,20052600
2009-08-21,XLE,25.760000228881836,26.274999618530273,25.75,26.174999237060547,43980200
2009-08-24,XLE,26.420000076293945,26.704999923706055,26.40999984741211,26.510000228881836,38163200
2009-08-25,XLE,26.594999313354492,26.729999542236328,26.014999389648438,26.104999542236328,42513200
2009-08-26,XLE,25.905000686645508,26.290000915527344,25.790000915527344,26.225000381469727,32536200
2009-08-27,XLE,26.075000762939453,26.325000762939453,25.559999465942383,26.145000457763672,36828200
2009-08-28,XLE,26.334999084472656,26.375,25.920000076293945,26.09000015258789,21096600
2009-08-31,XLE,25.674999237060547,25.760000228881836,25.420000076293945,25.584999084472656,26625400
2009-09-01,XLE,25.510000228881836,25.844999313354492,25.079999923706055,25.139999389648438,40933200
2009-09-02,XLE,25.0,25.295000076293945,24.954999923706055,24.954999923706055,28713200
2009-09-03,XLE,25.155000686645508,25.25,24.969999313354492,25.1299991607666,18870200
2009-09-04,XLE,25.079999923706055,25.55500030517578,25.05500030517578,25.479999542236328,23645600
2009-09-08,XLE,26.0,27.2450008392334,25.90999984741211,26.18000030517578,38221600
2009-09-09,XLE,26.25,26.5049991607666,26.065000534057617,26.239999771118164,26240800
2009-09-10,XLE,26.364999771118164,26.7450008392334,26.174999237060547,26.69499969482422,34983000
2009-09-11,XLE,26.850000381469727,27.15999984741211,26.579999923706055,26.799999237060547,42355800
2009-09-14,XLE,26.4950008392334,27.014999389648438,26.405000686645508,27.0,31227000
2009-09-15,XLE,27.1299991607666,27.344999313354492,26.895000457763672,27.270000457763672,36972000
2009-09-16,XLE,27.475000381469727,27.959999084472656,27.434999465942383,27.94499969482422,45770000
2009-09-17,XLE,27.915000915527344,28.139999389648438,27.610000610351562,27.809999465942383,34738800
2009-09-18,XLE,27.860000610351562,27.8799991607666,27.350000381469727,27.59000015258789,36729600
2009-09-21,XLE,27.135000228881836,27.450000762939453,26.989999771118164,27.354999542236328,31133000
2009-09-22,XLE,27.795000076293945,27.885000228881836,27.584999084472656,27.78499984741211,27074000
2009-09-23,XLE,27.80500030517578,27.864999771118164,27.190000534057617,27.204999923706055,67976400
2009-09-24,XLE,27.2549991607666,27.274999618530273,26.604999542236328,26.815000534057617,45889600
2009-09-25,XLE,26.719999313354492,27.114999771118164,26.559999465942383,26.780000686645508,40207200
2009-09-28,XLE,26.795000076293945,27.299999237060547,26.7450008392334,27.209999084472656,28126000
2009-09-29,XLE,27.190000534057617,27.325000762939453,26.915000915527344,27.135000228881836,35139000
2009-09-30,XLE,27.28499984741211,27.290000915527344,26.604999542236328,26.959999084472656,50769600
2009-10-01,XLE,26.950000762939453,26.959999084472656,26.1200008392334,26.1200008392334,47306800
2009-10-02,XLE,25.774999618530273,26.170000076293945,25.670000076293945,25.985000610351562,37126800
2009-10-05,XLE,26.020000457763672,26.670000076293945,25.924999237060547,26.559999465942383,33735400
2009-10-06,XLE,26.94499969482422,27.385000228881836,26.915000915527344,27.190000534057617,43871200
2009-10-07,XLE,27.110000610351562,27.399999618530273,26.975000381469727,27.399999618530273,41166000
2009-10-08,XLE,27.545000076293945,28.184999465942383,27.485000610351562,28.104999542236328,73616400
2009-10-09,XLE,27.9950008392334,28.204999923706055,27.8700008392334,28.079999923706055,26629200
2009-10-12,XLE,28.299999237060547,28.674999237060547,28.295000076293945,28.459999084472656,27144000
2009-10-13,XLE,28.540000915527344,28.559999465942383,28.020000457763672,28.5049991607666,41277000
2009-10-14,XLE,28.8700008392334,28.9950008392334,28.690000534057617,28.979999542236328,45796000
2009-10-15,XLE,28.80500030517578,29.59000015258789,28.7549991607666,29.584999084472656,46201200
2009-10-16,XLE,29.450000762939453,29.625,29.225000381469727,29.4950008392334,44899800
2009-10-19,XLE,29.545000076293945,29.9950008392334,29.424999237060547,29.8799991607666,43175800
2009-10-20,XLE,29.975000381469727,29.9950008392334,29.25,29.690000534057617,36996600
2009-10-21,XLE,29.454999923706055,30.280000686645508,29.415000915527344,29.610000610351562,52015600
2009-10-22,XLE,29.399999618530273,29.834999084472656,29.09000015258789,29.725000381469727,36697200
2009-10-23,XLE,29.889999389648438,29.920000076293945,28.899999618530273,29.149999618530273,42302400
2009-10-26,XLE,29.170000076293945,29.829999923706055,28.600000381469727,28.670000076293945,53872800
2009-10-27,XLE,28.739999771118164,29.204999923706055,28.625,28.924999237060547,50598400
2009-10-28,XLE,28.774999618530273,28.774999618530273,27.905000686645508,27.969999313354492,47924600
2009-10-29,XLE,28.15999984741211,28.774999618530273,28.049999237060547,28.71500015258789,43452600
2009-10-30,XLE,28.635000228881836,28.7450008392334,27.440000534057617,27.625,59776600
2009-11-02,XLE,27.81999969482422,28.270000457763672,27.354999542236328,27.799999237060547,58815200
2009-11-03,XLE,27.450000762939453,28.34000015258789,27.344999313354492,28.15999984741211,40061600
2009-11-04,XLE,28.5,28.65999984741211,28.06999969482422,28.135000228881836,52054000
2009-11-05,XLE,28.28499984741211,28.700000762939453,28.155000686645508,28.614999771118164,37093800
2009-11-06,XLE,28.329999923706055,28.829999923706055,28.2450008392334,28.540000915527344,43677600
2009-11-09,XLE,28.934999465942383,29.125,28.854999542236328,29.084999084472656,33857400
2009-11-10,XLE,29.0,29.239999771118164,28.78499984741211,29.104999542236328,35903800
2009-11-11,XLE,29.3700008392334,29.479999542236328,28.94499969482422,29.094999313354492,36047200
2009-11-12,XLE,28.950000762939453,29.1299991607666,28.34000015258789,28.454999923706055,50834400
2009-11-13,XLE,28.520000457763672,28.864999771118164,28.2450008392334,28.635000228881836,38712800
2009-11-16,XLE,28.979999542236328,29.565000534057617,28.915000915527344,29.385000228881836,41948200
2009-11-17,XLE,29.315000534057617,29.420000076293945,29.094999313354492,29.334999084472656,33699200
2009-11-18,XLE,29.475000381469727,29.489999771118164,29.020000457763672,29.219999313354492,34286600
2009-11-19,XLE,29.0,29.030000686645508,28.385000228881836,28.565000534057617,44870400
2009-11-20,XLE,28.405000686645508,28.454999923706055,28.06999969482422,28.299999237060547,33801600
2009-11-23,XLE,28.834999084472656,29.110000610351562,28.579999923706055,28.665000915527344,35071200
2009-11-24,XLE,28.704999923706055,28.84000015258789,28.290000915527344,28.829999923706055,31882400
2009-11-25,XLE,28.885000228881836,29.165000915527344,28.610000610351562,29.05500030517578,29218200
2009-11-27,XLE,28.209999084472656,28.559999465942383,28.049999237060547,28.510000228881836,25622400
2009-11-30,XLE,28.350000381469727,28.665000915527344,28.18000030517578,28.40999984741211,38884600
2009-12-01,XLE,28.790000915527344,29.020000457763672,28.725000381469727,28.78499984741211,31061400
2009-12-02,XLE,28.78499984741211,28.924999237060547,28.485000610351562,28.614999771118164,31288600
2009-12-03,XLE,28.604999542236328,28.684999465942383,28.1299991607666,28.155000686645508,39432200
2009-12-04,XLE,28.510000228881836,28.815000534057617,27.770000457763672,27.950000762939453,60389000
2009-12-07,XLE,27.725000381469727,28.225000381469727,27.725000381469727,27.885000228881836,27159400
2009-12-08,XLE,27.739999771118164,27.7549991607666,27.2450008392334,27.40999984741211,40475400
2009-12-09,XLE,27.5049991607666,27.65999984741211,27.084999084472656,27.40999984741211,50632600
2009-12-10,XLE,27.635000228881836,27.8700008392334,27.5,27.75,30380000
2009-12-11,XLE,27.895000457763672,27.96500015258789,27.584999084472656,27.764999389648438,31250600
2009-12-14,XLE,28.19499969482422,28.25,28.020000457763672,28.049999237060547,31263000
2009-12-15,XLE,28.03499984741211,28.315000534057617,27.969999313354492,28.139999389648438,26852400
2009-12-16,XLE,28.325000762939453,28.625,28.2450008392334,28.31999969482422,37594200
2009-12-17,XLE,28.149999618530273,28.350000381469727,28.0049991607666,28.079999923706055,30876400
2009-12-18,XLE,28.225000381469727,28.329999923706055,27.940000534057617,28.075000762939453,41544400
2009-12-21,XLE,28.274999618530273,28.53499984741211,28.260000228881836,28.40999984741211,32098200
2009-12-22,XLE,28.469999313354492,28.674999237060547,28.375,28.545000076293945,20155200
2009-12-23,XLE,28.639999389648438,28.850000381469727,28.575000762939453,28.770000457763672,26062400
2009-12-24,XLE,28.8700008392334,28.969999313354492,28.799999237060547,28.905000686645508,5590600
2009-12-28,XLE,29.125,29.1299991607666,28.834999084472656,28.954999923706055,11669200
2009-12-29,XLE,29.075000762939453,29.079999923706055,28.690000534057617,28.764999389648438,17026800
2009-12-30,XLE,28.65999984741211,28.770000457763672,28.559999465942383,28.735000610351562,14507200
2009-12-31,XLE,28.795000076293945,28.864999771118164,28.475000381469727,28.5049991607666,11897800
2010-01-04,XLE,28.959999084472656,29.405000686645508,28.895000457763672,29.405000686645508,33856800
2010-01-05,XLE,29.44499969482422,29.704999923706055,29.309999465942383,29.645000457763672,34736200
2010-01-06,XLE,29.65999984741211,30.09000015258789,29.594999313354492,30.0,48703800
2010-01-07,XLE,29.8700008392334,30.0049991607666,29.649999618530273,29.954999923706055,34899000
2010-01-08,XLE,29.850000381469727,30.174999237060547,29.7450008392334,30.149999618530273,26688600
2010-01-11,XLE,30.344999313354492,30.434999465942383,29.864999771118164,30.110000610351562,38919800
2010-01-12,XLE,29.649999618530273,29.854999542236328,29.520000457763672,29.674999237060547,43021200
2010-01-13,XLE,29.65999984741211,29.899999618530273,29.260000228881836,29.78499984741211,44275000
2010-01-14,XLE,29.780000686645508,29.94499969482422,29.665000915527344,29.8700008392334,31090800
2010-01-15,XLE,29.834999084472656,29.899999618530273,29.424999237060547,29.6299991607666,38110400
2010-01-19,XLE,29.549999237060547,29.950000762939453,29.4950008392334,29.899999618530273,29226200
2010-01-20,XLE,29.579999923706055,29.579999923706055,29.209999084472656,29.434999465942383,31283400
2010-01-21,XLE,29.459999084472656,29.549999237060547,28.764999389648438,28.834999084472656,50413200
2010-01-22,XLE,28.69499969482422,28.860000610351562,28.06999969482422,28.149999618530273,46057200
2010-01-25,XLE,28.34000015258789,28.610000610351562,28.2450008392334,28.334999084472656,31802400
2010-01-26,XLE,28.100000381469727,28.649999618530273,27.959999084472656,28.155000686645508,43030600
2010-01-27,XLE,28.075000762939453,28.325000762939453,27.59000015258789,28.045000076293945,53233400
2010-01-28,XLE,28.25,28.309999465942383,27.399999618530273,27.75,68861400
2010-01-29,XLE,27.954999923706055,28.229999542236328,27.110000610351562,27.25,65605400
2010-02-01,XLE,27.575000762939453,28.155000686645508,27.55500030517578,28.149999618530273,43626600
2010-02-02,XLE,28.2549991607666,28.56999969482422,28.024999618530273,28.520000457763672,44501600
2010-02-03,XLE,28.440000534057617,28.674999237060547,28.209999084472656,28.274999618530273,39498600
2010-02-04,XLE,28.049999237060547,28.059999465942383,27.100000381469727,27.114999771118164,74346400
2010-02-05,XLE,27.110000610351562,27.239999771118164,26.334999084472656,27.1200008392334,92756800
2010-02-08,XLE,27.125,27.44499969482422,26.864999771118164,26.8700008392334,48230200
2010-02-09,XLE,27.239999771118164,27.780000686645508,27.155000686645508,27.434999465942383,67116200
2010-02-10,XLE,27.44499969482422,27.489999771118164,26.889999389648438,27.31999969482422,48364600
2010-02-11,XLE,27.264999389648438,27.844999313354492,27.145000457763672,27.78499984741211,45889000
2010-02-12,XLE,27.450000762939453,27.809999465942383,27.270000457763672,27.795000076293945,39667800
2010-02-16,XLE,28.149999618530273,28.549999237060547,28.1200008392334,28.450000762939453,39669800
2010-02-17,XLE,28.530000686645508,28.59000015258789,28.219999313354492,28.40999984741211,36275600
2010-02-18,XLE,28.3799991607666,28.639999389648438,28.239999771118164,28.56999969482422,33145400
2010-02-19,XLE,28.46500015258789,28.780000686645508,28.329999923706055,28.68000030517578,32996600
2010-02-22,XLE,28.75,28.7549991607666,28.225000381469727,28.28499984741211,34699400
2010-02-23,XLE,28.149999618530273,28.219999313354492,27.684999465942383,27.815000534057617,42202400
2010-02-24,XLE,27.80500030517578,28.094999313354492,27.719999313354492,27.989999771118164,35260600
2010-02-25,XLE,27.59000015258789,28.020000457763672,27.360000610351562,28.0049991607666,41896200
2010-02-26,XLE,28.06999969482422,28.170000076293945,27.825000762939453,28.06999969482422,34493600
2010-03-01,XLE,28.200000762939453,28.399999618530273,28.174999237060547,28.329999923706055,27932000
2010-03-02,XLE,28.514999389648438,28.780000686645508,28.454999923706055,28.565000534057617,33492600
2010-03-03,XLE,28.674999237060547,28.940000534057617,28.674999237060547,28.690000534057617,33534600
2010-03-04,XLE,28.735000610351562,28.825000762939453,28.420000076293945,28.540000915527344,32662000
2010-03-05,XLE,28.81999969482422,29.139999389648438,28.790000915527344,29.075000762939453,30670400
2010-03-08,XLE,29.155000686645508,29.2549991607666,28.905000686645508,29.030000686645508,25224000
2010-03-09,XLE,28.875,29.190000534057617,28.834999084472656,29.030000686645508,33407600
2010-03-10,XLE,29.059999465942383,29.325000762939453,28.924999237060547,29.28499984741211,34744400
2010-03-11,XLE,29.174999237060547,29.290000915527344,29.084999084472656,29.235000610351562,26066600
2010-03-12,XLE,29.424999237060547,29.424999237060547,29.125,29.25,27319600
2010-03-15,XLE,29.139999389648438,29.18000030517578,28.645000457763672,28.950000762939453,36747200
2010-03-16,XLE,29.094999313354492,29.239999771118164,28.864999771118164,29.209999084472656,38322600
2010-03-17,XLE,29.354999542236328,29.709999084472656,29.315000534057617,29.530000686645508,43343600
2010-03-18,XLE,29.530000686645508,29.575000762939453,28.93000030517578,29.09000015258789,39453800
2010-03-19,XLE,28.639999389648438,29.125,28.3799991607666,28.639999389648438,44824800
2010-03-22,XLE,28.280000686645508,28.69499969482422,28.165000915527344,28.565000534057617,39713000
2010-03-23,XLE,28.6299991607666,28.719999313354492,28.44499969482422,28.674999237060547,34841400
2010-03-24,XLE,28.485000610351562,28.760000228881836,28.420000076293945,28.510000228881836,41494000
2010-03-25,XLE,28.71500015258789,28.78499984741211,27.985000610351562,28.030000686645508,44246000
2010-03-26,XLE,28.125,28.219999313354492,27.860000610351562,28.040000915527344,42987800
2010-03-29,XLE,28.219999313354492,28.639999389648438,28.200000762939453,28.584999084472656,38952000
2010-03-30,XLE,28.649999618530273,28.684999465942383,28.454999923706055,28.6299991607666,26115600
2010-03-31,XLE,28.684999465942383,28.889999389648438,28.565000534057617,28.760000228881836,30335400
2010-04-01,XLE,29.045000076293945,29.334999084472656,29.020000457763672,29.270000457763672,35980200
2010-04-05,XLE,29.450000762939453,29.844999313354492,29.350000381469727,29.790000915527344,34911400
2010-04-06,XLE,29.75,29.889999389648438,29.6299991607666,29.790000915527344,27071600
2010-04-07,XLE,29.719999313354492,29.739999771118164,29.325000762939453,29.4950008392334,39071600
2010-04-08,XLE,29.274999618530273,29.69499969482422,29.135000228881836,29.600000381469727,38919400
2010-04-09,XLE,29.795000076293945,29.96500015258789,29.75,29.915000915527344,34977200
2010-04-12,XLE,29.889999389648438,30.190000534057617,29.8799991607666,29.985000610351562,30055600
2010-04-13,XLE,29.94499969482422,30.020000457763672,29.565000534057617,29.8799991607666,27711000
2010-04-14,XLE,30.030000686645508,30.190000534057617,29.764999389648438,30.165000915527344,29171200
2010-04-15,XLE,30.1299991607666,30.270000457763672,30.03499984741211,30.15999984741211,27894400
2010-04-16,XLE,29.989999771118164,30.125,29.454999923706055,29.649999618530273,73328400
2010-04-19,XLE,29.3799991607666,29.700000762939453,29.290000915527344,29.690000534057617,42298200
2010-04-20,XLE,29.915000915527344,30.3799991607666,29.889999389648438,30.270000457763672,39333200
2010-04-21,XLE,30.280000686645508,30.46500015258789,30.020000457763672,30.239999771118164,37143200
2010-04-22,XLE,29.985000610351562,30.31999969482422,29.760000228881836,30.315000534057617,21374000
2010-04-23,XLE,30.325000762939453,31.045000076293945,30.28499984741211,31.045000076293945,52021800
2010-04-26,XLE,31.100000381469727,31.149999618530273,30.889999389648438,30.940000534057617,34525600
2010-04-27,XLE,30.725000381469727,30.954999923706055,29.915000915527344,29.989999771118164,82804800
2010-04-28,XLE,30.19499969482422,30.375,29.885000228881836,30.295000076293945,46190000
2010-04-29,XLE,30.450000762939453,30.69499969482422,30.125,30.329999923706055,57721400
2010-04-30,XLE,30.399999618530273,30.415000915527344,29.764999389648438,29.954999923706055,45833000
2010-05-03,XLE,30.084999084472656,30.53499984741211,29.7450008392334,30.295000076293945,33379800
2010-05-04,XLE,29.895000457763672,29.920000076293945,29.174999237060547,29.485000610351562,61168800
2010-05-05,XLE,28.94499969482422,29.424999237060547,28.760000228881836,29.020000457763672,70413000
2010-05-06,XLE,28.760000228881836,29.09000015258789,26.145000457763672,28.030000686645508,94401400
2010-05-07,XLE,27.950000762939453,28.315000534057617,27.145000457763672,27.4950008392334,98981800
2010-05-10,XLE,28.565000534057617,28.780000686645508,28.260000228881836,28.670000076293945,59433800
2010-05-11,XLE,28.3700008392334,28.915000915527344,28.344999313354492,28.479999542236328,45673200
2010-05-12,XLE,28.540000915527344,28.969999313354492,28.540000915527344,28.875,37616200
2010-05-13,XLE,28.829999923706055,29.05500030517578,28.55500030517578,28.690000534057617,42234600
2010-05-14,XLE,28.424999237060547,28.510000228881836,27.68000030517578,28.1200008392334,56791400
2010-05-17,XLE,28.209999084472656,28.290000915527344,27.229999542236328,27.829999923706055,63878600
2010-05-18,XLE,28.235000610351562,28.43000030517578,27.454999923706055,27.614999771118164,61329800
2010-05-19,XLE,27.454999923706055,27.65999984741211,26.829999923706055,27.299999237060547,60211200
2010-05-20,XLE,26.600000381469727,26.684999465942383,26.0,26.079999923706055,89767600
2010-05-21,XLE,25.565000534057617,26.594999313354492,25.5049991607666,26.53499984741211,80312000
2010-05-24,XLE,26.479999542236328,26.549999237060547,25.889999389648438,25.93000030517578,54698400
2010-05-25,XLE,25.235000610351562,26.0,25.075000762939453,25.989999771118164,86228000
2010-05-26,XLE,26.295000076293945,26.540000915527344,25.850000381469727,25.934999465942383,59695200
2010-05-27,XLE,26.59000015258789,27.06999969482422,26.4950008392334,27.03499984741211,60610400
2010-05-28,XLE,26.969999313354492,27.0049991607666,26.325000762939453,26.524999618530273,52657400
2010-06-01,XLE,26.084999084472656,26.270000457763672,25.219999313354492,25.264999389648438,72695200
2010-06-02,XLE,25.440000534057617,26.399999618530273,25.395000457763672,26.360000610351562,55296400
2010-06-03,XLE,26.635000228881836,26.770000457763672,26.065000534057617,26.71500015258789,67379800
2010-06-04,XLE,26.145000457763672,26.719999313354492,25.59000015258789,25.774999618530273,59718800
2010-06-07,XLE,25.8799991607666,26.18000030517578,25.5,25.549999237060547,48249600
2010-06-08,XLE,25.59000015258789,26.05500030517578,25.344999313354492,25.975000381469727,70188800
2010-06-09,XLE,26.235000610351562,26.639999389648438,25.56999969482422,25.704999923706055,61359800
2010-06-10,XLE,26.389999389648438,27.049999237060547,26.329999923706055,26.9950008392334,51986800
2010-06-11,XLE,26.614999771118164,27.174999237060547,26.614999771118164,27.15999984741211,30326200
2010-06-14,XLE,27.4950008392334,27.69499969482422,27.0049991607666,27.020000457763672,47629000
2010-06-15,XLE,27.299999237060547,27.850000381469727,27.229999542236328,27.809999465942383,34142400
2010-06-16,XLE,27.614999771118164,27.979999542236328,27.5,27.790000915527344,28992600
2010-06-17,XLE,27.875,27.875,27.459999084472656,27.760000228881836,34826000
2010-06-18,XLE,27.6299991607666,27.850000381469727,27.43000030517578,27.80500030517578,27196400
2010-06-21,XLE,28.264999389648438,28.350000381469727,27.53499984741211,27.7450008392334,33251400
2010-06-22,XLE,27.725000381469727,27.739999771118164,26.844999313354492,26.934999465942383,43145200
2010-06-23,XLE,26.899999618530273,26.924999237060547,26.575000762939453,26.729999542236328,35639200
2010-06-24,XLE,26.56999969482422,26.735000610351562,26.049999237060547,26.170000076293945,33908000
2010-06-25,XLE,26.209999084472656,26.479999542236328,25.885000228881836,26.2450008392334,40874800
2010-06-28,XLE,26.364999771118164,26.364999771118164,25.860000610351562,25.889999389648438,31908800
2010-06-29,XLE,25.524999618530273,25.530000686645508,24.850000381469727,25.03499984741211,44985200
2010-06-30,XLE,24.9950008392334,25.375,24.78499984741211,24.84000015258789,33385600
2010-07-01,XLE,24.924999237060547,25.065000534057617,24.280000686645508,24.75,51605200
2010-07-02,XLE,24.905000686645508,25.014999389648438,24.479999542236328,24.690000534057617,22839200
2010-07-06,XLE,25.1200008392334,25.3799991607666,24.655000686645508,24.93000030517578,34598000
2010-07-07,XLE,25.059999465942383,25.825000762939453,25.0,25.809999465942383,37817400
2010-07-08,XLE,26.110000610351562,26.25,25.704999923706055,26.174999237060547,29743000
2010-07-09,XLE,26.149999618530273,26.350000381469727,26.040000915527344,26.309999465942383,18225800
2010-07-12,XLE,26.209999084472656,26.434999465942383,25.9950008392334,26.239999771118164,16413800
2010-07-13,XLE,26.59000015258789,26.7549991607666,26.459999084472656,26.55500030517578,28330200
2010-07-14,XLE,26.434999465942383,26.670000076293945,26.25,26.524999618530273,23880200
2010-07-15,XLE,26.489999771118164,26.600000381469727,26.045000076293945,26.4950008392334,29824600
2010-07-16,XLE,26.264999389648438,26.364999771118164,25.674999237060547,25.864999771118164,36261600
2010-07-19,XLE,25.969999313354492,26.18000030517578,25.7549991607666,26.030000686645508,25082600
2010-07-20,XLE,25.65999984741211,26.65999984741211,25.655000686645508,26.625,33496400
2010-07-21,XLE,26.795000076293945,26.795000076293945,25.9950008392334,26.190000534057617,45027600
2010-07-22,XLE,26.55500030517578,27.010000228881836,26.479999542236328,26.770000457763672,45984400
2010-07-23,XLE,26.709999084472656,26.895000457763672,26.399999618530273,26.889999389648438,36051600
2010-07-26,XLE,26.905000686645508,27.170000076293945,26.825000762939453,27.125,23881600
2010-07-27,XLE,27.2450008392334,27.290000915527344,26.760000228881836,26.9950008392334,32817800
2010-07-28,XLE,26.93000030517578,27.1299991607666,26.850000381469727,26.934999465942383,21551400
2010-07-29,XLE,27.114999771118164,27.360000610351562,26.709999084472656,26.975000381469727,29114600
2010-07-30,XLE,26.700000762939453,27.059999465942383,26.614999771118164,26.920000076293945,23632200
2010-08-02,XLE,27.424999237060547,27.94499969482422,27.385000228881836,27.860000610351562,55158000
2010-08-03,XLE,27.7450008392334,28.030000686645508,27.6200008392334,27.850000381469727,28509000
2010-08-04,XLE,27.924999237060547,28.135000228881836,27.790000915527344,28.065000534057617,26215400
2010-08-05,XLE,27.8799991607666,28.155000686645508,27.75,28.155000686645508,17817400
2010-08-06,XLE,27.80500030517578,27.959999084472656,27.415000915527344,27.81999969482422,36234800
2010-08-09,XLE,27.950000762939453,28.03499984741211,27.764999389648438,27.934999465942383,13428400
2010-08-10,XLE,27.610000610351562,27.84000015258789,27.424999237060547,27.704999923706055,24521000
2010-08-11,XLE,27.19499969482422,27.235000610351562,26.790000915527344,26.8799991607666,37659400
2010-08-12,XLE,26.485000610351562,26.93000030517578,26.450000762939453,26.719999313354492,30510800
2010-08-13,XLE,26.65999984741211,26.920000076293945,26.594999313354492,26.674999237060547,18199400
2010-08-16,XLE,26.530000686645508,26.7450008392334,26.375,26.670000076293945,20571400
2010-08-17,XLE,26.940000534057617,27.2549991607666,26.809999465942383,27.114999771118164,36034800
2010-08-18,XLE,27.040000915527344,27.079999923706055,26.610000610351562,26.854999542236328,37387800
2010-08-19,XLE,26.725000381469727,26.774999618530273,26.270000457763672,26.420000076293945,32998200
2010-08-20,XLE,26.274999618530273,26.295000076293945,25.885000228881836,26.094999313354492,24849400
2010-08-23,XLE,26.145000457763672,26.360000610351562,26.084999084472656,26.104999542236328,16351600
2010-08-24,XLE,25.75,26.045000076293945,25.610000610351562,25.700000762939453,29477600
2010-08-25,XLE,25.55500030517578,25.700000762939453,25.209999084472656,25.6200008392334,38673400
2010-08-26,XLE,25.764999389648438,25.850000381469727,25.2450008392334,25.389999389648438,21953600
2010-08-27,XLE,25.540000915527344,26.100000381469727,25.165000915527344,26.049999237060547,39417400
2010-08-30,XLE,26.0,26.1200008392334,25.665000915527344,25.670000076293945,18313200
2010-08-31,XLE,25.55500030517578,25.799999237060547,25.405000686645508,25.600000381469727,35157400
2010-09-01,XLE,26.024999618530273,26.6200008392334,25.985000610351562,26.55500030517578,38265800
2010-09-02,XLE,26.59000015258789,26.825000762939453,26.440000534057617,26.774999618530273,19697400
2010-09-03,XLE,27.014999389648438,27.219999313354492,26.875,27.100000381469727,26494200
2010-09-07,XLE,26.895000457763672,26.924999237060547,26.610000610351562,26.69499969482422,22814000
2010-09-08,XLE,26.725000381469727,27.059999465942383,26.709999084472656,26.924999237060547,18584400
2010-09-09,XLE,27.2549991607666,27.30500030517578,26.8799991607666,26.979999542236328,15673400
2010-09-10,XLE,27.139999389648438,27.315000534057617,27.09000015258789,27.260000228881836,15190600
2010-09-13,XLE,27.5,27.53499984741211,27.28499984741211,27.479999542236328,18263200
2010-09-14,XLE,27.424999237060547,27.614999771118164,27.270000457763672,27.385000228881836,27955800
2010-09-15,XLE,27.200000762939453,27.334999084472656,27.045000076293945,27.329999923706055,28226000
2010-09-16,XLE,27.19499969482422,27.31999969482422,27.040000915527344,27.204999923706055,33517600
2010-09-17,XLE,27.15999984741211,27.204999923706055,26.854999542236328,26.94499969482422,28705800
2010-09-20,XLE,27.030000686645508,27.5049991607666,26.90999984741211,27.399999618530273,38781800
2010-09-21,XLE,27.434999465942383,27.584999084472656,27.184999465942383,27.420000076293945,33533000
2010-09-22,XLE,27.364999771118164,27.684999465942383,27.200000762939453,27.219999313354492,32318000
2010-09-23,XLE,26.979999542236328,27.280000686645508,26.90999984741211,27.049999237060547,24716800
2010-09-24,XLE,27.350000381469727,27.770000457763672,27.235000610351562,27.635000228881836,49249000
2010-09-27,XLE,27.704999923706055,27.799999237060547,27.530000686645508,27.530000686645508,21783000
2010-09-28,XLE,27.55500030517578,27.825000762939453,27.274999618530273,27.725000381469727,33159200
2010-09-29,XLE,27.68000030517578,28.149999618530273,27.625,28.020000457763672,42985800
2010-09-30,XLE,28.239999771118164,28.375,27.75,28.030000686645508,46339600
2010-10-01,XLE,28.299999237060547,28.475000381469727,28.1299991607666,28.405000686645508,40019800
2010-10-04,XLE,28.270000457763672,28.44499969482422,27.84000015258789,28.049999237060547,29505400
2010-10-05,XLE,28.354999542236328,28.815000534057617,28.299999237060547,28.709999084472656,43231600
2010-10-06,XLE,28.709999084472656,29.05500030517578,28.700000762939453,28.96500015258789,28210200
2010-10-07,XLE,29.084999084472656,29.1200008392334,28.604999542236328,28.81999969482422,27125600
2010-10-08,XLE,28.795000076293945,29.290000915527344,28.729999542236328,29.18000030517578,31677600
2010-10-11,XLE,29.200000762939453,29.40999984741211,29.149999618530273,29.260000228881836,16092000
2010-10-12,XLE,29.135000228881836,29.344999313354492,28.815000534057617,29.21500015258789,33330200
2010-10-13,XLE,29.389999389648438,29.719999313354492,29.329999923706055,29.56999969482422,29362800
2010-10-14,XLE,29.475000381469727,29.729999542236328,29.28499984741211,29.524999618530273,23005600
2010-10-15,XLE,29.690000534057617,29.735000610351562,29.280000686645508,29.604999542236328,30153600
2010-10-18,XLE,29.530000686645508,29.905000686645508,29.440000534057617,29.684999465942383,21854400
2010-10-19,XLE,29.375,29.43000030517578,28.850000381469727,29.094999313354492,38568400
2010-10-20,XLE,29.19499969482422,29.655000686645508,29.084999084472656,29.469999313354492,25257200
2010-10-21,XLE,29.55500030517578,29.790000915527344,29.135000228881836,29.454999923706055,26826000
2010-10-22,XLE,29.604999542236328,29.7450008392334,29.510000228881836,29.649999618530273,13117600
2010-10-25,XLE,29.8799991607666,30.145000457763672,29.68000030517578,29.729999542236328,22706400
2010-10-26,XLE,29.645000457763672,29.825000762939453,29.55500030517578,29.790000915527344,21375800
2010-10-27,XLE,29.520000457763672,29.69499969482422,29.219999313354492,29.665000915527344,25804800
2010-10-28,XLE,29.860000610351562,29.934999465942383,29.485000610351562,29.600000381469727,23175600
2010-10-29,XLE,29.44499969482422,29.649999618530273,29.3799991607666,29.6200008392334,18718400
2010-11-01,XLE,29.915000915527344,30.084999084472656,29.53499984741211,29.655000686645508,24041200
2010-11-02,XLE,29.875,30.1200008392334,29.770000457763672,29.979999542236328,20455000
2010-11-03,XLE,30.079999923706055,30.104999542236328,29.594999313354492,30.045000076293945,45454800
2010-11-04,XLE,30.485000610351562,31.010000228881836,30.485000610351562,31.0,38657000
2010-11-05,XLE,30.969999313354492,31.155000686645508,30.875,31.155000686645508,29371800
2010-11-08,XLE,30.975000381469727,31.290000915527344,30.954999923706055,31.25,23977400
2010-11-09,XLE,31.395000457763672,31.6299991607666,31.0049991607666,31.190000534057617,40127600
2010-11-10,XLE,31.290000915527344,31.604999542236328,30.96500015258789,31.59000015258789,35556600
2010-11-11,XLE,31.44499969482422,31.94499969482422,31.424999237060547,31.940000534057617,36081400
2010-11-12,XLE,31.59000015258789,31.739999771118164,31.190000534057617,31.469999313354492,35748600
2010-11-15,XLE,31.665000915527344,31.68000030517578,31.30500030517578,31.309999465942383,21502600
2010-11-16,XLE,30.9950008392334,31.0049991607666,30.479999542236328,30.725000381469727,47399600
2010-11-17,XLE,30.649999618530273,31.049999237060547,30.559999465942383,30.850000381469727,33635600
2010-11-18,XLE,31.149999618530273,31.6299991607666,31.149999618530273,31.530000686645508,32105000
2010-11-19,XLE,31.440000534057617,31.80500030517578,31.204999923706055,31.795000076293945,22721600
2010-11-22,XLE,31.6200008392334,31.71500015258789,31.075000762939453,31.69499969482422,36263000
2010-11-23,XLE,31.239999771118164,31.2549991607666,30.790000915527344,31.075000762939453,45070000
2010-11-24,XLE,31.290000915527344,31.670000076293945,31.270000457763672,31.635000228881836,45245200
2010-11-26,XLE,31.325000762939453,31.520000457763672,31.174999237060547,31.2549991607666,13178800
2010-11-29,XLE,31.100000381469727,31.53499984741211,30.815000534057617,31.46500015258789,29468800
2010-11-30,XLE,31.05500030517578,31.610000610351562,30.959999084472656,31.354999542236328,38537600
2010-12-01,XLE,31.8700008392334,32.36000061035156,31.8700008392334,32.28499984741211,39947600
2010-12-02,XLE,32.275001525878906,32.78499984741211,32.27000045776367,32.76499938964844,35355200
2010-12-03,XLE,32.56999969482422,32.970001220703125,32.55500030517578,32.90999984741211,20023400
2010-12-06,XLE,32.8849983215332,33.099998474121094,32.86000061035156,33.02000045776367,23980400
2010-12-07,XLE,33.45000076293945,33.5,32.814998626708984,32.89500045776367,45864800
2010-12-08,XLE,32.93000030517578,33.08000183105469,32.53499984741211,32.7400016784668,25520400
2010-12-09,XLE,32.904998779296875,32.974998474121094,32.52000045776367,32.814998626708984,21904800
2010-12-10,XLE,32.88999938964844,32.98500061035156,32.744998931884766,32.95000076293945,17352200
2010-12-13,XLE,33.154998779296875,33.48500061035156,33.11000061035156,33.22999954223633,25768800
2010-12-14,XLE,33.27000045776367,33.36000061035156,32.96500015258789,33.07500076293945,23029200
2010-12-15,XLE,32.935001373291016,33.189998626708984,32.79999923706055,32.89500045776367,22232200
2010-12-16,XLE,32.8849983215332,33.09000015258789,32.625,33.08000183105469,22051600
2010-12-17,XLE,32.92499923706055,32.9900016784668,32.79499816894531,32.94499969482422,22644800
2010-12-20,XLE,33.06999969482422,33.26499938964844,32.8849983215332,33.15999984741211,20469400
2010-12-21,XLE,33.345001220703125,33.53499984741211,33.2400016784668,33.494998931884766,17402000
2010-12-22,XLE,33.595001220703125,33.64500045776367,33.494998931884766,33.61000061035156,15711000
2010-12-23,XLE,33.57500076293945,33.744998931884766,33.55500030517578,33.70500183105469,9052000
2010-12-27,XLE,33.54499816894531,33.64500045776367,33.45500183105469,33.584999084472656,8286400
2010-12-28,XLE,33.630001068115234,33.76499938964844,33.560001373291016,33.709999084472656,10298200
2010-12-29,XLE,33.82500076293945,34.130001068115234,33.76499938964844,34.04499816894531,11065400
2010-12-30,XLE,34.07500076293945,34.23500061035156,33.95500183105469,34.07500076293945,11953400
2010-12-31,XLE,34.064998626708984,34.25,33.96500015258789,34.125,8889000
2011-01-03,XLE,34.45000076293945,34.595001220703125,34.29999923706055,34.380001068115234,20391600
2011-01-04,XLE,34.595001220703125,34.595001220703125,33.7599983215332,34.084999084472656,29084000
2011-01-05,XLE,33.915000915527344,34.279998779296875,33.78499984741211,34.220001220703125,22572400
2011-01-06,XLE,34.334999084472656,34.349998474121094,33.75,33.89500045776367,22898400
2011-01-07,XLE,33.90999984741211,34.220001220703125,33.79999923706055,34.13999938964844,22160600
2011-01-10,XLE,34.03499984741211,34.06999969482422,33.744998931884766,34.005001068115234,21608400
2011-01-11,XLE,34.224998474121094,34.61000061035156,34.18000030517578,34.56999969482422,22730600
2011-01-12,XLE,34.875,35.064998626708984,34.71500015258789,35.04499816894531,22053200
2011-01-13,XLE,35.099998474121094,35.17499923706055,34.81999969482422,34.94499969482422,23043800
2011-01-14,XLE,34.900001525878906,35.334999084472656,34.7400016784668,35.32500076293945,28010800
2011-01-18,XLE,35.29999923706055,35.564998626708984,35.189998626708984,35.54499816894531,25070400
2011-01-19,XLE,35.60499954223633,35.619998931884766,35.05500030517578,35.1150016784668,30234000
2011-01-20,XLE,34.845001220703125,34.970001220703125,34.3650016784668,34.8650016784668,46345000
2011-01-21,XLE,35.220001220703125,35.310001373291016,34.85499954223633,35.04999923706055,29148000
2011-01-24,XLE,34.994998931884766,35.2599983215332,34.86000061035156,35.18000030517578,26197000
2011-01-25,XLE,35.099998474121094,35.154998779296875,34.68000030517578,35.08000183105469,31635400
2011-01-26,XLE,35.20000076293945,36.01499938964844,35.17499923706055,35.91999816894531,48443200
2011-01-27,XLE,35.900001525878906,35.974998474121094,35.525001525878906,35.709999084472656,29977200
2011-01-28,XLE,35.650001525878906,35.82500076293945,35.42499923706055,35.55500030517578,47383200
2011-01-31,XLE,35.86000061035156,36.57500076293945,35.744998931884766,36.57500076293945,50229800
2011-02-01,XLE,36.720001220703125,37.20500183105469,35.61000061035156,37.16999816894531,40886400
2011-02-02,XLE,37.0,37.415000915527344,36.915000915527344,37.13999938964844,27115200
2011-02-03,XLE,37.150001525878906,37.220001220703125,36.689998626708984,37.15999984741211,29031000
2011-02-04,XLE,37.244998931884766,37.28499984741211,36.8650016784668,37.064998626708984,26557200
2011-02-07,XLE,37.220001220703125,37.61000061035156,37.21500015258789,37.279998779296875,32347200
2011-02-08,XLE,37.220001220703125,37.279998779296875,36.82500076293945,37.154998779296875,31192000
2011-02-09,XLE,36.9900016784668,37.125,36.42499923706055,36.685001373291016,32643400
2011-02-10,XLE,36.505001068115234,37.119998931884766,36.46500015258789,37.060001373291016,33611400
2011-02-11,XLE,36.90999984741211,37.255001068115234,36.810001373291016,37.05500030517578,37725400
2011-02-14,XLE,36.9900016784668,37.915000915527344,36.9900016784668,37.869998931884766,30430800
2011-02-15,XLE,37.810001373291016,37.880001068115234,37.314998626708984,37.474998474121094,22887200
2011-02-16,XLE,37.67499923706055,38.01499938964844,37.54999923706055,37.974998474121094,31806600
2011-02-17,XLE,37.970001220703125,38.435001373291016,37.904998779296875,38.349998474121094,21592800
2011-02-18,XLE,38.435001373291016,38.599998474121094,38.16999816894531,38.5099983215332,24816400
2011-02-22,XLE,38.685001373291016,39.029998779296875,37.95500183105469,38.1349983215332,49665600
2011-02-23,XLE,38.345001220703125,39.185001373291016,38.275001525878906,38.90999984741211,64379400
2011-02-24,XLE,39.0099983215332,39.029998779296875,38.125,38.36000061035156,44766600
2011-02-25,XLE,38.5,39.0,38.404998779296875,38.970001220703125,23537400
2011-02-28,XLE,39.119998931884766,39.345001220703125,38.849998474121094,39.27000045776367,31746200
2011-03-01,XLE,39.5,39.540000915527344,38.48500061035156,38.53499984741211,40399200
2011-03-02,XLE,38.43000030517578,38.83000183105469,38.14500045776367,38.755001068115234,30085800
2011-03-03,XLE,39.0,39.45500183105469,38.880001068115234,39.41999816894531,22657600
2011-03-04,XLE,39.40999984741211,39.45500183105469,38.86000061035156,39.16999816894531,28247000
2011-03-07,XLE,39.43000030517578,39.61000061035156,38.68000030517578,38.89500045776367,29327200
2011-03-08,XLE,38.875,38.904998779296875,38.189998626708984,38.57500076293945,32348400
2011-03-09,XLE,38.45500183105469,38.70500183105469,38.185001373291016,38.310001373291016,27189800
2011-03-10,XLE,37.79999923706055,37.80500030517578,36.80500030517578,36.915000915527344,72320600
2011-03-11,XLE,36.65999984741211,37.82500076293945,36.51499938964844,37.55500030517578,48341000
2011-03-14,XLE,37.375,37.88999938964844,37.18000030517578,37.7599983215332,32830400
2011-03-15,XLE,36.59000015258789,37.80500030517578,36.45000076293945,37.474998474121094,43619000
2011-03-16,XLE,37.584999084472656,37.904998779296875,36.4900016784668,36.875,63229400
2011-03-17,XLE,37.599998474121094,38.19499969482422,37.35499954223633,38.0,41830600
2011-03-18,XLE,38.34000015258789,38.43000030517578,37.64500045776367,37.69499969482422,48328600
2011-03-21,XLE,38.349998474121094,38.849998474121094,38.275001525878906,38.84000015258789,34325600
2011-03-22,XLE,38.849998474121094,38.97999954223633,38.630001068115234,38.755001068115234,20025000
2011-03-23,XLE,38.744998931884766,38.98500061035156,38.494998931884766,38.85499954223633,20190800
2011-03-24,XLE,39.0099983215332,39.064998626708984,38.57500076293945,38.994998931884766,30706200
2011-03-25,XLE,39.03499984741211,39.45000076293945,38.89500045776367,39.345001220703125,23273800
2011-03-28,XLE,39.25,39.70000076293945,39.16999816894531,39.25,28291000
2011-03-29,XLE,39.20000076293945,39.810001373291016,39.064998626708984,39.72999954223633,33912800
2011-03-30,XLE,39.9900016784668,40.185001373291016,39.665000915527344,40.005001068115234,38082400
2011-03-31,XLE,40.21500015258789,40.48500061035156,39.86000061035156,39.875,37701000
2011-04-01,XLE,40.224998474121094,40.345001220703125,39.88999938964844,39.994998931884766,25823800
2011-04-04,XLE,40.18000030517578,40.275001525878906,39.96500015258789,40.02000045776367,14951200
2011-04-05,XLE,39.98500061035156,40.3650016784668,39.94499969482422,40.13999938964844,38580800
2011-04-06,XLE,40.349998474121094,40.45000076293945,39.540000915527344,39.720001220703125,32947400
2011-04-07,XLE,39.64500045776367,39.8849983215332,39.3650016784668,39.720001220703125,29621400
2011-04-08,XLE,40.0099983215332,40.189998626708984,39.6349983215332,39.86000061035156,38279600
2011-04-11,XLE,39.875,39.95000076293945,38.935001373291016,39.07500076293945,35365400
2011-04-12,XLE,38.630001068115234,38.650001525878906,37.650001525878906,37.8650016784668,75875600
2011-04-13,XLE,38.209999084472656,38.334999084472656,37.724998474121094,38.02000045776367,53669400
2011-04-14,XLE,37.810001373291016,38.38999938964844,37.66999816894531,38.279998779296875,41344800
2011-04-15,XLE,38.380001068115234,38.650001525878906,38.084999084472656,38.595001220703125,30527800
2011-04-18,XLE,38.02000045776367,38.19499969482422,37.595001220703125,38.02000045776367,40069400
2011-04-19,XLE,37.994998931884766,38.5,37.974998474121094,38.404998779296875,30109200
2011-04-20,XLE,39.14500045776367,39.33000183105469,38.959999084472656,39.310001373291016,44828000
2011-04-21,XLE,39.38999938964844,39.595001220703125,39.20500183105469,39.4900016784668,25276600
2011-04-25,XLE,39.5099983215332,39.54499816894531,39.040000915527344,39.28499984741211,14150800
2011-04-26,XLE,39.404998779296875,39.73500061035156,39.23500061035156,39.67499923706055,18399000
2011-04-27,XLE,39.834999084472656,39.849998474121094,38.9900016784668,39.654998779296875,37414200
2011-04-28,XLE,39.52000045776367,39.77000045776367,39.275001525878906,39.650001525878906,29992400
2011-04-29,XLE,39.65999984741211,40.255001068115234,39.63999938964844,40.2400016784668,19857200
2011-05-02,XLE,40.32500076293945,40.400001525878906,39.459999084472656,39.70500183105469,35524000
2011-05-03,XLE,39.400001525878906,39.48500061035156,38.369998931884766,38.709999084472656,57490400
2011-05-04,XLE,38.630001068115234,38.6349983215332,37.69499969482422,38.025001525878906,59484200
2011-05-05,XLE,37.45500183105469,37.82500076293945,36.790000915527344,37.23500061035156,89000000
2011-05-06,XLE,37.665000915527344,38.224998474121094,36.9900016784668,37.400001525878906,70404600
2011-05-09,XLE,37.57500076293945,38.23500061035156,37.5099983215332,38.05500030517578,48448600
2011-05-10,XLE,38.04999923706055,38.415000915527344,37.755001068115234,38.23500061035156,35520600
2011-05-11,XLE,38.0,38.040000915527344,36.85499954223633,37.130001068115234,82325600
2011-05-12,XLE,36.95000076293945,37.375,36.38999938964844,37.07500076293945,77901800
2011-05-13,XLE,37.25,37.42499923706055,36.564998626708984,36.89500045776367,71863800
2011-05-16,XLE,36.7400016784668,37.3650016784668,36.52000045776367,36.6150016784668,56288200
2011-05-17,XLE,36.44499969482422,36.790000915527344,36.13999938964844,36.6150016784668,60198400
2011-05-18,XLE,36.779998779296875,37.619998931884766,36.63999938964844,37.35499954223633,51692600
2011-05-19,XLE,37.525001525878906,37.68000030517578,37.04499816894531,37.36000061035156,39321800
2011-05-20,XLE,37.32500076293945,37.6349983215332,36.86000061035156,37.314998626708984,54092800
2011-05-23,XLE,36.665000915527344,36.935001373291016,36.5,36.73500061035156,40600000
2011-05-24,XLE,37.11000061035156,37.665000915527344,37.099998474121094,37.255001068115234,49661600
2011-05-25,XLE,37.064998626708984,38.08000183105469,37.060001373291016,37.8849983215332,49835400
2011-05-26,XLE,37.7599983215332,38.165000915527344,37.56999969482422,38.07500076293945,37491000
2011-05-27,XLE,38.28499984741211,38.560001373291016,37.97999954223633,38.16999816894531,33394200
2011-05-31,XLE,38.66999816894531,38.83000183105469,38.125,38.55500030517578,38622400
2011-06-01,XLE,38.459999084472656,38.625,37.53499984741211,37.6349983215332,55227800
2011-06-02,XLE,37.650001525878906,37.94499969482422,37.21500015258789,37.619998931884766,48210600
2011-06-03,XLE,37.05500030517578,37.9900016784668,36.98500061035156,37.630001068115234,44755000
2011-06-06,XLE,37.54999923706055,37.70500183105469,36.70000076293945,36.779998779296875,46875200
2011-06-07,XLE,37.099998474121094,37.290000915527344,36.720001220703125,36.779998779296875,38331600
2011-06-08,XLE,36.89500045776367,37.34000015258789,36.810001373291016,36.88999938964844,50113200
2011-06-09,XLE,37.07500076293945,37.59000015258789,37.0,37.38999938964844,34544000
2011-06-10,XLE,37.099998474121094,37.17499923706055,36.60499954223633,36.665000915527344,41937000
2011-06-13,XLE,36.685001373291016,36.95000076293945,35.7400016784668,36.084999084472656,55501200
2011-06-14,XLE,36.55500030517578,37.03499984741211,36.54499816894531,36.85499954223633,45755400
2011-06-15,XLE,36.415000915527344,36.7400016784668,35.810001373291016,36.0099983215332,71279800
2011-06-16,XLE,36.025001525878906,36.39500045776367,35.70000076293945,36.064998626708984,50527800
2011-06-17,XLE,36.25,36.310001373291016,35.61000061035156,35.84000015258789,54247600
2011-06-20,XLE,35.650001525878906,36.900001525878906,35.56999969482422,35.939998626708984,34722600
2011-06-21,XLE,36.189998626708984,36.83000183105469,36.165000915527344,36.654998779296875,46391000
2011-06-22,XLE,36.540000915527344,37.040000915527344,36.43000030517578,36.54999923706055,37099800
2011-06-23,XLE,35.775001525878906,36.20500183105469,35.224998474121094,36.150001525878906,90907200
2011-06-24,XLE,36.150001525878906,36.23500061035156,35.415000915527344,35.46500015258789,34131400
2011-06-27,XLE,35.34000015258789,35.875,35.255001068115234,35.654998779296875,39388400
2011-06-28,XLE,35.96500015258789,36.709999084472656,35.935001373291016,36.69499969482422,31715600
2011-06-29,XLE,36.814998626708984,37.380001068115234,36.63999938964844,37.125,42642800
2011-06-30,XLE,37.25,37.709999084472656,37.244998931884766,37.67499923706055,38834800
2011-07-01,XLE,37.595001220703125,38.06999969482422,37.275001525878906,38.029998779296875,29776800
2011-07-05,XLE,38.08000183105469,38.435001373291016,37.98500061035156,38.26499938964844,31367000
2011-07-06,XLE,38.18000030517578,38.25,37.85499954223633,38.19499969482422,21930600
2011-07-07,XLE,38.709999084472656,38.82500076293945,38.41999816894531,38.77000045776367,35648000
2011-07-08,XLE,38.095001220703125,38.44499969482422,38.040000915527344,38.44499969482422,34260000
2011-07-11,XLE,37.89500045776367,37.900001525878906,37.3849983215332,37.53499984741211,38289000
2011-07-12,XLE,37.380001068115234,37.90999984741211,37.349998474121094,37.39500045776367,41091400
2011-07-13,XLE,37.564998626708984,38.21500015258789,37.525001525878906,37.67499923706055,40326000
2011-07-14,XLE,38.064998626708984,38.14500045776367,37.375,37.42499923706055,45265800
2011-07-15,XLE,37.849998474121094,38.474998474121094,37.82500076293945,38.43000030517578,54734200
2011-07-18,XLE,38.26499938964844,38.369998931884766,37.994998931884766,38.29999923706055,40723800
2011-07-19,XLE,38.57500076293945,39.029998779296875,38.54499816894531,39.0,39114600
2011-07-20,XLE,39.165000915527344,39.18000030517578,38.82500076293945,38.900001525878906,21035600
2011-07-21,XLE,39.130001068115234,39.71500015258789,39.10499954223633,39.665000915527344,34714000
2011-07-22,XLE,39.70000076293945,39.915000915527344,39.46500015258789,39.8650016784668,22999200
2011-07-25,XLE,39.369998931884766,39.98500061035156,39.310001373291016,39.70500183105469,30966400
2011-07-26,XLE,39.68000030517578,39.880001068115234,39.375,39.51499938964844,33937800
2011-07-27,XLE,39.244998931884766,39.32500076293945,38.650001525878906,38.77000045776367,47569000
2011-07-28,XLE,38.6150016784668,39.09000015258789,38.53499984741211,38.61000061035156,39108000
2011-07-29,XLE,38.095001220703125,38.560001373291016,37.97999954223633,38.224998474121094,34671200
2011-08-01,XLE,38.900001525878906,38.92499923706055,37.814998626708984,38.16999816894531,43970000
2011-08-02,XLE,37.95500183105469,38.349998474121094,37.095001220703125,37.10499954223633,54402400
2011-08-03,XLE,37.15999984741211,37.18000030517578,36.025001525878906,36.89500045776367,71128000
2011-08-04,XLE,36.20500183105469,36.244998931884766,34.1349983215332,34.3650016784668,109053800
2011-08-05,XLE,34.78499984741211,35.08000183105469,32.23500061035156,34.03499984741211,132818800
2011-08-08,XLE,32.654998779296875,33.189998626708984,31.0,31.139999389648438,111986400
2011-08-09,XLE,31.790000915527344,32.744998931884766,30.549999237060547,32.724998474121094,100798200
2011-08-10,XLE,32.29999923706055,32.88999938964844,31.46500015258789,31.594999313354492,98747400
2011-08-11,XLE,31.799999237060547,33.72999954223633,31.604999542236328,33.23500061035156,84065200
2011-08-12,XLE,33.72999954223633,33.92499923706055,33.26499938964844,33.47999954223633,53101000
2011-08-15,XLE,33.92499923706055,34.67499923706055,33.915000915527344,34.61000061035156,58621200
2011-08-16,XLE,34.165000915527344,34.525001525878906,33.64500045776367,34.03499984741211,59890400
2011-08-17,XLE,34.415000915527344,34.79999923706055,33.95000076293945,34.16999816894531,43327800
2011-08-18,XLE,33.10499954223633,33.18000030517578,31.829999923706055,32.189998626708984,74495400
2011-08-19,XLE,31.69499969482422,32.7400016784668,31.5,31.6200008392334,54637400
2011-08-22,XLE,32.584999084472656,32.595001220703125,31.25,31.364999771118164,49050800
2011-08-23,XLE,31.56999969482422,32.80500030517578,31.354999542236328,32.779998779296875,71707000
2011-08-24,XLE,32.59000015258789,33.03499984741211,32.29999923706055,32.974998474121094,37735600
2011-08-25,XLE,33.209999084472656,33.404998779296875,32.11000061035156,32.279998779296875,53585400
2011-08-26,XLE,31.959999084472656,33.04999923706055,31.55500030517578,32.904998779296875,47672200
2011-08-29,XLE,33.42499923706055,33.90999984741211,33.165000915527344,33.8650016784668,71086400
2011-08-30,XLE,33.6349983215332,34.29999923706055,33.35499954223633,34.064998626708984,39676600
2011-08-31,XLE,34.375,34.81999969482422,33.994998931884766,34.31999969482422,48969600
2011-09-01,XLE,34.375,34.82500076293945,33.97999954223633,34.060001373291016,42588400
2011-09-02,XLE,33.154998779296875,33.45000076293945,32.82500076293945,33.11000061035156,41702000
2011-09-06,XLE,32.05500030517578,32.79999923706055,31.78499984741211,32.75,38711000
2011-09-07,XLE,33.35499954223633,33.970001220703125,33.30500030517578,33.95000076293945,37051400
2011-09-08,XLE,33.78499984741211,34.279998779296875,33.3650016784668,33.55500030517578,36978200
2011-09-09,XLE,33.1150016784668,33.275001525878906,32.209999084472656,32.44499969482422,70078800
2011-09-12,XLE,31.8799991607666,32.66999816894531,31.670000076293945,32.599998474121094,51513800
2011-09-13,XLE,32.744998931884766,32.915000915527344,32.095001220703125,32.689998626708984,56409000
2011-09-14,XLE,32.8849983215332,33.560001373291016,32.2400016784668,33.095001220703125,51431800
2011-09-15,XLE,33.505001068115234,33.78499984741211,33.224998474121094,33.75,34662400
2011-09-16,XLE,33.755001068115234,33.880001068115234,33.15999984741211,33.54499816894531,46072800
2011-09-19,XLE,32.724998474121094,33.314998626708984,32.375,33.01499938964844,41719800
2011-09-20,XLE,33.16999816894531,33.584999084472656,32.7599983215332,32.810001373291016,40268800
2011-09-21,XLE,32.720001220703125,32.84000015258789,31.415000915527344,31.44499969482422,53565800
2011-09-22,XLE,30.334999084472656,30.350000381469727,29.1299991607666,29.670000076293945,76132000
2011-09-23,XLE,29.290000915527344,29.790000915527344,29.184999465942383,29.350000381469727,65590600
2011-09-26,XLE,29.565000534057617,30.485000610351562,28.975000381469727,30.420000076293945,68786400
2011-09-27,XLE,31.31999969482422,31.665000915527344,30.690000534057617,30.864999771118164,64972400
2011-09-28,XLE,30.920000076293945,31.204999923706055,29.795000076293945,29.854999542236328,46186600
2011-09-29,XLE,30.625,30.665000915527344,29.530000686645508,30.139999389648438,45739000
2011-09-30,XLE,29.614999771118164,29.979999542236328,29.2549991607666,29.2549991607666,59458800
2011-10-03,XLE,28.920000076293945,29.2549991607666,28.235000610351562,28.260000228881836,70130600
2011-10-04,XLE,27.75,29.270000457763672,27.1299991607666,29.184999465942383,82731000
2011-10-05,XLE,29.399999618530273,30.350000381469727,28.96500015258789,30.260000228881836,75130000
2011-10-06,XLE,30.200000762939453,30.889999389648438,29.860000610351562,30.829999923706055,47634400
2011-10-07,XLE,31.065000534057617,31.09000015258789,30.145000457763672,30.450000762939453,48779200
2011-10-10,XLE,31.014999389648438,31.844999313354492,31.010000228881836,31.829999923706055,35816000
2011-10-11,XLE,31.53499984741211,32.16999816894531,31.454999923706055,31.895000457763672,44856000
2011-10-12,XLE,32.150001525878906,32.54999923706055,31.920000076293945,32.064998626708984,37262400
2011-10-13,XLE,31.739999771118164,32.18000030517578,31.389999389648438,32.02000045776367,30318400
2011-10-14,XLE,32.564998626708984,33.310001373291016,32.560001373291016,33.29999923706055,33232000
2011-10-17,XLE,33.209999084472656,33.31999969482422,32.619998931884766,32.69499969482422,37612800
2011-10-18,XLE,32.654998779296875,33.970001220703125,32.29499816894531,33.744998931884766,48910600
2011-10-19,XLE,33.595001220703125,34.119998931884766,33.2400016784668,33.39500045776367,48058000
2011-10-20,XLE,33.375,33.80500030517578,32.959999084472656,33.654998779296875,43755000
2011-10-21,XLE,34.02000045776367,34.415000915527344,33.85499954223633,34.275001525878906,48340200
2011-10-24,XLE,34.380001068115234,34.814998626708984,34.28499984741211,34.724998474121094,45945000
2011-10-25,XLE,34.63999938964844,34.70500183105469,33.75,34.0,43836600
2011-10-26,XLE,34.52000045776367,34.85499954223633,33.744998931884766,34.73500061035156,36364800
2011-10-27,XLE,35.685001373291016,36.595001220703125,35.59000015258789,36.275001525878906,62364800
2011-10-28,XLE,35.900001525878906,36.584999084472656,35.79999923706055,36.52000045776367,35022400
2011-10-31,XLE,35.900001525878906,35.92499923706055,34.79999923706055,34.85499954223633,43910200
2011-11-01,XLE,33.4900016784668,34.2400016784668,33.16999816894531,33.72999954223633,83484400
2011-11-02,XLE,34.564998626708984,34.84000015258789,34.220001220703125,34.744998931884766,40618800
2011-11-03,XLE,35.25,35.779998779296875,34.78499984741211,35.65999984741211,39424400
2011-11-04,XLE,35.349998474121094,35.72999954223633,35.0,35.630001068115234,25105800
2011-11-07,XLE,35.63999938964844,36.07500076293945,35.20000076293945,35.82500076293945,26937800
2011-11-08,XLE,36.1150016784668,36.45000076293945,35.6349983215332,36.40999984741211,38305400
2011-11-09,XLE,35.334999084472656,35.67499923706055,34.709999084472656,34.79999923706055,50543200
2011-11-10,XLE,35.3650016784668,35.665000915527344,34.724998474121094,35.404998779296875,40707200
2011-11-11,XLE,35.79999923706055,36.275001525878906,35.75,36.130001068115234,28803000
2011-11-14,XLE,35.90999984741211,35.9900016784668,35.32500076293945,35.654998779296875,30765000
2011-11-15,XLE,35.54499816894531,35.90999984741211,35.33000183105469,35.6150016784668,33349400
2011-11-16,XLE,35.334999084472656,35.9900016784668,35.03499984741211,35.08000183105469,43882200
2011-11-17,XLE,35.064998626708984,35.25,33.95500183105469,34.279998779296875,51071800
2011-11-18,XLE,34.474998474121094,34.65999984741211,33.8650016784668,34.07500076293945,53903400
2011-11-21,XLE,33.459999084472656,33.67499923706055,32.9900016784668,33.46500015258789,40016600
2011-11-22,XLE,33.43000030517578,33.650001525878906,32.939998626708984,33.150001525878906,37392600
2011-11-23,XLE,32.67499923706055,32.75,32.13999938964844,32.14500045776367,43575200
2011-11-25,XLE,32.005001068115234,32.46500015258789,31.915000915527344,31.915000915527344,14299600
2011-11-28,XLE,33.08000183105469,33.38999938964844,32.80500030517578,33.11000061035156,43699600
2011-11-29,XLE,33.255001068115234,33.94499969482422,33.13999938964844,33.584999084472656,28954200
2011-11-30,XLE,34.82500076293945,35.53499984741211,34.814998626708984,35.435001373291016,65999200
2011-12-01,XLE,35.34000015258789,35.69499969482422,35.04499816894531,35.2400016784668,32664600
2011-12-02,XLE,35.58000183105469,35.77000045776367,35.13999938964844,35.209999084472656,29879400
2011-12-05,XLE,35.849998474121094,36.084999084472656,35.34000015258789,35.64500045776367,29724000
2011-12-06,XLE,35.619998931884766,35.93000030517578,35.349998474121094,35.63999938964844,27718800
2011-12-07,XLE,35.5,35.57500076293945,35.0,35.29999923706055,34288600
2011-12-08,XLE,35.04499816894531,35.22999954223633,34.21500015258789,34.314998626708984,34289800
2011-12-09,XLE,34.529998779296875,35.2400016784668,34.45500183105469,35.095001220703125,31036600
2011-12-12,XLE,34.66999816894531,34.69499969482422,33.79499816894531,34.275001525878906,38629800
2011-12-13,XLE,34.540000915527344,34.97999954223633,33.7400016784668,33.95500183105469,37277600
2011-12-14,XLE,33.55500030517578,33.709999084472656,32.85499954223633,33.0,53368600
2011-12-15,XLE,33.459999084472656,33.494998931884766,32.775001525878906,32.86000061035156,35498600
2011-12-16,XLE,32.98500061035156,33.255001068115234,32.72999954223633,33.06999969482422,43941200
2011-12-19,XLE,33.209999084472656,33.209999084472656,32.400001525878906,32.4900016784668,25074800
2011-12-20,XLE,33.14500045776367,33.88999938964844,33.10499954223633,33.82500076293945,25326600
2011-12-21,XLE,33.83000183105469,34.290000915527344,33.6150016784668,34.20000076293945,24051600
2011-12-22,XLE,34.38999938964844,34.67499923706055,34.275001525878906,34.599998474121094,21976200
2011-12-23,XLE,34.72999954223633,34.84000015258789,34.525001525878906,34.79999923706055,10428200
2011-12-27,XLE,34.724998474121094,35.04999923706055,34.724998474121094,34.88999938964844,11260600
2011-12-28,XLE,34.900001525878906,34.98500061035156,34.18000030517578,34.224998474121094,22641400
2011-12-29,XLE,34.30500030517578,34.619998931884766,34.275001525878906,34.58000183105469,15404200
2011-12-30,XLE,34.5,34.72999954223633,34.46500015258789,34.564998626708984,13160000
2012-01-03,XLE,35.29999923706055,35.70000076293945,35.244998931884766,35.525001525878906,48509600
2012-01-04,XLE,35.38999938964844,35.65999984741211,35.18000030517578,35.599998474121094,28037000
2012-01-05,XLE,35.369998931884766,35.45500183105469,35.0,35.43000030517578,25349400
2012-01-06,XLE,35.494998931884766,35.5099983215332,35.14500045776367,35.220001220703125,17786200
2012-01-09,XLE,35.29499816894531,35.470001220703125,35.189998626708984,35.38999938964844,24086400
2012-01-10,XLE,35.94499969482422,35.9900016784668,35.60499954223633,35.70500183105469,27266800
2012-01-11,XLE,35.540000915527344,35.54499816894531,35.084999084472656,35.224998474121094,26944000
2012-01-12,XLE,35.03499984741211,35.189998626708984,34.7400016784668,34.89500045776367,39409600
2012-01-13,XLE,34.67499923706055,34.77000045776367,34.369998931884766,34.720001220703125,32434800
2012-01-17,XLE,35.11000061035156,35.275001525878906,34.85499954223633,34.96500015258789,25054000
2012-01-18,XLE,34.94499969482422,35.55500030517578,34.775001525878906,35.540000915527344,30723600
2012-01-19,XLE,35.724998474121094,35.814998626708984,35.52000045776367,35.685001373291016,26608800
2012-01-20,XLE,35.68000030517578,35.81999969482422,35.40999984741211,35.689998626708984,30786600
2012-01-23,XLE,35.814998626708984,36.07500076293945,35.71500015258789,35.974998474121094,25974000
2012-01-24,XLE,35.65999984741211,35.89500045776367,35.51499938964844,35.869998931884766,21234400
2012-01-25,XLE,35.814998626708984,36.43000030517578,35.35499954223633,36.310001373291016,39276200
2012-01-26,XLE,36.53499984741211,36.58000183105469,35.67499923706055,35.814998626708984,33958400
2012-01-27,XLE,35.654998779296875,35.89500045776367,35.599998474121094,35.7400016784668,18448200
2012-01-30,XLE,35.33000183105469,35.595001220703125,35.064998626708984,35.56999969482422,27251600
2012-01-31,XLE,35.82500076293945,35.86000061035156,35.16999816894531,35.345001220703125,29361800
2012-02-01,XLE,35.665000915527344,35.790000915527344,35.40999984741211,35.48500061035156,25553000
2012-02-02,XLE,35.540000915527344,35.88999938964844,35.43000030517578,35.755001068115234,30942200
2012-02-03,XLE,36.220001220703125,36.41999816894531,36.01499938964844,36.3849983215332,29993000
2012-02-06,XLE,36.18000030517578,36.82500076293945,36.125,36.81999969482422,26769200
2012-02-07,XLE,36.72999954223633,37.06999969482422,36.349998474121094,37.0099983215332,35097400
2012-02-08,XLE,37.099998474121094,37.150001525878906,36.64500045776367,36.8849983215332,22055600
2012-02-09,XLE,36.939998626708984,37.029998779296875,36.595001220703125,36.88999938964844,19210800
2012-02-10,XLE,36.459999084472656,36.584999084472656,36.279998779296875,36.52000045776367,29674000
2012-02-13,XLE,36.88999938964844,36.915000915527344,36.529998779296875,36.810001373291016,19828600
2012-02-14,XLE,36.77000045776367,36.939998626708984,36.57500076293945,36.875,29095800
2012-02-15,XLE,36.994998931884766,37.099998474121094,36.69499969482422,36.814998626708984,29478800
2012-02-16,XLE,36.88999938964844,37.36000061035156,36.665000915527344,37.29499816894531,36203200
2012-02-17,XLE,37.59000015258789,37.6349983215332,37.21500015258789,37.435001373291016,26986000
2012-02-21,XLE,37.685001373291016,37.89500045776367,37.584999084472656,37.689998626708984,28764600
2012-02-22,XLE,37.77000045776367,38.03499984741211,37.68000030517578,37.775001525878906,24684600
2012-02-23,XLE,37.79999923706055,38.0099983215332,37.525001525878906,37.96500015258789,28176200
2012-02-24,XLE,38.04999923706055,38.25,38.02000045776367,38.1150016784668,24549800
2012-02-27,XLE,37.96500015258789,38.154998779296875,37.70500183105469,37.994998931884766,22366400
2012-02-28,XLE,37.94499969482422,38.119998931884766,37.654998779296875,37.869998931884766,33212600
2012-02-29,XLE,37.90999984741211,38.06999969482422,37.334999084472656,37.439998626708984,34488600
2012-03-01,XLE,37.60499954223633,37.880001068115234,37.51499938964844,37.79999923706055,28015000
2012-03-02,XLE,37.65999984741211,37.810001373291016,37.220001220703125,37.369998931884766,29042600
2012-03-05,XLE,37.209999084472656,37.2400016784668,36.77000045776367,37.130001068115234,25370400
2012-03-06,XLE,36.564998626708984,36.665000915527344,36.290000915527344,36.525001525878906,27735600
2012-03-07,XLE,36.65999984741211,36.93000030517578,36.40999984741211,36.83000183105469,28964400
2012-03-08,XLE,37.02000045776367,37.255001068115234,36.834999084472656,37.130001068115234,20596200
2012-03-09,XLE,37.209999084472656,37.435001373291016,37.03499984741211,37.095001220703125,29306400
2012-03-12,XLE,37.060001373291016,37.1150016784668,36.72999954223633,36.88999938964844,24517400
2012-03-13,XLE,37.09000015258789,37.3849983215332,36.720001220703125,37.334999084472656,35585600
2012-03-14,XLE,37.36000061035156,37.459999084472656,36.8849983215332,36.974998474121094,27712800
2012-03-15,XLE,37.02000045776367,37.20500183105469,36.78499984741211,37.03499984741211,30353200
2012-03-16,XLE,37.06999969482422,37.51499938964844,37.01499938964844,37.400001525878906,47180800
2012-03-19,XLE,37.380001068115234,37.73500061035156,37.27000045776367,37.56999969482422,28405400
2012-03-20,XLE,37.23500061035156,37.279998779296875,36.93000030517578,37.005001068115234,26568200
2012-03-21,XLE,36.959999084472656,36.96500015258789,36.5099983215332,36.564998626708984,33163800
2012-03-22,XLE,36.15999984741211,36.21500015258789,35.57500076293945,35.7400016784668,40430600
2012-03-23,XLE,35.81999969482422,36.244998931884766,35.6349983215332,36.130001068115234,26443800
2012-03-26,XLE,36.45000076293945,36.5,36.19499969482422,36.400001525878906,20377200
2012-03-27,XLE,36.46500015258789,36.474998474121094,36.025001525878906,36.03499984741211,25545800
2012-03-28,XLE,35.869998931884766,35.994998931884766,35.29499816894531,35.584999084472656,30570400
2012-03-29,XLE,35.34000015258789,35.64500045776367,35.084999084472656,35.584999084472656,32660600
2012-03-30,XLE,35.849998474121094,35.96500015258789,35.52000045776367,35.875,25506600
2012-04-02,XLE,35.78499984741211,36.494998931884766,35.67499923706055,36.224998474121094,35776400
2012-04-03,XLE,36.150001525878906,36.20500183105469,35.54499816894531,35.90999984741211,27989600
2012-04-04,XLE,35.474998474121094,35.63999938964844,35.26499938964844,35.45000076293945,31660600
2012-04-05,XLE,35.32500076293945,35.744998931884766,35.20500183105469,35.25,19157800
2012-04-09,XLE,34.709999084472656,35.06999969482422,34.67499923706055,34.80500030517578,28859200
2012-04-10,XLE,34.755001068115234,34.814998626708984,34.04999923706055,34.119998931884766,43906000
2012-04-11,XLE,34.5,34.599998474121094,34.060001373291016,34.130001068115234,25650000
2012-04-12,XLE,34.15999984741211,34.959999084472656,34.1349983215332,34.875,30117800
2012-04-13,XLE,34.724998474121094,34.83000183105469,34.279998779296875,34.349998474121094,26215000
2012-04-16,XLE,34.4900016784668,34.599998474121094,33.974998474121094,34.119998931884766,30250800
2012-04-17,XLE,34.435001373291016,34.849998474121094,34.404998779296875,34.67499923706055,25510600
2012-04-18,XLE,34.56999969482422,34.81999969482422,34.5,34.60499954223633,21588600
2012-04-19,XLE,34.625,34.900001525878906,34.43000030517578,34.560001373291016,41945800
2012-04-20,XLE,34.88999938964844,35.060001373291016,34.470001220703125,34.47999954223633,30190600
2012-04-23,XLE,33.904998779296875,34.540000915527344,33.84000015258789,34.44499969482422,34055200
2012-04-24,XLE,34.56999969482422,34.814998626708984,34.404998779296875,34.70000076293945,19830600
2012-04-25,XLE,34.915000915527344,35.064998626708984,34.68000030517578,35.04499816894531,29285600
2012-04-26,XLE,34.875,35.43000030517578,34.81999969482422,35.415000915527344,22459600
2012-04-27,XLE,35.5,35.525001525878906,35.220001220703125,35.400001525878906,13670000
2012-04-30,XLE,35.3650016784668,35.64500045776367,35.26499938964844,35.619998931884766,15218000
2012-05-01,XLE,35.689998626708984,36.3849983215332,35.630001068115234,36.130001068115234,28510400
2012-05-02,XLE,35.81999969482422,35.83000183105469,35.439998626708984,35.540000915527344,24164400
2012-05-03,XLE,35.529998779296875,35.57500076293945,34.845001220703125,34.95000076293945,32080800
2012-05-04,XLE,34.595001220703125,34.650001525878906,33.98500061035156,34.150001525878906,44377000
2012-05-07,XLE,33.95000076293945,34.26499938964844,33.720001220703125,34.04999923706055,30416000
2012-05-08,XLE,33.779998779296875,34.0,33.21500015258789,33.939998626708984,50350400
2012-05-09,XLE,33.41999816894531,33.974998474121094,33.244998931884766,33.775001525878906,43909800
2012-05-10,XLE,34.11000061035156,34.29499816894531,33.849998474121094,33.91999816894531,24600000
2012-05-11,XLE,33.68000030517578,34.16999816894531,33.61000061035156,33.66999816894531,20606800
2012-05-14,XLE,33.255001068115234,33.310001373291016,33.040000915527344,33.11000061035156,27105800
2012-05-15,XLE,33.130001068115234,33.255001068115234,32.459999084472656,32.560001373291016,33951000
2012-05-16,XLE,32.63999938964844,33.154998779296875,32.375,32.375,33026600
2012-05-17,XLE,32.45000076293945,32.70500183105469,32.165000915527344,32.16999816894531,38364400
2012-05-18,XLE,32.400001525878906,32.58000183105469,31.834999084472656,31.969999313354492,36966800
2012-05-21,XLE,32.01499938964844,32.73500061035156,31.9950008392334,32.70500183105469,27340800
2012-05-22,XLE,32.75,33.209999084472656,32.404998779296875,32.625,42672000
2012-05-23,XLE,32.349998474121094,32.790000915527344,31.889999389648438,32.744998931884766,37762000
2012-05-24,XLE,32.915000915527344,32.915000915527344,32.310001373291016,32.720001220703125,37363000
2012-05-25,XLE,32.685001373291016,32.904998779296875,32.494998931884766,32.564998626708984,16028600
2012-05-29,XLE,32.939998626708984,33.345001220703125,32.77000045776367,33.11000061035156,28107400
2012-05-30,XLE,32.650001525878906,32.66999816894531,31.989999771118164,32.095001220703125,46467400
2012-05-31,XLE,32.07500076293945,32.15999984741211,31.270000457763672,31.815000534057617,53377000
2012-06-01,XLE,31.174999237060547,31.364999771118164,30.979999542236328,31.020000457763672,39020600
2012-06-04,XLE,31.139999389648438,31.235000610351562,30.55500030517578,30.9950008392334,38069800
2012-06-05,XLE,30.924999237060547,31.46500015258789,30.90999984741211,31.260000228881836,31604600
2012-06-06,XLE,31.59000015258789,32.255001068115234,31.59000015258789,32.224998474121094,41568000
2012-06-07,XLE,32.64500045776367,32.939998626708984,32.18000030517578,32.244998931884766,29372000
2012-06-08,XLE,32.0099983215332,32.29499816894531,31.735000610351562,32.25,31168000
2012-06-11,XLE,32.58000183105469,32.72999954223633,31.764999389648438,31.809999465942383,32296600
2012-06-12,XLE,31.985000610351562,32.34000015258789,31.809999465942383,32.2599983215332,29032600
2012-06-13,XLE,32.07500076293945,32.39500045776367,31.704999923706055,31.850000381469727,24344800
2012-06-14,XLE,31.924999237060547,32.4900016784668,31.799999237060547,32.349998474121094,29129400
2012-06-15,XLE,32.415000915527344,32.845001220703125,32.255001068115234,32.810001373291016,31002000
2012-06-18,XLE,32.48500061035156,32.61000061035156,32.29499816894531,32.51499938964844,28074000
2012-06-19,XLE,32.77000045776367,33.150001525878906,32.599998474121094,32.98500061035156,30745800
2012-06-20,XLE,32.970001220703125,33.21500015258789,32.54999923706055,32.85499954223633,35247000
2012-06-21,XLE,32.8650016784668,32.8650016784668,31.454999923706055,31.510000228881836,37929000
2012-06-22,XLE,31.719999313354492,31.864999771118164,31.334999084472656,31.719999313354492,40126000
2012-06-25,XLE,31.25,31.260000228881836,30.735000610351562,31.010000228881836,31107600
2012-06-26,XLE,31.059999465942383,31.459999084472656,30.834999084472656,31.344999313354492,28524000
2012-06-27,XLE,31.514999389648438,32.1150016784668,31.514999389648438,31.9950008392334,23315600
2012-06-28,XLE,31.809999465942383,32.27000045776367,31.665000915527344,32.21500015258789,33047000
2012-06-29,XLE,33.06999969482422,33.25,32.73500061035156,33.185001373291016,43491000
2012-07-02,XLE,33.185001373291016,33.33000183105469,32.834999084472656,33.20000076293945,29112600
2012-07-03,XLE,33.46500015258789,34.349998474121094,33.435001373291016,33.994998931884766,31383200
2012-07-05,XLE,33.79499816894531,33.814998626708984,33.43000030517578,33.54999923706055,24282000
2012-07-06,XLE,33.03499984741211,33.29499816894531,32.8849983215332,33.14500045776367,22381200
2012-07-09,XLE,33.119998931884766,33.18000030517578,32.7599983215332,32.994998931884766,19127800
2012-07-10,XLE,33.19499969482422,33.29499816894531,32.31999969482422,32.47999954223633,37602200
2012-07-11,XLE,32.650001525878906,33.084999084472656,32.564998626708984,32.91999816894531,41929800
2012-07-12,XLE,32.529998779296875,32.97999954223633,32.40999984741211,32.810001373291016,38736800
2012-07-13,XLE,32.94499969482422,33.415000915527344,32.900001525878906,33.3849983215332,20419200
2012-07-16,XLE,33.279998779296875,33.650001525878906,33.084999084472656,33.494998931884766,22669600
2012-07-17,XLE,33.685001373291016,33.95000076293945,33.150001525878906,33.915000915527344,35969200
2012-07-18,XLE,33.79499816894531,34.25,33.724998474121094,34.209999084472656,31036000
2012-07-19,XLE,34.349998474121094,34.41999816894531,34.10499954223633,34.314998626708984,27978800
2012-07-20,XLE,34.20500183105469,34.404998779296875,34.04999923706055,34.39500045776367,27328800
2012-07-23,XLE,33.68000030517578,34.1349983215332,33.46500015258789,34.064998626708984,25441000
2012-07-24,XLE,34.08000183105469,34.1150016784668,33.08000183105469,33.52000045776367,25317800
2012-07-25,XLE,33.650001525878906,33.790000915527344,33.255001068115234,33.54499816894531,18999000
2012-07-26,XLE,34.060001373291016,34.6150016784668,34.040000915527344,34.5,28081000
2012-07-27,XLE,34.685001373291016,35.244998931884766,34.45000076293945,35.11000061035156,30720600
2012-07-30,XLE,35.060001373291016,35.34000015258789,34.95000076293945,35.209999084472656,19466600
2012-07-31,XLE,35.130001068115234,35.275001525878906,34.790000915527344,34.82500076293945,24031200
2012-08-01,XLE,34.95500183105469,35.16999816894531,34.58000183105469,34.994998931884766,32289200
2012-08-02,XLE,34.560001373291016,34.7599983215332,34.08000183105469,34.40999984741211,30882600
2012-08-03,XLE,35.04999923706055,35.435001373291016,35.0099983215332,35.220001220703125,28752000
2012-08-06,XLE,35.28499984741211,35.5099983215332,35.25,35.314998626708984,11872400
2012-08-07,XLE,35.58000183105469,36.0,35.54999923706055,35.845001220703125,24501800
2012-08-08,XLE,35.689998626708984,36.0,35.625,35.875,18998000
2012-08-09,XLE,35.79999923706055,36.255001068115234,35.75,36.119998931884766,23966000
2012-08-10,XLE,35.875,36.22999954223633,35.654998779296875,36.185001373291016,22631000
2012-08-13,XLE,36.18000030517578,36.22999954223633,35.875,36.04999923706055,16578000
2012-08-14,XLE,36.224998474121094,36.26499938964844,35.869998931884766,35.98500061035156,14242600
2012-08-15,XLE,35.994998931884766,36.084999084472656,35.834999084472656,35.97999954223633,13064200
2012-08-16,XLE,36.040000915527344,36.3650016784668,35.939998626708984,36.29999923706055,13767800
2012-08-17,XLE,36.375,36.38999938964844,36.15999984741211,36.28499984741211,24208200
2012-08-20,XLE,36.189998626708984,36.290000915527344,36.03499984741211,36.15999984741211,11135600
2012-08-21,XLE,36.32500076293945,36.51499938964844,35.98500061035156,36.04499816894531,17460400
2012-08-22,XLE,35.93000030517578,36.21500015258789,35.81999969482422,36.18000030517578,17077600
2012-08-23,XLE,36.095001220703125,36.19499969482422,35.709999084472656,35.779998779296875,14657200
2012-08-24,XLE,35.720001220703125,36.09000015258789,35.529998779296875,35.9900016784668,14983200
2012-08-27,XLE,36.029998779296875,36.25,35.8849983215332,36.005001068115234,12135600
2012-08-28,XLE,35.93000030517578,36.13999938964844,35.8650016784668,36.029998779296875,13641600
2012-08-29,XLE,36.04999923706055,36.08000183105469,35.755001068115234,35.790000915527344,12703800
2012-08-30,XLE,35.650001525878906,35.650001525878906,35.30500030517578,35.40999984741211,15570800
2012-08-31,XLE,35.70500183105469,35.94499969482422,35.4900016784668,35.76499938964844,20299800
2012-09-04,XLE,35.72999954223633,35.755001068115234,35.20000076293945,35.4900016784668,17550000
2012-09-05,XLE,35.470001220703125,35.599998474121094,35.29499816894531,35.35499954223633,14450000
2012-09-06,XLE,35.6349983215332,36.34000015258789,35.630001068115234,36.099998474121094,27044200
2012-09-07,XLE,36.185001373291016,36.73500061035156,36.150001525878906,36.724998474121094,26845200
2012-09-10,XLE,36.67499923706055,36.915000915527344,36.54999923706055,36.564998626708984,11684200
2012-09-11,XLE,36.67499923706055,37.05500030517578,36.67499923706055,36.95500183105469,15011000
2012-09-12,XLE,37.17499923706055,37.275001525878906,37.025001525878906,37.18000030517578,16683400
2012-09-13,XLE,37.26499938964844,38.005001068115234,36.974998474121094,37.78499984741211,28348400
2012-09-14,XLE,38.04999923706055,38.67499923706055,38.0099983215332,38.28499984741211,30480600
2012-09-17,XLE,38.130001068115234,38.404998779296875,37.869998931884766,37.994998931884766,20367000
2012-09-18,XLE,37.869998931884766,37.8849983215332,37.43000030517578,37.724998474121094,19840400
2012-09-19,XLE,37.689998626708984,37.724998474121094,37.32500076293945,37.36000061035156,29613600
2012-09-20,XLE,37.040000915527344,37.540000915527344,36.88999938964844,37.46500015258789,23487600
2012-09-21,XLE,37.619998931884766,37.6349983215332,37.25,37.34000015258789,25396400
2012-09-24,XLE,37.01499938964844,37.25,37.0099983215332,37.150001525878906,14781000
2012-09-25,XLE,37.25,37.31999969482422,36.709999084472656,36.744998931884766,26986600
2012-09-26,XLE,36.595001220703125,36.63999938964844,36.27000045776367,36.39500045776367,31606200
2012-09-27,XLE,36.67499923706055,36.994998931884766,36.52000045776367,36.88999938964844,16654600
2012-09-28,XLE,36.78499984741211,36.81999969482422,36.494998931884766,36.71500015258789,16897200
2012-10-01,XLE,36.970001220703125,37.26499938964844,36.849998474121094,36.900001525878906,22242800
2012-10-02,XLE,37.150001525878906,37.150001525878906,36.7400016784668,36.96500015258789,17582200
2012-10-03,XLE,36.89500045776367,36.94499969482422,36.334999084472656,36.5099983215332,25151600
2012-10-04,XLE,36.71500015258789,36.970001220703125,36.63999938964844,36.875,22754600
2012-10-05,XLE,37.084999084472656,37.130001068115234,36.66999816894531,36.790000915527344,27778400
2012-10-08,XLE,36.584999084472656,36.89500045776367,36.54999923706055,36.849998474121094,10885600
2012-10-09,XLE,36.8849983215332,37.189998626708984,36.84000015258789,36.900001525878906,20581200
2012-10-10,XLE,36.685001373291016,36.744998931884766,36.11000061035156,36.209999084472656,30383600
2012-10-11,XLE,36.560001373291016,36.78499984741211,36.459999084472656,36.47999954223633,16543400
2012-10-12,XLE,36.470001220703125,36.53499984741211,36.02000045776367,36.279998779296875,21523600
2012-10-15,XLE,36.21500015258789,36.52000045776367,35.95500183105469,36.46500015258789,16188000
2012-10-16,XLE,36.68000030517578,37.1150016784668,36.68000030517578,37.04499816894531,26698600
2012-10-17,XLE,37.150001525878906,37.53499984741211,37.07500076293945,37.5099983215332,20691400
2012-10-18,XLE,37.34000015258789,37.595001220703125,37.314998626708984,37.505001068115234,28824800
2012-10-19,XLE,37.474998474121094,37.54999923706055,36.779998779296875,36.915000915527344,28185200
2012-10-22,XLE,36.93000030517578,37.04999923706055,36.36000061035156,36.72999954223633,21687800
2012-10-23,XLE,36.11000061035156,36.14500045776367,35.6150016784668,35.875,30857000
2012-10-24,XLE,36.05500030517578,36.125,35.53499984741211,35.599998474121094,21391000
2012-10-25,XLE,35.95500183105469,36.02000045776367,35.5099983215332,35.935001373291016,19586400
2012-10-26,XLE,35.8650016784668,36.20000076293945,35.79999923706055,35.97999954223633,22016800
2012-10-31,XLE,36.125,36.23500061035156,35.67499923706055,35.970001220703125,22251600
2012-11-01,XLE,35.83000183105469,36.19499969482422,35.77000045776367,36.125,18981600
2012-11-02,XLE,36.244998931884766,36.345001220703125,35.40999984741211,35.529998779296875,22529800
2012-11-05,XLE,35.459999084472656,35.89500045776367,35.41999816894531,35.79999923706055,14834800
2012-11-06,XLE,35.97999954223633,36.529998779296875,35.959999084472656,36.375,21038400
2012-11-07,XLE,35.84000015258789,35.91999816894531,35.17499923706055,35.42499923706055,38087200
2012-11-08,XLE,35.400001525878906,35.53499984741211,34.76499938964844,34.78499984741211,30026600
2012-11-09,XLE,34.67499923706055,35.185001373291016,34.57500076293945,34.775001525878906,24455400
2012-11-12,XLE,34.90999984741211,34.95000076293945,34.70000076293945,34.845001220703125,11166800
2012-11-13,XLE,34.53499984741211,35.154998779296875,34.5,34.70000076293945,22601200
2012-11-14,XLE,34.810001373291016,34.875,34.189998626708984,34.279998779296875,38484200
2012-11-15,XLE,34.29499816894531,34.6349983215332,34.095001220703125,34.32500076293945,29302200
2012-11-16,XLE,34.375,34.5099983215332,33.8849983215332,34.459999084472656,42955400
2012-11-19,XLE,34.93000030517578,35.310001373291016,34.904998779296875,35.255001068115234,22916200
2012-11-20,XLE,35.15999984741211,35.29499816894531,34.869998931884766,35.1150016784668,15425000
2012-11-21,XLE,35.224998474121094,35.349998474121094,35.08000183105469,35.30500030517578,11737000
2012-11-23,XLE,35.470001220703125,35.80500030517578,35.3849983215332,35.80500030517578,9004800
2012-11-26,XLE,35.494998931884766,35.52000045776367,35.209999084472656,35.45500183105469,18781000
2012-11-27,XLE,35.349998474121094,35.505001068115234,35.095001220703125,35.15999984741211,15576000
2012-11-28,XLE,34.82500076293945,35.53499984741211,34.71500015258789,35.47999954223633,23175800
2012-11-29,XLE,35.71500015258789,35.85499954223633,35.435001373291016,35.560001373291016,21902200
2012-11-30,XLE,35.599998474121094,35.724998474121094,35.400001525878906,35.529998779296875,16730200
2012-12-03,XLE,35.79999923706055,35.849998474121094,35.29499816894531,35.334999084472656,19533000
2012-12-04,XLE,35.349998474121094,35.51499938964844,35.185001373291016,35.20500183105469,22791600
2012-12-05,XLE,35.314998626708984,35.64500045776367,35.220001220703125,35.45000076293945,25062200
2012-12-06,XLE,35.375,35.564998626708984,35.314998626708984,35.564998626708984,16213600
2012-12-07,XLE,35.685001373291016,35.78499984741211,35.5099983215332,35.779998779296875,20768800
2012-12-10,XLE,35.76499938964844,35.904998779296875,35.665000915527344,35.7400016784668,11671600
2012-12-11,XLE,35.8849983215332,36.084999084472656,35.814998626708984,35.95000076293945,15749400
2012-12-12,XLE,36.060001373291016,36.40999984741211,35.959999084472656,36.08000183105469,18386600
2012-12-13,XLE,36.03499984741211,36.040000915527344,35.599998474121094,35.744998931884766,21534600
2012-12-14,XLE,35.505001068115234,35.68000030517578,35.45500183105469,35.61000061035156,18883400
2012-12-17,XLE,35.72999954223633,35.95000076293945,35.665000915527344,35.935001373291016,18989000
2012-12-18,XLE,35.93000030517578,36.67499923706055,35.86000061035156,36.595001220703125,22374000
2012-12-19,XLE,36.654998779296875,36.69499969482422,36.32500076293945,36.345001220703125,16181200
2012-12-20,XLE,36.349998474121094,36.619998931884766,36.275001525878906,36.59000015258789,18014800
2012-12-21,XLE,35.959999084472656,36.13999938964844,35.81999969482422,36.03499984741211,30420400
2012-12-24,XLE,35.959999084472656,35.994998931884766,35.70000076293945,35.7599983215332,7179600
2012-12-26,XLE,35.974998474121094,35.9900016784668,35.54999923706055,35.599998474121094,13040200
2012-12-27,XLE,35.60499954223633,35.64500045776367,35.095001220703125,35.53499984741211,23321600
2012-12-28,XLE,35.31999969482422,35.34000015258789,34.8849983215332,34.915000915527344,23604800
2012-12-31,XLE,34.85499954223633,35.720001220703125,34.78499984741211,35.709999084472656,32769600
2013-01-02,XLE,36.474998474121094,36.5099983215332,36.0,36.5,29091600
2013-01-03,XLE,36.44499969482422,36.814998626708984,36.279998779296875,36.4900016784668,19572000
2013-01-04,XLE,36.54499816894531,36.94499969482422,36.525001525878906,36.89500045776367,18585400
2013-01-07,XLE,36.724998474121094,36.724998474121094,36.470001220703125,36.61000061035156,15946800
2013-01-08,XLE,36.5099983215332,36.52000045776367,36.2599983215332,36.4900016784668,14751400
2013-01-09,XLE,36.595001220703125,36.63999938964844,36.275001525878906,36.43000030517578,14745000
2013-01-10,XLE,36.72999954223633,36.82500076293945,36.529998779296875,36.7599983215332,16733600
2013-01-11,XLE,36.79999923706055,36.86000061035156,36.66999816894531,36.80500030517578,12732800
2013-01-14,XLE,36.78499984741211,36.915000915527344,36.68000030517578,36.810001373291016,16794200
2013-01-15,XLE,36.66999816894531,37.005001068115234,36.595001220703125,36.974998474121094,19279000
2013-01-16,XLE,36.915000915527344,37.14500045776367,36.86000061035156,37.13999938964844,17170400
2013-01-17,XLE,37.32500076293945,37.61000061035156,37.220001220703125,37.375,21004000
2013-01-18,XLE,37.404998779296875,37.744998931884766,37.32500076293945,37.744998931884766,26813000
2013-01-22,XLE,37.68000030517578,38.154998779296875,37.57500076293945,38.10499954223633,20299600
2013-01-23,XLE,38.01499938964844,38.08000183105469,37.83000183105469,37.974998474121094,14338600
2013-01-24,XLE,38.02000045776367,38.39500045776367,37.97999954223633,38.084999084472656,17641600
2013-01-25,XLE,38.27000045776367,38.525001525878906,38.20500183105469,38.44499969482422,15590600
2013-01-28,XLE,38.59000015258789,38.59000015258789,38.154998779296875,38.380001068115234,14902400
2013-01-29,XLE,38.48500061035156,39.07500076293945,38.470001220703125,39.0,23292000
2013-01-30,XLE,39.08000183105469,39.29499816894531,38.7400016784668,38.80500030517578,19886000
2013-01-31,XLE,38.68000030517578,38.869998931884766,38.53499984741211,38.67499923706055,21030600
2013-02-01,XLE,38.880001068115234,39.084999084472656,38.58000183105469,39.03499984741211,23636600
2013-02-04,XLE,38.70000076293945,38.84000015258789,38.63999938964844,38.665000915527344,21348000
2013-02-05,XLE,38.93000030517578,39.10499954223633,38.779998779296875,39.0,23370200
2013-02-06,XLE,38.790000915527344,39.04499816894531,38.67499923706055,39.025001525878906,22772800
2013-02-07,XLE,38.994998931884766,39.084999084472656,38.665000915527344,38.92499923706055,23861800
2013-02-08,XLE,38.97999954223633,39.30500030517578,38.97999954223633,39.290000915527344,18895400
2013-02-11,XLE,39.29499816894531,39.29499816894531,39.040000915527344,39.095001220703125,13922000
2013-02-12,XLE,39.185001373291016,39.27000045776367,38.974998474121094,39.20000076293945,14405400
2013-02-13,XLE,39.2400016784668,39.375,39.21500015258789,39.34000015258789,11385800
2013-02-14,XLE,39.2599983215332,39.755001068115234,39.14500045776367,39.68000030517578,14621400
2013-02-15,XLE,39.630001068115234,39.64500045776367,39.01499938964844,39.224998474121094,28675600
2013-02-19,XLE,39.369998931884766,39.71500015258789,39.36000061035156,39.68000030517578,15394000
2013-02-20,XLE,39.665000915527344,39.66999816894531,38.814998626708984,38.849998474121094,25535400
2013-02-21,XLE,38.654998779296875,38.724998474121094,38.290000915527344,38.58000183105469,24524800
2013-02-22,XLE,38.82500076293945,39.0,38.51499938964844,38.98500061035156,13129200
2013-02-25,XLE,39.2400016784668,39.36000061035156,37.939998626708984,37.96500015258789,27616000
2013-02-26,XLE,38.17499923706055,38.435001373291016,37.72999954223633,38.34000015258789,33703000
2013-02-27,XLE,38.224998474121094,39.029998779296875,38.224998474121094,38.92499923706055,21989200
2013-02-28,XLE,38.8849983215332,39.23500061035156,38.82500076293945,38.845001220703125,19879800
2013-03-01,XLE,38.689998626708984,38.96500015258789,38.51499938964844,38.89500045776367,26525400
2013-03-04,XLE,38.7599983215332,38.8650016784668,38.42499923706055,38.810001373291016,20843400
2013-03-05,XLE,39.06999969482422,39.209999084472656,38.904998779296875,39.060001373291016,19969800
2013-03-06,XLE,39.224998474121094,39.29999923706055,38.959999084472656,39.10499954223633,16400200
2013-03-07,XLE,39.19499969482422,39.369998931884766,39.02000045776367,39.30500030517578,16932400
2013-03-08,XLE,39.46500015258789,39.560001373291016,39.244998931884766,39.494998931884766,15633400
2013-03-11,XLE,39.3650016784668,39.58000183105469,39.19499969482422,39.51499938964844,16334200
2013-03-12,XLE,39.54999923706055,39.77000045776367,39.435001373291016,39.560001373291016,17046600
2013-03-13,XLE,39.5,39.619998931884766,39.369998931884766,39.470001220703125,15565400
2013-03-14,XLE,39.53499984741211,40.06999969482422,39.53499984741211,40.0099983215332,21982200
2013-03-15,XLE,39.81999969482422,39.974998474121094,39.630001068115234,39.79999923706055,22493200
2013-03-18,XLE,39.29499816894531,39.720001220703125,39.26499938964844,39.47999954223633,16094000
2013-03-19,XLE,39.54499816894531,39.54499816894531,38.69499969482422,39.04499816894531,24704200
2013-03-20,XLE,39.33000183105469,39.39500045776367,39.040000915527344,39.26499938964844,13646000
2013-03-21,XLE,39.07500076293945,39.380001068115234,39.03499984741211,39.064998626708984,16555000
2013-03-22,XLE,39.17499923706055,39.439998626708984,39.150001525878906,39.375,15809600
2013-03-25,XLE,39.529998779296875,39.69499969482422,39.060001373291016,39.224998474121094,19679000
2013-03-26,XLE,39.435001373291016,39.689998626708984,39.375,39.63999938964844,13862400
2013-03-27,XLE,39.41999816894531,39.834999084472656,39.314998626708984,39.77000045776367,11389400
2013-03-28,XLE,39.77000045776367,39.935001373291016,39.6349983215332,39.654998779296875,13790600
2013-04-01,XLE,39.654998779296875,39.77000045776367,39.30500030517578,39.57500076293945,14815600
2013-04-02,XLE,39.63999938964844,39.66999816894531,39.224998474121094,39.349998474121094,16816200
2013-04-03,XLE,39.3650016784668,39.38999938964844,38.494998931884766,38.6150016784668,31487000
2013-04-04,XLE,38.584999084472656,38.79999923706055,38.31999969482422,38.564998626708984,27505400
2013-04-05,XLE,38.064998626708984,38.69499969482422,37.994998931884766,38.650001525878906,33239600
2013-04-08,XLE,38.709999084472656,38.93000030517578,38.57500076293945,38.90999984741211,17807200
2013-04-09,XLE,39.0,39.404998779296875,38.814998626708984,39.2400016784668,19159600
2013-04-10,XLE,39.34000015258789,39.60499954223633,39.279998779296875,39.45000076293945,18383600
2013-04-11,XLE,39.630001068115234,39.810001373291016,39.3650016784668,39.619998931884766,22622600
2013-04-12,XLE,39.35499954223633,39.43000030517578,38.78499984741211,39.0,38874200
2013-04-15,XLE,38.564998626708984,38.584999084472656,37.380001068115234,37.40999984741211,49586400
2013-04-16,XLE,37.78499984741211,37.92499923706055,37.349998474121094,37.869998931884766,32920800
2013-04-17,XLE,37.53499984741211,37.57500076293945,36.7599983215332,37.040000915527344,41253400
2013-04-18,XLE,37.14500045776367,37.59000015258789,36.80500030517578,37.35499954223633,41071200
2013-04-19,XLE,37.63999938964844,37.71500015258789,37.05500030517578,37.279998779296875,26833000
2013-04-22,XLE,37.46500015258789,37.834999084472656,37.13999938964844,37.68000030517578,26696000
2013-04-23,XLE,37.83000183105469,38.150001525878906,37.650001525878906,38.1150016784668,27895200
2013-04-24,XLE,38.255001068115234,38.80500030517578,38.21500015258789,38.625,27430200
2013-04-25,XLE,38.720001220703125,39.119998931884766,38.470001220703125,38.654998779296875,27277600
2013-04-26,XLE,38.56999969482422,38.685001373291016,38.28499984741211,38.59000015258789,22324800
2013-04-29,XLE,38.82500076293945,39.13999938964844,38.650001525878906,38.97999954223633,24429400
2013-04-30,XLE,39.025001525878906,39.150001525878906,38.67499923706055,39.1349983215332,20071000
2013-05-01,XLE,38.79999923706055,38.904998779296875,38.47999954223633,38.525001525878906,30648000
2013-05-02,XLE,38.68000030517578,39.13999938964844,38.54499816894531,39.029998779296875,27194200
2013-05-03,XLE,39.30500030517578,39.84000015258789,39.29499816894531,39.73500061035156,28098000
2013-05-06,XLE,39.755001068115234,40.165000915527344,39.755001068115234,40.005001068115234,24014400
2013-05-07,XLE,40.185001373291016,40.4900016784668,40.03499984741211,40.314998626708984,19401200
2013-05-08,XLE,40.28499984741211,40.45500183105469,40.130001068115234,40.380001068115234,14340800
2013-05-09,XLE,40.39500045776367,40.540000915527344,40.125,40.345001220703125,16271200
2013-05-10,XLE,40.119998931884766,40.20000076293945,39.78499984741211,40.1349983215332,26442200
2013-05-13,XLE,40.03499984741211,40.150001525878906,39.904998779296875,40.130001068115234,14846200
2013-05-14,XLE,40.165000915527344,40.70000076293945,40.13999938964844,40.70000076293945,19200600
2013-05-15,XLE,40.5099983215332,40.71500015258789,40.244998931884766,40.584999084472656,26097200
2013-05-16,XLE,40.470001220703125,40.69499969482422,40.29499816894531,40.3849983215332,24110800
2013-05-17,XLE,40.60499954223633,41.10499954223633,40.560001373291016,41.060001373291016,29314200
2013-05-20,XLE,41.040000915527344,41.72999954223633,41.040000915527344,41.63999938964844,20384400
2013-05-21,XLE,41.7400016784668,41.915000915527344,41.415000915527344,41.55500030517578,21676600
2013-05-22,XLE,41.6150016784668,41.974998474121094,40.875,41.07500076293945,39678800
2013-05-23,XLE,40.560001373291016,41.095001220703125,40.42499923706055,41.095001220703125,25583400
2013-05-24,XLE,40.72999954223633,40.86000061035156,40.5,40.85499954223633,17330000
2013-05-28,XLE,41.43000030517578,41.6150016784668,41.07500076293945,41.28499984741211,21416800
2013-05-29,XLE,40.974998474121094,41.349998474121094,40.89500045776367,41.19499969482422,25506000
2013-05-30,XLE,41.08000183105469,41.30500030517578,40.814998626708984,41.099998474121094,24149600
2013-05-31,XLE,40.93000030517578,41.060001373291016,40.244998931884766,40.25,30014400
2013-06-03,XLE,40.400001525878906,40.650001525878906,40.21500015258789,40.63999938964844,36730800
2013-06-04,XLE,40.439998626708984,40.69499969482422,40.02000045776367,40.31999969482422,31962000
2013-06-05,XLE,40.20000076293945,40.345001220703125,39.82500076293945,39.849998474121094,35592200
2013-06-06,XLE,39.875,40.16999816894531,39.54999923706055,40.150001525878906,36648400
2013-06-07,XLE,40.415000915527344,40.689998626708984,40.18000030517578,40.654998779296875,21164000
2013-06-10,XLE,40.83000183105469,40.84000015258789,40.404998779296875,40.540000915527344,15888000
2013-06-11,XLE,40.04499816894531,40.310001373291016,39.875,39.92499923706055,21191800
2013-06-12,XLE,40.32500076293945,40.39500045776367,39.59000015258789,39.68000030517578,18689400
2013-06-13,XLE,39.66999816894531,40.45000076293945,39.619998931884766,40.345001220703125,24786000
2013-06-14,XLE,40.369998931884766,40.40999984741211,39.86000061035156,39.95500183105469,20796800
2013-06-17,XLE,40.224998474121094,40.6349983215332,40.20500183105469,40.529998779296875,22195000
2013-06-18,XLE,40.474998474121094,40.8849983215332,40.459999084472656,40.7599983215332,15483400
2013-06-19,XLE,40.724998474121094,40.95000076293945,40.345001220703125,40.3849983215332,30107200
2013-06-20,XLE,39.85499954223633,39.875,39.084999084472656,39.20500183105469,50979600
2013-06-21,XLE,39.345001220703125,39.3849983215332,38.625,39.084999084472656,41108400
2013-06-24,XLE,38.65999984741211,38.935001373291016,38.0099983215332,38.505001068115234,37809600
2013-06-25,XLE,38.93000030517578,39.125,38.66999816894531,39.0,25080600
2013-06-26,XLE,39.189998626708984,39.36000061035156,38.904998779296875,39.2400016784668,22405600
2013-06-27,XLE,39.439998626708984,39.66999816894531,39.29499816894531,39.314998626708984,16327000
2013-06-28,XLE,39.165000915527344,39.459999084472656,39.025001525878906,39.150001525878906,21635400
2013-07-01,XLE,39.39500045776367,39.7599983215332,39.314998626708984,39.43000030517578,23921400
2013-07-02,XLE,39.439998626708984,39.849998474121094,39.31999969482422,39.51499938964844,17383600
2013-07-03,XLE,39.40999984741211,39.55500030517578,39.17499923706055,39.4900016784668,10511600
2013-07-05,XLE,39.720001220703125,39.994998931884766,39.41999816894531,39.97999954223633,20617000
2013-07-08,XLE,40.17499923706055,40.47999954223633,40.150001525878906,40.2400016784668,23158400
2013-07-09,XLE,40.46500015258789,40.70500183105469,40.3849983215332,40.650001525878906,18514600
2013-07-10,XLE,40.79999923706055,40.79999923706055,40.314998626708984,40.400001525878906,21623000
2013-07-11,XLE,40.90999984741211,40.939998626708984,40.505001068115234,40.724998474121094,28972400
2013-07-12,XLE,40.67499923706055,40.97999954223633,40.665000915527344,40.95500183105469,17555600
2013-07-15,XLE,40.97999954223633,41.060001373291016,40.845001220703125,40.91999816894531,20790200
2013-07-16,XLE,40.94499969482422,41.025001525878906,40.40999984741211,40.66999816894531,13447600
2013-07-17,XLE,40.790000915527344,40.970001220703125,40.724998474121094,40.849998474121094,15846000
2013-07-18,XLE,40.9900016784668,41.400001525878906,40.970001220703125,41.28499984741211,18839000
2013-07-19,XLE,41.435001373291016,41.86000061035156,41.34000015258789,41.86000061035156,21369600
2013-07-22,XLE,41.79999923706055,41.915000915527344,41.685001373291016,41.724998474121094,13604600
2013-07-23,XLE,41.83000183105469,41.97999954223633,41.744998931884766,41.79499816894531,12019400
2013-07-24,XLE,41.84000015258789,41.869998931884766,41.119998931884766,41.33000183105469,18677200
2013-07-25,XLE,41.29499816894531,41.65999984741211,41.17499923706055,41.60499954223633,19242200
2013-07-26,XLE,41.415000915527344,41.529998779296875,41.13999938964844,41.5,13660200
2013-07-29,XLE,41.369998931884766,41.404998779296875,40.9900016784668,41.154998779296875,16587200
2013-07-30,XLE,41.165000915527344,41.25,40.84000015258789,41.07500076293945,15870400
2013-07-31,XLE,41.150001525878906,41.5099983215332,41.119998931884766,41.209999084472656,22495000
2013-08-01,XLE,41.54499816894531,41.92499923706055,41.529998779296875,41.880001068115234,21293400
2013-08-02,XLE,41.724998474121094,41.75,41.42499923706055,41.69499969482422,16371000
2013-08-05,XLE,41.54499816894531,41.625,41.3849983215332,41.595001220703125,10382000
2013-08-06,XLE,41.494998931884766,41.70000076293945,41.224998474121094,41.34000015258789,12988800
2013-08-07,XLE,41.224998474121094,41.349998474121094,41.025001525878906,41.19499969482422,14067200
2013-08-08,XLE,41.39500045776367,41.5099983215332,41.060001373291016,41.41999816894531,13478600
2013-08-09,XLE,41.40999984741211,41.505001068115234,41.095001220703125,41.29499816894531,19630000
2013-08-12,XLE,41.01499938964844,41.279998779296875,41.0,41.119998931884766,12627000
2013-08-13,XLE,41.15999984741211,41.290000915527344,40.93000030517578,41.19499969482422,13832600
2013-08-14,XLE,41.099998474121094,41.275001525878906,40.974998474121094,41.005001068115234,12425000
2013-08-15,XLE,40.75,40.959999084472656,40.599998474121094,40.779998779296875,21638000
2013-08-16,XLE,40.70000076293945,40.76499938964844,40.45500183105469,40.6150016784668,17900800
2013-08-19,XLE,40.51499938964844,40.560001373291016,39.94499969482422,39.970001220703125,21694800
2013-08-20,XLE,39.9900016784668,41.5,39.92499923706055,40.21500015258789,18071200
2013-08-21,XLE,40.10499954223633,40.345001220703125,39.915000915527344,39.994998931884766,18975800
2013-08-22,XLE,40.17499923706055,40.75,40.09000015258789,40.59000015258789,16674400
2013-08-23,XLE,40.720001220703125,40.94499969482422,40.474998474121094,40.880001068115234,14785000
2013-08-26,XLE,40.994998931884766,41.154998779296875,40.72999954223633,40.810001373291016,14524000
2013-08-27,XLE,40.5099983215332,40.849998474121094,40.474998474121094,40.55500030517578,20401000
2013-08-28,XLE,40.685001373291016,41.38999938964844,40.66999816894531,41.22999954223633,23796400
2013-08-29,XLE,41.154998779296875,41.18000030517578,40.72999954223633,40.79999923706055,22817600
2013-08-30,XLE,40.95500183105469,41.005001068115234,40.685001373291016,40.78499984741211,17082600
2013-09-03,XLE,41.19499969482422,41.34000015258789,40.8849983215332,41.084999084472656,17268800
2013-09-04,XLE,41.03499984741211,41.43000030517578,40.94499969482422,41.30500030517578,14980000
2013-09-05,XLE,41.3849983215332,41.6349983215332,41.3650016784668,41.44499969482422,12230200
2013-09-06,XLE,41.61000061035156,41.76499938964844,41.154998779296875,41.439998626708984,16046200
2013-09-09,XLE,41.59000015258789,41.95500183105469,41.529998779296875,41.904998779296875,16869800
2013-09-10,XLE,41.95000076293945,41.97999954223633,41.560001373291016,41.91999816894531,18304400
2013-09-11,XLE,41.915000915527344,42.2400016784668,41.724998474121094,42.2400016784668,21400400
2013-09-12,XLE,42.154998779296875,42.279998779296875,41.959999084472656,41.9900016784668,21404800
2013-09-13,XLE,42.025001525878906,42.13999938964844,41.900001525878906,41.974998474121094,11958000
2013-09-16,XLE,42.29999923706055,42.33000183105469,41.904998779296875,41.96500015258789,16112600
2013-09-17,XLE,41.974998474121094,42.275001525878906,41.91999816894531,42.154998779296875,10843800
2013-09-18,XLE,42.14500045776367,42.84000015258789,42.02000045776367,42.665000915527344,22313200
2013-09-19,XLE,42.72999954223633,42.869998931884766,42.48500061035156,42.560001373291016,18277000
2013-09-20,XLE,42.38999938964844,42.494998931884766,41.939998626708984,42.02000045776367,27947800
2013-09-23,XLE,41.90999984741211,42.005001068115234,41.69499969482422,41.814998626708984,17040200
2013-09-24,XLE,41.80500030517578,42.165000915527344,41.685001373291016,41.85499954223633,11080800
2013-09-25,XLE,41.974998474121094,42.10499954223633,41.834999084472656,41.845001220703125,22387400
2013-09-26,XLE,41.95000076293945,42.01499938964844,41.720001220703125,41.91999816894531,15440400
2013-09-27,XLE,41.744998931884766,41.83000183105469,41.61000061035156,41.775001525878906,14342000
2013-09-30,XLE,41.27000045776367,41.599998474121094,41.19499969482422,41.45500183105469,20866400
2013-10-01,XLE,41.34000015258789,41.83000183105469,41.31999969482422,41.720001220703125,21688200
2013-10-02,XLE,41.54499816894531,41.8650016784668,41.32500076293945,41.814998626708984,15428400
2013-10-03,XLE,41.775001525878906,41.79999923706055,41.25,41.45000076293945,20280200
2013-10-04,XLE,41.540000915527344,41.97999954223633,41.36000061035156,41.869998931884766,18626200
2013-10-07,XLE,41.435001373291016,41.790000915527344,41.3849983215332,41.525001525878906,15857400
2013-10-08,XLE,41.540000915527344,41.630001068115234,41.040000915527344,41.08000183105469,21146800
2013-10-09,XLE,41.08000183105469,41.1150016784668,40.654998779296875,40.935001373291016,26219400
2013-10-10,XLE,41.220001220703125,41.70000076293945,41.209999084472656,41.69499969482422,25655200
2013-10-11,XLE,41.5099983215332,42.275001525878906,41.470001220703125,42.14500045776367,23850800
2013-10-14,XLE,41.89500045776367,42.45500183105469,41.79999923706055,42.43000030517578,16739800
2013-10-15,XLE,42.275001525878906,42.54999923706055,42.1150016784668,42.275001525878906,22783600
2013-10-16,XLE,42.560001373291016,43.040000915527344,42.540000915527344,42.90999984741211,25208800
2013-10-17,XLE,42.8650016784668,43.02000045776367,42.744998931884766,43.0,24574000
2013-10-18,XLE,43.334999084472656,43.494998931884766,43.13999938964844,43.470001220703125,25901200
2013-10-21,XLE,43.45000076293945,43.619998931884766,43.18000030517578,43.275001525878906,15707000
2013-10-22,XLE,43.48500061035156,43.79499816894531,43.32500076293945,43.51499938964844,28575800
2013-10-23,XLE,43.154998779296875,43.19499969482422,42.709999084472656,42.834999084472656,33670600
2013-10-24,XLE,42.880001068115234,43.1150016784668,42.60499954223633,43.040000915527344,15746600
2013-10-25,XLE,43.1349983215332,43.415000915527344,43.0099983215332,43.29999923706055,17492200
2013-10-28,XLE,43.32500076293945,43.43000030517578,43.099998474121094,43.334999084472656,15322400
2013-10-29,XLE,43.44499969482422,43.66999816894531,43.40999984741211,43.63999938964844,12934000
2013-10-30,XLE,43.625,43.810001373291016,43.005001068115234,43.345001220703125,22793200
2013-10-31,XLE,43.380001068115234,43.59000015258789,43.05500030517578,43.19499969482422,18169600
2013-11-01,XLE,43.18000030517578,43.220001220703125,42.52000045776367,43.040000915527344,24695200
2013-11-04,XLE,43.25,43.61000061035156,43.154998779296875,43.57500076293945,14466400
2013-11-05,XLE,43.3849983215332,43.505001068115234,43.13999938964844,43.18000030517578,16054600
2013-11-06,XLE,43.439998626708984,43.6349983215332,43.15999984741211,43.310001373291016,18167400
2013-11-07,XLE,43.42499923706055,43.48500061035156,42.5,42.63999938964844,41767000
2013-11-08,XLE,42.65999984741211,43.314998626708984,42.599998474121094,43.275001525878906,26485800
2013-11-11,XLE,43.349998474121094,43.494998931884766,43.21500015258789,43.35499954223633,10358200
2013-11-12,XLE,43.275001525878906,43.345001220703125,42.83000183105469,42.95500183105469,17361400
2013-11-13,XLE,42.76499938964844,43.334999084472656,42.7599983215332,43.33000183105469,21806800
2013-11-14,XLE,43.310001373291016,43.619998931884766,43.28499984741211,43.59000015258789,19336200
2013-11-15,XLE,43.755001068115234,43.84000015258789,43.505001068115234,43.83000183105469,14739600
2013-11-18,XLE,44.01499938964844,44.05500030517578,43.35499954223633,43.494998931884766,20932400
2013-11-19,XLE,43.40999984741211,43.71500015258789,43.20000076293945,43.56999969482422,18912800
2013-11-20,XLE,43.75,43.89500045776367,43.334999084472656,43.46500015258789,26525600
2013-11-21,XLE,43.6150016784668,43.95000076293945,43.560001373291016,43.880001068115234,14242800
2013-11-22,XLE,44.029998779296875,44.119998931884766,43.63999938964844,44.1150016784668,15119000
2013-11-25,XLE,44.06999969482422,44.06999969482422,43.494998931884766,43.71500015258789,19505200
2013-11-26,XLE,43.66999816894531,43.880001068115234,43.43000030517578,43.60499954223633,13549200
2013-11-27,XLE,43.48500061035156,43.685001373291016,43.060001373291016,43.310001373291016,18638600
2013-11-29,XLE,43.30500030517578,43.595001220703125,43.099998474121094,43.220001220703125,9953400
2013-12-02,XLE,43.26499938964844,43.54499816894531,43.005001068115234,43.25,19238800
2013-12-03,XLE,43.150001525878906,43.4900016784668,43.060001373291016,43.35499954223633,21690200
2013-12-04,XLE,43.29999923706055,43.44499969482422,42.869998931884766,43.21500015258789,20068600
2013-12-05,XLE,43.10499954223633,43.290000915527344,42.98500061035156,43.06999969482422,20142200
2013-12-06,XLE,43.44499969482422,43.52000045776367,43.06999969482422,43.20500183105469,23346000
2013-12-09,XLE,43.29999923706055,43.43000030517578,43.06999969482422,43.26499938964844,26144200
2013-12-10,XLE,43.165000915527344,43.39500045776367,43.08000183105469,43.1349983215332,21122800
2013-12-11,XLE,43.18000030517578,43.18000030517578,42.435001373291016,42.525001525878906,29365400
2013-12-12,XLE,42.52000045776367,42.89500045776367,42.439998626708984,42.70500183105469,21967200
2013-12-13,XLE,42.60499954223633,42.630001068115234,42.369998931884766,42.564998626708984,24326800
2013-12-16,XLE,42.79499816894531,43.07500076293945,42.67499923706055,42.935001373291016,24321600
2013-12-17,XLE,42.900001525878906,42.974998474121094,42.54999923706055,42.689998626708984,19712400
2013-12-18,XLE,42.814998626708984,43.349998474121094,42.404998779296875,43.334999084472656,30528000
2013-12-19,XLE,43.185001373291016,43.47999954223633,43.09000015258789,43.459999084472656,22421200
2013-12-20,XLE,43.244998931884766,43.505001068115234,43.220001220703125,43.334999084472656,31388600
2013-12-23,XLE,43.494998931884766,43.66999816894531,43.32500076293945,43.380001068115234,19535800
2013-12-24,XLE,43.415000915527344,43.65999984741211,43.36000061035156,43.619998931884766,11188800
2013-12-26,XLE,43.7400016784668,43.9900016784668,43.66999816894531,43.93000030517578,17715200
2013-12-27,XLE,44.08000183105469,44.20500183105469,43.935001373291016,44.14500045776367,11731800
2013-12-30,XLE,44.20000076293945,44.244998931884766,43.78499984741211,43.83000183105469,14091400
2013-12-31,XLE,43.935001373291016,44.27000045776367,43.775001525878906,44.255001068115234,16150800
2014-01-02,XLE,43.9900016784668,44.119998931884766,43.45000076293945,43.625,22267200
2014-01-03,XLE,43.66999816894531,43.845001220703125,43.375,43.46500015258789,19428600
2014-01-06,XLE,43.595001220703125,43.66999816894531,43.279998779296875,43.525001525878906,18513200
2014-01-07,XLE,43.650001525878906,43.8849983215332,43.42499923706055,43.85499954223633,13302000
2014-01-08,XLE,43.86000061035156,43.875,43.3849983215332,43.54999923706055,21883000
2014-01-09,XLE,43.595001220703125,43.66999816894531,43.05500030517578,43.415000915527344,24445400
2014-01-10,XLE,43.44499969482422,43.505001068115234,43.165000915527344,43.45000076293945,20940200
2014-01-13,XLE,43.33000183105469,43.39500045776367,42.54499816894531,42.584999084472656,33435200
2014-01-14,XLE,42.755001068115234,43.15999984741211,42.755001068115234,43.13999938964844,26444200
2014-01-15,XLE,43.20000076293945,43.2400016784668,42.95000076293945,43.01499938964844,23335800
2014-01-16,XLE,42.935001373291016,43.084999084472656,42.73500061035156,43.07500076293945,22594200
2014-01-17,XLE,43.18000030517578,43.415000915527344,42.95000076293945,43.005001068115234,25265800
2014-01-21,XLE,43.310001373291016,43.459999084472656,42.994998931884766,43.36000061035156,25451600
2014-01-22,XLE,43.46500015258789,43.61000061035156,43.28499984741211,43.560001373291016,21115200
2014-01-23,XLE,43.32500076293945,43.415000915527344,42.86000061035156,43.064998626708984,29801600
2014-01-24,XLE,42.80500030517578,42.80500030517578,42.13999938964844,42.165000915527344,34852200
2014-01-27,XLE,42.2400016784668,42.32500076293945,41.720001220703125,42.01499938964844,32109000
2014-01-28,XLE,42.1150016784668,42.400001525878906,42.0,42.334999084472656,18225600
2014-01-29,XLE,41.96500015258789,42.38999938964844,41.744998931884766,42.099998474121094,40249800
2014-01-30,XLE,42.3849983215332,42.45500183105469,41.994998931884766,42.23500061035156,24531400
2014-01-31,XLE,41.744998931884766,42.060001373291016,41.51499938964844,41.689998626708984,31966400
2014-02-03,XLE,41.650001525878906,41.82500076293945,40.88999938964844,40.94499969482422,50345600
2014-02-04,XLE,41.17499923706055,41.470001220703125,41.025001525878906,41.3650016784668,40679600
2014-02-05,XLE,41.3650016784668,41.375,40.904998779296875,40.959999084472656,54541800
2014-02-06,XLE,41.06999969482422,41.66999816894531,41.05500030517578,41.56999969482422,26056600
2014-02-07,XLE,41.82500076293945,42.084999084472656,41.56999969482422,42.02000045776367,24804600
2014-02-10,XLE,42.0099983215332,42.064998626708984,41.63999938964844,41.814998626708984,15922000
2014-02-11,XLE,41.86000061035156,42.505001068115234,41.814998626708984,42.36000061035156,21739400
2014-02-12,XLE,42.4900016784668,42.57500076293945,42.21500015258789,42.2599983215332,13624800
2014-02-13,XLE,42.060001373291016,42.56999969482422,41.94499969482422,42.459999084472656,19598000
2014-02-14,XLE,42.494998931884766,43.099998474121094,42.43000030517578,43.01499938964844,25236600
2014-02-18,XLE,43.08000183105469,43.26499938964844,43.005001068115234,43.209999084472656,17708000
2014-02-19,XLE,43.07500076293945,43.70500183105469,43.07500076293945,43.26499938964844,47644000
2014-02-20,XLE,43.25,43.6349983215332,43.189998626708984,43.54999923706055,18873800
2014-02-21,XLE,43.64500045776367,43.654998779296875,43.18000030517578,43.20500183105469,23165600
2014-02-24,XLE,43.334999084472656,44.2400016784668,43.310001373291016,43.85499954223633,37227800
2014-02-25,XLE,43.77000045776367,43.91999816894531,43.47999954223633,43.834999084472656,19166600
2014-02-26,XLE,43.85499954223633,43.904998779296875,43.42499923706055,43.560001373291016,20096600
2014-02-27,XLE,43.57500076293945,43.67499923706055,43.290000915527344,43.60499954223633,18666800
2014-02-28,XLE,43.6349983215332,43.994998931884766,43.564998626708984,43.82500076293945,20949000
2014-03-03,XLE,43.560001373291016,44.04499816894531,43.404998779296875,43.54499816894531,24927200
2014-03-04,XLE,43.92499923706055,44.150001525878906,43.755001068115234,44.02000045776367,21049000
2014-03-05,XLE,43.8849983215332,43.92499923706055,43.494998931884766,43.61000061035156,21730800
2014-03-06,XLE,43.63999938964844,43.970001220703125,43.6150016784668,43.92499923706055,15576600
2014-03-07,XLE,44.10499954223633,44.1349983215332,43.84000015258789,44.0099983215332,19705600
2014-03-10,XLE,43.96500015258789,44.11000061035156,43.709999084472656,44.08000183105469,17729000
2014-03-11,XLE,44.1349983215332,44.165000915527344,43.435001373291016,43.58000183105469,24536000
2014-03-12,XLE,43.275001525878906,43.69499969482422,43.22999954223633,43.584999084472656,18737400
2014-03-13,XLE,43.650001525878906,43.665000915527344,42.98500061035156,43.150001525878906,22545600
2014-03-14,XLE,43.099998474121094,43.36000061035156,43.040000915527344,43.189998626708984,21306800
2014-03-17,XLE,43.36000061035156,43.55500030517578,43.25,43.41999816894531,20838400
2014-03-18,XLE,43.58000183105469,43.91999816894531,43.44499969482422,43.78499984741211,13990400
2014-03-19,XLE,43.79999923706055,43.814998626708984,43.185001373291016,43.45500183105469,18645200
2014-03-20,XLE,43.2400016784668,43.69499969482422,43.095001220703125,43.625,17426800
2014-03-21,XLE,43.560001373291016,43.85499954223633,43.52000045776367,43.529998779296875,28260400
2014-03-24,XLE,43.665000915527344,43.8650016784668,43.36000061035156,43.439998626708984,20088000
2014-03-25,XLE,43.665000915527344,43.8650016784668,43.650001525878906,43.83000183105469,14337600
2014-03-26,XLE,43.97999954223633,44.095001220703125,43.595001220703125,43.625,17128800
2014-03-27,XLE,43.63999938964844,44.1150016784668,43.53499984741211,43.97999954223633,22772600
2014-03-28,XLE,44.125,44.625,44.099998474121094,44.529998779296875,19911200
2014-03-31,XLE,44.75,44.79499816894531,44.39500045776367,44.529998779296875,16903200
2014-04-01,XLE,44.54499816894531,44.79999923706055,44.525001525878906,44.79499816894531,20494600
2014-04-02,XLE,44.70000076293945,45.03499984741211,44.665000915527344,44.95500183105469,20017200
2014-04-03,XLE,45.05500030517578,45.43000030517578,44.97999954223633,45.244998931884766,21584000
2014-04-04,XLE,45.584999084472656,45.650001525878906,45.0,45.08000183105469,27995600
2014-04-07,XLE,44.974998474121094,45.064998626708984,44.32500076293945,44.32500076293945,22489600
2014-04-08,XLE,44.435001373291016,44.8650016784668,44.349998474121094,44.77000045776367,23288800
2014-04-09,XLE,44.90999984741211,45.005001068115234,44.52000045776367,44.974998474121094,14449000
2014-04-10,XLE,44.80500030517578,45.095001220703125,44.255001068115234,44.349998474121094,24596600
2014-04-11,XLE,44.130001068115234,44.48500061035156,44.11000061035156,44.224998474121094,26911800
2014-04-14,XLE,44.564998626708984,44.91999816894531,44.35499954223633,44.83000183105469,19922800
2014-04-15,XLE,44.79999923706055,45.44499969482422,44.65999984741211,45.43000030517578,44885800
2014-04-16,XLE,45.69499969482422,45.98500061035156,45.630001068115234,45.974998474121094,26073400
2014-04-17,XLE,46.03499984741211,46.53499984741211,45.95500183105469,46.39500045776367,37082000
2014-04-21,XLE,46.439998626708984,46.744998931884766,46.35499954223633,46.709999084472656,17012800
2014-04-22,XLE,46.58000183105469,46.76499938964844,46.35499954223633,46.6349983215332,12690400
2014-04-23,XLE,46.630001068115234,47.0099983215332,46.630001068115234,46.880001068115234,17123400
2014-04-24,XLE,47.01499938964844,47.125,46.810001373291016,46.89500045776367,17753000
2014-04-25,XLE,46.76499938964844,46.90999984741211,46.470001220703125,46.6150016784668,17744200
2014-04-28,XLE,46.775001525878906,46.814998626708984,46.30500030517578,46.69499969482422,22334000
2014-04-29,XLE,46.91999816894531,47.33000183105469,46.89500045776367,46.90999984741211,16545200
2014-04-30,XLE,46.80500030517578,46.939998626708984,46.56999969482422,46.869998931884766,21643200
2014-05-01,XLE,46.80500030517578,46.93000030517578,46.630001068115234,46.76499938964844,21430600
2014-05-02,XLE,46.68000030517578,47.209999084472656,46.6150016784668,46.86000061035156,17422000
2014-05-05,XLE,46.685001373291016,47.15999984741211,46.599998474121094,47.08000183105469,16074600
2014-05-06,XLE,47.125,47.400001525878906,47.084999084472656,47.150001525878906,14953400
2014-05-07,XLE,47.36000061035156,47.625,47.095001220703125,47.560001373291016,19261800
2014-05-08,XLE,47.46500015258789,47.54499816894531,46.84000015258789,46.880001068115234,21932600
2014-05-09,XLE,46.939998626708984,47.025001525878906,46.654998779296875,46.834999084472656,17421600
2014-05-12,XLE,47.04999923706055,47.189998626708984,46.904998779296875,47.165000915527344,10427800
2014-05-13,XLE,47.255001068115234,47.40999984741211,47.185001373291016,47.34000015258789,9977600
2014-05-14,XLE,47.38999938964844,47.5099983215332,47.29499816894531,47.36000061035156,9969200
2014-05-15,XLE,47.26499938964844,47.279998779296875,46.474998474121094,46.81999969482422,22897600
2014-05-16,XLE,46.73500061035156,46.869998931884766,46.46500015258789,46.70000076293945,29622000
2014-05-19,XLE,46.56999969482422,46.970001220703125,46.56999969482422,46.845001220703125,10064400
2014-05-20,XLE,46.744998931884766,46.93000030517578,46.619998931884766,46.709999084472656,9351200
2014-05-21,XLE,46.92499923706055,47.279998779296875,46.86000061035156,47.21500015258789,11714800
2014-05-22,XLE,47.21500015258789,47.41999816894531,47.11000061035156,47.16999816894531,13738400
2014-05-23,XLE,47.15999984741211,47.34000015258789,47.064998626708984,47.07500076293945,10561200
2014-05-27,XLE,47.209999084472656,47.314998626708984,47.029998779296875,47.20500183105469,10114600
2014-05-28,XLE,47.20000076293945,47.44499969482422,47.099998474121094,47.28499984741211,15071000
2014-05-29,XLE,47.375,47.71500015258789,47.244998931884766,47.689998626708984,14556600
2014-05-30,XLE,47.560001373291016,47.709999084472656,47.42499923706055,47.654998779296875,11916000
2014-06-02,XLE,47.70000076293945,47.869998931884766,47.459999084472656,47.595001220703125,10151400
2014-06-03,XLE,47.48500061035156,47.81999969482422,47.47999954223633,47.7599983215332,11997200
2014-06-04,XLE,47.68000030517578,47.78499984741211,47.53499984741211,47.73500061035156,7373200
2014-06-05,XLE,47.685001373291016,48.09000015258789,47.59000015258789,48.0099983215332,12349600
2014-06-06,XLE,48.119998931884766,48.474998474121094,48.119998931884766,48.404998779296875,10840000
2014-06-09,XLE,48.470001220703125,48.73500061035156,48.36000061035156,48.47999954223633,11304000
2014-06-10,XLE,48.48500061035156,48.525001525878906,48.279998779296875,48.400001525878906,7532200
2014-06-11,XLE,48.255001068115234,48.650001525878906,48.150001525878906,48.584999084472656,11303400
2014-06-12,XLE,48.79999923706055,49.06999969482422,48.654998779296875,48.744998931884766,23739200
2014-06-13,XLE,48.875,49.21500015258789,48.584999084472656,49.209999084472656,19473200
2014-06-16,XLE,49.3849983215332,49.6150016784668,49.29499816894531,49.505001068115234,26773800
2014-06-17,XLE,49.404998779296875,49.47999954223633,49.154998779296875,49.470001220703125,20091000
2014-06-18,XLE,49.4900016784668,49.88999938964844,49.32500076293945,49.845001220703125,29727200
2014-06-19,XLE,49.875,50.209999084472656,49.73500061035156,50.20000076293945,17354000
2014-06-20,XLE,50.224998474121094,50.494998931884766,50.060001373291016,50.46500015258789,18192400
2014-06-23,XLE,50.619998931884766,50.7599983215332,50.4900016784668,50.64500045776367,15918400
2014-06-24,XLE,50.599998474121094,50.63999938964844,49.470001220703125,49.58000183105469,35497000
2014-06-25,XLE,49.375,50.005001068115234,49.31999969482422,49.95500183105469,27720600
2014-06-26,XLE,49.98500061035156,50.04999923706055,49.55500030517578,50.0099983215332,16160000
2014-06-27,XLE,49.88999938964844,50.03499984741211,49.720001220703125,50.0099983215332,16444200
2014-06-30,XLE,49.974998474121094,50.11000061035156,49.779998779296875,50.04999923706055,12589000
2014-07-01,XLE,50.17499923706055,50.33000183105469,49.95500183105469,50.08000183105469,13771600
2014-07-02,XLE,50.040000915527344,50.185001373291016,49.900001525878906,50.005001068115234,11852800
2014-07-03,XLE,50.244998931884766,50.244998931884766,49.915000915527344,50.19499969482422,7337600
2014-07-07,XLE,50.14500045776367,50.150001525878906,49.720001220703125,49.810001373291016,13864800
2014-07-08,XLE,49.73500061035156,49.85499954223633,49.53499984741211,49.72999954223633,20784600
2014-07-09,XLE,49.810001373291016,50.09000015258789,49.72999954223633,50.060001373291016,12816000
2014-07-10,XLE,49.60499954223633,49.76499938964844,49.32500076293945,49.58000183105469,29817400
2014-07-11,XLE,49.52000045776367,49.529998779296875,49.06999969482422,49.20000076293945,21610400
2014-07-14,XLE,49.439998626708984,49.685001373291016,49.369998931884766,49.625,13740600
2014-07-15,XLE,49.4900016784668,49.6150016784668,49.09000015258789,49.40999984741211,19908400
2014-07-16,XLE,49.6150016784668,50.18000030517578,49.599998474121094,50.15999984741211,16334800
2014-07-17,XLE,50.119998931884766,50.275001525878906,49.314998626708984,49.349998474121094,22035600
2014-07-18,XLE,49.474998474121094,49.619998931884766,49.25,49.494998931884766,16635600
2014-07-21,XLE,49.369998931884766,49.60499954223633,49.29499816894531,49.56999969482422,18793400
2014-07-22,XLE,49.790000915527344,50.08000183105469,49.7400016784668,49.92499923706055,11955800
2014-07-23,XLE,50.04999923706055,50.25,49.834999084472656,50.244998931884766,13402400
2014-07-24,XLE,50.32500076293945,50.48500061035156,50.119998931884766,50.290000915527344,11494400
2014-07-25,XLE,50.11000061035156,50.154998779296875,49.85499954223633,49.91999816894531,9605800
2014-07-28,XLE,49.880001068115234,49.96500015258789,49.494998931884766,49.79999923706055,14957200
2014-07-29,XLE,49.709999084472656,49.959999084472656,49.650001525878906,49.67499923706055,13657600
2014-07-30,XLE,49.90999984741211,50.064998626708984,49.220001220703125,49.380001068115234,21560600
2014-07-31,XLE,49.064998626708984,49.09000015258789,48.279998779296875,48.314998626708984,34569600
2014-08-01,XLE,48.18000030517578,48.334999084472656,47.5099983215332,47.92499923706055,35666600
2014-08-04,XLE,47.915000915527344,48.849998474121094,47.77000045776367,48.72999954223633,25793000
2014-08-05,XLE,48.525001525878906,48.625,47.3849983215332,47.665000915527344,32879800
2014-08-06,XLE,47.564998626708984,48.36000061035156,47.47999954223633,47.80500030517578,23094000
2014-08-07,XLE,48.04999923706055,48.1349983215332,47.244998931884766,47.505001068115234,26513400
2014-08-08,XLE,47.650001525878906,48.349998474121094,47.53499984741211,48.29999923706055,23170000
2014-08-11,XLE,48.6150016784668,48.790000915527344,48.27000045776367,48.30500030517578,22407200
2014-08-12,XLE,48.23500061035156,48.23500061035156,47.75,47.95000076293945,19996200
2014-08-13,XLE,48.209999084472656,48.3650016784668,47.93000030517578,48.10499954223633,12978000
2014-08-14,XLE,48.17499923706055,48.25,47.7599983215332,47.83000183105469,15234800
2014-08-15,XLE,47.92499923706055,48.255001068115234,47.79999923706055,48.185001373291016,22150600
2014-08-18,XLE,48.36000061035156,48.459999084472656,48.11000061035156,48.314998626708984,17195000
2014-08-19,XLE,48.415000915527344,48.775001525878906,48.380001068115234,48.685001373291016,11995400
2014-08-20,XLE,48.625,48.85499954223633,48.42499923706055,48.790000915527344,11895800
2014-08-21,XLE,48.85499954223633,48.880001068115234,48.61000061035156,48.83000183105469,11134400
2014-08-22,XLE,48.7599983215332,48.7599983215332,48.30500030517578,48.505001068115234,14766800
2014-08-25,XLE,48.63999938964844,48.970001220703125,48.625,48.935001373291016,8758000
2014-08-26,XLE,49.07500076293945,49.435001373291016,48.97999954223633,49.185001373291016,11193000
2014-08-27,XLE,49.22999954223633,49.28499984741211,48.95500183105469,49.084999084472656,7720200
2014-08-28,XLE,48.935001373291016,49.14500045776367,48.85499954223633,49.095001220703125,6209000
2014-08-29,XLE,49.20500183105469,49.39500045776367,49.029998779296875,49.369998931884766,10734800
2014-09-02,XLE,49.29999923706055,49.345001220703125,48.53499984741211,48.744998931884766,17284600
2014-09-03,XLE,49.06999969482422,49.220001220703125,48.845001220703125,48.875,14381800
2014-09-04,XLE,48.9900016784668,49.0099983215332,47.9900016784668,48.21500015258789,24573000
2014-09-05,XLE,48.2400016784668,48.55500030517578,47.90999984741211,48.540000915527344,17549800
2014-09-08,XLE,48.29999923706055,48.34000015258789,47.564998626708984,47.78499984741211,21956200
2014-09-09,XLE,47.7599983215332,48.05500030517578,47.29499816894531,47.57500076293945,19996600
2014-09-10,XLE,47.529998779296875,47.529998779296875,46.904998779296875,47.459999084472656,20865400
2014-09-11,XLE,47.08000183105469,47.560001373291016,46.880001068115234,47.4900016784668,25011400
2014-09-12,XLE,47.349998474121094,47.39500045776367,46.6349983215332,46.779998779296875,30880400
2014-09-15,XLE,46.72999954223633,47.23500061035156,46.494998931884766,47.11000061035156,26782600
2014-09-16,XLE,47.04499816894531,47.97999954223633,46.974998474121094,47.68000030517578,26910800
2014-09-17,XLE,47.79499816894531,47.8849983215332,47.279998779296875,47.41999816894531,22138600
2014-09-18,XLE,47.57500076293945,47.599998474121094,47.04999923706055,47.17499923706055,24569200
2014-09-19,XLE,47.029998779296875,47.244998931884766,46.875,46.89500045776367,18949200
2014-09-22,XLE,46.81999969482422,46.845001220703125,46.025001525878906,46.20500183105469,21259200
2014-09-23,XLE,46.1349983215332,46.529998779296875,46.060001373291016,46.06999969482422,18280200
2014-09-24,XLE,46.040000915527344,46.375,45.380001068115234,46.11000061035156,49479800
2014-09-25,XLE,46.084999084472656,46.10499954223633,45.380001068115234,45.404998779296875,26872800
2014-09-26,XLE,45.40999984741211,46.185001373291016,45.25,45.9900016784668,22969600
2014-09-29,XLE,45.404998779296875,45.970001220703125,45.29499816894531,45.8849983215332,30908600
2014-09-30,XLE,45.84000015258789,45.95000076293945,45.029998779296875,45.310001373291016,43464200
2014-10-01,XLE,45.30500030517578,45.529998779296875,44.244998931884766,44.3849983215332,37954600
2014-10-02,XLE,44.125,44.44499969482422,43.38999938964844,44.154998779296875,58485400
2014-10-03,XLE,44.375,44.400001525878906,43.709999084472656,44.084999084472656,40196000
2014-10-06,XLE,44.310001373291016,44.584999084472656,43.810001373291016,44.1349983215332,40244400
2014-10-07,XLE,43.900001525878906,44.46500015258789,43.54499816894531,43.560001373291016,35798600
2014-10-08,XLE,43.435001373291016,44.025001525878906,42.73500061035156,43.98500061035156,71977200
2014-10-09,XLE,43.650001525878906,43.724998474121094,42.25,42.369998931884766,73334800
2014-10-10,XLE,42.244998931884766,42.70500183105469,41.31999969482422,41.775001525878906,120948600
2014-10-13,XLE,41.685001373291016,42.19499969482422,40.43000030517578,40.48500061035156,95098600
2014-10-14,XLE,40.82500076293945,41.14500045776367,39.7599983215332,39.974998474121094,111991200
2014-10-15,XLE,39.45500183105469,40.3849983215332,38.755001068115234,40.279998779296875,138939200
2014-10-16,XLE,39.415000915527344,41.40999984741211,39.25,41.0,119592600
2014-10-17,XLE,41.755001068115234,42.95000076293945,41.0,41.349998474121094,76000000
2014-10-20,XLE,41.314998626708984,41.834999084472656,41.11000061035156,41.709999084472656,53005200
2014-10-21,XLE,42.185001373291016,43.07500076293945,42.16999816894531,42.97999954223633,62716400
2014-10-22,XLE,43.09000015258789,43.35499954223633,42.13999938964844,42.165000915527344,72285000
2014-10-23,XLE,42.7599983215332,43.404998779296875,42.53499984741211,42.95000076293945,53116000
2014-10-24,XLE,42.970001220703125,43.04499816894531,42.23500061035156,42.79999923706055,50494800
2014-10-27,XLE,42.119998931884766,42.14500045776367,41.470001220703125,41.900001525878906,47002800
2014-10-28,XLE,42.119998931884766,42.970001220703125,41.84000015258789,42.85499954223633,47250000
2014-10-29,XLE,43.32500076293945,43.685001373291016,42.584999084472656,42.994998931884766,53445000
2014-10-30,XLE,42.665000915527344,43.029998779296875,42.345001220703125,42.84000015258789,37592000
2014-10-31,XLE,42.93000030517578,43.7599983215332,42.529998779296875,43.709999084472656,40528600
2014-11-03,XLE,43.7400016784668,44.20500183105469,42.88999938964844,43.02000045776367,53211200
2014-11-04,XLE,42.5,42.525001525878906,41.76499938964844,42.1349983215332,46878200
2014-11-05,XLE,42.560001373291016,43.060001373291016,42.22999954223633,42.875,54890200
2014-11-06,XLE,42.60499954223633,43.42499923706055,42.46500015258789,43.415000915527344,46052600
2014-11-07,XLE,43.51499938964844,44.2400016784668,43.43000030517578,43.89500045776367,36084000
2014-11-10,XLE,44.275001525878906,44.47999954223633,43.369998931884766,43.5,45906800
2014-11-11,XLE,43.540000915527344,43.73500061035156,43.1150016784668,43.630001068115234,34761800
2014-11-12,XLE,43.35499954223633,43.80500030517578,43.19499969482422,43.244998931884766,35249200
2014-11-13,XLE,43.01499938964844,43.06999969482422,41.974998474121094,42.66999816894531,63176600
2014-11-14,XLE,42.880001068115234,43.154998779296875,42.59000015258789,43.10499954223633,35924600
2014-11-17,XLE,42.84000015258789,43.1349983215332,42.68000030517578,42.880001068115234,24430200
2014-11-18,XLE,42.8650016784668,43.27000045776367,42.709999084472656,42.915000915527344,39360600
2014-11-19,XLE,42.994998931884766,43.290000915527344,42.6150016784668,43.13999938964844,29492400
2014-11-20,XLE,43.224998474121094,43.744998931884766,43.11000061035156,43.68000030517578,33834600
2014-11-21,XLE,44.435001373291016,44.61000061035156,43.93000030517578,44.25,57370400
2014-11-24,XLE,44.10499954223633,44.345001220703125,43.720001220703125,43.90999984741211,33356200
2014-11-25,XLE,44.150001525878906,44.185001373291016,43.1349983215332,43.19499969482422,45108000
2014-11-26,XLE,42.994998931884766,43.10499954223633,42.57500076293945,42.650001525878906,41746400
2014-11-28,XLE,40.869998931884766,41.0,39.790000915527344,39.90999984741211,85076600
2014-12-01,XLE,39.69499969482422,40.17499923706055,39.334999084472656,40.04999923706055,103189000
2014-12-02,XLE,39.76499938964844,40.875,39.75,40.48500061035156,66469800
2014-12-03,XLE,40.744998931884766,41.30500030517578,40.60499954223633,40.97999954223633,63098400
2014-12-04,XLE,40.584999084472656,40.8849983215332,40.2599983215332,40.625,47159000
2014-12-05,XLE,40.53499984741211,40.654998779296875,39.97999954223633,40.13999938964844,46886600
2014-12-08,XLE,39.599998474121094,39.75,38.43000030517578,38.51499938964844,82385400
2014-12-09,XLE,38.43000030517578,39.095001220703125,38.29999923706055,38.935001373291016,67337800
2014-12-10,XLE,38.32500076293945,38.369998931884766,37.48500061035156,37.73500061035156,89067600
2014-12-11,XLE,37.685001373291016,38.66999816894531,37.625,37.709999084472656,71103400
2014-12-12,XLE,37.2599983215332,37.689998626708984,36.94499969482422,37.0099983215332,100108600
2014-12-15,XLE,37.314998626708984,37.665000915527344,36.599998474121094,36.68000030517578,94962200
2014-12-16,XLE,36.345001220703125,38.14500045776367,36.255001068115234,37.005001068115234,114568800
2014-12-17,XLE,37.21500015258789,38.915000915527344,37.14500045776367,38.540000915527344,124940400
2014-12-18,XLE,39.529998779296875,39.67499923706055,38.28499984741211,39.279998779296875,104527000
2014-12-19,XLE,39.47999954223633,40.334999084472656,39.04499816894531,40.28499984741211,93485600
2014-12-22,XLE,39.98500061035156,40.084999084472656,39.459999084472656,39.875,66476200
2014-12-23,XLE,40.165000915527344,40.494998931884766,39.880001068115234,40.36000061035156,53058400
2014-12-24,XLE,40.125,40.220001220703125,39.599998474121094,40.064998626708984,28095600
2014-12-26,XLE,40.220001220703125,40.404998779296875,39.880001068115234,40.05500030517578,28929200
2014-12-29,XLE,40.14500045776367,40.5,39.959999084472656,40.20000076293945,36448200
2014-12-30,XLE,40.150001525878906,40.23500061035156,39.755001068115234,39.880001068115234,38296200
2014-12-31,XLE,39.64500045776367,40.0,39.345001220703125,39.58000183105469,43083800
2015-01-02,XLE,39.3650016784668,39.89500045776367,39.189998626708984,39.76499938964844,55498200
2015-01-05,XLE,39.209999084472656,39.224998474121094,37.92499923706055,38.119998931884766,90790400
2015-01-06,XLE,38.05500030517578,38.3650016784668,37.29499816894531,37.560001373291016,83753200
2015-01-07,XLE,38.01499938964844,38.18000030517578,37.38999938964844,37.63999938964844,62384800
2015-01-08,XLE,37.94499969482422,38.57500076293945,37.790000915527344,38.48500061035156,56373800
2015-01-09,XLE,38.5099983215332,38.57500076293945,37.834999084472656,38.18000030517578,49904200
2015-01-12,XLE,37.69499969482422,37.69499969482422,36.880001068115234,37.08000183105469,57881200
2015-01-13,XLE,37.22999954223633,37.52000045776367,36.439998626708984,36.78499984741211,68102800
2015-01-14,XLE,36.435001373291016,36.95500183105469,35.849998474121094,36.900001525878906,104305000
2015-01-15,XLE,37.334999084472656,37.43000030517578,36.400001525878906,36.43000030517578,82692000
2015-01-16,XLE,36.64500045776367,37.665000915527344,36.6150016784668,37.6150016784668,85483800
2015-01-20,XLE,37.41999816894531,37.68000030517578,36.96500015258789,37.65999984741211,56171600
2015-01-21,XLE,37.935001373291016,38.435001373291016,37.65999984741211,38.42499923706055,56661600
2015-01-22,XLE,38.66999816894531,38.724998474121094,37.900001525878906,38.60499954223633,66037600
2015-01-23,XLE,38.43000030517578,38.880001068115234,38.27000045776367,38.33000183105469,42294800
2015-01-26,XLE,38.459999084472656,38.97999954223633,38.119998931884766,38.880001068115234,36724200
2015-01-27,XLE,38.57500076293945,39.040000915527344,38.47999954223633,38.85499954223633,43204600
2015-01-28,XLE,38.75,38.75,37.25,37.32500076293945,77666800
2015-01-29,XLE,37.625,37.67499923706055,36.60499954223633,37.45000076293945,60247400
2015-01-30,XLE,37.16999816894531,38.20500183105469,36.91999816894531,37.775001525878906,87696200
2015-02-02,XLE,38.2400016784668,38.94499969482422,37.97999954223633,38.93000030517578,70931400
2015-02-03,XLE,39.380001068115234,40.20000076293945,39.3650016784668,39.994998931884766,94055800
2015-02-04,XLE,39.474998474121094,39.70000076293945,39.005001068115234,39.334999084472656,82264400
2015-02-05,XLE,39.79999923706055,40.125,39.560001373291016,39.900001525878906,63572400
2015-02-06,XLE,40.21500015258789,40.28499984741211,39.709999084472656,39.90999984741211,52269200
2015-02-09,XLE,40.08000183105469,40.40999984741211,39.86000061035156,39.95000076293945,40407600
2015-02-10,XLE,40.02000045776367,40.05500030517578,39.20500183105469,39.93000030517578,43942600
2015-02-11,XLE,39.41999816894531,39.83000183105469,39.220001220703125,39.650001525878906,52393200
2015-02-12,XLE,40.189998626708984,40.35499954223633,39.900001525878906,40.16999816894531,52844600
2015-02-13,XLE,40.564998626708984,41.064998626708984,40.459999084472656,41.02000045776367,62375800
2015-02-17,XLE,40.82500076293945,41.21500015258789,40.584999084472656,41.14500045776367,44251800
2015-02-18,XLE,40.810001373291016,40.974998474121094,40.54499816894531,40.654998779296875,38762800
2015-02-19,XLE,39.810001373291016,40.69499969482422,39.630001068115234,40.46500015258789,47744000
2015-02-20,XLE,40.35499954223633,40.560001373291016,39.935001373291016,40.27000045776367,51283600
2015-02-23,XLE,39.875,40.43000030517578,39.775001525878906,40.10499954223633,39359000
2015-02-24,XLE,40.349998474121094,40.3849983215332,39.95500183105469,40.21500015258789,30861400
2015-02-25,XLE,40.244998931884766,40.5,40.04499816894531,40.435001373291016,32051400
2015-02-26,XLE,40.19499969482422,40.21500015258789,39.474998474121094,39.685001373291016,38698200
2015-02-27,XLE,39.84000015258789,39.869998931884766,39.470001220703125,39.5099983215332,26724400
2015-03-02,XLE,39.43000030517578,39.46500015258789,38.85499954223633,39.23500061035156,35957000
2015-03-03,XLE,39.2599983215332,39.6150016784668,39.084999084472656,39.380001068115234,24699400
2015-03-04,XLE,39.38999938964844,39.41999816894531,38.88999938964844,39.32500076293945,33205600
2015-03-05,XLE,39.224998474121094,39.275001525878906,39.029998779296875,39.09000015258789,22489000
2015-03-06,XLE,38.814998626708984,39.01499938964844,38.29499816894531,38.38999938964844,38352600
2015-03-09,XLE,38.32500076293945,38.76499938964844,38.1150016784668,38.1150016784668,34882200
2015-03-10,XLE,37.810001373291016,38.029998779296875,37.564998626708984,37.584999084472656,38061200
2015-03-11,XLE,37.650001525878906,37.849998474121094,37.42499923706055,37.69499969482422,26102000
2015-03-12,XLE,37.755001068115234,37.935001373291016,37.439998626708984,37.45500183105469,38490000
2015-03-13,XLE,37.209999084472656,37.36000061035156,36.90999984741211,37.314998626708984,42023800
2015-03-16,XLE,37.11000061035156,37.849998474121094,36.994998931884766,37.81999969482422,33897000
2015-03-17,XLE,37.59000015258789,37.814998626708984,37.400001525878906,37.67499923706055,27872600
2015-03-18,XLE,37.43000030517578,38.974998474121094,37.369998931884766,38.77000045776367,55507400
2015-03-19,XLE,38.29999923706055,38.46500015258789,38.04499816894531,38.154998779296875,46481800
2015-03-20,XLE,38.314998626708984,38.68000030517578,38.165000915527344,38.45500183105469,45221200
2015-03-23,XLE,38.540000915527344,38.79999923706055,38.31999969482422,38.31999969482422,24320200
2015-03-24,XLE,38.41999816894531,38.47999954223633,38.040000915527344,38.064998626708984,29561800
2015-03-25,XLE,38.30500030517578,38.849998474121094,38.26499938964844,38.560001373291016,31797000
2015-03-26,XLE,39.005001068115234,39.125,38.375,38.51499938964844,30637200
2015-03-27,XLE,38.369998931884766,38.44499969482422,38.119998931884766,38.20000076293945,23934600
2015-03-30,XLE,38.56999969482422,39.095001220703125,38.55500030517578,39.02000045776367,36375600
2015-03-31,XLE,38.724998474121094,39.0,38.5,38.790000915527344,18807400
2015-04-01,XLE,38.915000915527344,39.1150016784668,38.70000076293945,38.779998779296875,26586600
2015-04-02,XLE,38.599998474121094,39.084999084472656,38.5099983215332,38.86000061035156,27715400
2015-04-06,XLE,39.084999084472656,39.775001525878906,38.904998779296875,39.560001373291016,31086600
2015-04-07,XLE,39.525001525878906,39.85499954223633,39.415000915527344,39.584999084472656,28284200
2015-04-08,XLE,39.77000045776367,39.8650016784668,39.25,39.26499938964844,24091400
2015-04-09,XLE,39.369998931884766,39.98500061035156,39.334999084472656,39.89500045776367,27750200
2015-04-10,XLE,40.0,40.1349983215332,39.83000183105469,40.06999969482422,17701000
2015-04-13,XLE,40.244998931884766,40.29999923706055,39.60499954223633,39.66999816894531,19880600
2015-04-14,XLE,39.93000030517578,40.47999954223633,39.880001068115234,40.3849983215332,27440200
2015-04-15,XLE,40.6150016784668,41.435001373291016,40.53499984741211,41.349998474121094,40013800
2015-04-16,XLE,41.19499969482422,41.6150016784668,40.93000030517578,41.255001068115234,42555000
2015-04-17,XLE,41.060001373291016,41.1150016784668,40.630001068115234,40.95500183105469,33834800
2015-04-20,XLE,41.0,41.560001373291016,40.98500061035156,41.11000061035156,25420800
2015-04-21,XLE,41.21500015258789,41.2400016784668,40.505001068115234,40.67499923706055,23640800
2015-04-22,XLE,40.779998779296875,41.099998474121094,40.5099983215332,40.94499969482422,20259000
2015-04-23,XLE,41.03499984741211,41.4900016784668,40.9900016784668,41.224998474121094,25151600
2015-04-24,XLE,41.099998474121094,41.13999938964844,40.79499816894531,40.9900016784668,23015200
2015-04-27,XLE,41.15999984741211,41.28499984741211,40.875,40.94499969482422,22651200
2015-04-28,XLE,40.935001373291016,41.224998474121094,40.80500030517578,41.150001525878906,22250800
2015-04-29,XLE,41.005001068115234,41.529998779296875,40.875,41.470001220703125,31806200
2015-04-30,XLE,41.625,41.689998626708984,41.10499954223633,41.34000015258789,33104200
2015-05-01,XLE,41.380001068115234,41.505001068115234,41.10499954223633,41.435001373291016,22709200
2015-05-04,XLE,41.53499984741211,41.67499923706055,41.119998931884766,41.33000183105469,28868400
2015-05-05,XLE,41.63999938964844,41.83000183105469,40.80500030517578,40.81999969482422,32152600
2015-05-06,XLE,41.185001373291016,41.349998474121094,40.470001220703125,40.65999984741211,32777200
2015-05-07,XLE,40.58000183105469,40.59000015258789,39.91999816894531,40.220001220703125,34793200
2015-05-08,XLE,40.540000915527344,40.92499923706055,40.08000183105469,40.880001068115234,29030400
2015-05-11,XLE,40.91999816894531,40.939998626708984,40.06999969482422,40.11000061035156,36288800
2015-05-12,XLE,40.04999923706055,40.505001068115234,39.97999954223633,40.29499816894531,19703000
2015-05-13,XLE,40.64500045776367,40.69499969482422,40.040000915527344,40.189998626708984,25069400
2015-05-14,XLE,40.30500030517578,40.57500076293945,40.150001525878906,40.17499923706055,19235800
2015-05-15,XLE,40.005001068115234,40.494998931884766,39.904998779296875,40.334999084472656,19561200
2015-05-18,XLE,40.255001068115234,40.41999816894531,40.084999084472656,40.369998931884766,14459600
2015-05-19,XLE,40.099998474121094,40.13999938964844,39.73500061035156,39.79499816894531,27839600
2015-05-20,XLE,39.935001373291016,40.0,39.63999938964844,39.869998931884766,25247600
2015-05-21,XLE,40.095001220703125,40.30500030517578,39.95000076293945,40.244998931884766,20174600
2015-05-22,XLE,39.970001220703125,40.279998779296875,39.89500045776367,40.099998474121094,12721400
2015-05-26,XLE,39.775001525878906,39.86000061035156,39.314998626708984,39.46500015258789,26367200
2015-05-27,XLE,39.439998626708984,39.7599983215332,39.18000030517578,39.39500045776367,22750000
2015-05-28,XLE,39.2599983215332,39.310001373291016,38.9900016784668,39.2400016784668,24328400
2015-05-29,XLE,39.22999954223633,39.44499969482422,39.099998474121094,39.19499969482422,25956200
2015-06-01,XLE,39.29499816894531,39.29999923706055,39.04499816894531,39.095001220703125,16974400
2015-06-02,XLE,39.21500015258789,39.55500030517578,39.005001068115234,39.3650016784668,20366000
2015-06-03,XLE,39.244998931884766,39.53499984741211,39.040000915527344,39.095001220703125,17280600
2015-06-04,XLE,38.88999938964844,38.96500015258789,38.53499984741211,38.564998626708984,31892200
2015-06-05,XLE,38.38999938964844,39.18000030517578,38.375,38.834999084472656,37912000
2015-06-08,XLE,38.685001373291016,38.90999984741211,38.525001525878906,38.6150016784668,19414600
2015-06-09,XLE,38.849998474121094,39.095001220703125,38.595001220703125,38.61000061035156,22066200
2015-06-10,XLE,39.084999084472656,39.19499969482422,38.95000076293945,39.084999084472656,19570800
2015-06-11,XLE,39.154998779296875,39.220001220703125,38.875,38.90999984741211,16833000
2015-06-12,XLE,38.689998626708984,38.720001220703125,38.40999984741211,38.474998474121094,21009000
2015-06-15,XLE,38.209999084472656,38.59000015258789,38.095001220703125,38.3849983215332,16151000
2015-06-16,XLE,38.45500183105469,38.69499969482422,38.27000045776367,38.685001373291016,18035200
2015-06-17,XLE,38.88999938964844,39.060001373291016,38.39500045776367,38.59000015258789,20827400
2015-06-18,XLE,38.709999084472656,38.8849983215332,38.529998779296875,38.564998626708984,25345200
2015-06-19,XLE,38.14500045776367,38.29999923706055,37.939998626708984,37.95500183105469,34469800
2015-06-22,XLE,38.29999923706055,38.45500183105469,38.130001068115234,38.41999816894531,21154800
2015-06-23,XLE,38.3650016784668,38.6150016784668,38.32500076293945,38.54499816894531,14235400
2015-06-24,XLE,38.459999084472656,38.68000030517578,38.290000915527344,38.30500030517578,13596600
2015-06-25,XLE,38.29499816894531,38.34000015258789,37.904998779296875,37.915000915527344,17371400
2015-06-26,XLE,37.880001068115234,38.04999923706055,37.66999816894531,38.040000915527344,23544600
2015-06-29,XLE,37.560001373291016,37.79999923706055,37.290000915527344,37.31999969482422,27794400
2015-06-30,XLE,37.665000915527344,37.724998474121094,37.34000015258789,37.58000183105469,30341200
2015-07-01,XLE,37.654998779296875,37.66999816894531,36.95000076293945,37.099998474121094,27820200
2015-07-02,XLE,37.20000076293945,37.46500015258789,37.16999816894531,37.26499938964844,19400400
2015-07-06,XLE,36.775001525878906,37.130001068115234,36.619998931884766,36.775001525878906,27018200
2015-07-07,XLE,36.630001068115234,37.2400016784668,36.21500015258789,37.11000061035156,41372200
2015-07-08,XLE,36.85499954223633,37.11000061035156,36.209999084472656,36.36000061035156,33042600
2015-07-09,XLE,36.86000061035156,37.01499938964844,36.54499816894531,36.54499816894531,23912000
2015-07-10,XLE,36.76499938964844,36.994998931884766,36.564998626708984,36.744998931884766,26500800
2015-07-13,XLE,36.869998931884766,37.095001220703125,36.77000045776367,37.005001068115234,28717600
2015-07-14,XLE,36.900001525878906,37.41999816894531,36.8849983215332,37.27000045776367,25308400
2015-07-15,XLE,37.08000183105469,37.26499938964844,36.48500061035156,36.6150016784668,25416600
2015-07-16,XLE,36.82500076293945,36.935001373291016,36.595001220703125,36.665000915527344,15721400
2015-07-17,XLE,36.630001068115234,36.665000915527344,36.099998474121094,36.220001220703125,28192000
2015-07-20,XLE,36.28499984741211,36.290000915527344,35.69499969482422,35.7400016784668,27666800
2015-07-21,XLE,35.82500076293945,36.11000061035156,35.64500045776367,35.755001068115234,21238000
2015-07-22,XLE,35.61000061035156,35.82500076293945,35.38999938964844,35.46500015258789,30418600
2015-07-23,XLE,35.5,35.724998474121094,35.165000915527344,35.435001373291016,22569200
2015-07-24,XLE,35.435001373291016,35.45000076293945,34.625,34.755001068115234,25108200
2015-07-27,XLE,34.310001373291016,34.65999984741211,34.10499954223633,34.255001068115234,34393400
2015-07-28,XLE,34.30500030517578,35.42499923706055,34.279998779296875,35.23500061035156,37877200
2015-07-29,XLE,35.14500045776367,35.75,35.03499984741211,35.71500015258789,46854600
2015-07-30,XLE,35.63999938964844,35.744998931884766,35.310001373291016,35.46500015258789,25254400
2015-07-31,XLE,35.15999984741211,35.209999084472656,34.6349983215332,34.689998626708984,43578800
2015-08-03,XLE,34.31999969482422,34.53499984741211,33.88999938964844,33.959999084472656,33853200
2015-08-04,XLE,34.11000061035156,34.375,33.70000076293945,33.845001220703125,25525000
2015-08-05,XLE,34.11000061035156,34.48500061035156,33.55500030517578,33.59000015258789,36947600
2015-08-06,XLE,33.38999938964844,34.21500015258789,33.14500045776367,34.125,46519200
2015-08-07,XLE,33.98500061035156,34.255001068115234,33.39500045776367,33.51499938964844,34163400
2015-08-10,XLE,33.584999084472656,34.61000061035156,33.584999084472656,34.584999084472656,38888800
2015-08-11,XLE,33.89500045776367,34.685001373291016,33.83000183105469,34.650001525878906,42107800
2015-08-12,XLE,34.529998779296875,35.369998931884766,34.33000183105469,35.279998779296875,46966000
2015-08-13,XLE,35.04999923706055,35.18000030517578,34.70000076293945,34.744998931884766,39627200
2015-08-14,XLE,34.81999969482422,35.060001373291016,34.59000015258789,34.66999816894531,24242400
2015-08-17,XLE,34.5,34.915000915527344,34.3849983215332,34.744998931884766,19064200
2015-08-18,XLE,34.68000030517578,34.77000045776367,34.44499969482422,34.6150016784668,22126800
2015-08-19,XLE,34.42499923706055,34.47999954223633,33.5,33.65999984741211,40366000
2015-08-20,XLE,33.56999969482422,33.79999923706055,32.89500045776367,32.900001525878906,50673200
2015-08-21,XLE,32.56999969482422,32.92499923706055,31.729999542236328,31.75,50840400
2015-08-24,XLE,29.895000457763672,31.290000915527344,29.3700008392334,30.045000076293945,86002200
2015-08-25,XLE,31.364999771118164,31.364999771118164,29.584999084472656,29.610000610351562,55393200
2015-08-26,XLE,30.360000610351562,30.665000915527344,29.770000457763672,30.6299991607666,79464400
2015-08-27,XLE,31.34000015258789,32.220001220703125,31.225000381469727,32.14500045776367,64482800
2015-08-28,XLE,32.03499984741211,33.209999084472656,32.02000045776367,32.875,62926800
2015-08-31,XLE,32.625,33.43000030517578,32.040000915527344,33.21500015258789,72387000
2015-09-01,XLE,32.2599983215332,32.63999938964844,31.770000457763672,32.04499816894531,57425200
2015-09-02,XLE,32.5,32.54999923706055,31.59000015258789,32.34000015258789,51057800
2015-09-03,XLE,32.55500030517578,33.125,32.22999954223633,32.43000030517578,43790000
2015-09-04,XLE,31.96500015258789,32.125,31.760000228881836,31.895000457763672,33368400
2015-09-08,XLE,32.2400016784668,32.439998626708984,31.844999313354492,32.39500045776367,31255200
2015-09-09,XLE,32.619998931884766,33.0099983215332,31.735000610351562,31.78499984741211,36955400
2015-09-10,XLE,31.920000076293945,32.150001525878906,31.479999542236328,31.969999313354492,36985600
2015-09-11,XLE,31.649999618530273,31.725000381469727,31.2450008392334,31.684999465942383,26688600
2015-09-14,XLE,31.46500015258789,31.604999542236328,31.25,31.40999984741211,24962600
2015-09-15,XLE,31.510000228881836,31.864999771118164,31.5049991607666,31.760000228881836,29633200
2015-09-16,XLE,32.01499938964844,32.70500183105469,31.96500015258789,32.65999984741211,34433400
2015-09-17,XLE,32.685001373291016,33.220001220703125,32.43000030517578,32.63999938964844,39645400
2015-09-18,XLE,31.790000915527344,32.025001525878906,31.360000610351562,31.549999237060547,42473800
2015-09-21,XLE,31.885000228881836,31.96500015258789,31.530000686645508,31.729999542236328,31379400
2015-09-22,XLE,31.239999771118164,31.725000381469727,31.174999237060547,31.395000457763672,34100800
2015-09-23,XLE,31.514999389648438,31.65999984741211,30.975000381469727,30.989999771118164,27969400
2015-09-24,XLE,30.75,31.344999313354492,30.545000076293945,31.125,37824000
2015-09-25,XLE,31.469999313354492,31.469999313354492,30.905000686645508,31.184999465942383,31666800
2015-09-28,XLE,30.860000610351562,30.860000610351562,29.915000915527344,29.940000534057617,32702800
2015-09-29,XLE,30.084999084472656,30.329999923706055,29.69499969482422,29.895000457763672,37762400
2015-09-30,XLE,30.170000076293945,30.71500015258789,30.135000228881836,30.600000381469727,32256200
2015-10-01,XLE,30.989999771118164,31.329999923706055,30.385000228881836,30.65999984741211,34891000
2015-10-02,XLE,30.309999465942383,31.94499969482422,30.2549991607666,31.924999237060547,39859600
2015-10-05,XLE,32.32500076293945,33.0,32.29499816894531,32.88999938964844,47614000
2015-10-06,XLE,33.005001068115234,33.869998931884766,32.83000183105469,33.619998931884766,54932800
2015-10-07,XLE,34.04999923706055,34.470001220703125,33.349998474121094,34.04499816894531,80006200
2015-10-08,XLE,33.97999954223633,34.834999084472656,33.77000045776367,34.69499969482422,54143400
2015-10-09,XLE,34.77000045776367,34.810001373291016,34.255001068115234,34.470001220703125,51971400
2015-10-12,XLE,34.525001525878906,34.529998779296875,33.71500015258789,34.025001525878906,43492400
2015-10-13,XLE,33.76499938964844,34.17499923706055,33.57500076293945,33.66999816894531,41675600
2015-10-14,XLE,33.595001220703125,34.084999084472656,33.52000045776367,33.959999084472656,30353400
2015-10-15,XLE,33.80500030517578,34.584999084472656,33.689998626708984,34.56999969482422,39016400
2015-10-16,XLE,34.689998626708984,34.779998779296875,34.13999938964844,34.6150016784668,40062400
2015-10-19,XLE,34.27000045776367,34.290000915527344,33.75,33.93000030517578,39000400
2015-10-20,XLE,33.86000061035156,34.185001373291016,33.68000030517578,34.025001525878906,27513000
2015-10-21,XLE,33.875,34.040000915527344,33.56999969482422,33.60499954223633,29324200
2015-10-22,XLE,33.790000915527344,34.29499816894531,33.775001525878906,34.209999084472656,37481400
2015-10-23,XLE,34.04999923706055,34.45000076293945,33.83000183105469,34.130001068115234,31262000
2015-10-26,XLE,34.064998626708984,34.064998626708984,33.28499984741211,33.29499816894531,23672200
2015-10-27,XLE,32.834999084472656,33.005001068115234,32.55500030517578,32.89500045776367,42214600
2015-10-28,XLE,33.125,33.849998474121094,32.86000061035156,33.625,39513000
2015-10-29,XLE,33.5,34.11000061035156,33.45000076293945,33.79499816894531,19507200
2015-10-30,XLE,33.974998474121094,34.380001068115234,33.57500076293945,34.01499938964844,28514400
2015-11-02,XLE,33.810001373291016,34.9900016784668,33.7599983215332,34.810001373291016,30773800
2015-11-03,XLE,35.05500030517578,35.96500015258789,35.040000915527344,35.70000076293945,42654400
2015-11-04,XLE,35.73500061035156,35.834999084472656,35.1150016784668,35.380001068115234,35437600
2015-11-05,XLE,35.20500183105469,35.595001220703125,34.91999816894531,35.08000183105469,32467000
2015-11-06,XLE,34.77000045776367,35.040000915527344,34.3849983215332,34.900001525878906,27522400
2015-11-09,XLE,34.81999969482422,35.20500183105469,34.40999984741211,34.55500030517578,25374000
2015-11-10,XLE,34.40999984741211,34.935001373291016,34.279998779296875,34.630001068115234,25370800
2015-11-11,XLE,34.625,34.67499923706055,33.814998626708984,33.89500045776367,28739400
2015-11-12,XLE,33.41999816894531,33.654998779296875,33.064998626708984,33.125,38623000
2015-11-13,XLE,33.01499938964844,33.290000915527344,32.599998474121094,32.9900016784668,35559200
2015-11-16,XLE,32.94499969482422,34.125,32.91999816894531,34.09000015258789,34726200
2015-11-17,XLE,34.0,34.13999938964844,33.59000015258789,33.71500015258789,30457800
2015-11-18,XLE,33.95000076293945,34.314998626708984,33.630001068115234,34.27000045776367,41903000
2015-11-19,XLE,34.06999969482422,34.255001068115234,33.529998779296875,33.810001373291016,37825000
2015-11-20,XLE,33.81999969482422,33.974998474121094,33.415000915527344,33.45000076293945,28428000
2015-11-23,XLE,33.41999816894531,33.880001068115234,33.20500183105469,33.689998626708984,32814600
2015-11-24,XLE,33.849998474121094,34.564998626708984,33.78499984741211,34.40999984741211,37886200
2015-11-25,XLE,34.119998931884766,34.415000915527344,33.91999816894531,34.130001068115234,22201200
2015-11-27,XLE,33.85499954223633,34.025001525878906,33.76499938964844,33.8849983215332,16752800
2015-11-30,XLE,34.025001525878906,34.34000015258789,33.8849983215332,34.0099983215332,35210600
2015-12-01,XLE,34.040000915527344,34.310001373291016,33.95500183105469,34.279998779296875,27594000
2015-12-02,XLE,34.05500030517578,34.185001373291016,33.11000061035156,33.220001220703125,50856200
2015-12-03,XLE,33.380001068115234,33.4900016784668,32.39500045776367,32.55500030517578,48438400
2015-12-04,XLE,32.25,32.540000915527344,31.739999771118164,32.349998474121094,65678600
2015-12-07,XLE,31.549999237060547,31.594999313354492,30.674999237060547,31.1200008392334,65600800
2015-12-08,XLE,30.434999465942383,31.219999313354492,30.125,30.799999237060547,54673800
2015-12-09,XLE,30.940000534057617,31.864999771118164,30.764999389648438,31.204999923706055,57513800
2015-12-10,XLE,31.219999313354492,31.8700008392334,31.0049991607666,31.405000686645508,77829800
2015-12-11,XLE,30.864999771118164,30.979999542236328,30.200000762939453,30.229999542236328,58008000
2015-12-14,XLE,30.084999084472656,30.549999237060547,29.760000228881836,30.389999389648438,78233200
2015-12-15,XLE,30.81999969482422,31.299999237060547,30.780000686645508,31.155000686645508,58140600
2015-12-16,XLE,31.03499984741211,31.360000610351562,30.6200008392334,30.950000762939453,57502400
2015-12-17,XLE,30.969999313354492,31.030000686645508,30.190000534057617,30.190000534057617,58149600
2015-12-18,XLE,29.950000762939453,29.969999313354492,29.385000228881836,29.395000457763672,54278400
2015-12-21,XLE,29.399999618530273,29.65999984741211,29.104999542236328,29.424999237060547,48030000
2015-12-22,XLE,29.530000686645508,29.959999084472656,29.385000228881836,29.770000457763672,50583000
2015-12-23,XLE,30.3700008392334,31.084999084472656,30.264999389648438,31.065000534057617,60421000
2015-12-24,XLE,31.104999542236328,31.145000457763672,30.674999237060547,30.78499984741211,14430600
2015-12-28,XLE,30.25,30.40999984741211,30.06999969482422,30.225000381469727,25107800
2015-12-29,XLE,30.7450008392334,30.834999084472656,30.270000457763672,30.434999465942383,30212600
2015-12-30,XLE,30.014999389648438,30.44499969482422,29.9950008392334,30.024999618530273,30102400
2015-12-31,XLE,29.885000228881836,30.31999969482422,29.790000915527344,30.15999984741211,38404800
2016-01-04,XLE,30.079999923706055,30.389999389648438,29.649999618530273,30.149999618530273,43617400
2016-01-05,XLE,30.1299991607666,30.299999237060547,29.795000076293945,30.264999389648438,31058400
2016-01-06,XLE,29.549999237060547,29.610000610351562,28.854999542236328,29.100000381469727,53924200
2016-01-07,XLE,28.53499984741211,29.190000534057617,28.270000457763672,28.389999389648438,56163800
2016-01-08,XLE,28.6299991607666,28.69499969482422,27.920000076293945,28.024999618530273,38454200
2016-01-11,XLE,28.139999389648438,28.174999237060547,27.079999923706055,27.424999237060547,56889400
2016-01-12,XLE,27.850000381469727,27.940000534057617,26.729999542236328,27.489999771118164,71188200
2016-01-13,XLE,27.825000762939453,28.024999618530273,26.540000915527344,26.829999923706055,67916800
2016-01-14,XLE,27.104999542236328,28.229999542236328,26.68000030517578,27.985000610351562,76148600
2016-01-15,XLE,26.815000534057617,27.434999465942383,26.65999984741211,27.174999237060547,73760400
2016-01-19,XLE,27.3799991607666,27.510000228881836,26.165000915527344,26.59000015258789,71744600
2016-01-20,XLE,26.065000534057617,26.274999618530273,24.96500015258789,25.885000228881836,102614800
2016-01-21,XLE,25.854999542236328,27.014999389648438,25.684999465942383,26.690000534057617,87341400
2016-01-22,XLE,27.665000915527344,28.059999465942383,27.225000381469727,27.8700008392334,77245000
2016-01-25,XLE,27.34000015258789,28.040000915527344,26.549999237060547,26.56999969482422,58240000
2016-01-26,XLE,27.049999237060547,27.610000610351562,26.700000762939453,27.575000762939453,50709800
2016-01-27,XLE,27.385000228881836,28.209999084472656,27.100000381469727,27.44499969482422,72989000
2016-01-28,XLE,28.485000610351562,28.594999313354492,27.71500015258789,28.280000686645508,76343800
2016-01-29,XLE,28.329999923706055,29.135000228881836,28.2450008392334,29.104999542236328,62996400
2016-02-01,XLE,28.6200008392334,28.834999084472656,28.19499969482422,28.6200008392334,55370200
2016-02-02,XLE,27.920000076293945,28.049999237060547,27.524999618530273,27.665000915527344,50462400
2016-02-03,XLE,28.065000534057617,28.674999237060547,27.05500030517578,28.649999618530273,72881400
2016-02-04,XLE,28.709999084472656,29.25,28.5,28.635000228881836,74112200
2016-02-05,XLE,28.25,28.3700008392334,27.735000610351562,27.969999313354492,60482000
2016-02-08,XLE,27.415000915527344,28.0,27.0,27.825000762939453,69613400
2016-02-09,XLE,27.40999984741211,27.7450008392334,26.719999313354492,27.155000686645508,74822600
2016-02-10,XLE,27.075000762939453,27.65999984741211,26.7549991607666,27.045000076293945,60431600
2016-02-11,XLE,26.575000762939453,27.135000228881836,26.184999465942383,26.93000030517578,95973800
2016-02-12,XLE,27.299999237060547,27.760000228881836,27.05500030517578,27.639999389648438,51564000
2016-02-16,XLE,28.104999542236328,28.190000534057617,27.510000228881836,27.915000915527344,67600400
2016-02-17,XLE,28.25,28.954999923706055,28.139999389648438,28.829999923706055,58560000
2016-02-18,XLE,29.075000762939453,29.1200008392334,28.329999923706055,28.469999313354492,57664600
2016-02-19,XLE,28.09000015258789,28.415000915527344,27.850000381469727,28.405000686645508,50257600
2016-02-22,XLE,28.94499969482422,29.260000228881836,28.81999969482422,29.1299991607666,49416600
2016-02-23,XLE,28.850000381469727,28.989999771118164,28.084999084472656,28.135000228881836,42910000
2016-02-24,XLE,27.610000610351562,28.485000610351562,27.53499984741211,28.420000076293945,50559600
2016-02-25,XLE,28.334999084472656,28.520000457763672,27.889999389648438,28.44499969482422,37177800
2016-02-26,XLE,28.920000076293945,29.0,28.520000457763672,28.614999771118164,42310200
2016-02-29,XLE,28.729999542236328,28.809999465942383,28.264999389648438,28.290000915527344,45966600
2016-03-01,XLE,28.489999771118164,29.075000762939453,28.200000762939453,29.030000686645508,47286000
2016-03-02,XLE,28.850000381469727,29.760000228881836,28.709999084472656,29.739999771118164,53590000
2016-03-03,XLE,29.6200008392334,30.2450008392334,29.604999542236328,30.190000534057617,48791200
2016-03-04,XLE,30.360000610351562,30.915000915527344,30.03499984741211,30.479999542236328,61103200
2016-03-07,XLE,30.46500015258789,31.229999542236328,30.31999969482422,31.19499969482422,66721000
2016-03-08,XLE,30.940000534057617,30.959999084472656,29.834999084472656,29.885000228881836,59635200
2016-03-09,XLE,30.290000915527344,30.760000228881836,29.920000076293945,30.3700008392334,50935200
2016-03-10,XLE,30.239999771118164,30.43000030517578,29.844999313354492,30.395000457763672,57247200
2016-03-11,XLE,30.795000076293945,31.28499984741211,30.760000228881836,31.18000030517578,49567200
2016-03-14,XLE,30.790000915527344,31.084999084472656,30.670000076293945,30.975000381469727,43532200
2016-03-15,XLE,30.549999237060547,30.920000076293945,30.329999923706055,30.915000915527344,43439200
2016-03-16,XLE,31.100000381469727,31.520000457763672,30.885000228881836,31.450000762939453,53940800
2016-03-17,XLE,31.704999923706055,32.13999938964844,31.420000076293945,31.8799991607666,56321600
2016-03-18,XLE,31.895000457763672,31.924999237060547,31.450000762939453,31.7450008392334,60948000
2016-03-21,XLE,31.6200008392334,31.844999313354492,31.28499984741211,31.635000228881836,33397000
2016-03-22,XLE,31.264999389648438,31.7450008392334,31.2450008392334,31.459999084472656,28360200
2016-03-23,XLE,31.235000610351562,31.350000381469727,30.709999084472656,30.770000457763672,37747600
2016-03-24,XLE,30.344999313354492,30.920000076293945,30.200000762939453,30.920000076293945,31032000
2016-03-28,XLE,30.93000030517578,31.014999389648438,30.540000915527344,30.7549991607666,23129800
2016-03-29,XLE,30.40999984741211,30.924999237060547,30.229999542236328,30.899999618530273,28733800
2016-03-30,XLE,31.18000030517578,31.309999465942383,30.780000686645508,30.959999084472656,31489600
2016-03-31,XLE,30.84000015258789,31.184999465942383,30.790000915527344,30.94499969482422,28092800
2016-04-01,XLE,30.40999984741211,30.6200008392334,30.30500030517578,30.530000686645508,29609600
2016-04-04,XLE,30.475000381469727,30.795000076293945,30.21500015258789,30.30500030517578,31619000
2016-04-05,XLE,30.049999237060547,30.315000534057617,29.969999313354492,30.100000381469727,32097600
2016-04-06,XLE,30.344999313354492,30.7549991607666,30.1200008392334,30.75,36437600
2016-04-07,XLE,30.510000228881836,30.795000076293945,30.315000534057617,30.56999969482422,27854200
2016-04-08,XLE,31.145000457763672,31.354999542236328,31.030000686645508,31.184999465942383,35333000
2016-04-11,XLE,31.434999465942383,31.530000686645508,31.05500030517578,31.05500030517578,32471400
2016-04-12,XLE,31.174999237060547,32.165000915527344,31.110000610351562,31.979999542236328,55260800
2016-04-13,XLE,31.96500015258789,32.224998474121094,31.739999771118164,32.130001068115234,37405800
2016-04-14,XLE,32.26499938964844,32.27000045776367,32.01499938964844,32.20500183105469,34871000
2016-04-15,XLE,32.025001525878906,32.08000183105469,31.729999542236328,31.770000457763672,28442400
2016-04-18,XLE,31.114999771118164,32.375,31.040000915527344,32.29499816894531,41371600
2016-04-19,XLE,32.47999954223633,32.974998474121094,32.33000183105469,32.939998626708984,34682800
2016-04-20,XLE,32.76499938964844,33.4900016784668,32.65999984741211,33.23500061035156,42176600
2016-04-21,XLE,33.279998779296875,33.41999816894531,32.970001220703125,33.040000915527344,38670200
2016-04-22,XLE,33.119998931884766,33.64500045776367,33.095001220703125,33.52000045776367,31529000
2016-04-25,XLE,33.404998779296875,33.40999984741211,32.89500045776367,33.14500045776367,34468600
2016-04-26,XLE,33.334999084472656,33.689998626708984,33.255001068115234,33.67499923706055,27171400
2016-04-27,XLE,33.849998474121094,34.38999938964844,33.82500076293945,34.314998626708984,43924800
2016-04-28,XLE,34.15999984741211,34.40999984741211,33.67499923706055,33.80500030517578,31110400
2016-04-29,XLE,33.880001068115234,34.209999084472656,33.23500061035156,33.75,48214800
2016-05-02,XLE,33.689998626708984,33.83000183105469,33.29999923706055,33.71500015258789,30132000
2016-05-03,XLE,33.2599983215332,33.31999969482422,32.71500015258789,32.91999816894531,32316200
2016-05-04,XLE,32.939998626708984,33.16999816894531,32.25,32.44499969482422,37210800
2016-05-05,XLE,32.994998931884766,33.17499923706055,32.439998626708984,32.709999084472656,28704000
2016-05-06,XLE,32.5,33.03499984741211,32.415000915527344,32.6349983215332,25091000
2016-05-09,XLE,32.45000076293945,32.52000045776367,31.75,32.15999984741211,32041600
2016-05-10,XLE,32.32500076293945,32.73500061035156,32.310001373291016,32.724998474121094,20702800
2016-05-11,XLE,32.64500045776367,33.1150016784668,32.380001068115234,32.82500076293945,28429600
2016-05-12,XLE,33.119998931884766,33.369998931884766,32.66999816894531,32.915000915527344,24954400
2016-05-13,XLE,32.77000045776367,33.02000045776367,32.42499923706055,32.494998931884766,24743800
2016-05-16,XLE,32.91999816894531,33.150001525878906,32.82500076293945,33.04499816894531,27455400
2016-05-17,XLE,33.04999923706055,33.45500183105469,32.94499969482422,33.20000076293945,31674600
2016-05-18,XLE,33.19499969482422,33.30500030517578,32.66999816894531,32.880001068115234,41166400
2016-05-19,XLE,32.54999923706055,32.959999084472656,32.244998931884766,32.8849983215332,33709800
2016-05-20,XLE,32.98500061035156,33.150001525878906,32.78499984741211,33.08000183105469,19667000
2016-05-23,XLE,32.8849983215332,33.13999938964844,32.77000045776367,32.994998931884766,20545000
2016-05-24,XLE,33.165000915527344,33.35499954223633,32.95500183105469,33.15999984741211,22605800
2016-05-25,XLE,33.36000061035156,33.73500061035156,33.33000183105469,33.685001373291016,28511000
2016-05-26,XLE,33.814998626708984,33.959999084472656,33.439998626708984,33.54499816894531,21433600
2016-05-27,XLE,33.42499923706055,33.59000015258789,33.2400016784668,33.564998626708984,18517400
2016-05-31,XLE,33.64500045776367,33.90999984741211,33.28499984741211,33.435001373291016,30812200
2016-06-01,XLE,33.11000061035156,33.54499816894531,33.025001525878906,33.44499969482422,33391400
2016-06-02,XLE,33.189998626708984,33.41999816894531,33.064998626708984,33.400001525878906,25700000
2016-06-03,XLE,33.400001525878906,33.57500076293945,33.07500076293945,33.27000045776367,24315400
2016-06-06,XLE,33.595001220703125,34.03499984741211,33.53499984741211,34.005001068115234,36447600
2016-06-07,XLE,34.1150016784668,34.8650016784668,34.10499954223633,34.775001525878906,31236600
2016-06-08,XLE,34.98500061035156,35.130001068115234,34.599998474121094,34.69499969482422,36259400
2016-06-09,XLE,34.29499816894531,34.60499954223633,34.2599983215332,34.43000030517578,24681200
2016-06-10,XLE,34.07500076293945,34.29499816894531,33.63999938964844,33.685001373291016,28980400
2016-06-13,XLE,33.52000045776367,34.040000915527344,33.48500061035156,33.584999084472656,23147600
2016-06-14,XLE,33.44499969482422,33.73500061035156,33.185001373291016,33.564998626708984,24405000
2016-06-15,XLE,33.439998626708984,33.88999938964844,33.25,33.48500061035156,33659000
2016-06-16,XLE,33.125,33.375,32.66999816894531,33.32500076293945,39987400
2016-06-17,XLE,33.45000076293945,33.5099983215332,33.25,33.44499969482422,34871800
2016-06-20,XLE,33.92499923706055,34.0,33.70500183105469,33.73500061035156,21826400
2016-06-21,XLE,33.65999984741211,34.20500183105469,33.560001373291016,34.1349983215332,22444600
2016-06-22,XLE,34.28499984741211,34.28499984741211,33.915000915527344,33.94499969482422,20516400
2016-06-23,XLE,34.29999923706055,34.51499938964844,34.16999816894531,34.505001068115234,19077000
2016-06-24,XLE,33.17499923706055,33.775001525878906,33.14500045776367,33.38999938964844,53759800
2016-06-27,XLE,32.935001373291016,32.96500015258789,32.05500030517578,32.31999969482422,43319400
2016-06-28,XLE,32.92499923706055,33.224998474121094,32.73500061035156,33.220001220703125,29100800
2016-06-29,XLE,33.42499923706055,34.04999923706055,33.42499923706055,33.849998474121094,32708800
2016-06-30,XLE,33.70500183105469,34.13999938964844,33.6349983215332,34.119998931884766,24264600
2016-07-01,XLE,34.08000183105469,34.42499923706055,34.05500030517578,34.29999923706055,25357600
2016-07-05,XLE,33.84000015258789,33.959999084472656,33.275001525878906,33.61000061035156,30139800
2016-07-06,XLE,33.415000915527344,33.779998779296875,33.185001373291016,33.755001068115234,31795000
2016-07-07,XLE,33.95500183105469,34.16999816894531,33.17499923706055,33.40999984741211,28195600
2016-07-08,XLE,33.709999084472656,33.974998474121094,33.525001525878906,33.85499954223633,23135800
2016-07-11,XLE,34.03499984741211,34.19499969482422,33.88999938964844,33.91999816894531,19500800
2016-07-12,XLE,34.43000030517578,34.90999984741211,34.36000061035156,34.7599983215332,31049000
2016-07-13,XLE,34.65999984741211,34.849998474121094,34.13999938964844,34.459999084472656,25092400
2016-07-14,XLE,34.72999954223633,34.814998626708984,34.53499984741211,34.6349983215332,21797200
2016-07-15,XLE,34.7599983215332,34.84000015258789,34.48500061035156,34.6150016784668,18259000
2016-07-18,XLE,34.51499938964844,34.654998779296875,34.29499816894531,34.63999938964844,18802200
2016-07-19,XLE,34.55500030517578,34.61000061035156,34.314998626708984,34.44499969482422,13983800
2016-07-20,XLE,34.30500030517578,34.564998626708984,34.02000045776367,34.39500045776367,23110000
2016-07-21,XLE,34.29999923706055,34.6150016784668,33.970001220703125,34.05500030517578,18513800
2016-07-22,XLE,34.130001068115234,34.21500015258789,33.939998626708984,34.15999984741211,15981200
2016-07-25,XLE,33.935001373291016,34.0099983215332,33.35499954223633,33.47999954223633,25543400
2016-07-26,XLE,33.28499984741211,33.70500183105469,33.26499938964844,33.67499923706055,24787800
2016-07-27,XLE,33.720001220703125,33.96500015258789,33.20000076293945,33.345001220703125,32355800
2016-07-28,XLE,33.30500030517578,33.5099983215332,33.1150016784668,33.349998474121094,21727000
2016-07-29,XLE,32.875,33.72999954223633,32.845001220703125,33.689998626708984,33003600
2016-08-01,XLE,33.39500045776367,33.41999816894531,32.46500015258789,32.58000183105469,61297000
2016-08-02,XLE,32.810001373291016,33.03499984741211,32.28499984741211,32.875,51200200
2016-08-03,XLE,32.880001068115234,33.525001525878906,32.75,33.5099983215332,47811200
2016-08-04,XLE,33.3849983215332,33.689998626708984,33.27000045776367,33.459999084472656,33580400
2016-08-05,XLE,33.47999954223633,33.810001373291016,33.41999816894531,33.76499938964844,22853600
2016-08-08,XLE,34.0,34.44499969482422,33.9900016784668,34.21500015258789,43326800
2016-08-09,XLE,34.310001373291016,34.3650016784668,33.900001525878906,34.03499984741211,22256800
2016-08-10,XLE,34.10499954223633,34.18000030517578,33.595001220703125,33.665000915527344,36073600
2016-08-11,XLE,33.810001373291016,34.30500030517578,33.73500061035156,34.15999984741211,34859400
2016-08-12,XLE,34.25,34.45500183105469,34.15999984741211,34.349998474121094,20379400
2016-08-15,XLE,34.54499816894531,34.69499969482422,34.44499969482422,34.625,21406800
2016-08-16,XLE,34.564998626708984,34.790000915527344,34.35499954223633,34.68000030517578,20485600
2016-08-17,XLE,34.5099983215332,34.80500030517578,34.474998474121094,34.78499984741211,29439000
2016-08-18,XLE,34.904998779296875,35.5,34.869998931884766,35.5,48297000
2016-08-19,XLE,35.3849983215332,35.3849983215332,35.07500076293945,35.20500183105469,22091400
2016-08-22,XLE,34.900001525878906,34.96500015258789,34.63999938964844,34.79999923706055,28273400
2016-08-23,XLE,34.79999923706055,35.1349983215332,34.79999923706055,35.04499816894531,24912400
2016-08-24,XLE,34.849998474121094,35.08000183105469,34.814998626708984,34.904998779296875,32905200
2016-08-25,XLE,34.849998474121094,34.95500183105469,34.69499969482422,34.810001373291016,23791600
2016-08-26,XLE,34.869998931884766,35.13999938964844,34.525001525878906,34.689998626708984,29150200
2016-08-29,XLE,34.59000015258789,34.95500183105469,34.54999923706055,34.92499923706055,14788000
2016-08-30,XLE,35.005001068115234,35.13999938964844,34.67499923706055,34.80500030517578,14265800
2016-08-31,XLE,34.61000061035156,34.65999984741211,34.064998626708984,34.255001068115234,26465600
2016-09-01,XLE,34.11000061035156,34.23500061035156,33.8849983215332,34.154998779296875,33337000
2016-09-02,XLE,34.4900016784668,34.625,34.32500076293945,34.540000915527344,21588800
2016-09-06,XLE,34.630001068115234,35.09000015258789,34.599998474121094,35.060001373291016,25688200
2016-09-07,XLE,35.220001220703125,35.334999084472656,35.064998626708984,35.2599983215332,30189000
2016-09-08,XLE,35.48500061035156,35.970001220703125,35.314998626708984,35.91999816894531,36010600
2016-09-09,XLE,35.584999084472656,35.69499969482422,34.849998474121094,34.849998474121094,43543600
2016-09-12,XLE,34.60499954223633,35.375,34.540000915527344,35.19499969482422,43945800
2016-09-13,XLE,34.810001373291016,34.82500076293945,34.09000015258789,34.189998626708984,49160800
2016-09-14,XLE,34.150001525878906,34.560001373291016,33.70000076293945,33.78499984741211,52940400
2016-09-15,XLE,33.91999816894531,34.45500183105469,33.8650016784668,34.20500183105469,32954800
2016-09-16,XLE,33.505001068115234,33.849998474121094,33.505001068115234,33.724998474121094,34788800
2016-09-19,XLE,34.0,34.095001220703125,33.70000076293945,33.70500183105469,23595000
2016-09-20,XLE,33.665000915527344,33.89500045776367,33.435001373291016,33.459999084472656,28265800
2016-09-21,XLE,33.75,34.25,33.709999084472656,34.23500061035156,40521800
2016-09-22,XLE,34.60499954223633,34.72999954223633,34.244998931884766,34.275001525878906,26631800
2016-09-23,XLE,34.11000061035156,34.41999816894531,33.625,33.81999969482422,46150400
2016-09-26,XLE,33.935001373291016,34.1150016784668,33.60499954223633,33.66999816894531,26480400
2016-09-27,XLE,33.334999084472656,33.53499984741211,33.06999969482422,33.44499969482422,38820400
2016-09-28,XLE,33.63999938964844,34.939998626708984,33.35499954223633,34.88999938964844,82286800
2016-09-29,XLE,34.8650016784668,35.224998474121094,34.51499938964844,34.83000183105469,54003200
2016-09-30,XLE,35.07500076293945,35.4900016784668,34.849998474121094,35.30500030517578,29429000
2016-10-03,XLE,35.3650016784668,35.41999816894531,34.98500061035156,35.279998779296875,26309800
2016-10-04,XLE,35.310001373291016,35.39500045776367,34.779998779296875,34.91999816894531,23705600
2016-10-05,XLE,35.275001525878906,35.619998931884766,35.2400016784668,35.45500183105469,26702400
2016-10-06,XLE,35.560001373291016,35.67499923706055,35.189998626708984,35.5099983215332,22351600
2016-10-07,XLE,35.51499938964844,35.665000915527344,35.20000076293945,35.30500030517578,23488800
2016-10-10,XLE,35.30500030517578,35.9900016784668,35.30500030517578,35.86000061035156,23069000
2016-10-11,XLE,35.73500061035156,35.79499816894531,35.255001068115234,35.45000076293945,27424400
2016-10-12,XLE,35.29999923706055,35.42499923706055,35.0,35.29999923706055,20878200
2016-10-13,XLE,35.08000183105469,35.28499984741211,34.64500045776367,35.10499954223633,27086800
2016-10-14,XLE,35.28499984741211,35.400001525878906,34.875,34.900001525878906,22744800
2016-10-17,XLE,34.90999984741211,35.02000045776367,34.540000915527344,34.72999954223633,14850000
2016-10-18,XLE,35.07500076293945,35.150001525878906,34.71500015258789,34.869998931884766,13890200
2016-10-19,XLE,35.13999938964844,35.6349983215332,35.10499954223633,35.3650016784668,28631800
2016-10-20,XLE,35.154998779296875,35.470001220703125,34.959999084472656,35.32500076293945,24989000
2016-10-21,XLE,35.095001220703125,35.154998779296875,34.88999938964844,35.095001220703125,28477000
2016-10-24,XLE,35.095001220703125,35.21500015258789,34.60499954223633,34.9900016784668,21336800
2016-10-25,XLE,34.97999954223633,35.35499954223633,34.77000045776367,34.83000183105469,26454200
2016-10-26,XLE,34.52000045776367,35.05500030517578,34.459999084472656,34.90999984741211,35735600
2016-10-27,XLE,35.060001373291016,35.11000061035156,34.77000045776367,34.779998779296875,28412600
2016-10-28,XLE,34.720001220703125,35.21500015258789,34.46500015258789,34.685001373291016,37116800
2016-10-31,XLE,34.560001373291016,34.744998931884766,34.25,34.310001373291016,25947600
2016-11-01,XLE,34.564998626708984,34.685001373291016,33.939998626708984,34.314998626708984,37649600
2016-11-02,XLE,33.9900016784668,34.11000061035156,33.5,33.935001373291016,45966000
2016-11-03,XLE,33.935001373291016,34.130001068115234,33.75,34.06999969482422,25496200
2016-11-04,XLE,33.900001525878906,34.22999954223633,33.68000030517578,33.8849983215332,35108200
2016-11-07,XLE,34.27000045776367,34.6349983215332,34.27000045776367,34.6150016784668,29599000
2016-11-08,XLE,34.44499969482422,34.85499954223633,34.39500045776367,34.65999984741211,22417400
2016-11-09,XLE,34.779998779296875,35.48500061035156,34.375,35.224998474121094,51987600
2016-11-10,XLE,35.20000076293945,35.63999938964844,35.08000183105469,35.375,41269600
2016-11-11,XLE,35.165000915527344,35.23500061035156,34.44499969482422,34.72999954223633,35319400
2016-11-14,XLE,34.60499954223633,34.959999084472656,34.415000915527344,34.92499923706055,25144000
2016-11-15,XLE,35.22999954223633,35.93000030517578,35.20000076293945,35.90999984741211,38457400
2016-11-16,XLE,35.83000183105469,36.06999969482422,35.54999923706055,35.65999984741211,33218200
2016-11-17,XLE,35.959999084472656,36.19499969482422,35.33000183105469,35.41999816894531,20676000
2016-11-18,XLE,35.54499816894531,35.76499938964844,35.3650016784668,35.564998626708984,23924600
2016-11-21,XLE,36.064998626708984,36.45000076293945,36.064998626708984,36.40999984741211,33750800
2016-11-22,XLE,36.41999816894531,36.599998474121094,35.95000076293945,36.38999938964844,32026400
2016-11-23,XLE,36.21500015258789,36.654998779296875,36.17499923706055,36.540000915527344,22924000
2016-11-25,XLE,36.3849983215332,36.46500015258789,36.18000030517578,36.36000061035156,17583600
2016-11-28,XLE,36.53499984741211,36.54499816894531,35.790000915527344,35.85499954223633,37580200
2016-11-29,XLE,35.310001373291016,35.630001068115234,35.03499984741211,35.415000915527344,36723400
2016-11-30,XLE,36.64500045776367,37.560001373291016,36.64500045776367,37.21500015258789,89709600
2016-12-01,XLE,37.904998779296875,38.029998779296875,37.275001525878906,37.30500030517578,54764800
2016-12-02,XLE,37.28499984741211,37.59000015258789,37.18000030517578,37.415000915527344,36677600
2016-12-05,XLE,37.755001068115234,38.04999923706055,37.595001220703125,37.744998931884766,45070200
2016-12-06,XLE,37.51499938964844,37.82500076293945,37.290000915527344,37.67499923706055,33927000
2016-12-07,XLE,37.59000015258789,38.029998779296875,37.59000015258789,37.974998474121094,32016600
2016-12-08,XLE,38.07500076293945,38.22999954223633,37.779998779296875,38.18000030517578,29200400
2016-12-09,XLE,38.380001068115234,38.380001068115234,38.08000183105469,38.29999923706055,17949600
2016-12-12,XLE,39.150001525878906,39.224998474121094,38.31999969482422,38.47999954223633,32260400
2016-12-13,XLE,38.77000045776367,39.19499969482422,38.415000915527344,38.915000915527344,32057200
2016-12-14,XLE,38.72999954223633,38.8849983215332,38.029998779296875,38.1349983215332,39702800
2016-12-15,XLE,37.974998474121094,38.36000061035156,37.7599983215332,38.220001220703125,40503600
2016-12-16,XLE,38.290000915527344,38.290000915527344,38.060001373291016,38.255001068115234,35729800
2016-12-19,XLE,38.21500015258789,38.28499984741211,38.005001068115234,38.08000183105469,14226400
2016-12-20,XLE,38.275001525878906,38.32500076293945,37.88999938964844,37.994998931884766,17964200
2016-12-21,XLE,38.07500076293945,38.22999954223633,37.8650016784668,38.05500030517578,16205400
2016-12-22,XLE,38.08000183105469,38.310001373291016,38.005001068115234,38.209999084472656,21940800
2016-12-23,XLE,38.150001525878906,38.255001068115234,38.09000015258789,38.17499923706055,12796200
2016-12-27,XLE,38.23500061035156,38.38999938964844,38.20000076293945,38.2599983215332,20017800
2016-12-28,XLE,38.345001220703125,38.36000061035156,37.814998626708984,37.845001220703125,16187400
2016-12-29,XLE,37.790000915527344,37.900001525878906,37.6349983215332,37.77000045776367,13394800
2016-12-30,XLE,37.73500061035156,37.94499969482422,37.540000915527344,37.65999984741211,17706600
2017-01-03,XLE,38.05500030517578,38.404998779296875,37.68000030517578,38.084999084472656,49246200
2017-01-04,XLE,38.1150016784668,38.185001373291016,37.880001068115234,38.005001068115234,22371000
2017-01-05,XLE,38.029998779296875,38.16999816894531,37.72999954223633,37.90999984741211,22282400
2017-01-06,XLE,38.029998779296875,38.07500076293945,37.69499969482422,37.94499969482422,14821000
2017-01-09,XLE,37.69499969482422,37.72999954223633,37.34000015258789,37.39500045776367,21921800
2017-01-10,XLE,37.3650016784668,37.45000076293945,37.025001525878906,37.05500030517578,19321600
2017-01-11,XLE,37.185001373291016,37.525001525878906,37.029998779296875,37.45500183105469,26254000
2017-01-12,XLE,37.665000915527344,37.70500183105469,37.150001525878906,37.29999923706055,21791200
2017-01-13,XLE,37.25,37.33000183105469,37.095001220703125,37.189998626708984,19813400
2017-01-17,XLE,37.30500030517578,37.5099983215332,37.275001525878906,37.41999816894531,19566000
2017-01-18,XLE,37.21500015258789,37.435001373291016,37.16999816894531,37.334999084472656,17450400
2017-01-19,XLE,37.334999084472656,37.349998474121094,37.040000915527344,37.130001068115234,18001800
2017-01-20,XLE,37.369998931884766,37.494998931884766,37.14500045776367,37.27000045776367,18364400
2017-01-23,XLE,37.099998474121094,37.17499923706055,36.69499969482422,36.875,30414000
2017-01-24,XLE,37.02000045776367,37.439998626708984,36.95000076293945,37.279998779296875,23714400
2017-01-25,XLE,37.290000915527344,37.59000015258789,37.279998779296875,37.474998474121094,18820600
2017-01-26,XLE,37.595001220703125,37.654998779296875,37.42499923706055,37.505001068115234,17303400
2017-01-27,XLE,37.275001525878906,37.314998626708984,37.005001068115234,37.1150016784668,19901800
2017-01-30,XLE,36.94499969482422,36.96500015258789,36.18000030517578,36.435001373291016,26572800
2017-01-31,XLE,36.45500183105469,36.5099983215332,36.064998626708984,36.45000076293945,28014800
2017-02-01,XLE,36.64500045776367,36.69499969482422,35.95500183105469,36.18000030517578,36848600
2017-02-02,XLE,36.2400016784668,36.45000076293945,35.95000076293945,36.3849983215332,25760200
2017-02-03,XLE,36.529998779296875,36.88999938964844,36.314998626708984,36.70000076293945,23657200
2017-02-06,XLE,36.70000076293945,36.82500076293945,36.28499984741211,36.38999938964844,21043400
2017-02-07,XLE,36.22999954223633,36.400001525878906,35.685001373291016,35.875,28315600
2017-02-08,XLE,35.875,36.040000915527344,35.32500076293945,35.959999084472656,32296800
2017-02-09,XLE,36.17499923706055,36.474998474121094,36.17499923706055,36.3650016784668,18523200
2017-02-10,XLE,36.654998779296875,36.845001220703125,36.529998779296875,36.63999938964844,20810800
2017-02-13,XLE,36.564998626708984,36.724998474121094,36.494998931884766,36.709999084472656,15969800
2017-02-14,XLE,36.814998626708984,36.845001220703125,36.369998931884766,36.83000183105469,21543400
2017-02-15,XLE,36.720001220703125,36.880001068115234,36.564998626708984,36.685001373291016,17853200
2017-02-16,XLE,36.720001220703125,36.77000045776367,36.130001068115234,36.185001373291016,22750800
2017-02-17,XLE,36.0,36.10499954223633,35.869998931884766,35.98500061035156,23290000
2017-02-21,XLE,36.32500076293945,36.42499923706055,36.17499923706055,36.22999954223633,23605000
2017-02-22,XLE,36.060001373291016,36.099998474121094,35.654998779296875,35.68000030517578,23078800
2017-02-23,XLE,36.08000183105469,36.13999938964844,35.60499954223633,35.83000183105469,34780200
2017-02-24,XLE,35.56999969482422,35.70500183105469,35.314998626708984,35.494998931884766,27995200
2017-02-27,XLE,35.529998779296875,35.95500183105469,35.470001220703125,35.79999923706055,47372800
2017-02-28,XLE,35.69499969482422,35.86000061035156,35.59000015258789,35.689998626708984,28036800
2017-03-01,XLE,36.02000045776367,36.56999969482422,35.994998931884766,36.404998779296875,37995200
2017-03-02,XLE,36.224998474121094,36.404998779296875,36.04499816894531,36.060001373291016,21540600
2017-03-03,XLE,36.119998931884766,36.255001068115234,35.915000915527344,35.994998931884766,22333000
2017-03-06,XLE,35.935001373291016,36.125,35.79499816894531,36.07500076293945,16749400
2017-03-07,XLE,36.20500183105469,36.21500015258789,35.709999084472656,35.755001068115234,22923600
2017-03-08,XLE,35.61000061035156,35.81999969482422,34.810001373291016,34.82500076293945,51132400
2017-03-09,XLE,34.650001525878906,35.07500076293945,34.44499969482422,35.05500030517578,55541400
2017-03-10,XLE,35.279998779296875,35.32500076293945,34.79999923706055,35.005001068115234,34958600
2017-03-13,XLE,34.970001220703125,35.18000030517578,34.88999938964844,35.0099983215332,26157600
2017-03-14,XLE,34.7400016784668,34.744998931884766,34.310001373291016,34.6150016784668,52769600
2017-03-15,XLE,34.90999984741211,35.46500015258789,34.7400016784668,35.3849983215332,46410000
2017-03-16,XLE,35.459999084472656,35.459999084472656,35.03499984741211,35.1349983215332,32555000
2017-03-17,XLE,35.06999969482422,35.14500045776367,34.900001525878906,34.900001525878906,28487800
2017-03-20,XLE,34.78499984741211,34.92499923706055,34.57500076293945,34.849998474121094,24437400
2017-03-21,XLE,35.01499938964844,35.040000915527344,34.474998474121094,34.60499954223633,33434400
2017-03-22,XLE,34.5,34.71500015258789,34.36000061035156,34.55500030517578,24839200
2017-03-23,XLE,34.45500183105469,34.709999084472656,34.380001068115234,34.415000915527344,23600800
2017-03-24,XLE,34.46500015258789,34.540000915527344,34.21500015258789,34.279998779296875,20885000
2017-03-27,XLE,33.95500183105469,34.21500015258789,33.93000030517578,34.119998931884766,22982600
2017-03-28,XLE,34.16999816894531,34.689998626708984,34.09000015258789,34.60499954223633,55845200
2017-03-29,XLE,34.599998474121094,35.13999938964844,34.505001068115234,35.08000183105469,37150400
2017-03-30,XLE,35.29999923706055,35.3849983215332,34.97999954223633,35.06999969482422,31824600
2017-03-31,XLE,34.95500183105469,35.16999816894531,34.790000915527344,34.95000076293945,39722400
2017-04-03,XLE,35.005001068115234,35.029998779296875,34.540000915527344,34.88999938964844,26266600
2017-04-04,XLE,34.96500015258789,35.17499923706055,34.630001068115234,35.14500045776367,25948000
2017-04-05,XLE,35.439998626708984,35.744998931884766,34.98500061035156,35.03499984741211,45467400
2017-04-06,XLE,35.17499923706055,35.415000915527344,35.08000183105469,35.314998626708984,26249400
2017-04-07,XLE,35.334999084472656,35.43000030517578,35.125,35.18000030517578,25160600
2017-04-10,XLE,35.375,35.60499954223633,35.29999923706055,35.44499969482422,21641800
2017-04-11,XLE,35.5,35.51499938964844,35.06999969482422,35.45000076293945,27783000
2017-04-12,XLE,35.48500061035156,35.709999084472656,35.189998626708984,35.29999923706055,22907200
2017-04-13,XLE,35.27000045776367,35.29499816894531,34.57500076293945,34.654998779296875,35312000
2017-04-17,XLE,34.64500045776367,34.76499938964844,34.560001373291016,34.72999954223633,16024400
2017-04-18,XLE,34.57500076293945,34.80500030517578,34.334999084472656,34.404998779296875,29500600
2017-04-19,XLE,34.4900016784668,34.55500030517578,33.810001373291016,33.900001525878906,36250800
2017-04-20,XLE,34.0,34.314998626708984,33.96500015258789,34.064998626708984,32470800
2017-04-21,XLE,33.91999816894531,34.064998626708984,33.724998474121094,33.89500045776367,28232200
2017-04-24,XLE,34.14500045776367,34.23500061035156,33.9900016784668,34.095001220703125,26701400
2017-04-25,XLE,34.18000030517578,34.46500015258789,34.07500076293945,34.3849983215332,31182000
2017-04-26,XLE,34.224998474121094,34.73500061035156,34.209999084472656,34.27000045776367,37475200
2017-04-27,XLE,34.005001068115234,34.040000915527344,33.55500030517578,33.89500045776367,41095400
2017-04-28,XLE,34.185001373291016,34.244998931884766,33.869998931884766,33.91999816894531,28852000
2017-05-01,XLE,33.90999984741211,34.005001068115234,33.75,33.82500076293945,18838800
2017-05-02,XLE,33.89500045776367,34.005001068115234,33.51499938964844,33.654998779296875,32871200
2017-05-03,XLE,33.58000183105469,33.90999984741211,33.48500061035156,33.75,33869600
2017-05-04,XLE,33.51499938964844,33.55500030517578,32.915000915527344,33.130001068115234,67889000
2017-05-05,XLE,33.150001525878906,33.709999084472656,33.1349983215332,33.654998779296875,37487600
2017-05-08,XLE,33.650001525878906,33.95500183105469,33.619998931884766,33.89500045776367,37897400
2017-05-09,XLE,33.96500015258789,33.96500015258789,33.51499938964844,33.6150016784668,21439400
2017-05-10,XLE,33.810001373291016,34.220001220703125,33.779998779296875,34.060001373291016,36518400
2017-05-11,XLE,34.18000030517578,34.2400016784668,33.939998626708984,33.9900016784668,23937400
2017-05-12,XLE,33.96500015258789,34.029998779296875,33.775001525878906,33.875,21417200
2017-05-15,XLE,34.380001068115234,34.435001373291016,34.029998779296875,34.13999938964844,26413800
2017-05-16,XLE,34.29999923706055,34.29999923706055,33.849998474121094,33.970001220703125,23386800
2017-05-17,XLE,33.77000045776367,34.060001373291016,33.619998931884766,33.6349983215332,31213600
2017-05-18,XLE,33.48500061035156,33.790000915527344,33.36000061035156,33.625,28230000
2017-05-19,XLE,33.790000915527344,34.11000061035156,33.709999084472656,34.040000915527344,31249000
2017-05-22,XLE,34.220001220703125,34.2400016784668,33.845001220703125,33.96500015258789,20678400
2017-05-23,XLE,34.05500030517578,34.09000015258789,33.8650016784668,34.04499816894531,18173600
2017-05-24,XLE,34.005001068115234,34.11000061035156,33.709999084472656,33.8650016784668,26961400
2017-05-25,XLE,33.779998779296875,34.1150016784668,33.130001068115234,33.25,46658400
2017-05-26,XLE,33.25,33.334999084472656,33.09000015258789,33.30500030517578,26398200
2017-05-30,XLE,33.130001068115234,33.130001068115234,32.845001220703125,32.86000061035156,29058200
2017-05-31,XLE,32.599998474121094,32.81999969482422,32.54999923706055,32.720001220703125,32186000
2017-06-01,XLE,32.73500061035156,33.04499816894531,32.630001068115234,32.92499923706055,35967400
2017-06-02,XLE,32.775001525878906,32.78499984741211,32.404998779296875,32.54499816894531,33085000
2017-06-05,XLE,32.44499969482422,32.724998474121094,32.435001373291016,32.60499954223633,25105000
2017-06-06,XLE,32.584999084472656,33.04499816894531,32.5099983215332,32.9900016784668,29670600
2017-06-07,XLE,32.85499954223633,33.01499938964844,32.29999923706055,32.525001525878906,45884200
2017-06-08,XLE,32.369998931884766,32.66999816894531,32.36000061035156,32.43000030517578,39138600
2017-06-09,XLE,32.505001068115234,33.31999969482422,32.5,33.209999084472656,46368400
2017-06-12,XLE,33.505001068115234,33.775001525878906,33.375,33.44499969482422,45848800
2017-06-13,XLE,33.54499816894531,33.7400016784668,33.3849983215332,33.69499969482422,31615800
2017-06-14,XLE,33.60499954223633,33.60499954223633,32.83000183105469,33.084999084472656,60560400
2017-06-15,XLE,32.935001373291016,33.099998474121094,32.689998626708984,32.834999084472656,38517800
2017-06-16,XLE,32.80500030517578,33.165000915527344,32.595001220703125,33.150001525878906,49242000
2017-06-19,XLE,33.07500076293945,33.14500045776367,32.85499954223633,32.939998626708984,31356800
2017-06-20,XLE,32.560001373291016,32.61000061035156,32.154998779296875,32.52000045776367,32126800
2017-06-21,XLE,32.41999816894531,32.61000061035156,31.81999969482422,31.9950008392334,54611000
2017-06-22,XLE,32.0099983215332,32.25,31.844999313354492,31.975000381469727,30863200
2017-06-23,XLE,31.979999542236328,32.224998474121094,31.889999389648438,32.189998626708984,29111000
2017-06-26,XLE,32.290000915527344,32.349998474121094,31.989999771118164,32.119998931884766,27206800
2017-06-27,XLE,32.23500061035156,32.380001068115234,32.064998626708984,32.06999969482422,28455000
2017-06-28,XLE,32.11000061035156,32.439998626708984,32.09000015258789,32.244998931884766,33719800
2017-06-29,XLE,32.34000015258789,32.66999816894531,32.244998931884766,32.314998626708984,38044800
2017-06-30,XLE,32.54999923706055,32.61000061035156,32.25,32.459999084472656,39286400
2017-07-03,XLE,32.57500076293945,33.2400016784668,32.540000915527344,33.084999084472656,36805600
2017-07-05,XLE,32.91999816894531,32.95000076293945,32.290000915527344,32.415000915527344,41976400
2017-07-06,XLE,32.470001220703125,32.564998626708984,31.985000610351562,32.05500030517578,41367200
2017-07-07,XLE,31.950000762939453,32.04999923706055,31.645000457763672,32.005001068115234,32073400
2017-07-10,XLE,31.959999084472656,32.185001373291016,31.889999389648438,32.11000061035156,28307600
2017-07-11,XLE,32.165000915527344,32.400001525878906,31.96500015258789,32.28499984741211,23799600
2017-07-12,XLE,32.60499954223633,32.685001373291016,32.23500061035156,32.375,29637200
2017-07-13,XLE,32.400001525878906,32.529998779296875,32.220001220703125,32.505001068115234,20113600
2017-07-14,XLE,32.525001525878906,32.7599983215332,32.494998931884766,32.70000076293945,20545000
2017-07-17,XLE,32.63999938964844,32.8849983215332,32.61000061035156,32.65999984741211,24429800
2017-07-18,XLE,32.82500076293945,32.834999084472656,32.369998931884766,32.505001068115234,29913600
2017-07-19,XLE,32.470001220703125,33.0099983215332,32.44499969482422,32.97999954223633,49605400
2017-07-20,XLE,33.165000915527344,33.28499984741211,32.790000915527344,32.880001068115234,34318600
2017-07-21,XLE,32.77000045776367,32.92499923706055,32.5099983215332,32.55500030517578,26095200
2017-07-24,XLE,32.625,32.67499923706055,32.41999816894531,32.494998931884766,20866800
2017-07-25,XLE,32.8849983215332,33.13999938964844,32.810001373291016,32.904998779296875,30958600
2017-07-26,XLE,33.09000015258789,33.31999969482422,32.849998474121094,32.939998626708984,42422800
2017-07-27,XLE,32.95000076293945,33.290000915527344,32.79999923706055,33.275001525878906,31631800
2017-07-28,XLE,33.165000915527344,33.564998626708984,33.11000061035156,33.23500061035156,29530000
2017-07-31,XLE,33.244998931884766,33.5,33.154998779296875,33.310001373291016,27039000
2017-08-01,XLE,33.33000183105469,33.494998931884766,33.15999984741211,33.30500030517578,25337400
2017-08-02,XLE,33.1349983215332,33.314998626708984,32.84000015258789,33.18000030517578,30237000
2017-08-03,XLE,33.125,33.18000030517578,32.56999969482422,32.71500015258789,30655600
2017-08-04,XLE,32.72999954223633,32.90999984741211,32.654998779296875,32.81999969482422,18742000
2017-08-07,XLE,32.68000030517578,32.7400016784668,32.470001220703125,32.56999969482422,22874600
2017-08-08,XLE,32.474998474121094,32.779998779296875,32.400001525878906,32.494998931884766,20858200
2017-08-09,XLE,32.54499816894531,32.72999954223633,32.404998779296875,32.525001525878906,20875800
2017-08-10,XLE,32.58000183105469,32.6349983215332,32.125,32.18000030517578,30524200
2017-08-11,XLE,32.08000183105469,32.2599983215332,31.940000534057617,31.969999313354492,31981800
2017-08-14,XLE,32.029998779296875,32.16999816894531,31.834999084472656,31.875,22813400
2017-08-15,XLE,31.924999237060547,31.924999237060547,31.56999969482422,31.7549991607666,25451200
2017-08-16,XLE,31.764999389648438,31.854999542236328,31.385000228881836,31.450000762939453,33166600
2017-08-17,XLE,31.325000762939453,31.44499969482422,30.9950008392334,31.0049991607666,29593800
2017-08-18,XLE,30.924999237060547,31.3700008392334,30.905000686645508,31.15999984741211,37265400
2017-08-21,XLE,31.114999771118164,31.1299991607666,30.899999618530273,31.0,20750400
2017-08-22,XLE,31.084999084472656,31.274999618530273,31.065000534057617,31.204999923706055,30343600
2017-08-23,XLE,31.139999389648438,31.5,31.110000610351562,31.34000015258789,23052000
2017-08-24,XLE,31.229999542236328,31.434999465942383,31.219999313354492,31.360000610351562,20781000
2017-08-25,XLE,31.420000076293945,31.625,31.40999984741211,31.5,16440400
2017-08-28,XLE,31.514999389648438,31.6200008392334,31.190000534057617,31.360000610351562,19912000
2017-08-29,XLE,31.209999084472656,31.360000610351562,31.09000015258789,31.31999969482422,17454200
2017-08-30,XLE,31.200000762939453,31.43000030517578,31.110000610351562,31.334999084472656,17328800
2017-08-31,XLE,31.469999313354492,31.565000534057617,31.364999771118164,31.485000610351562,20667400
2017-09-01,XLE,31.53499984741211,31.895000457763672,31.454999923706055,31.790000915527344,23191000
2017-09-05,XLE,31.920000076293945,32.119998931884766,31.739999771118164,31.96500015258789,36229600
2017-09-06,XLE,32.125,32.57500076293945,32.11000061035156,32.48500061035156,34104200
2017-09-07,XLE,32.5,32.625,32.33000183105469,32.54499816894531,17280600
2017-09-08,XLE,32.474998474121094,32.494998931884766,32.04999923706055,32.20000076293945,20529400
2017-09-11,XLE,32.32500076293945,32.54999923706055,32.25,32.505001068115234,27102200
2017-09-12,XLE,32.599998474121094,32.775001525878906,32.51499938964844,32.70500183105469,18819400
2017-09-13,XLE,32.775001525878906,33.1349983215332,32.7400016784668,33.1150016784668,31786600
2017-09-14,XLE,33.18000030517578,33.5,33.17499923706055,33.275001525878906,29166800
2017-09-15,XLE,32.90999984741211,32.91999816894531,32.70000076293945,32.91999816894531,26136200
2017-09-18,XLE,32.845001220703125,33.08000183105469,32.81999969482422,33.060001373291016,25167000
2017-09-19,XLE,33.130001068115234,33.244998931884766,33.064998626708984,33.19499969482422,21008600
2017-09-20,XLE,33.290000915527344,33.5099983215332,33.2599983215332,33.41999816894531,36547600
2017-09-21,XLE,33.375,33.51499938964844,33.279998779296875,33.43000030517578,17748200
2017-09-22,XLE,33.400001525878906,33.69499969482422,33.3650016784668,33.599998474121094,29295800
2017-09-25,XLE,33.755001068115234,34.185001373291016,33.720001220703125,34.084999084472656,29667600
2017-09-26,XLE,34.0,34.1349983215332,33.904998779296875,34.06999969482422,21421400
2017-09-27,XLE,34.099998474121094,34.224998474121094,33.90999984741211,34.21500015258789,21836400
2017-09-28,XLE,34.290000915527344,34.45000076293945,34.150001525878906,34.244998931884766,23599800
2017-09-29,XLE,34.125,34.244998931884766,34.01499938964844,34.2400016784668,28575000
2017-10-02,XLE,33.875,34.2400016784668,33.744998931884766,34.22999954223633,24833600
2017-10-03,XLE,34.185001373291016,34.310001373291016,34.119998931884766,34.19499969482422,14479600
2017-10-04,XLE,34.19499969482422,34.29499816894531,34.04999923706055,34.16999816894531,20395200
2017-10-05,XLE,34.19499969482422,34.380001068115234,34.17499923706055,34.32500076293945,20323600
2017-10-06,XLE,34.0,34.189998626708984,33.91999816894531,34.03499984741211,23926600
2017-10-09,XLE,34.07500076293945,34.209999084472656,34.03499984741211,34.10499954223633,11528200
2017-10-10,XLE,34.345001220703125,34.46500015258789,34.099998474121094,34.1349983215332,15527400
2017-10-11,XLE,34.095001220703125,34.23500061035156,33.95500183105469,34.21500015258789,20574000
2017-10-12,XLE,33.95500183105469,34.1349983215332,33.900001525878906,34.09000015258789,20362200
2017-10-13,XLE,34.290000915527344,34.38999938964844,34.04999923706055,34.06999969482422,17787400
2017-10-16,XLE,34.17499923706055,34.345001220703125,34.07500076293945,34.14500045776367,15333800
2017-10-17,XLE,34.1349983215332,34.23500061035156,33.97999954223633,34.165000915527344,16754200
2017-10-18,XLE,34.13999938964844,34.279998779296875,33.8849983215332,33.92499923706055,15412600
2017-10-19,XLE,33.689998626708984,33.959999084472656,33.67499923706055,33.81999969482422,15183800
2017-10-20,XLE,33.89500045776367,33.904998779296875,33.65999984741211,33.8849983215332,19640400
2017-10-23,XLE,33.90999984741211,34.02000045776367,33.68000030517578,33.709999084472656,17310600
2017-10-24,XLE,33.83000183105469,33.92499923706055,33.70500183105469,33.775001525878906,19640400
2017-10-25,XLE,33.71500015258789,33.814998626708984,33.435001373291016,33.540000915527344,27045400
2017-10-26,XLE,33.55500030517578,33.720001220703125,33.40999984741211,33.61000061035156,18724400
2017-10-27,XLE,33.435001373291016,33.849998474121094,33.16999816894531,33.66999816894531,32376000
2017-10-30,XLE,33.435001373291016,33.939998626708984,33.435001373291016,33.845001220703125,23229600
2017-10-31,XLE,33.86000061035156,34.08000183105469,33.709999084472656,33.95500183105469,19298000
2017-11-01,XLE,34.15999984741211,34.5,34.14500045776367,34.34000015258789,34612600
2017-11-02,XLE,34.34000015258789,34.435001373291016,34.03499984741211,34.2400016784668,22656600
2017-11-03,XLE,34.224998474121094,34.474998474121094,34.189998626708984,34.34000015258789,22223800
2017-11-06,XLE,34.494998931884766,35.16999816894531,34.435001373291016,35.125,38200000
2017-11-07,XLE,35.185001373291016,35.23500061035156,34.89500045776367,35.08000183105469,26820600
2017-11-08,XLE,34.994998931884766,35.084999084472656,34.71500015258789,34.90999984741211,28493200
2017-11-09,XLE,34.775001525878906,35.07500076293945,34.724998474121094,35.01499938964844,25977800
2017-11-10,XLE,34.95500183105469,34.98500061035156,34.564998626708984,34.83000183105469,21068400
2017-11-13,XLE,34.73500061035156,34.8650016784668,34.59000015258789,34.630001068115234,14979600
2017-11-14,XLE,34.5,34.5,34.029998779296875,34.06999969482422,33055400
2017-11-15,XLE,33.76499938964844,33.834999084472656,33.54499816894531,33.685001373291016,35386200
2017-11-16,XLE,33.58000183105469,33.70000076293945,33.45500183105469,33.54999923706055,25028000
2017-11-17,XLE,33.6150016784668,33.78499984741211,33.529998779296875,33.71500015258789,18344800
2017-11-20,XLE,33.67499923706055,33.70500183105469,33.48500061035156,33.6349983215332,15570600
2017-11-21,XLE,33.76499938964844,33.900001525878906,33.63999938964844,33.709999084472656,16928800
2017-11-22,XLE,33.90999984741211,33.97999954223633,33.82500076293945,33.845001220703125,18615000
2017-11-24,XLE,33.97999954223633,34.04999923706055,33.935001373291016,33.939998626708984,9981400
2017-11-27,XLE,33.79499816894531,33.834999084472656,33.525001525878906,33.595001220703125,21191600
2017-11-28,XLE,33.630001068115234,33.904998779296875,33.59000015258789,33.85499954223633,24226600
2017-11-29,XLE,33.84000015258789,34.10499954223633,33.77000045776367,34.040000915527344,27198600
2017-11-30,XLE,34.119998931884766,34.6150016784668,34.119998931884766,34.54999923706055,44607200
2017-12-01,XLE,34.79499816894531,35.08000183105469,34.470001220703125,34.84000015258789,42376600
2017-12-04,XLE,35.1349983215332,35.375,34.71500015258789,34.82500076293945,27151800
2017-12-05,XLE,34.82500076293945,34.95000076293945,34.6349983215332,34.67499923706055,21379600
2017-12-06,XLE,34.57500076293945,34.6349983215332,34.17499923706055,34.224998474121094,24122400
2017-12-07,XLE,34.189998626708984,34.3849983215332,34.15999984741211,34.32500076293945,17280000
2017-12-08,XLE,34.5,34.654998779296875,33.345001220703125,34.63999938964844,21393400
2017-12-11,XLE,34.70500183105469,35.06999969482422,34.685001373291016,34.88999938964844,22633400
2017-12-12,XLE,34.79499816894531,35.064998626708984,34.75,34.79499816894531,23516400
2017-12-13,XLE,34.79499816894531,34.875,34.64500045776367,34.744998931884766,18432000
2017-12-14,XLE,34.6150016784668,34.8650016784668,34.60499954223633,34.619998931884766,23565600
2017-12-15,XLE,34.6349983215332,34.6349983215332,34.314998626708984,34.36000061035156,20306800
2017-12-18,XLE,34.44499969482422,34.79999923706055,34.435001373291016,34.625,19321400
2017-12-19,XLE,34.78499984741211,34.875,34.595001220703125,34.67499923706055,13528400
2017-12-20,XLE,34.790000915527344,35.224998474121094,34.685001373291016,35.165000915527344,24509000
2017-12-21,XLE,35.18000030517578,36.01499938964844,35.14500045776367,35.90999984741211,33606200
2017-12-22,XLE,35.95000076293945,36.130001068115234,35.79999923706055,35.98500061035156,21321600
2017-12-26,XLE,36.1150016784668,36.36000061035156,36.040000915527344,36.29999923706055,17262200
2017-12-27,XLE,36.30500030517578,36.31999969482422,36.10499954223633,36.18000030517578,21710600
2017-12-28,XLE,36.17499923706055,36.23500061035156,36.11000061035156,36.23500061035156,15933600
2017-12-29,XLE,36.33000183105469,36.349998474121094,36.06999969482422,36.130001068115234,14712800
2018-01-02,XLE,36.310001373291016,36.76499938964844,36.19499969482422,36.724998474121094,29782800
2018-01-03,XLE,36.79999923706055,37.369998931884766,36.7599983215332,37.275001525878906,38599200
2018-01-04,XLE,37.25,37.525001525878906,37.1150016784668,37.5,28613600
2018-01-05,XLE,37.45000076293945,37.51499938964844,37.17499923706055,37.48500061035156,28408800
2018-01-08,XLE,37.470001220703125,37.72999954223633,37.369998931884766,37.709999084472656,19558400
2018-01-09,XLE,37.78499984741211,37.79499816894531,37.55500030517578,37.6150016784668,18469000
2018-01-10,XLE,37.724998474121094,37.75,37.540000915527344,37.56999969482422,21644000
2018-01-11,XLE,37.70000076293945,38.474998474121094,37.564998626708984,38.34000015258789,36179000
2018-01-12,XLE,38.349998474121094,38.810001373291016,38.349998474121094,38.709999084472656,39638400
2018-01-16,XLE,38.79999923706055,38.82500076293945,38.150001525878906,38.220001220703125,33789800
2018-01-17,XLE,38.33000183105469,38.720001220703125,38.08000183105469,38.55500030517578,28014800
2018-01-18,XLE,38.40999984741211,38.505001068115234,38.16999816894531,38.2400016784668,23029200
2018-01-19,XLE,38.154998779296875,38.20500183105469,37.939998626708984,38.189998626708984,25925400
2018-01-22,XLE,38.2400016784668,39.029998779296875,38.22999954223633,39.01499938964844,34033400
2018-01-23,XLE,39.09000015258789,39.130001068115234,38.7599983215332,38.95500183105469,20369800
2018-01-24,XLE,39.0,39.19499969482422,38.71500015258789,38.849998474121094,25839400
2018-01-25,XLE,39.04499816894531,39.04499816894531,38.474998474121094,38.54499816894531,23436800
2018-01-26,XLE,38.630001068115234,38.81999969482422,38.54999923706055,38.755001068115234,15570600
2018-01-29,XLE,38.599998474121094,38.73500061035156,38.11000061035156,38.16999816894531,25294400
2018-01-30,XLE,37.849998474121094,37.95500183105469,37.369998931884766,37.400001525878906,45503600
2018-01-31,XLE,37.5,37.564998626708984,37.165000915527344,37.42499923706055,31450600
2018-02-01,XLE,37.474998474121094,37.834999084472656,37.26499938964844,37.810001373291016,36023200
2018-02-02,XLE,37.1150016784668,37.20500183105469,36.029998779296875,36.22999954223633,62010800
2018-02-05,XLE,35.744998931884766,36.20000076293945,34.13999938964844,34.709999084472656,69535200
2018-02-06,XLE,34.1150016784668,35.23500061035156,33.95000076293945,34.98500061035156,65630400
2018-02-07,XLE,35.095001220703125,35.53499984741211,34.39500045776367,34.400001525878906,49207400
2018-02-08,XLE,34.435001373291016,34.57500076293945,33.345001220703125,33.36000061035156,55542200
2018-02-09,XLE,33.755001068115234,33.790000915527344,32.224998474121094,33.334999084472656,70348200
2018-02-12,XLE,33.76499938964844,34.255001068115234,33.60499954223633,33.880001068115234,49913800
2018-02-13,XLE,33.70500183105469,33.8849983215332,33.505001068115234,33.7400016784668,24570000
2018-02-14,XLE,33.40999984741211,34.33000183105469,33.33000183105469,34.22999954223633,39513800
2018-02-15,XLE,34.29999923706055,34.32500076293945,33.595001220703125,34.14500045776367,32938800
2018-02-16,XLE,34.0,34.380001068115234,33.85499954223633,34.060001373291016,27582200
2018-02-20,XLE,34.130001068115234,34.380001068115234,33.720001220703125,33.875,35616200
2018-02-21,XLE,33.775001525878906,34.09000015258789,33.30500030517578,33.30500030517578,25090800
2018-02-22,XLE,33.54499816894531,34.165000915527344,33.459999084472656,33.66999816894531,30660600
2018-02-23,XLE,33.834999084472656,34.42499923706055,33.775001525878906,34.400001525878906,31369600
2018-02-26,XLE,34.57500076293945,34.67499923706055,34.404998779296875,34.60499954223633,24312800
2018-02-27,XLE,34.67499923706055,34.95000076293945,34.150001525878906,34.154998779296875,26931400
2018-02-28,XLE,34.334999084472656,34.459999084472656,33.35499954223633,33.369998931884766,35244000
2018-03-01,XLE,33.334999084472656,33.845001220703125,33.08000183105469,33.31999969482422,45950000
2018-03-02,XLE,33.09000015258789,33.595001220703125,32.82500076293945,33.474998474121094,29157800
2018-03-05,XLE,33.31999969482422,33.935001373291016,33.2599983215332,33.83000183105469,25663000
2018-03-06,XLE,34.040000915527344,34.165000915527344,33.68000030517578,33.849998474121094,31355800
2018-03-07,XLE,33.48500061035156,33.84000015258789,33.279998779296875,33.595001220703125,24725200
2018-03-08,XLE,33.66999816894531,33.77000045776367,33.345001220703125,33.584999084472656,16026600
2018-03-09,XLE,33.845001220703125,34.255001068115234,33.814998626708984,34.224998474121094,22786200
2018-03-12,XLE,34.244998931884766,34.46500015258789,34.04499816894531,34.21500015258789,18972000
2018-03-13,XLE,34.31999969482422,34.474998474121094,33.83000183105469,33.970001220703125,21461800
2018-03-14,XLE,34.099998474121094,34.19499969482422,33.70000076293945,33.77000045776367,22696400
2018-03-15,XLE,33.89500045776367,34.040000915527344,33.34000015258789,33.595001220703125,24817000
2018-03-16,XLE,33.375,33.80500030517578,33.310001373291016,33.654998779296875,28685200
2018-03-19,XLE,33.54999923706055,33.595001220703125,32.94499969482422,33.1349983215332,29050000
2018-03-20,XLE,33.314998626708984,33.63999938964844,33.27000045776367,33.415000915527344,22518200
2018-03-21,XLE,33.6150016784668,34.5099983215332,33.5099983215332,34.290000915527344,32879200
2018-03-22,XLE,33.90999984741211,34.09000015258789,33.525001525878906,33.59000015258789,36967600
2018-03-23,XLE,33.7599983215332,34.150001525878906,33.310001373291016,33.3849983215332,38428600
2018-03-26,XLE,33.77000045776367,34.03499984741211,33.380001068115234,33.98500061035156,31906000
2018-03-27,XLE,34.130001068115234,34.27000045776367,33.470001220703125,33.665000915527344,27846200
2018-03-28,XLE,33.685001373291016,33.79999923706055,32.95500183105469,33.0099983215332,36457400
2018-03-29,XLE,33.154998779296875,33.84000015258789,33.150001525878906,33.70500183105469,27936200
2018-04-02,XLE,33.57500076293945,33.6349983215332,32.46500015258789,33.029998779296875,37986200
2018-04-03,XLE,33.154998779296875,33.76499938964844,32.84000015258789,33.73500061035156,28228600
2018-04-04,XLE,33.220001220703125,33.76499938964844,32.9900016784668,33.689998626708984,24981600
2018-04-05,XLE,33.775001525878906,34.5099983215332,33.775001525878906,34.29499816894531,27056800
2018-04-06,XLE,34.08000183105469,34.244998931884766,33.22999954223633,33.67499923706055,37767800
2018-04-09,XLE,33.834999084472656,34.26499938964844,33.70000076293945,33.834999084472656,21639600
2018-04-10,XLE,34.369998931884766,35.22999954223633,34.36000061035156,34.95500183105469,43684400
2018-04-11,XLE,34.900001525878906,35.400001525878906,34.85499954223633,35.31999969482422,42381800
2018-04-12,XLE,35.439998626708984,35.595001220703125,35.189998626708984,35.314998626708984,28623200
2018-04-13,XLE,35.505001068115234,35.849998474121094,35.45500183105469,35.70500183105469,26660800
2018-04-16,XLE,35.78499984741211,36.23500061035156,35.595001220703125,36.06999969482422,28048600
2018-04-17,XLE,36.165000915527344,36.375,35.959999084472656,36.209999084472656,32210600
2018-04-18,XLE,36.525001525878906,37.11000061035156,36.51499938964844,36.779998779296875,34623000
2018-04-19,XLE,36.810001373291016,37.099998474121094,36.599998474121094,36.82500076293945,36300600
2018-04-20,XLE,36.75,36.779998779296875,36.415000915527344,36.650001525878906,27380800
2018-04-23,XLE,36.53499984741211,36.880001068115234,36.334999084472656,36.875,29689200
2018-04-24,XLE,36.974998474121094,37.22999954223633,36.279998779296875,36.47999954223633,45575000
2018-04-25,XLE,36.3650016784668,36.81999969482422,36.1349983215332,36.77000045776367,26326600
2018-04-26,XLE,36.904998779296875,37.334999084472656,36.790000915527344,37.30500030517578,24433800
2018-04-27,XLE,36.92499923706055,37.095001220703125,36.76499938964844,36.90999984741211,21078600
2018-04-30,XLE,36.849998474121094,37.31999969482422,36.84000015258789,36.904998779296875,25926400
2018-05-01,XLE,36.720001220703125,36.744998931884766,36.21500015258789,36.68000030517578,27601800
2018-05-02,XLE,36.56999969482422,37.119998931884766,36.52000045776367,36.83000183105469,26869400
2018-05-03,XLE,36.65999984741211,36.80500030517578,36.25,36.744998931884766,30659200
2018-05-04,XLE,36.64500045776367,37.05500030517578,36.494998931884766,36.92499923706055,27171000
2018-05-07,XLE,37.21500015258789,37.78499984741211,36.900001525878906,36.974998474121094,35947400
2018-05-08,XLE,36.9900016784668,37.28499984741211,36.31999969482422,37.26499938964844,57548200
2018-05-09,XLE,37.720001220703125,38.44499969482422,37.71500015258789,38.025001525878906,49807800
2018-05-10,XLE,38.17499923706055,38.400001525878906,38.0,38.310001373291016,27780200
2018-05-11,XLE,38.39500045776367,38.625,38.279998779296875,38.3650016784668,24021400
2018-05-14,XLE,38.48500061035156,38.80500030517578,38.48500061035156,38.630001068115234,20452600
2018-05-15,XLE,38.54499816894531,38.70000076293945,38.345001220703125,38.63999938964844,20965400
2018-05-16,XLE,38.584999084472656,38.79999923706055,38.38999938964844,38.775001525878906,23994400
2018-05-17,XLE,38.900001525878906,39.415000915527344,38.880001068115234,39.36000061035156,32542600
2018-05-18,XLE,39.290000915527344,39.33000183105469,39.025001525878906,39.05500030517578,28185400
2018-05-21,XLE,39.275001525878906,39.45500183105469,39.07500076293945,39.45500183105469,23026200
2018-05-22,XLE,39.45000076293945,39.709999084472656,38.81999969482422,38.93000030517578,33166800
2018-05-23,XLE,38.70500183105469,38.95500183105469,38.3849983215332,38.92499923706055,33211600
2018-05-24,XLE,38.474998474121094,38.53499984741211,38.11000061035156,38.28499984741211,38309600
2018-05-25,XLE,37.61000061035156,37.65999984741211,36.91999816894531,37.290000915527344,64907000
2018-05-29,XLE,37.0,37.404998779296875,36.83000183105469,37.17499923706055,38655000
2018-05-30,XLE,37.494998931884766,38.470001220703125,37.47999954223633,38.29999923706055,46044400
2018-05-31,XLE,38.02000045776367,38.46500015258789,37.93000030517578,38.0099983215332,26517400
2018-06-01,XLE,38.13999938964844,38.44499969482422,37.98500061035156,38.189998626708984,28205000
2018-06-04,XLE,38.31999969482422,38.599998474121094,37.7599983215332,37.86000061035156,27378400
2018-06-05,XLE,37.67499923706055,38.060001373291016,37.59000015258789,37.77000045776367,27415800
2018-06-06,XLE,37.90999984741211,38.04999923706055,37.6150016784668,37.95000076293945,26958400
2018-06-07,XLE,38.150001525878906,38.744998931884766,38.13999938964844,38.525001525878906,30357800
2018-06-08,XLE,38.56999969482422,38.67499923706055,38.209999084472656,38.45000076293945,22473200
2018-06-11,XLE,38.439998626708984,38.82500076293945,38.36000061035156,38.650001525878906,21435600
2018-06-12,XLE,38.650001525878906,38.7400016784668,38.25,38.35499954223633,31414400
2018-06-13,XLE,38.23500061035156,38.435001373291016,38.05500030517578,38.209999084472656,25004200
2018-06-14,XLE,38.31999969482422,38.43000030517578,38.064998626708984,38.154998779296875,20582200
2018-06-15,XLE,37.68000030517578,37.755001068115234,37.005001068115234,37.084999084472656,32178800
2018-06-18,XLE,36.9900016784668,37.70500183105469,36.9900016784668,37.45500183105469,26368800
2018-06-19,XLE,37.005001068115234,37.5099983215332,36.900001525878906,37.369998931884766,25215200
2018-06-20,XLE,37.595001220703125,37.67499923706055,37.23500061035156,37.53499984741211,23311800
2018-06-21,XLE,37.27000045776367,37.290000915527344,36.665000915527344,36.84000015258789,30019600
2018-06-22,XLE,37.75,37.98500061035156,37.56999969482422,37.57500076293945,56072600
2018-06-25,XLE,37.46500015258789,37.52000045776367,36.56999969482422,36.81999969482422,36760600
2018-06-26,XLE,36.915000915527344,37.43000030517578,36.78499984741211,37.28499984741211,27047200
2018-06-27,XLE,37.595001220703125,38.255001068115234,37.58000183105469,37.78499984741211,41167800
2018-06-28,XLE,37.84000015258789,37.97999954223633,37.44499969482422,37.73500061035156,28570800
2018-06-29,XLE,37.84000015258789,38.369998931884766,37.84000015258789,37.970001220703125,26335800
2018-07-02,XLE,37.70500183105469,37.71500015258789,37.20500183105469,37.40999984741211,30593200
2018-07-03,XLE,37.79999923706055,38.22999954223633,37.55500030517578,37.64500045776367,18616400
2018-07-05,XLE,37.875,37.994998931884766,37.494998931884766,37.60499954223633,19939000
2018-07-06,XLE,37.4900016784668,37.95500183105469,37.314998626708984,37.834999084472656,18620600
2018-07-09,XLE,38.064998626708984,38.45500183105469,38.04499816894531,38.400001525878906,22118400
2018-07-10,XLE,38.6349983215332,39.0,38.59000015258789,38.685001373291016,22007200
2018-07-11,XLE,38.32500076293945,38.560001373291016,37.6150016784668,37.8650016784668,38725600
2018-07-12,XLE,37.96500015258789,38.17499923706055,37.65999984741211,37.93000030517578,25136000
2018-07-13,XLE,37.96500015258789,38.36000061035156,37.8650016784668,38.130001068115234,22846200
2018-07-16,XLE,37.755001068115234,37.939998626708984,37.369998931884766,37.689998626708984,22781200
2018-07-17,XLE,37.564998626708984,37.75,37.33000183105469,37.540000915527344,19506400
2018-07-18,XLE,37.36000061035156,37.619998931884766,36.9900016784668,37.564998626708984,30703000
2018-07-19,XLE,37.46500015258789,37.73500061035156,37.42499923706055,37.57500076293945,32463600
2018-07-20,XLE,37.57500076293945,37.65999984741211,37.32500076293945,37.44499969482422,21722400
2018-07-23,XLE,37.54999923706055,37.57500076293945,37.21500015258789,37.279998779296875,15247600
2018-07-24,XLE,37.44499969482422,37.970001220703125,37.39500045776367,37.75,20337000
2018-07-25,XLE,37.79999923706055,38.15999984741211,37.6150016784668,38.064998626708984,22070600
2018-07-26,XLE,38.14500045776367,38.54999923706055,38.06999969482422,38.47999954223633,24374800
2018-07-27,XLE,38.04999923706055,38.51499938964844,38.0,38.314998626708984,25281800
2018-07-30,XLE,38.619998931884766,38.779998779296875,38.4900016784668,38.630001068115234,22790000
2018-07-31,XLE,38.70000076293945,38.80500030517578,38.470001220703125,38.560001373291016,22581000
2018-08-01,XLE,38.224998474121094,38.2400016784668,37.81999969482422,38.025001525878906,22345000
2018-08-02,XLE,37.744998931884766,37.88999938964844,37.5,37.814998626708984,19379400
2018-08-03,XLE,37.744998931884766,37.814998626708984,37.43000030517578,37.619998931884766,15326600
2018-08-06,XLE,37.72999954223633,37.939998626708984,37.505001068115234,37.7599983215332,16400200
2018-08-07,XLE,38.14500045776367,38.25,37.91999816894531,38.040000915527344,23596600
2018-08-08,XLE,37.775001525878906,37.904998779296875,37.540000915527344,37.76499938964844,18797600
2018-08-09,XLE,37.79499816894531,37.8650016784668,37.35499954223633,37.415000915527344,30465000
2018-08-10,XLE,37.33000183105469,37.64500045776367,37.255001068115234,37.64500045776367,33955400
2018-08-13,XLE,37.57500076293945,37.70500183105469,37.14500045776367,37.165000915527344,19634000
2018-08-14,XLE,37.45000076293945,37.505001068115234,37.099998474121094,37.255001068115234,20875800
2018-08-15,XLE,36.900001525878906,36.959999084472656,35.849998474121094,35.95500183105469,52800800
2018-08-16,XLE,36.130001068115234,36.41999816894531,36.11000061035156,36.21500015258789,50026600
2018-08-17,XLE,36.310001373291016,36.400001525878906,36.17499923706055,36.30500030517578,23065400
2018-08-20,XLE,36.314998626708984,36.68000030517578,36.29999923706055,36.54999923706055,16691400
2018-08-21,XLE,36.85499954223633,37.029998779296875,36.69499969482422,36.73500061035156,19018200
2018-08-22,XLE,36.96500015258789,37.290000915527344,36.939998626708984,37.17499923706055,18690800
2018-08-23,XLE,37.0,37.064998626708984,36.86000061035156,37.0,12937800
2018-08-24,XLE,37.22999954223633,37.4900016784668,37.19499969482422,37.27000045776367,15506600
2018-08-27,XLE,37.39500045776367,37.595001220703125,37.34000015258789,37.54499816894531,13969800
2018-08-28,XLE,37.6150016784668,37.77000045776367,37.36000061035156,37.3849983215332,16787000
2018-08-29,XLE,37.505001068115234,37.77000045776367,37.38999938964844,37.6150016784668,15520800
2018-08-30,XLE,37.599998474121094,37.67499923706055,37.314998626708984,37.5099983215332,18500400
2018-08-31,XLE,37.39500045776367,37.404998779296875,37.064998626708984,37.220001220703125,17819200
2018-09-04,XLE,37.38999938964844,37.41999816894531,36.9900016784668,37.13999938964844,30189400
2018-09-05,XLE,36.970001220703125,37.11000061035156,36.595001220703125,37.09000015258789,19196200
2018-09-06,XLE,36.95000076293945,37.07500076293945,36.30500030517578,36.404998779296875,28812800
2018-09-07,XLE,36.27000045776367,36.46500015258789,35.88999938964844,36.400001525878906,20268800
2018-09-10,XLE,36.584999084472656,36.73500061035156,36.375,36.3849983215332,17823400
2018-09-11,XLE,36.349998474121094,36.939998626708984,36.25,36.72999954223633,28563200
2018-09-12,XLE,37.029998779296875,37.28499984741211,36.90999984741211,36.91999816894531,25378800
2018-09-13,XLE,36.86000061035156,37.005001068115234,36.6150016784668,36.935001373291016,22074800
2018-09-14,XLE,36.939998626708984,37.27000045776367,36.92499923706055,37.130001068115234,18988600
2018-09-17,XLE,37.224998474121094,37.439998626708984,37.099998474121094,37.189998626708984,29457800
2018-09-18,XLE,37.45500183105469,37.689998626708984,37.43000030517578,37.435001373291016,20447000
2018-09-19,XLE,37.44499969482422,37.70500183105469,37.40999984741211,37.54999923706055,21823000
2018-09-20,XLE,37.709999084472656,37.85499954223633,37.51499938964844,37.560001373291016,25024800
2018-09-21,XLE,37.505001068115234,37.67499923706055,37.25,37.54999923706055,27420200
2018-09-24,XLE,37.880001068115234,38.26499938964844,37.849998474121094,38.099998474121094,25569000
2018-09-25,XLE,38.34000015258789,38.505001068115234,38.290000915527344,38.345001220703125,26055200
2018-09-26,XLE,38.11000061035156,38.310001373291016,37.90999984741211,37.974998474121094,25457200
2018-09-27,XLE,38.125,38.17499923706055,37.875,37.974998474121094,21344200
2018-09-28,XLE,37.79499816894531,38.27000045776367,37.775001525878906,37.869998931884766,29666200
2018-10-01,XLE,38.0099983215332,38.55500030517578,38.0099983215332,38.39500045776367,25425200
2018-10-02,XLE,38.4900016784668,38.564998626708984,38.16999816894531,38.435001373291016,18936800
2018-10-03,XLE,38.599998474121094,38.86000061035156,38.4900016784668,38.744998931884766,26489600
2018-10-04,XLE,38.619998931884766,38.85499954223633,38.36000061035156,38.584999084472656,30385400
2018-10-05,XLE,38.54499816894531,38.70500183105469,38.345001220703125,38.58000183105469,23966400
2018-10-08,XLE,38.29499816894531,38.61000061035156,38.14500045776367,38.54999923706055,23157200
2018-10-09,XLE,38.685001373291016,39.18000030517578,38.52000045776367,38.89500045776367,33633400
2018-10-10,XLE,38.959999084472656,39.025001525878906,37.5,37.67499923706055,52810600
2018-10-11,XLE,37.310001373291016,37.334999084472656,36.125,36.400001525878906,71184200
2018-10-12,XLE,36.7599983215332,36.869998931884766,35.94499969482422,36.5,47158000
2018-10-15,XLE,36.494998931884766,36.64500045776367,36.185001373291016,36.19499969482422,23180800
2018-10-16,XLE,36.29499816894531,36.560001373291016,36.14500045776367,36.494998931884766,29142200
2018-10-17,XLE,36.42499923706055,36.53499984741211,35.95500183105469,36.26499938964844,31608400
2018-10-18,XLE,35.93000030517578,36.41999816894531,35.85499954223633,36.084999084472656,33173400
2018-10-19,XLE,35.904998779296875,36.290000915527344,35.7400016784668,35.76499938964844,27136200
2018-10-22,XLE,35.7400016784668,35.814998626708984,35.154998779296875,35.369998931884766,24589000
2018-10-23,XLE,34.849998474121094,34.86000061035156,33.95500183105469,34.44499969482422,52955400
2018-10-24,XLE,34.61000061035156,34.619998931884766,33.07500076293945,33.084999084472656,56200400
2018-10-25,XLE,33.4900016784668,33.834999084472656,33.26499938964844,33.4900016784668,50666600
2018-10-26,XLE,33.21500015258789,33.650001525878906,32.689998626708984,33.2400016784668,51159800
2018-10-29,XLE,33.48500061035156,33.529998779296875,32.185001373291016,32.619998931884766,48919600
2018-10-30,XLE,32.599998474121094,33.45500183105469,32.45000076293945,33.375,52794800
2018-10-31,XLE,33.70000076293945,34.14500045776367,33.53499984741211,33.58000183105469,34575600
2018-11-01,XLE,33.650001525878906,34.025001525878906,33.30500030517578,33.8650016784668,42951600
2018-11-02,XLE,34.2400016784668,34.4900016784668,33.439998626708984,33.779998779296875,42425000
2018-11-05,XLE,34.189998626708984,34.47999954223633,34.11000061035156,34.345001220703125,26463200
2018-11-06,XLE,34.43000030517578,34.58000183105469,34.095001220703125,34.505001068115234,26144200
2018-11-07,XLE,34.95000076293945,35.18000030517578,34.54999923706055,35.06999969482422,33325800
2018-11-08,XLE,34.90999984741211,35.185001373291016,34.185001373291016,34.310001373291016,30289800
2018-11-09,XLE,33.85499954223633,34.470001220703125,33.66999816894531,34.25,45835600
2018-11-12,XLE,34.48500061035156,34.630001068115234,33.470001220703125,33.540000915527344,36083200
2018-11-13,XLE,33.44499969482422,33.625,32.595001220703125,32.77000045776367,65463800
2018-11-14,XLE,33.279998779296875,33.404998779296875,32.415000915527344,32.71500015258789,45084200
2018-11-15,XLE,32.505001068115234,33.23500061035156,32.505001068115234,33.19499969482422,40613600
2018-11-16,XLE,33.400001525878906,33.70500183105469,33.23500061035156,33.59000015258789,39511000
2018-11-19,XLE,33.3849983215332,33.71500015258789,33.279998779296875,33.58000183105469,31167600
2018-11-20,XLE,33.13999938964844,33.220001220703125,32.22999954223633,32.47999954223633,52648800
2018-11-21,XLE,32.73500061035156,33.34000015258789,32.65999984741211,32.9900016784668,34661800
2018-11-23,XLE,32.16999816894531,32.28499984741211,31.719999313354492,31.954999923706055,28843600
2018-11-26,XLE,32.189998626708984,32.650001525878906,32.185001373291016,32.435001373291016,33365400
2018-11-27,XLE,32.27000045776367,32.58000183105469,32.15999984741211,32.345001220703125,44528600
2018-11-28,XLE,32.314998626708984,32.92499923706055,32.11000061035156,32.900001525878906,42296400
2018-11-29,XLE,32.92499923706055,33.380001068115234,32.880001068115234,33.1150016784668,28828400
2018-11-30,XLE,32.82500076293945,33.150001525878906,32.65999984741211,33.05500030517578,36258000
2018-12-03,XLE,33.810001373291016,33.994998931884766,33.39500045776367,33.790000915527344,43990800
2018-12-04,XLE,33.80500030517578,33.915000915527344,32.7599983215332,32.81999969482422,36592600
2018-12-06,XLE,32.099998474121094,32.26499938964844,31.53499984741211,32.21500015258789,70712200
2018-12-07,XLE,32.83000183105469,33.314998626708984,31.979999542236328,32.03499984741211,54891400
2018-12-10,XLE,31.809999465942383,31.96500015258789,30.809999465942383,31.53499984741211,46765600
2018-12-11,XLE,32.02000045776367,32.08000183105469,31.21500015258789,31.545000076293945,34483200
2018-12-12,XLE,32.060001373291016,32.275001525878906,31.649999618530273,31.670000076293945,38534800
2018-12-13,XLE,31.594999313354492,31.969999313354492,31.454999923706055,31.770000457763672,30598000
2018-12-14,XLE,31.575000762939453,31.704999923706055,30.895000457763672,31.045000076293945,45787200
2018-12-17,XLE,30.96500015258789,31.225000381469727,30.260000228881836,30.479999542236328,41464600
2018-12-18,XLE,30.424999237060547,30.53499984741211,29.594999313354492,29.760000228881836,53234000
2018-12-19,XLE,29.915000915527344,30.479999542236328,29.165000915527344,29.40999984741211,91097800
2018-12-20,XLE,29.049999237060547,29.4950008392334,28.420000076293945,28.594999313354492,77008800
2018-12-21,XLE,28.334999084472656,28.80500030517578,27.81999969482422,28.05500030517578,74787400
2018-12-24,XLE,27.725000381469727,27.860000610351562,26.895000457763672,26.920000076293945,31211800
2018-12-26,XLE,27.18000030517578,28.600000381469727,26.68000030517578,28.594999313354492,58194000
2018-12-27,XLE,28.020000457763672,28.780000686645508,27.639999389648438,28.7450008392334,48754600
2018-12-28,XLE,28.875,29.0049991607666,28.350000381469727,28.524999618530273,38874800
2018-12-31,XLE,28.780000686645508,28.885000228881836,28.34000015258789,28.674999237060547,37410400
2019-01-02,XLE,28.219999313354492,29.434999465942383,28.075000762939453,29.239999771118164,49785200
2019-01-03,XLE,29.325000762939453,29.43000030517578,28.6200008392334,28.950000762939453,36048200
2019-01-04,XLE,29.450000762939453,30.024999618530273,29.280000686645508,29.934999465942383,42703000
2019-01-07,XLE,30.15999984741211,30.600000381469727,29.760000228881836,30.3799991607666,36113400
2019-01-08,XLE,30.80500030517578,30.875,30.450000762939453,30.614999771118164,37384600
2019-01-09,XLE,31.024999618530273,31.204999923706055,30.704999923706055,31.100000381469727,37513600
2019-01-10,XLE,30.864999771118164,31.229999542236328,30.690000534057617,31.190000534057617,38335200
2019-01-11,XLE,31.030000686645508,31.204999923706055,30.729999542236328,31.0049991607666,28211800
2019-01-14,XLE,30.709999084472656,31.05500030517578,30.665000915527344,30.93000030517578,26383400
2019-01-15,XLE,31.100000381469727,31.334999084472656,30.885000228881836,31.040000915527344,19642400
2019-01-16,XLE,31.0049991607666,31.2549991607666,30.895000457763672,31.0,25082200
2019-01-17,XLE,30.764999389648438,31.420000076293945,30.69499969482422,31.28499984741211,20349600
2019-01-18,XLE,31.655000686645508,31.94499969482422,31.469999313354492,31.920000076293945,29063600
2019-01-22,XLE,31.56999969482422,31.639999389648438,31.139999389648438,31.225000381469727,39726400
2019-01-23,XLE,31.334999084472656,31.375,30.649999618530273,30.905000686645508,46735400
2019-01-24,XLE,30.84000015258789,31.350000381469727,30.71500015258789,31.06999969482422,26098400
2019-01-25,XLE,31.334999084472656,31.65999984741211,31.28499984741211,31.46500015258789,20467200
2019-01-28,XLE,31.049999237060547,31.165000915527344,30.809999465942383,31.149999618530273,24044800
2019-01-29,XLE,31.329999923706055,31.454999923706055,31.219999313354492,31.2450008392334,23768200
2019-01-30,XLE,31.440000534057617,31.78499984741211,31.270000457763672,31.684999465942383,24233000
2019-01-31,XLE,31.735000610351562,32.040000915527344,31.649999618530273,31.889999389648438,35688400
2019-02-01,XLE,32.23500061035156,32.6349983215332,32.130001068115234,32.44499969482422,29544800
2019-02-04,XLE,32.224998474121094,32.529998779296875,31.985000610351562,32.52000045776367,20215800
2019-02-05,XLE,32.494998931884766,32.625,32.38999938964844,32.56999969482422,15705400
2019-02-06,XLE,32.415000915527344,32.505001068115234,32.29999923706055,32.33000183105469,13607600
2019-02-07,XLE,32.130001068115234,32.2400016784668,31.31999969482422,31.614999771118164,29200200
2019-02-08,XLE,31.530000686645508,31.604999542236328,30.934999465942383,31.469999313354492,21268800
2019-02-11,XLE,31.31999969482422,31.670000076293945,31.229999542236328,31.6200008392334,24994800
2019-02-12,XLE,32.04499816894531,32.20500183105469,31.649999618530273,32.02000045776367,21354600
2019-02-13,XLE,32.150001525878906,32.67499923706055,32.1150016784668,32.41999816894531,26123400
2019-02-14,XLE,32.30500030517578,32.779998779296875,32.244998931884766,32.53499984741211,20426400
2019-02-15,XLE,32.875,33.084999084472656,32.79999923706055,33.060001373291016,20367600
2019-02-19,XLE,32.89500045776367,33.28499984741211,32.845001220703125,33.15999984741211,17443200
2019-02-20,XLE,33.11000061035156,33.46500015258789,33.10499954223633,33.29999923706055,19871400
2019-02-21,XLE,33.19499969482422,33.279998779296875,32.665000915527344,32.78499984741211,23732200
2019-02-22,XLE,33.029998779296875,33.130001068115234,32.71500015258789,32.880001068115234,19896600
2019-02-25,XLE,32.775001525878906,33.04499816894531,32.744998931884766,32.935001373291016,31808800
2019-02-26,XLE,32.904998779296875,33.130001068115234,32.81999969482422,32.83000183105469,21101400
2019-02-27,XLE,32.9900016784668,33.29499816894531,32.79999923706055,32.95500183105469,20588000
2019-02-28,XLE,32.959999084472656,33.005001068115234,32.41999816894531,32.625,22498800
2019-03-01,XLE,32.79999923706055,33.22999954223633,32.79999923706055,33.224998474121094,40655800
2019-03-04,XLE,33.345001220703125,33.42499923706055,32.78499984741211,33.28499984741211,39560000
2019-03-05,XLE,33.33000183105469,33.345001220703125,32.939998626708984,33.17499923706055,31615000
2019-03-06,XLE,32.904998779296875,32.974998474121094,32.59000015258789,32.755001068115234,45381000
2019-03-07,XLE,32.775001525878906,32.79999923706055,32.43000030517578,32.560001373291016,46892400
2019-03-08,XLE,32.03499984741211,32.099998474121094,31.655000686645508,31.950000762939453,31243000
2019-03-11,XLE,32.185001373291016,32.525001525878906,32.154998779296875,32.45000076293945,26424200
2019-03-12,XLE,32.505001068115234,32.82500076293945,32.494998931884766,32.65999984741211,22026200
2019-03-13,XLE,32.8650016784668,33.005001068115234,32.72999954223633,32.9900016784668,26413600
2019-03-14,XLE,33.02000045776367,33.189998626708984,32.98500061035156,33.025001525878906,24640800
2019-03-15,XLE,32.7400016784668,32.85499954223633,32.630001068115234,32.755001068115234,24854800
2019-03-18,XLE,32.79499816894531,33.26499938964844,32.779998779296875,33.209999084472656,20135800
2019-03-19,XLE,33.375,33.54499816894531,32.98500061035156,33.119998931884766,25052000
2019-03-20,XLE,33.09000015258789,33.709999084472656,32.9900016784668,33.40999984741211,27325800
2019-03-21,XLE,33.310001373291016,33.70000076293945,33.2400016784668,33.64500045776367,35755800
2019-03-22,XLE,33.34000015258789,33.39500045776367,32.61000061035156,32.73500061035156,39949600
2019-03-25,XLE,32.595001220703125,32.80500030517578,32.435001373291016,32.75,24692600
2019-03-26,XLE,33.130001068115234,33.44499969482422,33.040000915527344,33.220001220703125,23033000
2019-03-27,XLE,33.19499969482422,33.345001220703125,32.73500061035156,32.98500061035156,19165200
2019-03-28,XLE,32.845001220703125,33.150001525878906,32.779998779296875,33.11000061035156,18298400
2019-03-29,XLE,33.43000030517578,33.5099983215332,32.95000076293945,33.060001373291016,20075200
2019-04-01,XLE,33.279998779296875,33.564998626708984,33.23500061035156,33.494998931884766,24823400
2019-04-02,XLE,33.58000183105469,33.61000061035156,33.185001373291016,33.26499938964844,22304800
2019-04-03,XLE,33.36000061035156,33.42499923706055,32.83000183105469,32.94499969482422,23979600
2019-04-04,XLE,32.96500015258789,33.244998931884766,32.80500030517578,33.220001220703125,21008600
2019-04-05,XLE,33.310001373291016,33.845001220703125,33.29499816894531,33.80500030517578,34538400
2019-04-08,XLE,33.85499954223633,34.125,33.814998626708984,33.95500183105469,21204200
2019-04-09,XLE,33.85499954223633,33.85499954223633,33.435001373291016,33.540000915527344,29083800
2019-04-10,XLE,33.6150016784668,33.81999969482422,33.57500076293945,33.665000915527344,18751200
2019-04-11,XLE,33.6349983215332,33.92499923706055,33.43000030517578,33.689998626708984,21828400
2019-04-12,XLE,34.17499923706055,34.20000076293945,33.69499969482422,33.779998779296875,30853600
2019-04-15,XLE,33.7400016784668,33.81999969482422,33.525001525878906,33.58000183105469,16601400
2019-04-16,XLE,33.70000076293945,33.849998474121094,33.58000183105469,33.79999923706055,16260400
2019-04-17,XLE,34.005001068115234,34.08000183105469,33.709999084472656,33.755001068115234,21869200
2019-04-18,XLE,33.849998474121094,33.89500045776367,33.5099983215332,33.595001220703125,19519000
2019-04-22,XLE,33.904998779296875,34.33000183105469,33.810001373291016,34.30500030517578,28329400
2019-04-23,XLE,34.33000183105469,34.404998779296875,34.025001525878906,34.25,20424400
2019-04-24,XLE,34.279998779296875,34.29999923706055,33.6349983215332,33.650001525878906,22038200
2019-04-25,XLE,33.64500045776367,33.81999969482422,33.470001220703125,33.54499816894531,24121800
2019-04-26,XLE,33.29999923706055,33.310001373291016,32.81999969482422,33.11000061035156,33676800
2019-04-29,XLE,33.119998931884766,33.2599983215332,33.01499938964844,33.08000183105469,25949000
2019-04-30,XLE,33.400001525878906,33.42499923706055,33.01499938964844,33.05500030517578,28654000
2019-05-01,XLE,33.064998626708984,33.165000915527344,32.369998931884766,32.39500045776367,44311400
2019-05-02,XLE,32.189998626708984,32.3849983215332,31.815000534057617,31.829999923706055,56066000
2019-05-03,XLE,32.130001068115234,32.380001068115234,32.05500030517578,32.125,39249000
2019-05-06,XLE,31.8799991607666,32.2599983215332,31.850000381469727,32.154998779296875,40689400
2019-05-07,XLE,31.774999618530273,31.899999618530273,31.469999313354492,31.875,30129000
2019-05-08,XLE,31.860000610351562,32.13999938964844,31.790000915527344,31.875,19647400
2019-05-09,XLE,31.725000381469727,31.9950008392334,31.454999923706055,31.875,28819000
2019-05-10,XLE,31.875,32.10499954223633,31.424999237060547,32.025001525878906,26150000
2019-05-13,XLE,31.735000610351562,31.889999389648438,31.325000762939453,31.475000381469727,28139600
2019-05-14,XLE,31.645000457763672,32.130001068115234,31.614999771118164,31.860000610351562,18484000
2019-05-15,XLE,31.68000030517578,32.095001220703125,31.594999313354492,32.025001525878906,20184600
2019-05-16,XLE,32.10499954223633,32.31999969482422,32.10499954223633,32.20000076293945,18753000
2019-05-17,XLE,31.985000610351562,32.15999984741211,31.834999084472656,31.875,21111400
2019-05-20,XLE,31.8799991607666,32.040000915527344,31.825000762939453,31.889999389648438,16372200
2019-05-21,XLE,32.025001525878906,32.349998474121094,31.985000610351562,32.2599983215332,36761000
2019-05-22,XLE,32.064998626708984,32.13999938964844,31.655000686645508,31.760000228881836,19274000
2019-05-23,XLE,31.229999542236328,31.2549991607666,30.510000228881836,30.69499969482422,47927200
2019-05-24,XLE,30.940000534057617,31.059999465942383,30.545000076293945,30.809999465942383,20306800
2019-05-28,XLE,30.829999923706055,30.885000228881836,30.44499969482422,30.489999771118164,25861200
2019-05-29,XLE,30.06999969482422,30.315000534057617,29.889999389648438,30.295000076293945,33903200
2019-05-30,XLE,30.2450008392334,30.299999237060547,29.815000534057617,29.90999984741211,30347800
2019-05-31,XLE,29.5,29.770000457763672,29.385000228881836,29.385000228881836,43797000
2019-06-03,XLE,29.584999084472656,29.905000686645508,29.540000915527344,29.760000228881836,36049400
2019-06-04,XLE,30.040000915527344,30.344999313354492,29.959999084472656,30.274999618530273,29486800
2019-06-05,XLE,30.334999084472656,30.344999313354492,29.760000228881836,29.940000534057617,31763800
2019-06-06,XLE,30.0,30.610000610351562,30.0,30.4950008392334,64787800
2019-06-07,XLE,30.59000015258789,30.829999923706055,30.514999389648438,30.635000228881836,31548200
2019-06-10,XLE,30.799999237060547,31.0,30.68000030517578,30.725000381469727,19675600
2019-06-11,XLE,30.9950008392334,31.094999313354492,30.774999618530273,30.78499984741211,19045200
2019-06-12,XLE,30.584999084472656,30.655000686645508,30.2549991607666,30.350000381469727,27633000
2019-06-13,XLE,30.700000762939453,30.844999313354492,30.34000015258789,30.704999923706055,24383000
2019-06-14,XLE,30.780000686645508,30.78499984741211,30.43000030517578,30.5049991607666,15832600
2019-06-17,XLE,30.440000534057617,30.844999313354492,30.344999313354492,30.760000228881836,17590400
2019-06-18,XLE,30.959999084472656,31.3700008392334,30.905000686645508,31.184999465942383,34444200
2019-06-19,XLE,31.139999389648438,31.329999923706055,30.985000610351562,31.149999618530273,17655400
2019-06-20,XLE,31.649999618530273,31.889999389648438,31.614999771118164,31.84000015258789,51908000
2019-06-21,XLE,31.600000381469727,31.895000457763672,31.600000381469727,31.780000686645508,32712600
2019-06-24,XLE,31.770000457763672,31.860000610351562,31.44499969482422,31.4950008392334,20793200
2019-06-25,XLE,31.475000381469727,31.5049991607666,31.209999084472656,31.2450008392334,23774600
2019-06-26,XLE,31.559999465942383,31.96500015258789,31.479999542236328,31.725000381469727,28653600
2019-06-27,XLE,31.725000381469727,31.81999969482422,31.424999237060547,31.489999771118164,21217400
2019-06-28,XLE,31.565000534057617,31.885000228881836,31.565000534057617,31.854999542236328,34739200
2019-07-01,XLE,32.25,32.35499954223633,31.80500030517578,31.885000228881836,29772600
2019-07-02,XLE,31.790000915527344,31.854999542236328,31.235000610351562,31.375,24190800
2019-07-03,XLE,31.420000076293945,31.524999618530273,31.229999542236328,31.5,13974600
2019-07-05,XLE,31.385000228881836,31.575000762939453,31.315000534057617,31.545000076293945,14726400
2019-07-08,XLE,31.4950008392334,31.764999389648438,31.405000686645508,31.59000015258789,17256400
2019-07-09,XLE,31.540000915527344,31.635000228881836,31.329999923706055,31.614999771118164,14976200
2019-07-10,XLE,31.815000534057617,32.130001068115234,31.604999542236328,32.02000045776367,23534800
2019-07-11,XLE,32.1150016784668,32.119998931884766,31.885000228881836,32.084999084472656,25362600
2019-07-12,XLE,32.10499954223633,32.33000183105469,32.10499954223633,32.220001220703125,16162800
2019-07-15,XLE,32.275001525878906,32.29499816894531,31.860000610351562,31.93000030517578,19077800
2019-07-16,XLE,31.864999771118164,31.920000076293945,31.46500015258789,31.59000015258789,21174200
2019-07-17,XLE,31.565000534057617,31.665000915527344,31.209999084472656,31.229999542236328,27329400
2019-07-18,XLE,31.079999923706055,31.235000610351562,30.899999618530273,31.235000610351562,25509000
2019-07-19,XLE,31.264999389648438,31.485000610351562,31.1200008392334,31.3799991607666,19930600
2019-07-22,XLE,31.5,31.6299991607666,31.274999618530273,31.524999618530273,15686200
2019-07-23,XLE,31.524999618530273,31.69499969482422,31.43000030517578,31.610000610351562,14537600
2019-07-24,XLE,31.56999969482422,31.950000762939453,31.53499984741211,31.7450008392334,19815400
2019-07-25,XLE,31.864999771118164,31.905000686645508,31.290000915527344,31.385000228881836,20140800
2019-07-26,XLE,31.385000228881836,31.389999389648438,31.09000015258789,31.225000381469727,19307600
2019-07-29,XLE,31.200000762939453,31.225000381469727,30.8700008392334,31.100000381469727,16569800
2019-07-30,XLE,30.975000381469727,31.524999618530273,30.915000915527344,31.450000762939453,21602600
2019-07-31,XLE,31.450000762939453,31.719999313354492,31.09000015258789,31.350000381469727,30556000
2019-08-01,XLE,31.0049991607666,31.149999618530273,30.44499969482422,30.639999389648438,50380400
2019-08-02,XLE,30.764999389648438,30.94499969482422,29.889999389648438,30.200000762939453,43399800
2019-08-05,XLE,29.639999389648438,29.719999313354492,29.09000015258789,29.299999237060547,55153800
2019-08-06,XLE,29.375,29.545000076293945,28.950000762939453,29.264999389648438,33995000
2019-08-07,XLE,28.729999542236328,29.184999465942383,28.579999923706055,29.045000076293945,49604400
2019-08-08,XLE,29.239999771118164,29.895000457763672,29.104999542236328,29.8799991607666,46535600
2019-08-09,XLE,29.905000686645508,29.969999313354492,29.424999237060547,29.549999237060547,29186400
2019-08-12,XLE,29.479999542236328,29.524999618530273,29.06999969482422,29.200000762939453,43838000
2019-08-13,XLE,29.06999969482422,29.7450008392334,28.915000915527344,29.469999313354492,28695200
2019-08-14,XLE,28.84000015258789,28.90999984741211,28.270000457763672,28.315000534057617,47299400
2019-08-15,XLE,28.165000915527344,28.299999237060547,27.834999084472656,28.139999389648438,28575800
2019-08-16,XLE,28.290000915527344,28.594999313354492,28.19499969482422,28.510000228881836,42798600
2019-08-19,XLE,28.90999984741211,29.2450008392334,28.854999542236328,29.139999389648438,27763200
2019-08-20,XLE,29.0,29.03499984741211,28.78499984741211,28.895000457763672,19042600
2019-08-21,XLE,29.19499969482422,29.2450008392334,28.975000381469727,29.079999923706055,24074800
2019-08-22,XLE,29.18000030517578,29.295000076293945,28.934999465942383,28.950000762939453,18706200
2019-08-23,XLE,28.604999542236328,28.875,27.81999969482422,27.979999542236328,48817800
2019-08-26,XLE,28.225000381469727,28.375,27.979999542236328,28.100000381469727,21610600
2019-08-27,XLE,28.25,28.364999771118164,27.774999618530273,27.924999237060547,23662600
2019-08-28,XLE,28.06999969482422,28.46500015258789,27.93000030517578,28.325000762939453,31388800
2019-08-29,XLE,28.545000076293945,28.860000610351562,28.514999389648438,28.739999771118164,24663400
2019-08-30,XLE,28.850000381469727,29.100000381469727,28.56999969482422,28.739999771118164,26044600
2019-09-03,XLE,28.274999618530273,28.65999984741211,28.190000534057617,28.600000381469727,27929600
2019-09-04,XLE,29.0,29.125,28.915000915527344,29.0,22381800
2019-09-05,XLE,29.2549991607666,29.684999465942383,29.209999084472656,29.360000610351562,29077000
2019-09-06,XLE,29.299999237060547,29.549999237060547,29.135000228881836,29.514999389648438,24468600
2019-09-09,XLE,29.7549991607666,30.174999237060547,29.69499969482422,30.104999542236328,49514200
2019-09-10,XLE,30.290000915527344,30.899999618530273,30.229999542236328,30.459999084472656,51436000
2019-09-11,XLE,30.6299991607666,30.8700008392334,30.325000762939453,30.489999771118164,45504000
2019-09-12,XLE,30.104999542236328,30.520000457763672,29.854999542236328,30.299999237060547,38119000
2019-09-13,XLE,30.5,30.700000762939453,30.3700008392334,30.540000915527344,28123200
2019-09-16,XLE,31.81999969482422,31.825000762939453,31.200000762939453,31.565000534057617,61355600
2019-09-17,XLE,31.584999084472656,31.594999313354492,30.915000915527344,31.125,52900000
2019-09-18,XLE,30.899999618530273,31.100000381469727,30.760000228881836,30.975000381469727,23209000
2019-09-19,XLE,31.15999984741211,31.229999542236328,30.799999237060547,30.895000457763672,28037000
2019-09-20,XLE,30.635000228881836,30.760000228881836,30.489999771118164,30.639999389648438,40300200
2019-09-23,XLE,30.434999465942383,30.729999542236328,30.399999618530273,30.649999618530273,18660800
2019-09-24,XLE,30.55500030517578,30.584999084472656,29.985000610351562,30.165000915527344,41101000
2019-09-25,XLE,30.024999618530273,30.25,29.954999923706055,30.21500015258789,20248400
2019-09-26,XLE,30.079999923706055,30.149999618530273,29.670000076293945,29.81999969482422,28011000
2019-09-27,XLE,29.655000686645508,30.045000076293945,29.600000381469727,29.815000534057617,31263200
2019-09-30,XLE,29.674999237060547,29.795000076293945,29.56999969482422,29.600000381469727,39616800
2019-10-01,XLE,29.700000762939453,29.809999465942383,28.90999984741211,28.915000915527344,32749400
2019-10-02,XLE,28.7450008392334,28.815000534057617,28.125,28.204999923706055,37824600
2019-10-03,XLE,28.049999237060547,28.540000915527344,27.81999969482422,28.510000228881836,40914200
2019-10-04,XLE,28.6299991607666,28.729999542236328,28.34000015258789,28.690000534057617,20275800
2019-10-07,XLE,28.735000610351562,28.844999313354492,28.420000076293945,28.434999465942383,23284800
2019-10-08,XLE,28.145000457763672,28.364999771118164,27.90999984741211,27.950000762939453,40038400
2019-10-09,XLE,28.200000762939453,28.360000610351562,28.149999618530273,28.204999923706055,17833800
2019-10-10,XLE,28.299999237060547,28.635000228881836,28.2549991607666,28.559999465942383,20111400
2019-10-11,XLE,28.854999542236328,29.21500015258789,28.80500030517578,28.94499969482422,45127800
2019-10-14,XLE,28.735000610351562,29.03499984741211,28.625,28.93000030517578,24321200
2019-10-15,XLE,28.8700008392334,29.34000015258789,28.834999084472656,29.049999237060547,22170000
2019-10-16,XLE,28.950000762939453,29.155000686645508,28.635000228881836,28.645000457763672,23910600
2019-10-17,XLE,28.764999389648438,28.854999542236328,28.575000762939453,28.665000915527344,22616200
2019-10-18,XLE,28.59000015258789,28.81999969482422,28.510000228881836,28.514999389648438,20555600
2019-10-21,XLE,28.56999969482422,29.049999237060547,28.53499984741211,29.024999618530273,20948000
2019-10-22,XLE,29.114999771118164,29.735000610351562,29.024999618530273,29.399999618530273,39393800
2019-10-23,XLE,29.350000381469727,29.704999923706055,29.225000381469727,29.645000457763672,23640800
2019-10-24,XLE,29.815000534057617,29.834999084472656,29.364999771118164,29.520000457763672,24233600
2019-10-25,XLE,29.530000686645508,29.844999313354492,29.489999771118164,29.760000228881836,23750000
2019-10-28,XLE,29.860000610351562,30.030000686645508,29.540000915527344,29.59000015258789,23513200
2019-10-29,XLE,29.479999542236328,29.959999084472656,29.3799991607666,29.709999084472656,26936800
2019-10-30,XLE,29.780000686645508,29.795000076293945,28.989999771118164,29.104999542236328,31013400
2019-10-31,XLE,28.985000610351562,29.030000686645508,28.69499969482422,28.979999542236328,30064800
2019-11-01,XLE,29.125,29.69499969482422,29.100000381469727,29.639999389648438,26620200
2019-11-04,XLE,29.979999542236328,30.69499969482422,29.975000381469727,30.604999542236328,43060400
2019-11-05,XLE,30.690000534057617,30.915000915527344,30.545000076293945,30.645000457763672,35110200
2019-11-06,XLE,30.600000381469727,30.665000915527344,29.934999465942383,30.020000457763672,35655800
2019-11-07,XLE,30.325000762939453,30.565000534057617,30.2450008392334,30.469999313354492,26483400
2019-11-08,XLE,30.28499984741211,30.385000228881836,30.0,30.344999313354492,20779600
2019-11-11,XLE,30.059999465942383,30.315000534057617,29.94499969482422,30.174999237060547,28961000
2019-11-12,XLE,30.264999389648438,30.43000030517578,29.864999771118164,30.020000457763672,25082400
2019-11-13,XLE,29.864999771118164,29.9950008392334,29.764999389648438,29.889999389648438,21151200
2019-11-14,XLE,29.8799991607666,30.045000076293945,29.670000076293945,29.809999465942383,16233600
2019-11-15,XLE,29.934999465942383,30.155000686645508,29.899999618530273,30.040000915527344,18363600
2019-11-18,XLE,29.850000381469727,29.885000228881836,29.549999237060547,29.674999237060547,25508200
2019-11-19,XLE,29.579999923706055,29.604999542236328,29.200000762939453,29.235000610351562,30758200
2019-11-20,XLE,29.225000381469727,29.7450008392334,29.045000076293945,29.530000686645508,34290000
2019-11-21,XLE,29.6299991607666,30.040000915527344,29.53499984741211,30.014999389648438,31283400
2019-11-22,XLE,30.040000915527344,30.184999465942383,29.854999542236328,29.915000915527344,22984000
2019-11-25,XLE,29.8799991607666,29.9950008392334,29.764999389648438,29.94499969482422,24672000
2019-11-26,XLE,29.985000610351562,29.9950008392334,29.559999465942383,29.670000076293945,26804000
2019-11-27,XLE,29.704999923706055,29.80500030517578,29.5,29.7450008392334,19336600
2019-11-29,XLE,29.5,29.604999542236328,29.334999084472656,29.44499969482422,15660400
2019-12-02,XLE,29.545000076293945,29.735000610351562,29.40999984741211,29.44499969482422,30779000
2019-12-03,XLE,29.184999465942383,29.235000610351562,28.899999618530273,29.0049991607666,33891000
2019-12-04,XLE,29.260000228881836,29.530000686645508,29.165000915527344,29.440000534057617,34853000
2019-12-05,XLE,29.565000534057617,29.600000381469727,29.200000762939453,29.299999237060547,21784800
2019-12-06,XLE,29.424999237060547,29.950000762939453,29.420000076293945,29.860000610351562,33459200
2019-12-09,XLE,29.6299991607666,29.96500015258789,29.6299991607666,29.825000762939453,16812600
2019-12-10,XLE,29.924999237060547,29.9950008392334,29.7549991607666,29.885000228881836,17570200
2019-12-11,XLE,29.84000015258789,30.040000915527344,29.774999618530273,29.834999084472656,24872400
2019-12-12,XLE,29.8799991607666,30.489999771118164,29.844999313354492,30.385000228881836,44981600
2019-12-13,XLE,30.489999771118164,30.684999465942383,30.135000228881836,30.155000686645508,22743000
2019-12-16,XLE,30.3700008392334,30.68000030517578,30.354999542236328,30.559999465942383,22271800
2019-12-17,XLE,30.690000534057617,30.854999542236328,30.46500015258789,30.579999923706055,46292400
2019-12-18,XLE,30.545000076293945,30.889999389648438,30.5049991607666,30.69499969482422,25881400
2019-12-19,XLE,30.700000762939453,30.78499984741211,30.6299991607666,30.684999465942383,25534800
2019-12-20,XLE,30.479999542236328,30.71500015258789,30.424999237060547,30.68000030517578,34839600
2019-12-23,XLE,30.645000457763672,31.014999389648438,30.610000610351562,30.9950008392334,26944400
2019-12-24,XLE,31.065000534057617,31.110000610351562,30.924999237060547,30.979999542236328,10074800
2019-12-26,XLE,31.114999771118164,31.219999313354492,30.93000030517578,30.969999313354492,20312400
2019-12-27,XLE,31.084999084472656,31.114999771118164,30.81999969482422,30.84000015258789,21436600
2019-12-30,XLE,30.059999465942383,30.114999771118164,29.80500030517578,29.850000381469727,29259000
2019-12-31,XLE,29.700000762939453,30.049999237060547,29.614999771118164,30.020000457763672,21444800
2020-01-02,XLE,30.219999313354492,30.334999084472656,30.114999771118164,30.290000915527344,23889400
2020-01-03,XLE,30.565000534057617,30.655000686645508,30.049999237060547,30.200000762939453,59005800
2020-01-06,XLE,30.30500030517578,30.59000015258789,30.200000762939453,30.434999465942383,44916200
2020-01-07,XLE,30.350000381469727,30.385000228881836,30.0,30.354999542236328,22925000
2020-01-08,XLE,30.325000762939453,30.360000610351562,29.815000534057617,29.854999542236328,38042800
2020-01-09,XLE,29.84000015258789,30.104999542236328,29.489999771118164,30.075000762939453,30733600
2020-01-10,XLE,30.059999465942383,30.084999084472656,29.8700008392334,29.905000686645508,18302400
2020-01-13,XLE,29.860000610351562,30.010000228881836,29.704999923706055,29.915000915527344,17557000
2020-01-14,XLE,29.850000381469727,29.954999923706055,29.655000686645508,29.920000076293945,34678000
2020-01-15,XLE,29.790000915527344,29.8799991607666,29.614999771118164,29.700000762939453,21661600
2020-01-16,XLE,29.875,29.975000381469727,29.735000610351562,29.75,16449000
2020-01-17,XLE,29.829999923706055,29.844999313354492,29.510000228881836,29.559999465942383,23818200
2020-01-21,XLE,29.395000457763672,29.399999618530273,28.979999542236328,29.030000686645508,34709200
2020-01-22,XLE,28.975000381469727,28.9950008392334,28.670000076293945,28.75,29355400
2020-01-23,XLE,28.450000762939453,28.729999542236328,28.229999542236328,28.639999389648438,26556000
2020-01-24,XLE,28.510000228881836,28.639999389648438,28.09000015258789,28.309999465942383,40781200
2020-01-27,XLE,27.739999771118164,27.850000381469727,27.489999771118164,27.524999618530273,43365000
2020-01-28,XLE,27.68000030517578,27.81999969482422,27.540000915527344,27.649999618530273,28600200
2020-01-29,XLE,27.80500030517578,27.905000686645508,27.325000762939453,27.360000610351562,27490800
2020-01-30,XLE,27.075000762939453,27.610000610351562,27.0049991607666,27.579999923706055,48861000
2020-01-31,XLE,27.114999771118164,27.190000534057617,26.579999923706055,26.719999313354492,66861000
2020-02-03,XLE,26.684999465942383,26.725000381469727,26.274999618530273,26.3700008392334,42578400
2020-02-04,XLE,26.75,26.959999084472656,26.415000915527344,26.46500015258789,39639600
2020-02-05,XLE,26.905000686645508,27.55500030517578,26.889999389648438,27.459999084472656,68764000
2020-02-06,XLE,27.59000015258789,27.59000015258789,27.135000228881836,27.18000030517578,30801200
2020-02-07,XLE,26.975000381469727,27.104999542236328,26.850000381469727,26.989999771118164,27386600
2020-02-10,XLE,26.850000381469727,26.915000915527344,26.690000534057617,26.854999542236328,29281200
2020-02-11,XLE,27.219999313354492,27.260000228881836,27.03499984741211,27.155000686645508,27689200
2020-02-12,XLE,27.559999465942383,27.674999237060547,27.295000076293945,27.520000457763672,34399600
2020-02-13,XLE,27.44499969482422,27.59000015258789,27.274999618530273,27.434999465942383,23949800
2020-02-14,XLE,27.530000686645508,27.549999237060547,27.1200008392334,27.290000915527344,25040000
2020-02-18,XLE,27.049999237060547,27.28499984741211,26.815000534057617,27.065000534057617,32629400
2020-02-19,XLE,27.2450008392334,27.53499984741211,27.094999313354492,27.424999237060547,24910800
2020-02-20,XLE,27.4950008392334,27.700000762939453,27.325000762939453,27.395000457763672,26101600
2020-02-21,XLE,27.135000228881836,27.15999984741211,26.844999313354492,27.06999969482422,27616400
2020-02-24,XLE,26.049999237060547,26.200000762939453,25.739999771118164,25.81999969482422,66075000
2020-02-25,XLE,25.889999389648438,25.90999984741211,24.520000457763672,24.68000030517578,85674600
2020-02-26,XLE,24.770000457763672,24.889999389648438,23.924999237060547,23.934999465942383,97656600
2020-02-27,XLE,23.315000534057617,23.764999389648438,22.645000457763672,22.655000686645508,122557400
2020-02-28,XLE,21.940000534057617,22.920000076293945,21.760000228881836,22.635000228881836,137511600
2020-03-02,XLE,23.139999389648438,23.579999923706055,22.46500015258789,23.549999237060547,73285400
2020-03-03,XLE,23.684999465942383,23.9950008392334,22.575000762939453,22.829999923706055,97190600
2020-03-04,XLE,23.31999969482422,23.375,22.834999084472656,23.3700008392334,48969000
2020-03-05,XLE,22.700000762939453,22.80500030517578,22.139999389648438,22.514999389648438,58774600
2020-03-06,XLE,21.75,21.94499969482422,20.93000030517578,21.25,123034800
2020-03-09,XLE,17.53499984741211,18.21500015258789,16.864999771118164,16.969999313354492,133113800
2020-03-10,XLE,18.334999084472656,18.40999984741211,16.68000030517578,17.774999618530273,96862200
2020-03-11,XLE,17.225000381469727,17.524999618530273,16.565000534057617,16.834999084472656,86954600
2020-03-12,XLE,15.595000267028809,16.0,14.6899995803833,14.734999656677246,77658200
2020-03-13,XLE,15.979999542236328,16.110000610351562,14.399999618530273,16.094999313354492,68196800
2020-03-16,XLE,13.975000381469727,15.5600004196167,13.835000038146973,13.904999732971191,80467200
2020-03-17,XLE,14.039999961853027,14.59000015258789,13.475000381469727,14.0,90887200
2020-03-18,XLE,13.020000457763672,13.289999961853027,11.4399995803833,11.989999771118164,104271600
2020-03-19,XLE,12.164999961853027,12.854999542236328,11.489999771118164,12.805000305175781,104453000
2020-03-20,XLE,13.130000114440918,13.420000076293945,12.380000114440918,12.930000305175781,116714400
2020-03-23,XLE,12.5649995803833,12.645000457763672,11.574999809265137,11.78499984741211,96520400
2020-03-24,XLE,12.699999809265137,13.744999885559082,12.699999809265137,13.675000190734863,89022200
2020-03-25,XLE,13.975000381469727,15.0,13.369999885559082,14.319999694824219,104869800
2020-03-26,XLE,14.46500015258789,15.5,14.28499984741211,15.194999694824219,93836200
2020-03-27,XLE,14.5600004196167,14.604999542236328,14.079999923706055,14.164999961853027,73056800
2020-03-30,XLE,13.975000381469727,14.4350004196167,13.545000076293945,14.3100004196167,84254800
2020-03-31,XLE,14.710000038146973,15.0,14.239999771118164,14.529999732971191,68701200
2020-04-01,XLE,14.0600004196167,14.239999771118164,13.614999771118164,13.8100004196167,47653000
2020-04-02,XLE,14.505000114440918,15.880000114440918,14.130000114440918,15.074999809265137,146256200
2020-04-03,XLE,15.550000190734863,15.654999732971191,14.489999771118164,14.914999961853027,127668600
2020-04-06,XLE,15.25,15.8100004196167,15.045000076293945,15.704999923706055,76041400
2020-04-07,XLE,16.479999542236328,16.934999465942383,16.010000228881836,16.040000915527344,103019000
2020-04-08,XLE,16.3799991607666,17.165000915527344,16.2450008392334,17.110000610351562,83811600
2020-04-09,XLE,17.770000457763672,18.229999542236328,16.309999465942383,16.954999923706055,182655200
2020-04-13,XLE,17.545000076293945,17.610000610351562,16.6299991607666,16.899999618530273,67685600
2020-04-14,XLE,16.985000610351562,17.190000534057617,16.709999084472656,16.81999969482422,72648200
2020-04-15,XLE,16.149999618530273,16.190000534057617,15.529999732971191,16.030000686645508,73421000
2020-04-16,XLE,15.989999771118164,16.040000915527344,15.324999809265137,15.345000267028809,64605800
2020-04-17,XLE,15.664999961853027,16.9950008392334,15.654999732971191,16.975000381469727,91706800
2020-04-20,XLE,15.975000381469727,17.049999237060547,15.890000343322754,16.44499969482422,112790000
2020-04-21,XLE,15.970000267028809,16.450000762939453,15.694999694824219,16.155000686645508,120861600
2020-04-22,XLE,16.885000228881836,16.9950008392334,16.5049991607666,16.729999542236328,73753200
2020-04-23,XLE,17.239999771118164,17.674999237060547,17.06999969482422,17.270000457763672,83207200
2020-04-24,XLE,17.614999771118164,17.770000457763672,17.03499984741211,17.309999465942383,64859200
2020-04-27,XLE,17.18000030517578,17.809999465942383,16.790000915527344,17.684999465942383,46576000
2020-04-28,XLE,17.950000762939453,18.200000762939453,17.65999984741211,18.09000015258789,59138000
2020-04-29,XLE,18.684999465942383,19.4950008392334,18.670000076293945,19.43000030517578,71075000
2020-04-30,XLE,19.540000915527344,19.540000915527344,18.719999313354492,19.0,84040200
2020-05-01,XLE,18.610000610351562,18.75,17.704999923706055,17.924999237060547,58531800
2020-05-04,XLE,17.594999313354492,18.559999465942383,17.510000228881836,18.545000076293945,52780400
2020-05-05,XLE,19.30500030517578,19.459999084472656,18.4950008392334,18.559999465942383,68733400
2020-05-06,XLE,18.649999618530273,18.809999465942383,18.059999465942383,18.075000762939453,47350200
2020-05-07,XLE,18.584999084472656,18.895000457763672,18.415000915527344,18.545000076293945,48469400
2020-05-08,XLE,18.979999542236328,19.399999618530273,18.8700008392334,19.389999389648438,49646200
2020-05-11,XLE,19.260000228881836,19.315000534057617,18.959999084472656,19.049999237060547,46531400
2020-05-12,XLE,19.239999771118164,19.264999389648438,18.690000534057617,18.71500015258789,56129000
2020-05-13,XLE,18.59000015258789,18.614999771118164,17.735000610351562,17.864999771118164,68994800
2020-05-14,XLE,17.549999237060547,18.235000610351562,17.149999618530273,18.065000534057617,61968400
2020-05-15,XLE,18.06999969482422,18.44499969482422,17.834999084472656,17.9950008392334,54427800
2020-05-18,XLE,19.024999618530273,19.59000015258789,18.975000381469727,19.46500015258789,73139600
2020-05-19,XLE,19.489999771118164,19.549999237060547,18.905000686645508,18.920000076293945,53940600
2020-05-20,XLE,19.309999465942383,19.709999084472656,19.209999084472656,19.674999237060547,54521200
2020-05-21,XLE,19.735000610351562,19.815000534057617,19.204999923706055,19.360000610351562,56241800
2020-05-22,XLE,19.204999923706055,19.260000228881836,18.844999313354492,19.239999771118164,38495000
2020-05-26,XLE,19.854999542236328,19.979999542236328,19.725000381469727,19.774999618530273,74888600
2020-05-27,XLE,20.065000534057617,20.18000030517578,19.469999313354492,20.030000686645508,71225600
2020-05-28,XLE,20.079999923706055,20.079999923706055,19.375,19.469999313354492,54356800
2020-05-29,XLE,19.299999237060547,19.524999618530273,18.975000381469727,19.3799991607666,71500400
2020-06-01,XLE,19.350000381469727,19.829999923706055,19.09000015258789,19.719999313354492,47680000
2020-06-02,XLE,19.934999465942383,20.290000915527344,19.90999984741211,20.270000457763672,50318400
2020-06-03,XLE,20.59000015258789,20.959999084472656,20.549999237060547,20.864999771118164,54601800
2020-06-04,XLE,20.75,20.950000762939453,20.450000762939453,20.8700008392334,54849400
2020-06-05,XLE,21.915000915527344,22.625,21.895000457763672,22.420000076293945,100393400
2020-06-08,XLE,23.235000610351562,23.440000534057617,22.71500015258789,23.43000030517578,95069400
2020-06-09,XLE,22.68000030517578,22.7450008392334,22.239999771118164,22.549999237060547,87399000
2020-06-10,XLE,22.34000015258789,22.360000610351562,21.43000030517578,21.440000534057617,80977000
2020-06-11,XLE,19.94499969482422,20.520000457763672,19.354999542236328,19.420000076293945,96304400
2020-06-12,XLE,20.274999618530273,20.420000076293945,19.3700008392334,19.90999984741211,85635000
2020-06-15,XLE,19.059999465942383,20.174999237060547,18.850000381469727,19.969999313354492,65694800
2020-06-16,XLE,20.920000076293945,20.950000762939453,19.959999084472656,20.545000076293945,64083800
2020-06-17,XLE,20.46500015258789,20.469999313354492,19.84000015258789,19.844999313354492,46736000
2020-06-18,XLE,19.645000457763672,20.309999465942383,19.524999618530273,20.09000015258789,36937800
2020-06-19,XLE,20.71500015258789,20.719999313354492,19.764999389648438,19.78499984741211,53934200
2020-06-22,XLE,19.440000534057617,19.690000534057617,19.209999084472656,19.625,38896400
2020-06-23,XLE,19.920000076293945,19.969999313354492,19.584999084472656,19.645000457763672,29611600
2020-06-24,XLE,19.34000015258789,19.344999313354492,18.43000030517578,18.55500030517578,64726000
2020-06-25,XLE,18.3799991607666,18.979999542236328,18.28499984741211,18.90999984741211,48034400
2020-06-26,XLE,18.774999618530273,18.774999618530273,18.170000076293945,18.2549991607666,67722200
2020-06-29,XLE,18.299999237060547,18.65999984741211,18.219999313354492,18.5,38905600
2020-06-30,XLE,18.350000381469727,19.03499984741211,18.15999984741211,18.924999237060547,41886800
2020-07-01,XLE,19.0,19.2549991607666,18.440000534057617,18.46500015258789,49146800
2020-07-02,XLE,18.844999313354492,19.104999542236328,18.6299991607666,18.670000076293945,41558400
2020-07-06,XLE,19.0,19.135000228881836,18.489999771118164,18.725000381469727,45084400
2020-07-07,XLE,18.489999771118164,18.514999389648438,18.100000381469727,18.1299991607666,41821800
2020-07-08,XLE,18.1299991607666,18.40999984741211,17.96500015258789,18.114999771118164,41301800
2020-07-09,XLE,18.03499984741211,18.084999084472656,17.200000762939453,17.219999313354492,61087200
2020-07-10,XLE,17.1200008392334,17.790000915527344,17.1200008392334,17.770000457763672,50456000
2020-07-13,XLE,17.934999465942383,18.0049991607666,17.540000915527344,17.674999237060547,74447600
2020-07-14,XLE,17.55500030517578,18.329999923706055,17.5049991607666,18.295000076293945,68442200
2020-07-15,XLE,18.760000228881836,18.809999465942383,18.415000915527344,18.690000534057617,51805000
2020-07-16,XLE,18.565000534057617,18.844999313354492,18.329999923706055,18.604999542236328,37645600
2020-07-17,XLE,18.665000915527344,18.8700008392334,18.264999389648438,18.344999313354492,35433800
2020-07-20,XLE,18.280000686645508,18.489999771118164,18.024999618530273,18.040000915527344,40153000
2020-07-21,XLE,18.350000381469727,19.274999618530273,18.325000762939453,19.1299991607666,72340400
2020-07-22,XLE,18.924999237060547,18.924999237060547,18.6200008392334,18.895000457763672,39243400
2020-07-23,XLE,18.829999923706055,18.954999923706055,18.6200008392334,18.860000610351562,42087800
2020-07-24,XLE,18.860000610351562,19.139999389648438,18.684999465942383,18.7549991607666,39901200
2020-07-27,XLE,18.729999542236328,18.860000610351562,18.4950008392334,18.774999618530273,36462000
2020-07-28,XLE,18.665000915527344,18.844999313354492,18.405000686645508,18.454999923706055,35553800
2020-07-29,XLE,18.5049991607666,18.854999542236328,18.3799991607666,18.84000015258789,34430000
2020-07-30,XLE,18.44499969482422,18.454999923706055,17.940000534057617,18.100000381469727,65667400
2020-07-31,XLE,17.825000762939453,18.03499984741211,17.649999618530273,18.014999389648438,49548200
2020-08-03,XLE,18.010000228881836,18.18000030517578,17.860000610351562,18.079999923706055,42206800
2020-08-04,XLE,18.020000457763672,18.559999465942383,18.0049991607666,18.520000457763672,45144200
2020-08-05,XLE,18.885000228881836,18.950000762939453,18.545000076293945,18.71500015258789,61517400
2020-08-06,XLE,18.610000610351562,18.780000686645508,18.4950008392334,18.565000534057617,38381400
2020-08-07,XLE,18.399999618530273,18.635000228881836,18.184999465942383,18.59000015258789,36753200
2020-08-10,XLE,18.729999542236328,19.174999237060547,18.684999465942383,19.165000915527344,52616200
2020-08-11,XLE,19.540000915527344,19.764999389648438,19.010000228881836,19.100000381469727,53026200
2020-08-12,XLE,19.389999389648438,19.514999389648438,19.084999084472656,19.290000915527344,51065400
2020-08-13,XLE,19.135000228881836,19.295000076293945,18.8700008392334,18.915000915527344,31522000
2020-08-14,XLE,18.764999389648438,19.125,18.69499969482422,19.094999313354492,26559400
2020-08-17,XLE,19.100000381469727,19.110000610351562,18.8799991607666,18.985000610351562,28511600
2020-08-18,XLE,18.915000915527344,19.100000381469727,18.690000534057617,18.7450008392334,28697600
2020-08-19,XLE,18.729999542236328,18.815000534057617,18.469999313354492,18.530000686645508,29587800
2020-08-20,XLE,18.2549991607666,18.375,18.125,18.1299991607666,38215400
2020-08-21,XLE,18.059999465942383,18.094999313354492,17.844999313354492,18.014999389648438,34695600
2020-08-24,XLE,18.125,18.639999389648438,18.014999389648438,18.510000228881836,49654000
2020-08-25,XLE,18.610000610351562,18.635000228881836,18.15999984741211,18.25,40237000
2020-08-26,XLE,18.225000381469727,18.225000381469727,17.84000015258789,17.864999771118164,36002400
2020-08-27,XLE,17.8700008392334,18.020000457763672,17.68000030517578,17.899999618530273,44519400
2020-08-28,XLE,17.969999313354492,18.274999618530273,17.8799991607666,18.219999313354492,29150200
2020-08-31,XLE,18.2450008392334,18.270000457763672,17.825000762939453,17.825000762939453,37583000
2020-09-01,XLE,17.7450008392334,17.78499984741211,17.485000610351562,17.704999923706055,36521000
2020-09-02,XLE,17.700000762939453,17.80500030517578,17.510000228881836,17.6200008392334,47700400
2020-09-03,XLE,17.584999084472656,17.950000762939453,17.385000228881836,17.489999771118164,78884600
2020-09-04,XLE,17.670000076293945,17.790000915527344,17.219999313354492,17.434999465942383,68682000
2020-09-08,XLE,17.104999542236328,17.184999465942383,16.610000610351562,16.799999237060547,98437600
2020-09-09,XLE,16.989999771118164,17.084999084472656,16.854999542236328,16.915000915527344,49955200
2020-09-10,XLE,16.96500015258789,16.985000610351562,16.264999389648438,16.295000076293945,74006600
2020-09-11,XLE,16.329999923706055,16.415000915527344,16.174999237060547,16.309999465942383,50794600
2020-09-14,XLE,16.354999542236328,16.584999084472656,16.239999771118164,16.434999465942383,38888400
2020-09-15,XLE,16.545000076293945,16.69499969482422,16.264999389648438,16.315000534057617,51220800
2020-09-16,XLE,16.459999084472656,17.190000534057617,16.31999969482422,16.969999313354492,71772200
2020-09-17,XLE,16.700000762939453,17.010000228881836,16.53499984741211,16.9950008392334,44713400
2020-09-18,XLE,16.985000610351562,16.9950008392334,16.635000228881836,16.80500030517578,52812800
2020-09-21,XLE,16.1299991607666,16.170000076293945,15.71500015258789,15.984999656677246,61439200
2020-09-22,XLE,15.994999885559082,16.25,15.789999961853027,15.819999694824219,44697400
2020-09-23,XLE,15.880000114440918,15.9399995803833,15.085000038146973,15.104999542236328,52969200
2020-09-24,XLE,15.050000190734863,15.375,14.770000457763672,15.100000381469727,70487600
2020-09-25,XLE,14.944999694824219,15.204999923706055,14.850000381469727,15.09000015258789,55116800
2020-09-28,XLE,15.364999771118164,15.614999771118164,15.345000267028809,15.444999694824219,52752000
2020-09-29,XLE,15.399999618530273,15.4350004196167,14.869999885559082,15.020000457763672,47601800
2020-09-30,XLE,15.114999771118164,15.289999961853027,14.904999732971191,14.975000381469727,49149000
2020-10-01,XLE,14.8100004196167,14.875,14.425000190734863,14.515000343322754,56730400
2020-10-02,XLE,14.125,14.779999732971191,14.100000381469727,14.654999732971191,57410400
2020-10-05,XLE,14.78499984741211,15.104999542236328,14.75,15.095000267028809,63144400
2020-10-06,XLE,15.3149995803833,15.399999618530273,14.829999923706055,14.869999885559082,62223200
2020-10-07,XLE,14.954999923706055,15.119999885559082,14.78499984741211,15.079999923706055,42086000
2020-10-08,XLE,15.204999923706055,15.654999732971191,15.135000228881836,15.645000457763672,61126200
2020-10-09,XLE,15.78499984741211,15.824999809265137,15.369999885559082,15.395000457763672,51035800
2020-10-12,XLE,15.345000267028809,15.489999771118164,15.1850004196167,15.4350004196167,33369200
2020-10-13,XLE,15.4350004196167,15.524999618530273,15.149999618530273,15.194999694824219,50767600
2020-10-14,XLE,15.229999542236328,15.614999771118164,15.199999809265137,15.260000228881836,54488000
2020-10-15,XLE,15.0,15.449999809265137,14.864999771118164,15.444999694824219,40707800
2020-10-16,XLE,15.414999961853027,15.4350004196167,15.069999694824219,15.095000267028809,37423000
2020-10-19,XLE,15.149999618530273,15.225000381469727,14.760000228881836,14.774999618530273,50372000
2020-10-20,XLE,14.859999656677246,15.079999923706055,14.760000228881836,14.949999809265137,45980600
2020-10-21,XLE,14.864999771118164,14.949999809265137,14.65999984741211,14.664999961853027,49315200
2020-10-22,XLE,14.6899995803833,15.289999961853027,14.595000267028809,15.270000457763672,65648400
2020-10-23,XLE,15.350000381469727,15.4399995803833,15.005000114440918,15.194999694824219,49975400
2020-10-26,XLE,14.9350004196167,14.954999923706055,14.505000114440918,14.649999618530273,60802000
2020-10-27,XLE,14.635000228881836,14.640000343322754,14.425000190734863,14.460000038146973,43193600
2020-10-28,XLE,14.104999542236328,14.194999694824219,13.774999618530273,13.854999542236328,81098200
2020-10-29,XLE,13.675000190734863,14.324999809265137,13.489999771118164,14.279999732971191,74504200
2020-10-30,XLE,14.180000305175781,14.369999885559082,14.015000343322754,14.359999656677246,75799400
2020-11-02,XLE,14.555000305175781,15.045000076293945,14.28499984741211,14.850000381469727,83786200
2020-11-03,XLE,15.100000381469727,15.109999656677246,14.630000114440918,14.765000343322754,69755000
2020-11-04,XLE,14.78499984741211,15.140000343322754,14.385000228881836,14.78499984741211,87227400
2020-11-05,XLE,14.805000305175781,15.079999923706055,14.755000114440918,14.78499984741211,63591600
2020-11-06,XLE,14.78499984741211,15.005000114440918,14.404999732971191,14.46500015258789,66446400
2020-11-09,XLE,16.200000762939453,16.895000457763672,16.149999618530273,16.530000686645508,198713400
2020-11-10,XLE,16.84000015258789,17.065000534057617,16.489999771118164,17.065000534057617,146676200
2020-11-11,XLE,17.25,17.28499984741211,16.729999542236328,16.889999389648438,93085000
2020-11-12,XLE,16.594999313354492,16.829999923706055,16.170000076293945,16.344999313354492,77169600
2020-11-13,XLE,16.469999313354492,17.024999618530273,16.450000762939453,16.940000534057617,78865400
2020-11-16,XLE,17.65999984741211,18.094999313354492,17.44499969482422,18.05500030517578,95865400
2020-11-17,XLE,17.81999969482422,18.25,17.584999084472656,18.239999771118164,78020200
2020-11-18,XLE,18.395000457763672,18.46500015258789,17.709999084472656,17.709999084472656,82000400
2020-11-19,XLE,17.584999084472656,18.03499984741211,17.405000686645508,18.0,65872400
2020-11-20,XLE,17.954999923706055,18.03499984741211,17.780000686645508,17.905000686645508,39506400
2020-11-23,XLE,18.184999465942383,19.19499969482422,18.165000915527344,19.170000076293945,76324600
2020-11-24,XLE,19.815000534057617,20.209999084472656,19.639999389648438,20.155000686645508,106932000
2020-11-25,XLE,20.024999618530273,20.024999618530273,19.575000762939453,19.684999465942383,71352400
2020-11-27,XLE,19.575000762939453,19.735000610351562,19.299999237060547,19.454999923706055,37510800
2020-11-30,XLE,19.239999771118164,19.264999389648438,18.350000381469727,18.3799991607666,83087200
2020-12-01,XLE,18.889999389648438,18.9950008392334,18.434999465942383,18.46500015258789,68935600
2020-12-02,XLE,18.405000686645508,19.354999542236328,18.344999313354492,19.065000534057617,75483600
2020-12-03,XLE,19.149999618530273,19.5,18.954999923706055,19.264999389648438,72975400
2020-12-04,XLE,19.614999771118164,20.329999923706055,19.614999771118164,20.315000534057617,103700400
2020-12-07,XLE,20.075000762939453,20.1200008392334,19.649999618530273,19.84000015258789,69313200
2020-12-08,XLE,19.594999313354492,20.334999084472656,19.59000015258789,20.135000228881836,57854600
2020-12-09,XLE,20.34000015258789,20.670000076293945,19.934999465942383,20.18000030517578,86691800
2020-12-10,XLE,20.204999923706055,21.040000915527344,20.149999618530273,20.799999237060547,77604400
2020-12-11,XLE,20.65999984741211,20.665000915527344,20.270000457763672,20.559999465942383,56152200
2020-12-14,XLE,20.875,20.8799991607666,19.764999389648438,19.84000015258789,79884400
2020-12-15,XLE,19.950000762939453,20.329999923706055,19.764999389648438,20.229999542236328,58671800
2020-12-16,XLE,20.280000686645508,20.354999542236328,19.989999771118164,20.1299991607666,47628800
2020-12-17,XLE,20.309999465942383,20.315000534057617,19.915000915527344,20.03499984741211,46363400
2020-12-18,XLE,19.9950008392334,20.104999542236328,19.545000076293945,19.700000762939453,73140400
2020-12-21,XLE,18.704999923706055,19.229999542236328,18.510000228881836,19.065000534057617,80158800
2020-12-22,XLE,19.024999618530273,19.09000015258789,18.725000381469727,18.7450008392334,50185800
2020-12-23,XLE,18.905000686645508,19.424999237060547,18.899999618530273,19.15999984741211,53931800
2020-12-24,XLE,19.184999465942383,19.184999465942383,18.8700008392334,19.059999465942383,22903000
2020-12-28,XLE,19.1299991607666,19.3700008392334,18.885000228881836,18.940000534057617,37824600
2020-12-29,XLE,19.05500030517578,19.110000610351562,18.725000381469727,18.815000534057617,37968600
2020-12-30,XLE,18.829999923706055,19.290000915527344,18.78499984741211,19.110000610351562,56436600
2020-12-31,XLE,19.024999618530273,19.104999542236328,18.864999771118164,18.950000762939453,36309800
2021-01-04,XLE,19.170000076293945,19.329999923706055,18.7549991607666,18.979999542236328,67717600
2021-01-05,XLE,19.184999465942383,20.350000381469727,19.170000076293945,19.829999923706055,95473400
2021-01-06,XLE,20.219999313354492,20.625,19.959999084472656,20.434999465942383,86262800
2021-01-07,XLE,20.614999771118164,20.94499969482422,20.399999618530273,20.735000610351562,51457200
2021-01-08,XLE,21.0,21.0,20.545000076293945,20.709999084472656,62744000
2021-01-11,XLE,20.260000228881836,21.1200008392334,20.145000457763672,21.03499984741211,46890400
2021-01-12,XLE,21.290000915527344,21.885000228881836,21.1299991607666,21.770000457763672,87947200
2021-01-13,XLE,21.844999313354492,21.854999542236328,21.434999465942383,21.600000381469727,54764400
2021-01-14,XLE,21.735000610351562,22.5,21.71500015258789,22.239999771118164,83314600
2021-01-15,XLE,21.844999313354492,21.850000381469727,21.165000915527344,21.375,95497000
2021-01-19,XLE,21.635000228881836,21.954999923706055,21.565000534057617,21.80500030517578,55619400
2021-01-20,XLE,21.989999771118164,22.045000076293945,21.670000076293945,21.885000228881836,50725600
2021-01-21,XLE,21.764999389648438,21.875,20.950000762939453,21.145000457763672,59968000
2021-01-22,XLE,20.68000030517578,21.094999313354492,20.510000228881836,21.03499984741211,50444600
2021-01-25,XLE,20.80500030517578,20.885000228881836,20.440000534057617,20.81999969482422,81823200
2021-01-26,XLE,21.0049991607666,21.31999969482422,20.364999771118164,20.375,54999600
2021-01-27,XLE,20.040000915527344,20.65999984741211,19.7549991607666,20.100000381469727,99867200
2021-01-28,XLE,20.264999389648438,20.579999923706055,20.079999923706055,20.334999084472656,57248200
2021-01-29,XLE,20.049999237060547,20.309999465942383,19.584999084472656,19.65999984741211,63069000
2021-02-01,XLE,19.899999618530273,20.0,19.469999313354492,19.799999237060547,61021400
2021-02-02,XLE,20.274999618530273,20.4950008392334,20.014999389648438,20.014999389648438,63929000
2021-02-03,XLE,20.1200008392334,20.924999237060547,20.045000076293945,20.8700008392334,74385600
2021-02-04,XLE,21.024999618530273,21.104999542236328,20.655000686645508,21.100000381469727,48327800
2021-02-05,XLE,21.43000030517578,21.5,21.219999313354492,21.280000686645508,48196400
2021-02-08,XLE,21.59000015258789,22.274999618530273,21.56999969482422,22.170000076293945,62368200
2021-02-09,XLE,21.9950008392334,22.065000534057617,21.645000457763672,21.934999465942383,64798800
2021-02-10,XLE,22.010000228881836,22.375,21.8700008392334,22.354999542236328,58451000
2021-02-11,XLE,22.28499984741211,22.290000915527344,21.545000076293945,22.010000228881836,49632600
2021-02-12,XLE,21.854999542236328,22.354999542236328,21.815000534057617,22.334999084472656,47400800
2021-02-16,XLE,22.850000381469727,23.15999984741211,22.735000610351562,22.895000457763672,76593400
2021-02-17,XLE,23.1299991607666,23.385000228881836,22.795000076293945,23.235000610351562,68964400
2021-02-18,XLE,23.135000228881836,23.18000030517578,22.639999389648438,22.709999084472656,61360200
2021-02-19,XLE,22.739999771118164,23.18000030517578,22.71500015258789,23.09000015258789,54404200
2021-02-22,XLE,23.2450008392334,24.235000610351562,23.204999923706055,23.889999389648438,75644600
2021-02-23,XLE,24.174999237060547,24.354999542236328,23.2549991607666,24.28499984741211,98370800
2021-02-24,XLE,24.44499969482422,25.290000915527344,24.239999771118164,25.145000457763672,77748800
2021-02-25,XLE,25.405000686645508,25.405000686645508,24.489999771118164,24.65999984741211,75887800
2021-02-26,XLE,24.329999923706055,24.399999618530273,23.364999771118164,24.075000762939453,90308800
2021-03-01,XLE,24.709999084472656,25.040000915527344,24.530000686645508,24.700000762939453,69391600
2021-03-02,XLE,24.790000915527344,24.989999771118164,24.549999237060547,24.565000534057617,74468200
2021-03-03,XLE,24.7450008392334,25.489999771118164,24.739999771118164,24.924999237060547,82574400
2021-03-04,XLE,25.149999618530273,25.979999542236328,24.915000915527344,25.520000457763672,107573800
2021-03-05,XLE,26.2450008392334,26.53499984741211,25.59000015258789,26.475000381469727,112395800
2021-03-08,XLE,26.735000610351562,26.875,26.139999389648438,26.524999618530273,100610000
2021-03-09,XLE,26.375,26.7549991607666,25.875,26.059999465942383,118889600
2021-03-10,XLE,26.100000381469727,26.809999465942383,25.975000381469727,26.719999313354492,78416600
2021-03-11,XLE,26.774999618530273,27.184999465942383,26.670000076293945,26.729999542236328,50797400
2021-03-12,XLE,26.780000686645508,27.024999618530273,26.584999084472656,26.78499984741211,59786800
2021-03-15,XLE,26.725000381469727,26.799999237060547,26.15999984741211,26.479999542236328,60452600
2021-03-16,XLE,26.040000915527344,26.065000534057617,25.565000534057617,25.725000381469727,77287000
2021-03-17,XLE,25.649999618530273,26.049999237060547,25.43000030517578,25.924999237060547,64552200
2021-03-18,XLE,25.69499969482422,25.809999465942383,24.655000686645508,24.760000228881836,87207200
2021-03-19,XLE,24.75,25.174999237060547,24.43000030517578,24.764999389648438,81158600
2021-03-22,XLE,24.450000762939453,24.545000076293945,24.219999313354492,24.270000457763672,59561800
2021-03-23,XLE,23.780000686645508,24.450000762939453,23.6299991607666,23.915000915527344,103196200
2021-03-24,XLE,24.280000686645508,24.844999313354492,24.280000686645508,24.514999389648438,81630800
2021-03-25,XLE,24.104999542236328,24.674999237060547,23.71500015258789,24.604999542236328,80670200
2021-03-26,XLE,25.049999237060547,25.25,24.764999389648438,25.21500015258789,72348600
2021-03-29,XLE,25.0,25.1299991607666,24.610000610351562,24.915000915527344,47286200
2021-03-30,XLE,24.65999984741211,24.96500015258789,24.514999389648438,24.700000762939453,53392200
2021-03-31,XLE,24.649999618530273,24.760000228881836,24.434999465942383,24.530000686645508,48097400
2021-04-01,XLE,24.639999389648438,25.165000915527344,24.510000228881836,25.155000686645508,65039600
2021-04-05,XLE,25.104999542236328,25.110000610351562,24.40999984741211,24.55500030517578,53372200
2021-04-06,XLE,24.674999237060547,25.0049991607666,24.450000762939453,24.489999771118164,53257800
2021-04-07,XLE,24.5,24.700000762939453,24.40999984741211,24.575000762939453,49888600
2021-04-08,XLE,24.399999618530273,24.405000686645508,23.975000381469727,24.2549991607666,63766600
2021-04-09,XLE,24.25,24.459999084472656,23.985000610351562,24.094999313354492,44373400
2021-04-12,XLE,24.30500030517578,24.479999542236328,23.81999969482422,23.905000686645508,39196200
2021-04-13,XLE,23.864999771118164,24.059999465942383,23.690000534057617,23.93000030517578,44825400
2021-04-14,XLE,24.139999389648438,24.920000076293945,24.114999771118164,24.594999313354492,66767800
2021-04-15,XLE,24.625,24.625,24.295000076293945,24.395000457763672,49686200
2021-04-16,XLE,24.575000762939453,24.635000228881836,24.100000381469727,24.200000762939453,57189000
2021-04-19,XLE,24.25,24.43000030517578,23.940000534057617,24.174999237060547,40827800
2021-04-20,XLE,24.09000015258789,24.125,23.295000076293945,23.53499984741211,72574000
2021-04-21,XLE,23.235000610351562,23.920000076293945,23.125,23.834999084472656,56991000
2021-04-22,XLE,23.950000762939453,23.959999084472656,23.475000381469727,23.55500030517578,50062800
2021-04-23,XLE,23.575000762939453,23.875,23.434999465942383,23.770000457763672,33897800
2021-04-26,XLE,23.68000030517578,24.110000610351562,23.68000030517578,23.93000030517578,35891800
2021-04-27,XLE,24.020000457763672,24.30500030517578,23.90999984741211,24.219999313354492,42268800
2021-04-28,XLE,24.399999618530273,25.149999618530273,24.3799991607666,25.05500030517578,65874000
2021-04-29,XLE,25.415000915527344,25.645000457763672,25.024999618530273,25.334999084472656,66042400
2021-04-30,XLE,24.975000381469727,25.31999969482422,24.639999389648438,24.69499969482422,58519000
2021-05-03,XLE,24.979999542236328,25.440000534057617,24.899999618530273,25.375,45740000
2021-05-04,XLE,25.424999237060547,25.614999771118164,25.100000381469727,25.389999389648438,53917600
2021-05-05,XLE,25.704999923706055,26.290000915527344,25.704999923706055,26.209999084472656,79621200
2021-05-06,XLE,26.204999923706055,26.344999313354492,25.719999313354492,26.344999313354492,58710400
2021-05-07,XLE,26.075000762939453,26.860000610351562,25.979999542236328,26.815000534057617,63196200
2021-05-10,XLE,27.149999618530273,27.56999969482422,26.80500030517578,26.825000762939453,68998000
2021-05-11,XLE,26.264999389648438,26.639999389648438,25.905000686645508,26.135000228881836,113531800
2021-05-12,XLE,26.270000457763672,27.03499984741211,26.139999389648438,26.260000228881836,82195600
2021-05-13,XLE,25.94499969482422,26.424999237060547,25.59000015258789,25.940000534057617,79698200
2021-05-14,XLE,26.225000381469727,26.844999313354492,26.225000381469727,26.7450008392334,57183600
2021-05-17,XLE,26.649999618530273,27.375,26.610000610351562,27.364999771118164,67404200
2021-05-18,XLE,27.325000762939453,27.424999237060547,26.68000030517578,26.729999542236328,70435400
2021-05-19,XLE,26.104999542236328,26.360000610351562,25.700000762939453,26.065000534057617,87969600
2021-05-20,XLE,26.05500030517578,26.145000457763672,25.655000686645508,26.024999618530273,56522600
2021-05-21,XLE,26.28499984741211,26.469999313354492,26.059999465942383,26.079999923706055,50539800
2021-05-24,XLE,26.260000228881836,26.399999618530273,25.96500015258789,26.34000015258789,48020400
2021-05-25,XLE,26.274999618530273,26.344999313354492,25.764999389648438,25.80500030517578,48558600
2021-05-26,XLE,25.829999923706055,26.1299991607666,25.709999084472656,26.03499984741211,39554400
2021-05-27,XLE,26.139999389648438,26.375,25.90999984741211,26.05500030517578,39053600
2021-05-28,XLE,26.200000762939453,26.235000610351562,25.96500015258789,26.104999542236328,37125400
2021-06-01,XLE,26.6200008392334,27.170000076293945,26.604999542236328,27.110000610351562,72570200
2021-06-02,XLE,27.274999618530273,27.7450008392334,26.954999923706055,27.614999771118164,67893400
2021-06-03,XLE,27.5,27.844999313354492,27.325000762939453,27.690000534057617,58761600
2021-06-04,XLE,27.8700008392334,27.989999771118164,27.46500015258789,27.875,52658800
2021-06-07,XLE,27.8700008392334,28.040000915527344,27.71500015258789,27.7549991607666,40070400
2021-06-08,XLE,27.65999984741211,28.045000076293945,27.329999923706055,27.9950008392334,57553000
2021-06-09,XLE,28.075000762939453,28.19499969482422,27.80500030517578,27.81999969482422,56052200
2021-06-10,XLE,28.19499969482422,28.325000762939453,27.489999771118164,27.78499984741211,57353800
2021-06-11,XLE,27.885000228881836,28.040000915527344,27.655000686645508,27.690000534057617,38091400
2021-06-14,XLE,27.790000915527344,27.959999084472656,27.344999313354492,27.56999969482422,37745000
2021-06-15,XLE,27.7450008392334,28.170000076293945,27.674999237060547,28.094999313354492,64285000
2021-06-16,XLE,28.049999237060547,28.274999618530273,27.700000762939453,27.94499969482422,60786400
2021-06-17,XLE,27.875,28.110000610351562,26.6299991607666,26.9950008392334,106941800
2021-06-18,XLE,26.43000030517578,26.764999389648438,26.174999237060547,26.19499969482422,113812200
2021-06-21,XLE,26.145000457763672,27.084999084472656,26.145000457763672,27.03499984741211,84366800
2021-06-22,XLE,26.969999313354492,27.31999969482422,26.674999237060547,27.21500015258789,48344400
2021-06-23,XLE,27.46500015258789,27.774999618530273,27.239999771118164,27.290000915527344,40553000
2021-06-24,XLE,27.415000915527344,27.545000076293945,27.149999618530273,27.524999618530273,41756800
2021-06-25,XLE,27.600000381469727,27.684999465942383,27.44499969482422,27.670000076293945,38330000
2021-06-28,XLE,27.549999237060547,27.565000534057617,26.625,26.735000610351562,65702800
2021-06-29,XLE,26.895000457763672,27.045000076293945,26.56999969482422,26.604999542236328,31911000
2021-06-30,XLE,26.684999465942383,27.014999389648438,26.65999984741211,26.934999465942383,47034000
2021-07-01,XLE,27.549999237060547,27.635000228881836,27.149999618530273,27.405000686645508,47251600
2021-07-02,XLE,27.290000915527344,27.434999465942383,27.05500030517578,27.344999313354492,30471800
2021-07-06,XLE,27.2549991607666,27.30500030517578,26.344999313354492,26.454999923706055,68446200
2021-07-07,XLE,26.415000915527344,26.65999984741211,25.735000610351562,26.024999618530273,60823800
2021-07-08,XLE,25.565000534057617,26.1200008392334,25.475000381469727,25.875,49379800
2021-07-09,XLE,26.204999923706055,26.44499969482422,25.899999618530273,26.424999237060547,51206000
2021-07-12,XLE,26.125,26.545000076293945,25.940000534057617,26.385000228881836,41353000
2021-07-13,XLE,26.2549991607666,26.420000076293945,26.030000686645508,26.184999465942383,49786800
2021-07-14,XLE,26.264999389648438,26.56999969482422,25.30500030517578,25.405000686645508,66999400
2021-07-15,XLE,25.1299991607666,25.434999465942383,24.93000030517578,25.049999237060547,59670800
2021-07-16,XLE,25.239999771118164,25.25,24.295000076293945,24.34000015258789,74253800
2021-07-19,XLE,23.510000228881836,23.815000534057617,23.149999618530273,23.479999542236328,114994800
2021-07-20,XLE,23.489999771118164,24.045000076293945,23.290000915527344,23.795000076293945,83342000
2021-07-21,XLE,24.264999389648438,24.825000762939453,24.209999084472656,24.625,82042600
2021-07-22,XLE,24.600000381469727,24.600000381469727,24.139999389648438,24.350000381469727,47270000
2021-07-23,XLE,24.43000030517578,24.440000534057617,24.014999389648438,24.260000228881836,46951800
2021-07-26,XLE,24.31999969482422,24.959999084472656,24.274999618530273,24.860000610351562,47266200
2021-07-27,XLE,24.665000915527344,24.704999923706055,24.34000015258789,24.6299991607666,46888400
2021-07-28,XLE,24.69499969482422,25.059999465942383,24.469999313354492,24.854999542236328,39169200
2021-07-29,XLE,25.174999237060547,25.28499984741211,24.94499969482422,25.094999313354492,43794000
2021-07-30,XLE,25.045000076293945,25.149999618530273,24.545000076293945,24.69499969482422,49600600
2021-08-02,XLE,24.709999084472656,25.309999465942383,24.469999313354492,24.510000228881836,57810800
2021-08-03,XLE,24.43000030517578,24.979999542236328,24.200000762939453,24.93000030517578,64302000
2021-08-04,XLE,24.479999542236328,24.78499984741211,24.219999313354492,24.2549991607666,64523800
2021-08-05,XLE,24.405000686645508,24.829999923706055,24.299999237060547,24.530000686645508,45800000
2021-08-06,XLE,24.739999771118164,24.950000762939453,24.6200008392334,24.7549991607666,36214800
2021-08-09,XLE,24.424999237060547,24.600000381469727,24.239999771118164,24.405000686645508,42193400
2021-08-10,XLE,24.53499984741211,24.899999618530273,24.5049991607666,24.834999084472656,53283000
2021-08-11,XLE,24.770000457763672,25.075000762939453,24.614999771118164,25.030000686645508,47686200
2021-08-12,XLE,25.010000228881836,25.145000457763672,24.700000762939453,25.0049991607666,36517200
2021-08-13,XLE,25.020000457763672,25.020000457763672,24.649999618530273,24.709999084472656,33050800
2021-08-16,XLE,24.375,24.385000228881836,24.040000915527344,24.2549991607666,48258400
2021-08-17,XLE,24.020000457763672,24.395000457763672,23.790000915527344,24.0049991607666,51108200
2021-08-18,XLE,24.0,24.190000534057617,23.475000381469727,23.5049991607666,56305800
2021-08-19,XLE,23.100000381469727,23.25,22.56999969482422,22.895000457763672,99256200
2021-08-20,XLE,22.684999465942383,23.09000015258789,22.584999084472656,22.94499969482422,61587600
2021-08-23,XLE,23.5,23.8700008392334,23.450000762939453,23.80500030517578,58704400
2021-08-24,XLE,24.0049991607666,24.325000762939453,23.96500015258789,24.200000762939453,45382200
2021-08-25,XLE,24.149999618530273,24.520000457763672,23.989999771118164,24.385000228881836,39817600
2021-08-26,XLE,24.2450008392334,24.3799991607666,23.975000381469727,24.014999389648438,41465400
2021-08-27,XLE,24.315000534057617,24.81999969482422,24.260000228881836,24.655000686645508,46202600
2021-08-30,XLE,24.75,24.844999313354492,24.354999542236328,24.364999771118164,31817800
2021-08-31,XLE,24.2450008392334,24.46500015258789,24.139999389648438,24.200000762939453,53873200
2021-09-01,XLE,24.174999237060547,24.315000534057617,23.7549991607666,23.844999313354492,63459800
2021-09-02,XLE,24.065000534057617,24.645000457763672,24.065000534057617,24.450000762939453,61635400
2021-09-03,XLE,24.399999618530273,24.579999923706055,24.19499969482422,24.309999465942383,39162800
2021-09-07,XLE,24.19499969482422,24.5,24.075000762939453,24.165000915527344,42472800
2021-09-08,XLE,24.299999237060547,24.459999084472656,23.84000015258789,23.854999542236328,43798400
2021-09-09,XLE,23.69499969482422,24.280000686645508,23.56999969482422,23.905000686645508,50529600
2021-09-10,XLE,24.274999618530273,24.325000762939453,23.81999969482422,23.895000457763672,37513000
2021-09-13,XLE,24.204999923706055,24.7450008392334,24.204999923706055,24.579999923706055,68499600
2021-09-14,XLE,24.799999237060547,24.844999313354492,24.1200008392334,24.225000381469727,58935800
2021-09-15,XLE,24.56999969482422,25.149999618530273,24.530000686645508,25.1299991607666,76695000
2021-09-16,XLE,25.104999542236328,25.110000610351562,24.709999084472656,24.844999313354492,60643800
2021-09-17,XLE,24.719999313354492,25.110000610351562,24.594999313354492,24.65999984741211,64459000
2021-09-20,XLE,23.774999618530273,23.905000686645508,23.235000610351562,23.6200008392334,85660000
2021-09-21,XLE,23.899999618530273,24.024999618530273,23.424999237060547,23.674999237060547,51323400
2021-09-22,XLE,24.075000762939453,24.690000534057617,24.075000762939453,24.405000686645508,79252200
2021-09-23,XLE,24.540000915527344,25.334999084472656,24.424999237060547,25.260000228881836,49734200
2021-09-24,XLE,25.125,25.579999923706055,25.075000762939453,25.450000762939453,55503000
2021-09-27,XLE,26.010000228881836,26.459999084472656,25.975000381469727,26.354999542236328,81697400
2021-09-28,XLE,26.604999542236328,26.915000915527344,26.385000228881836,26.44499969482422,132975200
2021-09-29,XLE,26.420000076293945,26.610000610351562,26.094999313354492,26.44499969482422,69894400
2021-09-30,XLE,26.3700008392334,26.514999389648438,26.045000076293945,26.045000076293945,89198800
2021-10-01,XLE,26.235000610351562,26.94499969482422,26.235000610351562,26.920000076293945,83312000
2021-10-04,XLE,27.209999084472656,27.65999984741211,27.084999084472656,27.360000610351562,114815800
2021-10-05,XLE,27.75,28.024999618530273,27.235000610351562,27.520000457763672,98029600
2021-10-06,XLE,27.065000534057617,27.3799991607666,26.75,27.229999542236328,100174800
2021-10-07,XLE,27.299999237060547,27.59000015258789,27.165000915527344,27.440000534057617,77596200
2021-10-08,XLE,27.729999542236328,28.350000381469727,27.665000915527344,28.28499984741211,86200400
2021-10-11,XLE,28.709999084472656,28.795000076293945,28.155000686645508,28.18000030517578,86021400
2021-10-12,XLE,28.125,28.475000381469727,28.010000228881836,28.204999923706055,71038200
2021-10-13,XLE,28.0,28.325000762939453,27.684999465942383,28.18000030517578,57902600
2021-10-14,XLE,28.5,28.645000457763672,28.239999771118164,28.524999618530273,46786600
2021-10-15,XLE,28.844999313354492,28.954999923706055,28.649999618530273,28.665000915527344,45354800
2021-10-18,XLE,28.94499969482422,29.104999542236328,28.524999618530273,28.684999465942383,65257600
2021-10-19,XLE,28.80500030517578,29.110000610351562,28.649999618530273,29.010000228881836,44552600
2021-10-20,XLE,28.790000915527344,29.25,28.674999237060547,29.2450008392334,50212600
2021-10-21,XLE,29.020000457763672,29.125,28.469999313354492,28.704999923706055,64241800
2021-10-22,XLE,28.809999465942383,29.0,28.540000915527344,28.975000381469727,43005000
2021-10-25,XLE,29.329999923706055,29.559999465942383,29.174999237060547,29.399999618530273,50112200
2021-10-26,XLE,29.5,29.704999923706055,29.389999389648438,29.56999969482422,45503200
2021-10-27,XLE,29.25,29.40999984741211,28.655000686645508,28.719999313354492,68007600
2021-10-28,XLE,28.565000534057617,28.950000762939453,28.559999465942383,28.924999237060547,46735000
2021-10-29,XLE,29.06999969482422,29.135000228881836,28.614999771118164,28.735000610351562,43997800
2021-11-01,XLE,29.020000457763672,29.309999465942383,28.940000534057617,29.229999542236328,49656800
2021-11-02,XLE,29.059999465942383,29.28499984741211,28.860000610351562,28.954999923706055,34125400
2021-11-03,XLE,28.604999542236328,29.014999389648438,28.485000610351562,28.71500015258789,46674800
2021-11-04,XLE,29.139999389648438,29.21500015258789,28.4950008392334,28.7549991607666,76363200
2021-11-05,XLE,29.149999618530273,29.260000228881836,28.889999389648438,29.1299991607666,45207000
2021-11-08,XLE,29.375,29.700000762939453,29.235000610351562,29.395000457763672,40022400
2021-11-09,XLE,29.43000030517578,29.524999618530273,29.010000228881836,29.514999389648438,39378000
2021-11-10,XLE,29.389999389648438,29.485000610351562,28.565000534057617,28.735000610351562,72033000
2021-11-11,XLE,28.7549991607666,29.040000915527344,28.7549991607666,28.844999313354492,48996600
2021-11-12,XLE,28.725000381469727,28.889999389648438,28.600000381469727,28.774999618530273,34190000
2021-11-15,XLE,28.75,29.184999465942383,28.5049991607666,29.014999389648438,42751400
2021-11-16,XLE,29.100000381469727,29.295000076293945,28.920000076293945,29.059999465942383,40958800
2021-11-17,XLE,28.774999618530273,29.190000534057617,28.514999389648438,28.614999771118164,47339000
2021-11-18,XLE,28.549999237060547,28.774999618530273,28.100000381469727,28.44499969482422,57911000
2021-11-19,XLE,27.829999923706055,27.905000686645508,27.274999618530273,27.334999084472656,91379600
2021-11-22,XLE,27.295000076293945,28.239999771118164,27.290000915527344,27.81999969482422,67785800
2021-11-23,XLE,28.184999465942383,28.770000457763672,28.15999984741211,28.674999237060547,67724600
2021-11-24,XLE,28.524999618530273,29.1200008392334,28.485000610351562,28.954999923706055,42868600
2021-11-26,XLE,27.520000457763672,27.8799991607666,27.06999969482422,27.790000915527344,89454400
2021-11-29,XLE,28.395000457763672,28.68000030517578,27.860000610351562,27.950000762939453,70882400
2021-11-30,XLE,27.424999237060547,27.84000015258789,27.15999984741211,27.295000076293945,92524000
2021-12-01,XLE,27.934999465942383,28.190000534057617,26.989999771118164,27.0049991607666,89549600
2021-12-02,XLE,27.020000457763672,27.889999389648438,26.700000762939453,27.790000915527344,100743800
2021-12-03,XLE,28.165000915527344,28.290000915527344,27.30500030517578,27.56999969482422,75880200
2021-12-06,XLE,27.9950008392334,28.309999465942383,27.649999618530273,27.979999542236328,63939000
2021-12-07,XLE,28.3700008392334,28.905000686645508,28.334999084472656,28.635000228881836,73686600
2021-12-08,XLE,28.795000076293945,28.934999465942383,28.56999969482422,28.6299991607666,47030000
2021-12-09,XLE,28.450000762939453,28.524999618530273,28.235000610351562,28.40999984741211,46798800
2021-12-10,XLE,28.71500015258789,28.735000610351562,28.110000610351562,28.6200008392334,39051200
2021-12-13,XLE,28.364999771118164,28.450000762939453,27.690000534057617,27.825000762939453,57208000
2021-12-14,XLE,27.655000686645508,28.135000228881836,27.614999771118164,27.709999084472656,57597600
2021-12-15,XLE,27.670000076293945,27.739999771118164,26.959999084472656,27.575000762939453,67716200
2021-12-16,XLE,27.815000534057617,28.31999969482422,27.704999923706055,27.75,53731800
2021-12-17,XLE,27.549999237060547,27.674999237060547,26.940000534057617,27.184999465942383,69270200
2021-12-20,XLE,26.114999771118164,26.524999618530273,25.829999923706055,26.5049991607666,72661600
2021-12-21,XLE,26.774999618530273,27.360000610351562,26.764999389648438,27.260000228881836,50319400
2021-12-22,XLE,27.290000915527344,27.6200008392334,26.959999084472656,27.434999465942383,42206200
2021-12-23,XLE,27.55500030517578,27.829999923706055,27.440000534057617,27.450000762939453,33370600
2021-12-27,XLE,27.360000610351562,28.075000762939453,27.1299991607666,28.049999237060547,43484400
2021-12-28,XLE,28.1200008392334,28.30500030517578,27.875,28.030000686645508,35877000
2021-12-29,XLE,27.985000610351562,28.1200008392334,27.71500015258789,27.850000381469727,30218200
2021-12-30,XLE,27.860000610351562,28.079999923706055,27.655000686645508,27.68000030517578,27180000
2021-12-31,XLE,27.610000610351562,27.895000457763672,27.565000534057617,27.75,26482400
2022-01-03,XLE,27.790000915527344,28.655000686645508,27.774999618530273,28.610000610351562,65054200
2022-01-04,XLE,29.0,29.71500015258789,28.905000686645508,29.600000381469727,79957600
2022-01-05,XLE,29.889999389648438,30.219999313354492,29.549999237060547,29.594999313354492,90804000
2022-01-06,XLE,30.290000915527344,30.424999237060547,29.829999923706055,30.2549991607666,74681400
2022-01-07,XLE,30.3700008392334,30.75,30.15999984741211,30.670000076293945,71169200
2022-01-10,XLE,30.739999771118164,30.799999237060547,30.174999237060547,30.575000762939453,66473000
2022-01-11,XLE,30.84000015258789,31.670000076293945,30.579999923706055,31.614999771118164,76887800
2022-01-12,XLE,31.78499984741211,31.8700008392334,31.44499969482422,31.674999237060547,60496800
2022-01-13,XLE,31.674999237060547,31.93000030517578,31.385000228881836,31.514999389648438,59554000
2022-01-14,XLE,31.545000076293945,32.30500030517578,31.524999618530273,32.255001068115234,64801000
2022-01-18,XLE,32.599998474121094,32.76499938964844,31.889999389648438,32.3849983215332,82133400
2022-01-19,XLE,32.6349983215332,32.66999816894531,31.895000457763672,32.150001525878906,65978000
2022-01-20,XLE,31.940000534057617,32.709999084472656,31.790000915527344,31.854999542236328,83980800
2022-01-21,XLE,31.4950008392334,31.69499969482422,30.895000457763672,31.225000381469727,114539600
2022-01-24,XLE,30.485000610351562,31.545000076293945,29.920000076293945,31.434999465942383,124505600
2022-01-25,XLE,31.315000534057617,32.775001525878906,30.735000610351562,32.654998779296875,118434400
2022-01-26,XLE,33.0,33.26499938964844,32.244998931884766,32.599998474121094,130725400
2022-01-27,XLE,33.17499923706055,33.529998779296875,32.40999984741211,32.95500183105469,108901400
2022-01-28,XLE,32.73500061035156,33.1349983215332,32.130001068115234,32.814998626708984,105302400
2022-01-31,XLE,32.7400016784668,33.16999816894531,32.220001220703125,32.959999084472656,63298400
2022-02-01,XLE,32.76499938964844,34.21500015258789,32.689998626708984,34.1349983215332,90444600
2022-02-02,XLE,33.959999084472656,34.310001373291016,33.540000915527344,34.244998931884766,65197000
2022-02-03,XLE,34.10499954223633,34.17499923706055,33.54999923706055,33.91999816894531,61962600
2022-02-04,XLE,34.349998474121094,35.0,34.27000045776367,34.45000076293945,81733400
2022-02-07,XLE,34.28499984741211,35.21500015258789,34.025001525878906,34.88999938964844,65165000
2022-02-08,XLE,34.78499984741211,34.85499954223633,33.900001525878906,34.13999938964844,75764200
2022-02-09,XLE,34.220001220703125,34.689998626708984,34.1349983215332,34.42499923706055,70791400
2022-02-10,XLE,34.255001068115234,34.869998931884766,33.98500061035156,34.209999084472656,75643200
2022-02-11,XLE,34.439998626708984,35.25,34.224998474121094,35.20500183105469,93034000
2022-02-14,XLE,34.9900016784668,35.029998779296875,33.96500015258789,34.375,99633000
2022-02-15,XLE,33.529998779296875,34.095001220703125,33.34000015258789,34.01499938964844,86092200
2022-02-16,XLE,34.28499984741211,34.8849983215332,34.08000183105469,34.290000915527344,73444200
2022-02-17,XLE,34.2599983215332,34.595001220703125,33.970001220703125,34.23500061035156,67622800
2022-02-18,XLE,33.75,34.29499816894531,33.69499969482422,34.025001525878906,63291600
2022-02-22,XLE,35.05500030517578,35.05500030517578,32.970001220703125,33.474998474121094,93002800
2022-02-23,XLE,33.66999816894531,34.08000183105469,33.474998474121094,33.81999969482422,67958000
2022-02-24,XLE,34.540000915527344,34.58000183105469,32.68000030517578,33.55500030517578,123485800
2022-02-25,XLE,33.630001068115234,34.474998474121094,33.630001068115234,34.439998626708984,78423000
2022-02-28,XLE,34.19499969482422,35.33000183105469,34.005001068115234,35.290000915527344,96394200
2022-03-01,XLE,35.60499954223633,36.244998931884766,35.14500045776367,35.64500045776367,124231000
2022-03-02,XLE,36.189998626708984,36.75,36.01499938964844,36.459999084472656,90908200
2022-03-03,XLE,36.10499954223633,36.810001373291016,36.029998779296875,36.560001373291016,89119800
2022-03-04,XLE,36.55500030517578,37.6349983215332,36.459999084472656,37.6150016784668,105216800
2022-03-07,XLE,38.005001068115234,38.779998779296875,37.31999969482422,38.16999816894531,131214800
2022-03-08,XLE,39.040000915527344,40.11000061035156,37.665000915527344,38.77000045776367,196054400
2022-03-09,XLE,37.349998474121094,38.470001220703125,36.75,37.584999084472656,174036400
2022-03-10,XLE,38.029998779296875,38.834999084472656,37.7599983215332,38.73500061035156,137802600
2022-03-11,XLE,38.1150016784668,38.904998779296875,38.05500030517578,38.42499923706055,91837800
2022-03-14,XLE,37.60499954223633,37.869998931884766,36.775001525878906,37.275001525878906,101490000
2022-03-15,XLE,35.83000183105469,36.32500076293945,35.220001220703125,35.90999984741211,124724400
2022-03-16,XLE,36.04499816894531,36.36000061035156,35.369998931884766,35.744998931884766,107536200
2022-03-17,XLE,36.380001068115234,37.06999969482422,36.154998779296875,36.974998474121094,76956400
2022-03-18,XLE,36.90999984741211,37.189998626708984,36.65999984741211,36.939998626708984,58550800
2022-03-21,XLE,37.33000183105469,38.185001373291016,37.310001373291016,38.064998626708984,68714800
2022-03-22,XLE,37.904998779296875,38.1150016784668,37.35499954223633,37.78499984741211,66462200
2022-03-23,XLE,38.494998931884766,38.790000915527344,38.310001373291016,38.435001373291016,58663000
2022-03-24,XLE,38.58000183105469,38.90999984741211,38.275001525878906,38.529998779296875,52700600
2022-03-25,XLE,38.29999923706055,39.42499923706055,38.27000045776367,39.375,56083600
2022-03-28,XLE,38.564998626708984,38.58000183105469,38.154998779296875,38.400001525878906,69760400
2022-03-29,XLE,37.540000915527344,38.31999969482422,37.095001220703125,38.29999923706055,73274000
2022-03-30,XLE,38.66999816894531,39.02000045776367,38.43000030517578,38.744998931884766,49736400
2022-03-31,XLE,38.380001068115234,39.10499954223633,38.21500015258789,38.220001220703125,65606600
2022-04-01,XLE,38.16999816894531,38.88999938964844,38.14500045776367,38.529998779296875,49612600
2022-04-04,XLE,38.779998779296875,38.904998779296875,38.16999816894531,38.58000183105469,46007400
2022-04-05,XLE,38.650001525878906,39.244998931884766,37.93000030517578,37.974998474121094,54577200
2022-04-06,XLE,38.38999938964844,38.73500061035156,37.98500061035156,38.20000076293945,64328400
2022-04-07,XLE,38.380001068115234,38.83000183105469,37.66999816894531,38.70000076293945,54097400
2022-04-08,XLE,38.80500030517578,39.875,38.80500030517578,39.76499938964844,53426200
2022-04-11,XLE,39.34000015258789,39.349998474121094,38.48500061035156,38.56999969482422,52461000
2022-04-12,XLE,39.349998474121094,39.92499923706055,39.1349983215332,39.209999084472656,63929400
2022-04-13,XLE,39.689998626708984,39.904998779296875,39.03499984741211,39.79499816894531,49295800
2022-04-14,XLE,39.60499954223633,40.2400016784668,39.54499816894531,39.92499923706055,51869400
2022-04-18,XLE,40.255001068115234,40.75,40.005001068115234,40.5099983215332,60913200
2022-04-19,XLE,40.29999923706055,40.69499969482422,39.94499969482422,40.18000030517578,45727800
2022-04-20,XLE,40.28499984741211,40.54999923706055,39.89500045776367,40.334999084472656,52079400
2022-04-21,XLE,40.57500076293945,40.755001068115234,38.904998779296875,39.05500030517578,65157800
2022-04-22,XLE,38.900001525878906,39.459999084472656,38.084999084472656,38.099998474121094,71499200
2022-04-25,XLE,36.900001525878906,37.040000915527344,35.5,36.84000015258789,110724400
2022-04-26,XLE,37.1150016784668,37.900001525878906,36.79499816894531,36.88999938964844,89168600
2022-04-27,XLE,37.125,37.79499816894531,36.459999084472656,37.43000030517578,89132600
2022-04-28,XLE,37.68000030517578,38.880001068115234,36.939998626708984,38.564998626708984,87469600
2022-04-29,XLE,38.650001525878906,38.869998931884766,37.439998626708984,37.57500076293945,79416200
2022-05-02,XLE,37.345001220703125,38.189998626708984,37.22999954223633,38.17499923706055,104141200
2022-05-03,XLE,38.244998931884766,39.42499923706055,38.220001220703125,39.244998931884766,83298800
2022-05-04,XLE,40.0,40.959999084472656,39.4900016784668,40.875,90767400
2022-05-05,XLE,41.165000915527344,41.20500183105469,39.439998626708984,40.2599983215332,93194000
2022-05-06,XLE,40.779998779296875,41.46500015258789,39.96500015258789,41.459999084472656,94245600
2022-05-09,XLE,40.56999969482422,40.60499954223633,37.875,38.029998779296875,106044000
2022-05-10,XLE,38.6150016784668,39.345001220703125,37.564998626708984,38.375,113727800
2022-05-11,XLE,39.01499938964844,40.165000915527344,38.82500076293945,38.88999938964844,99705000
2022-05-12,XLE,38.875,39.07500076293945,37.84000015258789,39.05500030517578,90043600
2022-05-13,XLE,39.6349983215332,40.54999923706055,39.564998626708984,40.38999938964844,59437400
2022-05-16,XLE,40.53499984741211,41.880001068115234,40.5099983215332,41.45500183105469,56518800
2022-05-17,XLE,42.01499938964844,42.189998626708984,41.560001373291016,41.935001373291016,56329400
2022-05-18,XLE,42.23500061035156,42.28499984741211,40.369998931884766,40.86000061035156,66461400
2022-05-19,XLE,39.93000030517578,41.39500045776367,39.93000030517578,40.709999084472656,71441000
2022-05-20,XLE,41.209999084472656,41.69499969482422,40.064998626708984,40.8849983215332,63840000
2022-05-23,XLE,41.369998931884766,42.11000061035156,41.1150016784668,41.96500015258789,53289400
2022-05-24,XLE,41.5,42.29999923706055,41.18000030517578,42.125,53127600
2022-05-25,XLE,42.27000045776367,43.05500030517578,42.209999084472656,42.994998931884766,52648000
2022-05-26,XLE,43.255001068115234,43.79499816894531,43.224998474121094,43.470001220703125,42678200
2022-05-27,XLE,43.275001525878906,44.3849983215332,43.16999816894531,44.26499938964844,37334400
2022-05-31,XLE,44.994998931884766,45.22999954223633,43.3650016784668,43.599998474121094,78681200
2022-06-01,XLE,44.150001525878906,44.6349983215332,43.665000915527344,44.310001373291016,59297200
2022-06-02,XLE,44.0,44.47999954223633,43.72999954223633,44.16999816894531,52605400
2022-06-03,XLE,44.224998474121094,44.89500045776367,44.17499923706055,44.755001068115234,41050600
2022-06-06,XLE,44.970001220703125,45.0,44.46500015258789,44.70500183105469,33384600
2022-06-07,XLE,44.67499923706055,46.099998474121094,44.63999938964844,46.040000915527344,51378800
2022-06-08,XLE,46.26499938964844,46.654998779296875,45.85499954223633,46.13999938964844,56985400
2022-06-09,XLE,45.744998931884766,46.03499984741211,45.06999969482422,45.119998931884766,49176200
2022-06-10,XLE,44.599998474121094,45.27000045776367,43.84000015258789,44.35499954223633,62543600
2022-06-13,XLE,43.0099983215332,43.05500030517578,41.20500183105469,42.040000915527344,89462600
2022-06-14,XLE,42.8849983215332,43.435001373291016,41.56999969482422,42.119998931884766,69512800
2022-06-15,XLE,42.025001525878906,42.23500061035156,40.494998931884766,41.189998626708984,86446400
2022-06-16,XLE,40.095001220703125,40.314998626708984,38.53499984741211,38.869998931884766,115958200
2022-06-17,XLE,38.599998474121094,38.8849983215332,36.29999923706055,36.744998931884766,128468400
2022-06-21,XLE,37.30500030517578,38.47999954223633,37.2400016784668,38.220001220703125,70013400
2022-06-22,XLE,36.380001068115234,37.334999084472656,36.18000030517578,36.689998626708984,82425200
2022-06-23,XLE,36.8650016784668,37.130001068115234,34.73500061035156,35.33000183105469,113842200
2022-06-24,XLE,35.935001373291016,36.55500030517578,35.415000915527344,35.79499816894531,94797000
2022-06-27,XLE,36.209999084472656,37.095001220703125,36.165000915527344,36.845001220703125,67958800
2022-06-28,XLE,37.720001220703125,38.45000076293945,37.27000045776367,37.84000015258789,79568000
2022-06-29,XLE,38.3650016784668,38.494998931884766,36.41999816894531,36.525001525878906,71184000
2022-06-30,XLE,35.7400016784668,36.68000030517578,35.435001373291016,35.755001068115234,75533400
2022-07-01,XLE,36.189998626708984,36.44499969482422,35.064998626708984,36.290000915527344,69204000
2022-07-05,XLE,35.540000915527344,35.709999084472656,34.095001220703125,34.849998474121094,89865800
2022-07-06,XLE,34.474998474121094,35.095001220703125,33.224998474121094,34.255001068115234,96419000
2022-07-07,XLE,35.185001373291016,35.77000045776367,35.099998474121094,35.4900016784668,67587200
2022-07-08,XLE,35.91999816894531,36.06999969482422,34.97999954223633,35.474998474121094,43940600
2022-07-11,XLE,35.029998779296875,35.43000030517578,34.665000915527344,35.1349983215332,45508200
2022-07-12,XLE,34.21500015258789,34.654998779296875,33.83000183105469,34.45000076293945,64690200
2022-07-13,XLE,33.95000076293945,35.1150016784668,33.95000076293945,34.39500045776367,58978000
2022-07-14,XLE,33.189998626708984,33.78499984741211,32.7400016784668,33.744998931884766,73273600
2022-07-15,XLE,34.47999954223633,34.51499938964844,33.78499984741211,34.29499816894531,59920600
2022-07-18,XLE,35.209999084472656,35.65999984741211,34.915000915527344,35.08000183105469,51453600
2022-07-19,XLE,35.029998779296875,36.25,35.02000045776367,36.15999984741211,48776400
2022-07-20,XLE,35.7599983215332,36.67499923706055,35.61000061035156,36.5099983215332,41849400
2022-07-21,XLE,35.5099983215332,35.904998779296875,34.83000183105469,35.869998931884766,43159200
2022-07-22,XLE,36.0099983215332,36.3650016784668,35.369998931884766,35.57500076293945,40836400
2022-07-25,XLE,36.064998626708984,36.915000915527344,35.6349983215332,36.880001068115234,39112000
2022-07-26,XLE,37.31999969482422,37.48500061035156,36.29999923706055,36.54499816894531,37228800
2022-07-27,XLE,36.779998779296875,37.55500030517578,36.404998779296875,37.369998931884766,44810800
2022-07-28,XLE,37.70500183105469,37.96500015258789,36.8849983215332,37.58000183105469,46665400
2022-07-29,XLE,38.26499938964844,39.33000183105469,38.189998626708984,39.209999084472656,51667600
2022-08-01,XLE,38.540000915527344,38.63999938964844,37.8849983215332,38.400001525878906,51331000
2022-08-02,XLE,38.404998779296875,38.69499969482422,37.970001220703125,38.310001373291016,39864400
2022-08-03,XLE,38.470001220703125,38.584999084472656,36.97999954223633,37.209999084472656,57013200
2022-08-04,XLE,36.95500183105469,37.060001373291016,35.69499969482422,35.83000183105469,55991000
2022-08-05,XLE,35.345001220703125,36.85499954223633,35.345001220703125,36.540000915527344,45179600
2022-08-08,XLE,36.5,37.060001373291016,36.44499969482422,36.72999954223633,37756600
2022-08-09,XLE,37.25,37.849998474121094,37.185001373291016,37.375,34683000
2022-08-10,XLE,37.459999084472656,37.86000061035156,36.720001220703125,37.64500045776367,34788400
2022-08-11,XLE,38.349998474121094,39.27000045776367,38.23500061035156,38.939998626708984,60531600
2022-08-12,XLE,38.685001373291016,39.255001068115234,38.52000045776367,39.23500061035156,38381000
2022-08-15,XLE,37.814998626708984,38.68000030517578,37.470001220703125,38.470001220703125,42024400
2022-08-16,XLE,38.525001525878906,38.93000030517578,38.13999938964844,38.380001068115234,39357600
2022-08-17,XLE,38.20500183105469,39.099998474121094,38.10499954223633,38.70000076293945,45472400
2022-08-18,XLE,39.130001068115234,39.779998779296875,39.060001373291016,39.7400016784668,46866000
2022-08-19,XLE,39.63999938964844,40.005001068115234,39.40999984741211,39.72999954223633,39488400
2022-08-22,XLE,39.38999938964844,39.900001525878906,38.7400016784668,39.654998779296875,45696200
2022-08-23,XLE,40.30500030517578,41.39500045776367,40.275001525878906,41.084999084472656,54367000
2022-08-24,XLE,41.09000015258789,41.650001525878906,40.904998779296875,41.59000015258789,49093200
2022-08-25,XLE,41.83000183105469,42.119998931884766,41.505001068115234,41.90999984741211,39798600
2022-08-26,XLE,41.82500076293945,42.279998779296875,41.23500061035156,41.41999816894531,38635200
2022-08-29,XLE,41.400001525878906,42.59000015258789,41.29499816894531,42.04499816894531,52125000
2022-08-30,XLE,41.32500076293945,41.334999084472656,40.28499984741211,40.619998931884766,57641800
2022-08-31,XLE,39.6150016784668,40.91999816894531,39.470001220703125,40.25,58304600
2022-09-01,XLE,39.654998779296875,39.80500030517578,38.709999084472656,39.2599983215332,56604200
2022-09-02,XLE,40.224998474121094,40.5099983215332,39.76499938964844,39.97999954223633,57188200
2022-09-06,XLE,40.35499954223633,40.4900016784668,39.44499969482422,39.61000061035156,45568200
2022-09-07,XLE,38.744998931884766,39.31999969482422,38.38999938964844,39.150001525878906,60541400
2022-09-08,XLE,39.32500076293945,39.51499938964844,38.845001220703125,39.31999969482422,53681600
2022-09-09,XLE,40.025001525878906,40.494998931884766,39.72999954223633,40.29999923706055,38678800
2022-09-12,XLE,40.88999938964844,41.48500061035156,40.540000915527344,41.040000915527344,41731800
2022-09-13,XLE,40.400001525878906,41.09000015258789,39.82500076293945,40.005001068115234,61146000
2022-09-14,XLE,40.380001068115234,41.42499923706055,40.380001068115234,41.1349983215332,54384200
2022-09-15,XLE,40.404998779296875,40.57500076293945,39.880001068115234,40.07500076293945,55886400
2022-09-16,XLE,39.95000076293945,39.97999954223633,38.650001525878906,39.220001220703125,70403600
2022-09-19,XLE,37.72999954223633,38.845001220703125,37.63999938964844,38.81999969482422,37625800
2022-09-20,XLE,38.54999923706055,38.775001525878906,38.095001220703125,38.54999923706055,42299600
2022-09-21,XLE,39.275001525878906,39.33000183105469,37.970001220703125,37.98500061035156,68705800
2022-09-22,XLE,38.67499923706055,38.79999923706055,37.81999969482422,37.849998474121094,57748000
2022-09-23,XLE,36.380001068115234,36.45000076293945,34.970001220703125,35.2400016784668,105475600
2022-09-26,XLE,35.02000045776367,35.459999084472656,34.33000183105469,34.375,72159600
2022-09-27,XLE,34.970001220703125,35.404998779296875,34.564998626708984,34.7599983215332,67671200
2022-09-28,XLE,35.11000061035156,36.5,34.900001525878906,36.29999923706055,63147600
2022-09-29,XLE,36.03499984741211,36.375,35.400001525878906,36.29999923706055,48563000
2022-09-30,XLE,36.0099983215332,36.5099983215332,35.65999984741211,36.0099983215332,43369400
2022-10-03,XLE,37.30500030517578,38.244998931884766,37.244998931884766,38.04499816894531,69550600
2022-10-04,XLE,38.814998626708984,39.71500015258789,38.5099983215332,39.68000030517578,66330800
2022-10-05,XLE,39.665000915527344,40.814998626708984,39.32500076293945,40.5,61273600
2022-10-06,XLE,40.16999816894531,41.345001220703125,40.13999938964844,41.220001220703125,52670200
2022-10-07,XLE,41.30500030517578,41.77000045776367,40.60499954223633,40.900001525878906,56915400
2022-10-10,XLE,41.060001373291016,41.40999984741211,39.93000030517578,40.060001373291016,46331600
2022-10-11,XLE,39.310001373291016,40.42499923706055,39.14500045776367,39.7400016784668,53842200
2022-10-12,XLE,39.47999954223633,40.34000015258789,39.220001220703125,40.060001373291016,41102400
2022-10-13,XLE,39.53499984741211,41.85499954223633,39.525001525878906,41.69499969482422,70134800
2022-10-14,XLE,41.2400016784668,41.834999084472656,40.060001373291016,40.13999938964844,53494600
2022-10-17,XLE,40.77000045776367,41.310001373291016,40.525001525878906,40.63999938964844,37988400
2022-10-18,XLE,40.974998474121094,41.375,40.20500183105469,40.994998931884766,50375800
2022-10-19,XLE,41.1150016784668,42.36000061035156,41.099998474121094,42.20500183105469,62527600
2022-10-20,XLE,42.525001525878906,42.915000915527344,41.9900016784668,42.244998931884766,50523600
2022-10-21,XLE,42.47999954223633,43.54999923706055,42.369998931884766,43.46500015258789,50548400
2022-10-24,XLE,43.439998626708984,43.974998474121094,43.20500183105469,43.66999816894531,44992000
2022-10-25,XLE,43.5,43.915000915527344,43.26499938964844,43.71500015258789,37683600
2022-10-26,XLE,43.880001068115234,44.65999984741211,43.849998474121094,44.310001373291016,45413000
2022-10-27,XLE,44.91999816894531,45.220001220703125,44.334999084472656,44.470001220703125,50021200
2022-10-28,XLE,44.95000076293945,45.314998626708984,43.82500076293945,44.625,49328000
2022-10-31,XLE,44.185001373291016,45.59000015258789,44.1349983215332,45.0,59520800
2022-11-01,XLE,45.755001068115234,45.775001525878906,45.15999984741211,45.435001373291016,43510800
2022-11-02,XLE,45.290000915527344,45.525001525878906,44.23500061035156,44.34000015258789,56499200
2022-11-03,XLE,44.06999969482422,45.415000915527344,43.94499969482422,45.15999984741211,53634400
2022-11-04,XLE,46.165000915527344,46.5099983215332,45.06999969482422,45.709999084472656,60590600
2022-11-07,XLE,45.80500030517578,46.63999938964844,45.724998474121094,46.494998931884766,38775400
2022-11-08,XLE,46.404998779296875,46.7400016784668,45.970001220703125,46.540000915527344,43718600
2022-11-09,XLE,45.90999984741211,46.05500030517578,44.165000915527344,44.26499938964844,63028000
2022-11-10,XLE,45.18000030517578,45.29999923706055,44.25,45.25,58488200
2022-11-11,XLE,46.1150016784668,46.80500030517578,46.005001068115234,46.564998626708984,51082600
2022-11-14,XLE,46.43000030517578,47.35499954223633,46.42499923706055,46.54999923706055,46245200
2022-11-15,XLE,46.724998474121094,47.15999984741211,46.41999816894531,47.040000915527344,51542200
2022-11-16,XLE,46.619998931884766,46.904998779296875,45.84000015258789,46.08000183105469,47277200
2022-11-17,XLE,45.375,46.220001220703125,45.13999938964844,46.18000030517578,42859800
2022-11-18,XLE,45.32500076293945,45.939998626708984,44.755001068115234,45.814998626708984,47366200
2022-11-21,XLE,44.81999969482422,45.314998626708984,43.64500045776367,45.19499969482422,85153600
2022-11-22,XLE,45.7599983215332,46.71500015258789,45.54999923706055,46.61000061035156,53755000
2022-11-23,XLE,45.76499938964844,46.400001525878906,45.595001220703125,46.10499954223633,41197400
2022-11-25,XLE,46.1349983215332,46.459999084472656,45.85499954223633,45.935001373291016,15182600
2022-11-28,XLE,44.810001373291016,45.375,44.525001525878906,44.67499923706055,58262400
2022-11-29,XLE,45.16999816894531,45.6150016784668,45.005001068115234,45.349998474121094,38048400
2022-11-30,XLE,45.85499954223633,45.94499969482422,44.86000061035156,45.57500076293945,43830200
2022-12-01,XLE,45.89500045776367,46.125,45.27000045776367,45.42499923706055,38902000
2022-12-02,XLE,45.11000061035156,45.689998626708984,44.88999938964844,45.154998779296875,36770000
2022-12-05,XLE,45.599998474121094,45.779998779296875,43.439998626708984,43.814998626708984,51753800
2022-12-06,XLE,43.540000915527344,44.064998626708984,42.3650016784668,42.65999984741211,64930200
2022-12-07,XLE,42.650001525878906,43.209999084472656,42.185001373291016,42.560001373291016,48894200
2022-12-08,XLE,43.51499938964844,43.61000061035156,42.1349983215332,42.369998931884766,51280800
2022-12-09,XLE,42.23500061035156,42.70000076293945,41.32500076293945,41.34000015258789,48097800
2022-12-12,XLE,41.57500076293945,42.525001525878906,41.415000915527344,42.42499923706055,42184800
2022-12-13,XLE,43.25,43.59000015258789,42.88999938964844,43.22999954223633,54557400
2022-12-14,XLE,43.525001525878906,43.68000030517578,42.58000183105469,42.96500015258789,52675600
2022-12-15,XLE,42.59000015258789,42.80500030517578,41.97999954223633,42.70500183105469,40406600
2022-12-16,XLE,41.900001525878906,42.380001068115234,41.60499954223633,42.18000030517578,59101000
2022-12-19,XLE,42.189998626708984,42.32500076293945,41.439998626708984,41.744998931884766,36836600
2022-12-20,XLE,41.875,42.64500045776367,41.71500015258789,42.375,28593000
2022-12-21,XLE,43.2400016784668,43.375,42.60499954223633,43.18000030517578,34058200
2022-12-22,XLE,43.224998474121094,43.25,41.34000015258789,42.185001373291016,37359400
2022-12-23,XLE,42.744998931884766,43.540000915527344,42.525001525878906,43.529998779296875,29630000
2022-12-27,XLE,43.720001220703125,44.18000030517578,43.560001373291016,43.994998931884766,32749200
2022-12-28,XLE,43.935001373291016,43.935001373291016,42.875,43.0099983215332,31838000
2022-12-29,XLE,42.83000183105469,43.654998779296875,42.810001373291016,43.459999084472656,26915800
2022-12-30,XLE,43.22999954223633,43.81999969482422,43.224998474121094,43.73500061035156,22661800
2023-01-03,XLE,43.459999084472656,43.68000030517578,41.67499923706055,42.20000076293945,53082800
2023-01-04,XLE,41.57500076293945,42.439998626708984,41.415000915527344,42.19499969482422,45705200
2023-01-05,XLE,42.125,43.20000076293945,42.005001068115234,42.96500015258789,38723800
2023-01-06,XLE,43.52000045776367,44.314998626708984,43.40999984741211,43.779998779296875,44422400
2023-01-09,XLE,44.439998626708984,44.5099983215332,43.48500061035156,43.625,46003200
2023-01-10,XLE,43.90999984741211,44.025001525878906,43.244998931884766,43.935001373291016,31599000
2023-01-11,XLE,44.31999969482422,44.43000030517578,43.595001220703125,44.06999969482422,32903000
2023-01-12,XLE,44.334999084472656,45.20000076293945,44.25,44.90999984741211,36716000
2023-01-13,XLE,44.875,45.084999084472656,44.400001525878906,44.974998474121094,31808400
2023-01-17,XLE,45.08000183105469,45.540000915527344,44.8849983215332,45.06999969482422,33933200
2023-01-18,XLE,45.279998779296875,45.78499984741211,44.20000076293945,44.244998931884766,38075200
2023-01-19,XLE,43.9900016784668,44.974998474121094,43.89500045776367,44.79499816894531,34293800
2023-01-20,XLE,44.88999938964844,45.39500045776367,44.435001373291016,45.2400016784668,28560000
2023-01-23,XLE,45.56999969482422,45.79499816894531,45.154998779296875,45.29999923706055,29305000
2023-01-24,XLE,45.150001525878906,45.22999954223633,44.22999954223633,45.125,30755200
2023-01-25,XLE,44.904998779296875,45.130001068115234,44.189998626708984,45.130001068115234,26861200
2023-01-26,XLE,45.86000061035156,46.57500076293945,45.29999923706055,46.55500030517578,36663000
2023-01-27,XLE,46.30500030517578,46.53499984741211,45.540000915527344,45.6150016784668,34841000
2023-01-30,XLE,45.28499984741211,45.349998474121094,44.5099983215332,44.56999969482422,27525000
2023-01-31,XLE,44.41999816894531,45.03499984741211,43.96500015258789,44.96500015258789,27848200
2023-02-01,XLE,44.755001068115234,44.94499969482422,43.5,44.08000183105469,46967200
2023-02-02,XLE,43.90999984741211,43.994998931884766,42.599998474121094,43.07500076293945,49803000
2023-02-03,XLE,43.255001068115234,43.95500183105469,42.935001373291016,42.97999954223633,45454800
2023-02-06,XLE,43.02000045776367,43.345001220703125,42.2599983215332,42.78499984741211,31714400
2023-02-07,XLE,43.05500030517578,44.2400016784668,42.83000183105469,44.17499923706055,41014000
2023-02-08,XLE,44.13999938964844,44.3650016784668,43.529998779296875,43.779998779296875,26967200
2023-02-09,XLE,43.78499984741211,43.92499923706055,43.375,43.404998779296875,32150400
2023-02-10,XLE,44.125,45.19499969482422,44.084999084472656,45.10499954223633,40003200
2023-02-13,XLE,44.875,45.165000915527344,44.40999984741211,44.9900016784668,24744800
2023-02-14,XLE,44.6349983215332,45.334999084472656,44.5099983215332,45.005001068115234,27022600
2023-02-15,XLE,44.5,44.595001220703125,43.67499923706055,44.2400016784668,31939600
2023-02-16,XLE,44.0,44.380001068115234,43.7599983215332,43.80500030517578,25314200
2023-02-17,XLE,43.125,43.154998779296875,42.060001373291016,42.244998931884766,44680400
2023-02-21,XLE,42.060001373291016,42.52000045776367,41.95500183105469,42.03499984741211,33622600
2023-02-22,XLE,41.91999816894531,42.314998626708984,41.39500045776367,41.755001068115234,40270400
2023-02-23,XLE,42.3849983215332,42.630001068115234,41.849998474121094,42.3849983215332,35023400
2023-02-24,XLE,41.7599983215332,42.38999938964844,41.52000045776367,42.33000183105469,37496800
2023-02-27,XLE,42.415000915527344,42.63999938964844,42.10499954223633,42.45500183105469,30676400
2023-02-28,XLE,42.8849983215332,42.900001525878906,41.810001373291016,41.845001220703125,38007600
2023-03-01,XLE,41.880001068115234,42.8849983215332,41.724998474121094,42.66999816894531,37094000
2023-03-02,XLE,42.595001220703125,43.20500183105469,42.459999084472656,43.04499816894531,32798600
2023-03-03,XLE,42.529998779296875,43.845001220703125,42.5,43.630001068115234,50675200
2023-03-06,XLE,43.38999938964844,43.720001220703125,43.21500015258789,43.650001525878906,33898400
2023-03-07,XLE,43.38999938964844,43.5,42.779998779296875,42.88999938964844,37000400
2023-03-08,XLE,42.70000076293945,43.244998931884766,42.040000915527344,42.45000076293945,39399000
2023-03-09,XLE,42.69499969482422,43.29499816894531,41.84000015258789,41.849998474121094,37888200
2023-03-10,XLE,41.849998474121094,42.439998626708984,41.07500076293945,41.314998626708984,56624800
2023-03-13,XLE,40.2599983215332,41.20000076293945,39.55500030517578,40.474998474121094,83327000
2023-03-14,XLE,40.470001220703125,41.78499984741211,40.154998779296875,40.875,61066400
2023-03-15,XLE,39.375,39.67499923706055,38.119998931884766,38.68000030517578,115347000
2023-03-16,XLE,37.83000183105469,39.20000076293945,37.68000030517578,39.099998474121094,88790400
2023-03-17,XLE,38.875,39.20000076293945,38.16999816894531,38.48500061035156,67351600
2023-03-20,XLE,38.04999923706055,39.099998474121094,38.04999923706055,38.849998474121094,52288800
2023-03-21,XLE,39.650001525878906,40.31999969482422,39.529998779296875,40.19499969482422,59712400
2023-03-22,XLE,40.220001220703125,40.404998779296875,39.310001373291016,39.34000015258789,49209400
2023-03-23,XLE,39.55500030517578,39.900001525878906,38.41999816894531,38.79499816894531,49486200
2023-03-24,XLE,38.025001525878906,39.095001220703125,37.904998779296875,38.94499969482422,41298000
2023-03-27,XLE,39.35499954223633,40.0,39.040000915527344,39.775001525878906,40223800
2023-03-28,XLE,39.54999923706055,40.564998626708984,39.53499984741211,40.38999938964844,32596800
2023-03-29,XLE,40.790000915527344,40.994998931884766,40.525001525878906,40.95000076293945,36204600
2023-03-30,XLE,41.290000915527344,41.349998474121094,40.88999938964844,41.130001068115234,27460800
2023-03-31,XLE,41.23500061035156,41.48500061035156,41.084999084472656,41.415000915527344,32294600
2023-04-03,XLE,43.15999984741211,43.56999969482422,42.935001373291016,43.290000915527344,62452200
2023-04-04,XLE,43.41999816894531,43.474998474121094,42.125,42.505001068115234,49363000
2023-04-05,XLE,42.61000061035156,43.14500045776367,42.255001068115234,43.14500045776367,40552200
2023-04-06,XLE,43.08000183105469,43.125,42.404998779296875,42.4900016784668,33378600
2023-04-10,XLE,42.650001525878906,43.31999969482422,42.650001525878906,42.83000183105469,26977200
2023-04-11,XLE,43.06999969482422,43.505001068115234,42.82500076293945,43.23500061035156,25575200
2023-04-12,XLE,43.53499984741211,43.625,43.1349983215332,43.26499938964844,33334400
2023-04-13,XLE,43.20000076293945,43.64500045776367,43.095001220703125,43.53499984741211,31384600
2023-04-14,XLE,43.595001220703125,43.869998931884766,43.36000061035156,43.6150016784668,23560200
2023-04-17,XLE,43.470001220703125,43.650001525878906,42.95000076293945,43.099998474121094,23762000
2023-04-18,XLE,43.0,43.380001068115234,42.78499984741211,43.27000045776367,24493600
2023-04-19,XLE,42.880001068115234,43.154998779296875,42.64500045776367,43.119998931884766,34246200
2023-04-20,XLE,42.52000045776367,42.75,42.220001220703125,42.7400016784668,30396200
2023-04-21,XLE,42.89500045776367,42.915000915527344,42.29999923706055,42.4900016784668,33757600
2023-04-24,XLE,42.35499954223633,43.34000015258789,42.34000015258789,43.13999938964844,25251800
2023-04-25,XLE,42.720001220703125,42.79499816894531,42.08000183105469,42.33000183105469,30665200
2023-04-26,XLE,42.029998779296875,42.41999816894531,41.5099983215332,41.76499938964844,40070000
2023-04-27,XLE,41.7400016784668,42.02000045776367,41.345001220703125,41.915000915527344,34114600
2023-04-28,XLE,41.76499938964844,42.79499816894531,41.619998931884766,42.564998626708984,38228600
2023-05-01,XLE,42.029998779296875,42.540000915527344,41.86000061035156,42.084999084472656,27821400
2023-05-02,XLE,41.58000183105469,41.64500045776367,39.869998931884766,40.255001068115234,67648000
2023-05-03,XLE,39.7400016784668,40.20500183105469,39.47999954223633,39.494998931884766,59367600
2023-05-04,XLE,39.5099983215332,39.90999984741211,38.935001373291016,39.05500030517578,52861000
2023-05-05,XLE,40.1349983215332,40.43000030517578,39.89500045776367,40.1150016784668,39073400
2023-05-08,XLE,40.70000076293945,40.875,40.11000061035156,40.1150016784668,32711800
2023-05-09,XLE,39.79999923706055,40.5099983215332,39.71500015258789,40.130001068115234,41421200
2023-05-10,XLE,40.33000183105469,40.40999984741211,39.375,39.67499923706055,36052000
2023-05-11,XLE,39.1150016784668,39.404998779296875,38.900001525878906,39.20000076293945,38168200
2023-05-12,XLE,39.39500045776367,39.65999984741211,38.974998474121094,39.2599983215332,37913200
2023-05-15,XLE,39.404998779296875,39.685001373291016,39.095001220703125,39.459999084472656,32544600
2023-05-16,XLE,39.275001525878906,39.44499969482422,38.43000030517578,38.4900016784668,44511200
2023-05-17,XLE,38.8849983215332,39.439998626708984,38.599998474121094,39.22999954223633,46200600
2023-05-18,XLE,38.994998931884766,39.564998626708984,38.75,39.51499938964844,33154200
2023-05-19,XLE,39.880001068115234,40.130001068115234,39.595001220703125,39.81999969482422,36122200
2023-05-22,XLE,39.66999816894531,40.060001373291016,39.595001220703125,39.654998779296875,26943600
2023-05-23,XLE,40.03499984741211,40.53499984741211,39.93000030517578,40.08000183105469,42803800
2023-05-24,XLE,40.39500045776367,40.564998626708984,39.915000915527344,40.255001068115234,33474200
2023-05-25,XLE,39.67499923706055,39.7599983215332,39.16999816894531,39.540000915527344,38251000
2023-05-26,XLE,39.779998779296875,39.88999938964844,39.18000030517578,39.3849983215332,28785800
2023-05-30,XLE,38.70000076293945,39.025001525878906,38.54999923706055,38.97999954223633,40331600
2023-05-31,XLE,38.369998931884766,38.665000915527344,38.165000915527344,38.29499816894531,44797600
2023-06-01,XLE,38.3849983215332,39.20500183105469,38.125,38.77000045776367,51623600
2023-06-02,XLE,39.494998931884766,40.13999938964844,39.224998474121094,39.95000076293945,55278800
2023-06-05,XLE,40.53499984741211,40.53499984741211,39.6150016784668,39.685001373291016,37826200
2023-06-06,XLE,39.15999984741211,40.040000915527344,39.119998931884766,40.005001068115234,34750800
2023-06-07,XLE,40.20000076293945,41.1150016784668,40.17499923706055,41.064998626708984,60654200
2023-06-08,XLE,41.119998931884766,41.2599983215332,40.209999084472656,40.88999938964844,46155200
2023-06-09,XLE,40.869998931884766,41.06999969482422,40.55500030517578,40.665000915527344,38387000
2023-06-12,XLE,40.05500030517578,40.68000030517578,40.0,40.275001525878906,36387000
2023-06-13,XLE,40.720001220703125,41.2599983215332,40.44499969482422,40.46500015258789,40136400
2023-06-14,XLE,40.8650016784668,41.04499816894531,39.75,40.04999923706055,47605400
2023-06-15,XLE,40.119998931884766,40.79499816894531,40.11000061035156,40.4900016784668,46777000
2023-06-16,XLE,40.63999938964844,40.755001068115234,40.314998626708984,40.43000030517578,47461800
2023-06-20,XLE,39.810001373291016,39.85499954223633,38.8849983215332,39.18000030517578,42552000
2023-06-21,XLE,39.02000045776367,39.82500076293945,38.959999084472656,39.4900016784668,34473800
2023-06-22,XLE,39.130001068115234,39.17499923706055,38.814998626708984,38.959999084472656,33507400
2023-06-23,XLE,38.540000915527344,38.78499984741211,38.36000061035156,38.68000030517578,34905200
2023-06-26,XLE,38.75,39.595001220703125,38.65999984741211,39.375,32488600
2023-06-27,XLE,39.334999084472656,39.6349983215332,39.10499954223633,39.46500015258789,28388400
2023-06-28,XLE,39.42499923706055,39.915000915527344,39.07500076293945,39.8650016784668,32903200
2023-06-29,XLE,40.01499938964844,40.32500076293945,39.79999923706055,40.32500076293945,28435800
2023-06-30,XLE,40.599998474121094,40.790000915527344,40.29999923706055,40.584999084472656,35970600
2023-07-03,XLE,40.685001373291016,40.98500061035156,40.529998779296875,40.68000030517578,19539800
2023-07-05,XLE,40.849998474121094,40.86000061035156,40.224998474121094,40.45500183105469,32557400
2023-07-06,XLE,40.01499938964844,40.29499816894531,39.244998931884766,39.54499816894531,41967800
2023-07-07,XLE,39.349998474121094,40.77000045776367,39.31999969482422,40.39500045776367,48916000
2023-07-10,XLE,40.290000915527344,40.790000915527344,40.2599983215332,40.709999084472656,30925000
2023-07-11,XLE,40.89500045776367,41.66999816894531,40.814998626708984,41.60499954223633,39642000
2023-07-12,XLE,41.94499969482422,42.224998474121094,41.72999954223633,41.9900016784668,43077600
2023-07-13,XLE,41.9900016784668,42.25,41.439998626708984,41.83000183105469,53226400
2023-07-14,XLE,41.560001373291016,41.599998474121094,40.625,40.724998474121094,43988200
2023-07-17,XLE,40.58000183105469,40.81999969482422,40.459999084472656,40.64500045776367,32445800
2023-07-18,XLE,40.54999923706055,41.47999954223633,40.48500061035156,41.05500030517578,43209400
2023-07-19,XLE,41.05500030517578,41.57500076293945,40.96500015258789,41.29499816894531,37521000
2023-07-20,XLE,41.6349983215332,41.8650016784668,41.43000030517578,41.779998779296875,35449800
2023-07-21,XLE,41.935001373291016,42.16999816894531,41.665000915527344,42.150001525878906,31529000
2023-07-24,XLE,42.3650016784668,43.13999938964844,42.349998474121094,42.83000183105469,44539600
2023-07-25,XLE,42.810001373291016,43.30500030517578,42.54999923706055,43.05500030517578,33606600
2023-07-26,XLE,42.70000076293945,43.2400016784668,42.63999938964844,43.06999969482422,32788000
2023-07-27,XLE,43.30500030517578,43.47999954223633,42.67499923706055,42.79499816894531,35550600
2023-07-28,XLE,42.76499938964844,42.935001373291016,42.29999923706055,42.92499923706055,34627800
2023-07-31,XLE,43.29999923706055,43.8650016784668,43.17499923706055,43.7400016784668,36266400
2023-08-01,XLE,43.564998626708984,43.65999984741211,43.064998626708984,43.53499984741211,35766000
2023-08-02,XLE,43.2400016784668,43.459999084472656,42.599998474121094,42.96500015258789,45920000
2023-08-03,XLE,43.08000183105469,43.790000915527344,42.845001220703125,43.400001525878906,41630600
2023-08-04,XLE,43.709999084472656,44.119998931884766,43.40999984741211,43.459999084472656,43208200
2023-08-07,XLE,43.70500183105469,43.79499816894531,43.380001068115234,43.5099983215332,26821600
2023-08-08,XLE,42.80500030517578,43.744998931884766,42.48500061035156,43.724998474121094,37237200
2023-08-09,XLE,44.150001525878906,44.68000030517578,43.875,44.275001525878906,52085600
2023-08-10,XLE,44.34000015258789,44.845001220703125,43.970001220703125,44.27000045776367,39226600
2023-08-11,XLE,44.25,45.0,44.2400016784668,44.95000076293945,46689200
2023-08-14,XLE,44.82500076293945,44.94499969482422,44.459999084472656,44.7599983215332,30189400
2023-08-15,XLE,44.45000076293945,44.5,43.75,43.83000183105469,44982400
2023-08-16,XLE,43.875,44.349998474121094,43.41999816894531,43.45000076293945,37995400
2023-08-17,XLE,44.060001373291016,44.56999969482422,43.904998779296875,43.970001220703125,40464200
2023-08-18,XLE,43.71500015258789,44.459999084472656,43.57500076293945,44.404998779296875,35307200
2023-08-21,XLE,44.584999084472656,44.76499938964844,43.81999969482422,44.125,30488400
2023-08-22,XLE,44.18000030517578,44.334999084472656,43.7599983215332,43.78499984741211,25732800
2023-08-23,XLE,43.310001373291016,43.71500015258789,42.935001373291016,43.67499923706055,38798600
2023-08-24,XLE,43.279998779296875,43.834999084472656,43.25,43.375,33455000
2023-08-25,XLE,43.6349983215332,44.01499938964844,43.255001068115234,43.79499816894531,38036800
2023-08-28,XLE,43.90999984741211,44.41999816894531,43.834999084472656,44.09000015258789,25718200
2023-08-29,XLE,44.25,44.255001068115234,43.77000045776367,44.209999084472656,27019400
2023-08-30,XLE,44.40999984741211,44.5099983215332,44.23500061035156,44.43000030517578,27890200
2023-08-31,XLE,44.595001220703125,44.66999816894531,44.13999938964844,44.459999084472656,29617400
2023-09-01,XLE,44.95000076293945,45.41999816894531,44.939998626708984,45.369998931884766,35764200
2023-09-05,XLE,45.625,46.07500076293945,45.58000183105469,45.61000061035156,48737400
2023-09-06,XLE,45.52000045776367,45.875,45.29499816894531,45.630001068115234,40324200
2023-09-07,XLE,45.720001220703125,45.95500183105469,45.505001068115234,45.584999084472656,30729200
2023-09-08,XLE,45.79999923706055,46.35499954223633,45.775001525878906,46.025001525878906,34739000
2023-09-11,XLE,46.36000061035156,46.5,45.23500061035156,45.41999816894531,44095000
2023-09-12,XLE,45.90999984741211,46.540000915527344,45.82500076293945,46.4900016784668,53599400
2023-09-13,XLE,46.53499984741211,46.630001068115234,45.900001525878906,46.13999938964844,36315400
2023-09-14,XLE,46.619998931884766,46.845001220703125,46.47999954223633,46.68000030517578,37099800
2023-09-15,XLE,46.25,46.70500183105469,46.005001068115234,46.005001068115234,49612800
2023-09-18,XLE,46.13999938964844,46.275001525878906,45.71500015258789,46.05500030517578,33746600
2023-09-19,XLE,46.400001525878906,46.46500015258789,45.35499954223633,45.625,36264400
2023-09-20,XLE,45.400001525878906,45.915000915527344,45.16999816894531,45.20000076293945,35930400
2023-09-21,XLE,45.5099983215332,45.6150016784668,44.505001068115234,44.58000183105469,43446200
2023-09-22,XLE,44.915000915527344,45.21500015258789,44.6150016784668,44.654998779296875,42067400
2023-09-25,XLE,44.53499984741211,45.28499984741211,44.53499984741211,45.21500015258789,35073800
2023-09-26,XLE,44.82500076293945,45.224998474121094,44.755001068115234,44.95500183105469,33460000
2023-09-27,XLE,45.51499938964844,46.20500183105469,45.314998626708984,46.07500076293945,46289400
2023-09-28,XLE,45.875,46.39500045776367,45.77000045776367,46.125,48462800
2023-09-29,XLE,46.05500030517578,46.23500061035156,45.025001525878906,45.19499969482422,48369200
2023-10-02,XLE,45.1349983215332,45.255001068115234,43.9900016784668,44.29499816894531,50599800
2023-10-03,XLE,44.189998626708984,44.349998474121094,43.83000183105469,44.26499938964844,41466600
2023-10-04,XLE,43.60499954223633,43.68000030517578,42.45500183105469,42.875,59572400
2023-10-05,XLE,42.2599983215332,42.98500061035156,42.2599983215332,42.61000061035156,47037000
2023-10-06,XLE,42.61000061035156,43.255001068115234,42.130001068115234,42.8650016784668,51481000
2023-10-09,XLE,44.01499938964844,44.47999954223633,43.70000076293945,44.29499816894531,61489000
2023-10-10,XLE,44.334999084472656,44.64500045776367,44.084999084472656,44.349998474121094,41700600
2023-10-11,XLE,43.89500045776367,43.939998626708984,43.275001525878906,43.779998779296875,47145400
2023-10-12,XLE,44.244998931884766,44.28499984741211,43.625,43.83000183105469,39986400
2023-10-13,XLE,44.54499816894531,45.0099983215332,44.35499954223633,44.79499816894531,48511800
2023-10-16,XLE,45.084999084472656,45.22999954223633,44.665000915527344,45.095001220703125,38365200
2023-10-17,XLE,44.994998931884766,45.70500183105469,44.93000030517578,45.564998626708984,40424000
2023-10-18,XLE,45.75,46.16999816894531,45.64500045776367,45.97999954223633,47616800
2023-10-19,XLE,45.81999969482422,46.279998779296875,45.3849983215332,45.900001525878906,63297000
2023-10-20,XLE,45.81999969482422,45.9900016784668,44.974998474121094,45.130001068115234,46549600
2023-10-23,XLE,44.869998931884766,44.875,44.19499969482422,44.400001525878906,51888200
2023-10-24,XLE,44.5099983215332,44.54499816894531,43.7599983215332,43.775001525878906,44271600
2023-10-25,XLE,43.80500030517578,44.029998779296875,43.474998474121094,43.69499969482422,41412600
2023-10-26,XLE,43.29499816894531,43.55500030517578,42.92499923706055,43.35499954223633,44770400
2023-10-27,XLE,43.310001373291016,43.474998474121094,42.16999816894531,42.314998626708984,53809400
2023-10-30,XLE,42.46500015258789,42.77000045776367,42.04499816894531,42.45500183105469,45530600
2023-10-31,XLE,42.505001068115234,42.685001373291016,42.08000183105469,42.595001220703125,37205600
2023-11-01,XLE,42.8650016784668,43.095001220703125,42.435001373291016,42.494998931884766,46082600
2023-11-02,XLE,42.599998474121094,43.81999969482422,42.35499954223633,43.779998779296875,45323000
2023-11-03,XLE,43.70000076293945,43.84000015258789,43.07500076293945,43.34000015258789,47235000
2023-11-06,XLE,43.685001373291016,43.685001373291016,42.724998474121094,42.849998474121094,41035400
2023-11-07,XLE,42.290000915527344,42.3650016784668,41.71500015258789,41.900001525878906,47550200
2023-11-08,XLE,41.7400016784668,42.01499938964844,41.36000061035156,41.375,50742000
2023-11-09,XLE,41.68000030517578,41.775001525878906,41.224998474121094,41.25,38232200
2023-11-10,XLE,41.71500015258789,41.80500030517578,41.310001373291016,41.70500183105469,34565600
2023-11-13,XLE,41.77000045776367,42.09000015258789,41.63999938964844,42.005001068115234,28447400
2023-11-14,XLE,42.165000915527344,42.5,42.095001220703125,42.380001068115234,34724000
2023-11-15,XLE,42.314998626708984,42.834999084472656,42.2400016784668,42.29999923706055,33043600
2023-11-16,XLE,41.900001525878906,42.060001373291016,41.05500030517578,41.474998474121094,53166000
2023-11-17,XLE,41.83000183105469,42.625,41.72999954223633,42.345001220703125,48850800
2023-11-20,XLE,42.52000045776367,42.77000045776367,42.39500045776367,42.404998779296875,29093800
2023-11-21,XLE,42.20500183105469,42.3849983215332,41.904998779296875,42.310001373291016,26973800
2023-11-22,XLE,41.46500015258789,42.32500076293945,41.22999954223633,42.290000915527344,36547200
2023-11-24,XLE,42.275001525878906,42.779998779296875,42.25,42.46500015258789,19152600
2023-11-27,XLE,42.244998931884766,42.38999938964844,41.91999816894531,42.314998626708984,24501800
2023-11-28,XLE,42.400001525878906,42.71500015258789,42.244998931884766,42.32500076293945,28921800
2023-11-29,XLE,42.59000015258789,42.64500045776367,41.875,42.0099983215332,45268000
2023-11-30,XLE,42.369998931884766,42.89500045776367,41.78499984741211,42.290000915527344,58364600
2023-12-01,XLE,42.2400016784668,43.01499938964844,42.04999923706055,42.5099983215332,43048000
2023-12-04,XLE,42.20000076293945,42.58000183105469,42.005001068115234,42.314998626708984,37070200
2023-12-05,XLE,42.290000915527344,42.369998931884766,41.54999923706055,41.57500076293945,37747200
2023-12-06,XLE,41.30500030517578,41.595001220703125,40.79499816894531,40.95500183105469,62306600
2023-12-07,XLE,41.14500045776367,41.349998474121094,40.529998779296875,40.67499923706055,40908800
2023-12-08,XLE,40.94499969482422,41.2400016784668,40.86000061035156,41.1150016784668,34127200
2023-12-11,XLE,41.150001525878906,41.29999923706055,40.959999084472656,41.165000915527344,29344200
2023-12-12,XLE,40.78499984741211,40.83000183105469,40.369998931884766,40.599998474121094,45386600
2023-12-13,XLE,40.625,41.18000030517578,40.435001373291016,41.165000915527344,46445600
2023-12-14,XLE,41.58000183105469,42.43000030517578,41.58000183105469,42.375,60717400
2023-12-15,XLE,41.994998931884766,42.22999954223633,41.79999923706055,42.150001525878906,46366400
2023-12-18,XLE,42.4900016784668,42.70500183105469,42.04999923706055,42.09000015258789,42447200
2023-12-19,XLE,42.16999816894531,42.63999938964844,42.07500076293945,42.595001220703125,36862400
2023-12-20,XLE,42.744998931884766,42.994998931884766,42.150001525878906,42.20000076293945,39818200
2023-12-21,XLE,42.28499984741211,42.43000030517578,41.970001220703125,42.3650016784668,26062800
2023-12-22,XLE,42.66999816894531,42.86000061035156,42.42499923706055,42.4900016784668,25037800
2023-12-26,XLE,42.849998474121094,43.084999084472656,42.720001220703125,42.85499954223633,25983400
2023-12-27,XLE,42.85499954223633,43.0,42.5099983215332,42.665000915527344,20238200
2023-12-28,XLE,42.44499969482422,42.61000061035156,42.0,42.01499938964844,26198000
2023-12-29,XLE,42.15999984741211,42.20000076293945,41.79499816894531,41.91999816894531,24345400
2024-01-02,XLE,42.21500015258789,42.7599983215332,42.154998779296875,42.369998931884766,39301800
2024-01-03,XLE,42.435001373291016,43.21500015258789,42.220001220703125,43.060001373291016,37936000
2024-01-04,XLE,43.369998931884766,43.55500030517578,42.279998779296875,42.30500030517578,42049000
2024-01-05,XLE,42.709999084472656,42.72999954223633,42.14500045776367,42.34000015258789,34029200
2024-01-08,XLE,41.619998931884766,41.900001525878906,41.04999923706055,41.849998474121094,47218600
2024-01-09,XLE,41.904998779296875,41.95000076293945,41.09000015258789,41.18000030517578,33750400
2024-01-10,XLE,41.2599983215332,41.275001525878906,40.61000061035156,40.775001525878906,33159800
2024-01-11,XLE,40.994998931884766,41.099998474121094,40.71500015258789,40.880001068115234,38588600
2024-01-12,XLE,41.5099983215332,41.67499923706055,41.09000015258789,41.34000015258789,38769200
2024-01-16,XLE,41.25,41.30500030517578,40.33000183105469,40.35499954223633,36031200
2024-01-17,XLE,39.939998626708984,40.41999816894531,39.849998474121094,40.02000045776367,39284200
2024-01-18,XLE,40.029998779296875,40.064998626708984,39.4900016784668,39.95500183105469,35705600
2024-01-19,XLE,39.935001373291016,40.09000015258789,39.79499816894531,40.084999084472656,39940200
2024-01-22,XLE,40.0,40.32500076293945,39.7400016784668,40.23500061035156,30136800
2024-01-23,XLE,40.16999816894531,40.64500045776367,40.11000061035156,40.31999969482422,24709200
2024-01-24,XLE,40.529998779296875,40.915000915527344,40.34000015258789,40.89500045776367,33841000
2024-01-25,XLE,41.185001373291016,41.83000183105469,40.939998626708984,41.814998626708984,37609400
2024-01-26,XLE,41.77000045776367,42.13999938964844,41.46500015258789,42.125,36469600
2024-01-29,XLE,42.060001373291016,42.125,41.625,42.064998626708984,29680600
2024-01-30,XLE,41.650001525878906,42.5099983215332,41.4900016784668,42.5,35341200
2024-01-31,XLE,42.5,42.58000183105469,41.685001373291016,41.70500183105469,38580800
2024-02-01,XLE,41.95500183105469,42.150001525878906,41.314998626708984,41.70000076293945,51101400
2024-02-02,XLE,42.04999923706055,42.09000015258789,41.40999984741211,41.7599983215332,38075000
2024-02-05,XLE,41.505001068115234,41.904998779296875,41.20500183105469,41.654998779296875,31593600
2024-02-06,XLE,41.86000061035156,42.20000076293945,41.6150016784668,41.790000915527344,28056200
2024-02-07,XLE,41.90999984741211,42.09000015258789,41.53499984741211,41.875,26920400
2024-02-08,XLE,41.849998474121094,42.459999084472656,41.84000015258789,42.30500030517578,36201000
2024-02-09,XLE,42.3849983215332,42.564998626708984,41.61000061035156,41.654998779296875,38073400
2024-02-12,XLE,41.79999923706055,42.23500061035156,41.79999923706055,42.1150016784668,25893800
2024-02-13,XLE,42.154998779296875,42.29999923706055,41.41999816894531,41.689998626708984,41156800
2024-02-14,XLE,41.994998931884766,42.125,41.43000030517578,41.650001525878906,40894600
2024-02-15,XLE,41.63999938964844,42.93000030517578,41.60499954223633,42.810001373291016,43364400
2024-02-16,XLE,42.98500061035156,43.125,42.65999984741211,42.78499984741211,26960800
2024-02-20,XLE,42.83000183105469,42.85499954223633,42.34000015258789,42.39500045776367,28995600
2024-02-21,XLE,42.57500076293945,43.22999954223633,42.54499816894531,43.189998626708984,28745800
2024-02-22,XLE,42.915000915527344,43.44499969482422,42.709999084472656,43.26499938964844,35206800
2024-02-23,XLE,42.845001220703125,43.119998931884766,42.56999969482422,42.97999954223633,28952400
2024-02-26,XLE,42.93000030517578,43.415000915527344,42.71500015258789,43.130001068115234,23376400
2024-02-27,XLE,43.16999816894531,43.35499954223633,42.724998474121094,42.94499969482422,26317400
2024-02-28,XLE,43.0,43.32500076293945,42.689998626708984,42.86000061035156,26679600
2024-02-29,XLE,42.95000076293945,43.209999084472656,42.83000183105469,43.06999969482422,27335400
2024-03-01,XLE,43.380001068115234,43.77000045776367,43.30500030517578,43.56999969482422,32459600
2024-03-04,XLE,43.54499816894531,43.65999984741211,43.064998626708984,43.10499954223633,33198000
2024-03-05,XLE,43.040000915527344,43.70500183105469,42.98500061035156,43.42499923706055,32174200
2024-03-06,XLE,43.790000915527344,44.02000045776367,43.46500015258789,43.560001373291016,28008800
2024-03-07,XLE,43.619998931884766,44.17499923706055,43.584999084472656,43.93000030517578,24569200
2024-03-08,XLE,43.869998931884766,44.095001220703125,43.7599983215332,44.084999084472656,28252000
2024-03-11,XLE,44.095001220703125,44.55500030517578,43.76499938964844,44.540000915527344,24983800
2024-03-12,XLE,44.53499984741211,44.65999984741211,44.23500061035156,44.470001220703125,23780600
2024-03-13,XLE,44.935001373291016,45.42499923706055,44.86000061035156,45.18000030517578,42725200
2024-03-14,XLE,45.36000061035156,45.665000915527344,45.185001373291016,45.64500045776367,35946000
2024-03-15,XLE,45.61000061035156,46.11000061035156,45.505001068115234,45.779998779296875,37753400
2024-03-18,XLE,45.595001220703125,45.72999954223633,45.21500015258789,45.56999969482422,30496800
2024-03-19,XLE,45.564998626708984,46.125,45.53499984741211,46.09000015258789,28545800
2024-03-20,XLE,45.82500076293945,46.189998626708984,45.755001068115234,46.025001525878906,32659400
2024-03-21,XLE,46.10499954223633,46.39500045776367,45.959999084472656,46.29999923706055,23334200
2024-03-22,XLE,46.31999969482422,46.435001373291016,46.084999084472656,46.20000076293945,17948800
2024-03-25,XLE,46.36000061035156,46.939998626708984,46.349998474121094,46.630001068115234,35074400
2024-03-26,XLE,46.67499923706055,46.779998779296875,46.18000030517578,46.27000045776367,35373800
2024-03-27,XLE,46.16999816894531,46.709999084472656,46.09000015258789,46.70000076293945,33960000
2024-03-28,XLE,46.974998474121094,47.290000915527344,46.75,47.20500183105469,34615200
2024-04-01,XLE,47.345001220703125,47.69499969482422,46.880001068115234,47.55500030517578,42899000
2024-04-02,XLE,47.7599983215332,48.27000045776367,47.54999923706055,48.220001220703125,38671200
2024-04-03,XLE,48.400001525878906,48.6150016784668,48.2400016784668,48.54999923706055,29148800
2024-04-04,XLE,48.625,48.79999923706055,48.33000183105469,48.52000045776367,36941200
2024-04-05,XLE,48.720001220703125,49.23500061035156,48.42499923706055,49.040000915527344,31194600
2024-04-08,XLE,49.064998626708984,49.20500183105469,48.64500045776367,48.72999954223633,34034600
2024-04-09,XLE,48.939998626708984,49.06999969482422,48.38999938964844,48.744998931884766,35322800
2024-04-10,XLE,48.61000061035156,49.07500076293945,48.400001525878906,48.89500045776367,39199600
2024-04-11,XLE,49.04999923706055,49.06999969482422,48.16999816894531,48.86000061035156,39204600
2024-04-12,XLE,49.16999816894531,49.48500061035156,47.834999084472656,48.064998626708984,46572400
2024-04-15,XLE,48.29499816894531,48.525001525878906,47.55500030517578,47.6150016784668,48690800
2024-04-16,XLE,47.525001525878906,47.744998931884766,46.8650016784668,47.20000076293945,36497600
2024-04-17,XLE,47.099998474121094,47.56999969482422,46.72999954223633,47.064998626708984,27421000
2024-04-18,XLE,47.224998474121094,47.36000061035156,46.755001068115234,46.91999816894531,25555600
2024-04-19,XLE,47.0099983215332,47.80500030517578,46.939998626708984,47.48500061035156,35451400
2024-04-22,XLE,47.23500061035156,48.119998931884766,46.86000061035156,47.79499816894531,30244400
2024-04-23,XLE,47.57500076293945,48.060001373291016,47.345001220703125,48.060001373291016,28657400
2024-04-24,XLE,47.7599983215332,48.150001525878906,47.529998779296875,48.095001220703125,21303800
2024-04-25,XLE,48.040000915527344,48.459999084472656,47.625,48.314998626708984,26500200
2024-04-26,XLE,47.880001068115234,48.060001373291016,47.380001068115234,47.869998931884766,32366600
2024-04-29,XLE,47.72999954223633,48.29999923706055,47.70000076293945,48.19499969482422,22236400
2024-04-30,XLE,48.0,48.084999084472656,46.7400016784668,46.7599983215332,35399000
2024-05-01,XLE,46.69499969482422,46.845001220703125,45.76499938964844,46.01499938964844,50943800
2024-05-02,XLE,46.32500076293945,46.595001220703125,46.060001373291016,46.279998779296875,34616800
2024-05-03,XLE,46.31999969482422,46.369998931884766,45.67499923706055,46.28499984741211,38087800
2024-05-06,XLE,46.43000030517578,47.119998931884766,46.43000030517578,46.650001525878906,33445600
2024-05-07,XLE,46.71500015258789,46.95000076293945,46.59000015258789,46.60499954223633,20942200
2024-05-08,XLE,46.334999084472656,46.775001525878906,46.26499938964844,46.54999923706055,19811800
2024-05-09,XLE,46.599998474121094,47.17499923706055,46.599998474121094,47.17499923706055,22489400
2024-05-10,XLE,47.275001525878906,47.43000030517578,46.790000915527344,46.915000915527344,20568400
2024-05-13,XLE,47.025001525878906,47.20000076293945,46.59000015258789,46.790000915527344,20978000
2024-05-14,XLE,46.70000076293945,46.8849983215332,46.5099983215332,46.849998474121094,24911600
2024-05-15,XLE,46.75,47.040000915527344,46.060001373291016,46.95500183105469,38792200
2024-05-16,XLE,46.849998474121094,47.189998626708984,46.70000076293945,46.82500076293945,24580200
2024-05-17,XLE,46.90999984741211,47.55500030517578,46.89500045776367,47.47999954223633,29001600
2024-05-20,XLE,47.5,47.60499954223633,47.05500030517578,47.16999816894531,20134600
2024-05-21,XLE,47.04999923706055,47.435001373291016,46.904998779296875,46.939998626708984,22467600
2024-05-22,XLE,46.75,46.77000045776367,45.85499954223633,46.040000915527344,34868000
2024-05-23,XLE,46.27000045776367,46.43000030517578,45.540000915527344,45.619998931884766,26931400
2024-05-24,XLE,45.974998474121094,46.095001220703125,45.55500030517578,45.685001373291016,19041400
2024-05-28,XLE,45.845001220703125,46.275001525878906,45.72999954223633,46.154998779296875,28904200
2024-05-29,XLE,46.025001525878906,46.064998626708984,45.1349983215332,45.34000015258789,30053600
2024-05-30,XLE,45.2400016784668,45.6349983215332,45.224998474121094,45.470001220703125,22731400
2024-05-31,XLE,45.54999923706055,46.6349983215332,45.505001068115234,46.599998474121094,32503000
2024-06-03,XLE,46.44499969482422,46.459999084472656,45.04499816894531,45.380001068115234,40796600
2024-06-04,XLE,44.90999984741211,44.98500061035156,44.349998474121094,44.94499969482422,34721400
2024-06-05,XLE,45.0,45.06999969482422,44.665000915527344,44.939998626708984,21040200
2024-06-06,XLE,44.78499984741211,45.189998626708984,44.6150016784668,45.17499923706055,25506600
2024-06-07,XLE,45.09000015258789,45.52000045776367,44.775001525878906,44.994998931884766,20089800
2024-06-10,XLE,45.165000915527344,45.60499954223633,44.994998931884766,45.334999084472656,22543800
2024-06-11,XLE,45.1349983215332,45.29499816894531,44.720001220703125,45.244998931884766,18591200
2024-06-12,XLE,45.619998931884766,45.6349983215332,44.53499984741211,44.7599983215332,32560600
2024-06-13,XLE,44.63999938964844,44.76499938964844,44.125,44.349998474121094,28495600
2024-06-14,XLE,44.29999923706055,44.349998474121094,43.834999084472656,44.02000045776367,25811400
2024-06-17,XLE,43.959999084472656,44.334999084472656,43.79999923706055,44.1349983215332,29547800
2024-06-18,XLE,44.41999816894531,44.880001068115234,44.209999084472656,44.31999969482422,29285800
2024-06-20,XLE,44.45000076293945,45.3650016784668,44.310001373291016,45.1349983215332,34073800
2024-06-21,XLE,45.255001068115234,45.380001068115234,44.810001373291016,44.875,39972600
2024-06-24,XLE,44.76499938964844,45.814998626708984,44.689998626708984,45.63999938964844,31188200
2024-06-25,XLE,45.599998474121094,45.75,45.349998474121094,45.744998931884766,27666600
2024-06-26,XLE,45.79499816894531,45.79499816894531,45.08000183105469,45.29499816894531,23127400
2024-06-27,XLE,45.53499984741211,45.584999084472656,45.14500045776367,45.400001525878906,15631600
2024-06-28,XLE,45.75,45.90999984741211,45.40999984741211,45.57500076293945,25670000
2024-07-01,XLE,45.939998626708984,46.09000015258789,45.33000183105469,45.599998474121094,24563200
2024-07-02,XLE,46.040000915527344,46.04999923706055,45.275001525878906,45.564998626708984,25226800
2024-07-03,XLE,45.60499954223633,45.974998474121094,45.525001525878906,45.76499938964844,16280000
2024-07-05,XLE,45.67499923706055,45.709999084472656,44.849998474121094,45.04999923706055,23450400
2024-07-08,XLE,44.724998474121094,45.189998626708984,44.599998474121094,44.775001525878906,19595000
2024-07-09,XLE,44.33000183105469,44.869998931884766,44.20000076293945,44.380001068115234,19086600
2024-07-10,XLE,44.33000183105469,44.69499969482422,44.19499969482422,44.68000030517578,19320800
2024-07-11,XLE,44.564998626708984,45.2400016784668,44.40999984741211,45.14500045776367,22684800
2024-07-12,XLE,45.400001525878906,45.46500015258789,44.92499923706055,45.2599983215332,18117200
2024-07-15,XLE,45.58000183105469,46.36000061035156,45.404998779296875,45.94499969482422,30792000
2024-07-16,XLE,45.75,46.19499969482422,45.51499938964844,46.150001525878906,24129400
2024-07-17,XLE,46.255001068115234,46.90999984741211,46.244998931884766,46.61000061035156,29435400
2024-07-18,XLE,46.560001373291016,47.255001068115234,46.39500045776367,46.69499969482422,32867600
2024-07-19,XLE,46.619998931884766,46.939998626708984,46.064998626708984,46.185001373291016,26500200
2024-07-22,XLE,45.939998626708984,46.15999984741211,45.6349983215332,45.89500045776367,21527600
2024-07-23,XLE,45.76499938964844,45.80500030517578,45.11000061035156,45.165000915527344,33103800
2024-07-24,XLE,45.28499984741211,45.57500076293945,44.86000061035156,45.16999816894531,29328600
2024-07-25,XLE,45.20000076293945,46.095001220703125,44.98500061035156,45.95000076293945,36437400
2024-07-26,XLE,45.83000183105469,46.290000915527344,45.665000915527344,46.095001220703125,23730800
2024-07-29,XLE,46.099998474121094,46.1349983215332,45.27000045776367,45.70000076293945,27156600
2024-07-30,XLE,45.69499969482422,46.55500030517578,45.63999938964844,46.40999984741211,25673200
2024-07-31,XLE,47.040000915527344,47.06999969482422,46.56999969482422,46.60499954223633,36173800
2024-08-01,XLE,46.5,46.73500061035156,45.1349983215332,45.369998931884766,42558400
2024-08-02,XLE,44.849998474121094,45.095001220703125,43.755001068115234,44.20000076293945,45836200
2024-08-05,XLE,43.25,43.59000015258789,42.73500061035156,43.224998474121094,50039200
2024-08-06,XLE,43.3849983215332,43.97999954223633,43.21500015258789,43.4900016784668,31418600
2024-08-07,XLE,44.02000045776367,44.470001220703125,43.63999938964844,43.665000915527344,26126000
2024-08-08,XLE,43.790000915527344,44.665000915527344,43.790000915527344,44.60499954223633,21596800
2024-08-09,XLE,44.540000915527344,44.89500045776367,44.255001068115234,44.70500183105469,22345600
2024-08-12,XLE,44.96500015258789,45.21500015258789,43.75,44.92499923706055,28785800
2024-08-13,XLE,44.584999084472656,44.625,44.27000045776367,44.4900016784668,31386400
2024-08-14,XLE,44.57500076293945,44.95000076293945,44.400001525878906,44.75,21657600
2024-08-15,XLE,45.005001068115234,45.43000030517578,44.96500015258789,45.28499984741211,18335200
2024-08-16,XLE,45.005001068115234,45.345001220703125,44.970001220703125,45.23500061035156,17753000
2024-08-19,XLE,45.310001373291016,45.92499923706055,45.310001373291016,45.540000915527344,21762600
2024-08-20,XLE,45.439998626708984,45.47999954223633,44.31999969482422,44.34000015258789,33866400
2024-08-21,XLE,44.619998931884766,44.845001220703125,44.290000915527344,44.415000915527344,22737800
2024-08-22,XLE,44.44499969482422,44.72999954223633,44.35499954223633,44.529998779296875,19595400
2024-08-23,XLE,44.7400016784668,45.27000045776367,44.685001373291016,45.19499969482422,20734600
2024-08-26,XLE,45.69499969482422,46.0,45.26499938964844,45.599998474121094,19514800
2024-08-27,XLE,45.599998474121094,45.724998474121094,45.095001220703125,45.17499923706055,16627200
2024-08-28,XLE,44.900001525878906,45.165000915527344,44.685001373291016,44.8849983215332,17049000
2024-08-29,XLE,45.150001525878906,45.63999938964844,44.724998474121094,45.470001220703125,22498800
2024-08-30,XLE,45.0099983215332,45.654998779296875,44.904998779296875,45.63999938964844,28085000
2024-09-03,XLE,44.89500045776367,44.96500015258789,44.224998474121094,44.505001068115234,38194200
2024-09-04,XLE,44.54999923706055,44.834999084472656,43.80500030517578,43.88999938964844,30114000
2024-09-05,XLE,44.20500183105469,44.2400016784668,43.5099983215332,43.54999923706055,24991200
2024-09-06,XLE,43.64500045776367,43.90999984741211,42.83000183105469,43.005001068115234,35912000
2024-09-09,XLE,43.1349983215332,43.71500015258789,43.06999969482422,43.314998626708984,32824400
2024-09-10,XLE,43.380001068115234,43.435001373291016,42.20500183105469,42.56999969482422,49326800
2024-09-11,XLE,42.564998626708984,42.584999084472656,41.5099983215332,42.17499923706055,48125800
2024-09-12,XLE,42.34000015258789,42.720001220703125,42.025001525878906,42.55500030517578,31762000
2024-09-13,XLE,42.77000045776367,43.1150016784668,42.66999816894531,42.79499816894531,26195400
2024-09-16,XLE,43.154998779296875,43.55500030517578,42.959999084472656,43.28499984741211,26875000
2024-09-17,XLE,43.29999923706055,43.900001525878906,43.20500183105469,43.869998931884766,25034600
2024-09-18,XLE,43.80500030517578,44.494998931884766,43.744998931884766,43.95500183105469,28209600
2024-09-19,XLE,44.70000076293945,44.97999954223633,44.23500061035156,44.47999954223633,37806800
2024-09-20,XLE,44.29499816894531,44.48500061035156,43.88999938964844,44.380001068115234,27961600
2024-09-23,XLE,44.099998474121094,44.779998779296875,43.95000076293945,44.560001373291016,26630200
2024-09-24,XLE,45.06999969482422,45.06999969482422,44.3849983215332,44.45000076293945,34627400
2024-09-25,XLE,44.334999084472656,44.470001220703125,43.4900016784668,43.58000183105469,27633600
2024-09-26,XLE,42.71500015258789,43.290000915527344,42.584999084472656,42.724998474121094,46896400
2024-09-27,XLE,42.95500183105469,43.65999984741211,42.93000030517578,43.595001220703125,30489600
2024-09-30,XLE,43.51499938964844,43.97999954223633,43.26499938964844,43.900001525878906,22806600
2024-10-01,XLE,43.505001068115234,45.08000183105469,43.45000076293945,44.900001525878906,66114200
2024-10-02,XLE,45.529998779296875,45.64500045776367,44.85499954223633,45.36000061035156,41925200
2024-10-03,XLE,45.52000045776367,46.220001220703125,45.17499923706055,46.15999984741211,44726000
2024-10-04,XLE,46.54999923706055,46.73500061035156,46.125,46.59000015258789,35945600
2024-10-07,XLE,46.755001068115234,47.10499954223633,46.599998474121094,46.755001068115234,32519400
2024-10-08,XLE,46.150001525878906,46.20000076293945,45.314998626708984,45.53499984741211,39759800
2024-10-09,XLE,45.19499969482422,45.93000030517578,45.10499954223633,45.810001373291016,31519600
2024-10-10,XLE,46.064998626708984,46.375,45.72999954223633,46.119998931884766,26047400
2024-10-11,XLE,46.10499954223633,46.56999969482422,46.01499938964844,46.404998779296875,26414600
2024-10-14,XLE,46.08000183105469,46.459999084472656,46.0099983215332,46.3849983215332,22198600
2024-10-15,XLE,45.150001525878906,45.45000076293945,44.8650016784668,44.88999938964844,37839200
2024-10-16,XLE,45.14500045776367,45.255001068115234,44.98500061035156,45.10499954223633,19877000
2024-10-17,XLE,45.099998474121094,45.470001220703125,45.04999923706055,45.31999969482422,21433400
2024-10-18,XLE,45.23500061035156,45.3650016784668,44.849998474121094,45.16999816894531,24015200
2024-10-21,XLE,45.470001220703125,45.6150016784668,44.95500183105469,45.03499984741211,21162000
2024-10-22,XLE,45.20000076293945,45.349998474121094,44.974998474121094,45.13999938964844,17956400
2024-10-23,XLE,45.01499938964844,45.189998626708984,44.64500045776367,44.904998779296875,19813200
2024-10-24,XLE,45.0,45.1349983215332,44.599998474121094,44.900001525878906,17046600
2024-10-25,XLE,45.13999938964844,45.2599983215332,44.755001068115234,44.8849983215332,19104600
2024-10-28,XLE,43.93000030517578,44.630001068115234,43.88999938964844,44.599998474121094,24228000
2024-10-29,XLE,44.5,44.53499984741211,43.82500076293945,43.91999816894531,23791600
2024-10-30,XLE,44.07500076293945,44.3650016784668,43.904998779296875,44.02000045776367,19364200
2024-10-31,XLE,44.29999923706055,44.630001068115234,44.18000030517578,44.29499816894531,31623200
2024-11-01,XLE,44.89500045776367,45.05500030517578,43.92499923706055,44.01499938964844,26304600
2024-11-04,XLE,44.314998626708984,44.85499954223633,44.255001068115234,44.78499984741211,25811800
2024-11-05,XLE,45.005001068115234,45.20000076293945,44.80500030517578,45.084999084472656,20876600
2024-11-06,XLE,46.32500076293945,47.1349983215332,46.025001525878906,46.779998779296875,50053200
2024-11-07,XLE,46.75,46.75,46.209999084472656,46.564998626708984,26138000
2024-11-08,XLE,46.56999969482422,46.94499969482422,46.3849983215332,46.875,22336800
2024-11-11,XLE,46.8849983215332,47.29999923706055,46.665000915527344,47.13999938964844,20909400
2024-11-12,XLE,47.275001525878906,47.42499923706055,46.84000015258789,46.88999938964844,18500400
2024-11-13,XLE,47.029998779296875,47.45000076293945,46.46500015258789,47.255001068115234,23676200
2024-11-14,XLE,47.56999969482422,47.59000015258789,47.1349983215332,47.435001373291016,18011000
2024-11-15,XLE,47.38999938964844,47.845001220703125,47.19499969482422,47.3650016784668,28080400
2024-11-18,XLE,47.7400016784668,48.09000015258789,47.529998779296875,47.994998931884766,23892600
2024-11-19,XLE,47.61000061035156,47.974998474121094,47.46500015258789,47.689998626708984,23796400
2024-11-20,XLE,47.8650016784668,48.20500183105469,47.71500015258789,48.16999816894531,17917600
2024-11-21,XLE,48.38999938964844,48.92499923706055,48.27000045776367,48.560001373291016,33541000
2024-11-22,XLE,48.494998931884766,48.959999084472656,48.45000076293945,48.6349983215332,21555600
2024-11-25,XLE,48.625,48.869998931884766,47.560001373291016,47.67499923706055,32950600
2024-11-26,XLE,47.7400016784668,47.84000015258789,47.38999938964844,47.61000061035156,24932800
2024-11-27,XLE,47.564998626708984,47.96500015258789,47.5,47.560001373291016,15595600
2024-11-29,XLE,47.665000915527344,47.845001220703125,47.58000183105469,47.76499938964844,13636400
2024-12-02,XLE,47.75,47.83000183105469,46.834999084472656,47.2599983215332,22190000
2024-12-03,XLE,47.564998626708984,47.650001525878906,47.04999923706055,47.255001068115234,17886600
2024-12-04,XLE,47.23500061035156,47.23500061035156,45.84000015258789,46.1150016784668,32518000
2024-12-05,XLE,46.28499984741211,46.599998474121094,46.099998474121094,46.29499816894531,22662400
2024-12-06,XLE,46.20000076293945,46.20500183105469,45.42499923706055,45.5099983215332,26206600
2024-12-09,XLE,45.88999938964844,46.1349983215332,45.39500045776367,45.435001373291016,23627800
2024-12-10,XLE,45.69499969482422,45.7599983215332,45.060001373291016,45.125,23299800
2024-12-11,XLE,45.220001220703125,45.369998931884766,44.97999954223633,45.20000076293945,23147600
2024-12-12,XLE,45.119998931884766,45.20000076293945,44.790000915527344,44.834999084472656,21746200
2024-12-13,XLE,44.94499969482422,44.959999084472656,44.48500061035156,44.61000061035156,22346000
2024-12-16,XLE,44.48500061035156,44.48500061035156,43.595001220703125,43.630001068115234,25036200
2024-12-17,XLE,43.29999923706055,43.3849983215332,42.900001525878906,43.30500030517578,32011600
2024-12-18,XLE,43.185001373291016,43.38999938964844,42.025001525878906,42.025001525878906,39241200
2024-12-19,XLE,42.470001220703125,42.60499954223633,41.630001068115234,41.65999984741211,49981400
2024-12-20,XLE,41.654998779296875,42.21500015258789,41.54499816894531,42.06999969482422,35704800
2024-12-23,XLE,41.654998779296875,42.10499954223633,41.375,41.96500015258789,34445400
2024-12-24,XLE,42.084999084472656,42.400001525878906,41.810001373291016,42.31999969482422,15024200
2024-12-26,XLE,42.334999084472656,42.36000061035156,42.025001525878906,42.28499984741211,15386400
2024-12-27,XLE,42.25,42.7400016784668,42.06999969482422,42.279998779296875,20369800
2024-12-30,XLE,42.28499984741211,42.51499938964844,41.92499923706055,42.275001525878906,23545400
2024-12-31,XLE,42.375,42.95000076293945,42.290000915527344,42.83000183105469,21165000
2025-01-02,XLE,43.18000030517578,43.650001525878906,43.040000915527344,43.33000183105469,34887000
2025-01-03,XLE,43.584999084472656,43.880001068115234,43.40999984741211,43.73500061035156,22120800
2025-01-06,XLE,43.935001373291016,44.28499984741211,43.42499923706055,43.53499984741211,22835200
2025-01-07,XLE,43.85499954223633,44.30500030517578,43.59000015258789,43.970001220703125,25035800
2025-01-08,XLE,43.70000076293945,44.03499984741211,43.54499816894531,44.01499938964844,28483800
2025-01-10,XLE,44.584999084472656,45.099998474121094,43.959999084472656,44.19499969482422,34075800
2025-01-13,XLE,44.39500045776367,45.38999938964844,44.39500045776367,45.125,48896200
2025-01-14,XLE,45.04499816894531,45.650001525878906,44.97999954223633,45.61000061035156,31173000
2025-01-15,XLE,45.88999938964844,46.404998779296875,45.70000076293945,46.28499984741211,34657800
2025-01-16,XLE,46.130001068115234,46.665000915527344,46.07500076293945,46.619998931884766,25230600
2025-01-17,XLE,46.619998931884766,47.14500045776367,46.45500183105469,46.97999954223633,23899600
2025-01-21,XLE,46.86000061035156,47.0,46.494998931884766,46.7400016784668,49302000
2025-01-22,XLE,46.595001220703125,46.650001525878906,45.86000061035156,45.88999938964844,35880200
2025-01-23,XLE,46.2400016784668,46.40999984741211,45.775001525878906,46.099998474121094,29359200
2025-01-24,XLE,46.165000915527344,46.35499954223633,45.599998474121094,45.654998779296875,29156800
2025-01-27,XLE,45.5,45.58000183105469,44.8650016784668,45.18000030517578,31993400
2025-01-28,XLE,45.314998626708984,45.474998474121094,44.525001525878906,44.75,37401800
2025-01-29,XLE,44.63999938964844,45.08000183105469,44.57500076293945,44.849998474121094,20681800
2025-01-30,XLE,45.125,45.314998626708984,44.79999923706055,45.08000183105469,39092600
2025-01-31,XLE,44.95500183105469,45.05500030517578,43.71500015258789,43.81999969482422,44537400
2025-02-03,XLE,43.814998626708984,44.275001525878906,43.415000915527344,44.095001220703125,39816400
2025-02-04,XLE,43.88999938964844,45.1150016784668,43.814998626708984,45.02000045776367,40279800
2025-02-05,XLE,45.005001068115234,45.18000030517578,44.755001068115234,45.1150016784668,21772000
2025-02-06,XLE,45.31999969482422,45.43000030517578,44.04499816894531,44.28499984741211,41309600
2025-02-07,XLE,44.45000076293945,44.685001373291016,44.220001220703125,44.279998779296875,22568400
2025-02-10,XLE,44.67499923706055,45.33000183105469,44.67499923706055,45.255001068115234,25871400
2025-02-11,XLE,45.470001220703125,45.92499923706055,45.18000030517578,45.619998931884766,26226800
2025-02-12,XLE,45.244998931884766,45.55500030517578,44.439998626708984,44.52000045776367,38798800
2025-02-13,XLE,44.45000076293945,44.95500183105469,44.15999984741211,44.85499954223633,31550400
2025-02-14,XLE,45.025001525878906,45.665000915527344,45.025001525878906,45.03499984741211,25885800
2025-02-18,XLE,45.25,45.95000076293945,44.9900016784668,45.650001525878906,29574800
2025-02-19,XLE,45.84000015258789,46.439998626708984,45.814998626708984,46.0099983215332,24531200
2025-02-20,XLE,45.915000915527344,46.5099983215332,45.720001220703125,46.43000030517578,28332200
2025-02-21,XLE,46.150001525878906,46.275001525878906,45.439998626708984,45.46500015258789,31276600
2025-02-24,XLE,45.54499816894531,45.720001220703125,45.23500061035156,45.474998474121094,26295200
2025-02-25,XLE,45.46500015258789,45.67499923706055,44.45500183105469,44.81999969482422,26608600
2025-02-26,XLE,44.875,44.994998931884766,44.36000061035156,44.564998626708984,24305600
2025-02-27,XLE,44.875,45.35499954223633,44.4900016784668,44.80500030517578,30048000
2025-02-28,XLE,44.65999984741211,45.53499984741211,44.380001068115234,45.5,26627200
2025-03-03,XLE,45.67499923706055,45.935001373291016,43.505001068115234,43.90999984741211,49501800
2025-03-04,XLE,43.26499938964844,44.189998626708984,42.71500015258789,43.48500061035156,50677000
2025-03-05,XLE,42.85499954223633,43.07500076293945,42.01499938964844,42.849998474121094,56510800
2025-03-06,XLE,42.64500045776367,43.244998931884766,42.310001373291016,42.97999954223633,47104200
2025-03-07,XLE,43.17499923706055,44.029998779296875,43.17499923706055,43.71500015258789,44849200
2025-03-10,XLE,43.95500183105469,44.64500045776367,43.630001068115234,44.040000915527344,40045400
2025-03-11,XLE,44.220001220703125,44.40999984741211,43.45500183105469,43.689998626708984,30230200
2025-03-12,XLE,43.720001220703125,44.29499816894531,43.55500030517578,43.88999938964844,32240400
2025-03-13,XLE,43.73500061035156,44.3650016784668,43.32500076293945,43.59000015258789,30742000
2025-03-14,XLE,43.83000183105469,44.939998626708984,43.630001068115234,44.880001068115234,32023200
2025-03-17,XLE,44.845001220703125,45.80500030517578,44.845001220703125,45.595001220703125,29761600
2025-03-18,XLE,45.849998474121094,45.95500183105469,45.310001373291016,45.66999816894531,30806600
2025-03-19,XLE,45.72999954223633,46.619998931884766,45.720001220703125,46.415000915527344,31742600
2025-03-20,XLE,46.15999984741211,46.7400016784668,45.96500015258789,46.584999084472656,33163600
2025-03-21,XLE,46.43000030517578,46.540000915527344,45.970001220703125,46.2599983215332,36975600
2025-03-24,XLE,46.11000061035156,46.70000076293945,46.03499984741211,46.42499923706055,23824600
2025-03-25,XLE,46.630001068115234,47.02000045776367,46.474998474121094,46.6150016784668,22292000
2025-03-26,XLE,47.04999923706055,47.40999984741211,46.775001525878906,46.88999938964844,25564600
2025-03-27,XLE,46.75,46.92499923706055,46.25,46.435001373291016,19147800
2025-03-28,XLE,46.40999984741211,46.584999084472656,45.98500061035156,46.21500015258789,22248800
2025-03-31,XLE,46.1150016784668,47.0,46.04999923706055,46.724998474121094,28813800
2025-04-01,XLE,46.75,47.04499816894531,46.244998931884766,47.0,27121200
2025-04-02,XLE,46.599998474121094,47.10499954223633,46.4900016784668,47.064998626708984,33960600
2025-04-03,XLE,44.82500076293945,45.16999816894531,43.35499954223633,43.369998931884766,75657800
2025-04-04,XLE,41.82500076293945,42.29499816894531,39.380001068115234,39.380001068115234,100752000
2025-04-07,XLE,38.10499954223633,40.790000915527344,37.4900016784668,39.125,113906800
2025-04-08,XLE,40.33000183105469,40.540000915527344,37.61000061035156,38.220001220703125,90538400
2025-04-09,XLE,37.474998474121094,41.60499954223633,37.244998931884766,41.18000030517578,118962400
2025-04-10,XLE,40.11000061035156,40.11000061035156,37.7400016784668,38.4900016784668,79046600
2025-04-11,XLE,38.66999816894531,39.7400016784668,37.90999984741211,39.44499969482422,41916800
2025-04-14,XLE,40.380001068115234,40.380001068115234,39.189998626708984,39.584999084472656,32748200
2025-04-15,XLE,39.54999923706055,40.2599983215332,39.505001068115234,39.525001525878906,22167000
2025-04-16,XLE,39.77000045776367,40.525001525878906,39.66999816894531,39.849998474121094,27331400
2025-04-17,XLE,40.17499923706055,41.380001068115234,40.154998779296875,40.75,47908800
2025-04-21,XLE,40.10499954223633,40.20500183105469,39.244998931884766,39.685001373291016,31012000
2025-04-22,XLE,40.20000076293945,40.994998931884766,40.025001525878906,40.69499969482422,22097400
2025-04-23,XLE,41.04999923706055,41.4900016784668,40.369998931884766,40.619998931884766,43216200
2025-04-24,XLE,41.0,41.38999938964844,40.64500045776367,41.27000045776367,21219000
2025-04-25,XLE,40.900001525878906,41.22999954223633,40.7400016784668,41.19499969482422,17664800
2025-04-28,XLE,41.150001525878906,41.599998474121094,41.095001220703125,41.48500061035156,16436800
2025-04-29,XLE,41.02000045776367,41.51499938964844,40.939998626708984,41.3650016784668,19843400
2025-04-30,XLE,40.70000076293945,40.7599983215332,39.755001068115234,40.25,37814200
2025-05-01,XLE,39.91999816894531,40.93000030517578,39.91999816894531,40.400001525878906,36314400
2025-05-02,XLE,40.88999938964844,41.19499969482422,40.15999984741211,40.9900016784668,32038800
2025-05-05,XLE,40.474998474121094,40.529998779296875,40.025001525878906,40.25,29530200
2025-05-06,XLE,40.43000030517578,40.61000061035156,40.03499984741211,40.2599983215332,22995400
2025-05-07,XLE,40.349998474121094,40.47999954223633,39.970001220703125,40.275001525878906,22446200
2025-05-08,XLE,40.64500045776367,41.36000061035156,40.58000183105469,40.80500030517578,30565800
2025-05-09,XLE,41.29999923706055,41.41999816894531,40.880001068115234,41.21500015258789,19993200
2025-05-12,XLE,42.7400016784668,42.935001373291016,41.97999954223633,42.290000915527344,32610000
2025-05-13,XLE,42.5,43.224998474121094,42.33000183105469,42.8849983215332,29031600
2025-05-14,XLE,42.599998474121094,42.790000915527344,42.459999084472656,42.625,21332600
2025-05-15,XLE,42.084999084472656,42.83000183105469,41.97999954223633,42.80500030517578,29721600
2025-05-16,XLE,42.900001525878906,42.92499923706055,42.30500030517578,42.7400016784668,21725800
2025-05-19,XLE,42.3849983215332,42.43000030517578,41.875,42.185001373291016,24787000
2025-05-20,XLE,42.154998779296875,42.25,41.755001068115234,41.79499816894531,22782200
2025-05-21,XLE,41.54499816894531,41.625,41.02000045776367,41.025001525878906,25698400
2025-05-22,XLE,40.810001373291016,41.099998474121094,40.36000061035156,40.8650016784668,23732200
2025-05-23,XLE,40.505001068115234,41.099998474121094,40.4900016784668,40.994998931884766,23511000
2025-05-27,XLE,41.279998779296875,41.415000915527344,40.974998474121094,41.349998474121094,19028000
2025-05-28,XLE,41.54999923706055,41.67499923706055,40.720001220703125,40.82500076293945,29552600
2025-05-29,XLE,40.88999938964844,41.130001068115234,40.630001068115234,41.130001068115234,23792800
2025-05-30,XLE,40.814998626708984,40.97999954223633,40.439998626708984,40.76499938964844,31038600
2025-06-02,XLE,41.529998779296875,41.584999084472656,40.82500076293945,41.29999923706055,32031000
2025-06-03,XLE,41.33000183105469,42.04999923706055,40.939998626708984,41.790000915527344,30352600
2025-06-04,XLE,41.77000045776367,42.095001220703125,40.92499923706055,40.974998474121094,44939200
2025-06-05,XLE,41.279998779296875,41.29999923706055,40.83000183105469,40.935001373291016,27655000
2025-06-06,XLE,41.30500030517578,41.83000183105469,41.30500030517578,41.70500183105469,28556800
2025-06-09,XLE,41.869998931884766,42.220001220703125,41.540000915527344,41.78499984741211,28680400
2025-06-10,XLE,42.22999954223633,42.80500030517578,42.209999084472656,42.529998779296875,46092200
2025-06-11,XLE,42.81999969482422,43.21500015258789,42.400001525878906,43.14500045776367,48996600
2025-06-12,XLE,42.94499969482422,43.310001373291016,42.630001068115234,43.29499816894531,34028200
2025-06-13,XLE,44.10499954223633,44.28499984741211,43.474998474121094,44.04999923706055,84194800
2025-06-16,XLE,43.93000030517578,44.375,43.59000015258789,43.91999816894531,69406600
2025-06-17,XLE,44.28499984741211,44.65999984741211,44.0099983215332,44.33000183105469,67884200
2025-06-18,XLE,44.4900016784668,44.71500015258789,43.939998626708984,44.040000915527344,70473000
2025-06-20,XLE,44.21500015258789,44.6150016784668,44.084999084472656,44.4900016784668,56744800
2025-06-23,XLE,44.685001373291016,44.71500015258789,42.83000183105469,43.01499938964844,105688200
2025-06-24,XLE,42.38999938964844,42.900001525878906,42.29499816894531,42.45500183105469,65358800
2025-06-25,XLE,42.404998779296875,42.560001373291016,42.130001068115234,42.27000045776367,43723000
2025-06-26,XLE,42.3650016784668,42.959999084472656,42.2599983215332,42.875,33565600
2025-06-27,XLE,42.849998474121094,42.849998474121094,42.39500045776367,42.650001525878906,35411800
2025-06-30,XLE,42.48500061035156,42.66999816894531,42.279998779296875,42.404998779296875,26247600
2025-07-01,XLE,42.470001220703125,42.93000030517578,42.08000183105469,42.72999954223633,40772800
2025-07-02,XLE,43.09000015258789,43.53499984741211,42.6150016784668,43.46500015258789,42468800
2025-07-03,XLE,43.404998779296875,43.654998779296875,43.30500030517578,43.51499938964844,22266200
2025-07-07,XLE,43.25,43.47999954223633,42.650001525878906,43.095001220703125,35673000
2025-07-08,XLE,43.04499816894531,44.415000915527344,43.03499984741211,44.255001068115234,47472400
2025-07-09,XLE,44.14500045776367,44.31999969482422,43.900001525878906,44.029998779296875,28672400
2025-07-10,XLE,43.93000030517578,44.38999938964844,43.6150016784668,44.3650016784668,28823800
2025-07-11,XLE,44.290000915527344,44.720001220703125,44.154998779296875,44.564998626708984,30171600
2025-07-14,XLE,44.47999954223633,44.47999954223633,43.84000015258789,44.07500076293945,33441600
2025-07-15,XLE,43.9900016784668,44.18000030517578,43.3849983215332,43.439998626708984,33859000
2025-07-16,XLE,43.380001068115234,43.630001068115234,42.90999984741211,43.064998626708984,35501600
2025-07-17,XLE,42.845001220703125,43.39500045776367,42.7400016784668,43.33000183105469,36085600
2025-07-18,XLE,43.67499923706055,43.875,42.810001373291016,42.97999954223633,60975600
2025-07-21,XLE,43.0099983215332,43.084999084472656,42.45000076293945,42.53499984741211,30434400
2025-07-22,XLE,42.48500061035156,42.970001220703125,42.44499969482422,42.73500061035156,32444000
2025-07-23,XLE,42.90999984741211,43.43000030517578,42.79999923706055,43.404998779296875,28046000
2025-07-24,XLE,43.290000915527344,43.77000045776367,43.095001220703125,43.71500015258789,24022200
2025-07-25,XLE,43.7599983215332,43.834999084472656,43.32500076293945,43.54999923706055,20143200
2025-07-28,XLE,43.84000015258789,44.119998931884766,43.775001525878906,44.04499816894531,23705200
2025-07-29,XLE,44.1150016784668,44.4900016784668,43.970001220703125,44.474998474121094,24552000
2025-07-30,XLE,44.20000076293945,44.224998474121094,43.564998626708984,43.84000015258789,26552400
2025-07-31,XLE,43.380001068115234,44.11000061035156,43.380001068115234,43.60499954223633,24960800
2025-08-01,XLE,43.439998626708984,43.595001220703125,42.560001373291016,42.79499816894531,42329400
2025-08-04,XLE,42.720001220703125,43.040000915527344,42.47999954223633,42.70000076293945,26509600
2025-08-05,XLE,42.689998626708984,42.814998626708984,42.17499923706055,42.755001068115234,31413600
2025-08-06,XLE,43.025001525878906,43.275001525878906,42.23500061035156,42.36000061035156,38249400
2025-08-07,XLE,42.61000061035156,43.084999084472656,42.13999938964844,42.19499969482422,35042000
2025-08-08,XLE,42.39500045776367,42.85499954223633,42.18000030517578,42.46500015258789,40736200
2025-08-11,XLE,42.54999923706055,42.73500061035156,42.04999923706055,42.125,28828800
2025-08-12,XLE,42.209999084472656,42.70000076293945,42.084999084472656,42.33000183105469,34522600
2025-08-13,XLE,42.36000061035156,42.82500076293945,42.209999084472656,42.81999969482422,25601200
2025-08-14,XLE,42.790000915527344,42.845001220703125,42.32500076293945,42.779998779296875,24944600
2025-08-15,XLE,42.79999923706055,43.26499938964844,42.64500045776367,42.779998779296875,27297800
2025-08-18,XLE,42.55500030517578,42.724998474121094,42.279998779296875,42.525001525878906,26428400
2025-08-19,XLE,42.404998779296875,42.790000915527344,42.29499816894531,42.540000915527344,25693800
2025-08-20,XLE,42.61000061035156,43.06999969482422,42.56999969482422,42.89500045776367,27967200
2025-08-21,XLE,42.81999969482422,43.28499984741211,42.70500183105469,43.189998626708984,22088000
2025-08-22,XLE,43.334999084472656,44.17499923706055,43.26499938964844,44.06999969482422,30936400
2025-08-25,XLE,43.959999084472656,44.2400016784668,43.814998626708984,44.185001373291016,23412800
2025-08-26,XLE,44.0099983215332,44.154998779296875,43.70500183105469,44.1150016784668,22855600
2025-08-27,XLE,44.04999923706055,44.77000045776367,44.0,44.61000061035156,26877400
2025-08-28,XLE,44.625,45.01499938964844,44.33000183105469,44.95000076293945,24086200
2025-08-29,XLE,44.970001220703125,45.310001373291016,44.90999984741211,45.19499969482422,23745000
2025-09-02,XLE,45.07500076293945,45.34000015258789,44.73500061035156,45.2599983215332,25964400
2025-09-03,XLE,44.900001525878906,45.275001525878906,44.095001220703125,44.244998931884766,36018200
2025-09-04,XLE,44.25,44.724998474121094,44.060001373291016,44.540000915527344,25895400
2025-09-05,XLE,44.17499923706055,44.31999969482422,43.459999084472656,43.68000030517578,48182200
2025-09-08,XLE,43.82500076293945,44.01499938964844,43.19499969482422,43.58000183105469,34931800
2025-09-09,XLE,43.814998626708984,44.40999984741211,43.76499938964844,43.790000915527344,41193400
2025-09-10,XLE,43.88999938964844,44.58000183105469,43.790000915527344,44.55500030517578,29932800
2025-09-11,XLE,44.20000076293945,44.65999984741211,44.064998626708984,44.564998626708984,25176800
2025-09-12,XLE,44.75,44.95000076293945,44.290000915527344,44.29999923706055,22297800
2025-09-15,XLE,44.3849983215332,44.5,44.07500076293945,44.150001525878906,23287800
2025-09-16,XLE,44.345001220703125,45.029998779296875,44.334999084472656,44.88999938964844,41593000
2025-09-17,XLE,44.83000183105469,45.310001373291016,44.6349983215332,44.994998931884766,26044800
2025-09-18,XLE,45.03499984741211,45.125,44.51499938964844,44.85499954223633,28713000
2025-09-19,XLE,44.814998626708984,44.849998474121094,44.10499954223633,44.2599983215332,29979200
2025-09-22,XLE,43.72999954223633,44.04999923706055,43.55500030517578,43.834999084472656,22502400
2025-09-23,XLE,44.0099983215332,45.06999969482422,44.0099983215332,44.59000015258789,44214800
2025-09-24,XLE,44.904998779296875,45.59000015258789,44.85499954223633,45.16999816894531,35406200
2025-09-25,XLE,45.165000915527344,45.619998931884766,45.040000915527344,45.57500076293945,31887200
2025-09-26,XLE,45.650001525878906,46.45500183105469,45.63999938964844,45.994998931884766,40161600
2025-09-29,XLE,45.67499923706055,45.7400016784668,44.915000915527344,45.150001525878906,37674400
2025-09-30,XLE,44.755001068115234,44.849998474121094,44.31999969482422,44.66999816894531,47544800
2025-10-01,XLE,44.45000076293945,44.81999969482422,44.400001525878906,44.66999816894531,27661200
2025-10-02,XLE,44.56999969482422,44.96500015258789,44.17499923706055,44.220001220703125,31793600
2025-10-03,XLE,44.44499969482422,44.71500015258789,44.38999938964844,44.45500183105469,24048000
2025-10-06,XLE,44.73500061035156,44.93000030517578,44.494998931884766,44.67499923706055,21488400
2025-10-07,XLE,44.6349983215332,44.779998779296875,43.95500183105469,44.744998931884766,25324000
2025-10-08,XLE,44.744998931884766,44.744998931884766,44.150001525878906,44.48500061035156,20024200
2025-10-09,XLE,44.58000183105469,44.959999084472656,43.834999084472656,43.880001068115234,23397800
2025-10-10,XLE,43.55500030517578,43.775001525878906,42.595001220703125,42.61000061035156,44892200
2025-10-13,XLE,42.935001373291016,43.244998931884766,42.79499816894531,43.189998626708984,22889600
2025-10-14,XLE,42.57500076293945,43.43000030517578,42.52000045776367,43.185001373291016,25084600
2025-10-15,XLE,43.459999084472656,43.70500183105469,42.84000015258789,43.15999984741211,24267000
2025-10-16,XLE,43.23500061035156,43.3650016784668,42.349998474121094,42.63999938964844,29193800
2025-10-17,XLE,42.81999969482422,43.08000183105469,42.64500045776367,42.9900016784668,24071800
2025-10-20,XLE,43.064998626708984,43.54499816894531,43.064998626708984,43.44499969482422,25352400
2025-10-21,XLE,43.564998626708984,43.665000915527344,43.125,43.345001220703125,25885200
2025-10-22,XLE,43.6349983215332,44.09000015258789,43.27000045776367,43.900001525878906,32814000
2025-10-23,XLE,44.685001373291016,44.779998779296875,44.21500015258789,44.48500061035156,47308800
2025-10-24,XLE,44.685001373291016,44.70000076293945,44.005001068115234,44.03499984741211,21191000
2025-10-27,XLE,44.17499923706055,44.31999969482422,43.94499969482422,44.13999938964844,19597200
2025-10-28,XLE,43.974998474121094,44.1150016784668,43.654998779296875,43.68000030517578,22474600
2025-10-29,XLE,43.72999954223633,44.22999954223633,43.63999938964844,44.005001068115234,26807800
2025-10-30,XLE,43.9900016784668,44.310001373291016,43.685001373291016,43.744998931884766,20663400
2025-10-31,XLE,43.849998474121094,44.314998626708984,43.65999984741211,44.064998626708984,26985400
2025-11-03,XLE,44.07500076293945,44.189998626708984,43.564998626708984,44.06999969482422,22232000
2025-11-04,XLE,43.529998779296875,43.71500015258789,43.185001373291016,43.595001220703125,29477600
2025-11-05,XLE,43.599998474121094,44.19499969482422,43.54499816894531,43.709999084472656,23857200
2025-11-06,XLE,43.775001525878906,44.54999923706055,43.775001525878906,44.1349983215332,32154800
2025-11-07,XLE,44.290000915527344,44.875,44.16999816894531,44.77000045776367,35458400
2025-11-10,XLE,44.8849983215332,45.279998779296875,44.30500030517578,45.17499923706055,31264600
2025-11-11,XLE,45.44499969482422,46.084999084472656,45.40999984741211,45.76499938964844,38752800
2025-11-12,XLE,45.45500183105469,45.665000915527344,45.060001373291016,45.125,29863200
2025-11-13,XLE,45.27000045776367,45.650001525878906,45.040000915527344,45.2400016784668,32243800
2025-11-14,XLE,45.47999954223633,46.11000061035156,44.90999984741211,46.0099983215332,34179400
2025-11-17,XLE,45.95500183105469,45.970001220703125,44.9900016784668,45.16999816894531,37447400
2025-11-18,XLE,44.974998474121094,45.650001525878906,44.849998474121094,45.529998779296875,34839400
2025-11-19,XLE,44.724998474121094,45.084999084472656,44.40999984741211,44.939998626708984,41062800
2025-11-20,XLE,45.16999816894531,45.78499984741211,44.39500045776367,44.43000030517578,41630000
2025-11-21,XLE,44.505001068115234,44.904998779296875,44.03499984741211,44.709999084472656,39317200
2025-11-24,XLE,44.65999984741211,44.724998474121094,43.89500045776367,44.584999084472656,33681800
2025-11-25,XLE,44.23500061035156,44.47999954223633,43.939998626708984,44.30500030517578,29299000
2025-11-26,XLE,44.29499816894531,44.959999084472656,44.255001068115234,44.63999938964844,26611000
2025-11-28,XLE,44.665000915527344,45.41999816894531,44.599998474121094,45.224998474121094,16666600
2025-12-01,XLE,45.290000915527344,45.90999984741211,45.255001068115234,45.65999984741211,31150000
2025-12-02,XLE,45.59000015258789,45.59000015258789,44.845001220703125,45.06999969482422,33305000
2025-12-03,XLE,45.375,45.994998931884766,45.310001373291016,45.915000915527344,30174000
2025-12-04,XLE,45.88999938964844,46.185001373291016,45.755001068115234,46.11000061035156,23799600
2025-12-05,XLE,46.029998779296875,46.65999984741211,45.90999984741211,45.91999816894531,22164400
2025-12-08,XLE,45.65999984741211,45.91999816894531,45.27000045776367,45.41999816894531,27891900
2025-12-09,XLE,45.5,46.08000183105469,45.459999084472656,45.70000076293945,20917400
2025-12-10,XLE,45.84000015258789,46.27000045776367,45.630001068115234,46.18000030517578,26255100
2025-12-11,XLE,45.900001525878906,46.25,45.84000015258789,45.959999084472656,25827200
2025-12-12,XLE,46.04999923706055,46.2400016784668,45.38999938964844,45.5099983215332,33161200
2025-12-15,XLE,45.61000061035156,45.61000061035156,44.81999969482422,45.189998626708984,27521600
2025-12-16,XLE,44.83000183105469,44.849998474121094,43.77000045776367,43.810001373291016,49312400
2025-12-17,XLE,44.130001068115234,44.880001068115234,44.060001373291016,44.779998779296875,43375300
2025-12-18,XLE,44.650001525878906,44.709999084472656,43.97999954223633,44.130001068115234,29920200
2025-12-19,XLE,44.25,44.529998779296875,44.029998779296875,44.130001068115234,31959600
2025-12-22,XLE,44.13999938964844,44.4900016784668,44.09000015258789,44.209999084472656,23707400
2025-12-23,XLE,44.369998931884766,44.54999923706055,44.220001220703125,44.5,19137500
2025-12-24,XLE,44.41999816894531,44.560001373291016,44.310001373291016,44.369998931884766,11293900
2025-12-26,XLE,44.31999969482422,44.439998626708984,43.9900016784668,44.20000076293945,17884500
2025-12-29,XLE,44.5099983215332,44.7400016784668,44.290000915527344,44.619998931884766,31352100
2025-12-30,XLE,44.79999923706055,45.09000015258789,44.79999923706055,44.959999084472656,18654700
2025-12-31,XLE,44.93000030517578,45.02000045776367,44.56999969482422,44.709999084472656,16965900
2026-01-02,XLE,44.720001220703125,45.779998779296875,44.4900016784668,45.650001525878906,31935500
2026-01-05,XLE,47.15999984741211,47.31999969482422,45.75,46.88999938964844,94961000
2026-01-06,XLE,47.0,47.060001373291016,45.529998779296875,45.63999938964844,69568200
2026-01-07,XLE,45.81999969482422,45.81999969482422,45.08000183105469,45.130001068115234,42739200
2026-01-08,XLE,45.31999969482422,46.849998474121094,45.220001220703125,46.54999923706055,51451000
2026-01-09,XLE,46.75,46.880001068115234,46.5099983215332,46.66999816894531,38839900
2026-01-12,XLE,46.75,46.810001373291016,46.099998474121094,46.34000015258789,28264400
2026-01-13,XLE,46.72999954223633,47.38999938964844,46.68000030517578,47.0,50469200
2026-01-14,XLE,47.25,48.650001525878906,47.18000030517578,48.060001373291016,80750200
2026-01-15,XLE,47.630001068115234,48.06999969482422,47.27000045776367,47.61000061035156,49328800
2026-01-16,XLE,47.560001373291016,47.810001373291016,47.4900016784668,47.689998626708984,30796300
2026-01-20,XLE,48.09000015258789,48.310001373291016,47.5,47.599998474121094,50178700
2026-01-21,XLE,48.290000915527344,49.04999923706055,48.290000915527344,48.75,58996000
2026-01-22,XLE,48.619998931884766,49.0,48.41999816894531,48.90999984741211,50869500
2026-01-23,XLE,49.52000045776367,49.88999938964844,49.09000015258789,49.189998626708984,51431200
2026-01-26,XLE,49.869998931884766,49.88999938964844,48.95000076293945,49.220001220703125,40122600
2026-01-27,XLE,49.38999938964844,49.81999969482422,49.15999984741211,49.66999816894531,39840300
2026-01-28,XLE,49.970001220703125,50.13999938964844,49.560001373291016,50.04999923706055,41890400
2026-01-29,XLE,51.150001525878906,51.72999954223633,50.47999954223633,50.5099983215332,77520700
2026-01-30,XLE,50.36000061035156,51.09000015258789,49.880001068115234,51.04999923706055,74039400
2026-02-02,XLE,50.099998474121094,50.5099983215332,49.77000045776367,50.04999923706055,61479900
2026-02-03,XLE,50.2400016784668,51.779998779296875,50.02000045776367,51.66999816894531,83754100
2026-02-04,XLE,51.81999969482422,52.959999084472656,51.81999969482422,52.83000183105469,78149900
2026-02-05,XLE,52.2599983215332,52.4900016784668,51.439998626708984,52.209999084472656,54235600
2026-02-06,XLE,52.5,53.41999816894531,52.36000061035156,53.25,41669600
2026-02-09,XLE,53.209999084472656,53.720001220703125,52.97999954223633,53.63999938964844,38798500
2026-02-10,XLE,53.77000045776367,53.790000915527344,53.2400016784668,53.58000183105469,32146000
2026-02-11,XLE,54.279998779296875,55.11000061035156,54.25,54.97999954223633,57349700
2026-02-12,XLE,54.939998626708984,55.2400016784668,53.7599983215332,53.97999954223633,67427800
2026-02-13,XLE,53.939998626708984,54.58000183105469,53.810001373291016,54.349998474121094,48392100
2026-02-17,XLE,54.560001373291016,54.90999984741211,53.18000030517578,53.75,50499600
2026-02-18,XLE,54.529998779296875,54.86000061035156,54.220001220703125,54.779998779296875,59196100
2026-02-19,XLE,55.459999084472656,55.880001068115234,54.93000030517578,55.18000030517578,62513500
2026-02-20,XLE,55.0,55.290000915527344,54.5099983215332,54.880001068115234,50833500
2026-02-23,XLE,55.040000915527344,55.93000030517578,54.869998931884766,55.150001525878906,44013500
2026-02-24,XLE,55.11000061035156,55.220001220703125,54.400001525878906,55.099998474121094,42921700
2026-02-25,XLE,55.29999923706055,55.369998931884766,54.189998626708984,54.869998931884766,36207500
2026-02-26,XLE,54.369998931884766,55.66999816894531,54.119998931884766,55.04999923706055,47033500
2026-02-27,XLE,55.63999938964844,56.150001525878906,54.93000030517578,55.91999816894531,59071500
2026-03-02,XLE,57.77000045776367,57.880001068115234,56.27000045776367,57.040000915527344,135633300
2026-03-03,XLE,57.38999938964844,57.720001220703125,56.04999923706055,56.52000045776367,154770800
2026-03-04,XLE,56.060001373291016,56.43000030517578,55.33000183105469,56.189998626708984,70732700
2026-03-05,XLE,56.529998779296875,57.060001373291016,56.08000183105469,56.47999954223633,85177800
2026-03-06,XLE,57.150001525878906,57.34000015258789,56.16999816894531,56.56999969482422,68219000
2026-03-09,XLE,56.84000015258789,57.150001525878906,55.939998626708984,56.31999969482422,88747400
2026-03-10,XLE,56.060001373291016,56.459999084472656,55.369998931884766,55.599998474121094,88817900
2026-03-11,XLE,55.630001068115234,57.040000915527344,55.540000915527344,56.97999954223633,48743700
2026-03-12,XLE,57.130001068115234,58.220001220703125,57.060001373291016,57.5099983215332,69358700
2026-03-13,XLE,57.5,57.93000030517578,57.099998474121094,57.70000076293945,43374600
2026-03-16,XLE,57.7599983215332,58.099998474121094,57.27000045776367,57.900001525878906,39474300
2026-03-17,XLE,58.22999954223633,59.04999923706055,57.97999954223633,58.5099983215332,40137700
2026-03-18,XLE,58.7400016784668,58.970001220703125,58.43000030517578,58.43000030517578,42908000
2026-03-19,XLE,58.869998931884766,59.720001220703125,58.52000045776367,59.36000061035156,69231400
2026-03-20,XLE,59.560001373291016,60.31999969482422,59.279998779296875,59.310001373291016,73003400
2026-03-23,XLE,57.88999938964844,59.84000015258789,57.65999984741211,59.630001068115234,71027200
2026-03-24,XLE,59.79999923706055,61.470001220703125,59.77000045776367,60.84000015258789,51207500
2026-03-25,XLE,60.31999969482422,61.0,60.2599983215332,60.56999969482422,42680700
2026-03-26,XLE,60.66999816894531,61.86000061035156,60.59000015258789,61.52000045776367,54967600
2026-03-27,XLE,61.529998779296875,62.790000915527344,61.2599983215332,62.560001373291016,59553200
2026-03-30,XLE,63.130001068115234,63.459999084472656,61.779998779296875,61.959999084472656,49750100
2026-03-31,XLE,62.040000915527344,62.83000183105469,60.040000915527344,61.2599983215332,94766900
2026-04-01,XLE,59.720001220703125,60.619998931884766,58.36000061035156,58.970001220703125,96652900
2026-04-02,XLE,60.529998779296875,61.0099983215332,58.97999954223633,59.25,60400500
2026-04-06,XLE,59.11000061035156,59.689998626708984,58.88999938964844,59.68000030517578,25474200
2026-04-07,XLE,59.810001373291016,60.77000045776367,59.790000915527344,60.15999984741211,38811700
2026-04-08,XLE,56.68000030517578,58.189998626708984,56.18000030517578,58.04999923706055,88023600
2026-04-09,XLE,58.20000076293945,59.02000045776367,57.11000061035156,57.33000183105469,55088500
2026-04-10,XLE,57.16999816894531,57.47999954223633,56.400001525878906,56.939998626708984,42561700
2026-04-13,XLE,57.619998931884766,57.720001220703125,56.650001525878906,57.11000061035156,43100900
2026-04-14,XLE,56.5,56.5,55.40999984741211,55.95000076293945,58830100
2026-04-15,XLE,55.599998474121094,56.209999084472656,55.27000045776367,55.7599983215332,39551500
2026-04-16,XLE,55.84000015258789,56.880001068115234,55.77000045776367,56.58000183105469,31282600
2026-04-17,XLE,54.40999984741211,55.15999984741211,53.40999984741211,55.02000045776367,90913300
2026-04-20,XLE,55.099998474121094,55.720001220703125,54.79999923706055,55.06999969482422,35150000
2026-04-21,XLE,55.31999969482422,55.959999084472656,54.91999816894531,55.869998931884766,41299800
2026-04-22,XLE,56.36000061035156,56.779998779296875,56.130001068115234,56.540000915527344,40565500
2026-04-23,XLE,56.88999938964844,57.189998626708984,56.470001220703125,56.97999954223633,34707200
2026-04-24,XLE,56.77000045776367,56.91999816894531,56.16999816894531,56.869998931884766,36426700
2026-04-27,XLE,57.099998474121094,57.68000030517578,56.630001068115234,56.77000045776367,33070600
2026-04-28,XLE,57.720001220703125,58.04999923706055,57.380001068115234,57.709999084472656,39151300
2026-04-29,XLE,58.279998779296875,59.11000061035156,58.060001373291016,59.029998779296875,40616700
2026-04-30,XLE,58.20000076293945,59.84000015258789,57.939998626708984,59.650001525878906,35896800
2026-05-01,XLE,59.060001373291016,59.599998474121094,58.2599983215332,58.849998474121094,35828400
2026-05-04,XLE,58.72999954223633,59.630001068115234,58.220001220703125,59.38999938964844,36883000
2026-05-05,XLE,59.22999954223633,59.7599983215332,58.88999938964844,59.45000076293945,27041400
2026-05-06,XLE,57.290000915527344,57.88999938964844,56.65999984741211,57.0,57907500
2026-05-07,XLE,55.869998931884766,56.150001525878906,55.130001068115234,55.95000076293945,52909900
2026-05-08,XLE,55.849998474121094,56.22999954223633,55.459999084472656,55.70000076293945,30573500
2026-05-11,XLE,56.2599983215332,57.220001220703125,56.2400016784668,57.16999816894531,31943300
2026-05-12,XLE,57.72999954223633,57.84000015258789,57.13999938964844,57.56999969482422,36814500
2026-05-13,XLE,57.470001220703125,57.709999084472656,56.959999084472656,57.630001068115234,22707200
2026-05-14,XLE,57.650001525878906,58.18000030517578,57.5099983215332,58.06999969482422,23487000
2026-05-15,XLE,58.70000076293945,59.470001220703125,58.47999954223633,59.439998626708984,33565500
2026-05-18,XLE,59.130001068115234,60.70000076293945,58.720001220703125,60.58000183105469,41516600
2026-05-19,XLE,60.810001373291016,61.4900016784668,60.29999923706055,61.290000915527344,31111000
2026-05-20,XLE,60.810001373291016,61.70000076293945,59.68000030517578,59.79999923706055,61776800
2026-05-21,XLE,60.47999954223633,60.59000015258789,58.720001220703125,59.130001068115234,45851100
2026-05-22,XLE,58.9900016784668,59.61000061035156,58.83000183105469,59.4900016784668,42428900
2026-05-26,XLE,58.869998931884766,59.56999969482422,57.84000015258789,57.849998474121094,38819900
2026-05-27,XLE,57.0099983215332,57.5,56.47999954223633,56.9900016784668,48329800
2026-05-28,XLE,57.54999923706055,57.68000030517578,56.68000030517578,56.95000076293945,46554100
2026-05-29,XLE,56.68000030517578,56.790000915527344,55.9900016784668,56.290000915527344,32389600
2026-06-01,XLE,57.029998779296875,57.810001373291016,56.849998474121094,57.29999923706055,55879400
2026-06-02,XLE,57.189998626708984,58.16999816894531,57.08000183105469,57.959999084472656,23842600
2026-06-03,XLE,58.2400016784668,59.380001068115234,58.0099983215332,58.709999084472656,46312800
2026-06-04,XLE,58.5,59.029998779296875,58.16999816894531,58.75,23916300
2026-06-05,XLE,58.66999816894531,58.779998779296875,57.630001068115234,57.66999816894531,28213000
2026-06-08,XLE,58.08000183105469,58.959999084472656,57.970001220703125,58.33000183105469,25717800
2026-06-09,XLE,58.08000183105469,58.209999084472656,56.810001373291016,57.38999938964844,46026300
2026-06-10,XLE,57.939998626708984,59.040000915527344,57.779998779296875,58.25,36515300
2026-06-11,XLE,58.779998779296875,58.9900016784668,57.060001373291016,57.119998931884766,40863500
2026-06-12,XLE,56.790000915527344,58.150001525878906,56.630001068115234,57.54999923706055,31964700
2026-06-15,XLE,55.20000076293945,56.04999923706055,55.02000045776367,55.54999923706055,44319100
2026-06-16,XLE,55.0,55.47999954223633,54.95000076293945,55.36000061035156,42008400
2026-06-17,XLE,55.2599983215332,55.36000061035156,54.540000915527344,54.66999816894531,38553000
2026-06-18,XLE,54.13999938964844,54.25,53.25,53.77000045776367,39645700
2026-06-22,XLE,53.529998779296875,54.130001068115234,53.16999816894531,54.060001373291016,30765600
2026-06-23,XLE,54.13999938964844,54.560001373291016,53.869998931884766,54.459999084472656,38690400
2026-06-24,XLE,53.5,53.77000045776367,52.939998626708984,53.56999969482422,43034600
2026-06-25,XLE,53.20000076293945,54.31999969482422,53.0,54.09000015258789,28221700
2026-06-26,XLE,54.0,54.150001525878906,53.68000030517578,53.84000015258789,19025200
2026-06-29,XLE,53.97999954223633,54.279998779296875,53.470001220703125,53.58000183105469,25142300
2026-06-30,XLE,53.619998931884766,54.119998931884766,53.08000183105469,53.11000061035156,28284000
2026-07-01,XLE,53.04999923706055,53.439998626708984,52.619998931884766,52.810001373291016,33662700
2026-07-02,XLE,53.2400016784668,53.650001525878906,52.90999984741211,53.220001220703125,28525600
2026-07-06,XLE,53.060001373291016,53.54999923706055,53.0,53.130001068115234,24735300
2026-07-07,XLE,53.61000061035156,54.81999969482422,53.599998474121094,54.63999938964844,41833600
2026-07-08,XLE,55.459999084472656,56.040000915527344,54.869998931884766,55.599998474121094,39741400
2026-07-09,XLE,55.279998779296875,55.47999954223633,54.72999954223633,54.81999969482422,21770700
2026-07-10,XLE,55.08000183105469,55.2400016784668,54.36000061035156,55.08000183105469,22974700
2026-07-13,XLE,55.86000061035156,56.970001220703125,55.86000061035156,56.7400016784668,41200900
2026-07-14,XLE,57.0,57.220001220703125,56.290000915527344,56.95000076293945,32579000
2026-07-15,XLE,56.939998626708984,57.040000915527344,55.7599983215332,56.5,33184200
2026-07-16,XLE,56.65999984741211,57.29999923706055,56.599998474121094,57.02000045776367,27477000
2026-07-17,XLE,57.95000076293945,58.119998931884766,57.279998779296875,57.68000030517578,31379600
